2026-08-01 00:00:03.833 | INFO     | api:get_file:84 - Loading File 126d518f-764b-2019-40a6-645aba60ba46
2026-08-01 00:00:04.287 | INFO     | monitor:scan:273 - Reached Old Files
2026-08-01 00:00:04.288 | INFO     | monitor:scan:303 - No New Serial
2026-08-01 00:00:04.290 | INFO     | monitor:scan:325 - Nothing Changed
2026-08-01 00:00:04.291 | SUCCESS  | monitor:scan:331 - Scan Finished
2026-08-01 00:00:04.292 | INFO     | monitor:start:67 - Sleep 60 Seconds
2026-08-01 00:01:04.293 | INFO     | auth.login:ensure_login:354 - Checking Login...
2026-08-01 00:01:04.296 | SUCCESS  | auth.login:load_saved_token:192 - Saved Token Loaded
2026-08-01 00:01:04.297 | SUCCESS  | auth.login:ensure_login:362 - Using Saved Token
2026-08-01 00:01:04.297 | INFO     | monitor:scan:111 - Scanning Website...
2026-08-01 00:01:04.299 | INFO     | monitor:scan:125 - Loading Page 1
2026-08-01 00:01:04.299 | INFO     | api:get_files:60 - Loading Page 1
2026-08-01 00:01:09.424 | INFO     | api:get_file:84 - Loading File 126d518f-764b-2019-40a6-645aba60ba46
2026-08-01 00:01:09.669 | INFO     | monitor:scan:273 - Reached Old Files
2026-08-01 00:01:09.669 | INFO     | monitor:scan:303 - No New Serial
2026-08-01 00:01:09.669 | INFO     | monitor:scan:325 - Nothing Changed
2026-08-01 00:01:09.670 | SUCCESS  | monitor:scan:331 - Scan Finished
2026-08-01 00:01:09.670 | INFO     | monitor:start:67 - Sleep 60 Seconds
2026-08-01 00:02:09.671 | INFO     | auth.login:ensure_login:354 - Checking Login...
2026-08-01 00:02:09.674 | SUCCESS  | auth.login:load_saved_token:192 - Saved Token Loaded
2026-08-01 00:02:09.675 | SUCCESS  | auth.login:ensure_login:362 - Using Saved Token
2026-08-01 00:02:09.675 | INFO     | monitor:scan:111 - Scanning Website...
2026-08-01 00:02:09.676 | INFO     | monitor:scan:125 - Loading Page 1
2026-08-01 00:02:09.676 | INFO     | api:get_files:60 - Loading Page 1
2026-08-01 00:02:14.035 | INFO     | api:get_file:84 - Loading File 126d518f-764b-2019-40a6-645aba60ba46
2026-08-01 00:02:14.288 | INFO     | monitor:scan:273 - Reached Old Files
2026-08-01 00:02:14.289 | INFO     | monitor:scan:303 - No New Serial
2026-08-01 00:02:14.289 | INFO     | monitor:scan:325 - Nothing Changed
2026-08-01 00:02:14.290 | SUCCESS  | monitor:scan:331 - Scan Finished
2026-08-01 00:02:14.291 | INFO     | monitor:start:67 - Sleep 60 Seconds
2026-08-01 00:03:14.293 | INFO     | auth.login:ensure_login:354 - Checking Login...
2026-08-01 00:03:14.297 | SUCCESS  | auth.login:load_saved_token:192 - Saved Token Loaded
2026-08-01 00:03:14.299 | SUCCESS  | auth.login:ensure_login:362 - Using Saved Token
2026-08-01 00:03:14.300 | INFO     | monitor:scan:111 - Scanning Website...
2026-08-01 00:03:14.302 | INFO     | monitor:scan:125 - Loading Page 1
2026-08-01 00:03:14.303 | INFO     | api:get_files:60 - Loading Page 1
2026-08-01 00:03:16.504 | INFO     | api:get_file:84 - Loading File 126d518f-764b-2019-40a6-645aba60ba46
2026-08-01 00:03:16.863 | INFO     | monitor:scan:273 - Reached Old Files
2026-08-01 00:03:16.864 | INFO     | monitor:scan:303 - No New Serial
2026-08-01 00:03:16.864 | INFO     | monitor:scan:325 - Nothing Changed
2026-08-01 00:03:16.865 | SUCCESS  | monitor:scan:331 - Scan Finished
2026-08-01 00:03:16.866 | INFO     | monitor:start:67 - Sleep 60 Seconds
2026-08-01 00:04:16.868 | INFO     | auth.login:ensure_login:354 - Checking Login...
2026-08-01 00:04:16.871 | SUCCESS  | auth.login:load_saved_token:192 - Saved Token Loaded
2026-08-01 00:04:16.871 | SUCCESS  | auth.login:ensure_login:362 - Using Saved Token
2026-08-01 00:04:16.872 | INFO     | monitor:scan:111 - Scanning Website...
2026-08-01 00:04:16.877 | INFO     | monitor:scan:125 - Loading Page 1
2026-08-01 00:04:16.879 | INFO     | api:get_files:60 - Loading Page 1
2026-08-01 00:04:18.677 | INFO     | api:get_file:84 - Loading File 126d518f-764b-2019-40a6-645aba60ba46
2026-08-01 00:04:18.937 | INFO     | monitor:scan:273 - Reached Old Files
2026-08-01 00:04:18.938 | INFO     | monitor:scan:303 - No New Serial
2026-08-01 00:04:18.938 | INFO     | monitor:scan:325 - Nothing Changed
2026-08-01 00:04:18.939 | SUCCESS  | monitor:scan:331 - Scan Finished
2026-08-01 00:04:18.939 | INFO     | monitor:start:67 - Sleep 60 Seconds
2026-08-01 00:05:18.941 | INFO     | auth.login:ensure_login:354 - Checking Login...
2026-08-01 00:05:18.944 | SUCCESS  | auth.login:load_saved_token:192 - Saved Token Loaded
2026-08-01 00:05:18.946 | SUCCESS  | auth.login:ensure_login:362 - Using Saved Token
2026-08-01 00:05:18.947 | INFO     | monitor:scan:111 - Scanning Website...
2026-08-01 00:05:18.949 | INFO     | monitor:scan:125 - Loading Page 1
2026-08-01 00:05:18.949 | INFO     | api:get_files:60 - Loading Page 1
2026-08-01 00:05:20.653 | INFO     | api:get_file:84 - Loading File 126d518f-764b-2019-40a6-645aba60ba46
2026-08-01 00:05:20.910 | INFO     | monitor:scan:273 - Reached Old Files
2026-08-01 00:05:20.910 | INFO     | monitor:scan:303 - No New Serial
2026-08-01 00:05:20.910 | INFO     | monitor:scan:325 - Nothing Changed
2026-08-01 00:05:20.910 | SUCCESS  | monitor:scan:331 - Scan Finished
2026-08-01 00:05:20.910 | INFO     | monitor:start:67 - Sleep 60 Seconds
2026-08-01 00:06:20.911 | INFO     | auth.login:ensure_login:354 - Checking Login...
2026-08-01 00:06:20.912 | SUCCESS  | auth.login:load_saved_token:192 - Saved Token Loaded
2026-08-01 00:06:20.912 | SUCCESS  | auth.login:ensure_login:362 - Using Saved Token
2026-08-01 00:06:20.912 | INFO     | monitor:scan:111 - Scanning Website...
2026-08-01 00:06:20.913 | INFO     | monitor:scan:125 - Loading Page 1
2026-08-01 00:06:20.913 | INFO     | api:get_files:60 - Loading Page 1
2026-08-01 00:06:21.373 | WARNING  | auth.login:get:411 - Access Token Expired
2026-08-01 00:06:21.374 | INFO     | auth.login:login:262 - Logging in...
2026-08-01 00:06:21.835 | SUCCESS  | auth.login:save_token:242 - Token Saved
2026-08-01 00:06:21.836 | SUCCESS  | auth.login:login:340 - Login Successful
2026-08-01 00:06:23.149 | INFO     | api:get_file:84 - Loading File 126d518f-764b-2019-40a6-645aba60ba46
2026-08-01 00:06:23.387 | INFO     | monitor:scan:273 - Reached Old Files
2026-08-01 00:06:23.387 | INFO     | monitor:scan:303 - No New Serial
2026-08-01 00:06:23.388 | INFO     | monitor:scan:325 - Nothing Changed
2026-08-01 00:06:23.388 | SUCCESS  | monitor:scan:331 - Scan Finished
2026-08-01 00:06:23.389 | INFO     | monitor:start:67 - Sleep 60 Seconds
2026-08-01 00:07:23.390 | INFO     | auth.login:ensure_login:354 - Checking Login...
2026-08-01 00:07:23.415 | SUCCESS  | auth.login:load_saved_token:192 - Saved Token Loaded
2026-08-01 00:07:23.416 | SUCCESS  | auth.login:ensure_login:362 - Using Saved Token
2026-08-01 00:07:23.417 | INFO     | monitor:scan:111 - Scanning Website...
2026-08-01 00:07:23.419 | INFO     | monitor:scan:125 - Loading Page 1
2026-08-01 00:07:23.419 | INFO     | api:get_files:60 - Loading Page 1
2026-08-01 00:07:26.968 | INFO     | api:get_file:84 - Loading File 126d518f-764b-2019-40a6-645aba60ba46
2026-08-01 00:07:27.224 | INFO     | monitor:scan:273 - Reached Old Files
2026-08-01 00:07:27.224 | INFO     | monitor:scan:303 - No New Serial
2026-08-01 00:07:27.226 | INFO     | monitor:scan:325 - Nothing Changed
2026-08-01 00:07:27.227 | SUCCESS  | monitor:scan:331 - Scan Finished
2026-08-01 00:07:27.228 | INFO     | monitor:start:67 - Sleep 60 Seconds
2026-08-01 00:08:27.229 | INFO     | auth.login:ensure_login:354 - Checking Login...
2026-08-01 00:08:27.231 | SUCCESS  | auth.login:load_saved_token:192 - Saved Token Loaded
2026-08-01 00:08:27.231 | SUCCESS  | auth.login:ensure_login:362 - Using Saved Token
2026-08-01 00:08:27.232 | INFO     | monitor:scan:111 - Scanning Website...
2026-08-01 00:08:27.233 | INFO     | monitor:scan:125 - Loading Page 1
2026-08-01 00:08:27.234 | INFO     | api:get_files:60 - Loading Page 1
2026-08-01 00:08:29.759 | INFO     | api:get_file:84 - Loading File 126d518f-764b-2019-40a6-645aba60ba46
2026-08-01 00:08:29.998 | INFO     | monitor:scan:273 - Reached Old Files
2026-08-01 00:08:29.999 | INFO     | monitor:scan:303 - No New Serial
2026-08-01 00:08:30.000 | INFO     | monitor:scan:325 - Nothing Changed
2026-08-01 00:08:30.000 | SUCCESS  | monitor:scan:331 - Scan Finished
2026-08-01 00:08:30.000 | INFO     | monitor:start:67 - Sleep 60 Seconds
2026-08-01 00:09:30.001 | INFO     | auth.login:ensure_login:354 - Checking Login...
2026-08-01 00:09:30.002 | SUCCESS  | auth.login:load_saved_token:192 - Saved Token Loaded
2026-08-01 00:09:30.003 | SUCCESS  | auth.login:ensure_login:362 - Using Saved Token
2026-08-01 00:09:30.003 | INFO     | monitor:scan:111 - Scanning Website...
2026-08-01 00:09:30.004 | INFO     | monitor:scan:125 - Loading Page 1
2026-08-01 00:09:30.005 | INFO     | api:get_files:60 - Loading Page 1
2026-08-01 00:09:31.639 | INFO     | api:get_file:84 - Loading File 126d518f-764b-2019-40a6-645aba60ba46
2026-08-01 00:09:31.882 | INFO     | monitor:scan:273 - Reached Old Files
2026-08-01 00:09:31.883 | INFO     | monitor:scan:303 - No New Serial
2026-08-01 00:09:31.884 | INFO     | monitor:scan:325 - Nothing Changed
2026-08-01 00:09:31.884 | SUCCESS  | monitor:scan:331 - Scan Finished
2026-08-01 00:09:31.885 | INFO     | monitor:start:67 - Sleep 60 Seconds
2026-08-01 00:10:31.886 | INFO     | auth.login:ensure_login:354 - Checking Login...
2026-08-01 00:10:31.889 | SUCCESS  | auth.login:load_saved_token:192 - Saved Token Loaded
2026-08-01 00:10:31.890 | SUCCESS  | auth.login:ensure_login:362 - Using Saved Token
2026-08-01 00:10:31.890 | INFO     | monitor:scan:111 - Scanning Website...
2026-08-01 00:10:31.893 | INFO     | monitor:scan:125 - Loading Page 1
2026-08-01 00:10:31.894 | INFO     | api:get_files:60 - Loading Page 1
2026-08-01 00:10:33.696 | INFO     | api:get_file:84 - Loading File 126d518f-764b-2019-40a6-645aba60ba46
2026-08-01 00:10:33.933 | INFO     | monitor:scan:273 - Reached Old Files
2026-08-01 00:10:33.933 | INFO     | monitor:scan:303 - No New Serial
2026-08-01 00:10:33.934 | INFO     | monitor:scan:325 - Nothing Changed
2026-08-01 00:10:33.934 | SUCCESS  | monitor:scan:331 - Scan Finished
2026-08-01 00:10:33.935 | INFO     | monitor:start:67 - Sleep 60 Seconds
2026-08-01 00:11:33.935 | INFO     | auth.login:ensure_login:354 - Checking Login...
2026-08-01 00:11:33.938 | SUCCESS  | auth.login:load_saved_token:192 - Saved Token Loaded
2026-08-01 00:11:33.940 | SUCCESS  | auth.login:ensure_login:362 - Using Saved Token
2026-08-01 00:11:33.940 | INFO     | monitor:scan:111 - Scanning Website...
2026-08-01 00:11:33.945 | INFO     | monitor:scan:125 - Loading Page 1
2026-08-01 00:11:33.947 | INFO     | api:get_files:60 - Loading Page 1
2026-08-01 00:11:35.542 | INFO     | api:get_file:84 - Loading File 126d518f-764b-2019-40a6-645aba60ba46
2026-08-01 00:11:35.785 | INFO     | monitor:scan:273 - Reached Old Files
2026-08-01 00:11:35.786 | INFO     | monitor:scan:303 - No New Serial
2026-08-01 00:11:35.787 | INFO     | monitor:scan:325 - Nothing Changed
2026-08-01 00:11:35.787 | SUCCESS  | monitor:scan:331 - Scan Finished
2026-08-01 00:11:35.788 | INFO     | monitor:start:67 - Sleep 60 Seconds
2026-08-01 00:12:35.789 | INFO     | auth.login:ensure_login:354 - Checking Login...
2026-08-01 00:12:35.792 | SUCCESS  | auth.login:load_saved_token:192 - Saved Token Loaded
2026-08-01 00:12:35.793 | SUCCESS  | auth.login:ensure_login:362 - Using Saved Token
2026-08-01 00:12:35.794 | INFO     | monitor:scan:111 - Scanning Website...
2026-08-01 00:12:35.796 | INFO     | monitor:scan:125 - Loading Page 1
2026-08-01 00:12:35.796 | INFO     | api:get_files:60 - Loading Page 1
2026-08-01 00:12:37.370 | INFO     | api:get_file:84 - Loading File 126d518f-764b-2019-40a6-645aba60ba46
2026-08-01 00:12:37.602 | INFO     | monitor:scan:273 - Reached Old Files
2026-08-01 00:12:37.603 | INFO     | monitor:scan:303 - No New Serial
2026-08-01 00:12:37.603 | INFO     | monitor:scan:325 - Nothing Changed
2026-08-01 00:12:37.605 | SUCCESS  | monitor:scan:331 - Scan Finished
2026-08-01 00:12:37.609 | INFO     | monitor:start:67 - Sleep 60 Seconds
2026-08-01 00:13:37.611 | INFO     | auth.login:ensure_login:354 - Checking Login...
2026-08-01 00:13:37.612 | SUCCESS  | auth.login:load_saved_token:192 - Saved Token Loaded
2026-08-01 00:13:37.613 | SUCCESS  | auth.login:ensure_login:362 - Using Saved Token
2026-08-01 00:13:37.613 | INFO     | monitor:scan:111 - Scanning Website...
2026-08-01 00:13:37.614 | INFO     | monitor:scan:125 - Loading Page 1
2026-08-01 00:13:37.614 | INFO     | api:get_files:60 - Loading Page 1
2026-08-01 00:13:40.849 | INFO     | api:get_file:84 - Loading File 126d518f-764b-2019-40a6-645aba60ba46
2026-08-01 00:13:41.096 | INFO     | monitor:scan:273 - Reached Old Files
2026-08-01 00:13:41.097 | INFO     | monitor:scan:303 - No New Serial
2026-08-01 00:13:41.097 | INFO     | monitor:scan:325 - Nothing Changed
2026-08-01 00:13:41.097 | SUCCESS  | monitor:scan:331 - Scan Finished
2026-08-01 00:13:41.098 | INFO     | monitor:start:67 - Sleep 60 Seconds
2026-08-01 00:14:41.099 | INFO     | auth.login:ensure_login:354 - Checking Login...
2026-08-01 00:14:41.102 | SUCCESS  | auth.login:load_saved_token:192 - Saved Token Loaded
2026-08-01 00:14:41.102 | SUCCESS  | auth.login:ensure_login:362 - Using Saved Token
2026-08-01 00:14:41.104 | INFO     | monitor:scan:111 - Scanning Website...
2026-08-01 00:14:41.105 | INFO     | monitor:scan:125 - Loading Page 1
2026-08-01 00:14:41.106 | INFO     | api:get_files:60 - Loading Page 1
2026-08-01 00:14:44.506 | INFO     | api:get_file:84 - Loading File 126d518f-764b-2019-40a6-645aba60ba46
2026-08-01 00:14:44.820 | INFO     | monitor:scan:273 - Reached Old Files
2026-08-01 00:14:44.820 | INFO     | monitor:scan:303 - No New Serial
2026-08-01 00:14:44.821 | INFO     | monitor:scan:325 - Nothing Changed
2026-08-01 00:14:44.821 | SUCCESS  | monitor:scan:331 - Scan Finished
2026-08-01 00:14:44.822 | INFO     | monitor:start:67 - Sleep 60 Seconds
2026-08-01 00:15:44.823 | INFO     | auth.login:ensure_login:354 - Checking Login...
2026-08-01 00:15:44.825 | SUCCESS  | auth.login:load_saved_token:192 - Saved Token Loaded
2026-08-01 00:15:44.827 | SUCCESS  | auth.login:ensure_login:362 - Using Saved Token
2026-08-01 00:15:44.827 | INFO     | monitor:scan:111 - Scanning Website...
2026-08-01 00:15:44.829 | INFO     | monitor:scan:125 - Loading Page 1
2026-08-01 00:15:44.831 | INFO     | api:get_files:60 - Loading Page 1
2026-08-01 00:15:46.352 | INFO     | api:get_file:84 - Loading File 126d518f-764b-2019-40a6-645aba60ba46
2026-08-01 00:15:46.642 | INFO     | monitor:scan:273 - Reached Old Files
2026-08-01 00:15:46.643 | INFO     | monitor:scan:303 - No New Serial
2026-08-01 00:15:46.643 | INFO     | monitor:scan:325 - Nothing Changed
2026-08-01 00:15:46.643 | SUCCESS  | monitor:scan:331 - Scan Finished
2026-08-01 00:15:46.644 | INFO     | monitor:start:67 - Sleep 60 Seconds
2026-08-01 00:16:46.645 | INFO     | auth.login:ensure_login:354 - Checking Login...
2026-08-01 00:16:46.647 | SUCCESS  | auth.login:load_saved_token:192 - Saved Token Loaded
2026-08-01 00:16:46.648 | SUCCESS  | auth.login:ensure_login:362 - Using Saved Token
2026-08-01 00:16:46.648 | INFO     | monitor:scan:111 - Scanning Website...
2026-08-01 00:16:46.650 | INFO     | monitor:scan:125 - Loading Page 1
2026-08-01 00:16:46.651 | INFO     | api:get_files:60 - Loading Page 1
2026-08-01 00:16:47.085 | WARNING  | auth.login:get:411 - Access Token Expired
2026-08-01 00:16:47.085 | INFO     | auth.login:login:262 - Logging in...
2026-08-01 00:16:47.547 | SUCCESS  | auth.login:save_token:242 - Token Saved
2026-08-01 00:16:47.548 | SUCCESS  | auth.login:login:340 - Login Successful
2026-08-01 00:16:48.782 | INFO     | api:get_file:84 - Loading File 126d518f-764b-2019-40a6-645aba60ba46
2026-08-01 00:16:49.024 | INFO     | monitor:scan:273 - Reached Old Files
2026-08-01 00:16:49.024 | INFO     | monitor:scan:303 - No New Serial
2026-08-01 00:16:49.024 | INFO     | monitor:scan:325 - Nothing Changed
2026-08-01 00:16:49.025 | SUCCESS  | monitor:scan:331 - Scan Finished
2026-08-01 00:16:49.026 | INFO     | monitor:start:67 - Sleep 60 Seconds
2026-08-01 00:17:49.026 | INFO     | auth.login:ensure_login:354 - Checking Login...
2026-08-01 00:17:49.073 | SUCCESS  | auth.login:load_saved_token:192 - Saved Token Loaded
2026-08-01 00:17:49.075 | SUCCESS  | auth.login:ensure_login:362 - Using Saved Token
2026-08-01 00:17:49.077 | INFO     | monitor:scan:111 - Scanning Website...
2026-08-01 00:17:49.078 | INFO     | monitor:scan:125 - Loading Page 1
2026-08-01 00:17:49.078 | INFO     | api:get_files:60 - Loading Page 1
2026-08-01 00:17:50.600 | INFO     | api:get_file:84 - Loading File 126d518f-764b-2019-40a6-645aba60ba46
2026-08-01 00:17:51.043 | INFO     | monitor:scan:273 - Reached Old Files
2026-08-01 00:17:51.044 | INFO     | monitor:scan:303 - No New Serial
2026-08-01 00:17:51.044 | INFO     | monitor:scan:325 - Nothing Changed
2026-08-01 00:17:51.045 | SUCCESS  | monitor:scan:331 - Scan Finished
2026-08-01 00:17:51.046 | INFO     | monitor:start:67 - Sleep 60 Seconds
2026-08-01 00:18:51.047 | INFO     | auth.login:ensure_login:354 - Checking Login...
2026-08-01 00:18:51.050 | SUCCESS  | auth.login:load_saved_token:192 - Saved Token Loaded
2026-08-01 00:18:51.051 | SUCCESS  | auth.login:ensure_login:362 - Using Saved Token
2026-08-01 00:18:51.052 | INFO     | monitor:scan:111 - Scanning Website...
2026-08-01 00:18:51.053 | INFO     | monitor:scan:125 - Loading Page 1
2026-08-01 00:18:51.053 | INFO     | api:get_files:60 - Loading Page 1
2026-08-01 00:18:52.558 | INFO     | api:get_file:84 - Loading File 126d518f-764b-2019-40a6-645aba60ba46
2026-08-01 00:18:52.792 | INFO     | monitor:scan:273 - Reached Old Files
2026-08-01 00:18:52.793 | INFO     | monitor:scan:303 - No New Serial
2026-08-01 00:18:52.794 | INFO     | monitor:scan:325 - Nothing Changed
2026-08-01 00:18:52.794 | SUCCESS  | monitor:scan:331 - Scan Finished
2026-08-01 00:18:52.796 | INFO     | monitor:start:67 - Sleep 60 Seconds
2026-08-01 00:19:52.798 | INFO     | auth.login:ensure_login:354 - Checking Login...
2026-08-01 00:19:52.803 | SUCCESS  | auth.login:load_saved_token:192 - Saved Token Loaded
2026-08-01 00:19:52.804 | SUCCESS  | auth.login:ensure_login:362 - Using Saved Token
2026-08-01 00:19:52.805 | INFO     | monitor:scan:111 - Scanning Website...
2026-08-01 00:19:52.807 | INFO     | monitor:scan:125 - Loading Page 1
2026-08-01 00:19:52.807 | INFO     | api:get_files:60 - Loading Page 1
2026-08-01 00:19:54.326 | INFO     | api:get_file:84 - Loading File 126d518f-764b-2019-40a6-645aba60ba46
2026-08-01 00:19:54.564 | INFO     | monitor:scan:273 - Reached Old Files
2026-08-01 00:19:54.565 | INFO     | monitor:scan:303 - No New Serial
2026-08-01 00:19:54.565 | INFO     | monitor:scan:325 - Nothing Changed
2026-08-01 00:19:54.565 | SUCCESS  | monitor:scan:331 - Scan Finished
2026-08-01 00:19:54.566 | INFO     | monitor:start:67 - Sleep 60 Seconds
2026-08-01 00:20:54.567 | INFO     | auth.login:ensure_login:354 - Checking Login...
2026-08-01 00:20:54.567 | SUCCESS  | auth.login:load_saved_token:192 - Saved Token Loaded
2026-08-01 00:20:54.568 | SUCCESS  | auth.login:ensure_login:362 - Using Saved Token
2026-08-01 00:20:54.568 | INFO     | monitor:scan:111 - Scanning Website...
2026-08-01 00:20:54.568 | INFO     | monitor:scan:125 - Loading Page 1
2026-08-01 00:20:54.569 | INFO     | api:get_files:60 - Loading Page 1
2026-08-01 00:20:56.122 | INFO     | api:get_file:84 - Loading File 126d518f-764b-2019-40a6-645aba60ba46
2026-08-01 00:20:56.352 | INFO     | monitor:scan:273 - Reached Old Files
2026-08-01 00:20:56.353 | INFO     | monitor:scan:303 - No New Serial
2026-08-01 00:20:56.354 | INFO     | monitor:scan:325 - Nothing Changed
2026-08-01 00:20:56.354 | SUCCESS  | monitor:scan:331 - Scan Finished
2026-08-01 00:20:56.355 | INFO     | monitor:start:67 - Sleep 60 Seconds
2026-08-01 00:21:56.356 | INFO     | auth.login:ensure_login:354 - Checking Login...
2026-08-01 00:21:56.358 | SUCCESS  | auth.login:load_saved_token:192 - Saved Token Loaded
2026-08-01 00:21:56.359 | SUCCESS  | auth.login:ensure_login:362 - Using Saved Token
2026-08-01 00:21:56.359 | INFO     | monitor:scan:111 - Scanning Website...
2026-08-01 00:21:56.361 | INFO     | monitor:scan:125 - Loading Page 1
2026-08-01 00:21:56.361 | INFO     | api:get_files:60 - Loading Page 1
2026-08-01 00:21:57.977 | INFO     | api:get_file:84 - Loading File 126d518f-764b-2019-40a6-645aba60ba46
2026-08-01 00:21:58.213 | INFO     | monitor:scan:273 - Reached Old Files
2026-08-01 00:21:58.213 | INFO     | monitor:scan:303 - No New Serial
2026-08-01 00:21:58.213 | INFO     | monitor:scan:325 - Nothing Changed
2026-08-01 00:21:58.215 | SUCCESS  | monitor:scan:331 - Scan Finished
2026-08-01 00:21:58.216 | INFO     | monitor:start:67 - Sleep 60 Seconds
2026-08-01 00:22:58.217 | INFO     | auth.login:ensure_login:354 - Checking Login...
2026-08-01 00:22:58.219 | SUCCESS  | auth.login:load_saved_token:192 - Saved Token Loaded
2026-08-01 00:22:58.220 | SUCCESS  | auth.login:ensure_login:362 - Using Saved Token
2026-08-01 00:22:58.221 | INFO     | monitor:scan:111 - Scanning Website...
2026-08-01 00:22:58.223 | INFO     | monitor:scan:125 - Loading Page 1
2026-08-01 00:22:58.223 | INFO     | api:get_files:60 - Loading Page 1
2026-08-01 00:22:59.810 | INFO     | api:get_file:84 - Loading File 126d518f-764b-2019-40a6-645aba60ba46
2026-08-01 00:23:00.050 | INFO     | monitor:scan:273 - Reached Old Files
2026-08-01 00:23:00.050 | INFO     | monitor:scan:303 - No New Serial
2026-08-01 00:23:00.051 | INFO     | monitor:scan:325 - Nothing Changed
2026-08-01 00:23:00.051 | SUCCESS  | monitor:scan:331 - Scan Finished
2026-08-01 00:23:00.051 | INFO     | monitor:start:67 - Sleep 60 Seconds
2026-08-01 00:24:00.052 | INFO     | auth.login:ensure_login:354 - Checking Login...
2026-08-01 00:24:00.053 | SUCCESS  | auth.login:load_saved_token:192 - Saved Token Loaded
2026-08-01 00:24:00.053 | SUCCESS  | auth.login:ensure_login:362 - Using Saved Token
2026-08-01 00:24:00.053 | INFO     | monitor:scan:111 - Scanning Website...
2026-08-01 00:24:00.054 | INFO     | monitor:scan:125 - Loading Page 1
2026-08-01 00:24:00.055 | INFO     | api:get_files:60 - Loading Page 1
2026-08-01 00:24:01.625 | INFO     | api:get_file:84 - Loading File 126d518f-764b-2019-40a6-645aba60ba46
2026-08-01 00:24:01.860 | INFO     | monitor:scan:273 - Reached Old Files
2026-08-01 00:24:01.861 | INFO     | monitor:scan:303 - No New Serial
2026-08-01 00:24:01.862 | INFO     | monitor:scan:325 - Nothing Changed
2026-08-01 00:24:01.863 | SUCCESS  | monitor:scan:331 - Scan Finished
2026-08-01 00:24:01.864 | INFO     | monitor:start:67 - Sleep 60 Seconds
2026-08-01 00:25:01.864 | INFO     | auth.login:ensure_login:354 - Checking Login...
2026-08-01 00:25:01.865 | SUCCESS  | auth.login:load_saved_token:192 - Saved Token Loaded
2026-08-01 00:25:01.865 | SUCCESS  | auth.login:ensure_login:362 - Using Saved Token
2026-08-01 00:25:01.865 | INFO     | monitor:scan:111 - Scanning Website...
2026-08-01 00:25:01.866 | INFO     | monitor:scan:125 - Loading Page 1
2026-08-01 00:25:01.866 | INFO     | api:get_files:60 - Loading Page 1
2026-08-01 00:25:05.185 | INFO     | api:get_file:84 - Loading File 126d518f-764b-2019-40a6-645aba60ba46
2026-08-01 00:25:05.417 | INFO     | monitor:scan:273 - Reached Old Files
2026-08-01 00:25:05.419 | INFO     | monitor:scan:303 - No New Serial
2026-08-01 00:25:05.419 | INFO     | monitor:scan:325 - Nothing Changed
2026-08-01 00:25:05.419 | SUCCESS  | monitor:scan:331 - Scan Finished
2026-08-01 00:25:05.420 | INFO     | monitor:start:67 - Sleep 60 Seconds
2026-08-01 00:26:05.421 | INFO     | auth.login:ensure_login:354 - Checking Login...
2026-08-01 00:26:05.425 | SUCCESS  | auth.login:load_saved_token:192 - Saved Token Loaded
2026-08-01 00:26:05.428 | SUCCESS  | auth.login:ensure_login:362 - Using Saved Token
2026-08-01 00:26:05.429 | INFO     | monitor:scan:111 - Scanning Website...
2026-08-01 00:26:05.430 | INFO     | monitor:scan:125 - Loading Page 1
2026-08-01 00:26:05.431 | INFO     | api:get_files:60 - Loading Page 1
2026-08-01 00:26:07.157 | INFO     | api:get_file:84 - Loading File 126d518f-764b-2019-40a6-645aba60ba46
2026-08-01 00:26:07.387 | INFO     | monitor:scan:273 - Reached Old Files
2026-08-01 00:26:07.388 | INFO     | monitor:scan:303 - No New Serial
2026-08-01 00:26:07.388 | INFO     | monitor:scan:325 - Nothing Changed
2026-08-01 00:26:07.388 | SUCCESS  | monitor:scan:331 - Scan Finished
2026-08-01 00:26:07.389 | INFO     | monitor:start:67 - Sleep 60 Seconds
2026-08-01 00:27:07.390 | INFO     | auth.login:ensure_login:354 - Checking Login...
2026-08-01 00:27:07.392 | SUCCESS  | auth.login:load_saved_token:192 - Saved Token Loaded
2026-08-01 00:27:07.393 | SUCCESS  | auth.login:ensure_login:362 - Using Saved Token
2026-08-01 00:27:07.393 | INFO     | monitor:scan:111 - Scanning Website...
2026-08-01 00:27:07.394 | INFO     | monitor:scan:125 - Loading Page 1
2026-08-01 00:27:07.394 | INFO     | api:get_files:60 - Loading Page 1
2026-08-01 00:27:07.828 | WARNING  | auth.login:get:411 - Access Token Expired
2026-08-01 00:27:07.829 | INFO     | auth.login:login:262 - Logging in...
2026-08-01 00:27:08.294 | SUCCESS  | auth.login:save_token:242 - Token Saved
2026-08-01 00:27:08.295 | SUCCESS  | auth.login:login:340 - Login Successful
2026-08-01 00:27:10.128 | INFO     | api:get_file:84 - Loading File 126d518f-764b-2019-40a6-645aba60ba46
2026-08-01 00:27:10.370 | INFO     | monitor:scan:273 - Reached Old Files
2026-08-01 00:27:10.371 | INFO     | monitor:scan:303 - No New Serial
2026-08-01 00:27:10.371 | INFO     | monitor:scan:325 - Nothing Changed
2026-08-01 00:27:10.372 | SUCCESS  | monitor:scan:331 - Scan Finished
2026-08-01 00:27:10.372 | INFO     | monitor:start:67 - Sleep 60 Seconds
2026-08-01 00:28:10.373 | INFO     | auth.login:ensure_login:354 - Checking Login...
2026-08-01 00:28:10.392 | SUCCESS  | auth.login:load_saved_token:192 - Saved Token Loaded
2026-08-01 00:28:10.392 | SUCCESS  | auth.login:ensure_login:362 - Using Saved Token
2026-08-01 00:28:10.392 | INFO     | monitor:scan:111 - Scanning Website...
2026-08-01 00:28:10.393 | INFO     | monitor:scan:125 - Loading Page 1
2026-08-01 00:28:10.393 | INFO     | api:get_files:60 - Loading Page 1
2026-08-01 00:28:11.918 | INFO     | api:get_file:84 - Loading File 126d518f-764b-2019-40a6-645aba60ba46
2026-08-01 00:28:12.155 | INFO     | monitor:scan:273 - Reached Old Files
2026-08-01 00:28:12.156 | INFO     | monitor:scan:303 - No New Serial
2026-08-01 00:28:12.156 | INFO     | monitor:scan:325 - Nothing Changed
2026-08-01 00:28:12.157 | SUCCESS  | monitor:scan:331 - Scan Finished
2026-08-01 00:28:12.159 | INFO     | monitor:start:67 - Sleep 60 Seconds
2026-08-01 00:29:12.160 | INFO     | auth.login:ensure_login:354 - Checking Login...
2026-08-01 00:29:12.160 | SUCCESS  | auth.login:load_saved_token:192 - Saved Token Loaded
2026-08-01 00:29:12.160 | SUCCESS  | auth.login:ensure_login:362 - Using Saved Token
2026-08-01 00:29:12.161 | INFO     | monitor:scan:111 - Scanning Website...
2026-08-01 00:29:12.161 | INFO     | monitor:scan:125 - Loading Page 1
2026-08-01 00:29:12.161 | INFO     | api:get_files:60 - Loading Page 1
2026-08-01 00:29:13.665 | INFO     | api:get_file:84 - Loading File 126d518f-764b-2019-40a6-645aba60ba46
2026-08-01 00:29:13.900 | INFO     | monitor:scan:273 - Reached Old Files
2026-08-01 00:29:13.900 | INFO     | monitor:scan:303 - No New Serial
2026-08-01 00:29:13.900 | INFO     | monitor:scan:325 - Nothing Changed
2026-08-01 00:29:13.901 | SUCCESS  | monitor:scan:331 - Scan Finished
2026-08-01 00:29:13.901 | INFO     | monitor:start:67 - Sleep 60 Seconds
2026-08-01 00:30:13.901 | INFO     | auth.login:ensure_login:354 - Checking Login...
2026-08-01 00:30:13.904 | SUCCESS  | auth.login:load_saved_token:192 - Saved Token Loaded
2026-08-01 00:30:13.905 | SUCCESS  | auth.login:ensure_login:362 - Using Saved Token
2026-08-01 00:30:13.906 | INFO     | monitor:scan:111 - Scanning Website...
2026-08-01 00:30:13.907 | INFO     | monitor:scan:125 - Loading Page 1
2026-08-01 00:30:13.908 | INFO     | api:get_files:60 - Loading Page 1
2026-08-01 00:30:15.506 | INFO     | api:get_file:84 - Loading File 126d518f-764b-2019-40a6-645aba60ba46
2026-08-01 00:30:15.729 | INFO     | monitor:scan:273 - Reached Old Files
2026-08-01 00:30:15.730 | INFO     | monitor:scan:303 - No New Serial
2026-08-01 00:30:15.730 | INFO     | monitor:scan:325 - Nothing Changed
2026-08-01 00:30:15.731 | SUCCESS  | monitor:scan:331 - Scan Finished
2026-08-01 00:30:15.733 | INFO     | monitor:start:67 - Sleep 60 Seconds
2026-08-01 00:31:15.735 | INFO     | auth.login:ensure_login:354 - Checking Login...
2026-08-01 00:31:15.738 | SUCCESS  | auth.login:load_saved_token:192 - Saved Token Loaded
2026-08-01 00:31:15.739 | SUCCESS  | auth.login:ensure_login:362 - Using Saved Token
2026-08-01 00:31:15.739 | INFO     | monitor:scan:111 - Scanning Website...
2026-08-01 00:31:15.741 | INFO     | monitor:scan:125 - Loading Page 1
2026-08-01 00:31:15.741 | INFO     | api:get_files:60 - Loading Page 1
2026-08-01 00:31:17.221 | INFO     | api:get_file:84 - Loading File 126d518f-764b-2019-40a6-645aba60ba46
2026-08-01 00:31:17.443 | INFO     | monitor:scan:273 - Reached Old Files
2026-08-01 00:31:17.444 | INFO     | monitor:scan:303 - No New Serial
2026-08-01 00:31:17.444 | INFO     | monitor:scan:325 - Nothing Changed
2026-08-01 00:31:17.444 | SUCCESS  | monitor:scan:331 - Scan Finished
2026-08-01 00:31:17.445 | INFO     | monitor:start:67 - Sleep 60 Seconds
2026-08-01 00:32:17.446 | INFO     | auth.login:ensure_login:354 - Checking Login...
2026-08-01 00:32:17.446 | SUCCESS  | auth.login:load_saved_token:192 - Saved Token Loaded
2026-08-01 00:32:17.447 | SUCCESS  | auth.login:ensure_login:362 - Using Saved Token
2026-08-01 00:32:17.447 | INFO     | monitor:scan:111 - Scanning Website...
2026-08-01 00:32:17.447 | INFO     | monitor:scan:125 - Loading Page 1
2026-08-01 00:32:17.448 | INFO     | api:get_files:60 - Loading Page 1
2026-08-01 00:32:19.119 | INFO     | api:get_file:84 - Loading File 126d518f-764b-2019-40a6-645aba60ba46
2026-08-01 00:32:19.349 | INFO     | monitor:scan:273 - Reached Old Files
2026-08-01 00:32:19.350 | INFO     | monitor:scan:303 - No New Serial
2026-08-01 00:32:19.350 | INFO     | monitor:scan:325 - Nothing Changed
2026-08-01 00:32:19.350 | SUCCESS  | monitor:scan:331 - Scan Finished
2026-08-01 00:32:19.351 | INFO     | monitor:start:67 - Sleep 60 Seconds
2026-08-01 00:33:19.352 | INFO     | auth.login:ensure_login:354 - Checking Login...
2026-08-01 00:33:19.354 | SUCCESS  | auth.login:load_saved_token:192 - Saved Token Loaded
2026-08-01 00:33:19.355 | SUCCESS  | auth.login:ensure_login:362 - Using Saved Token
2026-08-01 00:33:19.356 | INFO     | monitor:scan:111 - Scanning Website...
2026-08-01 00:33:19.358 | INFO     | monitor:scan:125 - Loading Page 1
2026-08-01 00:33:19.359 | INFO     | api:get_files:60 - Loading Page 1
2026-08-01 00:33:20.921 | INFO     | api:get_file:84 - Loading File 126d518f-764b-2019-40a6-645aba60ba46
2026-08-01 00:33:21.153 | INFO     | monitor:scan:273 - Reached Old Files
2026-08-01 00:33:21.154 | INFO     | monitor:scan:303 - No New Serial
2026-08-01 00:33:21.155 | INFO     | monitor:scan:325 - Nothing Changed
2026-08-01 00:33:21.155 | SUCCESS  | monitor:scan:331 - Scan Finished
2026-08-01 00:33:21.157 | INFO     | monitor:start:67 - Sleep 60 Seconds
2026-08-01 00:34:21.158 | INFO     | auth.login:ensure_login:354 - Checking Login...
2026-08-01 00:34:21.161 | SUCCESS  | auth.login:load_saved_token:192 - Saved Token Loaded
2026-08-01 00:34:21.162 | SUCCESS  | auth.login:ensure_login:362 - Using Saved Token
2026-08-01 00:34:21.163 | INFO     | monitor:scan:111 - Scanning Website...
2026-08-01 00:34:21.169 | INFO     | monitor:scan:125 - Loading Page 1
2026-08-01 00:34:21.171 | INFO     | api:get_files:60 - Loading Page 1
2026-08-01 00:34:22.655 | INFO     | api:get_file:84 - Loading File 126d518f-764b-2019-40a6-645aba60ba46
2026-08-01 00:34:22.883 | INFO     | monitor:scan:273 - Reached Old Files
2026-08-01 00:34:22.884 | INFO     | monitor:scan:303 - No New Serial
2026-08-01 00:34:22.884 | INFO     | monitor:scan:325 - Nothing Changed
2026-08-01 00:34:22.884 | SUCCESS  | monitor:scan:331 - Scan Finished
2026-08-01 00:34:22.885 | INFO     | monitor:start:67 - Sleep 60 Seconds
2026-08-01 00:35:22.887 | INFO     | auth.login:ensure_login:354 - Checking Login...
2026-08-01 00:35:22.890 | SUCCESS  | auth.login:load_saved_token:192 - Saved Token Loaded
2026-08-01 00:35:22.891 | SUCCESS  | auth.login:ensure_login:362 - Using Saved Token
2026-08-01 00:35:22.892 | INFO     | monitor:scan:111 - Scanning Website...
2026-08-01 00:35:22.894 | INFO     | monitor:scan:125 - Loading Page 1
2026-08-01 00:35:22.895 | INFO     | api:get_files:60 - Loading Page 1
2026-08-01 00:35:24.396 | INFO     | api:get_file:84 - Loading File 126d518f-764b-2019-40a6-645aba60ba46
2026-08-01 00:35:24.622 | INFO     | monitor:scan:273 - Reached Old Files
2026-08-01 00:35:24.623 | INFO     | monitor:scan:303 - No New Serial
2026-08-01 00:35:24.623 | INFO     | monitor:scan:325 - Nothing Changed
2026-08-01 00:35:24.623 | SUCCESS  | monitor:scan:331 - Scan Finished
2026-08-01 00:35:24.623 | INFO     | monitor:start:67 - Sleep 60 Seconds
2026-08-01 00:36:24.624 | INFO     | auth.login:ensure_login:354 - Checking Login...
2026-08-01 00:36:24.624 | SUCCESS  | auth.login:load_saved_token:192 - Saved Token Loaded
2026-08-01 00:36:24.624 | SUCCESS  | auth.login:ensure_login:362 - Using Saved Token
2026-08-01 00:36:24.625 | INFO     | monitor:scan:111 - Scanning Website...
2026-08-01 00:36:24.625 | INFO     | monitor:scan:125 - Loading Page 1
2026-08-01 00:36:24.625 | INFO     | api:get_files:60 - Loading Page 1
2026-08-01 00:36:26.327 | INFO     | api:get_file:84 - Loading File 126d518f-764b-2019-40a6-645aba60ba46
2026-08-01 00:36:26.556 | INFO     | monitor:scan:273 - Reached Old Files
2026-08-01 00:36:26.557 | INFO     | monitor:scan:303 - No New Serial
2026-08-01 00:36:26.557 | INFO     | monitor:scan:325 - Nothing Changed
2026-08-01 00:36:26.557 | SUCCESS  | monitor:scan:331 - Scan Finished
2026-08-01 00:36:26.558 | INFO     | monitor:start:67 - Sleep 60 Seconds
2026-08-01 00:37:26.559 | INFO     | auth.login:ensure_login:354 - Checking Login...
2026-08-01 00:37:26.562 | SUCCESS  | auth.login:load_saved_token:192 - Saved Token Loaded
2026-08-01 00:37:26.563 | SUCCESS  | auth.login:ensure_login:362 - Using Saved Token
2026-08-01 00:37:26.564 | INFO     | monitor:scan:111 - Scanning Website...
2026-08-01 00:37:26.565 | INFO     | monitor:scan:125 - Loading Page 1
2026-08-01 00:37:26.566 | INFO     | api:get_files:60 - Loading Page 1
2026-08-01 00:37:27.013 | WARNING  | auth.login:get:411 - Access Token Expired
2026-08-01 00:37:27.014 | INFO     | auth.login:login:262 - Logging in...
2026-08-01 00:37:27.509 | SUCCESS  | auth.login:save_token:242 - Token Saved
2026-08-01 00:37:27.510 | SUCCESS  | auth.login:login:340 - Login Successful
2026-08-01 00:37:28.642 | INFO     | api:get_file:84 - Loading File 126d518f-764b-2019-40a6-645aba60ba46
2026-08-01 00:37:28.868 | INFO     | monitor:scan:273 - Reached Old Files
2026-08-01 00:37:28.869 | INFO     | monitor:scan:303 - No New Serial
2026-08-01 00:37:28.869 | INFO     | monitor:scan:325 - Nothing Changed
2026-08-01 00:37:28.870 | SUCCESS  | monitor:scan:331 - Scan Finished
2026-08-01 00:37:28.871 | INFO     | monitor:start:67 - Sleep 60 Seconds
2026-08-01 00:38:28.872 | INFO     | auth.login:ensure_login:354 - Checking Login...
2026-08-01 00:38:28.885 | SUCCESS  | auth.login:load_saved_token:192 - Saved Token Loaded
2026-08-01 00:38:28.885 | SUCCESS  | auth.login:ensure_login:362 - Using Saved Token
2026-08-01 00:38:28.885 | INFO     | monitor:scan:111 - Scanning Website...
2026-08-01 00:38:28.886 | INFO     | monitor:scan:125 - Loading Page 1
2026-08-01 00:38:28.886 | INFO     | api:get_files:60 - Loading Page 1
2026-08-01 00:38:30.361 | INFO     | api:get_file:84 - Loading File 126d518f-764b-2019-40a6-645aba60ba46
2026-08-01 00:38:30.580 | INFO     | monitor:scan:273 - Reached Old Files
2026-08-01 00:38:30.581 | INFO     | monitor:scan:303 - No New Serial
2026-08-01 00:38:30.582 | INFO     | monitor:scan:325 - Nothing Changed
2026-08-01 00:38:30.582 | SUCCESS  | monitor:scan:331 - Scan Finished
2026-08-01 00:38:30.583 | INFO     | monitor:start:67 - Sleep 60 Seconds
2026-08-01 00:39:30.585 | INFO     | auth.login:ensure_login:354 - Checking Login...
2026-08-01 00:39:30.587 | SUCCESS  | auth.login:load_saved_token:192 - Saved Token Loaded
2026-08-01 00:39:30.588 | SUCCESS  | auth.login:ensure_login:362 - Using Saved Token
2026-08-01 00:39:30.588 | INFO     | monitor:scan:111 - Scanning Website...
2026-08-01 00:39:30.590 | INFO     | monitor:scan:125 - Loading Page 1
2026-08-01 00:39:30.590 | INFO     | api:get_files:60 - Loading Page 1
2026-08-01 00:39:32.344 | INFO     | api:get_file:84 - Loading File 126d518f-764b-2019-40a6-645aba60ba46
2026-08-01 00:39:32.572 | INFO     | monitor:scan:273 - Reached Old Files
2026-08-01 00:39:32.573 | INFO     | monitor:scan:303 - No New Serial
2026-08-01 00:39:32.574 | INFO     | monitor:scan:325 - Nothing Changed
2026-08-01 00:39:32.574 | SUCCESS  | monitor:scan:331 - Scan Finished
2026-08-01 00:39:32.576 | INFO     | monitor:start:67 - Sleep 60 Seconds
2026-08-01 00:40:32.577 | INFO     | auth.login:ensure_login:354 - Checking Login...
2026-08-01 00:40:32.579 | SUCCESS  | auth.login:load_saved_token:192 - Saved Token Loaded
2026-08-01 00:40:32.580 | SUCCESS  | auth.login:ensure_login:362 - Using Saved Token
2026-08-01 00:40:32.580 | INFO     | monitor:scan:111 - Scanning Website...
2026-08-01 00:40:32.582 | INFO     | monitor:scan:125 - Loading Page 1
2026-08-01 00:40:32.583 | INFO     | api:get_files:60 - Loading Page 1
2026-08-01 00:40:35.558 | INFO     | api:get_file:84 - Loading File 126d518f-764b-2019-40a6-645aba60ba46
2026-08-01 00:40:35.789 | INFO     | monitor:scan:273 - Reached Old Files
2026-08-01 00:40:35.789 | INFO     | monitor:scan:303 - No New Serial
2026-08-01 00:40:35.790 | INFO     | monitor:scan:325 - Nothing Changed
2026-08-01 00:40:35.790 | SUCCESS  | monitor:scan:331 - Scan Finished
2026-08-01 00:40:35.791 | INFO     | monitor:start:67 - Sleep 60 Seconds
2026-08-01 00:41:35.792 | INFO     | auth.login:ensure_login:354 - Checking Login...
2026-08-01 00:41:35.793 | SUCCESS  | auth.login:load_saved_token:192 - Saved Token Loaded
2026-08-01 00:41:35.793 | SUCCESS  | auth.login:ensure_login:362 - Using Saved Token
2026-08-01 00:41:35.793 | INFO     | monitor:scan:111 - Scanning Website...
2026-08-01 00:41:35.794 | INFO     | monitor:scan:125 - Loading Page 1
2026-08-01 00:41:35.795 | INFO     | api:get_files:60 - Loading Page 1
2026-08-01 00:41:37.302 | INFO     | api:get_file:84 - Loading File 126d518f-764b-2019-40a6-645aba60ba46
2026-08-01 00:41:37.535 | INFO     | monitor:scan:273 - Reached Old Files
2026-08-01 00:41:37.536 | INFO     | monitor:scan:303 - No New Serial
2026-08-01 00:41:37.537 | INFO     | monitor:scan:325 - Nothing Changed
2026-08-01 00:41:37.537 | SUCCESS  | monitor:scan:331 - Scan Finished
2026-08-01 00:41:37.539 | INFO     | monitor:start:67 - Sleep 60 Seconds
2026-08-01 00:42:37.540 | INFO     | auth.login:ensure_login:354 - Checking Login...
2026-08-01 00:42:37.544 | SUCCESS  | auth.login:load_saved_token:192 - Saved Token Loaded
2026-08-01 00:42:37.545 | SUCCESS  | auth.login:ensure_login:362 - Using Saved Token
2026-08-01 00:42:37.545 | INFO     | monitor:scan:111 - Scanning Website...
2026-08-01 00:42:37.548 | INFO     | monitor:scan:125 - Loading Page 1
2026-08-01 00:42:37.549 | INFO     | api:get_files:60 - Loading Page 1
2026-08-01 00:42:39.034 | INFO     | api:get_file:84 - Loading File 126d518f-764b-2019-40a6-645aba60ba46
2026-08-01 00:42:39.258 | INFO     | monitor:scan:273 - Reached Old Files
2026-08-01 00:42:39.259 | INFO     | monitor:scan:303 - No New Serial
2026-08-01 00:42:39.260 | INFO     | monitor:scan:325 - Nothing Changed
2026-08-01 00:42:39.261 | SUCCESS  | monitor:scan:331 - Scan Finished
2026-08-01 00:42:39.262 | INFO     | monitor:start:67 - Sleep 60 Seconds
2026-08-01 00:43:39.263 | INFO     | auth.login:ensure_login:354 - Checking Login...
2026-08-01 00:43:39.266 | SUCCESS  | auth.login:load_saved_token:192 - Saved Token Loaded
2026-08-01 00:43:39.267 | SUCCESS  | auth.login:ensure_login:362 - Using Saved Token
2026-08-01 00:43:39.268 | INFO     | monitor:scan:111 - Scanning Website...
2026-08-01 00:43:39.272 | INFO     | monitor:scan:125 - Loading Page 1
2026-08-01 00:43:39.273 | INFO     | api:get_files:60 - Loading Page 1
2026-08-01 00:43:40.740 | INFO     | api:get_file:84 - Loading File 126d518f-764b-2019-40a6-645aba60ba46
2026-08-01 00:43:40.965 | INFO     | monitor:scan:273 - Reached Old Files
2026-08-01 00:43:40.968 | INFO     | monitor:scan:303 - No New Serial
2026-08-01 00:43:40.968 | INFO     | monitor:scan:325 - Nothing Changed
2026-08-01 00:43:40.969 | SUCCESS  | monitor:scan:331 - Scan Finished
2026-08-01 00:43:40.969 | INFO     | monitor:start:67 - Sleep 60 Seconds
2026-08-01 00:44:40.971 | INFO     | auth.login:ensure_login:354 - Checking Login...
2026-08-01 00:44:40.975 | SUCCESS  | auth.login:load_saved_token:192 - Saved Token Loaded
2026-08-01 00:44:40.976 | SUCCESS  | auth.login:ensure_login:362 - Using Saved Token
2026-08-01 00:44:40.978 | INFO     | monitor:scan:111 - Scanning Website...
2026-08-01 00:44:40.981 | INFO     | monitor:scan:125 - Loading Page 1
2026-08-01 00:44:40.981 | INFO     | api:get_files:60 - Loading Page 1
2026-08-01 00:44:42.448 | INFO     | api:get_file:84 - Loading File 126d518f-764b-2019-40a6-645aba60ba46
2026-08-01 00:44:42.678 | INFO     | monitor:scan:273 - Reached Old Files
2026-08-01 00:44:42.679 | INFO     | monitor:scan:303 - No New Serial
2026-08-01 00:44:42.680 | INFO     | monitor:scan:325 - Nothing Changed
2026-08-01 00:44:42.680 | SUCCESS  | monitor:scan:331 - Scan Finished
2026-08-01 00:44:42.681 | INFO     | monitor:start:67 - Sleep 60 Seconds
2026-08-01 00:45:42.682 | INFO     | auth.login:ensure_login:354 - Checking Login...
2026-08-01 00:45:42.684 | SUCCESS  | auth.login:load_saved_token:192 - Saved Token Loaded
2026-08-01 00:45:42.685 | SUCCESS  | auth.login:ensure_login:362 - Using Saved Token
2026-08-01 00:45:42.687 | INFO     | monitor:scan:111 - Scanning Website...
2026-08-01 00:45:42.688 | INFO     | monitor:scan:125 - Loading Page 1
2026-08-01 00:45:42.689 | INFO     | api:get_files:60 - Loading Page 1
2026-08-01 00:45:44.272 | INFO     | api:get_file:84 - Loading File 126d518f-764b-2019-40a6-645aba60ba46
2026-08-01 00:45:44.505 | INFO     | monitor:scan:273 - Reached Old Files
2026-08-01 00:45:44.506 | INFO     | monitor:scan:303 - No New Serial
2026-08-01 00:45:44.506 | INFO     | monitor:scan:325 - Nothing Changed
2026-08-01 00:45:44.506 | SUCCESS  | monitor:scan:331 - Scan Finished
2026-08-01 00:45:44.507 | INFO     | monitor:start:67 - Sleep 60 Seconds
2026-08-01 00:46:44.508 | INFO     | auth.login:ensure_login:354 - Checking Login...
2026-08-01 00:46:44.509 | SUCCESS  | auth.login:load_saved_token:192 - Saved Token Loaded
2026-08-01 00:46:44.509 | SUCCESS  | auth.login:ensure_login:362 - Using Saved Token
2026-08-01 00:46:44.510 | INFO     | monitor:scan:111 - Scanning Website...
2026-08-01 00:46:44.511 | INFO     | monitor:scan:125 - Loading Page 1
2026-08-01 00:46:44.513 | INFO     | api:get_files:60 - Loading Page 1
2026-08-01 00:46:45.996 | INFO     | api:get_file:84 - Loading File 126d518f-764b-2019-40a6-645aba60ba46
2026-08-01 00:46:46.217 | INFO     | monitor:scan:273 - Reached Old Files
2026-08-01 00:46:46.217 | INFO     | monitor:scan:303 - No New Serial
2026-08-01 00:46:46.217 | INFO     | monitor:scan:325 - Nothing Changed
2026-08-01 00:46:46.217 | SUCCESS  | monitor:scan:331 - Scan Finished
2026-08-01 00:46:46.217 | INFO     | monitor:start:67 - Sleep 60 Seconds
2026-08-01 00:47:46.218 | INFO     | auth.login:ensure_login:354 - Checking Login...
2026-08-01 00:47:46.222 | SUCCESS  | auth.login:load_saved_token:192 - Saved Token Loaded
2026-08-01 00:47:46.224 | SUCCESS  | auth.login:ensure_login:362 - Using Saved Token
2026-08-01 00:47:46.227 | INFO     | monitor:scan:111 - Scanning Website...
2026-08-01 00:47:46.227 | INFO     | monitor:scan:125 - Loading Page 1
2026-08-01 00:47:46.227 | INFO     | api:get_files:60 - Loading Page 1
2026-08-01 00:47:46.590 | WARNING  | auth.login:get:411 - Access Token Expired
2026-08-01 00:47:46.591 | INFO     | auth.login:login:262 - Logging in...
2026-08-01 00:47:47.034 | SUCCESS  | auth.login:save_token:242 - Token Saved
2026-08-01 00:47:47.035 | SUCCESS  | auth.login:login:340 - Login Successful
2026-08-01 00:47:48.213 | INFO     | api:get_file:84 - Loading File 126d518f-764b-2019-40a6-645aba60ba46
2026-08-01 00:47:48.428 | INFO     | monitor:scan:273 - Reached Old Files
2026-08-01 00:47:48.429 | INFO     | monitor:scan:303 - No New Serial
2026-08-01 00:47:48.430 | INFO     | monitor:scan:325 - Nothing Changed
2026-08-01 00:47:48.430 | SUCCESS  | monitor:scan:331 - Scan Finished
2026-08-01 00:47:48.431 | INFO     | monitor:start:67 - Sleep 60 Seconds
2026-08-01 00:48:48.432 | INFO     | auth.login:ensure_login:354 - Checking Login...
2026-08-01 00:48:48.457 | SUCCESS  | auth.login:load_saved_token:192 - Saved Token Loaded
2026-08-01 00:48:48.457 | SUCCESS  | auth.login:ensure_login:362 - Using Saved Token
2026-08-01 00:48:48.457 | INFO     | monitor:scan:111 - Scanning Website...
2026-08-01 00:48:48.459 | INFO     | monitor:scan:125 - Loading Page 1
2026-08-01 00:48:48.460 | INFO     | api:get_files:60 - Loading Page 1
2026-08-01 00:48:50.683 | INFO     | api:get_file:84 - Loading File 126d518f-764b-2019-40a6-645aba60ba46
2026-08-01 00:48:50.921 | INFO     | monitor:scan:273 - Reached Old Files
2026-08-01 00:48:50.921 | INFO     | monitor:scan:303 - No New Serial
2026-08-01 00:48:50.922 | INFO     | monitor:scan:325 - Nothing Changed
2026-08-01 00:48:50.922 | SUCCESS  | monitor:scan:331 - Scan Finished
2026-08-01 00:48:50.922 | INFO     | monitor:start:67 - Sleep 60 Seconds
2026-08-01 00:49:50.923 | INFO     | auth.login:ensure_login:354 - Checking Login...
2026-08-01 00:49:50.924 | SUCCESS  | auth.login:load_saved_token:192 - Saved Token Loaded
2026-08-01 00:49:50.924 | SUCCESS  | auth.login:ensure_login:362 - Using Saved Token
2026-08-01 00:49:50.925 | INFO     | monitor:scan:111 - Scanning Website...
2026-08-01 00:49:50.926 | INFO     | monitor:scan:125 - Loading Page 1
2026-08-01 00:49:50.927 | INFO     | api:get_files:60 - Loading Page 1
2026-08-01 00:49:53.713 | INFO     | api:get_file:84 - Loading File 126d518f-764b-2019-40a6-645aba60ba46
2026-08-01 00:49:53.941 | INFO     | monitor:scan:273 - Reached Old Files
2026-08-01 00:49:53.942 | INFO     | monitor:scan:303 - No New Serial
2026-08-01 00:49:53.942 | INFO     | monitor:scan:325 - Nothing Changed
2026-08-01 00:49:53.943 | SUCCESS  | monitor:scan:331 - Scan Finished
2026-08-01 00:49:53.944 | INFO     | monitor:start:67 - Sleep 60 Seconds
2026-08-01 00:50:53.945 | INFO     | auth.login:ensure_login:354 - Checking Login...
2026-08-01 00:50:53.949 | SUCCESS  | auth.login:load_saved_token:192 - Saved Token Loaded
2026-08-01 00:50:53.950 | SUCCESS  | auth.login:ensure_login:362 - Using Saved Token
2026-08-01 00:50:53.952 | INFO     | monitor:scan:111 - Scanning Website...
2026-08-01 00:50:53.954 | INFO     | monitor:scan:125 - Loading Page 1
2026-08-01 00:50:53.955 | INFO     | api:get_files:60 - Loading Page 1
2026-08-01 00:50:55.540 | INFO     | api:get_file:84 - Loading File 126d518f-764b-2019-40a6-645aba60ba46
2026-08-01 00:50:55.769 | INFO     | monitor:scan:273 - Reached Old Files
2026-08-01 00:50:55.770 | INFO     | monitor:scan:303 - No New Serial
2026-08-01 00:50:55.770 | INFO     | monitor:scan:325 - Nothing Changed
2026-08-01 00:50:55.770 | SUCCESS  | monitor:scan:331 - Scan Finished
2026-08-01 00:50:55.771 | INFO     | monitor:start:67 - Sleep 60 Seconds
2026-08-01 00:51:55.772 | INFO     | auth.login:ensure_login:354 - Checking Login...
2026-08-01 00:51:55.774 | SUCCESS  | auth.login:load_saved_token:192 - Saved Token Loaded
2026-08-01 00:51:55.775 | SUCCESS  | auth.login:ensure_login:362 - Using Saved Token
2026-08-01 00:51:55.775 | INFO     | monitor:scan:111 - Scanning Website...
2026-08-01 00:51:55.777 | INFO     | monitor:scan:125 - Loading Page 1
2026-08-01 00:51:55.778 | INFO     | api:get_files:60 - Loading Page 1
2026-08-01 00:51:57.327 | INFO     | api:get_file:84 - Loading File 126d518f-764b-2019-40a6-645aba60ba46
2026-08-01 00:51:57.552 | INFO     | monitor:scan:273 - Reached Old Files
2026-08-01 00:51:57.553 | INFO     | monitor:scan:303 - No New Serial
2026-08-01 00:51:57.553 | INFO     | monitor:scan:325 - Nothing Changed
2026-08-01 00:51:57.553 | SUCCESS  | monitor:scan:331 - Scan Finished
2026-08-01 00:51:57.554 | INFO     | monitor:start:67 - Sleep 60 Seconds
2026-08-01 00:52:57.556 | INFO     | auth.login:ensure_login:354 - Checking Login...
2026-08-01 00:52:57.559 | SUCCESS  | auth.login:load_saved_token:192 - Saved Token Loaded
2026-08-01 00:52:57.560 | SUCCESS  | auth.login:ensure_login:362 - Using Saved Token
2026-08-01 00:52:57.561 | INFO     | monitor:scan:111 - Scanning Website...
2026-08-01 00:52:57.564 | INFO     | monitor:scan:125 - Loading Page 1
2026-08-01 00:52:57.566 | INFO     | api:get_files:60 - Loading Page 1
2026-08-01 00:52:59.039 | INFO     | api:get_file:84 - Loading File 126d518f-764b-2019-40a6-645aba60ba46
2026-08-01 00:52:59.261 | INFO     | monitor:scan:273 - Reached Old Files
2026-08-01 00:52:59.262 | INFO     | monitor:scan:303 - No New Serial
2026-08-01 00:52:59.262 | INFO     | monitor:scan:325 - Nothing Changed
2026-08-01 00:52:59.263 | SUCCESS  | monitor:scan:331 - Scan Finished
2026-08-01 00:52:59.264 | INFO     | monitor:start:67 - Sleep 60 Seconds
2026-08-01 00:53:59.266 | INFO     | auth.login:ensure_login:354 - Checking Login...
2026-08-01 00:53:59.268 | SUCCESS  | auth.login:load_saved_token:192 - Saved Token Loaded
2026-08-01 00:53:59.268 | SUCCESS  | auth.login:ensure_login:362 - Using Saved Token
2026-08-01 00:53:59.269 | INFO     | monitor:scan:111 - Scanning Website...
2026-08-01 00:53:59.269 | INFO     | monitor:scan:125 - Loading Page 1
2026-08-01 00:53:59.269 | INFO     | api:get_files:60 - Loading Page 1
2026-08-01 00:54:00.995 | INFO     | api:get_file:84 - Loading File 126d518f-764b-2019-40a6-645aba60ba46
2026-08-01 00:54:01.220 | INFO     | monitor:scan:273 - Reached Old Files
2026-08-01 00:54:01.221 | INFO     | monitor:scan:303 - No New Serial
2026-08-01 00:54:01.221 | INFO     | monitor:scan:325 - Nothing Changed
2026-08-01 00:54:01.221 | SUCCESS  | monitor:scan:331 - Scan Finished
2026-08-01 00:54:01.221 | INFO     | monitor:start:67 - Sleep 60 Seconds
2026-08-01 00:55:01.222 | INFO     | auth.login:ensure_login:354 - Checking Login...
2026-08-01 00:55:01.225 | SUCCESS  | auth.login:load_saved_token:192 - Saved Token Loaded
2026-08-01 00:55:01.226 | SUCCESS  | auth.login:ensure_login:362 - Using Saved Token
2026-08-01 00:55:01.226 | INFO     | monitor:scan:111 - Scanning Website...
2026-08-01 00:55:01.228 | INFO     | monitor:scan:125 - Loading Page 1
2026-08-01 00:55:01.229 | INFO     | api:get_files:60 - Loading Page 1
2026-08-01 00:55:02.719 | INFO     | api:get_file:84 - Loading File 126d518f-764b-2019-40a6-645aba60ba46
2026-08-01 00:55:02.938 | INFO     | monitor:scan:273 - Reached Old Files
2026-08-01 00:55:02.939 | INFO     | monitor:scan:303 - No New Serial
2026-08-01 00:55:02.939 | INFO     | monitor:scan:325 - Nothing Changed
2026-08-01 00:55:02.939 | SUCCESS  | monitor:scan:331 - Scan Finished
2026-08-01 00:55:02.939 | INFO     | monitor:start:67 - Sleep 60 Seconds
2026-08-01 00:56:02.941 | INFO     | auth.login:ensure_login:354 - Checking Login...
2026-08-01 00:56:02.943 | SUCCESS  | auth.login:load_saved_token:192 - Saved Token Loaded
2026-08-01 00:56:02.943 | SUCCESS  | auth.login:ensure_login:362 - Using Saved Token
2026-08-01 00:56:02.943 | INFO     | monitor:scan:111 - Scanning Website...
2026-08-01 00:56:02.945 | INFO     | monitor:scan:125 - Loading Page 1
2026-08-01 00:56:02.945 | INFO     | api:get_files:60 - Loading Page 1
2026-08-01 00:56:06.570 | INFO     | api:get_file:84 - Loading File 126d518f-764b-2019-40a6-645aba60ba46
2026-08-01 00:56:06.802 | INFO     | monitor:scan:273 - Reached Old Files
2026-08-01 00:56:06.803 | INFO     | monitor:scan:303 - No New Serial
2026-08-01 00:56:06.803 | INFO     | monitor:scan:325 - Nothing Changed
2026-08-01 00:56:06.803 | SUCCESS  | monitor:scan:331 - Scan Finished
2026-08-01 00:56:06.804 | INFO     | monitor:start:67 - Sleep 60 Seconds
2026-08-01 00:57:06.805 | INFO     | auth.login:ensure_login:354 - Checking Login...
2026-08-01 00:57:06.806 | SUCCESS  | auth.login:load_saved_token:192 - Saved Token Loaded
2026-08-01 00:57:06.806 | SUCCESS  | auth.login:ensure_login:362 - Using Saved Token
2026-08-01 00:57:06.806 | INFO     | monitor:scan:111 - Scanning Website...
2026-08-01 00:57:06.806 | INFO     | monitor:scan:125 - Loading Page 1
2026-08-01 00:57:06.807 | INFO     | api:get_files:60 - Loading Page 1
2026-08-01 00:57:08.963 | INFO     | api:get_file:84 - Loading File 126d518f-764b-2019-40a6-645aba60ba46
2026-08-01 00:57:09.193 | INFO     | monitor:scan:273 - Reached Old Files
2026-08-01 00:57:09.193 | INFO     | monitor:scan:303 - No New Serial
2026-08-01 00:57:09.194 | INFO     | monitor:scan:325 - Nothing Changed
2026-08-01 00:57:09.194 | SUCCESS  | monitor:scan:331 - Scan Finished
2026-08-01 00:57:09.195 | INFO     | monitor:start:67 - Sleep 60 Seconds
2026-08-01 00:58:09.196 | INFO     | auth.login:ensure_login:354 - Checking Login...
2026-08-01 00:58:09.198 | SUCCESS  | auth.login:load_saved_token:192 - Saved Token Loaded
2026-08-01 00:58:09.199 | SUCCESS  | auth.login:ensure_login:362 - Using Saved Token
2026-08-01 00:58:09.199 | INFO     | monitor:scan:111 - Scanning Website...
2026-08-01 00:58:09.201 | INFO     | monitor:scan:125 - Loading Page 1
2026-08-01 00:58:09.201 | INFO     | api:get_files:60 - Loading Page 1
2026-08-01 00:58:09.640 | WARNING  | auth.login:get:411 - Access Token Expired
2026-08-01 00:58:09.641 | INFO     | auth.login:login:262 - Logging in...
2026-08-01 00:58:10.139 | SUCCESS  | auth.login:save_token:242 - Token Saved
2026-08-01 00:58:10.140 | SUCCESS  | auth.login:login:340 - Login Successful
2026-08-01 00:58:11.257 | INFO     | api:get_file:84 - Loading File 126d518f-764b-2019-40a6-645aba60ba46
2026-08-01 00:58:11.484 | INFO     | monitor:scan:273 - Reached Old Files
2026-08-01 00:58:11.484 | INFO     | monitor:scan:303 - No New Serial
2026-08-01 00:58:11.484 | INFO     | monitor:scan:325 - Nothing Changed
2026-08-01 00:58:11.485 | SUCCESS  | monitor:scan:331 - Scan Finished
2026-08-01 00:58:11.485 | INFO     | monitor:start:67 - Sleep 60 Seconds
2026-08-01 00:59:11.486 | INFO     | auth.login:ensure_login:354 - Checking Login...
2026-08-01 00:59:11.501 | SUCCESS  | auth.login:load_saved_token:192 - Saved Token Loaded
2026-08-01 00:59:11.501 | SUCCESS  | auth.login:ensure_login:362 - Using Saved Token
2026-08-01 00:59:11.502 | INFO     | monitor:scan:111 - Scanning Website...
2026-08-01 00:59:11.503 | INFO     | monitor:scan:125 - Loading Page 1
2026-08-01 00:59:11.503 | INFO     | api:get_files:60 - Loading Page 1
2026-08-01 00:59:13.022 | INFO     | api:get_file:84 - Loading File 126d518f-764b-2019-40a6-645aba60ba46
2026-08-01 00:59:13.254 | INFO     | monitor:scan:273 - Reached Old Files
2026-08-01 00:59:13.254 | INFO     | monitor:scan:303 - No New Serial
2026-08-01 00:59:13.255 | INFO     | monitor:scan:325 - Nothing Changed
2026-08-01 00:59:13.256 | SUCCESS  | monitor:scan:331 - Scan Finished
2026-08-01 00:59:13.257 | INFO     | monitor:start:67 - Sleep 60 Seconds
2026-08-01 01:00:13.258 | INFO     | auth.login:ensure_login:354 - Checking Login...
2026-08-01 01:00:13.260 | SUCCESS  | auth.login:load_saved_token:192 - Saved Token Loaded
2026-08-01 01:00:13.261 | SUCCESS  | auth.login:ensure_login:362 - Using Saved Token
2026-08-01 01:00:13.261 | INFO     | monitor:scan:111 - Scanning Website...
2026-08-01 01:00:13.263 | INFO     | monitor:scan:125 - Loading Page 1
2026-08-01 01:00:13.263 | INFO     | api:get_files:60 - Loading Page 1
2026-08-01 01:00:14.762 | INFO     | api:get_file:84 - Loading File 126d518f-764b-2019-40a6-645aba60ba46
2026-08-01 01:00:14.996 | INFO     | monitor:scan:273 - Reached Old Files
2026-08-01 01:00:14.996 | INFO     | monitor:scan:303 - No New Serial
2026-08-01 01:00:14.996 | INFO     | monitor:scan:325 - Nothing Changed
2026-08-01 01:00:14.996 | SUCCESS  | monitor:scan:331 - Scan Finished
2026-08-01 01:00:14.997 | INFO     | monitor:start:67 - Sleep 60 Seconds
2026-08-01 01:01:14.998 | INFO     | auth.login:ensure_login:354 - Checking Login...
2026-08-01 01:01:15.003 | SUCCESS  | auth.login:load_saved_token:192 - Saved Token Loaded
2026-08-01 01:01:15.003 | SUCCESS  | auth.login:ensure_login:362 - Using Saved Token
2026-08-01 01:01:15.004 | INFO     | monitor:scan:111 - Scanning Website...
2026-08-01 01:01:15.006 | INFO     | monitor:scan:125 - Loading Page 1
2026-08-01 01:01:15.006 | INFO     | api:get_files:60 - Loading Page 1
2026-08-01 01:01:18.459 | INFO     | api:get_file:84 - Loading File 126d518f-764b-2019-40a6-645aba60ba46
2026-08-01 01:01:18.686 | INFO     | monitor:scan:273 - Reached Old Files
2026-08-01 01:01:18.686 | INFO     | monitor:scan:303 - No New Serial
2026-08-01 01:01:18.686 | INFO     | monitor:scan:325 - Nothing Changed
2026-08-01 01:01:18.687 | SUCCESS  | monitor:scan:331 - Scan Finished
2026-08-01 01:01:18.687 | INFO     | monitor:start:67 - Sleep 60 Seconds
2026-08-01 01:02:18.687 | INFO     | auth.login:ensure_login:354 - Checking Login...
2026-08-01 01:02:18.691 | SUCCESS  | auth.login:load_saved_token:192 - Saved Token Loaded
2026-08-01 01:02:18.692 | SUCCESS  | auth.login:ensure_login:362 - Using Saved Token
2026-08-01 01:02:18.693 | INFO     | monitor:scan:111 - Scanning Website...
2026-08-01 01:02:18.696 | INFO     | monitor:scan:125 - Loading Page 1
2026-08-01 01:02:18.696 | INFO     | api:get_files:60 - Loading Page 1
2026-08-01 01:02:20.238 | INFO     | api:get_file:84 - Loading File 126d518f-764b-2019-40a6-645aba60ba46
2026-08-01 01:02:20.457 | INFO     | monitor:scan:273 - Reached Old Files
2026-08-01 01:02:20.457 | INFO     | monitor:scan:303 - No New Serial
2026-08-01 01:02:20.457 | INFO     | monitor:scan:325 - Nothing Changed
2026-08-01 01:02:20.458 | SUCCESS  | monitor:scan:331 - Scan Finished
2026-08-01 01:02:20.458 | INFO     | monitor:start:67 - Sleep 60 Seconds
2026-08-01 01:03:20.459 | INFO     | auth.login:ensure_login:354 - Checking Login...
2026-08-01 01:03:20.462 | SUCCESS  | auth.login:load_saved_token:192 - Saved Token Loaded
2026-08-01 01:03:20.463 | SUCCESS  | auth.login:ensure_login:362 - Using Saved Token
2026-08-01 01:03:20.464 | INFO     | monitor:scan:111 - Scanning Website...
2026-08-01 01:03:20.466 | INFO     | monitor:scan:125 - Loading Page 1
2026-08-01 01:03:20.467 | INFO     | api:get_files:60 - Loading Page 1
2026-08-01 01:03:23.756 | INFO     | api:get_file:84 - Loading File 126d518f-764b-2019-40a6-645aba60ba46
2026-08-01 01:03:23.976 | INFO     | monitor:scan:273 - Reached Old Files
2026-08-01 01:03:23.977 | INFO     | monitor:scan:303 - No New Serial
2026-08-01 01:03:23.977 | INFO     | monitor:scan:325 - Nothing Changed
2026-08-01 01:03:23.978 | SUCCESS  | monitor:scan:331 - Scan Finished
2026-08-01 01:03:23.978 | INFO     | monitor:start:67 - Sleep 60 Seconds
2026-08-01 01:04:23.979 | INFO     | auth.login:ensure_login:354 - Checking Login...
2026-08-01 01:04:23.980 | SUCCESS  | auth.login:load_saved_token:192 - Saved Token Loaded
2026-08-01 01:04:23.980 | SUCCESS  | auth.login:ensure_login:362 - Using Saved Token
2026-08-01 01:04:23.981 | INFO     | monitor:scan:111 - Scanning Website...
2026-08-01 01:04:23.981 | INFO     | monitor:scan:125 - Loading Page 1
2026-08-01 01:04:23.981 | INFO     | api:get_files:60 - Loading Page 1
2026-08-01 01:04:27.190 | INFO     | api:get_file:84 - Loading File 126d518f-764b-2019-40a6-645aba60ba46
2026-08-01 01:04:27.415 | INFO     | monitor:scan:273 - Reached Old Files
2026-08-01 01:04:27.416 | INFO     | monitor:scan:303 - No New Serial
2026-08-01 01:04:27.417 | INFO     | monitor:scan:325 - Nothing Changed
2026-08-01 01:04:27.418 | SUCCESS  | monitor:scan:331 - Scan Finished
2026-08-01 01:04:27.420 | INFO     | monitor:start:67 - Sleep 60 Seconds
2026-08-01 01:05:27.420 | INFO     | auth.login:ensure_login:354 - Checking Login...
2026-08-01 01:05:27.426 | SUCCESS  | auth.login:load_saved_token:192 - Saved Token Loaded
2026-08-01 01:05:27.427 | SUCCESS  | auth.login:ensure_login:362 - Using Saved Token
2026-08-01 01:05:27.427 | INFO     | monitor:scan:111 - Scanning Website...
2026-08-01 01:05:27.428 | INFO     | monitor:scan:125 - Loading Page 1
2026-08-01 01:05:27.428 | INFO     | api:get_files:60 - Loading Page 1
2026-08-01 01:05:29.008 | INFO     | api:get_file:84 - Loading File 126d518f-764b-2019-40a6-645aba60ba46
2026-08-01 01:05:29.239 | INFO     | monitor:scan:273 - Reached Old Files
2026-08-01 01:05:29.240 | INFO     | monitor:scan:303 - No New Serial
2026-08-01 01:05:29.240 | INFO     | monitor:scan:325 - Nothing Changed
2026-08-01 01:05:29.241 | SUCCESS  | monitor:scan:331 - Scan Finished
2026-08-01 01:05:29.241 | INFO     | monitor:start:67 - Sleep 60 Seconds
2026-08-01 01:06:29.242 | INFO     | auth.login:ensure_login:354 - Checking Login...
2026-08-01 01:06:29.246 | SUCCESS  | auth.login:load_saved_token:192 - Saved Token Loaded
2026-08-01 01:06:29.247 | SUCCESS  | auth.login:ensure_login:362 - Using Saved Token
2026-08-01 01:06:29.247 | INFO     | monitor:scan:111 - Scanning Website...
2026-08-01 01:06:29.249 | INFO     | monitor:scan:125 - Loading Page 1
2026-08-01 01:06:29.249 | INFO     | api:get_files:60 - Loading Page 1
2026-08-01 01:06:30.737 | INFO     | api:get_file:84 - Loading File 126d518f-764b-2019-40a6-645aba60ba46
2026-08-01 01:06:30.956 | INFO     | monitor:scan:273 - Reached Old Files
2026-08-01 01:06:30.957 | INFO     | monitor:scan:303 - No New Serial
2026-08-01 01:06:30.957 | INFO     | monitor:scan:325 - Nothing Changed
2026-08-01 01:06:30.958 | SUCCESS  | monitor:scan:331 - Scan Finished
2026-08-01 01:06:30.959 | INFO     | monitor:start:67 - Sleep 60 Seconds
2026-08-01 01:07:30.960 | INFO     | auth.login:ensure_login:354 - Checking Login...
2026-08-01 01:07:30.965 | SUCCESS  | auth.login:load_saved_token:192 - Saved Token Loaded
2026-08-01 01:07:30.966 | SUCCESS  | auth.login:ensure_login:362 - Using Saved Token
2026-08-01 01:07:30.967 | INFO     | monitor:scan:111 - Scanning Website...
2026-08-01 01:07:30.970 | INFO     | monitor:scan:125 - Loading Page 1
2026-08-01 01:07:30.971 | INFO     | api:get_files:60 - Loading Page 1
2026-08-01 01:07:33.149 | INFO     | api:get_file:84 - Loading File 126d518f-764b-2019-40a6-645aba60ba46
2026-08-01 01:07:33.370 | INFO     | monitor:scan:273 - Reached Old Files
2026-08-01 01:07:33.371 | INFO     | monitor:scan:303 - No New Serial
2026-08-01 01:07:33.373 | INFO     | monitor:scan:325 - Nothing Changed
2026-08-01 01:07:33.376 | SUCCESS  | monitor:scan:331 - Scan Finished
2026-08-01 01:07:33.378 | INFO     | monitor:start:67 - Sleep 60 Seconds
2026-08-01 01:08:33.379 | INFO     | auth.login:ensure_login:354 - Checking Login...
2026-08-01 01:08:33.381 | SUCCESS  | auth.login:load_saved_token:192 - Saved Token Loaded
2026-08-01 01:08:33.382 | SUCCESS  | auth.login:ensure_login:362 - Using Saved Token
2026-08-01 01:08:33.382 | INFO     | monitor:scan:111 - Scanning Website...
2026-08-01 01:08:33.383 | INFO     | monitor:scan:125 - Loading Page 1
2026-08-01 01:08:33.384 | INFO     | api:get_files:60 - Loading Page 1
2026-08-01 01:08:33.820 | WARNING  | auth.login:get:411 - Access Token Expired
2026-08-01 01:08:33.821 | INFO     | auth.login:login:262 - Logging in...
2026-08-01 01:08:34.279 | SUCCESS  | auth.login:save_token:242 - Token Saved
2026-08-01 01:08:34.279 | SUCCESS  | auth.login:login:340 - Login Successful
2026-08-01 01:08:37.147 | INFO     | api:get_file:84 - Loading File 126d518f-764b-2019-40a6-645aba60ba46
2026-08-01 01:08:37.376 | INFO     | monitor:scan:273 - Reached Old Files
2026-08-01 01:08:37.376 | INFO     | monitor:scan:303 - No New Serial
2026-08-01 01:08:37.377 | INFO     | monitor:scan:325 - Nothing Changed
2026-08-01 01:08:37.377 | SUCCESS  | monitor:scan:331 - Scan Finished
2026-08-01 01:08:37.378 | INFO     | monitor:start:67 - Sleep 60 Seconds
2026-08-01 01:09:37.379 | INFO     | auth.login:ensure_login:354 - Checking Login...
2026-08-01 01:09:37.395 | SUCCESS  | auth.login:load_saved_token:192 - Saved Token Loaded
2026-08-01 01:09:37.395 | SUCCESS  | auth.login:ensure_login:362 - Using Saved Token
2026-08-01 01:09:37.395 | INFO     | monitor:scan:111 - Scanning Website...
2026-08-01 01:09:37.396 | INFO     | monitor:scan:125 - Loading Page 1
2026-08-01 01:09:37.397 | INFO     | api:get_files:60 - Loading Page 1
2026-08-01 01:09:38.907 | INFO     | api:get_file:84 - Loading File 126d518f-764b-2019-40a6-645aba60ba46
2026-08-01 01:09:39.134 | INFO     | monitor:scan:273 - Reached Old Files
2026-08-01 01:09:39.135 | INFO     | monitor:scan:303 - No New Serial
2026-08-01 01:09:39.135 | INFO     | monitor:scan:325 - Nothing Changed
2026-08-01 01:09:39.136 | SUCCESS  | monitor:scan:331 - Scan Finished
2026-08-01 01:09:39.137 | INFO     | monitor:start:67 - Sleep 60 Seconds
2026-08-01 01:10:39.138 | INFO     | auth.login:ensure_login:354 - Checking Login...
2026-08-01 01:10:39.140 | SUCCESS  | auth.login:load_saved_token:192 - Saved Token Loaded
2026-08-01 01:10:39.140 | SUCCESS  | auth.login:ensure_login:362 - Using Saved Token
2026-08-01 01:10:39.140 | INFO     | monitor:scan:111 - Scanning Website...
2026-08-01 01:10:39.141 | INFO     | monitor:scan:125 - Loading Page 1
2026-08-01 01:10:39.142 | INFO     | api:get_files:60 - Loading Page 1
2026-08-01 01:10:40.642 | INFO     | api:get_file:84 - Loading File 126d518f-764b-2019-40a6-645aba60ba46
2026-08-01 01:10:40.874 | INFO     | monitor:scan:273 - Reached Old Files
2026-08-01 01:10:40.875 | INFO     | monitor:scan:303 - No New Serial
2026-08-01 01:10:40.875 | INFO     | monitor:scan:325 - Nothing Changed
2026-08-01 01:10:40.876 | SUCCESS  | monitor:scan:331 - Scan Finished
2026-08-01 01:10:40.877 | INFO     | monitor:start:67 - Sleep 60 Seconds
2026-08-01 01:11:40.878 | INFO     | auth.login:ensure_login:354 - Checking Login...
2026-08-01 01:11:40.879 | SUCCESS  | auth.login:load_saved_token:192 - Saved Token Loaded
2026-08-01 01:11:40.879 | SUCCESS  | auth.login:ensure_login:362 - Using Saved Token
2026-08-01 01:11:40.879 | INFO     | monitor:scan:111 - Scanning Website...
2026-08-01 01:11:40.880 | INFO     | monitor:scan:125 - Loading Page 1
2026-08-01 01:11:40.880 | INFO     | api:get_files:60 - Loading Page 1
2026-08-01 01:11:42.389 | INFO     | api:get_file:84 - Loading File 126d518f-764b-2019-40a6-645aba60ba46
2026-08-01 01:11:42.616 | INFO     | monitor:scan:273 - Reached Old Files
2026-08-01 01:11:42.617 | INFO     | monitor:scan:303 - No New Serial
2026-08-01 01:11:42.618 | INFO     | monitor:scan:325 - Nothing Changed
2026-08-01 01:11:42.618 | SUCCESS  | monitor:scan:331 - Scan Finished
2026-08-01 01:11:42.621 | INFO     | monitor:start:67 - Sleep 60 Seconds
2026-08-01 01:12:42.622 | INFO     | auth.login:ensure_login:354 - Checking Login...
2026-08-01 01:12:42.624 | SUCCESS  | auth.login:load_saved_token:192 - Saved Token Loaded
2026-08-01 01:12:42.625 | SUCCESS  | auth.login:ensure_login:362 - Using Saved Token
2026-08-01 01:12:42.625 | INFO     | monitor:scan:111 - Scanning Website...
2026-08-01 01:12:42.628 | INFO     | monitor:scan:125 - Loading Page 1
2026-08-01 01:12:42.629 | INFO     | api:get_files:60 - Loading Page 1
2026-08-01 01:12:44.973 | INFO     | api:get_file:84 - Loading File 126d518f-764b-2019-40a6-645aba60ba46
2026-08-01 01:12:45.219 | INFO     | monitor:scan:273 - Reached Old Files
2026-08-01 01:12:45.220 | INFO     | monitor:scan:303 - No New Serial
2026-08-01 01:12:45.221 | INFO     | monitor:scan:325 - Nothing Changed
2026-08-01 01:12:45.221 | SUCCESS  | monitor:scan:331 - Scan Finished
2026-08-01 01:12:45.222 | INFO     | monitor:start:67 - Sleep 60 Seconds
2026-08-01 01:13:45.223 | INFO     | auth.login:ensure_login:354 - Checking Login...
2026-08-01 01:13:45.227 | SUCCESS  | auth.login:load_saved_token:192 - Saved Token Loaded
2026-08-01 01:13:45.227 | SUCCESS  | auth.login:ensure_login:362 - Using Saved Token
2026-08-01 01:13:45.227 | INFO     | monitor:scan:111 - Scanning Website...
2026-08-01 01:13:45.228 | INFO     | monitor:scan:125 - Loading Page 1
2026-08-01 01:13:45.228 | INFO     | api:get_files:60 - Loading Page 1
2026-08-01 01:13:46.588 | INFO     | api:get_file:84 - Loading File 126d518f-764b-2019-40a6-645aba60ba46
2026-08-01 01:13:46.799 | INFO     | monitor:scan:273 - Reached Old Files
2026-08-01 01:13:46.799 | INFO     | monitor:scan:303 - No New Serial
2026-08-01 01:13:46.799 | INFO     | monitor:scan:325 - Nothing Changed
2026-08-01 01:13:46.799 | SUCCESS  | monitor:scan:331 - Scan Finished
2026-08-01 01:13:46.800 | INFO     | monitor:start:67 - Sleep 60 Seconds
2026-08-01 01:14:46.801 | INFO     | auth.login:ensure_login:354 - Checking Login...
2026-08-01 01:14:46.803 | SUCCESS  | auth.login:load_saved_token:192 - Saved Token Loaded
2026-08-01 01:14:46.803 | SUCCESS  | auth.login:ensure_login:362 - Using Saved Token
2026-08-01 01:14:46.803 | INFO     | monitor:scan:111 - Scanning Website...
2026-08-01 01:14:46.805 | INFO     | monitor:scan:125 - Loading Page 1
2026-08-01 01:14:46.805 | INFO     | api:get_files:60 - Loading Page 1
2026-08-01 01:14:49.803 | INFO     | api:get_file:84 - Loading File 126d518f-764b-2019-40a6-645aba60ba46
2026-08-01 01:14:50.032 | INFO     | monitor:scan:273 - Reached Old Files
2026-08-01 01:14:50.033 | INFO     | monitor:scan:303 - No New Serial
2026-08-01 01:14:50.033 | INFO     | monitor:scan:325 - Nothing Changed
2026-08-01 01:14:50.034 | SUCCESS  | monitor:scan:331 - Scan Finished
2026-08-01 01:14:50.035 | INFO     | monitor:start:67 - Sleep 60 Seconds
2026-08-01 01:15:50.036 | INFO     | auth.login:ensure_login:354 - Checking Login...
2026-08-01 01:15:50.038 | SUCCESS  | auth.login:load_saved_token:192 - Saved Token Loaded
2026-08-01 01:15:50.039 | SUCCESS  | auth.login:ensure_login:362 - Using Saved Token
2026-08-01 01:15:50.039 | INFO     | monitor:scan:111 - Scanning Website...
2026-08-01 01:15:50.041 | INFO     | monitor:scan:125 - Loading Page 1
2026-08-01 01:15:50.041 | INFO     | api:get_files:60 - Loading Page 1
2026-08-01 01:15:51.523 | INFO     | api:get_file:84 - Loading File 126d518f-764b-2019-40a6-645aba60ba46
2026-08-01 01:15:51.750 | INFO     | monitor:scan:273 - Reached Old Files
2026-08-01 01:15:51.751 | INFO     | monitor:scan:303 - No New Serial
2026-08-01 01:15:51.751 | INFO     | monitor:scan:325 - Nothing Changed
2026-08-01 01:15:51.751 | SUCCESS  | monitor:scan:331 - Scan Finished
2026-08-01 01:15:51.752 | INFO     | monitor:start:67 - Sleep 60 Seconds
2026-08-01 01:16:51.753 | INFO     | auth.login:ensure_login:354 - Checking Login...
2026-08-01 01:16:51.754 | SUCCESS  | auth.login:load_saved_token:192 - Saved Token Loaded
2026-08-01 01:16:51.754 | SUCCESS  | auth.login:ensure_login:362 - Using Saved Token
2026-08-01 01:16:51.755 | INFO     | monitor:scan:111 - Scanning Website...
2026-08-01 01:16:51.755 | INFO     | monitor:scan:125 - Loading Page 1
2026-08-01 01:16:51.755 | INFO     | api:get_files:60 - Loading Page 1
2026-08-01 01:16:53.275 | INFO     | api:get_file:84 - Loading File 126d518f-764b-2019-40a6-645aba60ba46
2026-08-01 01:16:53.503 | INFO     | monitor:scan:273 - Reached Old Files
2026-08-01 01:16:53.505 | INFO     | monitor:scan:303 - No New Serial
2026-08-01 01:16:53.506 | INFO     | monitor:scan:325 - Nothing Changed
2026-08-01 01:16:53.506 | SUCCESS  | monitor:scan:331 - Scan Finished
2026-08-01 01:16:53.507 | INFO     | monitor:start:67 - Sleep 60 Seconds
2026-08-01 01:17:53.507 | INFO     | auth.login:ensure_login:354 - Checking Login...
2026-08-01 01:17:53.511 | SUCCESS  | auth.login:load_saved_token:192 - Saved Token Loaded
2026-08-01 01:17:53.512 | SUCCESS  | auth.login:ensure_login:362 - Using Saved Token
2026-08-01 01:17:53.513 | INFO     | monitor:scan:111 - Scanning Website...
2026-08-01 01:17:53.515 | INFO     | monitor:scan:125 - Loading Page 1
2026-08-01 01:17:53.517 | INFO     | api:get_files:60 - Loading Page 1
2026-08-01 01:17:55.317 | INFO     | api:get_file:84 - Loading File 126d518f-764b-2019-40a6-645aba60ba46
2026-08-01 01:17:55.546 | INFO     | monitor:scan:273 - Reached Old Files
2026-08-01 01:17:55.547 | INFO     | monitor:scan:303 - No New Serial
2026-08-01 01:17:55.547 | INFO     | monitor:scan:325 - Nothing Changed
2026-08-01 01:17:55.547 | SUCCESS  | monitor:scan:331 - Scan Finished
2026-08-01 01:17:55.547 | INFO     | monitor:start:67 - Sleep 60 Seconds
2026-08-01 01:18:55.548 | INFO     | auth.login:ensure_login:354 - Checking Login...
2026-08-01 01:18:55.548 | SUCCESS  | auth.login:load_saved_token:192 - Saved Token Loaded
2026-08-01 01:18:55.548 | SUCCESS  | auth.login:ensure_login:362 - Using Saved Token
2026-08-01 01:18:55.549 | INFO     | monitor:scan:111 - Scanning Website...
2026-08-01 01:18:55.549 | INFO     | monitor:scan:125 - Loading Page 1
2026-08-01 01:18:55.549 | INFO     | api:get_files:60 - Loading Page 1
2026-08-01 01:18:55.969 | WARNING  | auth.login:get:411 - Access Token Expired
2026-08-01 01:18:55.970 | INFO     | auth.login:login:262 - Logging in...
2026-08-01 01:18:56.412 | SUCCESS  | auth.login:save_token:242 - Token Saved
2026-08-01 01:18:56.413 | SUCCESS  | auth.login:login:340 - Login Successful
2026-08-01 01:18:59.064 | INFO     | api:get_file:84 - Loading File 126d518f-764b-2019-40a6-645aba60ba46
2026-08-01 01:18:59.534 | INFO     | monitor:scan:273 - Reached Old Files
2026-08-01 01:18:59.535 | INFO     | monitor:scan:303 - No New Serial
2026-08-01 01:18:59.535 | INFO     | monitor:scan:325 - Nothing Changed
2026-08-01 01:18:59.536 | SUCCESS  | monitor:scan:331 - Scan Finished
2026-08-01 01:18:59.536 | INFO     | monitor:start:67 - Sleep 60 Seconds
2026-08-01 01:19:59.537 | INFO     | auth.login:ensure_login:354 - Checking Login...
2026-08-01 01:19:59.558 | SUCCESS  | auth.login:load_saved_token:192 - Saved Token Loaded
2026-08-01 01:19:59.559 | SUCCESS  | auth.login:ensure_login:362 - Using Saved Token
2026-08-01 01:19:59.559 | INFO     | monitor:scan:111 - Scanning Website...
2026-08-01 01:19:59.560 | INFO     | monitor:scan:125 - Loading Page 1
2026-08-01 01:19:59.560 | INFO     | api:get_files:60 - Loading Page 1
2026-08-01 01:20:02.549 | INFO     | api:get_file:84 - Loading File 126d518f-764b-2019-40a6-645aba60ba46
2026-08-01 01:20:02.776 | INFO     | monitor:scan:273 - Reached Old Files
2026-08-01 01:20:02.776 | INFO     | monitor:scan:303 - No New Serial
2026-08-01 01:20:02.777 | INFO     | monitor:scan:325 - Nothing Changed
2026-08-01 01:20:02.777 | SUCCESS  | monitor:scan:331 - Scan Finished
2026-08-01 01:20:02.778 | INFO     | monitor:start:67 - Sleep 60 Seconds
2026-08-01 01:21:02.779 | INFO     | auth.login:ensure_login:354 - Checking Login...
2026-08-01 01:21:02.781 | SUCCESS  | auth.login:load_saved_token:192 - Saved Token Loaded
2026-08-01 01:21:02.781 | SUCCESS  | auth.login:ensure_login:362 - Using Saved Token
2026-08-01 01:21:02.782 | INFO     | monitor:scan:111 - Scanning Website...
2026-08-01 01:21:02.783 | INFO     | monitor:scan:125 - Loading Page 1
2026-08-01 01:21:02.784 | INFO     | api:get_files:60 - Loading Page 1
2026-08-01 01:21:04.279 | INFO     | api:get_file:84 - Loading File 126d518f-764b-2019-40a6-645aba60ba46
2026-08-01 01:21:04.509 | INFO     | monitor:scan:273 - Reached Old Files
2026-08-01 01:21:04.510 | INFO     | monitor:scan:303 - No New Serial
2026-08-01 01:21:04.511 | INFO     | monitor:scan:325 - Nothing Changed
2026-08-01 01:21:04.511 | SUCCESS  | monitor:scan:331 - Scan Finished
2026-08-01 01:21:04.512 | INFO     | monitor:start:67 - Sleep 60 Seconds
2026-08-01 01:22:04.513 | INFO     | auth.login:ensure_login:354 - Checking Login...
2026-08-01 01:22:04.515 | SUCCESS  | auth.login:load_saved_token:192 - Saved Token Loaded
2026-08-01 01:22:04.516 | SUCCESS  | auth.login:ensure_login:362 - Using Saved Token
2026-08-01 01:22:04.516 | INFO     | monitor:scan:111 - Scanning Website...
2026-08-01 01:22:04.518 | INFO     | monitor:scan:125 - Loading Page 1
2026-08-01 01:22:04.518 | INFO     | api:get_files:60 - Loading Page 1
2026-08-01 01:22:06.059 | INFO     | api:get_file:84 - Loading File 126d518f-764b-2019-40a6-645aba60ba46
2026-08-01 01:22:06.288 | INFO     | monitor:scan:273 - Reached Old Files
2026-08-01 01:22:06.288 | INFO     | monitor:scan:303 - No New Serial
2026-08-01 01:22:06.288 | INFO     | monitor:scan:325 - Nothing Changed
2026-08-01 01:22:06.288 | SUCCESS  | monitor:scan:331 - Scan Finished
2026-08-01 01:22:06.289 | INFO     | monitor:start:67 - Sleep 60 Seconds
2026-08-01 01:23:06.290 | INFO     | auth.login:ensure_login:354 - Checking Login...
2026-08-01 01:23:06.292 | SUCCESS  | auth.login:load_saved_token:192 - Saved Token Loaded
2026-08-01 01:23:06.293 | SUCCESS  | auth.login:ensure_login:362 - Using Saved Token
2026-08-01 01:23:06.294 | INFO     | monitor:scan:111 - Scanning Website...
2026-08-01 01:23:06.295 | INFO     | monitor:scan:125 - Loading Page 1
2026-08-01 01:23:06.296 | INFO     | api:get_files:60 - Loading Page 1
2026-08-01 01:23:07.731 | INFO     | api:get_file:84 - Loading File 126d518f-764b-2019-40a6-645aba60ba46
2026-08-01 01:23:07.948 | INFO     | monitor:scan:273 - Reached Old Files
2026-08-01 01:23:07.949 | INFO     | monitor:scan:303 - No New Serial
2026-08-01 01:23:07.949 | INFO     | monitor:scan:325 - Nothing Changed
2026-08-01 01:23:07.950 | SUCCESS  | monitor:scan:331 - Scan Finished
2026-08-01 01:23:07.951 | INFO     | monitor:start:67 - Sleep 60 Seconds
2026-08-01 01:24:07.952 | INFO     | auth.login:ensure_login:354 - Checking Login...
2026-08-01 01:24:07.954 | SUCCESS  | auth.login:load_saved_token:192 - Saved Token Loaded
2026-08-01 01:24:07.954 | SUCCESS  | auth.login:ensure_login:362 - Using Saved Token
2026-08-01 01:24:07.955 | INFO     | monitor:scan:111 - Scanning Website...
2026-08-01 01:24:07.956 | INFO     | monitor:scan:125 - Loading Page 1
2026-08-01 01:24:07.957 | INFO     | api:get_files:60 - Loading Page 1
2026-08-01 01:24:09.424 | INFO     | api:get_file:84 - Loading File 126d518f-764b-2019-40a6-645aba60ba46
2026-08-01 01:24:09.651 | INFO     | monitor:scan:273 - Reached Old Files
2026-08-01 01:24:09.652 | INFO     | monitor:scan:303 - No New Serial
2026-08-01 01:24:09.653 | INFO     | monitor:scan:325 - Nothing Changed
2026-08-01 01:24:09.653 | SUCCESS  | monitor:scan:331 - Scan Finished
2026-08-01 01:24:09.654 | INFO     | monitor:start:67 - Sleep 60 Seconds
2026-08-01 01:25:09.654 | INFO     | auth.login:ensure_login:354 - Checking Login...
2026-08-01 01:25:09.657 | SUCCESS  | auth.login:load_saved_token:192 - Saved Token Loaded
2026-08-01 01:25:09.659 | SUCCESS  | auth.login:ensure_login:362 - Using Saved Token
2026-08-01 01:25:09.660 | INFO     | monitor:scan:111 - Scanning Website...
2026-08-01 01:25:09.662 | INFO     | monitor:scan:125 - Loading Page 1
2026-08-01 01:25:09.662 | INFO     | api:get_files:60 - Loading Page 1
2026-08-01 01:25:12.989 | INFO     | api:get_file:84 - Loading File 126d518f-764b-2019-40a6-645aba60ba46
2026-08-01 01:25:13.216 | INFO     | monitor:scan:273 - Reached Old Files
2026-08-01 01:25:13.216 | INFO     | monitor:scan:303 - No New Serial
2026-08-01 01:25:13.216 | INFO     | monitor:scan:325 - Nothing Changed
2026-08-01 01:25:13.216 | SUCCESS  | monitor:scan:331 - Scan Finished
2026-08-01 01:25:13.217 | INFO     | monitor:start:67 - Sleep 60 Seconds
2026-08-01 01:26:13.217 | INFO     | auth.login:ensure_login:354 - Checking Login...
2026-08-01 01:26:13.219 | SUCCESS  | auth.login:load_saved_token:192 - Saved Token Loaded
2026-08-01 01:26:13.220 | SUCCESS  | auth.login:ensure_login:362 - Using Saved Token
2026-08-01 01:26:13.220 | INFO     | monitor:scan:111 - Scanning Website...
2026-08-01 01:26:13.222 | INFO     | monitor:scan:125 - Loading Page 1
2026-08-01 01:26:13.222 | INFO     | api:get_files:60 - Loading Page 1
2026-08-01 01:26:14.689 | INFO     | api:get_file:84 - Loading File 126d518f-764b-2019-40a6-645aba60ba46
2026-08-01 01:26:14.906 | INFO     | monitor:scan:273 - Reached Old Files
2026-08-01 01:26:14.907 | INFO     | monitor:scan:303 - No New Serial
2026-08-01 01:26:14.907 | INFO     | monitor:scan:325 - Nothing Changed
2026-08-01 01:26:14.908 | SUCCESS  | monitor:scan:331 - Scan Finished
2026-08-01 01:26:14.908 | INFO     | monitor:start:67 - Sleep 60 Seconds
2026-08-01 01:27:14.909 | INFO     | auth.login:ensure_login:354 - Checking Login...
2026-08-01 01:27:14.911 | SUCCESS  | auth.login:load_saved_token:192 - Saved Token Loaded
2026-08-01 01:27:14.912 | SUCCESS  | auth.login:ensure_login:362 - Using Saved Token
2026-08-01 01:27:14.912 | INFO     | monitor:scan:111 - Scanning Website...
2026-08-01 01:27:14.914 | INFO     | monitor:scan:125 - Loading Page 1
2026-08-01 01:27:14.916 | INFO     | api:get_files:60 - Loading Page 1
2026-08-01 01:27:16.422 | INFO     | api:get_file:84 - Loading File 126d518f-764b-2019-40a6-645aba60ba46
2026-08-01 01:27:16.651 | INFO     | monitor:scan:273 - Reached Old Files
2026-08-01 01:27:16.652 | INFO     | monitor:scan:303 - No New Serial
2026-08-01 01:27:16.653 | INFO     | monitor:scan:325 - Nothing Changed
2026-08-01 01:27:16.654 | SUCCESS  | monitor:scan:331 - Scan Finished
2026-08-01 01:27:16.656 | INFO     | monitor:start:67 - Sleep 60 Seconds
2026-08-01 01:28:16.658 | INFO     | auth.login:ensure_login:354 - Checking Login...
2026-08-01 01:28:16.662 | SUCCESS  | auth.login:load_saved_token:192 - Saved Token Loaded
2026-08-01 01:28:16.664 | SUCCESS  | auth.login:ensure_login:362 - Using Saved Token
2026-08-01 01:28:16.666 | INFO     | monitor:scan:111 - Scanning Website...
2026-08-01 01:28:16.669 | INFO     | monitor:scan:125 - Loading Page 1
2026-08-01 01:28:16.670 | INFO     | api:get_files:60 - Loading Page 1
2026-08-01 01:28:19.948 | INFO     | api:get_file:84 - Loading File 126d518f-764b-2019-40a6-645aba60ba46
2026-08-01 01:28:20.186 | INFO     | monitor:scan:273 - Reached Old Files
2026-08-01 01:28:20.186 | INFO     | monitor:scan:303 - No New Serial
2026-08-01 01:28:20.186 | INFO     | monitor:scan:325 - Nothing Changed
2026-08-01 01:28:20.187 | SUCCESS  | monitor:scan:331 - Scan Finished
2026-08-01 01:28:20.187 | INFO     | monitor:start:67 - Sleep 60 Seconds
2026-08-01 01:29:20.188 | INFO     | auth.login:ensure_login:354 - Checking Login...
2026-08-01 01:29:20.188 | SUCCESS  | auth.login:load_saved_token:192 - Saved Token Loaded
2026-08-01 01:29:20.189 | SUCCESS  | auth.login:ensure_login:362 - Using Saved Token
2026-08-01 01:29:20.189 | INFO     | monitor:scan:111 - Scanning Website...
2026-08-01 01:29:20.189 | INFO     | monitor:scan:125 - Loading Page 1
2026-08-01 01:29:20.189 | INFO     | api:get_files:60 - Loading Page 1
2026-08-01 01:29:20.595 | WARNING  | auth.login:get:411 - Access Token Expired
2026-08-01 01:29:20.595 | INFO     | auth.login:login:262 - Logging in...
2026-08-01 01:29:21.034 | SUCCESS  | auth.login:save_token:242 - Token Saved
2026-08-01 01:29:21.035 | SUCCESS  | auth.login:login:340 - Login Successful
2026-08-01 01:29:23.555 | INFO     | api:get_file:84 - Loading File 126d518f-764b-2019-40a6-645aba60ba46
2026-08-01 01:29:23.779 | INFO     | monitor:scan:273 - Reached Old Files
2026-08-01 01:29:23.779 | INFO     | monitor:scan:303 - No New Serial
2026-08-01 01:29:23.780 | INFO     | monitor:scan:325 - Nothing Changed
2026-08-01 01:29:23.780 | SUCCESS  | monitor:scan:331 - Scan Finished
2026-08-01 01:29:23.781 | INFO     | monitor:start:67 - Sleep 60 Seconds
2026-08-01 01:30:23.782 | INFO     | auth.login:ensure_login:354 - Checking Login...
2026-08-01 01:30:23.804 | SUCCESS  | auth.login:load_saved_token:192 - Saved Token Loaded
2026-08-01 01:30:23.805 | SUCCESS  | auth.login:ensure_login:362 - Using Saved Token
2026-08-01 01:30:23.805 | INFO     | monitor:scan:111 - Scanning Website...
2026-08-01 01:30:23.806 | INFO     | monitor:scan:125 - Loading Page 1
2026-08-01 01:30:23.806 | INFO     | api:get_files:60 - Loading Page 1
2026-08-01 01:30:25.245 | INFO     | api:get_file:84 - Loading File 126d518f-764b-2019-40a6-645aba60ba46
2026-08-01 01:30:25.462 | INFO     | monitor:scan:273 - Reached Old Files
2026-08-01 01:30:25.463 | INFO     | monitor:scan:303 - No New Serial
2026-08-01 01:30:25.463 | INFO     | monitor:scan:325 - Nothing Changed
2026-08-01 01:30:25.463 | SUCCESS  | monitor:scan:331 - Scan Finished
2026-08-01 01:30:25.463 | INFO     | monitor:start:67 - Sleep 60 Seconds
2026-08-01 01:31:25.464 | INFO     | auth.login:ensure_login:354 - Checking Login...
2026-08-01 01:31:25.465 | SUCCESS  | auth.login:load_saved_token:192 - Saved Token Loaded
2026-08-01 01:31:25.465 | SUCCESS  | auth.login:ensure_login:362 - Using Saved Token
2026-08-01 01:31:25.465 | INFO     | monitor:scan:111 - Scanning Website...
2026-08-01 01:31:25.465 | INFO     | monitor:scan:125 - Loading Page 1
2026-08-01 01:31:25.466 | INFO     | api:get_files:60 - Loading Page 1
2026-08-01 01:31:26.997 | INFO     | api:get_file:84 - Loading File 126d518f-764b-2019-40a6-645aba60ba46
2026-08-01 01:31:27.223 | INFO     | monitor:scan:273 - Reached Old Files
2026-08-01 01:31:27.224 | INFO     | monitor:scan:303 - No New Serial
2026-08-01 01:31:27.225 | INFO     | monitor:scan:325 - Nothing Changed
2026-08-01 01:31:27.225 | SUCCESS  | monitor:scan:331 - Scan Finished
2026-08-01 01:31:27.226 | INFO     | monitor:start:67 - Sleep 60 Seconds
2026-08-01 01:32:27.227 | INFO     | auth.login:ensure_login:354 - Checking Login...
2026-08-01 01:32:27.227 | SUCCESS  | auth.login:load_saved_token:192 - Saved Token Loaded
2026-08-01 01:32:27.227 | SUCCESS  | auth.login:ensure_login:362 - Using Saved Token
2026-08-01 01:32:27.227 | INFO     | monitor:scan:111 - Scanning Website...
2026-08-01 01:32:27.228 | INFO     | monitor:scan:125 - Loading Page 1
2026-08-01 01:32:27.228 | INFO     | api:get_files:60 - Loading Page 1
2026-08-01 01:32:28.759 | INFO     | api:get_file:84 - Loading File 126d518f-764b-2019-40a6-645aba60ba46
2026-08-01 01:32:28.988 | INFO     | monitor:scan:273 - Reached Old Files
2026-08-01 01:32:28.989 | INFO     | monitor:scan:303 - No New Serial
2026-08-01 01:32:28.989 | INFO     | monitor:scan:325 - Nothing Changed
2026-08-01 01:32:28.990 | SUCCESS  | monitor:scan:331 - Scan Finished
2026-08-01 01:32:28.990 | INFO     | monitor:start:67 - Sleep 60 Seconds
2026-08-01 01:33:28.991 | INFO     | auth.login:ensure_login:354 - Checking Login...
2026-08-01 01:33:28.993 | SUCCESS  | auth.login:load_saved_token:192 - Saved Token Loaded
2026-08-01 01:33:28.993 | SUCCESS  | auth.login:ensure_login:362 - Using Saved Token
2026-08-01 01:33:28.994 | INFO     | monitor:scan:111 - Scanning Website...
2026-08-01 01:33:28.995 | INFO     | monitor:scan:125 - Loading Page 1
2026-08-01 01:33:28.996 | INFO     | api:get_files:60 - Loading Page 1
2026-08-01 01:33:30.509 | INFO     | api:get_file:84 - Loading File 126d518f-764b-2019-40a6-645aba60ba46
2026-08-01 01:33:30.735 | INFO     | monitor:scan:273 - Reached Old Files
2026-08-01 01:33:30.736 | INFO     | monitor:scan:303 - No New Serial
2026-08-01 01:33:30.736 | INFO     | monitor:scan:325 - Nothing Changed
2026-08-01 01:33:30.736 | SUCCESS  | monitor:scan:331 - Scan Finished
2026-08-01 01:33:30.736 | INFO     | monitor:start:67 - Sleep 60 Seconds
2026-08-01 01:34:30.737 | INFO     | auth.login:ensure_login:354 - Checking Login...
2026-08-01 01:34:30.739 | SUCCESS  | auth.login:load_saved_token:192 - Saved Token Loaded
2026-08-01 01:34:30.740 | SUCCESS  | auth.login:ensure_login:362 - Using Saved Token
2026-08-01 01:34:30.741 | INFO     | monitor:scan:111 - Scanning Website...
2026-08-01 01:34:30.743 | INFO     | monitor:scan:125 - Loading Page 1
2026-08-01 01:34:30.743 | INFO     | api:get_files:60 - Loading Page 1
2026-08-01 01:34:34.011 | INFO     | api:get_file:84 - Loading File 126d518f-764b-2019-40a6-645aba60ba46
2026-08-01 01:34:34.231 | INFO     | monitor:scan:273 - Reached Old Files
2026-08-01 01:34:34.231 | INFO     | monitor:scan:303 - No New Serial
2026-08-01 01:34:34.232 | INFO     | monitor:scan:325 - Nothing Changed
2026-08-01 01:34:34.232 | SUCCESS  | monitor:scan:331 - Scan Finished
2026-08-01 01:34:34.232 | INFO     | monitor:start:67 - Sleep 60 Seconds
2026-08-01 01:35:34.233 | INFO     | auth.login:ensure_login:354 - Checking Login...
2026-08-01 01:35:34.237 | SUCCESS  | auth.login:load_saved_token:192 - Saved Token Loaded
2026-08-01 01:35:34.239 | SUCCESS  | auth.login:ensure_login:362 - Using Saved Token
2026-08-01 01:35:34.240 | INFO     | monitor:scan:111 - Scanning Website...
2026-08-01 01:35:34.243 | INFO     | monitor:scan:125 - Loading Page 1
2026-08-01 01:35:34.243 | INFO     | api:get_files:60 - Loading Page 1
2026-08-01 01:35:35.761 | INFO     | api:get_file:84 - Loading File 126d518f-764b-2019-40a6-645aba60ba46
2026-08-01 01:35:35.982 | INFO     | monitor:scan:273 - Reached Old Files
2026-08-01 01:35:35.982 | INFO     | monitor:scan:303 - No New Serial
2026-08-01 01:35:35.983 | INFO     | monitor:scan:325 - Nothing Changed
2026-08-01 01:35:35.984 | SUCCESS  | monitor:scan:331 - Scan Finished
2026-08-01 01:35:35.985 | INFO     | monitor:start:67 - Sleep 60 Seconds
2026-08-01 01:36:35.985 | INFO     | auth.login:ensure_login:354 - Checking Login...
2026-08-01 01:36:35.989 | SUCCESS  | auth.login:load_saved_token:192 - Saved Token Loaded
2026-08-01 01:36:35.990 | SUCCESS  | auth.login:ensure_login:362 - Using Saved Token
2026-08-01 01:36:35.990 | INFO     | monitor:scan:111 - Scanning Website...
2026-08-01 01:36:35.992 | INFO     | monitor:scan:125 - Loading Page 1
2026-08-01 01:36:35.993 | INFO     | api:get_files:60 - Loading Page 1
2026-08-01 01:36:38.920 | INFO     | api:get_file:84 - Loading File 126d518f-764b-2019-40a6-645aba60ba46
2026-08-01 01:36:39.146 | INFO     | monitor:scan:273 - Reached Old Files
2026-08-01 01:36:39.147 | INFO     | monitor:scan:303 - No New Serial
2026-08-01 01:36:39.147 | INFO     | monitor:scan:325 - Nothing Changed
2026-08-01 01:36:39.148 | SUCCESS  | monitor:scan:331 - Scan Finished
2026-08-01 01:36:39.150 | INFO     | monitor:start:67 - Sleep 60 Seconds
2026-08-01 01:37:39.151 | INFO     | auth.login:ensure_login:354 - Checking Login...
2026-08-01 01:37:39.152 | SUCCESS  | auth.login:load_saved_token:192 - Saved Token Loaded
2026-08-01 01:37:39.152 | SUCCESS  | auth.login:ensure_login:362 - Using Saved Token
2026-08-01 01:37:39.152 | INFO     | monitor:scan:111 - Scanning Website...
2026-08-01 01:37:39.153 | INFO     | monitor:scan:125 - Loading Page 1
2026-08-01 01:37:39.153 | INFO     | api:get_files:60 - Loading Page 1
2026-08-01 01:37:40.691 | INFO     | api:get_file:84 - Loading File 126d518f-764b-2019-40a6-645aba60ba46
2026-08-01 01:37:40.911 | INFO     | monitor:scan:273 - Reached Old Files
2026-08-01 01:37:40.912 | INFO     | monitor:scan:303 - No New Serial
2026-08-01 01:37:40.913 | INFO     | monitor:scan:325 - Nothing Changed
2026-08-01 01:37:40.913 | SUCCESS  | monitor:scan:331 - Scan Finished
2026-08-01 01:37:40.915 | INFO     | monitor:start:67 - Sleep 60 Seconds
2026-08-01 01:38:40.917 | INFO     | auth.login:ensure_login:354 - Checking Login...
2026-08-01 01:38:40.920 | SUCCESS  | auth.login:load_saved_token:192 - Saved Token Loaded
2026-08-01 01:38:40.921 | SUCCESS  | auth.login:ensure_login:362 - Using Saved Token
2026-08-01 01:38:40.922 | INFO     | monitor:scan:111 - Scanning Website...
2026-08-01 01:38:40.924 | INFO     | monitor:scan:125 - Loading Page 1
2026-08-01 01:38:40.925 | INFO     | api:get_files:60 - Loading Page 1
2026-08-01 01:38:42.482 | INFO     | api:get_file:84 - Loading File 126d518f-764b-2019-40a6-645aba60ba46
2026-08-01 01:38:42.714 | INFO     | monitor:scan:273 - Reached Old Files
2026-08-01 01:38:42.715 | INFO     | monitor:scan:303 - No New Serial
2026-08-01 01:38:42.716 | INFO     | monitor:scan:325 - Nothing Changed
2026-08-01 01:38:42.716 | SUCCESS  | monitor:scan:331 - Scan Finished
2026-08-01 01:38:42.718 | INFO     | monitor:start:67 - Sleep 60 Seconds
2026-08-01 01:39:42.719 | INFO     | auth.login:ensure_login:354 - Checking Login...
2026-08-01 01:39:42.722 | SUCCESS  | auth.login:load_saved_token:192 - Saved Token Loaded
2026-08-01 01:39:42.724 | SUCCESS  | auth.login:ensure_login:362 - Using Saved Token
2026-08-01 01:39:42.724 | INFO     | monitor:scan:111 - Scanning Website...
2026-08-01 01:39:42.726 | INFO     | monitor:scan:125 - Loading Page 1
2026-08-01 01:39:42.726 | INFO     | api:get_files:60 - Loading Page 1
2026-08-01 01:39:43.120 | WARNING  | auth.login:get:411 - Access Token Expired
2026-08-01 01:39:43.121 | INFO     | auth.login:login:262 - Logging in...
2026-08-01 01:39:43.613 | SUCCESS  | auth.login:save_token:242 - Token Saved
2026-08-01 01:39:43.614 | SUCCESS  | auth.login:login:340 - Login Successful
2026-08-01 01:39:46.062 | INFO     | api:get_file:84 - Loading File 126d518f-764b-2019-40a6-645aba60ba46
2026-08-01 01:39:46.284 | INFO     | monitor:scan:273 - Reached Old Files
2026-08-01 01:39:46.285 | INFO     | monitor:scan:303 - No New Serial
2026-08-01 01:39:46.285 | INFO     | monitor:scan:325 - Nothing Changed
2026-08-01 01:39:46.286 | SUCCESS  | monitor:scan:331 - Scan Finished
2026-08-01 01:39:46.287 | INFO     | monitor:start:67 - Sleep 60 Seconds
2026-08-01 01:40:46.289 | INFO     | auth.login:ensure_login:354 - Checking Login...
2026-08-01 01:40:46.328 | SUCCESS  | auth.login:load_saved_token:192 - Saved Token Loaded
2026-08-01 01:40:46.329 | SUCCESS  | auth.login:ensure_login:362 - Using Saved Token
2026-08-01 01:40:46.329 | INFO     | monitor:scan:111 - Scanning Website...
2026-08-01 01:40:46.330 | INFO     | monitor:scan:125 - Loading Page 1
2026-08-01 01:40:46.330 | INFO     | api:get_files:60 - Loading Page 1
2026-08-01 01:40:47.780 | INFO     | api:get_file:84 - Loading File 126d518f-764b-2019-40a6-645aba60ba46
2026-08-01 01:40:48.001 | INFO     | monitor:scan:273 - Reached Old Files
2026-08-01 01:40:48.002 | INFO     | monitor:scan:303 - No New Serial
2026-08-01 01:40:48.002 | INFO     | monitor:scan:325 - Nothing Changed
2026-08-01 01:40:48.003 | SUCCESS  | monitor:scan:331 - Scan Finished
2026-08-01 01:40:48.004 | INFO     | monitor:start:67 - Sleep 60 Seconds
2026-08-01 01:41:48.005 | INFO     | auth.login:ensure_login:354 - Checking Login...
2026-08-01 01:41:48.007 | SUCCESS  | auth.login:load_saved_token:192 - Saved Token Loaded
2026-08-01 01:41:48.008 | SUCCESS  | auth.login:ensure_login:362 - Using Saved Token
2026-08-01 01:41:48.008 | INFO     | monitor:scan:111 - Scanning Website...
2026-08-01 01:41:48.011 | INFO     | monitor:scan:125 - Loading Page 1
2026-08-01 01:41:48.012 | INFO     | api:get_files:60 - Loading Page 1
2026-08-01 01:41:49.944 | INFO     | api:get_file:84 - Loading File 126d518f-764b-2019-40a6-645aba60ba46
2026-08-01 01:41:50.174 | INFO     | monitor:scan:273 - Reached Old Files
2026-08-01 01:41:50.175 | INFO     | monitor:scan:303 - No New Serial
2026-08-01 01:41:50.176 | INFO     | monitor:scan:325 - Nothing Changed
2026-08-01 01:41:50.177 | SUCCESS  | monitor:scan:331 - Scan Finished
2026-08-01 01:41:50.178 | INFO     | monitor:start:67 - Sleep 60 Seconds
2026-08-01 01:42:50.179 | INFO     | auth.login:ensure_login:354 - Checking Login...
2026-08-01 01:42:50.184 | SUCCESS  | auth.login:load_saved_token:192 - Saved Token Loaded
2026-08-01 01:42:50.185 | SUCCESS  | auth.login:ensure_login:362 - Using Saved Token
2026-08-01 01:42:50.185 | INFO     | monitor:scan:111 - Scanning Website...
2026-08-01 01:42:50.187 | INFO     | monitor:scan:125 - Loading Page 1
2026-08-01 01:42:50.187 | INFO     | api:get_files:60 - Loading Page 1
2026-08-01 01:42:53.311 | INFO     | api:get_file:84 - Loading File 126d518f-764b-2019-40a6-645aba60ba46
2026-08-01 01:42:53.537 | INFO     | monitor:scan:273 - Reached Old Files
2026-08-01 01:42:53.538 | INFO     | monitor:scan:303 - No New Serial
2026-08-01 01:42:53.538 | INFO     | monitor:scan:325 - Nothing Changed
2026-08-01 01:42:53.538 | SUCCESS  | monitor:scan:331 - Scan Finished
2026-08-01 01:42:53.538 | INFO     | monitor:start:67 - Sleep 60 Seconds
2026-08-01 01:43:53.539 | INFO     | auth.login:ensure_login:354 - Checking Login...
2026-08-01 01:43:53.540 | SUCCESS  | auth.login:load_saved_token:192 - Saved Token Loaded
2026-08-01 01:43:53.540 | SUCCESS  | auth.login:ensure_login:362 - Using Saved Token
2026-08-01 01:43:53.541 | INFO     | monitor:scan:111 - Scanning Website...
2026-08-01 01:43:53.541 | INFO     | monitor:scan:125 - Loading Page 1
2026-08-01 01:43:53.542 | INFO     | api:get_files:60 - Loading Page 1
2026-08-01 01:43:56.542 | INFO     | api:get_file:84 - Loading File 126d518f-764b-2019-40a6-645aba60ba46
2026-08-01 01:43:56.762 | INFO     | monitor:scan:273 - Reached Old Files
2026-08-01 01:43:56.763 | INFO     | monitor:scan:303 - No New Serial
2026-08-01 01:43:56.763 | INFO     | monitor:scan:325 - Nothing Changed
2026-08-01 01:43:56.764 | SUCCESS  | monitor:scan:331 - Scan Finished
2026-08-01 01:43:56.765 | INFO     | monitor:start:67 - Sleep 60 Seconds
2026-08-01 01:44:56.765 | INFO     | auth.login:ensure_login:354 - Checking Login...
2026-08-01 01:44:56.766 | SUCCESS  | auth.login:load_saved_token:192 - Saved Token Loaded
2026-08-01 01:44:56.766 | SUCCESS  | auth.login:ensure_login:362 - Using Saved Token
2026-08-01 01:44:56.767 | INFO     | monitor:scan:111 - Scanning Website...
2026-08-01 01:44:56.767 | INFO     | monitor:scan:125 - Loading Page 1
2026-08-01 01:44:56.768 | INFO     | api:get_files:60 - Loading Page 1
2026-08-01 01:44:58.256 | INFO     | api:get_file:84 - Loading File 126d518f-764b-2019-40a6-645aba60ba46
2026-08-01 01:44:58.484 | INFO     | monitor:scan:273 - Reached Old Files
2026-08-01 01:44:58.485 | INFO     | monitor:scan:303 - No New Serial
2026-08-01 01:44:58.485 | INFO     | monitor:scan:325 - Nothing Changed
2026-08-01 01:44:58.486 | SUCCESS  | monitor:scan:331 - Scan Finished
2026-08-01 01:44:58.487 | INFO     | monitor:start:67 - Sleep 60 Seconds
2026-08-01 01:45:58.488 | INFO     | auth.login:ensure_login:354 - Checking Login...
2026-08-01 01:45:58.491 | SUCCESS  | auth.login:load_saved_token:192 - Saved Token Loaded
2026-08-01 01:45:58.492 | SUCCESS  | auth.login:ensure_login:362 - Using Saved Token
2026-08-01 01:45:58.492 | INFO     | monitor:scan:111 - Scanning Website...
2026-08-01 01:45:58.496 | INFO     | monitor:scan:125 - Loading Page 1
2026-08-01 01:45:58.497 | INFO     | api:get_files:60 - Loading Page 1
2026-08-01 01:46:00.197 | INFO     | api:get_file:84 - Loading File 126d518f-764b-2019-40a6-645aba60ba46
2026-08-01 01:46:00.429 | INFO     | monitor:scan:273 - Reached Old Files
2026-08-01 01:46:00.429 | INFO     | monitor:scan:303 - No New Serial
2026-08-01 01:46:00.429 | INFO     | monitor:scan:325 - Nothing Changed
2026-08-01 01:46:00.430 | SUCCESS  | monitor:scan:331 - Scan Finished
2026-08-01 01:46:00.430 | INFO     | monitor:start:67 - Sleep 60 Seconds
2026-08-01 01:47:00.431 | INFO     | auth.login:ensure_login:354 - Checking Login...
2026-08-01 01:47:00.434 | SUCCESS  | auth.login:load_saved_token:192 - Saved Token Loaded
2026-08-01 01:47:00.434 | SUCCESS  | auth.login:ensure_login:362 - Using Saved Token
2026-08-01 01:47:00.435 | INFO     | monitor:scan:111 - Scanning Website...
2026-08-01 01:47:00.437 | INFO     | monitor:scan:125 - Loading Page 1
2026-08-01 01:47:00.437 | INFO     | api:get_files:60 - Loading Page 1
2026-08-01 01:47:01.994 | INFO     | api:get_file:84 - Loading File 126d518f-764b-2019-40a6-645aba60ba46
2026-08-01 01:47:02.223 | INFO     | monitor:scan:273 - Reached Old Files
2026-08-01 01:47:02.224 | INFO     | monitor:scan:303 - No New Serial
2026-08-01 01:47:02.225 | INFO     | monitor:scan:325 - Nothing Changed
2026-08-01 01:47:02.226 | SUCCESS  | monitor:scan:331 - Scan Finished
2026-08-01 01:47:02.228 | INFO     | monitor:start:67 - Sleep 60 Seconds
2026-08-01 01:48:02.229 | INFO     | auth.login:ensure_login:354 - Checking Login...
2026-08-01 01:48:02.231 | SUCCESS  | auth.login:load_saved_token:192 - Saved Token Loaded
2026-08-01 01:48:02.232 | SUCCESS  | auth.login:ensure_login:362 - Using Saved Token
2026-08-01 01:48:02.232 | INFO     | monitor:scan:111 - Scanning Website...
2026-08-01 01:48:02.235 | INFO     | monitor:scan:125 - Loading Page 1
2026-08-01 01:48:02.235 | INFO     | api:get_files:60 - Loading Page 1
2026-08-01 01:48:03.759 | INFO     | api:get_file:84 - Loading File 126d518f-764b-2019-40a6-645aba60ba46
2026-08-01 01:48:03.994 | INFO     | monitor:scan:273 - Reached Old Files
2026-08-01 01:48:03.995 | INFO     | monitor:scan:303 - No New Serial
2026-08-01 01:48:03.995 | INFO     | monitor:scan:325 - Nothing Changed
2026-08-01 01:48:03.995 | SUCCESS  | monitor:scan:331 - Scan Finished
2026-08-01 01:48:03.995 | INFO     | monitor:start:67 - Sleep 60 Seconds
2026-08-01 01:49:03.996 | INFO     | auth.login:ensure_login:354 - Checking Login...
2026-08-01 01:49:03.999 | SUCCESS  | auth.login:load_saved_token:192 - Saved Token Loaded
2026-08-01 01:49:04.000 | SUCCESS  | auth.login:ensure_login:362 - Using Saved Token
2026-08-01 01:49:04.001 | INFO     | monitor:scan:111 - Scanning Website...
2026-08-01 01:49:04.002 | INFO     | monitor:scan:125 - Loading Page 1
2026-08-01 01:49:04.003 | INFO     | api:get_files:60 - Loading Page 1
2026-08-01 01:49:05.521 | INFO     | api:get_file:84 - Loading File 126d518f-764b-2019-40a6-645aba60ba46
2026-08-01 01:49:05.753 | INFO     | monitor:scan:273 - Reached Old Files
2026-08-01 01:49:05.754 | INFO     | monitor:scan:303 - No New Serial
2026-08-01 01:49:05.755 | INFO     | monitor:scan:325 - Nothing Changed
2026-08-01 01:49:05.755 | SUCCESS  | monitor:scan:331 - Scan Finished
2026-08-01 01:49:05.756 | INFO     | monitor:start:67 - Sleep 60 Seconds
2026-08-01 01:50:05.757 | INFO     | auth.login:ensure_login:354 - Checking Login...
2026-08-01 01:50:05.759 | SUCCESS  | auth.login:load_saved_token:192 - Saved Token Loaded
2026-08-01 01:50:05.760 | SUCCESS  | auth.login:ensure_login:362 - Using Saved Token
2026-08-01 01:50:05.760 | INFO     | monitor:scan:111 - Scanning Website...
2026-08-01 01:50:05.762 | INFO     | monitor:scan:125 - Loading Page 1
2026-08-01 01:50:05.762 | INFO     | api:get_files:60 - Loading Page 1
2026-08-01 01:50:06.157 | WARNING  | auth.login:get:411 - Access Token Expired
2026-08-01 01:50:06.157 | INFO     | auth.login:login:262 - Logging in...
2026-08-01 01:50:06.624 | SUCCESS  | auth.login:save_token:242 - Token Saved
2026-08-01 01:50:06.625 | SUCCESS  | auth.login:login:340 - Login Successful
2026-08-01 01:50:07.776 | INFO     | api:get_file:84 - Loading File 126d518f-764b-2019-40a6-645aba60ba46
2026-08-01 01:50:08.003 | INFO     | monitor:scan:273 - Reached Old Files
2026-08-01 01:50:08.004 | INFO     | monitor:scan:303 - No New Serial
2026-08-01 01:50:08.004 | INFO     | monitor:scan:325 - Nothing Changed
2026-08-01 01:50:08.005 | SUCCESS  | monitor:scan:331 - Scan Finished
2026-08-01 01:50:08.006 | INFO     | monitor:start:67 - Sleep 60 Seconds
2026-08-01 01:51:08.007 | INFO     | auth.login:ensure_login:354 - Checking Login...
2026-08-01 01:51:08.037 | SUCCESS  | auth.login:load_saved_token:192 - Saved Token Loaded
2026-08-01 01:51:08.037 | SUCCESS  | auth.login:ensure_login:362 - Using Saved Token
2026-08-01 01:51:08.038 | INFO     | monitor:scan:111 - Scanning Website...
2026-08-01 01:51:08.039 | INFO     | monitor:scan:125 - Loading Page 1
2026-08-01 01:51:08.039 | INFO     | api:get_files:60 - Loading Page 1
2026-08-01 01:51:09.491 | INFO     | api:get_file:84 - Loading File 126d518f-764b-2019-40a6-645aba60ba46
2026-08-01 01:51:09.710 | INFO     | monitor:scan:273 - Reached Old Files
2026-08-01 01:51:09.711 | INFO     | monitor:scan:303 - No New Serial
2026-08-01 01:51:09.712 | INFO     | monitor:scan:325 - Nothing Changed
2026-08-01 01:51:09.712 | SUCCESS  | monitor:scan:331 - Scan Finished
2026-08-01 01:51:09.714 | INFO     | monitor:start:67 - Sleep 60 Seconds
2026-08-01 01:52:09.715 | INFO     | auth.login:ensure_login:354 - Checking Login...
2026-08-01 01:52:09.718 | SUCCESS  | auth.login:load_saved_token:192 - Saved Token Loaded
2026-08-01 01:52:09.719 | SUCCESS  | auth.login:ensure_login:362 - Using Saved Token
2026-08-01 01:52:09.719 | INFO     | monitor:scan:111 - Scanning Website...
2026-08-01 01:52:09.720 | INFO     | monitor:scan:125 - Loading Page 1
2026-08-01 01:52:09.721 | INFO     | api:get_files:60 - Loading Page 1
2026-08-01 01:52:12.086 | INFO     | api:get_file:84 - Loading File 126d518f-764b-2019-40a6-645aba60ba46
2026-08-01 01:52:12.313 | INFO     | monitor:scan:273 - Reached Old Files
2026-08-01 01:52:12.314 | INFO     | monitor:scan:303 - No New Serial
2026-08-01 01:52:12.314 | INFO     | monitor:scan:325 - Nothing Changed
2026-08-01 01:52:12.315 | SUCCESS  | monitor:scan:331 - Scan Finished
2026-08-01 01:52:12.315 | INFO     | monitor:start:67 - Sleep 60 Seconds
2026-08-01 01:53:12.318 | INFO     | auth.login:ensure_login:354 - Checking Login...
2026-08-01 01:53:12.320 | SUCCESS  | auth.login:load_saved_token:192 - Saved Token Loaded
2026-08-01 01:53:12.321 | SUCCESS  | auth.login:ensure_login:362 - Using Saved Token
2026-08-01 01:53:12.322 | INFO     | monitor:scan:111 - Scanning Website...
2026-08-01 01:53:12.323 | INFO     | monitor:scan:125 - Loading Page 1
2026-08-01 01:53:12.324 | INFO     | api:get_files:60 - Loading Page 1
2026-08-01 01:53:13.866 | INFO     | api:get_file:84 - Loading File 126d518f-764b-2019-40a6-645aba60ba46
2026-08-01 01:53:14.092 | INFO     | monitor:scan:273 - Reached Old Files
2026-08-01 01:53:14.093 | INFO     | monitor:scan:303 - No New Serial
2026-08-01 01:53:14.093 | INFO     | monitor:scan:325 - Nothing Changed
2026-08-01 01:53:14.094 | SUCCESS  | monitor:scan:331 - Scan Finished
2026-08-01 01:53:14.094 | INFO     | monitor:start:67 - Sleep 60 Seconds
2026-08-01 01:54:14.096 | INFO     | auth.login:ensure_login:354 - Checking Login...
2026-08-01 01:54:14.098 | SUCCESS  | auth.login:load_saved_token:192 - Saved Token Loaded
2026-08-01 01:54:14.098 | SUCCESS  | auth.login:ensure_login:362 - Using Saved Token
2026-08-01 01:54:14.098 | INFO     | monitor:scan:111 - Scanning Website...
2026-08-01 01:54:14.100 | INFO     | monitor:scan:125 - Loading Page 1
2026-08-01 01:54:14.101 | INFO     | api:get_files:60 - Loading Page 1
2026-08-01 01:54:15.786 | INFO     | api:get_file:84 - Loading File 126d518f-764b-2019-40a6-645aba60ba46
2026-08-01 01:54:16.015 | INFO     | monitor:scan:273 - Reached Old Files
2026-08-01 01:54:16.016 | INFO     | monitor:scan:303 - No New Serial
2026-08-01 01:54:16.016 | INFO     | monitor:scan:325 - Nothing Changed
2026-08-01 01:54:16.017 | SUCCESS  | monitor:scan:331 - Scan Finished
2026-08-01 01:54:16.017 | INFO     | monitor:start:67 - Sleep 60 Seconds
2026-08-01 01:55:16.019 | INFO     | auth.login:ensure_login:354 - Checking Login...
2026-08-01 01:55:16.021 | SUCCESS  | auth.login:load_saved_token:192 - Saved Token Loaded
2026-08-01 01:55:16.022 | SUCCESS  | auth.login:ensure_login:362 - Using Saved Token
2026-08-01 01:55:16.022 | INFO     | monitor:scan:111 - Scanning Website...
2026-08-01 01:55:16.025 | INFO     | monitor:scan:125 - Loading Page 1
2026-08-01 01:55:16.025 | INFO     | api:get_files:60 - Loading Page 1
2026-08-01 01:55:17.704 | INFO     | api:get_file:84 - Loading File 126d518f-764b-2019-40a6-645aba60ba46
2026-08-01 01:55:17.930 | INFO     | monitor:scan:273 - Reached Old Files
2026-08-01 01:55:17.931 | INFO     | monitor:scan:303 - No New Serial
2026-08-01 01:55:17.931 | INFO     | monitor:scan:325 - Nothing Changed
2026-08-01 01:55:17.931 | SUCCESS  | monitor:scan:331 - Scan Finished
2026-08-01 01:55:17.931 | INFO     | monitor:start:67 - Sleep 60 Seconds
2026-08-01 01:56:17.932 | INFO     | auth.login:ensure_login:354 - Checking Login...
2026-08-01 01:56:17.934 | SUCCESS  | auth.login:load_saved_token:192 - Saved Token Loaded
2026-08-01 01:56:17.934 | SUCCESS  | auth.login:ensure_login:362 - Using Saved Token
2026-08-01 01:56:17.935 | INFO     | monitor:scan:111 - Scanning Website...
2026-08-01 01:56:17.936 | INFO     | monitor:scan:125 - Loading Page 1
2026-08-01 01:56:17.936 | INFO     | api:get_files:60 - Loading Page 1
2026-08-01 01:56:19.620 | INFO     | api:get_file:84 - Loading File 126d518f-764b-2019-40a6-645aba60ba46
2026-08-01 01:56:19.852 | INFO     | monitor:scan:273 - Reached Old Files
2026-08-01 01:56:19.853 | INFO     | monitor:scan:303 - No New Serial
2026-08-01 01:56:19.854 | INFO     | monitor:scan:325 - Nothing Changed
2026-08-01 01:56:19.856 | SUCCESS  | monitor:scan:331 - Scan Finished
2026-08-01 01:56:19.859 | INFO     | monitor:start:67 - Sleep 60 Seconds
2026-08-01 01:57:19.860 | INFO     | auth.login:ensure_login:354 - Checking Login...
2026-08-01 01:57:19.861 | SUCCESS  | auth.login:load_saved_token:192 - Saved Token Loaded
2026-08-01 01:57:19.861 | SUCCESS  | auth.login:ensure_login:362 - Using Saved Token
2026-08-01 01:57:19.861 | INFO     | monitor:scan:111 - Scanning Website...
2026-08-01 01:57:19.862 | INFO     | monitor:scan:125 - Loading Page 1
2026-08-01 01:57:19.862 | INFO     | api:get_files:60 - Loading Page 1
2026-08-01 01:57:21.563 | INFO     | api:get_file:84 - Loading File 126d518f-764b-2019-40a6-645aba60ba46
2026-08-01 01:57:21.793 | INFO     | monitor:scan:273 - Reached Old Files
2026-08-01 01:57:21.794 | INFO     | monitor:scan:303 - No New Serial
2026-08-01 01:57:21.795 | INFO     | monitor:scan:325 - Nothing Changed
2026-08-01 01:57:21.796 | SUCCESS  | monitor:scan:331 - Scan Finished
2026-08-01 01:57:21.798 | INFO     | monitor:start:67 - Sleep 60 Seconds
2026-08-01 01:58:21.799 | INFO     | auth.login:ensure_login:354 - Checking Login...
2026-08-01 01:58:21.802 | SUCCESS  | auth.login:load_saved_token:192 - Saved Token Loaded
2026-08-01 01:58:21.804 | SUCCESS  | auth.login:ensure_login:362 - Using Saved Token
2026-08-01 01:58:21.805 | INFO     | monitor:scan:111 - Scanning Website...
2026-08-01 01:58:21.808 | INFO     | monitor:scan:125 - Loading Page 1
2026-08-01 01:58:21.808 | INFO     | api:get_files:60 - Loading Page 1
2026-08-01 01:58:23.224 | INFO     | api:get_file:84 - Loading File 126d518f-764b-2019-40a6-645aba60ba46
2026-08-01 01:58:23.443 | INFO     | monitor:scan:273 - Reached Old Files
2026-08-01 01:58:23.444 | INFO     | monitor:scan:303 - No New Serial
2026-08-01 01:58:23.444 | INFO     | monitor:scan:325 - Nothing Changed
2026-08-01 01:58:23.444 | SUCCESS  | monitor:scan:331 - Scan Finished
2026-08-01 01:58:23.445 | INFO     | monitor:start:67 - Sleep 60 Seconds
2026-08-01 01:59:23.446 | INFO     | auth.login:ensure_login:354 - Checking Login...
2026-08-01 01:59:23.447 | SUCCESS  | auth.login:load_saved_token:192 - Saved Token Loaded
2026-08-01 01:59:23.447 | SUCCESS  | auth.login:ensure_login:362 - Using Saved Token
2026-08-01 01:59:23.447 | INFO     | monitor:scan:111 - Scanning Website...
2026-08-01 01:59:23.448 | INFO     | monitor:scan:125 - Loading Page 1
2026-08-01 01:59:23.448 | INFO     | api:get_files:60 - Loading Page 1
2026-08-01 01:59:24.996 | INFO     | api:get_file:84 - Loading File 126d518f-764b-2019-40a6-645aba60ba46
2026-08-01 01:59:25.224 | INFO     | monitor:scan:273 - Reached Old Files
2026-08-01 01:59:25.225 | INFO     | monitor:scan:303 - No New Serial
2026-08-01 01:59:25.226 | INFO     | monitor:scan:325 - Nothing Changed
2026-08-01 01:59:25.226 | SUCCESS  | monitor:scan:331 - Scan Finished
2026-08-01 01:59:25.227 | INFO     | monitor:start:67 - Sleep 60 Seconds
2026-08-01 02:00:25.229 | INFO     | auth.login:ensure_login:354 - Checking Login...
2026-08-01 02:00:25.231 | SUCCESS  | auth.login:load_saved_token:192 - Saved Token Loaded
2026-08-01 02:00:25.232 | SUCCESS  | auth.login:ensure_login:362 - Using Saved Token
2026-08-01 02:00:25.232 | INFO     | monitor:scan:111 - Scanning Website...
2026-08-01 02:00:25.234 | INFO     | monitor:scan:125 - Loading Page 1
2026-08-01 02:00:25.235 | INFO     | api:get_files:60 - Loading Page 1
2026-08-01 02:00:25.669 | WARNING  | auth.login:get:411 - Access Token Expired
2026-08-01 02:00:25.669 | INFO     | auth.login:login:262 - Logging in...
2026-08-01 02:00:26.132 | SUCCESS  | auth.login:save_token:242 - Token Saved
2026-08-01 02:00:26.132 | SUCCESS  | auth.login:login:340 - Login Successful
2026-08-01 02:00:27.319 | INFO     | api:get_file:84 - Loading File 126d518f-764b-2019-40a6-645aba60ba46
2026-08-01 02:00:27.547 | INFO     | monitor:scan:273 - Reached Old Files
2026-08-01 02:00:27.547 | INFO     | monitor:scan:303 - No New Serial
2026-08-01 02:00:27.547 | INFO     | monitor:scan:325 - Nothing Changed
2026-08-01 02:00:27.548 | SUCCESS  | monitor:scan:331 - Scan Finished
2026-08-01 02:00:27.548 | INFO     | monitor:start:67 - Sleep 60 Seconds
2026-08-01 02:01:27.549 | INFO     | auth.login:ensure_login:354 - Checking Login...
2026-08-01 02:01:27.569 | SUCCESS  | auth.login:load_saved_token:192 - Saved Token Loaded
2026-08-01 02:01:27.569 | SUCCESS  | auth.login:ensure_login:362 - Using Saved Token
2026-08-01 02:01:27.570 | INFO     | monitor:scan:111 - Scanning Website...
2026-08-01 02:01:27.571 | INFO     | monitor:scan:125 - Loading Page 1
2026-08-01 02:01:27.571 | INFO     | api:get_files:60 - Loading Page 1
2026-08-01 02:01:29.186 | INFO     | api:get_file:84 - Loading File 126d518f-764b-2019-40a6-645aba60ba46
2026-08-01 02:01:29.413 | INFO     | monitor:scan:273 - Reached Old Files
2026-08-01 02:01:29.413 | INFO     | monitor:scan:303 - No New Serial
2026-08-01 02:01:29.413 | INFO     | monitor:scan:325 - Nothing Changed
2026-08-01 02:01:29.413 | SUCCESS  | monitor:scan:331 - Scan Finished
2026-08-01 02:01:29.414 | INFO     | monitor:start:67 - Sleep 60 Seconds
2026-08-01 02:02:29.415 | INFO     | auth.login:ensure_login:354 - Checking Login...
2026-08-01 02:02:29.417 | SUCCESS  | auth.login:load_saved_token:192 - Saved Token Loaded
2026-08-01 02:02:29.418 | SUCCESS  | auth.login:ensure_login:362 - Using Saved Token
2026-08-01 02:02:29.418 | INFO     | monitor:scan:111 - Scanning Website...
2026-08-01 02:02:29.420 | INFO     | monitor:scan:125 - Loading Page 1
2026-08-01 02:02:29.421 | INFO     | api:get_files:60 - Loading Page 1
2026-08-01 02:02:30.983 | INFO     | api:get_file:84 - Loading File 126d518f-764b-2019-40a6-645aba60ba46
2026-08-01 02:02:31.212 | INFO     | monitor:scan:273 - Reached Old Files
2026-08-01 02:02:31.213 | INFO     | monitor:scan:303 - No New Serial
2026-08-01 02:02:31.213 | INFO     | monitor:scan:325 - Nothing Changed
2026-08-01 02:02:31.214 | SUCCESS  | monitor:scan:331 - Scan Finished
2026-08-01 02:02:31.214 | INFO     | monitor:start:67 - Sleep 60 Seconds
2026-08-01 02:03:31.216 | INFO     | auth.login:ensure_login:354 - Checking Login...
2026-08-01 02:03:31.219 | SUCCESS  | auth.login:load_saved_token:192 - Saved Token Loaded
2026-08-01 02:03:31.219 | SUCCESS  | auth.login:ensure_login:362 - Using Saved Token
2026-08-01 02:03:31.220 | INFO     | monitor:scan:111 - Scanning Website...
2026-08-01 02:03:31.221 | INFO     | monitor:scan:125 - Loading Page 1
2026-08-01 02:03:31.222 | INFO     | api:get_files:60 - Loading Page 1
2026-08-01 02:03:32.942 | INFO     | api:get_file:84 - Loading File 126d518f-764b-2019-40a6-645aba60ba46
2026-08-01 02:03:33.172 | INFO     | monitor:scan:273 - Reached Old Files
2026-08-01 02:03:33.173 | INFO     | monitor:scan:303 - No New Serial
2026-08-01 02:03:33.174 | INFO     | monitor:scan:325 - Nothing Changed
2026-08-01 02:03:33.175 | SUCCESS  | monitor:scan:331 - Scan Finished
2026-08-01 02:03:33.178 | INFO     | monitor:start:67 - Sleep 60 Seconds
2026-08-01 02:04:33.179 | INFO     | auth.login:ensure_login:354 - Checking Login...
2026-08-01 02:04:33.181 | SUCCESS  | auth.login:load_saved_token:192 - Saved Token Loaded
2026-08-01 02:04:33.182 | SUCCESS  | auth.login:ensure_login:362 - Using Saved Token
2026-08-01 02:04:33.182 | INFO     | monitor:scan:111 - Scanning Website...
2026-08-01 02:04:33.183 | INFO     | monitor:scan:125 - Loading Page 1
2026-08-01 02:04:33.183 | INFO     | api:get_files:60 - Loading Page 1
2026-08-01 02:04:34.618 | INFO     | api:get_file:84 - Loading File 126d518f-764b-2019-40a6-645aba60ba46
2026-08-01 02:04:34.835 | INFO     | monitor:scan:273 - Reached Old Files
2026-08-01 02:04:34.835 | INFO     | monitor:scan:303 - No New Serial
2026-08-01 02:04:34.835 | INFO     | monitor:scan:325 - Nothing Changed
2026-08-01 02:04:34.835 | SUCCESS  | monitor:scan:331 - Scan Finished
2026-08-01 02:04:34.836 | INFO     | monitor:start:67 - Sleep 60 Seconds
2026-08-01 02:05:34.837 | INFO     | auth.login:ensure_login:354 - Checking Login...
2026-08-01 02:05:34.839 | SUCCESS  | auth.login:load_saved_token:192 - Saved Token Loaded
2026-08-01 02:05:34.840 | SUCCESS  | auth.login:ensure_login:362 - Using Saved Token
2026-08-01 02:05:34.842 | INFO     | monitor:scan:111 - Scanning Website...
2026-08-01 02:05:34.843 | INFO     | monitor:scan:125 - Loading Page 1
2026-08-01 02:05:34.843 | INFO     | api:get_files:60 - Loading Page 1
2026-08-01 02:05:38.036 | INFO     | api:get_file:84 - Loading File 126d518f-764b-2019-40a6-645aba60ba46
2026-08-01 02:05:38.265 | INFO     | monitor:scan:273 - Reached Old Files
2026-08-01 02:05:38.266 | INFO     | monitor:scan:303 - No New Serial
2026-08-01 02:05:38.266 | INFO     | monitor:scan:325 - Nothing Changed
2026-08-01 02:05:38.267 | SUCCESS  | monitor:scan:331 - Scan Finished
2026-08-01 02:05:38.268 | INFO     | monitor:start:67 - Sleep 60 Seconds
2026-08-01 02:06:38.269 | INFO     | auth.login:ensure_login:354 - Checking Login...
2026-08-01 02:06:38.270 | SUCCESS  | auth.login:load_saved_token:192 - Saved Token Loaded
2026-08-01 02:06:38.271 | SUCCESS  | auth.login:ensure_login:362 - Using Saved Token
2026-08-01 02:06:38.271 | INFO     | monitor:scan:111 - Scanning Website...
2026-08-01 02:06:38.272 | INFO     | monitor:scan:125 - Loading Page 1
2026-08-01 02:06:38.273 | INFO     | api:get_files:60 - Loading Page 1
2026-08-01 02:06:41.557 | INFO     | api:get_file:84 - Loading File 126d518f-764b-2019-40a6-645aba60ba46
2026-08-01 02:06:41.786 | INFO     | monitor:scan:273 - Reached Old Files
2026-08-01 02:06:41.788 | INFO     | monitor:scan:303 - No New Serial
2026-08-01 02:06:41.788 | INFO     | monitor:scan:325 - Nothing Changed
2026-08-01 02:06:41.788 | SUCCESS  | monitor:scan:331 - Scan Finished
2026-08-01 02:06:41.789 | INFO     | monitor:start:67 - Sleep 60 Seconds
2026-08-01 02:07:41.790 | INFO     | auth.login:ensure_login:354 - Checking Login...
2026-08-01 02:07:41.795 | SUCCESS  | auth.login:load_saved_token:192 - Saved Token Loaded
2026-08-01 02:07:41.796 | SUCCESS  | auth.login:ensure_login:362 - Using Saved Token
2026-08-01 02:07:41.797 | INFO     | monitor:scan:111 - Scanning Website...
2026-08-01 02:07:41.800 | INFO     | monitor:scan:125 - Loading Page 1
2026-08-01 02:07:41.800 | INFO     | api:get_files:60 - Loading Page 1
2026-08-01 02:07:44.398 | INFO     | api:get_file:84 - Loading File 126d518f-764b-2019-40a6-645aba60ba46
2026-08-01 02:07:44.629 | INFO     | monitor:scan:273 - Reached Old Files
2026-08-01 02:07:44.629 | INFO     | monitor:scan:303 - No New Serial
2026-08-01 02:07:44.629 | INFO     | monitor:scan:325 - Nothing Changed
2026-08-01 02:07:44.630 | SUCCESS  | monitor:scan:331 - Scan Finished
2026-08-01 02:07:44.630 | INFO     | monitor:start:67 - Sleep 60 Seconds
2026-08-01 02:08:44.631 | INFO     | auth.login:ensure_login:354 - Checking Login...
2026-08-01 02:08:44.633 | SUCCESS  | auth.login:load_saved_token:192 - Saved Token Loaded
2026-08-01 02:08:44.634 | SUCCESS  | auth.login:ensure_login:362 - Using Saved Token
2026-08-01 02:08:44.634 | INFO     | monitor:scan:111 - Scanning Website...
2026-08-01 02:08:44.636 | INFO     | monitor:scan:125 - Loading Page 1
2026-08-01 02:08:44.637 | INFO     | api:get_files:60 - Loading Page 1
2026-08-01 02:08:46.139 | INFO     | api:get_file:84 - Loading File 126d518f-764b-2019-40a6-645aba60ba46
2026-08-01 02:08:46.370 | INFO     | monitor:scan:273 - Reached Old Files
2026-08-01 02:08:46.370 | INFO     | monitor:scan:303 - No New Serial
2026-08-01 02:08:46.371 | INFO     | monitor:scan:325 - Nothing Changed
2026-08-01 02:08:46.371 | SUCCESS  | monitor:scan:331 - Scan Finished
2026-08-01 02:08:46.371 | INFO     | monitor:start:67 - Sleep 60 Seconds
2026-08-01 02:09:46.372 | INFO     | auth.login:ensure_login:354 - Checking Login...
2026-08-01 02:09:46.374 | SUCCESS  | auth.login:load_saved_token:192 - Saved Token Loaded
2026-08-01 02:09:46.375 | SUCCESS  | auth.login:ensure_login:362 - Using Saved Token
2026-08-01 02:09:46.375 | INFO     | monitor:scan:111 - Scanning Website...
2026-08-01 02:09:46.377 | INFO     | monitor:scan:125 - Loading Page 1
2026-08-01 02:09:46.377 | INFO     | api:get_files:60 - Loading Page 1
2026-08-01 02:09:48.411 | INFO     | api:get_file:84 - Loading File 126d518f-764b-2019-40a6-645aba60ba46
2026-08-01 02:09:48.641 | INFO     | monitor:scan:273 - Reached Old Files
2026-08-01 02:09:48.642 | INFO     | monitor:scan:303 - No New Serial
2026-08-01 02:09:48.642 | INFO     | monitor:scan:325 - Nothing Changed
2026-08-01 02:09:48.643 | SUCCESS  | monitor:scan:331 - Scan Finished
2026-08-01 02:09:48.644 | INFO     | monitor:start:67 - Sleep 60 Seconds
2026-08-01 02:10:48.645 | INFO     | auth.login:ensure_login:354 - Checking Login...
2026-08-01 02:10:48.648 | SUCCESS  | auth.login:load_saved_token:192 - Saved Token Loaded
2026-08-01 02:10:48.649 | SUCCESS  | auth.login:ensure_login:362 - Using Saved Token
2026-08-01 02:10:48.649 | INFO     | monitor:scan:111 - Scanning Website...
2026-08-01 02:10:48.651 | INFO     | monitor:scan:125 - Loading Page 1
2026-08-01 02:10:48.652 | INFO     | api:get_files:60 - Loading Page 1
2026-08-01 02:10:49.083 | WARNING  | auth.login:get:411 - Access Token Expired
2026-08-01 02:10:49.084 | INFO     | auth.login:login:262 - Logging in...
2026-08-01 02:10:49.588 | SUCCESS  | auth.login:save_token:242 - Token Saved
2026-08-01 02:10:49.589 | SUCCESS  | auth.login:login:340 - Login Successful
2026-08-01 02:10:50.738 | INFO     | api:get_file:84 - Loading File 126d518f-764b-2019-40a6-645aba60ba46
2026-08-01 02:10:50.965 | INFO     | monitor:scan:273 - Reached Old Files
2026-08-01 02:10:50.965 | INFO     | monitor:scan:303 - No New Serial
2026-08-01 02:10:50.965 | INFO     | monitor:scan:325 - Nothing Changed
2026-08-01 02:10:50.966 | SUCCESS  | monitor:scan:331 - Scan Finished
2026-08-01 02:10:50.966 | INFO     | monitor:start:67 - Sleep 60 Seconds
2026-08-01 02:11:50.967 | INFO     | auth.login:ensure_login:354 - Checking Login...
2026-08-01 02:11:51.007 | SUCCESS  | auth.login:load_saved_token:192 - Saved Token Loaded
2026-08-01 02:11:51.007 | SUCCESS  | auth.login:ensure_login:362 - Using Saved Token
2026-08-01 02:11:51.007 | INFO     | monitor:scan:111 - Scanning Website...
2026-08-01 02:11:51.008 | INFO     | monitor:scan:125 - Loading Page 1
2026-08-01 02:11:51.008 | INFO     | api:get_files:60 - Loading Page 1
2026-08-01 02:11:52.461 | INFO     | api:get_file:84 - Loading File 126d518f-764b-2019-40a6-645aba60ba46
2026-08-01 02:11:52.682 | INFO     | monitor:scan:273 - Reached Old Files
2026-08-01 02:11:52.682 | INFO     | monitor:scan:303 - No New Serial
2026-08-01 02:11:52.682 | INFO     | monitor:scan:325 - Nothing Changed
2026-08-01 02:11:52.683 | SUCCESS  | monitor:scan:331 - Scan Finished
2026-08-01 02:11:52.684 | INFO     | monitor:start:67 - Sleep 60 Seconds
2026-08-01 02:12:52.685 | INFO     | auth.login:ensure_login:354 - Checking Login...
2026-08-01 02:12:52.687 | SUCCESS  | auth.login:load_saved_token:192 - Saved Token Loaded
2026-08-01 02:12:52.687 | SUCCESS  | auth.login:ensure_login:362 - Using Saved Token
2026-08-01 02:12:52.687 | INFO     | monitor:scan:111 - Scanning Website...
2026-08-01 02:12:52.688 | INFO     | monitor:scan:125 - Loading Page 1
2026-08-01 02:12:52.689 | INFO     | api:get_files:60 - Loading Page 1
2026-08-01 02:12:54.426 | INFO     | api:get_file:84 - Loading File 126d518f-764b-2019-40a6-645aba60ba46
2026-08-01 02:12:54.658 | INFO     | monitor:scan:273 - Reached Old Files
2026-08-01 02:12:54.658 | INFO     | monitor:scan:303 - No New Serial
2026-08-01 02:12:54.659 | INFO     | monitor:scan:325 - Nothing Changed
2026-08-01 02:12:54.660 | SUCCESS  | monitor:scan:331 - Scan Finished
2026-08-01 02:12:54.661 | INFO     | monitor:start:67 - Sleep 60 Seconds
2026-08-01 02:13:54.663 | INFO     | auth.login:ensure_login:354 - Checking Login...
2026-08-01 02:13:54.666 | SUCCESS  | auth.login:load_saved_token:192 - Saved Token Loaded
2026-08-01 02:13:54.668 | SUCCESS  | auth.login:ensure_login:362 - Using Saved Token
2026-08-01 02:13:54.670 | INFO     | monitor:scan:111 - Scanning Website...
2026-08-01 02:13:54.672 | INFO     | monitor:scan:125 - Loading Page 1
2026-08-01 02:13:54.673 | INFO     | api:get_files:60 - Loading Page 1
2026-08-01 02:13:56.202 | INFO     | api:get_file:84 - Loading File 126d518f-764b-2019-40a6-645aba60ba46
2026-08-01 02:13:56.430 | INFO     | monitor:scan:273 - Reached Old Files
2026-08-01 02:13:56.430 | INFO     | monitor:scan:303 - No New Serial
2026-08-01 02:13:56.430 | INFO     | monitor:scan:325 - Nothing Changed
2026-08-01 02:13:56.430 | SUCCESS  | monitor:scan:331 - Scan Finished
2026-08-01 02:13:56.430 | INFO     | monitor:start:67 - Sleep 60 Seconds
2026-08-01 02:14:56.431 | INFO     | auth.login:ensure_login:354 - Checking Login...
2026-08-01 02:14:56.432 | SUCCESS  | auth.login:load_saved_token:192 - Saved Token Loaded
2026-08-01 02:14:56.432 | SUCCESS  | auth.login:ensure_login:362 - Using Saved Token
2026-08-01 02:14:56.433 | INFO     | monitor:scan:111 - Scanning Website...
2026-08-01 02:14:56.433 | INFO     | monitor:scan:125 - Loading Page 1
2026-08-01 02:14:56.433 | INFO     | api:get_files:60 - Loading Page 1
2026-08-01 02:14:58.009 | INFO     | api:get_file:84 - Loading File 126d518f-764b-2019-40a6-645aba60ba46
2026-08-01 02:14:58.236 | INFO     | monitor:scan:273 - Reached Old Files
2026-08-01 02:14:58.237 | INFO     | monitor:scan:303 - No New Serial
2026-08-01 02:14:58.237 | INFO     | monitor:scan:325 - Nothing Changed
2026-08-01 02:14:58.237 | SUCCESS  | monitor:scan:331 - Scan Finished
2026-08-01 02:14:58.238 | INFO     | monitor:start:67 - Sleep 60 Seconds
2026-08-01 02:15:58.238 | INFO     | auth.login:ensure_login:354 - Checking Login...
2026-08-01 02:15:58.239 | SUCCESS  | auth.login:load_saved_token:192 - Saved Token Loaded
2026-08-01 02:15:58.239 | SUCCESS  | auth.login:ensure_login:362 - Using Saved Token
2026-08-01 02:15:58.239 | INFO     | monitor:scan:111 - Scanning Website...
2026-08-01 02:15:58.240 | INFO     | monitor:scan:125 - Loading Page 1
2026-08-01 02:15:58.240 | INFO     | api:get_files:60 - Loading Page 1
2026-08-01 02:16:01.826 | INFO     | api:get_file:84 - Loading File 126d518f-764b-2019-40a6-645aba60ba46
2026-08-01 02:16:02.230 | INFO     | monitor:scan:273 - Reached Old Files
2026-08-01 02:16:02.230 | INFO     | monitor:scan:303 - No New Serial
2026-08-01 02:16:02.230 | INFO     | monitor:scan:325 - Nothing Changed
2026-08-01 02:16:02.230 | SUCCESS  | monitor:scan:331 - Scan Finished
2026-08-01 02:16:02.231 | INFO     | monitor:start:67 - Sleep 60 Seconds
2026-08-01 02:17:02.232 | INFO     | auth.login:ensure_login:354 - Checking Login...
2026-08-01 02:17:02.234 | SUCCESS  | auth.login:load_saved_token:192 - Saved Token Loaded
2026-08-01 02:17:02.235 | SUCCESS  | auth.login:ensure_login:362 - Using Saved Token
2026-08-01 02:17:02.235 | INFO     | monitor:scan:111 - Scanning Website...
2026-08-01 02:17:02.237 | INFO     | monitor:scan:125 - Loading Page 1
2026-08-01 02:17:02.238 | INFO     | api:get_files:60 - Loading Page 1
2026-08-01 02:17:03.746 | INFO     | api:get_file:84 - Loading File 126d518f-764b-2019-40a6-645aba60ba46
2026-08-01 02:17:03.964 | INFO     | monitor:scan:273 - Reached Old Files
2026-08-01 02:17:03.964 | INFO     | monitor:scan:303 - No New Serial
2026-08-01 02:17:03.964 | INFO     | monitor:scan:325 - Nothing Changed
2026-08-01 02:17:03.964 | SUCCESS  | monitor:scan:331 - Scan Finished
2026-08-01 02:17:03.965 | INFO     | monitor:start:67 - Sleep 60 Seconds
2026-08-01 02:18:03.966 | INFO     | auth.login:ensure_login:354 - Checking Login...
2026-08-01 02:18:03.968 | SUCCESS  | auth.login:load_saved_token:192 - Saved Token Loaded
2026-08-01 02:18:03.969 | SUCCESS  | auth.login:ensure_login:362 - Using Saved Token
2026-08-01 02:18:03.969 | INFO     | monitor:scan:111 - Scanning Website...
2026-08-01 02:18:03.971 | INFO     | monitor:scan:125 - Loading Page 1
2026-08-01 02:18:03.971 | INFO     | api:get_files:60 - Loading Page 1
2026-08-01 02:18:05.624 | INFO     | api:get_file:84 - Loading File 126d518f-764b-2019-40a6-645aba60ba46
2026-08-01 02:18:05.851 | INFO     | monitor:scan:273 - Reached Old Files
2026-08-01 02:18:05.851 | INFO     | monitor:scan:303 - No New Serial
2026-08-01 02:18:05.852 | INFO     | monitor:scan:325 - Nothing Changed
2026-08-01 02:18:05.852 | SUCCESS  | monitor:scan:331 - Scan Finished
2026-08-01 02:18:05.853 | INFO     | monitor:start:67 - Sleep 60 Seconds
2026-08-01 02:19:05.853 | INFO     | auth.login:ensure_login:354 - Checking Login...
2026-08-01 02:19:05.856 | SUCCESS  | auth.login:load_saved_token:192 - Saved Token Loaded
2026-08-01 02:19:05.857 | SUCCESS  | auth.login:ensure_login:362 - Using Saved Token
2026-08-01 02:19:05.857 | INFO     | monitor:scan:111 - Scanning Website...
2026-08-01 02:19:05.859 | INFO     | monitor:scan:125 - Loading Page 1
2026-08-01 02:19:05.860 | INFO     | api:get_files:60 - Loading Page 1
2026-08-01 02:19:07.922 | INFO     | api:get_file:84 - Loading File 126d518f-764b-2019-40a6-645aba60ba46
2026-08-01 02:19:08.149 | INFO     | monitor:scan:273 - Reached Old Files
2026-08-01 02:19:08.150 | INFO     | monitor:scan:303 - No New Serial
2026-08-01 02:19:08.151 | INFO     | monitor:scan:325 - Nothing Changed
2026-08-01 02:19:08.151 | SUCCESS  | monitor:scan:331 - Scan Finished
2026-08-01 02:19:08.153 | INFO     | monitor:start:67 - Sleep 60 Seconds
2026-08-01 02:20:08.154 | INFO     | auth.login:ensure_login:354 - Checking Login...
2026-08-01 02:20:08.155 | SUCCESS  | auth.login:load_saved_token:192 - Saved Token Loaded
2026-08-01 02:20:08.155 | SUCCESS  | auth.login:ensure_login:362 - Using Saved Token
2026-08-01 02:20:08.155 | INFO     | monitor:scan:111 - Scanning Website...
2026-08-01 02:20:08.156 | INFO     | monitor:scan:125 - Loading Page 1
2026-08-01 02:20:08.156 | INFO     | api:get_files:60 - Loading Page 1
2026-08-01 02:20:09.595 | INFO     | api:get_file:84 - Loading File 126d518f-764b-2019-40a6-645aba60ba46
2026-08-01 02:20:09.812 | INFO     | monitor:scan:273 - Reached Old Files
2026-08-01 02:20:09.812 | INFO     | monitor:scan:303 - No New Serial
2026-08-01 02:20:09.812 | INFO     | monitor:scan:325 - Nothing Changed
2026-08-01 02:20:09.813 | SUCCESS  | monitor:scan:331 - Scan Finished
2026-08-01 02:20:09.813 | INFO     | monitor:start:67 - Sleep 60 Seconds
2026-08-01 02:21:09.814 | INFO     | auth.login:ensure_login:354 - Checking Login...
2026-08-01 02:21:09.816 | SUCCESS  | auth.login:load_saved_token:192 - Saved Token Loaded
2026-08-01 02:21:09.817 | SUCCESS  | auth.login:ensure_login:362 - Using Saved Token
2026-08-01 02:21:09.817 | INFO     | monitor:scan:111 - Scanning Website...
2026-08-01 02:21:09.818 | INFO     | monitor:scan:125 - Loading Page 1
2026-08-01 02:21:09.819 | INFO     | api:get_files:60 - Loading Page 1
2026-08-01 02:21:10.240 | WARNING  | auth.login:get:411 - Access Token Expired
2026-08-01 02:21:10.240 | INFO     | auth.login:login:262 - Logging in...
2026-08-01 02:21:10.724 | SUCCESS  | auth.login:save_token:242 - Token Saved
2026-08-01 02:21:10.725 | SUCCESS  | auth.login:login:340 - Login Successful
2026-08-01 02:21:13.458 | INFO     | api:get_file:84 - Loading File 126d518f-764b-2019-40a6-645aba60ba46
2026-08-01 02:21:13.688 | INFO     | monitor:scan:273 - Reached Old Files
2026-08-01 02:21:13.689 | INFO     | monitor:scan:303 - No New Serial
2026-08-01 02:21:13.690 | INFO     | monitor:scan:325 - Nothing Changed
2026-08-01 02:21:13.691 | SUCCESS  | monitor:scan:331 - Scan Finished
2026-08-01 02:21:13.692 | INFO     | monitor:start:67 - Sleep 60 Seconds
2026-08-01 02:22:13.694 | INFO     | auth.login:ensure_login:354 - Checking Login...
2026-08-01 02:22:13.701 | SUCCESS  | auth.login:load_saved_token:192 - Saved Token Loaded
2026-08-01 02:22:13.702 | SUCCESS  | auth.login:ensure_login:362 - Using Saved Token
2026-08-01 02:22:13.702 | INFO     | monitor:scan:111 - Scanning Website...
2026-08-01 02:22:13.703 | INFO     | monitor:scan:125 - Loading Page 1
2026-08-01 02:22:13.703 | INFO     | api:get_files:60 - Loading Page 1
2026-08-01 02:22:15.836 | INFO     | api:get_file:84 - Loading File 126d518f-764b-2019-40a6-645aba60ba46
2026-08-01 02:22:16.052 | INFO     | monitor:scan:273 - Reached Old Files
2026-08-01 02:22:16.052 | INFO     | monitor:scan:303 - No New Serial
2026-08-01 02:22:16.053 | INFO     | monitor:scan:325 - Nothing Changed
2026-08-01 02:22:16.053 | SUCCESS  | monitor:scan:331 - Scan Finished
2026-08-01 02:22:16.053 | INFO     | monitor:start:67 - Sleep 60 Seconds
2026-08-01 02:23:16.054 | INFO     | auth.login:ensure_login:354 - Checking Login...
2026-08-01 02:23:16.058 | SUCCESS  | auth.login:load_saved_token:192 - Saved Token Loaded
2026-08-01 02:23:16.059 | SUCCESS  | auth.login:ensure_login:362 - Using Saved Token
2026-08-01 02:23:16.060 | INFO     | monitor:scan:111 - Scanning Website...
2026-08-01 02:23:16.063 | INFO     | monitor:scan:125 - Loading Page 1
2026-08-01 02:23:16.064 | INFO     | api:get_files:60 - Loading Page 1
2026-08-01 02:23:19.204 | INFO     | api:get_file:84 - Loading File 126d518f-764b-2019-40a6-645aba60ba46
2026-08-01 02:23:19.433 | INFO     | monitor:scan:273 - Reached Old Files
2026-08-01 02:23:19.434 | INFO     | monitor:scan:303 - No New Serial
2026-08-01 02:23:19.434 | INFO     | monitor:scan:325 - Nothing Changed
2026-08-01 02:23:19.435 | SUCCESS  | monitor:scan:331 - Scan Finished
2026-08-01 02:23:19.436 | INFO     | monitor:start:67 - Sleep 60 Seconds
2026-08-01 02:24:19.437 | INFO     | auth.login:ensure_login:354 - Checking Login...
2026-08-01 02:24:19.441 | SUCCESS  | auth.login:load_saved_token:192 - Saved Token Loaded
2026-08-01 02:24:19.442 | SUCCESS  | auth.login:ensure_login:362 - Using Saved Token
2026-08-01 02:24:19.443 | INFO     | monitor:scan:111 - Scanning Website...
2026-08-01 02:24:19.446 | INFO     | monitor:scan:125 - Loading Page 1
2026-08-01 02:24:19.446 | INFO     | api:get_files:60 - Loading Page 1
2026-08-01 02:24:22.605 | INFO     | api:get_file:84 - Loading File 126d518f-764b-2019-40a6-645aba60ba46
2026-08-01 02:24:22.834 | INFO     | monitor:scan:273 - Reached Old Files
2026-08-01 02:24:22.835 | INFO     | monitor:scan:303 - No New Serial
2026-08-01 02:24:22.836 | INFO     | monitor:scan:325 - Nothing Changed
2026-08-01 02:24:22.837 | SUCCESS  | monitor:scan:331 - Scan Finished
2026-08-01 02:24:22.838 | INFO     | monitor:start:67 - Sleep 60 Seconds
2026-08-01 02:25:22.839 | INFO     | auth.login:ensure_login:354 - Checking Login...
2026-08-01 02:25:22.841 | SUCCESS  | auth.login:load_saved_token:192 - Saved Token Loaded
2026-08-01 02:25:22.842 | SUCCESS  | auth.login:ensure_login:362 - Using Saved Token
2026-08-01 02:25:22.842 | INFO     | monitor:scan:111 - Scanning Website...
2026-08-01 02:25:22.844 | INFO     | monitor:scan:125 - Loading Page 1
2026-08-01 02:25:22.845 | INFO     | api:get_files:60 - Loading Page 1
2026-08-01 02:25:25.772 | INFO     | api:get_file:84 - Loading File 126d518f-764b-2019-40a6-645aba60ba46
2026-08-01 02:25:25.998 | INFO     | monitor:scan:273 - Reached Old Files
2026-08-01 02:25:25.999 | INFO     | monitor:scan:303 - No New Serial
2026-08-01 02:25:25.999 | INFO     | monitor:scan:325 - Nothing Changed
2026-08-01 02:25:25.999 | SUCCESS  | monitor:scan:331 - Scan Finished
2026-08-01 02:25:26.000 | INFO     | monitor:start:67 - Sleep 60 Seconds
2026-08-01 02:26:26.000 | INFO     | auth.login:ensure_login:354 - Checking Login...
2026-08-01 02:26:26.001 | SUCCESS  | auth.login:load_saved_token:192 - Saved Token Loaded
2026-08-01 02:26:26.001 | SUCCESS  | auth.login:ensure_login:362 - Using Saved Token
2026-08-01 02:26:26.001 | INFO     | monitor:scan:111 - Scanning Website...
2026-08-01 02:26:26.002 | INFO     | monitor:scan:125 - Loading Page 1
2026-08-01 02:26:26.002 | INFO     | api:get_files:60 - Loading Page 1
2026-08-01 02:26:27.497 | INFO     | api:get_file:84 - Loading File 126d518f-764b-2019-40a6-645aba60ba46
2026-08-01 02:26:27.725 | INFO     | monitor:scan:273 - Reached Old Files
2026-08-01 02:26:27.726 | INFO     | monitor:scan:303 - No New Serial
2026-08-01 02:26:27.726 | INFO     | monitor:scan:325 - Nothing Changed
2026-08-01 02:26:27.727 | SUCCESS  | monitor:scan:331 - Scan Finished
2026-08-01 02:26:27.728 | INFO     | monitor:start:67 - Sleep 60 Seconds
2026-08-01 02:27:27.729 | INFO     | auth.login:ensure_login:354 - Checking Login...
2026-08-01 02:27:27.731 | SUCCESS  | auth.login:load_saved_token:192 - Saved Token Loaded
2026-08-01 02:27:27.732 | SUCCESS  | auth.login:ensure_login:362 - Using Saved Token
2026-08-01 02:27:27.733 | INFO     | monitor:scan:111 - Scanning Website...
2026-08-01 02:27:27.735 | INFO     | monitor:scan:125 - Loading Page 1
2026-08-01 02:27:27.736 | INFO     | api:get_files:60 - Loading Page 1
2026-08-01 02:27:31.076 | INFO     | api:get_file:84 - Loading File 126d518f-764b-2019-40a6-645aba60ba46
2026-08-01 02:27:31.297 | INFO     | monitor:scan:273 - Reached Old Files
2026-08-01 02:27:31.297 | INFO     | monitor:scan:303 - No New Serial
2026-08-01 02:27:31.298 | INFO     | monitor:scan:325 - Nothing Changed
2026-08-01 02:27:31.298 | SUCCESS  | monitor:scan:331 - Scan Finished
2026-08-01 02:27:31.298 | INFO     | monitor:start:67 - Sleep 60 Seconds
2026-08-01 02:28:31.300 | INFO     | auth.login:ensure_login:354 - Checking Login...
2026-08-01 02:28:31.302 | SUCCESS  | auth.login:load_saved_token:192 - Saved Token Loaded
2026-08-01 02:28:31.303 | SUCCESS  | auth.login:ensure_login:362 - Using Saved Token
2026-08-01 02:28:31.303 | INFO     | monitor:scan:111 - Scanning Website...
2026-08-01 02:28:31.305 | INFO     | monitor:scan:125 - Loading Page 1
2026-08-01 02:28:31.306 | INFO     | api:get_files:60 - Loading Page 1
2026-08-01 02:28:32.910 | INFO     | api:get_file:84 - Loading File 126d518f-764b-2019-40a6-645aba60ba46
2026-08-01 02:28:33.140 | INFO     | monitor:scan:273 - Reached Old Files
2026-08-01 02:28:33.141 | INFO     | monitor:scan:303 - No New Serial
2026-08-01 02:28:33.141 | INFO     | monitor:scan:325 - Nothing Changed
2026-08-01 02:28:33.142 | SUCCESS  | monitor:scan:331 - Scan Finished
2026-08-01 02:28:33.143 | INFO     | monitor:start:67 - Sleep 60 Seconds
2026-08-01 02:29:33.143 | INFO     | auth.login:ensure_login:354 - Checking Login...
2026-08-01 02:29:33.144 | SUCCESS  | auth.login:load_saved_token:192 - Saved Token Loaded
2026-08-01 02:29:33.144 | SUCCESS  | auth.login:ensure_login:362 - Using Saved Token
2026-08-01 02:29:33.144 | INFO     | monitor:scan:111 - Scanning Website...
2026-08-01 02:29:33.145 | INFO     | monitor:scan:125 - Loading Page 1
2026-08-01 02:29:33.145 | INFO     | api:get_files:60 - Loading Page 1
2026-08-01 02:29:34.866 | INFO     | api:get_file:84 - Loading File 126d518f-764b-2019-40a6-645aba60ba46
2026-08-01 02:29:35.097 | INFO     | monitor:scan:273 - Reached Old Files
2026-08-01 02:29:35.098 | INFO     | monitor:scan:303 - No New Serial
2026-08-01 02:29:35.099 | INFO     | monitor:scan:325 - Nothing Changed
2026-08-01 02:29:35.101 | SUCCESS  | monitor:scan:331 - Scan Finished
2026-08-01 02:29:35.102 | INFO     | monitor:start:67 - Sleep 60 Seconds
2026-08-01 02:30:35.103 | INFO     | auth.login:ensure_login:354 - Checking Login...
2026-08-01 02:30:35.105 | SUCCESS  | auth.login:load_saved_token:192 - Saved Token Loaded
2026-08-01 02:30:35.106 | SUCCESS  | auth.login:ensure_login:362 - Using Saved Token
2026-08-01 02:30:35.106 | INFO     | monitor:scan:111 - Scanning Website...
2026-08-01 02:30:35.107 | INFO     | monitor:scan:125 - Loading Page 1
2026-08-01 02:30:35.108 | INFO     | api:get_files:60 - Loading Page 1
2026-08-01 02:30:38.211 | INFO     | api:get_file:84 - Loading File 126d518f-764b-2019-40a6-645aba60ba46
2026-08-01 02:30:38.440 | INFO     | monitor:scan:273 - Reached Old Files
2026-08-01 02:30:38.441 | INFO     | monitor:scan:303 - No New Serial
2026-08-01 02:30:38.442 | INFO     | monitor:scan:325 - Nothing Changed
2026-08-01 02:30:38.443 | SUCCESS  | monitor:scan:331 - Scan Finished
2026-08-01 02:30:38.444 | INFO     | monitor:start:67 - Sleep 60 Seconds
2026-08-01 02:31:38.445 | INFO     | auth.login:ensure_login:354 - Checking Login...
2026-08-01 02:31:38.448 | SUCCESS  | auth.login:load_saved_token:192 - Saved Token Loaded
2026-08-01 02:31:38.449 | SUCCESS  | auth.login:ensure_login:362 - Using Saved Token
2026-08-01 02:31:38.449 | INFO     | monitor:scan:111 - Scanning Website...
2026-08-01 02:31:38.453 | INFO     | monitor:scan:125 - Loading Page 1
2026-08-01 02:31:38.454 | INFO     | api:get_files:60 - Loading Page 1
2026-08-01 02:31:38.894 | WARNING  | auth.login:get:411 - Access Token Expired
2026-08-01 02:31:38.895 | INFO     | auth.login:login:262 - Logging in...
2026-08-01 02:31:39.429 | SUCCESS  | auth.login:save_token:242 - Token Saved
2026-08-01 02:31:39.430 | SUCCESS  | auth.login:login:340 - Login Successful
2026-08-01 02:31:42.278 | INFO     | api:get_file:84 - Loading File 126d518f-764b-2019-40a6-645aba60ba46
2026-08-01 02:31:42.503 | INFO     | monitor:scan:273 - Reached Old Files
2026-08-01 02:31:42.503 | INFO     | monitor:scan:303 - No New Serial
2026-08-01 02:31:42.504 | INFO     | monitor:scan:325 - Nothing Changed
2026-08-01 02:31:42.505 | SUCCESS  | monitor:scan:331 - Scan Finished
2026-08-01 02:31:42.506 | INFO     | monitor:start:67 - Sleep 60 Seconds
2026-08-01 02:32:42.507 | INFO     | auth.login:ensure_login:354 - Checking Login...
2026-08-01 02:32:42.538 | SUCCESS  | auth.login:load_saved_token:192 - Saved Token Loaded
2026-08-01 02:32:42.538 | SUCCESS  | auth.login:ensure_login:362 - Using Saved Token
2026-08-01 02:32:42.538 | INFO     | monitor:scan:111 - Scanning Website...
2026-08-01 02:32:42.539 | INFO     | monitor:scan:125 - Loading Page 1
2026-08-01 02:32:42.539 | INFO     | api:get_files:60 - Loading Page 1
2026-08-01 02:32:44.098 | INFO     | api:get_file:84 - Loading File 126d518f-764b-2019-40a6-645aba60ba46
2026-08-01 02:32:44.328 | INFO     | monitor:scan:273 - Reached Old Files
2026-08-01 02:32:44.329 | INFO     | monitor:scan:303 - No New Serial
2026-08-01 02:32:44.329 | INFO     | monitor:scan:325 - Nothing Changed
2026-08-01 02:32:44.330 | SUCCESS  | monitor:scan:331 - Scan Finished
2026-08-01 02:32:44.330 | INFO     | monitor:start:67 - Sleep 60 Seconds
2026-08-01 02:33:44.331 | INFO     | auth.login:ensure_login:354 - Checking Login...
2026-08-01 02:33:44.333 | SUCCESS  | auth.login:load_saved_token:192 - Saved Token Loaded
2026-08-01 02:33:44.334 | SUCCESS  | auth.login:ensure_login:362 - Using Saved Token
2026-08-01 02:33:44.335 | INFO     | monitor:scan:111 - Scanning Website...
2026-08-01 02:33:44.336 | INFO     | monitor:scan:125 - Loading Page 1
2026-08-01 02:33:44.337 | INFO     | api:get_files:60 - Loading Page 1
2026-08-01 02:33:45.868 | INFO     | api:get_file:84 - Loading File 126d518f-764b-2019-40a6-645aba60ba46
2026-08-01 02:33:46.096 | INFO     | monitor:scan:273 - Reached Old Files
2026-08-01 02:33:46.097 | INFO     | monitor:scan:303 - No New Serial
2026-08-01 02:33:46.098 | INFO     | monitor:scan:325 - Nothing Changed
2026-08-01 02:33:46.098 | SUCCESS  | monitor:scan:331 - Scan Finished
2026-08-01 02:33:46.099 | INFO     | monitor:start:67 - Sleep 60 Seconds
2026-08-01 02:34:46.101 | INFO     | auth.login:ensure_login:354 - Checking Login...
2026-08-01 02:34:46.104 | SUCCESS  | auth.login:load_saved_token:192 - Saved Token Loaded
2026-08-01 02:34:46.105 | SUCCESS  | auth.login:ensure_login:362 - Using Saved Token
2026-08-01 02:34:46.105 | INFO     | monitor:scan:111 - Scanning Website...
2026-08-01 02:34:46.108 | INFO     | monitor:scan:125 - Loading Page 1
2026-08-01 02:34:46.109 | INFO     | api:get_files:60 - Loading Page 1
2026-08-01 02:34:49.423 | INFO     | api:get_file:84 - Loading File 126d518f-764b-2019-40a6-645aba60ba46
2026-08-01 02:34:49.652 | INFO     | monitor:scan:273 - Reached Old Files
2026-08-01 02:34:49.652 | INFO     | monitor:scan:303 - No New Serial
2026-08-01 02:34:49.653 | INFO     | monitor:scan:325 - Nothing Changed
2026-08-01 02:34:49.653 | SUCCESS  | monitor:scan:331 - Scan Finished
2026-08-01 02:34:49.654 | INFO     | monitor:start:67 - Sleep 60 Seconds
2026-08-01 02:35:49.655 | INFO     | auth.login:ensure_login:354 - Checking Login...
2026-08-01 02:35:49.660 | SUCCESS  | auth.login:load_saved_token:192 - Saved Token Loaded
2026-08-01 02:35:49.662 | SUCCESS  | auth.login:ensure_login:362 - Using Saved Token
2026-08-01 02:35:49.663 | INFO     | monitor:scan:111 - Scanning Website...
2026-08-01 02:35:49.665 | INFO     | monitor:scan:125 - Loading Page 1
2026-08-01 02:35:49.666 | INFO     | api:get_files:60 - Loading Page 1
2026-08-01 02:35:53.021 | INFO     | api:get_file:84 - Loading File 126d518f-764b-2019-40a6-645aba60ba46
2026-08-01 02:35:53.246 | INFO     | monitor:scan:273 - Reached Old Files
2026-08-01 02:35:53.247 | INFO     | monitor:scan:303 - No New Serial
2026-08-01 02:35:53.248 | INFO     | monitor:scan:325 - Nothing Changed
2026-08-01 02:35:53.248 | SUCCESS  | monitor:scan:331 - Scan Finished
2026-08-01 02:35:53.249 | INFO     | monitor:start:67 - Sleep 60 Seconds
2026-08-01 02:36:53.250 | INFO     | auth.login:ensure_login:354 - Checking Login...
2026-08-01 02:36:53.252 | SUCCESS  | auth.login:load_saved_token:192 - Saved Token Loaded
2026-08-01 02:36:53.253 | SUCCESS  | auth.login:ensure_login:362 - Using Saved Token
2026-08-01 02:36:53.253 | INFO     | monitor:scan:111 - Scanning Website...
2026-08-01 02:36:53.255 | INFO     | monitor:scan:125 - Loading Page 1
2026-08-01 02:36:53.255 | INFO     | api:get_files:60 - Loading Page 1
2026-08-01 02:36:54.743 | INFO     | api:get_file:84 - Loading File 126d518f-764b-2019-40a6-645aba60ba46
2026-08-01 02:36:54.969 | INFO     | monitor:scan:273 - Reached Old Files
2026-08-01 02:36:54.969 | INFO     | monitor:scan:303 - No New Serial
2026-08-01 02:36:54.970 | INFO     | monitor:scan:325 - Nothing Changed
2026-08-01 02:36:54.970 | SUCCESS  | monitor:scan:331 - Scan Finished
2026-08-01 02:36:54.970 | INFO     | monitor:start:67 - Sleep 60 Seconds
2026-08-01 02:37:54.971 | INFO     | auth.login:ensure_login:354 - Checking Login...
2026-08-01 02:37:54.971 | SUCCESS  | auth.login:load_saved_token:192 - Saved Token Loaded
2026-08-01 02:37:54.972 | SUCCESS  | auth.login:ensure_login:362 - Using Saved Token
2026-08-01 02:37:54.972 | INFO     | monitor:scan:111 - Scanning Website...
2026-08-01 02:37:54.972 | INFO     | monitor:scan:125 - Loading Page 1
2026-08-01 02:37:54.973 | INFO     | api:get_files:60 - Loading Page 1
2026-08-01 02:37:56.835 | INFO     | api:get_file:84 - Loading File 126d518f-764b-2019-40a6-645aba60ba46
2026-08-01 02:37:57.063 | INFO     | monitor:scan:273 - Reached Old Files
2026-08-01 02:37:57.064 | INFO     | monitor:scan:303 - No New Serial
2026-08-01 02:37:57.065 | INFO     | monitor:scan:325 - Nothing Changed
2026-08-01 02:37:57.065 | SUCCESS  | monitor:scan:331 - Scan Finished
2026-08-01 02:37:57.066 | INFO     | monitor:start:67 - Sleep 60 Seconds
2026-08-01 02:38:57.067 | INFO     | auth.login:ensure_login:354 - Checking Login...
2026-08-01 02:38:57.069 | SUCCESS  | auth.login:load_saved_token:192 - Saved Token Loaded
2026-08-01 02:38:57.069 | SUCCESS  | auth.login:ensure_login:362 - Using Saved Token
2026-08-01 02:38:57.069 | INFO     | monitor:scan:111 - Scanning Website...
2026-08-01 02:38:57.070 | INFO     | monitor:scan:125 - Loading Page 1
2026-08-01 02:38:57.070 | INFO     | api:get_files:60 - Loading Page 1
2026-08-01 02:38:58.600 | INFO     | api:get_file:84 - Loading File 126d518f-764b-2019-40a6-645aba60ba46
2026-08-01 02:38:58.829 | INFO     | monitor:scan:273 - Reached Old Files
2026-08-01 02:38:58.829 | INFO     | monitor:scan:303 - No New Serial
2026-08-01 02:38:58.830 | INFO     | monitor:scan:325 - Nothing Changed
2026-08-01 02:38:58.831 | SUCCESS  | monitor:scan:331 - Scan Finished
2026-08-01 02:38:58.832 | INFO     | monitor:start:67 - Sleep 60 Seconds
2026-08-01 02:39:58.834 | INFO     | auth.login:ensure_login:354 - Checking Login...
2026-08-01 02:39:58.836 | SUCCESS  | auth.login:load_saved_token:192 - Saved Token Loaded
2026-08-01 02:39:58.837 | SUCCESS  | auth.login:ensure_login:362 - Using Saved Token
2026-08-01 02:39:58.837 | INFO     | monitor:scan:111 - Scanning Website...
2026-08-01 02:39:58.838 | INFO     | monitor:scan:125 - Loading Page 1
2026-08-01 02:39:58.839 | INFO     | api:get_files:60 - Loading Page 1
2026-08-01 02:40:00.526 | INFO     | api:get_file:84 - Loading File 126d518f-764b-2019-40a6-645aba60ba46
2026-08-01 02:40:00.751 | INFO     | monitor:scan:273 - Reached Old Files
2026-08-01 02:40:00.756 | INFO     | monitor:scan:303 - No New Serial
2026-08-01 02:40:00.757 | INFO     | monitor:scan:325 - Nothing Changed
2026-08-01 02:40:00.757 | SUCCESS  | monitor:scan:331 - Scan Finished
2026-08-01 02:40:00.757 | INFO     | monitor:start:67 - Sleep 60 Seconds
2026-08-01 02:41:00.759 | INFO     | auth.login:ensure_login:354 - Checking Login...
2026-08-01 02:41:00.760 | SUCCESS  | auth.login:load_saved_token:192 - Saved Token Loaded
2026-08-01 02:41:00.760 | SUCCESS  | auth.login:ensure_login:362 - Using Saved Token
2026-08-01 02:41:00.760 | INFO     | monitor:scan:111 - Scanning Website...
2026-08-01 02:41:00.761 | INFO     | monitor:scan:125 - Loading Page 1
2026-08-01 02:41:00.762 | INFO     | api:get_files:60 - Loading Page 1
2026-08-01 02:41:02.441 | INFO     | api:get_file:84 - Loading File 126d518f-764b-2019-40a6-645aba60ba46
2026-08-01 02:41:02.658 | INFO     | monitor:scan:273 - Reached Old Files
2026-08-01 02:41:02.659 | INFO     | monitor:scan:303 - No New Serial
2026-08-01 02:41:02.660 | INFO     | monitor:scan:325 - Nothing Changed
2026-08-01 02:41:02.660 | SUCCESS  | monitor:scan:331 - Scan Finished
2026-08-01 02:41:02.660 | INFO     | monitor:start:67 - Sleep 60 Seconds
2026-08-01 02:42:02.662 | INFO     | auth.login:ensure_login:354 - Checking Login...
2026-08-01 02:42:02.665 | SUCCESS  | auth.login:load_saved_token:192 - Saved Token Loaded
2026-08-01 02:42:02.666 | SUCCESS  | auth.login:ensure_login:362 - Using Saved Token
2026-08-01 02:42:02.667 | INFO     | monitor:scan:111 - Scanning Website...
2026-08-01 02:42:02.669 | INFO     | monitor:scan:125 - Loading Page 1
2026-08-01 02:42:02.670 | INFO     | api:get_files:60 - Loading Page 1
2026-08-01 02:42:03.075 | WARNING  | auth.login:get:411 - Access Token Expired
2026-08-01 02:42:03.076 | INFO     | auth.login:login:262 - Logging in...
2026-08-01 02:42:03.523 | SUCCESS  | auth.login:save_token:242 - Token Saved
2026-08-01 02:42:03.524 | SUCCESS  | auth.login:login:340 - Login Successful
2026-08-01 02:42:04.691 | INFO     | api:get_file:84 - Loading File 126d518f-764b-2019-40a6-645aba60ba46
2026-08-01 02:42:04.906 | INFO     | monitor:scan:273 - Reached Old Files
2026-08-01 02:42:04.906 | INFO     | monitor:scan:303 - No New Serial
2026-08-01 02:42:04.907 | INFO     | monitor:scan:325 - Nothing Changed
2026-08-01 02:42:04.907 | SUCCESS  | monitor:scan:331 - Scan Finished
2026-08-01 02:42:04.907 | INFO     | monitor:start:67 - Sleep 60 Seconds
2026-08-01 02:43:04.907 | INFO     | auth.login:ensure_login:354 - Checking Login...
2026-08-01 02:43:04.933 | SUCCESS  | auth.login:load_saved_token:192 - Saved Token Loaded
2026-08-01 02:43:04.934 | SUCCESS  | auth.login:ensure_login:362 - Using Saved Token
2026-08-01 02:43:04.934 | INFO     | monitor:scan:111 - Scanning Website...
2026-08-01 02:43:04.936 | INFO     | monitor:scan:125 - Loading Page 1
2026-08-01 02:43:04.937 | INFO     | api:get_files:60 - Loading Page 1
2026-08-01 02:43:08.130 | INFO     | api:get_file:84 - Loading File 126d518f-764b-2019-40a6-645aba60ba46
2026-08-01 02:43:08.360 | INFO     | monitor:scan:273 - Reached Old Files
2026-08-01 02:43:08.361 | INFO     | monitor:scan:303 - No New Serial
2026-08-01 02:43:08.361 | INFO     | monitor:scan:325 - Nothing Changed
2026-08-01 02:43:08.362 | SUCCESS  | monitor:scan:331 - Scan Finished
2026-08-01 02:43:08.363 | INFO     | monitor:start:67 - Sleep 60 Seconds
2026-08-01 02:44:08.364 | INFO     | auth.login:ensure_login:354 - Checking Login...
2026-08-01 02:44:08.366 | SUCCESS  | auth.login:load_saved_token:192 - Saved Token Loaded
2026-08-01 02:44:08.367 | SUCCESS  | auth.login:ensure_login:362 - Using Saved Token
2026-08-01 02:44:08.368 | INFO     | monitor:scan:111 - Scanning Website...
2026-08-01 02:44:08.369 | INFO     | monitor:scan:125 - Loading Page 1
2026-08-01 02:44:08.370 | INFO     | api:get_files:60 - Loading Page 1
2026-08-01 02:44:09.810 | INFO     | api:get_file:84 - Loading File 126d518f-764b-2019-40a6-645aba60ba46
2026-08-01 02:44:10.030 | INFO     | monitor:scan:273 - Reached Old Files
2026-08-01 02:44:10.031 | INFO     | monitor:scan:303 - No New Serial
2026-08-01 02:44:10.031 | INFO     | monitor:scan:325 - Nothing Changed
2026-08-01 02:44:10.032 | SUCCESS  | monitor:scan:331 - Scan Finished
2026-08-01 02:44:10.036 | INFO     | monitor:start:67 - Sleep 60 Seconds
2026-08-01 02:45:10.037 | INFO     | auth.login:ensure_login:354 - Checking Login...
2026-08-01 02:45:10.038 | SUCCESS  | auth.login:load_saved_token:192 - Saved Token Loaded
2026-08-01 02:45:10.038 | SUCCESS  | auth.login:ensure_login:362 - Using Saved Token
2026-08-01 02:45:10.038 | INFO     | monitor:scan:111 - Scanning Website...
2026-08-01 02:45:10.039 | INFO     | monitor:scan:125 - Loading Page 1
2026-08-01 02:45:10.039 | INFO     | api:get_files:60 - Loading Page 1
2026-08-01 02:45:11.484 | INFO     | api:get_file:84 - Loading File 126d518f-764b-2019-40a6-645aba60ba46
2026-08-01 02:45:11.703 | INFO     | monitor:scan:273 - Reached Old Files
2026-08-01 02:45:11.703 | INFO     | monitor:scan:303 - No New Serial
2026-08-01 02:45:11.703 | INFO     | monitor:scan:325 - Nothing Changed
2026-08-01 02:45:11.703 | SUCCESS  | monitor:scan:331 - Scan Finished
2026-08-01 02:45:11.704 | INFO     | monitor:start:67 - Sleep 60 Seconds
2026-08-01 02:46:11.704 | INFO     | auth.login:ensure_login:354 - Checking Login...
2026-08-01 02:46:11.705 | SUCCESS  | auth.login:load_saved_token:192 - Saved Token Loaded
2026-08-01 02:46:11.705 | SUCCESS  | auth.login:ensure_login:362 - Using Saved Token
2026-08-01 02:46:11.706 | INFO     | monitor:scan:111 - Scanning Website...
2026-08-01 02:46:11.707 | INFO     | monitor:scan:125 - Loading Page 1
2026-08-01 02:46:11.707 | INFO     | api:get_files:60 - Loading Page 1
2026-08-01 02:46:13.225 | INFO     | api:get_file:84 - Loading File 126d518f-764b-2019-40a6-645aba60ba46
2026-08-01 02:46:13.454 | INFO     | monitor:scan:273 - Reached Old Files
2026-08-01 02:46:13.454 | INFO     | monitor:scan:303 - No New Serial
2026-08-01 02:46:13.455 | INFO     | monitor:scan:325 - Nothing Changed
2026-08-01 02:46:13.455 | SUCCESS  | monitor:scan:331 - Scan Finished
2026-08-01 02:46:13.458 | INFO     | monitor:start:67 - Sleep 60 Seconds
2026-08-01 02:47:13.460 | INFO     | auth.login:ensure_login:354 - Checking Login...
2026-08-01 02:47:13.462 | SUCCESS  | auth.login:load_saved_token:192 - Saved Token Loaded
2026-08-01 02:47:13.463 | SUCCESS  | auth.login:ensure_login:362 - Using Saved Token
2026-08-01 02:47:13.463 | INFO     | monitor:scan:111 - Scanning Website...
2026-08-01 02:47:13.465 | INFO     | monitor:scan:125 - Loading Page 1
2026-08-01 02:47:13.465 | INFO     | api:get_files:60 - Loading Page 1
2026-08-01 02:47:15.381 | INFO     | api:get_file:84 - Loading File 126d518f-764b-2019-40a6-645aba60ba46
2026-08-01 02:47:15.612 | INFO     | monitor:scan:273 - Reached Old Files
2026-08-01 02:47:15.613 | INFO     | monitor:scan:303 - No New Serial
2026-08-01 02:47:15.613 | INFO     | monitor:scan:325 - Nothing Changed
2026-08-01 02:47:15.613 | SUCCESS  | monitor:scan:331 - Scan Finished
2026-08-01 02:47:15.614 | INFO     | monitor:start:67 - Sleep 60 Seconds
2026-08-01 02:48:15.615 | INFO     | auth.login:ensure_login:354 - Checking Login...
2026-08-01 02:48:15.615 | SUCCESS  | auth.login:load_saved_token:192 - Saved Token Loaded
2026-08-01 02:48:15.615 | SUCCESS  | auth.login:ensure_login:362 - Using Saved Token
2026-08-01 02:48:15.616 | INFO     | monitor:scan:111 - Scanning Website...
2026-08-01 02:48:15.617 | INFO     | monitor:scan:125 - Loading Page 1
2026-08-01 02:48:15.617 | INFO     | api:get_files:60 - Loading Page 1
2026-08-01 02:48:17.049 | INFO     | api:get_file:84 - Loading File 126d518f-764b-2019-40a6-645aba60ba46
2026-08-01 02:48:17.276 | INFO     | monitor:scan:273 - Reached Old Files
2026-08-01 02:48:17.277 | INFO     | monitor:scan:303 - No New Serial
2026-08-01 02:48:17.278 | INFO     | monitor:scan:325 - Nothing Changed
2026-08-01 02:48:17.278 | SUCCESS  | monitor:scan:331 - Scan Finished
2026-08-01 02:48:17.279 | INFO     | monitor:start:67 - Sleep 60 Seconds
2026-08-01 02:49:17.280 | INFO     | auth.login:ensure_login:354 - Checking Login...
2026-08-01 02:49:17.281 | SUCCESS  | auth.login:load_saved_token:192 - Saved Token Loaded
2026-08-01 02:49:17.281 | SUCCESS  | auth.login:ensure_login:362 - Using Saved Token
2026-08-01 02:49:17.281 | INFO     | monitor:scan:111 - Scanning Website...
2026-08-01 02:49:17.282 | INFO     | monitor:scan:125 - Loading Page 1
2026-08-01 02:49:17.282 | INFO     | api:get_files:60 - Loading Page 1
2026-08-01 02:49:20.078 | INFO     | api:get_file:84 - Loading File 126d518f-764b-2019-40a6-645aba60ba46
2026-08-01 02:49:20.306 | INFO     | monitor:scan:273 - Reached Old Files
2026-08-01 02:49:20.307 | INFO     | monitor:scan:303 - No New Serial
2026-08-01 02:49:20.307 | INFO     | monitor:scan:325 - Nothing Changed
2026-08-01 02:49:20.307 | SUCCESS  | monitor:scan:331 - Scan Finished
2026-08-01 02:49:20.308 | INFO     | monitor:start:67 - Sleep 60 Seconds
2026-08-01 02:50:20.309 | INFO     | auth.login:ensure_login:354 - Checking Login...
2026-08-01 02:50:20.311 | SUCCESS  | auth.login:load_saved_token:192 - Saved Token Loaded
2026-08-01 02:50:20.312 | SUCCESS  | auth.login:ensure_login:362 - Using Saved Token
2026-08-01 02:50:20.313 | INFO     | monitor:scan:111 - Scanning Website...
2026-08-01 02:50:20.317 | INFO     | monitor:scan:125 - Loading Page 1
2026-08-01 02:50:20.318 | INFO     | api:get_files:60 - Loading Page 1
2026-08-01 02:50:21.946 | INFO     | api:get_file:84 - Loading File 126d518f-764b-2019-40a6-645aba60ba46
2026-08-01 02:50:22.163 | INFO     | monitor:scan:273 - Reached Old Files
2026-08-01 02:50:22.164 | INFO     | monitor:scan:303 - No New Serial
2026-08-01 02:50:22.164 | INFO     | monitor:scan:325 - Nothing Changed
2026-08-01 02:50:22.164 | SUCCESS  | monitor:scan:331 - Scan Finished
2026-08-01 02:50:22.165 | INFO     | monitor:start:67 - Sleep 60 Seconds
2026-08-01 02:51:22.166 | INFO     | auth.login:ensure_login:354 - Checking Login...
2026-08-01 02:51:22.169 | SUCCESS  | auth.login:load_saved_token:192 - Saved Token Loaded
2026-08-01 02:51:22.169 | SUCCESS  | auth.login:ensure_login:362 - Using Saved Token
2026-08-01 02:51:22.169 | INFO     | monitor:scan:111 - Scanning Website...
2026-08-01 02:51:22.170 | INFO     | monitor:scan:125 - Loading Page 1
2026-08-01 02:51:22.171 | INFO     | api:get_files:60 - Loading Page 1
2026-08-01 02:51:23.831 | INFO     | api:get_file:84 - Loading File 126d518f-764b-2019-40a6-645aba60ba46
2026-08-01 02:51:24.049 | INFO     | monitor:scan:273 - Reached Old Files
2026-08-01 02:51:24.049 | INFO     | monitor:scan:303 - No New Serial
2026-08-01 02:51:24.050 | INFO     | monitor:scan:325 - Nothing Changed
2026-08-01 02:51:24.050 | SUCCESS  | monitor:scan:331 - Scan Finished
2026-08-01 02:51:24.050 | INFO     | monitor:start:67 - Sleep 60 Seconds
2026-08-01 02:52:24.051 | INFO     | auth.login:ensure_login:354 - Checking Login...
2026-08-01 02:52:24.054 | SUCCESS  | auth.login:load_saved_token:192 - Saved Token Loaded
2026-08-01 02:52:24.055 | SUCCESS  | auth.login:ensure_login:362 - Using Saved Token
2026-08-01 02:52:24.056 | INFO     | monitor:scan:111 - Scanning Website...
2026-08-01 02:52:24.058 | INFO     | monitor:scan:125 - Loading Page 1
2026-08-01 02:52:24.059 | INFO     | api:get_files:60 - Loading Page 1
2026-08-01 02:52:24.507 | WARNING  | auth.login:get:411 - Access Token Expired
2026-08-01 02:52:24.507 | INFO     | auth.login:login:262 - Logging in...
2026-08-01 02:52:24.979 | SUCCESS  | auth.login:save_token:242 - Token Saved
2026-08-01 02:52:24.979 | SUCCESS  | auth.login:login:340 - Login Successful
2026-08-01 02:52:26.102 | INFO     | api:get_file:84 - Loading File 126d518f-764b-2019-40a6-645aba60ba46
2026-08-01 02:52:26.332 | INFO     | monitor:scan:273 - Reached Old Files
2026-08-01 02:52:26.332 | INFO     | monitor:scan:303 - No New Serial
2026-08-01 02:52:26.333 | INFO     | monitor:scan:325 - Nothing Changed
2026-08-01 02:52:26.333 | SUCCESS  | monitor:scan:331 - Scan Finished
2026-08-01 02:52:26.333 | INFO     | monitor:start:67 - Sleep 60 Seconds
2026-08-01 02:53:26.335 | INFO     | auth.login:ensure_login:354 - Checking Login...
2026-08-01 02:53:26.360 | SUCCESS  | auth.login:load_saved_token:192 - Saved Token Loaded
2026-08-01 02:53:26.361 | SUCCESS  | auth.login:ensure_login:362 - Using Saved Token
2026-08-01 02:53:26.361 | INFO     | monitor:scan:111 - Scanning Website...
2026-08-01 02:53:26.362 | INFO     | monitor:scan:125 - Loading Page 1
2026-08-01 02:53:26.362 | INFO     | api:get_files:60 - Loading Page 1
2026-08-01 02:53:27.907 | INFO     | api:get_file:84 - Loading File 126d518f-764b-2019-40a6-645aba60ba46
2026-08-01 02:53:28.135 | INFO     | monitor:scan:273 - Reached Old Files
2026-08-01 02:53:28.135 | INFO     | monitor:scan:303 - No New Serial
2026-08-01 02:53:28.135 | INFO     | monitor:scan:325 - Nothing Changed
2026-08-01 02:53:28.135 | SUCCESS  | monitor:scan:331 - Scan Finished
2026-08-01 02:53:28.136 | INFO     | monitor:start:67 - Sleep 60 Seconds
2026-08-01 02:54:28.136 | INFO     | auth.login:ensure_login:354 - Checking Login...
2026-08-01 02:54:28.139 | SUCCESS  | auth.login:load_saved_token:192 - Saved Token Loaded
2026-08-01 02:54:28.140 | SUCCESS  | auth.login:ensure_login:362 - Using Saved Token
2026-08-01 02:54:28.142 | INFO     | monitor:scan:111 - Scanning Website...
2026-08-01 02:54:28.143 | INFO     | monitor:scan:125 - Loading Page 1
2026-08-01 02:54:28.144 | INFO     | api:get_files:60 - Loading Page 1
2026-08-01 02:54:30.300 | INFO     | api:get_file:84 - Loading File 126d518f-764b-2019-40a6-645aba60ba46
2026-08-01 02:54:30.529 | INFO     | monitor:scan:273 - Reached Old Files
2026-08-01 02:54:30.529 | INFO     | monitor:scan:303 - No New Serial
2026-08-01 02:54:30.530 | INFO     | monitor:scan:325 - Nothing Changed
2026-08-01 02:54:30.530 | SUCCESS  | monitor:scan:331 - Scan Finished
2026-08-01 02:54:30.530 | INFO     | monitor:start:67 - Sleep 60 Seconds
2026-08-01 02:55:30.531 | INFO     | auth.login:ensure_login:354 - Checking Login...
2026-08-01 02:55:30.533 | SUCCESS  | auth.login:load_saved_token:192 - Saved Token Loaded
2026-08-01 02:55:30.534 | SUCCESS  | auth.login:ensure_login:362 - Using Saved Token
2026-08-01 02:55:30.534 | INFO     | monitor:scan:111 - Scanning Website...
2026-08-01 02:55:30.536 | INFO     | monitor:scan:125 - Loading Page 1
2026-08-01 02:55:30.537 | INFO     | api:get_files:60 - Loading Page 1
2026-08-01 02:55:32.411 | INFO     | api:get_file:84 - Loading File 126d518f-764b-2019-40a6-645aba60ba46
2026-08-01 02:55:32.638 | INFO     | monitor:scan:273 - Reached Old Files
2026-08-01 02:55:32.638 | INFO     | monitor:scan:303 - No New Serial
2026-08-01 02:55:32.638 | INFO     | monitor:scan:325 - Nothing Changed
2026-08-01 02:55:32.638 | SUCCESS  | monitor:scan:331 - Scan Finished
2026-08-01 02:55:32.639 | INFO     | monitor:start:67 - Sleep 60 Seconds
2026-08-01 02:56:32.640 | INFO     | auth.login:ensure_login:354 - Checking Login...
2026-08-01 02:56:32.642 | SUCCESS  | auth.login:load_saved_token:192 - Saved Token Loaded
2026-08-01 02:56:32.642 | SUCCESS  | auth.login:ensure_login:362 - Using Saved Token
2026-08-01 02:56:32.642 | INFO     | monitor:scan:111 - Scanning Website...
2026-08-01 02:56:32.644 | INFO     | monitor:scan:125 - Loading Page 1
2026-08-01 02:56:32.645 | INFO     | api:get_files:60 - Loading Page 1
2026-08-01 02:56:36.154 | INFO     | api:get_file:84 - Loading File 126d518f-764b-2019-40a6-645aba60ba46
2026-08-01 02:56:36.385 | INFO     | monitor:scan:273 - Reached Old Files
2026-08-01 02:56:36.386 | INFO     | monitor:scan:303 - No New Serial
2026-08-01 02:56:36.387 | INFO     | monitor:scan:325 - Nothing Changed
2026-08-01 02:56:36.387 | SUCCESS  | monitor:scan:331 - Scan Finished
2026-08-01 02:56:36.388 | INFO     | monitor:start:67 - Sleep 60 Seconds
2026-08-01 02:57:36.389 | INFO     | auth.login:ensure_login:354 - Checking Login...
2026-08-01 02:57:36.391 | SUCCESS  | auth.login:load_saved_token:192 - Saved Token Loaded
2026-08-01 02:57:36.391 | SUCCESS  | auth.login:ensure_login:362 - Using Saved Token
2026-08-01 02:57:36.391 | INFO     | monitor:scan:111 - Scanning Website...
2026-08-01 02:57:36.393 | INFO     | monitor:scan:125 - Loading Page 1
2026-08-01 02:57:36.393 | INFO     | api:get_files:60 - Loading Page 1
2026-08-01 02:57:37.932 | INFO     | api:get_file:84 - Loading File 126d518f-764b-2019-40a6-645aba60ba46
2026-08-01 02:57:38.163 | INFO     | monitor:scan:273 - Reached Old Files
2026-08-01 02:57:38.164 | INFO     | monitor:scan:303 - No New Serial
2026-08-01 02:57:38.164 | INFO     | monitor:scan:325 - Nothing Changed
2026-08-01 02:57:38.165 | SUCCESS  | monitor:scan:331 - Scan Finished
2026-08-01 02:57:38.165 | INFO     | monitor:start:67 - Sleep 60 Seconds
2026-08-01 02:58:38.167 | INFO     | auth.login:ensure_login:354 - Checking Login...
2026-08-01 02:58:38.168 | SUCCESS  | auth.login:load_saved_token:192 - Saved Token Loaded
2026-08-01 02:58:38.168 | SUCCESS  | auth.login:ensure_login:362 - Using Saved Token
2026-08-01 02:58:38.168 | INFO     | monitor:scan:111 - Scanning Website...
2026-08-01 02:58:38.169 | INFO     | monitor:scan:125 - Loading Page 1
2026-08-01 02:58:38.169 | INFO     | api:get_files:60 - Loading Page 1
2026-08-01 02:58:41.368 | INFO     | api:get_file:84 - Loading File 126d518f-764b-2019-40a6-645aba60ba46
2026-08-01 02:58:41.598 | INFO     | monitor:scan:273 - Reached Old Files
2026-08-01 02:58:41.599 | INFO     | monitor:scan:303 - No New Serial
2026-08-01 02:58:41.599 | INFO     | monitor:scan:325 - Nothing Changed
2026-08-01 02:58:41.599 | SUCCESS  | monitor:scan:331 - Scan Finished
2026-08-01 02:58:41.600 | INFO     | monitor:start:67 - Sleep 60 Seconds
2026-08-01 02:59:41.601 | INFO     | auth.login:ensure_login:354 - Checking Login...
2026-08-01 02:59:41.604 | SUCCESS  | auth.login:load_saved_token:192 - Saved Token Loaded
2026-08-01 02:59:41.604 | SUCCESS  | auth.login:ensure_login:362 - Using Saved Token
2026-08-01 02:59:41.605 | INFO     | monitor:scan:111 - Scanning Website...
2026-08-01 02:59:41.606 | INFO     | monitor:scan:125 - Loading Page 1
2026-08-01 02:59:41.607 | INFO     | api:get_files:60 - Loading Page 1
2026-08-01 02:59:43.189 | INFO     | api:get_file:84 - Loading File 126d518f-764b-2019-40a6-645aba60ba46
2026-08-01 02:59:43.419 | INFO     | monitor:scan:273 - Reached Old Files
2026-08-01 02:59:43.419 | INFO     | monitor:scan:303 - No New Serial
2026-08-01 02:59:43.419 | INFO     | monitor:scan:325 - Nothing Changed
2026-08-01 02:59:43.419 | SUCCESS  | monitor:scan:331 - Scan Finished
2026-08-01 02:59:43.420 | INFO     | monitor:start:67 - Sleep 60 Seconds
2026-08-01 03:00:43.421 | INFO     | auth.login:ensure_login:354 - Checking Login...
2026-08-01 03:00:43.423 | SUCCESS  | auth.login:load_saved_token:192 - Saved Token Loaded
2026-08-01 03:00:43.423 | SUCCESS  | auth.login:ensure_login:362 - Using Saved Token
2026-08-01 03:00:43.423 | INFO     | monitor:scan:111 - Scanning Website...
2026-08-01 03:00:43.425 | INFO     | monitor:scan:125 - Loading Page 1
2026-08-01 03:00:43.425 | INFO     | api:get_files:60 - Loading Page 1
2026-08-01 03:00:46.584 | INFO     | api:get_file:84 - Loading File 126d518f-764b-2019-40a6-645aba60ba46
2026-08-01 03:00:46.814 | INFO     | monitor:scan:273 - Reached Old Files
2026-08-01 03:00:46.815 | INFO     | monitor:scan:303 - No New Serial
2026-08-01 03:00:46.817 | INFO     | monitor:scan:325 - Nothing Changed
2026-08-01 03:00:46.818 | SUCCESS  | monitor:scan:331 - Scan Finished
2026-08-01 03:00:46.819 | INFO     | monitor:start:67 - Sleep 60 Seconds
2026-08-01 03:01:46.820 | INFO     | auth.login:ensure_login:354 - Checking Login...
2026-08-01 03:01:46.821 | SUCCESS  | auth.login:load_saved_token:192 - Saved Token Loaded
2026-08-01 03:01:46.821 | SUCCESS  | auth.login:ensure_login:362 - Using Saved Token
2026-08-01 03:01:46.821 | INFO     | monitor:scan:111 - Scanning Website...
2026-08-01 03:01:46.822 | INFO     | monitor:scan:125 - Loading Page 1
2026-08-01 03:01:46.822 | INFO     | api:get_files:60 - Loading Page 1
2026-08-01 03:01:48.310 | INFO     | api:get_file:84 - Loading File 126d518f-764b-2019-40a6-645aba60ba46
2026-08-01 03:01:48.527 | INFO     | monitor:scan:273 - Reached Old Files
2026-08-01 03:01:48.528 | INFO     | monitor:scan:303 - No New Serial
2026-08-01 03:01:48.529 | INFO     | monitor:scan:325 - Nothing Changed
2026-08-01 03:01:48.529 | SUCCESS  | monitor:scan:331 - Scan Finished
2026-08-01 03:01:48.529 | INFO     | monitor:start:67 - Sleep 60 Seconds
2026-08-01 03:02:48.531 | INFO     | auth.login:ensure_login:354 - Checking Login...
2026-08-01 03:02:48.534 | SUCCESS  | auth.login:load_saved_token:192 - Saved Token Loaded
2026-08-01 03:02:48.535 | SUCCESS  | auth.login:ensure_login:362 - Using Saved Token
2026-08-01 03:02:48.535 | INFO     | monitor:scan:111 - Scanning Website...
2026-08-01 03:02:48.537 | INFO     | monitor:scan:125 - Loading Page 1
2026-08-01 03:02:48.538 | INFO     | api:get_files:60 - Loading Page 1
2026-08-01 03:02:48.959 | WARNING  | auth.login:get:411 - Access Token Expired
2026-08-01 03:02:48.960 | INFO     | auth.login:login:262 - Logging in...
2026-08-01 03:02:49.460 | SUCCESS  | auth.login:save_token:242 - Token Saved
2026-08-01 03:02:49.460 | SUCCESS  | auth.login:login:340 - Login Successful
2026-08-01 03:02:50.639 | INFO     | api:get_file:84 - Loading File 126d518f-764b-2019-40a6-645aba60ba46
2026-08-01 03:02:50.867 | INFO     | monitor:scan:273 - Reached Old Files
2026-08-01 03:02:50.868 | INFO     | monitor:scan:303 - No New Serial
2026-08-01 03:02:50.868 | INFO     | monitor:scan:325 - Nothing Changed
2026-08-01 03:02:50.869 | SUCCESS  | monitor:scan:331 - Scan Finished
2026-08-01 03:02:50.870 | INFO     | monitor:start:67 - Sleep 60 Seconds
2026-08-01 03:03:50.870 | INFO     | auth.login:ensure_login:354 - Checking Login...
2026-08-01 03:03:50.898 | SUCCESS  | auth.login:load_saved_token:192 - Saved Token Loaded
2026-08-01 03:03:50.898 | SUCCESS  | auth.login:ensure_login:362 - Using Saved Token
2026-08-01 03:03:50.898 | INFO     | monitor:scan:111 - Scanning Website...
2026-08-01 03:03:50.899 | INFO     | monitor:scan:125 - Loading Page 1
2026-08-01 03:03:50.899 | INFO     | api:get_files:60 - Loading Page 1
2026-08-01 03:03:52.321 | INFO     | api:get_file:84 - Loading File 126d518f-764b-2019-40a6-645aba60ba46
2026-08-01 03:03:52.540 | INFO     | monitor:scan:273 - Reached Old Files
2026-08-01 03:03:52.541 | INFO     | monitor:scan:303 - No New Serial
2026-08-01 03:03:52.542 | INFO     | monitor:scan:325 - Nothing Changed
2026-08-01 03:03:52.542 | SUCCESS  | monitor:scan:331 - Scan Finished
2026-08-01 03:03:52.544 | INFO     | monitor:start:67 - Sleep 60 Seconds
2026-08-01 03:04:52.545 | INFO     | auth.login:ensure_login:354 - Checking Login...
2026-08-01 03:04:52.549 | SUCCESS  | auth.login:load_saved_token:192 - Saved Token Loaded
2026-08-01 03:04:52.550 | SUCCESS  | auth.login:ensure_login:362 - Using Saved Token
2026-08-01 03:04:52.550 | INFO     | monitor:scan:111 - Scanning Website...
2026-08-01 03:04:52.552 | INFO     | monitor:scan:125 - Loading Page 1
2026-08-01 03:04:52.553 | INFO     | api:get_files:60 - Loading Page 1
2026-08-01 03:04:55.257 | INFO     | api:get_file:84 - Loading File 126d518f-764b-2019-40a6-645aba60ba46
2026-08-01 03:04:55.483 | INFO     | monitor:scan:273 - Reached Old Files
2026-08-01 03:04:55.484 | INFO     | monitor:scan:303 - No New Serial
2026-08-01 03:04:55.484 | INFO     | monitor:scan:325 - Nothing Changed
2026-08-01 03:04:55.485 | SUCCESS  | monitor:scan:331 - Scan Finished
2026-08-01 03:04:55.487 | INFO     | monitor:start:67 - Sleep 60 Seconds
2026-08-01 03:05:55.488 | INFO     | auth.login:ensure_login:354 - Checking Login...
2026-08-01 03:05:55.490 | SUCCESS  | auth.login:load_saved_token:192 - Saved Token Loaded
2026-08-01 03:05:55.490 | SUCCESS  | auth.login:ensure_login:362 - Using Saved Token
2026-08-01 03:05:55.491 | INFO     | monitor:scan:111 - Scanning Website...
2026-08-01 03:05:55.491 | INFO     | monitor:scan:125 - Loading Page 1
2026-08-01 03:05:55.492 | INFO     | api:get_files:60 - Loading Page 1
2026-08-01 03:05:58.443 | INFO     | api:get_file:84 - Loading File 126d518f-764b-2019-40a6-645aba60ba46
2026-08-01 03:05:58.671 | INFO     | monitor:scan:273 - Reached Old Files
2026-08-01 03:05:58.673 | INFO     | monitor:scan:303 - No New Serial
2026-08-01 03:05:58.674 | INFO     | monitor:scan:325 - Nothing Changed
2026-08-01 03:05:58.674 | SUCCESS  | monitor:scan:331 - Scan Finished
2026-08-01 03:05:58.675 | INFO     | monitor:start:67 - Sleep 60 Seconds
2026-08-01 03:06:58.677 | INFO     | auth.login:ensure_login:354 - Checking Login...
2026-08-01 03:06:58.679 | SUCCESS  | auth.login:load_saved_token:192 - Saved Token Loaded
2026-08-01 03:06:58.680 | SUCCESS  | auth.login:ensure_login:362 - Using Saved Token
2026-08-01 03:06:58.681 | INFO     | monitor:scan:111 - Scanning Website...
2026-08-01 03:06:58.684 | INFO     | monitor:scan:125 - Loading Page 1
2026-08-01 03:06:58.684 | INFO     | api:get_files:60 - Loading Page 1
2026-08-01 03:07:01.753 | INFO     | api:get_file:84 - Loading File 126d518f-764b-2019-40a6-645aba60ba46
2026-08-01 03:07:01.982 | INFO     | monitor:scan:273 - Reached Old Files
2026-08-01 03:07:01.982 | INFO     | monitor:scan:303 - No New Serial
2026-08-01 03:07:01.982 | INFO     | monitor:scan:325 - Nothing Changed
2026-08-01 03:07:01.982 | SUCCESS  | monitor:scan:331 - Scan Finished
2026-08-01 03:07:01.983 | INFO     | monitor:start:67 - Sleep 60 Seconds
2026-08-01 03:08:01.983 | INFO     | auth.login:ensure_login:354 - Checking Login...
2026-08-01 03:08:01.986 | SUCCESS  | auth.login:load_saved_token:192 - Saved Token Loaded
2026-08-01 03:08:01.987 | SUCCESS  | auth.login:ensure_login:362 - Using Saved Token
2026-08-01 03:08:01.987 | INFO     | monitor:scan:111 - Scanning Website...
2026-08-01 03:08:01.990 | INFO     | monitor:scan:125 - Loading Page 1
2026-08-01 03:08:01.992 | INFO     | api:get_files:60 - Loading Page 1
2026-08-01 03:08:03.598 | INFO     | api:get_file:84 - Loading File 126d518f-764b-2019-40a6-645aba60ba46
2026-08-01 03:08:03.818 | INFO     | monitor:scan:273 - Reached Old Files
2026-08-01 03:08:03.819 | INFO     | monitor:scan:303 - No New Serial
2026-08-01 03:08:03.819 | INFO     | monitor:scan:325 - Nothing Changed
2026-08-01 03:08:03.820 | SUCCESS  | monitor:scan:331 - Scan Finished
2026-08-01 03:08:03.821 | INFO     | monitor:start:67 - Sleep 60 Seconds
2026-08-01 03:09:03.822 | INFO     | auth.login:ensure_login:354 - Checking Login...
2026-08-01 03:09:03.825 | SUCCESS  | auth.login:load_saved_token:192 - Saved Token Loaded
2026-08-01 03:09:03.826 | SUCCESS  | auth.login:ensure_login:362 - Using Saved Token
2026-08-01 03:09:03.827 | INFO     | monitor:scan:111 - Scanning Website...
2026-08-01 03:09:03.828 | INFO     | monitor:scan:125 - Loading Page 1
2026-08-01 03:09:03.829 | INFO     | api:get_files:60 - Loading Page 1
2026-08-01 03:09:05.340 | INFO     | api:get_file:84 - Loading File 126d518f-764b-2019-40a6-645aba60ba46
2026-08-01 03:09:05.566 | INFO     | monitor:scan:273 - Reached Old Files
2026-08-01 03:09:05.567 | INFO     | monitor:scan:303 - No New Serial
2026-08-01 03:09:05.567 | INFO     | monitor:scan:325 - Nothing Changed
2026-08-01 03:09:05.568 | SUCCESS  | monitor:scan:331 - Scan Finished
2026-08-01 03:09:05.569 | INFO     | monitor:start:67 - Sleep 60 Seconds
2026-08-01 03:10:05.570 | INFO     | auth.login:ensure_login:354 - Checking Login...
2026-08-01 03:10:05.572 | SUCCESS  | auth.login:load_saved_token:192 - Saved Token Loaded
2026-08-01 03:10:05.573 | SUCCESS  | auth.login:ensure_login:362 - Using Saved Token
2026-08-01 03:10:05.574 | INFO     | monitor:scan:111 - Scanning Website...
2026-08-01 03:10:05.575 | INFO     | monitor:scan:125 - Loading Page 1
2026-08-01 03:10:05.576 | INFO     | api:get_files:60 - Loading Page 1
2026-08-01 03:10:07.327 | INFO     | api:get_file:84 - Loading File 126d518f-764b-2019-40a6-645aba60ba46
2026-08-01 03:10:07.534 | INFO     | monitor:scan:273 - Reached Old Files
2026-08-01 03:10:07.534 | INFO     | monitor:scan:303 - No New Serial
2026-08-01 03:10:07.535 | INFO     | monitor:scan:325 - Nothing Changed
2026-08-01 03:10:07.535 | SUCCESS  | monitor:scan:331 - Scan Finished
2026-08-01 03:10:07.535 | INFO     | monitor:start:67 - Sleep 60 Seconds
2026-08-01 03:11:07.535 | INFO     | auth.login:ensure_login:354 - Checking Login...
2026-08-01 03:11:07.537 | SUCCESS  | auth.login:load_saved_token:192 - Saved Token Loaded
2026-08-01 03:11:07.538 | SUCCESS  | auth.login:ensure_login:362 - Using Saved Token
2026-08-01 03:11:07.538 | INFO     | monitor:scan:111 - Scanning Website...
2026-08-01 03:11:07.540 | INFO     | monitor:scan:125 - Loading Page 1
2026-08-01 03:11:07.540 | INFO     | api:get_files:60 - Loading Page 1
2026-08-01 03:11:09.010 | INFO     | api:get_file:84 - Loading File 126d518f-764b-2019-40a6-645aba60ba46
2026-08-01 03:11:09.245 | INFO     | monitor:scan:273 - Reached Old Files
2026-08-01 03:11:09.246 | INFO     | monitor:scan:303 - No New Serial
2026-08-01 03:11:09.246 | INFO     | monitor:scan:325 - Nothing Changed
2026-08-01 03:11:09.247 | SUCCESS  | monitor:scan:331 - Scan Finished
2026-08-01 03:11:09.248 | INFO     | monitor:start:67 - Sleep 60 Seconds
2026-08-01 03:12:09.249 | INFO     | auth.login:ensure_login:354 - Checking Login...
2026-08-01 03:12:09.251 | SUCCESS  | auth.login:load_saved_token:192 - Saved Token Loaded
2026-08-01 03:12:09.252 | SUCCESS  | auth.login:ensure_login:362 - Using Saved Token
2026-08-01 03:12:09.253 | INFO     | monitor:scan:111 - Scanning Website...
2026-08-01 03:12:09.255 | INFO     | monitor:scan:125 - Loading Page 1
2026-08-01 03:12:09.255 | INFO     | api:get_files:60 - Loading Page 1
2026-08-01 03:12:10.948 | INFO     | api:get_file:84 - Loading File 126d518f-764b-2019-40a6-645aba60ba46
2026-08-01 03:12:11.177 | INFO     | monitor:scan:273 - Reached Old Files
2026-08-01 03:12:11.178 | INFO     | monitor:scan:303 - No New Serial
2026-08-01 03:12:11.178 | INFO     | monitor:scan:325 - Nothing Changed
2026-08-01 03:12:11.178 | SUCCESS  | monitor:scan:331 - Scan Finished
2026-08-01 03:12:11.179 | INFO     | monitor:start:67 - Sleep 60 Seconds
2026-08-01 03:13:11.180 | INFO     | auth.login:ensure_login:354 - Checking Login...
2026-08-01 03:13:11.182 | SUCCESS  | auth.login:load_saved_token:192 - Saved Token Loaded
2026-08-01 03:13:11.183 | SUCCESS  | auth.login:ensure_login:362 - Using Saved Token
2026-08-01 03:13:11.184 | INFO     | monitor:scan:111 - Scanning Website...
2026-08-01 03:13:11.185 | INFO     | monitor:scan:125 - Loading Page 1
2026-08-01 03:13:11.186 | INFO     | api:get_files:60 - Loading Page 1
2026-08-01 03:13:11.635 | WARNING  | auth.login:get:411 - Access Token Expired
2026-08-01 03:13:11.636 | INFO     | auth.login:login:262 - Logging in...
2026-08-01 03:13:12.101 | SUCCESS  | auth.login:save_token:242 - Token Saved
2026-08-01 03:13:12.101 | SUCCESS  | auth.login:login:340 - Login Successful
2026-08-01 03:13:13.281 | INFO     | api:get_file:84 - Loading File 126d518f-764b-2019-40a6-645aba60ba46
2026-08-01 03:13:13.510 | INFO     | monitor:scan:273 - Reached Old Files
2026-08-01 03:13:13.511 | INFO     | monitor:scan:303 - No New Serial
2026-08-01 03:13:13.511 | INFO     | monitor:scan:325 - Nothing Changed
2026-08-01 03:13:13.512 | SUCCESS  | monitor:scan:331 - Scan Finished
2026-08-01 03:13:13.512 | INFO     | monitor:start:67 - Sleep 60 Seconds
2026-08-01 03:14:13.513 | INFO     | auth.login:ensure_login:354 - Checking Login...
2026-08-01 03:14:13.536 | SUCCESS  | auth.login:load_saved_token:192 - Saved Token Loaded
2026-08-01 03:14:13.537 | SUCCESS  | auth.login:ensure_login:362 - Using Saved Token
2026-08-01 03:14:13.537 | INFO     | monitor:scan:111 - Scanning Website...
2026-08-01 03:14:13.538 | INFO     | monitor:scan:125 - Loading Page 1
2026-08-01 03:14:13.538 | INFO     | api:get_files:60 - Loading Page 1
2026-08-01 03:14:15.326 | INFO     | api:get_file:84 - Loading File 126d518f-764b-2019-40a6-645aba60ba46
2026-08-01 03:14:15.553 | INFO     | monitor:scan:273 - Reached Old Files
2026-08-01 03:14:15.554 | INFO     | monitor:scan:303 - No New Serial
2026-08-01 03:14:15.554 | INFO     | monitor:scan:325 - Nothing Changed
2026-08-01 03:14:15.555 | SUCCESS  | monitor:scan:331 - Scan Finished
2026-08-01 03:14:15.555 | INFO     | monitor:start:67 - Sleep 60 Seconds
2026-08-01 03:15:15.556 | INFO     | auth.login:ensure_login:354 - Checking Login...
2026-08-01 03:15:15.560 | SUCCESS  | auth.login:load_saved_token:192 - Saved Token Loaded
2026-08-01 03:15:15.561 | SUCCESS  | auth.login:ensure_login:362 - Using Saved Token
2026-08-01 03:15:15.562 | INFO     | monitor:scan:111 - Scanning Website...
2026-08-01 03:15:15.564 | INFO     | monitor:scan:125 - Loading Page 1
2026-08-01 03:15:15.565 | INFO     | api:get_files:60 - Loading Page 1
2026-08-01 03:15:17.088 | INFO     | api:get_file:84 - Loading File 126d518f-764b-2019-40a6-645aba60ba46
2026-08-01 03:15:17.329 | INFO     | monitor:scan:273 - Reached Old Files
2026-08-01 03:15:17.329 | INFO     | monitor:scan:303 - No New Serial
2026-08-01 03:15:17.330 | INFO     | monitor:scan:325 - Nothing Changed
2026-08-01 03:15:17.330 | SUCCESS  | monitor:scan:331 - Scan Finished
2026-08-01 03:15:17.330 | INFO     | monitor:start:67 - Sleep 60 Seconds
2026-08-01 03:16:17.331 | INFO     | auth.login:ensure_login:354 - Checking Login...
2026-08-01 03:16:17.332 | SUCCESS  | auth.login:load_saved_token:192 - Saved Token Loaded
2026-08-01 03:16:17.332 | SUCCESS  | auth.login:ensure_login:362 - Using Saved Token
2026-08-01 03:16:17.332 | INFO     | monitor:scan:111 - Scanning Website...
2026-08-01 03:16:17.333 | INFO     | monitor:scan:125 - Loading Page 1
2026-08-01 03:16:17.333 | INFO     | api:get_files:60 - Loading Page 1
2026-08-01 03:16:18.863 | INFO     | api:get_file:84 - Loading File 126d518f-764b-2019-40a6-645aba60ba46
2026-08-01 03:16:19.093 | INFO     | monitor:scan:273 - Reached Old Files
2026-08-01 03:16:19.093 | INFO     | monitor:scan:303 - No New Serial
2026-08-01 03:16:19.094 | INFO     | monitor:scan:325 - Nothing Changed
2026-08-01 03:16:19.094 | SUCCESS  | monitor:scan:331 - Scan Finished
2026-08-01 03:16:19.094 | INFO     | monitor:start:67 - Sleep 60 Seconds
2026-08-01 03:17:19.095 | INFO     | auth.login:ensure_login:354 - Checking Login...
2026-08-01 03:17:19.100 | SUCCESS  | auth.login:load_saved_token:192 - Saved Token Loaded
2026-08-01 03:17:19.102 | SUCCESS  | auth.login:ensure_login:362 - Using Saved Token
2026-08-01 03:17:19.103 | INFO     | monitor:scan:111 - Scanning Website...
2026-08-01 03:17:19.106 | INFO     | monitor:scan:125 - Loading Page 1
2026-08-01 03:17:19.107 | INFO     | api:get_files:60 - Loading Page 1
2026-08-01 03:17:20.793 | INFO     | api:get_file:84 - Loading File 126d518f-764b-2019-40a6-645aba60ba46
2026-08-01 03:17:21.025 | INFO     | monitor:scan:273 - Reached Old Files
2026-08-01 03:17:21.026 | INFO     | monitor:scan:303 - No New Serial
2026-08-01 03:17:21.027 | INFO     | monitor:scan:325 - Nothing Changed
2026-08-01 03:17:21.028 | SUCCESS  | monitor:scan:331 - Scan Finished
2026-08-01 03:17:21.029 | INFO     | monitor:start:67 - Sleep 60 Seconds
2026-08-01 03:18:21.030 | INFO     | auth.login:ensure_login:354 - Checking Login...
2026-08-01 03:18:21.033 | SUCCESS  | auth.login:load_saved_token:192 - Saved Token Loaded
2026-08-01 03:18:21.033 | SUCCESS  | auth.login:ensure_login:362 - Using Saved Token
2026-08-01 03:18:21.033 | INFO     | monitor:scan:111 - Scanning Website...
2026-08-01 03:18:21.035 | INFO     | monitor:scan:125 - Loading Page 1
2026-08-01 03:18:21.035 | INFO     | api:get_files:60 - Loading Page 1
2026-08-01 03:18:22.545 | INFO     | api:get_file:84 - Loading File 126d518f-764b-2019-40a6-645aba60ba46
2026-08-01 03:18:22.765 | INFO     | monitor:scan:273 - Reached Old Files
2026-08-01 03:18:22.767 | INFO     | monitor:scan:303 - No New Serial
2026-08-01 03:18:22.767 | INFO     | monitor:scan:325 - Nothing Changed
2026-08-01 03:18:22.768 | SUCCESS  | monitor:scan:331 - Scan Finished
2026-08-01 03:18:22.769 | INFO     | monitor:start:67 - Sleep 60 Seconds
2026-08-01 03:19:22.771 | INFO     | auth.login:ensure_login:354 - Checking Login...
2026-08-01 03:19:22.773 | SUCCESS  | auth.login:load_saved_token:192 - Saved Token Loaded
2026-08-01 03:19:22.774 | SUCCESS  | auth.login:ensure_login:362 - Using Saved Token
2026-08-01 03:19:22.774 | INFO     | monitor:scan:111 - Scanning Website...
2026-08-01 03:19:22.776 | INFO     | monitor:scan:125 - Loading Page 1
2026-08-01 03:19:22.776 | INFO     | api:get_files:60 - Loading Page 1
2026-08-01 03:19:24.251 | INFO     | api:get_file:84 - Loading File 126d518f-764b-2019-40a6-645aba60ba46
2026-08-01 03:19:24.482 | INFO     | monitor:scan:273 - Reached Old Files
2026-08-01 03:19:24.483 | INFO     | monitor:scan:303 - No New Serial
2026-08-01 03:19:24.483 | INFO     | monitor:scan:325 - Nothing Changed
2026-08-01 03:19:24.483 | SUCCESS  | monitor:scan:331 - Scan Finished
2026-08-01 03:19:24.484 | INFO     | monitor:start:67 - Sleep 60 Seconds
2026-08-01 03:20:24.485 | INFO     | auth.login:ensure_login:354 - Checking Login...
2026-08-01 03:20:24.490 | SUCCESS  | auth.login:load_saved_token:192 - Saved Token Loaded
2026-08-01 03:20:24.492 | SUCCESS  | auth.login:ensure_login:362 - Using Saved Token
2026-08-01 03:20:24.492 | INFO     | monitor:scan:111 - Scanning Website...
2026-08-01 03:20:24.494 | INFO     | monitor:scan:125 - Loading Page 1
2026-08-01 03:20:24.495 | INFO     | api:get_files:60 - Loading Page 1
2026-08-01 03:20:26.123 | INFO     | api:get_file:84 - Loading File 126d518f-764b-2019-40a6-645aba60ba46
2026-08-01 03:20:26.354 | INFO     | monitor:scan:273 - Reached Old Files
2026-08-01 03:20:26.354 | INFO     | monitor:scan:303 - No New Serial
2026-08-01 03:20:26.355 | INFO     | monitor:scan:325 - Nothing Changed
2026-08-01 03:20:26.356 | SUCCESS  | monitor:scan:331 - Scan Finished
2026-08-01 03:20:26.357 | INFO     | monitor:start:67 - Sleep 60 Seconds
2026-08-01 03:21:26.359 | INFO     | auth.login:ensure_login:354 - Checking Login...
2026-08-01 03:21:26.360 | SUCCESS  | auth.login:load_saved_token:192 - Saved Token Loaded
2026-08-01 03:21:26.360 | SUCCESS  | auth.login:ensure_login:362 - Using Saved Token
2026-08-01 03:21:26.360 | INFO     | monitor:scan:111 - Scanning Website...
2026-08-01 03:21:26.361 | INFO     | monitor:scan:125 - Loading Page 1
2026-08-01 03:21:26.361 | INFO     | api:get_files:60 - Loading Page 1
2026-08-01 03:21:27.823 | INFO     | api:get_file:84 - Loading File 126d518f-764b-2019-40a6-645aba60ba46
2026-08-01 03:21:28.042 | INFO     | monitor:scan:273 - Reached Old Files
2026-08-01 03:21:28.043 | INFO     | monitor:scan:303 - No New Serial
2026-08-01 03:21:28.043 | INFO     | monitor:scan:325 - Nothing Changed
2026-08-01 03:21:28.044 | SUCCESS  | monitor:scan:331 - Scan Finished
2026-08-01 03:21:28.044 | INFO     | monitor:start:67 - Sleep 60 Seconds
2026-08-01 03:22:28.046 | INFO     | auth.login:ensure_login:354 - Checking Login...
2026-08-01 03:22:28.048 | SUCCESS  | auth.login:load_saved_token:192 - Saved Token Loaded
2026-08-01 03:22:28.049 | SUCCESS  | auth.login:ensure_login:362 - Using Saved Token
2026-08-01 03:22:28.049 | INFO     | monitor:scan:111 - Scanning Website...
2026-08-01 03:22:28.051 | INFO     | monitor:scan:125 - Loading Page 1
2026-08-01 03:22:28.051 | INFO     | api:get_files:60 - Loading Page 1
2026-08-01 03:22:29.504 | INFO     | api:get_file:84 - Loading File 126d518f-764b-2019-40a6-645aba60ba46
2026-08-01 03:22:29.722 | INFO     | monitor:scan:273 - Reached Old Files
2026-08-01 03:22:29.723 | INFO     | monitor:scan:303 - No New Serial
2026-08-01 03:22:29.723 | INFO     | monitor:scan:325 - Nothing Changed
2026-08-01 03:22:29.724 | SUCCESS  | monitor:scan:331 - Scan Finished
2026-08-01 03:22:29.724 | INFO     | monitor:start:67 - Sleep 60 Seconds
2026-08-01 03:23:29.725 | INFO     | auth.login:ensure_login:354 - Checking Login...
2026-08-01 03:23:29.728 | SUCCESS  | auth.login:load_saved_token:192 - Saved Token Loaded
2026-08-01 03:23:29.730 | SUCCESS  | auth.login:ensure_login:362 - Using Saved Token
2026-08-01 03:23:29.731 | INFO     | monitor:scan:111 - Scanning Website...
2026-08-01 03:23:29.733 | INFO     | monitor:scan:125 - Loading Page 1
2026-08-01 03:23:29.734 | INFO     | api:get_files:60 - Loading Page 1
2026-08-01 03:23:30.113 | WARNING  | auth.login:get:411 - Access Token Expired
2026-08-01 03:23:30.114 | INFO     | auth.login:login:262 - Logging in...
2026-08-01 03:23:30.585 | SUCCESS  | auth.login:save_token:242 - Token Saved
2026-08-01 03:23:30.586 | SUCCESS  | auth.login:login:340 - Login Successful
2026-08-01 03:23:31.777 | INFO     | api:get_file:84 - Loading File 126d518f-764b-2019-40a6-645aba60ba46
2026-08-01 03:23:31.985 | INFO     | monitor:scan:273 - Reached Old Files
2026-08-01 03:23:31.985 | INFO     | monitor:scan:303 - No New Serial
2026-08-01 03:23:31.986 | INFO     | monitor:scan:325 - Nothing Changed
2026-08-01 03:23:31.986 | SUCCESS  | monitor:scan:331 - Scan Finished
2026-08-01 03:23:31.987 | INFO     | monitor:start:67 - Sleep 60 Seconds
2026-08-01 03:24:31.988 | INFO     | auth.login:ensure_login:354 - Checking Login...
2026-08-01 03:24:32.013 | SUCCESS  | auth.login:load_saved_token:192 - Saved Token Loaded
2026-08-01 03:24:32.014 | SUCCESS  | auth.login:ensure_login:362 - Using Saved Token
2026-08-01 03:24:32.014 | INFO     | monitor:scan:111 - Scanning Website...
2026-08-01 03:24:32.015 | INFO     | monitor:scan:125 - Loading Page 1
2026-08-01 03:24:32.015 | INFO     | api:get_files:60 - Loading Page 1
2026-08-01 03:24:35.478 | INFO     | api:get_file:84 - Loading File 126d518f-764b-2019-40a6-645aba60ba46
2026-08-01 03:24:35.705 | INFO     | monitor:scan:273 - Reached Old Files
2026-08-01 03:24:35.705 | INFO     | monitor:scan:303 - No New Serial
2026-08-01 03:24:35.706 | INFO     | monitor:scan:325 - Nothing Changed
2026-08-01 03:24:35.706 | SUCCESS  | monitor:scan:331 - Scan Finished
2026-08-01 03:24:35.706 | INFO     | monitor:start:67 - Sleep 60 Seconds
2026-08-01 03:25:35.707 | INFO     | auth.login:ensure_login:354 - Checking Login...
2026-08-01 03:25:35.710 | SUCCESS  | auth.login:load_saved_token:192 - Saved Token Loaded
2026-08-01 03:25:35.711 | SUCCESS  | auth.login:ensure_login:362 - Using Saved Token
2026-08-01 03:25:35.714 | INFO     | monitor:scan:111 - Scanning Website...
2026-08-01 03:25:35.716 | INFO     | monitor:scan:125 - Loading Page 1
2026-08-01 03:25:35.716 | INFO     | api:get_files:60 - Loading Page 1
2026-08-01 03:25:38.846 | INFO     | api:get_file:84 - Loading File 126d518f-764b-2019-40a6-645aba60ba46
2026-08-01 03:25:39.075 | INFO     | monitor:scan:273 - Reached Old Files
2026-08-01 03:25:39.076 | INFO     | monitor:scan:303 - No New Serial
2026-08-01 03:25:39.076 | INFO     | monitor:scan:325 - Nothing Changed
2026-08-01 03:25:39.076 | SUCCESS  | monitor:scan:331 - Scan Finished
2026-08-01 03:25:39.076 | INFO     | monitor:start:67 - Sleep 60 Seconds
2026-08-01 03:26:39.077 | INFO     | auth.login:ensure_login:354 - Checking Login...
2026-08-01 03:26:39.079 | SUCCESS  | auth.login:load_saved_token:192 - Saved Token Loaded
2026-08-01 03:26:39.080 | SUCCESS  | auth.login:ensure_login:362 - Using Saved Token
2026-08-01 03:26:39.081 | INFO     | monitor:scan:111 - Scanning Website...
2026-08-01 03:26:39.083 | INFO     | monitor:scan:125 - Loading Page 1
2026-08-01 03:26:39.083 | INFO     | api:get_files:60 - Loading Page 1
2026-08-01 03:26:42.128 | INFO     | api:get_file:84 - Loading File 126d518f-764b-2019-40a6-645aba60ba46
2026-08-01 03:26:42.353 | INFO     | monitor:scan:273 - Reached Old Files
2026-08-01 03:26:42.353 | INFO     | monitor:scan:303 - No New Serial
2026-08-01 03:26:42.353 | INFO     | monitor:scan:325 - Nothing Changed
2026-08-01 03:26:42.353 | SUCCESS  | monitor:scan:331 - Scan Finished
2026-08-01 03:26:42.353 | INFO     | monitor:start:67 - Sleep 60 Seconds
2026-08-01 03:27:42.354 | INFO     | auth.login:ensure_login:354 - Checking Login...
2026-08-01 03:27:42.357 | SUCCESS  | auth.login:load_saved_token:192 - Saved Token Loaded
2026-08-01 03:27:42.357 | SUCCESS  | auth.login:ensure_login:362 - Using Saved Token
2026-08-01 03:27:42.358 | INFO     | monitor:scan:111 - Scanning Website...
2026-08-01 03:27:42.360 | INFO     | monitor:scan:125 - Loading Page 1
2026-08-01 03:27:42.363 | INFO     | api:get_files:60 - Loading Page 1
2026-08-01 03:27:45.637 | INFO     | api:get_file:84 - Loading File 126d518f-764b-2019-40a6-645aba60ba46
2026-08-01 03:27:45.865 | INFO     | monitor:scan:273 - Reached Old Files
2026-08-01 03:27:45.865 | INFO     | monitor:scan:303 - No New Serial
2026-08-01 03:27:45.865 | INFO     | monitor:scan:325 - Nothing Changed
2026-08-01 03:27:45.866 | SUCCESS  | monitor:scan:331 - Scan Finished
2026-08-01 03:27:45.866 | INFO     | monitor:start:67 - Sleep 60 Seconds
2026-08-01 03:28:45.867 | INFO     | auth.login:ensure_login:354 - Checking Login...
2026-08-01 03:28:45.867 | SUCCESS  | auth.login:load_saved_token:192 - Saved Token Loaded
2026-08-01 03:28:45.868 | SUCCESS  | auth.login:ensure_login:362 - Using Saved Token
2026-08-01 03:28:45.868 | INFO     | monitor:scan:111 - Scanning Website...
2026-08-01 03:28:45.869 | INFO     | monitor:scan:125 - Loading Page 1
2026-08-01 03:28:45.869 | INFO     | api:get_files:60 - Loading Page 1
2026-08-01 03:28:47.371 | INFO     | api:get_file:84 - Loading File 126d518f-764b-2019-40a6-645aba60ba46
2026-08-01 03:28:47.598 | INFO     | monitor:scan:273 - Reached Old Files
2026-08-01 03:28:47.598 | INFO     | monitor:scan:303 - No New Serial
2026-08-01 03:28:47.598 | INFO     | monitor:scan:325 - Nothing Changed
2026-08-01 03:28:47.598 | SUCCESS  | monitor:scan:331 - Scan Finished
2026-08-01 03:28:47.599 | INFO     | monitor:start:67 - Sleep 60 Seconds
2026-08-01 03:29:47.599 | INFO     | auth.login:ensure_login:354 - Checking Login...
2026-08-01 03:29:47.601 | SUCCESS  | auth.login:load_saved_token:192 - Saved Token Loaded
2026-08-01 03:29:47.602 | SUCCESS  | auth.login:ensure_login:362 - Using Saved Token
2026-08-01 03:29:47.602 | INFO     | monitor:scan:111 - Scanning Website...
2026-08-01 03:29:47.603 | INFO     | monitor:scan:125 - Loading Page 1
2026-08-01 03:29:47.604 | INFO     | api:get_files:60 - Loading Page 1
2026-08-01 03:29:49.127 | INFO     | api:get_file:84 - Loading File 126d518f-764b-2019-40a6-645aba60ba46
2026-08-01 03:29:49.354 | INFO     | monitor:scan:273 - Reached Old Files
2026-08-01 03:29:49.357 | INFO     | monitor:scan:303 - No New Serial
2026-08-01 03:29:49.357 | INFO     | monitor:scan:325 - Nothing Changed
2026-08-01 03:29:49.358 | SUCCESS  | monitor:scan:331 - Scan Finished
2026-08-01 03:29:49.358 | INFO     | monitor:start:67 - Sleep 60 Seconds
2026-08-01 03:30:49.359 | INFO     | auth.login:ensure_login:354 - Checking Login...
2026-08-01 03:30:49.362 | SUCCESS  | auth.login:load_saved_token:192 - Saved Token Loaded
2026-08-01 03:30:49.363 | SUCCESS  | auth.login:ensure_login:362 - Using Saved Token
2026-08-01 03:30:49.364 | INFO     | monitor:scan:111 - Scanning Website...
2026-08-01 03:30:49.367 | INFO     | monitor:scan:125 - Loading Page 1
2026-08-01 03:30:49.368 | INFO     | api:get_files:60 - Loading Page 1
2026-08-01 03:30:50.877 | INFO     | api:get_file:84 - Loading File 126d518f-764b-2019-40a6-645aba60ba46
2026-08-01 03:30:51.108 | INFO     | monitor:scan:273 - Reached Old Files
2026-08-01 03:30:51.108 | INFO     | monitor:scan:303 - No New Serial
2026-08-01 03:30:51.108 | INFO     | monitor:scan:325 - Nothing Changed
2026-08-01 03:30:51.109 | SUCCESS  | monitor:scan:331 - Scan Finished
2026-08-01 03:30:51.109 | INFO     | monitor:start:67 - Sleep 60 Seconds
2026-08-01 03:31:51.109 | INFO     | auth.login:ensure_login:354 - Checking Login...
2026-08-01 03:31:51.112 | SUCCESS  | auth.login:load_saved_token:192 - Saved Token Loaded
2026-08-01 03:31:51.114 | SUCCESS  | auth.login:ensure_login:362 - Using Saved Token
2026-08-01 03:31:51.114 | INFO     | monitor:scan:111 - Scanning Website...
2026-08-01 03:31:51.116 | INFO     | monitor:scan:125 - Loading Page 1
2026-08-01 03:31:51.117 | INFO     | api:get_files:60 - Loading Page 1
2026-08-01 03:31:54.486 | INFO     | api:get_file:84 - Loading File 126d518f-764b-2019-40a6-645aba60ba46
2026-08-01 03:31:54.718 | INFO     | monitor:scan:273 - Reached Old Files
2026-08-01 03:31:54.719 | INFO     | monitor:scan:303 - No New Serial
2026-08-01 03:31:54.720 | INFO     | monitor:scan:325 - Nothing Changed
2026-08-01 03:31:54.720 | SUCCESS  | monitor:scan:331 - Scan Finished
2026-08-01 03:31:54.721 | INFO     | monitor:start:67 - Sleep 60 Seconds
2026-08-01 03:32:54.723 | INFO     | auth.login:ensure_login:354 - Checking Login...
2026-08-01 03:32:54.726 | SUCCESS  | auth.login:load_saved_token:192 - Saved Token Loaded
2026-08-01 03:32:54.728 | SUCCESS  | auth.login:ensure_login:362 - Using Saved Token
2026-08-01 03:32:54.728 | INFO     | monitor:scan:111 - Scanning Website...
2026-08-01 03:32:54.731 | INFO     | monitor:scan:125 - Loading Page 1
2026-08-01 03:32:54.732 | INFO     | api:get_files:60 - Loading Page 1
2026-08-01 03:32:56.394 | INFO     | api:get_file:84 - Loading File 126d518f-764b-2019-40a6-645aba60ba46
2026-08-01 03:32:56.623 | INFO     | monitor:scan:273 - Reached Old Files
2026-08-01 03:32:56.623 | INFO     | monitor:scan:303 - No New Serial
2026-08-01 03:32:56.624 | INFO     | monitor:scan:325 - Nothing Changed
2026-08-01 03:32:56.624 | SUCCESS  | monitor:scan:331 - Scan Finished
2026-08-01 03:32:56.625 | INFO     | monitor:start:67 - Sleep 60 Seconds
2026-08-01 03:33:56.625 | INFO     | auth.login:ensure_login:354 - Checking Login...
2026-08-01 03:33:56.626 | SUCCESS  | auth.login:load_saved_token:192 - Saved Token Loaded
2026-08-01 03:33:56.626 | SUCCESS  | auth.login:ensure_login:362 - Using Saved Token
2026-08-01 03:33:56.626 | INFO     | monitor:scan:111 - Scanning Website...
2026-08-01 03:33:56.626 | INFO     | monitor:scan:125 - Loading Page 1
2026-08-01 03:33:56.627 | INFO     | api:get_files:60 - Loading Page 1
2026-08-01 03:33:57.067 | WARNING  | auth.login:get:411 - Access Token Expired
2026-08-01 03:33:57.068 | INFO     | auth.login:login:262 - Logging in...
2026-08-01 03:33:57.571 | SUCCESS  | auth.login:save_token:242 - Token Saved
2026-08-01 03:33:57.571 | SUCCESS  | auth.login:login:340 - Login Successful
2026-08-01 03:33:58.767 | INFO     | api:get_file:84 - Loading File 126d518f-764b-2019-40a6-645aba60ba46
2026-08-01 03:33:58.995 | INFO     | monitor:scan:273 - Reached Old Files
2026-08-01 03:33:58.995 | INFO     | monitor:scan:303 - No New Serial
2026-08-01 03:33:58.995 | INFO     | monitor:scan:325 - Nothing Changed
2026-08-01 03:33:58.995 | SUCCESS  | monitor:scan:331 - Scan Finished
2026-08-01 03:33:58.995 | INFO     | monitor:start:67 - Sleep 60 Seconds
2026-08-01 03:34:58.996 | INFO     | auth.login:ensure_login:354 - Checking Login...
2026-08-01 03:34:59.029 | SUCCESS  | auth.login:load_saved_token:192 - Saved Token Loaded
2026-08-01 03:34:59.029 | SUCCESS  | auth.login:ensure_login:362 - Using Saved Token
2026-08-01 03:34:59.029 | INFO     | monitor:scan:111 - Scanning Website...
2026-08-01 03:34:59.030 | INFO     | monitor:scan:125 - Loading Page 1
2026-08-01 03:34:59.030 | INFO     | api:get_files:60 - Loading Page 1
2026-08-01 03:35:00.718 | INFO     | api:get_file:84 - Loading File 126d518f-764b-2019-40a6-645aba60ba46
2026-08-01 03:35:00.939 | INFO     | monitor:scan:273 - Reached Old Files
2026-08-01 03:35:00.940 | INFO     | monitor:scan:303 - No New Serial
2026-08-01 03:35:00.940 | INFO     | monitor:scan:325 - Nothing Changed
2026-08-01 03:35:00.941 | SUCCESS  | monitor:scan:331 - Scan Finished
2026-08-01 03:35:00.941 | INFO     | monitor:start:67 - Sleep 60 Seconds
2026-08-01 03:36:00.942 | INFO     | auth.login:ensure_login:354 - Checking Login...
2026-08-01 03:36:00.945 | SUCCESS  | auth.login:load_saved_token:192 - Saved Token Loaded
2026-08-01 03:36:00.946 | SUCCESS  | auth.login:ensure_login:362 - Using Saved Token
2026-08-01 03:36:00.947 | INFO     | monitor:scan:111 - Scanning Website...
2026-08-01 03:36:00.952 | INFO     | monitor:scan:125 - Loading Page 1
2026-08-01 03:36:00.952 | INFO     | api:get_files:60 - Loading Page 1
2026-08-01 03:36:02.740 | INFO     | api:get_file:84 - Loading File 126d518f-764b-2019-40a6-645aba60ba46
2026-08-01 03:36:02.956 | INFO     | monitor:scan:273 - Reached Old Files
2026-08-01 03:36:02.957 | INFO     | monitor:scan:303 - No New Serial
2026-08-01 03:36:02.958 | INFO     | monitor:scan:325 - Nothing Changed
2026-08-01 03:36:02.958 | SUCCESS  | monitor:scan:331 - Scan Finished
2026-08-01 03:36:02.959 | INFO     | monitor:start:67 - Sleep 60 Seconds
2026-08-01 03:37:02.959 | INFO     | auth.login:ensure_login:354 - Checking Login...
2026-08-01 03:37:02.964 | SUCCESS  | auth.login:load_saved_token:192 - Saved Token Loaded
2026-08-01 03:37:02.965 | SUCCESS  | auth.login:ensure_login:362 - Using Saved Token
2026-08-01 03:37:02.966 | INFO     | monitor:scan:111 - Scanning Website...
2026-08-01 03:37:02.969 | INFO     | monitor:scan:125 - Loading Page 1
2026-08-01 03:37:02.969 | INFO     | api:get_files:60 - Loading Page 1
2026-08-01 03:37:04.463 | INFO     | api:get_file:84 - Loading File 126d518f-764b-2019-40a6-645aba60ba46
2026-08-01 03:37:04.692 | INFO     | monitor:scan:273 - Reached Old Files
2026-08-01 03:37:04.693 | INFO     | monitor:scan:303 - No New Serial
2026-08-01 03:37:04.694 | INFO     | monitor:scan:325 - Nothing Changed
2026-08-01 03:37:04.695 | SUCCESS  | monitor:scan:331 - Scan Finished
2026-08-01 03:37:04.695 | INFO     | monitor:start:67 - Sleep 60 Seconds
2026-08-01 03:38:04.697 | INFO     | auth.login:ensure_login:354 - Checking Login...
2026-08-01 03:38:04.699 | SUCCESS  | auth.login:load_saved_token:192 - Saved Token Loaded
2026-08-01 03:38:04.699 | SUCCESS  | auth.login:ensure_login:362 - Using Saved Token
2026-08-01 03:38:04.700 | INFO     | monitor:scan:111 - Scanning Website...
2026-08-01 03:38:04.701 | INFO     | monitor:scan:125 - Loading Page 1
2026-08-01 03:38:04.701 | INFO     | api:get_files:60 - Loading Page 1
2026-08-01 03:38:06.225 | INFO     | api:get_file:84 - Loading File 126d518f-764b-2019-40a6-645aba60ba46
2026-08-01 03:38:06.451 | INFO     | monitor:scan:273 - Reached Old Files
2026-08-01 03:38:06.451 | INFO     | monitor:scan:303 - No New Serial
2026-08-01 03:38:06.452 | INFO     | monitor:scan:325 - Nothing Changed
2026-08-01 03:38:06.453 | SUCCESS  | monitor:scan:331 - Scan Finished
2026-08-01 03:38:06.453 | INFO     | monitor:start:67 - Sleep 60 Seconds
2026-08-01 03:39:06.454 | INFO     | auth.login:ensure_login:354 - Checking Login...
2026-08-01 03:39:06.458 | SUCCESS  | auth.login:load_saved_token:192 - Saved Token Loaded
2026-08-01 03:39:06.460 | SUCCESS  | auth.login:ensure_login:362 - Using Saved Token
2026-08-01 03:39:06.462 | INFO     | monitor:scan:111 - Scanning Website...
2026-08-01 03:39:06.466 | INFO     | monitor:scan:125 - Loading Page 1
2026-08-01 03:39:06.467 | INFO     | api:get_files:60 - Loading Page 1
2026-08-01 03:39:07.884 | INFO     | api:get_file:84 - Loading File 126d518f-764b-2019-40a6-645aba60ba46
2026-08-01 03:39:08.092 | INFO     | monitor:scan:273 - Reached Old Files
2026-08-01 03:39:08.093 | INFO     | monitor:scan:303 - No New Serial
2026-08-01 03:39:08.093 | INFO     | monitor:scan:325 - Nothing Changed
2026-08-01 03:39:08.093 | SUCCESS  | monitor:scan:331 - Scan Finished
2026-08-01 03:39:08.093 | INFO     | monitor:start:67 - Sleep 60 Seconds
2026-08-01 03:40:08.094 | INFO     | auth.login:ensure_login:354 - Checking Login...
2026-08-01 03:40:08.096 | SUCCESS  | auth.login:load_saved_token:192 - Saved Token Loaded
2026-08-01 03:40:08.098 | SUCCESS  | auth.login:ensure_login:362 - Using Saved Token
2026-08-01 03:40:08.099 | INFO     | monitor:scan:111 - Scanning Website...
2026-08-01 03:40:08.101 | INFO     | monitor:scan:125 - Loading Page 1
2026-08-01 03:40:08.102 | INFO     | api:get_files:60 - Loading Page 1
2026-08-01 03:40:09.611 | INFO     | api:get_file:84 - Loading File 126d518f-764b-2019-40a6-645aba60ba46
2026-08-01 03:40:09.837 | INFO     | monitor:scan:273 - Reached Old Files
2026-08-01 03:40:09.837 | INFO     | monitor:scan:303 - No New Serial
2026-08-01 03:40:09.838 | INFO     | monitor:scan:325 - Nothing Changed
2026-08-01 03:40:09.838 | SUCCESS  | monitor:scan:331 - Scan Finished
2026-08-01 03:40:09.838 | INFO     | monitor:start:67 - Sleep 60 Seconds
2026-08-01 03:41:09.839 | INFO     | auth.login:ensure_login:354 - Checking Login...
2026-08-01 03:41:09.843 | SUCCESS  | auth.login:load_saved_token:192 - Saved Token Loaded
2026-08-01 03:41:09.845 | SUCCESS  | auth.login:ensure_login:362 - Using Saved Token
2026-08-01 03:41:09.846 | INFO     | monitor:scan:111 - Scanning Website...
2026-08-01 03:41:09.848 | INFO     | monitor:scan:125 - Loading Page 1
2026-08-01 03:41:09.848 | INFO     | api:get_files:60 - Loading Page 1
2026-08-01 03:41:11.353 | INFO     | api:get_file:84 - Loading File 126d518f-764b-2019-40a6-645aba60ba46
2026-08-01 03:41:11.581 | INFO     | monitor:scan:273 - Reached Old Files
2026-08-01 03:41:11.581 | INFO     | monitor:scan:303 - No New Serial
2026-08-01 03:41:11.582 | INFO     | monitor:scan:325 - Nothing Changed
2026-08-01 03:41:11.582 | SUCCESS  | monitor:scan:331 - Scan Finished
2026-08-01 03:41:11.584 | INFO     | monitor:start:67 - Sleep 60 Seconds
2026-08-01 03:42:11.585 | INFO     | auth.login:ensure_login:354 - Checking Login...
2026-08-01 03:42:11.587 | SUCCESS  | auth.login:load_saved_token:192 - Saved Token Loaded
2026-08-01 03:42:11.588 | SUCCESS  | auth.login:ensure_login:362 - Using Saved Token
2026-08-01 03:42:11.588 | INFO     | monitor:scan:111 - Scanning Website...
2026-08-01 03:42:11.590 | INFO     | monitor:scan:125 - Loading Page 1
2026-08-01 03:42:11.590 | INFO     | api:get_files:60 - Loading Page 1
2026-08-01 03:42:15.103 | INFO     | api:get_file:84 - Loading File 126d518f-764b-2019-40a6-645aba60ba46
2026-08-01 03:42:15.509 | INFO     | monitor:scan:273 - Reached Old Files
2026-08-01 03:42:15.509 | INFO     | monitor:scan:303 - No New Serial
2026-08-01 03:42:15.510 | INFO     | monitor:scan:325 - Nothing Changed
2026-08-01 03:42:15.510 | SUCCESS  | monitor:scan:331 - Scan Finished
2026-08-01 03:42:15.511 | INFO     | monitor:start:67 - Sleep 60 Seconds
2026-08-01 03:43:15.512 | INFO     | auth.login:ensure_login:354 - Checking Login...
2026-08-01 03:43:15.516 | SUCCESS  | auth.login:load_saved_token:192 - Saved Token Loaded
2026-08-01 03:43:15.518 | SUCCESS  | auth.login:ensure_login:362 - Using Saved Token
2026-08-01 03:43:15.519 | INFO     | monitor:scan:111 - Scanning Website...
2026-08-01 03:43:15.522 | INFO     | monitor:scan:125 - Loading Page 1
2026-08-01 03:43:15.523 | INFO     | api:get_files:60 - Loading Page 1
2026-08-01 03:43:17.057 | INFO     | api:get_file:84 - Loading File 126d518f-764b-2019-40a6-645aba60ba46
2026-08-01 03:43:17.285 | INFO     | monitor:scan:273 - Reached Old Files
2026-08-01 03:43:17.285 | INFO     | monitor:scan:303 - No New Serial
2026-08-01 03:43:17.286 | INFO     | monitor:scan:325 - Nothing Changed
2026-08-01 03:43:17.286 | SUCCESS  | monitor:scan:331 - Scan Finished
2026-08-01 03:43:17.286 | INFO     | monitor:start:67 - Sleep 60 Seconds
2026-08-01 03:44:17.287 | INFO     | auth.login:ensure_login:354 - Checking Login...
2026-08-01 03:44:17.290 | SUCCESS  | auth.login:load_saved_token:192 - Saved Token Loaded
2026-08-01 03:44:17.291 | SUCCESS  | auth.login:ensure_login:362 - Using Saved Token
2026-08-01 03:44:17.291 | INFO     | monitor:scan:111 - Scanning Website...
2026-08-01 03:44:17.292 | INFO     | monitor:scan:125 - Loading Page 1
2026-08-01 03:44:17.293 | INFO     | api:get_files:60 - Loading Page 1
2026-08-01 03:44:17.721 | WARNING  | auth.login:get:411 - Access Token Expired
2026-08-01 03:44:17.722 | INFO     | auth.login:login:262 - Logging in...
2026-08-01 03:44:18.206 | SUCCESS  | auth.login:save_token:242 - Token Saved
2026-08-01 03:44:18.207 | SUCCESS  | auth.login:login:340 - Login Successful
2026-08-01 03:44:19.816 | INFO     | api:get_file:84 - Loading File 126d518f-764b-2019-40a6-645aba60ba46
2026-08-01 03:44:20.048 | INFO     | monitor:scan:273 - Reached Old Files
2026-08-01 03:44:20.049 | INFO     | monitor:scan:303 - No New Serial
2026-08-01 03:44:20.049 | INFO     | monitor:scan:325 - Nothing Changed
2026-08-01 03:44:20.050 | SUCCESS  | monitor:scan:331 - Scan Finished
2026-08-01 03:44:20.050 | INFO     | monitor:start:67 - Sleep 60 Seconds
2026-08-01 03:45:20.051 | INFO     | auth.login:ensure_login:354 - Checking Login...
2026-08-01 03:45:20.079 | SUCCESS  | auth.login:load_saved_token:192 - Saved Token Loaded
2026-08-01 03:45:20.079 | SUCCESS  | auth.login:ensure_login:362 - Using Saved Token
2026-08-01 03:45:20.079 | INFO     | monitor:scan:111 - Scanning Website...
2026-08-01 03:45:20.080 | INFO     | monitor:scan:125 - Loading Page 1
2026-08-01 03:45:20.080 | INFO     | api:get_files:60 - Loading Page 1
2026-08-01 03:45:21.529 | INFO     | api:get_file:84 - Loading File 126d518f-764b-2019-40a6-645aba60ba46
2026-08-01 03:45:21.746 | INFO     | monitor:scan:273 - Reached Old Files
2026-08-01 03:45:21.747 | INFO     | monitor:scan:303 - No New Serial
2026-08-01 03:45:21.747 | INFO     | monitor:scan:325 - Nothing Changed
2026-08-01 03:45:21.748 | SUCCESS  | monitor:scan:331 - Scan Finished
2026-08-01 03:45:21.749 | INFO     | monitor:start:67 - Sleep 60 Seconds
2026-08-01 03:46:21.750 | INFO     | auth.login:ensure_login:354 - Checking Login...
2026-08-01 03:46:21.753 | SUCCESS  | auth.login:load_saved_token:192 - Saved Token Loaded
2026-08-01 03:46:21.754 | SUCCESS  | auth.login:ensure_login:362 - Using Saved Token
2026-08-01 03:46:21.755 | INFO     | monitor:scan:111 - Scanning Website...
2026-08-01 03:46:21.758 | INFO     | monitor:scan:125 - Loading Page 1
2026-08-01 03:46:21.759 | INFO     | api:get_files:60 - Loading Page 1
2026-08-01 03:46:23.386 | INFO     | api:get_file:84 - Loading File 126d518f-764b-2019-40a6-645aba60ba46
2026-08-01 03:46:23.615 | INFO     | monitor:scan:273 - Reached Old Files
2026-08-01 03:46:23.616 | INFO     | monitor:scan:303 - No New Serial
2026-08-01 03:46:23.616 | INFO     | monitor:scan:325 - Nothing Changed
2026-08-01 03:46:23.616 | SUCCESS  | monitor:scan:331 - Scan Finished
2026-08-01 03:46:23.617 | INFO     | monitor:start:67 - Sleep 60 Seconds
2026-08-01 03:47:23.618 | INFO     | auth.login:ensure_login:354 - Checking Login...
2026-08-01 03:47:23.621 | SUCCESS  | auth.login:load_saved_token:192 - Saved Token Loaded
2026-08-01 03:47:23.621 | SUCCESS  | auth.login:ensure_login:362 - Using Saved Token
2026-08-01 03:47:23.622 | INFO     | monitor:scan:111 - Scanning Website...
2026-08-01 03:47:23.624 | INFO     | monitor:scan:125 - Loading Page 1
2026-08-01 03:47:23.624 | INFO     | api:get_files:60 - Loading Page 1
2026-08-01 03:47:26.824 | INFO     | api:get_file:84 - Loading File 126d518f-764b-2019-40a6-645aba60ba46
2026-08-01 03:47:27.056 | INFO     | monitor:scan:273 - Reached Old Files
2026-08-01 03:47:27.057 | INFO     | monitor:scan:303 - No New Serial
2026-08-01 03:47:27.058 | INFO     | monitor:scan:325 - Nothing Changed
2026-08-01 03:47:27.058 | SUCCESS  | monitor:scan:331 - Scan Finished
2026-08-01 03:47:27.059 | INFO     | monitor:start:67 - Sleep 60 Seconds
2026-08-01 03:48:27.059 | INFO     | auth.login:ensure_login:354 - Checking Login...
2026-08-01 03:48:27.063 | SUCCESS  | auth.login:load_saved_token:192 - Saved Token Loaded
2026-08-01 03:48:27.064 | SUCCESS  | auth.login:ensure_login:362 - Using Saved Token
2026-08-01 03:48:27.065 | INFO     | monitor:scan:111 - Scanning Website...
2026-08-01 03:48:27.067 | INFO     | monitor:scan:125 - Loading Page 1
2026-08-01 03:48:27.068 | INFO     | api:get_files:60 - Loading Page 1
2026-08-01 03:48:29.047 | INFO     | api:get_file:84 - Loading File 126d518f-764b-2019-40a6-645aba60ba46
2026-08-01 03:48:29.276 | INFO     | monitor:scan:273 - Reached Old Files
2026-08-01 03:48:29.277 | INFO     | monitor:scan:303 - No New Serial
2026-08-01 03:48:29.277 | INFO     | monitor:scan:325 - Nothing Changed
2026-08-01 03:48:29.278 | SUCCESS  | monitor:scan:331 - Scan Finished
2026-08-01 03:48:29.278 | INFO     | monitor:start:67 - Sleep 60 Seconds
2026-08-01 03:49:29.280 | INFO     | auth.login:ensure_login:354 - Checking Login...
2026-08-01 03:49:29.282 | SUCCESS  | auth.login:load_saved_token:192 - Saved Token Loaded
2026-08-01 03:49:29.282 | SUCCESS  | auth.login:ensure_login:362 - Using Saved Token
2026-08-01 03:49:29.283 | INFO     | monitor:scan:111 - Scanning Website...
2026-08-01 03:49:29.284 | INFO     | monitor:scan:125 - Loading Page 1
2026-08-01 03:49:29.284 | INFO     | api:get_files:60 - Loading Page 1
2026-08-01 03:49:30.808 | INFO     | api:get_file:84 - Loading File 126d518f-764b-2019-40a6-645aba60ba46
2026-08-01 03:49:31.032 | INFO     | monitor:scan:273 - Reached Old Files
2026-08-01 03:49:31.032 | INFO     | monitor:scan:303 - No New Serial
2026-08-01 03:49:31.033 | INFO     | monitor:scan:325 - Nothing Changed
2026-08-01 03:49:31.034 | SUCCESS  | monitor:scan:331 - Scan Finished
2026-08-01 03:49:31.035 | INFO     | monitor:start:67 - Sleep 60 Seconds
2026-08-01 03:50:31.035 | INFO     | auth.login:ensure_login:354 - Checking Login...
2026-08-01 03:50:31.038 | SUCCESS  | auth.login:load_saved_token:192 - Saved Token Loaded
2026-08-01 03:50:31.039 | SUCCESS  | auth.login:ensure_login:362 - Using Saved Token
2026-08-01 03:50:31.039 | INFO     | monitor:scan:111 - Scanning Website...
2026-08-01 03:50:31.040 | INFO     | monitor:scan:125 - Loading Page 1
2026-08-01 03:50:31.041 | INFO     | api:get_files:60 - Loading Page 1
2026-08-01 03:50:32.610 | INFO     | api:get_file:84 - Loading File 126d518f-764b-2019-40a6-645aba60ba46
2026-08-01 03:50:32.838 | INFO     | monitor:scan:273 - Reached Old Files
2026-08-01 03:50:32.839 | INFO     | monitor:scan:303 - No New Serial
2026-08-01 03:50:32.840 | INFO     | monitor:scan:325 - Nothing Changed
2026-08-01 03:50:32.840 | SUCCESS  | monitor:scan:331 - Scan Finished
2026-08-01 03:50:32.840 | INFO     | monitor:start:67 - Sleep 60 Seconds
2026-08-01 03:51:32.842 | INFO     | auth.login:ensure_login:354 - Checking Login...
2026-08-01 03:51:32.845 | SUCCESS  | auth.login:load_saved_token:192 - Saved Token Loaded
2026-08-01 03:51:32.846 | SUCCESS  | auth.login:ensure_login:362 - Using Saved Token
2026-08-01 03:51:32.846 | INFO     | monitor:scan:111 - Scanning Website...
2026-08-01 03:51:32.848 | INFO     | monitor:scan:125 - Loading Page 1
2026-08-01 03:51:32.849 | INFO     | api:get_files:60 - Loading Page 1
2026-08-01 03:51:34.346 | INFO     | api:get_file:84 - Loading File 126d518f-764b-2019-40a6-645aba60ba46
2026-08-01 03:51:34.573 | INFO     | monitor:scan:273 - Reached Old Files
2026-08-01 03:51:34.574 | INFO     | monitor:scan:303 - No New Serial
2026-08-01 03:51:34.574 | INFO     | monitor:scan:325 - Nothing Changed
2026-08-01 03:51:34.575 | SUCCESS  | monitor:scan:331 - Scan Finished
2026-08-01 03:51:34.576 | INFO     | monitor:start:67 - Sleep 60 Seconds
2026-08-01 03:52:34.578 | INFO     | auth.login:ensure_login:354 - Checking Login...
2026-08-01 03:52:34.582 | SUCCESS  | auth.login:load_saved_token:192 - Saved Token Loaded
2026-08-01 03:52:34.583 | SUCCESS  | auth.login:ensure_login:362 - Using Saved Token
2026-08-01 03:52:34.585 | INFO     | monitor:scan:111 - Scanning Website...
2026-08-01 03:52:34.587 | INFO     | monitor:scan:125 - Loading Page 1
2026-08-01 03:52:34.587 | INFO     | api:get_files:60 - Loading Page 1
2026-08-01 03:52:36.088 | INFO     | api:get_file:84 - Loading File 126d518f-764b-2019-40a6-645aba60ba46
2026-08-01 03:52:36.316 | INFO     | monitor:scan:273 - Reached Old Files
2026-08-01 03:52:36.317 | INFO     | monitor:scan:303 - No New Serial
2026-08-01 03:52:36.317 | INFO     | monitor:scan:325 - Nothing Changed
2026-08-01 03:52:36.317 | SUCCESS  | monitor:scan:331 - Scan Finished
2026-08-01 03:52:36.318 | INFO     | monitor:start:67 - Sleep 60 Seconds
2026-08-01 03:53:36.319 | INFO     | auth.login:ensure_login:354 - Checking Login...
2026-08-01 03:53:36.321 | SUCCESS  | auth.login:load_saved_token:192 - Saved Token Loaded
2026-08-01 03:53:36.322 | SUCCESS  | auth.login:ensure_login:362 - Using Saved Token
2026-08-01 03:53:36.324 | INFO     | monitor:scan:111 - Scanning Website...
2026-08-01 03:53:36.325 | INFO     | monitor:scan:125 - Loading Page 1
2026-08-01 03:53:36.326 | INFO     | api:get_files:60 - Loading Page 1
2026-08-01 03:53:37.831 | INFO     | api:get_file:84 - Loading File 126d518f-764b-2019-40a6-645aba60ba46
2026-08-01 03:53:38.056 | INFO     | monitor:scan:273 - Reached Old Files
2026-08-01 03:53:38.057 | INFO     | monitor:scan:303 - No New Serial
2026-08-01 03:53:38.057 | INFO     | monitor:scan:325 - Nothing Changed
2026-08-01 03:53:38.057 | SUCCESS  | monitor:scan:331 - Scan Finished
2026-08-01 03:53:38.059 | INFO     | monitor:start:67 - Sleep 60 Seconds
2026-08-01 03:54:38.060 | INFO     | auth.login:ensure_login:354 - Checking Login...
2026-08-01 03:54:38.062 | SUCCESS  | auth.login:load_saved_token:192 - Saved Token Loaded
2026-08-01 03:54:38.062 | SUCCESS  | auth.login:ensure_login:362 - Using Saved Token
2026-08-01 03:54:38.062 | INFO     | monitor:scan:111 - Scanning Website...
2026-08-01 03:54:38.063 | INFO     | monitor:scan:125 - Loading Page 1
2026-08-01 03:54:38.064 | INFO     | api:get_files:60 - Loading Page 1
2026-08-01 03:54:38.765 | WARNING  | auth.login:get:411 - Access Token Expired
2026-08-01 03:54:38.766 | INFO     | auth.login:login:262 - Logging in...
2026-08-01 03:54:39.225 | SUCCESS  | auth.login:save_token:242 - Token Saved
2026-08-01 03:54:39.226 | SUCCESS  | auth.login:login:340 - Login Successful
2026-08-01 03:54:40.400 | INFO     | api:get_file:84 - Loading File 126d518f-764b-2019-40a6-645aba60ba46
2026-08-01 03:54:40.624 | INFO     | monitor:scan:273 - Reached Old Files
2026-08-01 03:54:40.625 | INFO     | monitor:scan:303 - No New Serial
2026-08-01 03:54:40.625 | INFO     | monitor:scan:325 - Nothing Changed
2026-08-01 03:54:40.625 | SUCCESS  | monitor:scan:331 - Scan Finished
2026-08-01 03:54:40.627 | INFO     | monitor:start:67 - Sleep 60 Seconds
2026-08-01 03:55:40.629 | INFO     | auth.login:ensure_login:354 - Checking Login...
2026-08-01 03:55:40.636 | SUCCESS  | auth.login:load_saved_token:192 - Saved Token Loaded
2026-08-01 03:55:40.637 | SUCCESS  | auth.login:ensure_login:362 - Using Saved Token
2026-08-01 03:55:40.637 | INFO     | monitor:scan:111 - Scanning Website...
2026-08-01 03:55:40.637 | INFO     | monitor:scan:125 - Loading Page 1
2026-08-01 03:55:40.638 | INFO     | api:get_files:60 - Loading Page 1
2026-08-01 03:55:44.080 | INFO     | api:get_file:84 - Loading File 126d518f-764b-2019-40a6-645aba60ba46
2026-08-01 03:55:44.301 | INFO     | monitor:scan:273 - Reached Old Files
2026-08-01 03:55:44.302 | INFO     | monitor:scan:303 - No New Serial
2026-08-01 03:55:44.303 | INFO     | monitor:scan:325 - Nothing Changed
2026-08-01 03:55:44.303 | SUCCESS  | monitor:scan:331 - Scan Finished
2026-08-01 03:55:44.304 | INFO     | monitor:start:67 - Sleep 60 Seconds
2026-08-01 03:56:44.304 | INFO     | auth.login:ensure_login:354 - Checking Login...
2026-08-01 03:56:44.307 | SUCCESS  | auth.login:load_saved_token:192 - Saved Token Loaded
2026-08-01 03:56:44.308 | SUCCESS  | auth.login:ensure_login:362 - Using Saved Token
2026-08-01 03:56:44.309 | INFO     | monitor:scan:111 - Scanning Website...
2026-08-01 03:56:44.313 | INFO     | monitor:scan:125 - Loading Page 1
2026-08-01 03:56:44.315 | INFO     | api:get_files:60 - Loading Page 1
2026-08-01 03:56:47.728 | INFO     | api:get_file:84 - Loading File 126d518f-764b-2019-40a6-645aba60ba46
2026-08-01 03:56:47.957 | INFO     | monitor:scan:273 - Reached Old Files
2026-08-01 03:56:47.958 | INFO     | monitor:scan:303 - No New Serial
2026-08-01 03:56:47.958 | INFO     | monitor:scan:325 - Nothing Changed
2026-08-01 03:56:47.959 | SUCCESS  | monitor:scan:331 - Scan Finished
2026-08-01 03:56:47.959 | INFO     | monitor:start:67 - Sleep 60 Seconds
2026-08-01 03:57:47.960 | INFO     | auth.login:ensure_login:354 - Checking Login...
2026-08-01 03:57:47.962 | SUCCESS  | auth.login:load_saved_token:192 - Saved Token Loaded
2026-08-01 03:57:47.963 | SUCCESS  | auth.login:ensure_login:362 - Using Saved Token
2026-08-01 03:57:47.963 | INFO     | monitor:scan:111 - Scanning Website...
2026-08-01 03:57:47.965 | INFO     | monitor:scan:125 - Loading Page 1
2026-08-01 03:57:47.966 | INFO     | api:get_files:60 - Loading Page 1
2026-08-01 03:57:49.453 | INFO     | api:get_file:84 - Loading File 126d518f-764b-2019-40a6-645aba60ba46
2026-08-01 03:57:49.678 | INFO     | monitor:scan:273 - Reached Old Files
2026-08-01 03:57:49.678 | INFO     | monitor:scan:303 - No New Serial
2026-08-01 03:57:49.678 | INFO     | monitor:scan:325 - Nothing Changed
2026-08-01 03:57:49.678 | SUCCESS  | monitor:scan:331 - Scan Finished
2026-08-01 03:57:49.679 | INFO     | monitor:start:67 - Sleep 60 Seconds
2026-08-01 03:58:49.679 | INFO     | auth.login:ensure_login:354 - Checking Login...
2026-08-01 03:58:49.680 | SUCCESS  | auth.login:load_saved_token:192 - Saved Token Loaded
2026-08-01 03:58:49.681 | SUCCESS  | auth.login:ensure_login:362 - Using Saved Token
2026-08-01 03:58:49.681 | INFO     | monitor:scan:111 - Scanning Website...
2026-08-01 03:58:49.682 | INFO     | monitor:scan:125 - Loading Page 1
2026-08-01 03:58:49.682 | INFO     | api:get_files:60 - Loading Page 1
2026-08-01 03:58:51.206 | INFO     | api:get_file:84 - Loading File 126d518f-764b-2019-40a6-645aba60ba46
2026-08-01 03:58:51.426 | INFO     | monitor:scan:273 - Reached Old Files
2026-08-01 03:58:51.427 | INFO     | monitor:scan:303 - No New Serial
2026-08-01 03:58:51.427 | INFO     | monitor:scan:325 - Nothing Changed
2026-08-01 03:58:51.428 | SUCCESS  | monitor:scan:331 - Scan Finished
2026-08-01 03:58:51.428 | INFO     | monitor:start:67 - Sleep 60 Seconds
2026-08-01 03:59:51.429 | INFO     | auth.login:ensure_login:354 - Checking Login...
2026-08-01 03:59:51.430 | SUCCESS  | auth.login:load_saved_token:192 - Saved Token Loaded
2026-08-01 03:59:51.430 | SUCCESS  | auth.login:ensure_login:362 - Using Saved Token
2026-08-01 03:59:51.430 | INFO     | monitor:scan:111 - Scanning Website...
2026-08-01 03:59:51.431 | INFO     | monitor:scan:125 - Loading Page 1
2026-08-01 03:59:51.431 | INFO     | api:get_files:60 - Loading Page 1
2026-08-01 03:59:53.030 | INFO     | api:get_file:84 - Loading File 126d518f-764b-2019-40a6-645aba60ba46
2026-08-01 03:59:53.258 | INFO     | monitor:scan:273 - Reached Old Files
2026-08-01 03:59:53.258 | INFO     | monitor:scan:303 - No New Serial
2026-08-01 03:59:53.258 | INFO     | monitor:scan:325 - Nothing Changed
2026-08-01 03:59:53.259 | SUCCESS  | monitor:scan:331 - Scan Finished
2026-08-01 03:59:53.259 | INFO     | monitor:start:67 - Sleep 60 Seconds
2026-08-01 04:00:53.260 | INFO     | auth.login:ensure_login:354 - Checking Login...
2026-08-01 04:00:53.263 | SUCCESS  | auth.login:load_saved_token:192 - Saved Token Loaded
2026-08-01 04:00:53.265 | SUCCESS  | auth.login:ensure_login:362 - Using Saved Token
2026-08-01 04:00:53.265 | INFO     | monitor:scan:111 - Scanning Website...
2026-08-01 04:00:53.270 | INFO     | monitor:scan:125 - Loading Page 1
2026-08-01 04:00:53.271 | INFO     | api:get_files:60 - Loading Page 1
2026-08-01 04:00:54.920 | INFO     | api:get_file:84 - Loading File 126d518f-764b-2019-40a6-645aba60ba46
2026-08-01 04:00:55.146 | INFO     | monitor:scan:273 - Reached Old Files
2026-08-01 04:00:55.147 | INFO     | monitor:scan:303 - No New Serial
2026-08-01 04:00:55.148 | INFO     | monitor:scan:325 - Nothing Changed
2026-08-01 04:00:55.149 | SUCCESS  | monitor:scan:331 - Scan Finished
2026-08-01 04:00:55.150 | INFO     | monitor:start:67 - Sleep 60 Seconds
2026-08-01 04:01:55.152 | INFO     | auth.login:ensure_login:354 - Checking Login...
2026-08-01 04:01:55.155 | SUCCESS  | auth.login:load_saved_token:192 - Saved Token Loaded
2026-08-01 04:01:55.156 | SUCCESS  | auth.login:ensure_login:362 - Using Saved Token
2026-08-01 04:01:55.157 | INFO     | monitor:scan:111 - Scanning Website...
2026-08-01 04:01:55.159 | INFO     | monitor:scan:125 - Loading Page 1
2026-08-01 04:01:55.160 | INFO     | api:get_files:60 - Loading Page 1
2026-08-01 04:01:58.601 | INFO     | api:get_file:84 - Loading File 126d518f-764b-2019-40a6-645aba60ba46
2026-08-01 04:01:58.829 | INFO     | monitor:scan:273 - Reached Old Files
2026-08-01 04:01:58.830 | INFO     | monitor:scan:303 - No New Serial
2026-08-01 04:01:58.831 | INFO     | monitor:scan:325 - Nothing Changed
2026-08-01 04:01:58.832 | SUCCESS  | monitor:scan:331 - Scan Finished
2026-08-01 04:01:58.833 | INFO     | monitor:start:67 - Sleep 60 Seconds
2026-08-01 04:02:58.834 | INFO     | auth.login:ensure_login:354 - Checking Login...
2026-08-01 04:02:58.835 | SUCCESS  | auth.login:load_saved_token:192 - Saved Token Loaded
2026-08-01 04:02:58.835 | SUCCESS  | auth.login:ensure_login:362 - Using Saved Token
2026-08-01 04:02:58.836 | INFO     | monitor:scan:111 - Scanning Website...
2026-08-01 04:02:58.837 | INFO     | monitor:scan:125 - Loading Page 1
2026-08-01 04:02:58.838 | INFO     | api:get_files:60 - Loading Page 1
2026-08-01 04:03:02.136 | INFO     | api:get_file:84 - Loading File 126d518f-764b-2019-40a6-645aba60ba46
2026-08-01 04:03:02.367 | INFO     | monitor:scan:273 - Reached Old Files
2026-08-01 04:03:02.370 | INFO     | monitor:scan:303 - No New Serial
2026-08-01 04:03:02.370 | INFO     | monitor:scan:325 - Nothing Changed
2026-08-01 04:03:02.370 | SUCCESS  | monitor:scan:331 - Scan Finished
2026-08-01 04:03:02.371 | INFO     | monitor:start:67 - Sleep 60 Seconds
2026-08-01 04:04:02.372 | INFO     | auth.login:ensure_login:354 - Checking Login...
2026-08-01 04:04:02.374 | SUCCESS  | auth.login:load_saved_token:192 - Saved Token Loaded
2026-08-01 04:04:02.375 | SUCCESS  | auth.login:ensure_login:362 - Using Saved Token
2026-08-01 04:04:02.375 | INFO     | monitor:scan:111 - Scanning Website...
2026-08-01 04:04:02.377 | INFO     | monitor:scan:125 - Loading Page 1
2026-08-01 04:04:02.377 | INFO     | api:get_files:60 - Loading Page 1
2026-08-01 04:04:03.993 | INFO     | api:get_file:84 - Loading File 126d518f-764b-2019-40a6-645aba60ba46
2026-08-01 04:04:04.214 | INFO     | monitor:scan:273 - Reached Old Files
2026-08-01 04:04:04.215 | INFO     | monitor:scan:303 - No New Serial
2026-08-01 04:04:04.215 | INFO     | monitor:scan:325 - Nothing Changed
2026-08-01 04:04:04.215 | SUCCESS  | monitor:scan:331 - Scan Finished
2026-08-01 04:04:04.216 | INFO     | monitor:start:67 - Sleep 60 Seconds
2026-08-01 04:05:04.217 | INFO     | auth.login:ensure_login:354 - Checking Login...
2026-08-01 04:05:04.219 | SUCCESS  | auth.login:load_saved_token:192 - Saved Token Loaded
2026-08-01 04:05:04.219 | SUCCESS  | auth.login:ensure_login:362 - Using Saved Token
2026-08-01 04:05:04.219 | INFO     | monitor:scan:111 - Scanning Website...
2026-08-01 04:05:04.220 | INFO     | monitor:scan:125 - Loading Page 1
2026-08-01 04:05:04.220 | INFO     | api:get_files:60 - Loading Page 1
2026-08-01 04:05:04.639 | WARNING  | auth.login:get:411 - Access Token Expired
2026-08-01 04:05:04.639 | INFO     | auth.login:login:262 - Logging in...
2026-08-01 04:05:05.108 | SUCCESS  | auth.login:save_token:242 - Token Saved
2026-08-01 04:05:05.108 | SUCCESS  | auth.login:login:340 - Login Successful
2026-08-01 04:05:06.306 | INFO     | api:get_file:84 - Loading File 126d518f-764b-2019-40a6-645aba60ba46
2026-08-01 04:05:06.530 | INFO     | monitor:scan:273 - Reached Old Files
2026-08-01 04:05:06.531 | INFO     | monitor:scan:303 - No New Serial
2026-08-01 04:05:06.531 | INFO     | monitor:scan:325 - Nothing Changed
2026-08-01 04:05:06.532 | SUCCESS  | monitor:scan:331 - Scan Finished
2026-08-01 04:05:06.533 | INFO     | monitor:start:67 - Sleep 60 Seconds
2026-08-01 04:06:06.534 | INFO     | auth.login:ensure_login:354 - Checking Login...
2026-08-01 04:06:06.549 | SUCCESS  | auth.login:load_saved_token:192 - Saved Token Loaded
2026-08-01 04:06:06.549 | SUCCESS  | auth.login:ensure_login:362 - Using Saved Token
2026-08-01 04:06:06.549 | INFO     | monitor:scan:111 - Scanning Website...
2026-08-01 04:06:06.550 | INFO     | monitor:scan:125 - Loading Page 1
2026-08-01 04:06:06.550 | INFO     | api:get_files:60 - Loading Page 1
2026-08-01 04:06:08.078 | INFO     | api:get_file:84 - Loading File 126d518f-764b-2019-40a6-645aba60ba46
2026-08-01 04:06:08.308 | INFO     | monitor:scan:273 - Reached Old Files
2026-08-01 04:06:08.309 | INFO     | monitor:scan:303 - No New Serial
2026-08-01 04:06:08.309 | INFO     | monitor:scan:325 - Nothing Changed
2026-08-01 04:06:08.310 | SUCCESS  | monitor:scan:331 - Scan Finished
2026-08-01 04:06:08.311 | INFO     | monitor:start:67 - Sleep 60 Seconds
2026-08-01 04:07:08.312 | INFO     | auth.login:ensure_login:354 - Checking Login...
2026-08-01 04:07:08.312 | SUCCESS  | auth.login:load_saved_token:192 - Saved Token Loaded
2026-08-01 04:07:08.313 | SUCCESS  | auth.login:ensure_login:362 - Using Saved Token
2026-08-01 04:07:08.313 | INFO     | monitor:scan:111 - Scanning Website...
2026-08-01 04:07:08.313 | INFO     | monitor:scan:125 - Loading Page 1
2026-08-01 04:07:08.313 | INFO     | api:get_files:60 - Loading Page 1
2026-08-01 04:07:09.832 | INFO     | api:get_file:84 - Loading File 126d518f-764b-2019-40a6-645aba60ba46
2026-08-01 04:07:10.055 | INFO     | monitor:scan:273 - Reached Old Files
2026-08-01 04:07:10.056 | INFO     | monitor:scan:303 - No New Serial
2026-08-01 04:07:10.056 | INFO     | monitor:scan:325 - Nothing Changed
2026-08-01 04:07:10.056 | SUCCESS  | monitor:scan:331 - Scan Finished
2026-08-01 04:07:10.057 | INFO     | monitor:start:67 - Sleep 60 Seconds
2026-08-01 04:08:10.057 | INFO     | auth.login:ensure_login:354 - Checking Login...
2026-08-01 04:08:10.059 | SUCCESS  | auth.login:load_saved_token:192 - Saved Token Loaded
2026-08-01 04:08:10.059 | SUCCESS  | auth.login:ensure_login:362 - Using Saved Token
2026-08-01 04:08:10.060 | INFO     | monitor:scan:111 - Scanning Website...
2026-08-01 04:08:10.061 | INFO     | monitor:scan:125 - Loading Page 1
2026-08-01 04:08:10.061 | INFO     | api:get_files:60 - Loading Page 1
2026-08-01 04:08:13.135 | INFO     | api:get_file:84 - Loading File 126d518f-764b-2019-40a6-645aba60ba46
2026-08-01 04:08:13.353 | INFO     | monitor:scan:273 - Reached Old Files
2026-08-01 04:08:13.353 | INFO     | monitor:scan:303 - No New Serial
2026-08-01 04:08:13.354 | INFO     | monitor:scan:325 - Nothing Changed
2026-08-01 04:08:13.354 | SUCCESS  | monitor:scan:331 - Scan Finished
2026-08-01 04:08:13.355 | INFO     | monitor:start:67 - Sleep 60 Seconds
2026-08-01 04:09:13.355 | INFO     | auth.login:ensure_login:354 - Checking Login...
2026-08-01 04:09:13.358 | SUCCESS  | auth.login:load_saved_token:192 - Saved Token Loaded
2026-08-01 04:09:13.359 | SUCCESS  | auth.login:ensure_login:362 - Using Saved Token
2026-08-01 04:09:13.359 | INFO     | monitor:scan:111 - Scanning Website...
2026-08-01 04:09:13.361 | INFO     | monitor:scan:125 - Loading Page 1
2026-08-01 04:09:13.362 | INFO     | api:get_files:60 - Loading Page 1
2026-08-01 04:09:15.009 | INFO     | api:get_file:84 - Loading File 126d518f-764b-2019-40a6-645aba60ba46
2026-08-01 04:09:15.243 | INFO     | monitor:scan:273 - Reached Old Files
2026-08-01 04:09:15.244 | INFO     | monitor:scan:303 - No New Serial
2026-08-01 04:09:15.245 | INFO     | monitor:scan:325 - Nothing Changed
2026-08-01 04:09:15.245 | SUCCESS  | monitor:scan:331 - Scan Finished
2026-08-01 04:09:15.247 | INFO     | monitor:start:67 - Sleep 60 Seconds
2026-08-01 04:10:15.247 | INFO     | auth.login:ensure_login:354 - Checking Login...
2026-08-01 04:10:15.251 | SUCCESS  | auth.login:load_saved_token:192 - Saved Token Loaded
2026-08-01 04:10:15.253 | SUCCESS  | auth.login:ensure_login:362 - Using Saved Token
2026-08-01 04:10:15.254 | INFO     | monitor:scan:111 - Scanning Website...
2026-08-01 04:10:15.257 | INFO     | monitor:scan:125 - Loading Page 1
2026-08-01 04:10:15.257 | INFO     | api:get_files:60 - Loading Page 1
2026-08-01 04:10:16.806 | INFO     | api:get_file:84 - Loading File 126d518f-764b-2019-40a6-645aba60ba46
2026-08-01 04:10:17.036 | INFO     | monitor:scan:273 - Reached Old Files
2026-08-01 04:10:17.037 | INFO     | monitor:scan:303 - No New Serial
2026-08-01 04:10:17.037 | INFO     | monitor:scan:325 - Nothing Changed
2026-08-01 04:10:17.038 | SUCCESS  | monitor:scan:331 - Scan Finished
2026-08-01 04:10:17.038 | INFO     | monitor:start:67 - Sleep 60 Seconds
2026-08-01 04:11:17.038 | INFO     | auth.login:ensure_login:354 - Checking Login...
2026-08-01 04:11:17.040 | SUCCESS  | auth.login:load_saved_token:192 - Saved Token Loaded
2026-08-01 04:11:17.040 | SUCCESS  | auth.login:ensure_login:362 - Using Saved Token
2026-08-01 04:11:17.040 | INFO     | monitor:scan:111 - Scanning Website...
2026-08-01 04:11:17.042 | INFO     | monitor:scan:125 - Loading Page 1
2026-08-01 04:11:17.042 | INFO     | api:get_files:60 - Loading Page 1
2026-08-01 04:11:18.574 | INFO     | api:get_file:84 - Loading File 126d518f-764b-2019-40a6-645aba60ba46
2026-08-01 04:11:18.804 | INFO     | monitor:scan:273 - Reached Old Files
2026-08-01 04:11:18.806 | INFO     | monitor:scan:303 - No New Serial
2026-08-01 04:11:18.808 | INFO     | monitor:scan:325 - Nothing Changed
2026-08-01 04:11:18.810 | SUCCESS  | monitor:scan:331 - Scan Finished
2026-08-01 04:11:18.811 | INFO     | monitor:start:67 - Sleep 60 Seconds
2026-08-01 04:12:18.812 | INFO     | auth.login:ensure_login:354 - Checking Login...
2026-08-01 04:12:18.815 | SUCCESS  | auth.login:load_saved_token:192 - Saved Token Loaded
2026-08-01 04:12:18.816 | SUCCESS  | auth.login:ensure_login:362 - Using Saved Token
2026-08-01 04:12:18.816 | INFO     | monitor:scan:111 - Scanning Website...
2026-08-01 04:12:18.818 | INFO     | monitor:scan:125 - Loading Page 1
2026-08-01 04:12:18.819 | INFO     | api:get_files:60 - Loading Page 1
2026-08-01 04:12:20.333 | INFO     | api:get_file:84 - Loading File 126d518f-764b-2019-40a6-645aba60ba46
2026-08-01 04:12:20.560 | INFO     | monitor:scan:273 - Reached Old Files
2026-08-01 04:12:20.561 | INFO     | monitor:scan:303 - No New Serial
2026-08-01 04:12:20.561 | INFO     | monitor:scan:325 - Nothing Changed
2026-08-01 04:12:20.562 | SUCCESS  | monitor:scan:331 - Scan Finished
2026-08-01 04:12:20.562 | INFO     | monitor:start:67 - Sleep 60 Seconds
2026-08-01 04:13:20.564 | INFO     | auth.login:ensure_login:354 - Checking Login...
2026-08-01 04:13:20.566 | SUCCESS  | auth.login:load_saved_token:192 - Saved Token Loaded
2026-08-01 04:13:20.567 | SUCCESS  | auth.login:ensure_login:362 - Using Saved Token
2026-08-01 04:13:20.567 | INFO     | monitor:scan:111 - Scanning Website...
2026-08-01 04:13:20.568 | INFO     | monitor:scan:125 - Loading Page 1
2026-08-01 04:13:20.568 | INFO     | api:get_files:60 - Loading Page 1
2026-08-01 04:13:22.143 | INFO     | api:get_file:84 - Loading File 126d518f-764b-2019-40a6-645aba60ba46
2026-08-01 04:13:22.372 | INFO     | monitor:scan:273 - Reached Old Files
2026-08-01 04:13:22.372 | INFO     | monitor:scan:303 - No New Serial
2026-08-01 04:13:22.373 | INFO     | monitor:scan:325 - Nothing Changed
2026-08-01 04:13:22.374 | SUCCESS  | monitor:scan:331 - Scan Finished
2026-08-01 04:13:22.375 | INFO     | monitor:start:67 - Sleep 60 Seconds
2026-08-01 04:14:22.376 | INFO     | auth.login:ensure_login:354 - Checking Login...
2026-08-01 04:14:22.379 | SUCCESS  | auth.login:load_saved_token:192 - Saved Token Loaded
2026-08-01 04:14:22.380 | SUCCESS  | auth.login:ensure_login:362 - Using Saved Token
2026-08-01 04:14:22.380 | INFO     | monitor:scan:111 - Scanning Website...
2026-08-01 04:14:22.382 | INFO     | monitor:scan:125 - Loading Page 1
2026-08-01 04:14:22.383 | INFO     | api:get_files:60 - Loading Page 1
2026-08-01 04:14:24.175 | INFO     | api:get_file:84 - Loading File 126d518f-764b-2019-40a6-645aba60ba46
2026-08-01 04:14:24.407 | INFO     | monitor:scan:273 - Reached Old Files
2026-08-01 04:14:24.409 | INFO     | monitor:scan:303 - No New Serial
2026-08-01 04:14:24.409 | INFO     | monitor:scan:325 - Nothing Changed
2026-08-01 04:14:24.409 | SUCCESS  | monitor:scan:331 - Scan Finished
2026-08-01 04:14:24.410 | INFO     | monitor:start:67 - Sleep 60 Seconds
2026-08-01 04:15:24.410 | INFO     | auth.login:ensure_login:354 - Checking Login...
2026-08-01 04:15:24.412 | SUCCESS  | auth.login:load_saved_token:192 - Saved Token Loaded
2026-08-01 04:15:24.412 | SUCCESS  | auth.login:ensure_login:362 - Using Saved Token
2026-08-01 04:15:24.413 | INFO     | monitor:scan:111 - Scanning Website...
2026-08-01 04:15:24.414 | INFO     | monitor:scan:125 - Loading Page 1
2026-08-01 04:15:24.415 | INFO     | api:get_files:60 - Loading Page 1
2026-08-01 04:15:24.838 | WARNING  | auth.login:get:411 - Access Token Expired
2026-08-01 04:15:24.838 | INFO     | auth.login:login:262 - Logging in...
2026-08-01 04:15:25.315 | SUCCESS  | auth.login:save_token:242 - Token Saved
2026-08-01 04:15:25.316 | SUCCESS  | auth.login:login:340 - Login Successful
2026-08-01 04:15:26.511 | INFO     | api:get_file:84 - Loading File 126d518f-764b-2019-40a6-645aba60ba46
2026-08-01 04:15:26.737 | INFO     | monitor:scan:273 - Reached Old Files
2026-08-01 04:15:26.738 | INFO     | monitor:scan:303 - No New Serial
2026-08-01 04:15:26.739 | INFO     | monitor:scan:325 - Nothing Changed
2026-08-01 04:15:26.739 | SUCCESS  | monitor:scan:331 - Scan Finished
2026-08-01 04:15:26.741 | INFO     | monitor:start:67 - Sleep 60 Seconds
2026-08-01 04:16:26.742 | INFO     | auth.login:ensure_login:354 - Checking Login...
2026-08-01 04:16:26.773 | SUCCESS  | auth.login:load_saved_token:192 - Saved Token Loaded
2026-08-01 04:16:26.774 | SUCCESS  | auth.login:ensure_login:362 - Using Saved Token
2026-08-01 04:16:26.774 | INFO     | monitor:scan:111 - Scanning Website...
2026-08-01 04:16:26.775 | INFO     | monitor:scan:125 - Loading Page 1
2026-08-01 04:16:26.776 | INFO     | api:get_files:60 - Loading Page 1
2026-08-01 04:16:28.318 | INFO     | api:get_file:84 - Loading File 126d518f-764b-2019-40a6-645aba60ba46
2026-08-01 04:16:28.545 | INFO     | monitor:scan:273 - Reached Old Files
2026-08-01 04:16:28.545 | INFO     | monitor:scan:303 - No New Serial
2026-08-01 04:16:28.545 | INFO     | monitor:scan:325 - Nothing Changed
2026-08-01 04:16:28.546 | SUCCESS  | monitor:scan:331 - Scan Finished
2026-08-01 04:16:28.547 | INFO     | monitor:start:67 - Sleep 60 Seconds
2026-08-01 04:17:28.547 | INFO     | auth.login:ensure_login:354 - Checking Login...
2026-08-01 04:17:28.548 | SUCCESS  | auth.login:load_saved_token:192 - Saved Token Loaded
2026-08-01 04:17:28.548 | SUCCESS  | auth.login:ensure_login:362 - Using Saved Token
2026-08-01 04:17:28.548 | INFO     | monitor:scan:111 - Scanning Website...
2026-08-01 04:17:28.548 | INFO     | monitor:scan:125 - Loading Page 1
2026-08-01 04:17:28.549 | INFO     | api:get_files:60 - Loading Page 1
2026-08-01 04:17:30.603 | INFO     | api:get_file:84 - Loading File 126d518f-764b-2019-40a6-645aba60ba46
2026-08-01 04:17:30.828 | INFO     | monitor:scan:273 - Reached Old Files
2026-08-01 04:17:30.828 | INFO     | monitor:scan:303 - No New Serial
2026-08-01 04:17:30.828 | INFO     | monitor:scan:325 - Nothing Changed
2026-08-01 04:17:30.829 | SUCCESS  | monitor:scan:331 - Scan Finished
2026-08-01 04:17:30.829 | INFO     | monitor:start:67 - Sleep 60 Seconds
2026-08-01 04:18:30.830 | INFO     | auth.login:ensure_login:354 - Checking Login...
2026-08-01 04:18:30.832 | SUCCESS  | auth.login:load_saved_token:192 - Saved Token Loaded
2026-08-01 04:18:30.833 | SUCCESS  | auth.login:ensure_login:362 - Using Saved Token
2026-08-01 04:18:30.833 | INFO     | monitor:scan:111 - Scanning Website...
2026-08-01 04:18:30.834 | INFO     | monitor:scan:125 - Loading Page 1
2026-08-01 04:18:30.835 | INFO     | api:get_files:60 - Loading Page 1
2026-08-01 04:18:32.262 | INFO     | api:get_file:84 - Loading File 126d518f-764b-2019-40a6-645aba60ba46
2026-08-01 04:18:32.478 | INFO     | monitor:scan:273 - Reached Old Files
2026-08-01 04:18:32.479 | INFO     | monitor:scan:303 - No New Serial
2026-08-01 04:18:32.479 | INFO     | monitor:scan:325 - Nothing Changed
2026-08-01 04:18:32.479 | SUCCESS  | monitor:scan:331 - Scan Finished
2026-08-01 04:18:32.480 | INFO     | monitor:start:67 - Sleep 60 Seconds
2026-08-01 04:19:32.481 | INFO     | auth.login:ensure_login:354 - Checking Login...
2026-08-01 04:19:32.481 | SUCCESS  | auth.login:load_saved_token:192 - Saved Token Loaded
2026-08-01 04:19:32.481 | SUCCESS  | auth.login:ensure_login:362 - Using Saved Token
2026-08-01 04:19:32.482 | INFO     | monitor:scan:111 - Scanning Website...
2026-08-01 04:19:32.482 | INFO     | monitor:scan:125 - Loading Page 1
2026-08-01 04:19:32.482 | INFO     | api:get_files:60 - Loading Page 1
2026-08-01 04:19:34.261 | INFO     | api:get_file:84 - Loading File 126d518f-764b-2019-40a6-645aba60ba46
2026-08-01 04:19:34.479 | INFO     | monitor:scan:273 - Reached Old Files
2026-08-01 04:19:34.480 | INFO     | monitor:scan:303 - No New Serial
2026-08-01 04:19:34.481 | INFO     | monitor:scan:325 - Nothing Changed
2026-08-01 04:19:34.481 | SUCCESS  | monitor:scan:331 - Scan Finished
2026-08-01 04:19:34.482 | INFO     | monitor:start:67 - Sleep 60 Seconds
2026-08-01 04:20:34.482 | INFO     | auth.login:ensure_login:354 - Checking Login...
2026-08-01 04:20:34.485 | SUCCESS  | auth.login:load_saved_token:192 - Saved Token Loaded
2026-08-01 04:20:34.486 | SUCCESS  | auth.login:ensure_login:362 - Using Saved Token
2026-08-01 04:20:34.487 | INFO     | monitor:scan:111 - Scanning Website...
2026-08-01 04:20:34.488 | INFO     | monitor:scan:125 - Loading Page 1
2026-08-01 04:20:34.489 | INFO     | api:get_files:60 - Loading Page 1
2026-08-01 04:20:35.910 | INFO     | api:get_file:84 - Loading File 126d518f-764b-2019-40a6-645aba60ba46
2026-08-01 04:20:36.126 | INFO     | monitor:scan:273 - Reached Old Files
2026-08-01 04:20:36.127 | INFO     | monitor:scan:303 - No New Serial
2026-08-01 04:20:36.127 | INFO     | monitor:scan:325 - Nothing Changed
2026-08-01 04:20:36.128 | SUCCESS  | monitor:scan:331 - Scan Finished
2026-08-01 04:20:36.128 | INFO     | monitor:start:67 - Sleep 60 Seconds
2026-08-01 04:21:36.129 | INFO     | auth.login:ensure_login:354 - Checking Login...
2026-08-01 04:21:36.130 | SUCCESS  | auth.login:load_saved_token:192 - Saved Token Loaded
2026-08-01 04:21:36.130 | SUCCESS  | auth.login:ensure_login:362 - Using Saved Token
2026-08-01 04:21:36.131 | INFO     | monitor:scan:111 - Scanning Website...
2026-08-01 04:21:36.131 | INFO     | monitor:scan:125 - Loading Page 1
2026-08-01 04:21:36.131 | INFO     | api:get_files:60 - Loading Page 1
2026-08-01 04:21:38.213 | INFO     | api:get_file:84 - Loading File 126d518f-764b-2019-40a6-645aba60ba46
2026-08-01 04:21:38.439 | INFO     | monitor:scan:273 - Reached Old Files
2026-08-01 04:21:38.439 | INFO     | monitor:scan:303 - No New Serial
2026-08-01 04:21:38.439 | INFO     | monitor:scan:325 - Nothing Changed
2026-08-01 04:21:38.439 | SUCCESS  | monitor:scan:331 - Scan Finished
2026-08-01 04:21:38.440 | INFO     | monitor:start:67 - Sleep 60 Seconds
2026-08-01 04:22:38.440 | INFO     | auth.login:ensure_login:354 - Checking Login...
2026-08-01 04:22:38.444 | SUCCESS  | auth.login:load_saved_token:192 - Saved Token Loaded
2026-08-01 04:22:38.446 | SUCCESS  | auth.login:ensure_login:362 - Using Saved Token
2026-08-01 04:22:38.446 | INFO     | monitor:scan:111 - Scanning Website...
2026-08-01 04:22:38.449 | INFO     | monitor:scan:125 - Loading Page 1
2026-08-01 04:22:38.451 | INFO     | api:get_files:60 - Loading Page 1
2026-08-01 04:22:40.113 | INFO     | api:get_file:84 - Loading File 126d518f-764b-2019-40a6-645aba60ba46
2026-08-01 04:22:40.341 | INFO     | monitor:scan:273 - Reached Old Files
2026-08-01 04:22:40.341 | INFO     | monitor:scan:303 - No New Serial
2026-08-01 04:22:40.342 | INFO     | monitor:scan:325 - Nothing Changed
2026-08-01 04:22:40.342 | SUCCESS  | monitor:scan:331 - Scan Finished
2026-08-01 04:22:40.343 | INFO     | monitor:start:67 - Sleep 60 Seconds
2026-08-01 04:23:40.344 | INFO     | auth.login:ensure_login:354 - Checking Login...
2026-08-01 04:23:40.347 | SUCCESS  | auth.login:load_saved_token:192 - Saved Token Loaded
2026-08-01 04:23:40.348 | SUCCESS  | auth.login:ensure_login:362 - Using Saved Token
2026-08-01 04:23:40.348 | INFO     | monitor:scan:111 - Scanning Website...
2026-08-01 04:23:40.350 | INFO     | monitor:scan:125 - Loading Page 1
2026-08-01 04:23:40.351 | INFO     | api:get_files:60 - Loading Page 1
2026-08-01 04:23:42.630 | INFO     | api:get_file:84 - Loading File 126d518f-764b-2019-40a6-645aba60ba46
2026-08-01 04:23:42.859 | INFO     | monitor:scan:273 - Reached Old Files
2026-08-01 04:23:42.860 | INFO     | monitor:scan:303 - No New Serial
2026-08-01 04:23:42.860 | INFO     | monitor:scan:325 - Nothing Changed
2026-08-01 04:23:42.861 | SUCCESS  | monitor:scan:331 - Scan Finished
2026-08-01 04:23:42.862 | INFO     | monitor:start:67 - Sleep 60 Seconds
2026-08-01 04:24:42.863 | INFO     | auth.login:ensure_login:354 - Checking Login...
2026-08-01 04:24:42.864 | SUCCESS  | auth.login:load_saved_token:192 - Saved Token Loaded
2026-08-01 04:24:42.864 | SUCCESS  | auth.login:ensure_login:362 - Using Saved Token
2026-08-01 04:24:42.864 | INFO     | monitor:scan:111 - Scanning Website...
2026-08-01 04:24:42.865 | INFO     | monitor:scan:125 - Loading Page 1
2026-08-01 04:24:42.866 | INFO     | api:get_files:60 - Loading Page 1
2026-08-01 04:24:46.318 | INFO     | api:get_file:84 - Loading File 126d518f-764b-2019-40a6-645aba60ba46
2026-08-01 04:24:46.544 | INFO     | monitor:scan:273 - Reached Old Files
2026-08-01 04:24:46.545 | INFO     | monitor:scan:303 - No New Serial
2026-08-01 04:24:46.545 | INFO     | monitor:scan:325 - Nothing Changed
2026-08-01 04:24:46.545 | SUCCESS  | monitor:scan:331 - Scan Finished
2026-08-01 04:24:46.547 | INFO     | monitor:start:67 - Sleep 60 Seconds
2026-08-01 04:25:46.549 | INFO     | auth.login:ensure_login:354 - Checking Login...
2026-08-01 04:25:46.551 | SUCCESS  | auth.login:load_saved_token:192 - Saved Token Loaded
2026-08-01 04:25:46.551 | SUCCESS  | auth.login:ensure_login:362 - Using Saved Token
2026-08-01 04:25:46.551 | INFO     | monitor:scan:111 - Scanning Website...
2026-08-01 04:25:46.553 | INFO     | monitor:scan:125 - Loading Page 1
2026-08-01 04:25:46.553 | INFO     | api:get_files:60 - Loading Page 1
2026-08-01 04:25:46.970 | WARNING  | auth.login:get:411 - Access Token Expired
2026-08-01 04:25:46.971 | INFO     | auth.login:login:262 - Logging in...
2026-08-01 04:25:47.440 | SUCCESS  | auth.login:save_token:242 - Token Saved
2026-08-01 04:25:47.441 | SUCCESS  | auth.login:login:340 - Login Successful
2026-08-01 04:25:50.203 | INFO     | api:get_file:84 - Loading File 126d518f-764b-2019-40a6-645aba60ba46
2026-08-01 04:25:50.428 | INFO     | monitor:scan:273 - Reached Old Files
2026-08-01 04:25:50.428 | INFO     | monitor:scan:303 - No New Serial
2026-08-01 04:25:50.428 | INFO     | monitor:scan:325 - Nothing Changed
2026-08-01 04:25:50.428 | SUCCESS  | monitor:scan:331 - Scan Finished
2026-08-01 04:25:50.429 | INFO     | monitor:start:67 - Sleep 60 Seconds
2026-08-01 04:26:50.430 | INFO     | auth.login:ensure_login:354 - Checking Login...
2026-08-01 04:26:50.454 | SUCCESS  | auth.login:load_saved_token:192 - Saved Token Loaded
2026-08-01 04:26:50.454 | SUCCESS  | auth.login:ensure_login:362 - Using Saved Token
2026-08-01 04:26:50.454 | INFO     | monitor:scan:111 - Scanning Website...
2026-08-01 04:26:50.455 | INFO     | monitor:scan:125 - Loading Page 1
2026-08-01 04:26:50.455 | INFO     | api:get_files:60 - Loading Page 1
2026-08-01 04:26:53.932 | INFO     | api:get_file:84 - Loading File 126d518f-764b-2019-40a6-645aba60ba46
2026-08-01 04:26:54.162 | INFO     | monitor:scan:273 - Reached Old Files
2026-08-01 04:26:54.163 | INFO     | monitor:scan:303 - No New Serial
2026-08-01 04:26:54.163 | INFO     | monitor:scan:325 - Nothing Changed
2026-08-01 04:26:54.164 | SUCCESS  | monitor:scan:331 - Scan Finished
2026-08-01 04:26:54.165 | INFO     | monitor:start:67 - Sleep 60 Seconds
2026-08-01 04:27:54.167 | INFO     | auth.login:ensure_login:354 - Checking Login...
2026-08-01 04:27:54.169 | SUCCESS  | auth.login:load_saved_token:192 - Saved Token Loaded
2026-08-01 04:27:54.170 | SUCCESS  | auth.login:ensure_login:362 - Using Saved Token
2026-08-01 04:27:54.172 | INFO     | monitor:scan:111 - Scanning Website...
2026-08-01 04:27:54.173 | INFO     | monitor:scan:125 - Loading Page 1
2026-08-01 04:27:54.174 | INFO     | api:get_files:60 - Loading Page 1
2026-08-01 04:27:56.748 | INFO     | api:get_file:84 - Loading File 126d518f-764b-2019-40a6-645aba60ba46
2026-08-01 04:27:56.974 | INFO     | monitor:scan:273 - Reached Old Files
2026-08-01 04:27:56.975 | INFO     | monitor:scan:303 - No New Serial
2026-08-01 04:27:56.975 | INFO     | monitor:scan:325 - Nothing Changed
2026-08-01 04:27:56.975 | SUCCESS  | monitor:scan:331 - Scan Finished
2026-08-01 04:27:56.976 | INFO     | monitor:start:67 - Sleep 60 Seconds
2026-08-01 04:28:56.976 | INFO     | auth.login:ensure_login:354 - Checking Login...
2026-08-01 04:28:56.979 | SUCCESS  | auth.login:load_saved_token:192 - Saved Token Loaded
2026-08-01 04:28:56.980 | SUCCESS  | auth.login:ensure_login:362 - Using Saved Token
2026-08-01 04:28:56.982 | INFO     | monitor:scan:111 - Scanning Website...
2026-08-01 04:28:56.983 | INFO     | monitor:scan:125 - Loading Page 1
2026-08-01 04:28:56.984 | INFO     | api:get_files:60 - Loading Page 1
2026-08-01 04:29:00.603 | INFO     | api:get_file:84 - Loading File 126d518f-764b-2019-40a6-645aba60ba46
2026-08-01 04:29:01.193 | INFO     | monitor:scan:273 - Reached Old Files
2026-08-01 04:29:01.195 | INFO     | monitor:scan:303 - No New Serial
2026-08-01 04:29:01.196 | INFO     | monitor:scan:325 - Nothing Changed
2026-08-01 04:29:01.197 | SUCCESS  | monitor:scan:331 - Scan Finished
2026-08-01 04:29:01.200 | INFO     | monitor:start:67 - Sleep 60 Seconds
2026-08-01 04:30:01.201 | INFO     | auth.login:ensure_login:354 - Checking Login...
2026-08-01 04:30:01.203 | SUCCESS  | auth.login:load_saved_token:192 - Saved Token Loaded
2026-08-01 04:30:01.204 | SUCCESS  | auth.login:ensure_login:362 - Using Saved Token
2026-08-01 04:30:01.204 | INFO     | monitor:scan:111 - Scanning Website...
2026-08-01 04:30:01.206 | INFO     | monitor:scan:125 - Loading Page 1
2026-08-01 04:30:01.206 | INFO     | api:get_files:60 - Loading Page 1
2026-08-01 04:30:02.886 | INFO     | api:get_file:84 - Loading File 126d518f-764b-2019-40a6-645aba60ba46
2026-08-01 04:30:03.114 | INFO     | monitor:scan:273 - Reached Old Files
2026-08-01 04:30:03.115 | INFO     | monitor:scan:303 - No New Serial
2026-08-01 04:30:03.115 | INFO     | monitor:scan:325 - Nothing Changed
2026-08-01 04:30:03.115 | SUCCESS  | monitor:scan:331 - Scan Finished
2026-08-01 04:30:03.116 | INFO     | monitor:start:67 - Sleep 60 Seconds
2026-08-01 04:31:03.116 | INFO     | auth.login:ensure_login:354 - Checking Login...
2026-08-01 04:31:03.119 | SUCCESS  | auth.login:load_saved_token:192 - Saved Token Loaded
2026-08-01 04:31:03.120 | SUCCESS  | auth.login:ensure_login:362 - Using Saved Token
2026-08-01 04:31:03.121 | INFO     | monitor:scan:111 - Scanning Website...
2026-08-01 04:31:03.123 | INFO     | monitor:scan:125 - Loading Page 1
2026-08-01 04:31:03.123 | INFO     | api:get_files:60 - Loading Page 1
2026-08-01 04:31:04.527 | INFO     | api:get_file:84 - Loading File 126d518f-764b-2019-40a6-645aba60ba46
2026-08-01 04:31:04.747 | INFO     | monitor:scan:273 - Reached Old Files
2026-08-01 04:31:04.747 | INFO     | monitor:scan:303 - No New Serial
2026-08-01 04:31:04.748 | INFO     | monitor:scan:325 - Nothing Changed
2026-08-01 04:31:04.749 | SUCCESS  | monitor:scan:331 - Scan Finished
2026-08-01 04:31:04.751 | INFO     | monitor:start:67 - Sleep 60 Seconds
2026-08-01 04:32:04.754 | INFO     | auth.login:ensure_login:354 - Checking Login...
2026-08-01 04:32:04.757 | SUCCESS  | auth.login:load_saved_token:192 - Saved Token Loaded
2026-08-01 04:32:04.758 | SUCCESS  | auth.login:ensure_login:362 - Using Saved Token
2026-08-01 04:32:04.759 | INFO     | monitor:scan:111 - Scanning Website...
2026-08-01 04:32:04.761 | INFO     | monitor:scan:125 - Loading Page 1
2026-08-01 04:32:04.761 | INFO     | api:get_files:60 - Loading Page 1
2026-08-01 04:32:06.410 | INFO     | api:get_file:84 - Loading File 126d518f-764b-2019-40a6-645aba60ba46
2026-08-01 04:32:06.639 | INFO     | monitor:scan:273 - Reached Old Files
2026-08-01 04:32:06.639 | INFO     | monitor:scan:303 - No New Serial
2026-08-01 04:32:06.639 | INFO     | monitor:scan:325 - Nothing Changed
2026-08-01 04:32:06.640 | SUCCESS  | monitor:scan:331 - Scan Finished
2026-08-01 04:32:06.640 | INFO     | monitor:start:67 - Sleep 60 Seconds
2026-08-01 04:33:06.641 | INFO     | auth.login:ensure_login:354 - Checking Login...
2026-08-01 04:33:06.643 | SUCCESS  | auth.login:load_saved_token:192 - Saved Token Loaded
2026-08-01 04:33:06.644 | SUCCESS  | auth.login:ensure_login:362 - Using Saved Token
2026-08-01 04:33:06.644 | INFO     | monitor:scan:111 - Scanning Website...
2026-08-01 04:33:06.646 | INFO     | monitor:scan:125 - Loading Page 1
2026-08-01 04:33:06.647 | INFO     | api:get_files:60 - Loading Page 1
2026-08-01 04:33:08.375 | INFO     | api:get_file:84 - Loading File 126d518f-764b-2019-40a6-645aba60ba46
2026-08-01 04:33:08.604 | INFO     | monitor:scan:273 - Reached Old Files
2026-08-01 04:33:08.604 | INFO     | monitor:scan:303 - No New Serial
2026-08-01 04:33:08.605 | INFO     | monitor:scan:325 - Nothing Changed
2026-08-01 04:33:08.605 | SUCCESS  | monitor:scan:331 - Scan Finished
2026-08-01 04:33:08.606 | INFO     | monitor:start:67 - Sleep 60 Seconds
2026-08-01 04:34:08.607 | INFO     | auth.login:ensure_login:354 - Checking Login...
2026-08-01 04:34:08.611 | SUCCESS  | auth.login:load_saved_token:192 - Saved Token Loaded
2026-08-01 04:34:08.612 | SUCCESS  | auth.login:ensure_login:362 - Using Saved Token
2026-08-01 04:34:08.612 | INFO     | monitor:scan:111 - Scanning Website...
2026-08-01 04:34:08.614 | INFO     | monitor:scan:125 - Loading Page 1
2026-08-01 04:34:08.615 | INFO     | api:get_files:60 - Loading Page 1
2026-08-01 04:34:11.533 | INFO     | api:get_file:84 - Loading File 126d518f-764b-2019-40a6-645aba60ba46
2026-08-01 04:34:11.753 | INFO     | monitor:scan:273 - Reached Old Files
2026-08-01 04:34:11.753 | INFO     | monitor:scan:303 - No New Serial
2026-08-01 04:34:11.754 | INFO     | monitor:scan:325 - Nothing Changed
2026-08-01 04:34:11.754 | SUCCESS  | monitor:scan:331 - Scan Finished
2026-08-01 04:34:11.755 | INFO     | monitor:start:67 - Sleep 60 Seconds
2026-08-01 04:35:11.756 | INFO     | auth.login:ensure_login:354 - Checking Login...
2026-08-01 04:35:11.758 | SUCCESS  | auth.login:load_saved_token:192 - Saved Token Loaded
2026-08-01 04:35:11.759 | SUCCESS  | auth.login:ensure_login:362 - Using Saved Token
2026-08-01 04:35:11.760 | INFO     | monitor:scan:111 - Scanning Website...
2026-08-01 04:35:11.761 | INFO     | monitor:scan:125 - Loading Page 1
2026-08-01 04:35:11.762 | INFO     | api:get_files:60 - Loading Page 1
2026-08-01 04:35:13.276 | INFO     | api:get_file:84 - Loading File 126d518f-764b-2019-40a6-645aba60ba46
2026-08-01 04:35:13.500 | INFO     | monitor:scan:273 - Reached Old Files
2026-08-01 04:35:13.500 | INFO     | monitor:scan:303 - No New Serial
2026-08-01 04:35:13.500 | INFO     | monitor:scan:325 - Nothing Changed
2026-08-01 04:35:13.501 | SUCCESS  | monitor:scan:331 - Scan Finished
2026-08-01 04:35:13.501 | INFO     | monitor:start:67 - Sleep 60 Seconds
2026-08-01 04:36:13.501 | INFO     | auth.login:ensure_login:354 - Checking Login...
2026-08-01 04:36:13.503 | SUCCESS  | auth.login:load_saved_token:192 - Saved Token Loaded
2026-08-01 04:36:13.503 | SUCCESS  | auth.login:ensure_login:362 - Using Saved Token
2026-08-01 04:36:13.503 | INFO     | monitor:scan:111 - Scanning Website...
2026-08-01 04:36:13.504 | INFO     | monitor:scan:125 - Loading Page 1
2026-08-01 04:36:13.505 | INFO     | api:get_files:60 - Loading Page 1
2026-08-01 04:36:13.921 | WARNING  | auth.login:get:411 - Access Token Expired
2026-08-01 04:36:13.922 | INFO     | auth.login:login:262 - Logging in...
2026-08-01 04:36:14.419 | SUCCESS  | auth.login:save_token:242 - Token Saved
2026-08-01 04:36:14.420 | SUCCESS  | auth.login:login:340 - Login Successful
2026-08-01 04:36:15.738 | INFO     | api:get_file:84 - Loading File 126d518f-764b-2019-40a6-645aba60ba46
2026-08-01 04:36:15.973 | INFO     | monitor:scan:273 - Reached Old Files
2026-08-01 04:36:15.974 | INFO     | monitor:scan:303 - No New Serial
2026-08-01 04:36:15.974 | INFO     | monitor:scan:325 - Nothing Changed
2026-08-01 04:36:15.974 | SUCCESS  | monitor:scan:331 - Scan Finished
2026-08-01 04:36:15.976 | INFO     | monitor:start:67 - Sleep 60 Seconds
2026-08-01 04:37:15.976 | INFO     | auth.login:ensure_login:354 - Checking Login...
2026-08-01 04:37:16.001 | SUCCESS  | auth.login:load_saved_token:192 - Saved Token Loaded
2026-08-01 04:37:16.002 | SUCCESS  | auth.login:ensure_login:362 - Using Saved Token
2026-08-01 04:37:16.002 | INFO     | monitor:scan:111 - Scanning Website...
2026-08-01 04:37:16.003 | INFO     | monitor:scan:125 - Loading Page 1
2026-08-01 04:37:16.004 | INFO     | api:get_files:60 - Loading Page 1
2026-08-01 04:37:19.346 | INFO     | api:get_file:84 - Loading File 126d518f-764b-2019-40a6-645aba60ba46
2026-08-01 04:37:19.574 | INFO     | monitor:scan:273 - Reached Old Files
2026-08-01 04:37:19.574 | INFO     | monitor:scan:303 - No New Serial
2026-08-01 04:37:19.574 | INFO     | monitor:scan:325 - Nothing Changed
2026-08-01 04:37:19.575 | SUCCESS  | monitor:scan:331 - Scan Finished
2026-08-01 04:37:19.575 | INFO     | monitor:start:67 - Sleep 60 Seconds
2026-08-01 04:38:19.576 | INFO     | auth.login:ensure_login:354 - Checking Login...
2026-08-01 04:38:19.577 | SUCCESS  | auth.login:load_saved_token:192 - Saved Token Loaded
2026-08-01 04:38:19.577 | SUCCESS  | auth.login:ensure_login:362 - Using Saved Token
2026-08-01 04:38:19.578 | INFO     | monitor:scan:111 - Scanning Website...
2026-08-01 04:38:19.578 | INFO     | monitor:scan:125 - Loading Page 1
2026-08-01 04:38:19.578 | INFO     | api:get_files:60 - Loading Page 1
2026-08-01 04:38:23.006 | INFO     | api:get_file:84 - Loading File 126d518f-764b-2019-40a6-645aba60ba46
2026-08-01 04:38:23.235 | INFO     | monitor:scan:273 - Reached Old Files
2026-08-01 04:38:23.237 | INFO     | monitor:scan:303 - No New Serial
2026-08-01 04:38:23.237 | INFO     | monitor:scan:325 - Nothing Changed
2026-08-01 04:38:23.237 | SUCCESS  | monitor:scan:331 - Scan Finished
2026-08-01 04:38:23.238 | INFO     | monitor:start:67 - Sleep 60 Seconds
2026-08-01 04:39:23.239 | INFO     | auth.login:ensure_login:354 - Checking Login...
2026-08-01 04:39:23.241 | SUCCESS  | auth.login:load_saved_token:192 - Saved Token Loaded
2026-08-01 04:39:23.242 | SUCCESS  | auth.login:ensure_login:362 - Using Saved Token
2026-08-01 04:39:23.243 | INFO     | monitor:scan:111 - Scanning Website...
2026-08-01 04:39:23.246 | INFO     | monitor:scan:125 - Loading Page 1
2026-08-01 04:39:23.246 | INFO     | api:get_files:60 - Loading Page 1
2026-08-01 04:39:24.787 | INFO     | api:get_file:84 - Loading File 126d518f-764b-2019-40a6-645aba60ba46
2026-08-01 04:39:25.011 | INFO     | monitor:scan:273 - Reached Old Files
2026-08-01 04:39:25.012 | INFO     | monitor:scan:303 - No New Serial
2026-08-01 04:39:25.013 | INFO     | monitor:scan:325 - Nothing Changed
2026-08-01 04:39:25.013 | SUCCESS  | monitor:scan:331 - Scan Finished
2026-08-01 04:39:25.014 | INFO     | monitor:start:67 - Sleep 60 Seconds
2026-08-01 04:40:25.015 | INFO     | auth.login:ensure_login:354 - Checking Login...
2026-08-01 04:40:25.016 | SUCCESS  | auth.login:load_saved_token:192 - Saved Token Loaded
2026-08-01 04:40:25.016 | SUCCESS  | auth.login:ensure_login:362 - Using Saved Token
2026-08-01 04:40:25.016 | INFO     | monitor:scan:111 - Scanning Website...
2026-08-01 04:40:25.016 | INFO     | monitor:scan:125 - Loading Page 1
2026-08-01 04:40:25.016 | INFO     | api:get_files:60 - Loading Page 1
2026-08-01 04:40:26.484 | INFO     | api:get_file:84 - Loading File 126d518f-764b-2019-40a6-645aba60ba46
2026-08-01 04:40:26.710 | INFO     | monitor:scan:273 - Reached Old Files
2026-08-01 04:40:26.711 | INFO     | monitor:scan:303 - No New Serial
2026-08-01 04:40:26.711 | INFO     | monitor:scan:325 - Nothing Changed
2026-08-01 04:40:26.711 | SUCCESS  | monitor:scan:331 - Scan Finished
2026-08-01 04:40:26.712 | INFO     | monitor:start:67 - Sleep 60 Seconds
2026-08-01 04:41:26.712 | INFO     | auth.login:ensure_login:354 - Checking Login...
2026-08-01 04:41:26.713 | SUCCESS  | auth.login:load_saved_token:192 - Saved Token Loaded
2026-08-01 04:41:26.713 | SUCCESS  | auth.login:ensure_login:362 - Using Saved Token
2026-08-01 04:41:26.713 | INFO     | monitor:scan:111 - Scanning Website...
2026-08-01 04:41:26.714 | INFO     | monitor:scan:125 - Loading Page 1
2026-08-01 04:41:26.714 | INFO     | api:get_files:60 - Loading Page 1
2026-08-01 04:41:28.151 | INFO     | api:get_file:84 - Loading File 126d518f-764b-2019-40a6-645aba60ba46
2026-08-01 04:41:28.370 | INFO     | monitor:scan:273 - Reached Old Files
2026-08-01 04:41:28.370 | INFO     | monitor:scan:303 - No New Serial
2026-08-01 04:41:28.370 | INFO     | monitor:scan:325 - Nothing Changed
2026-08-01 04:41:28.370 | SUCCESS  | monitor:scan:331 - Scan Finished
2026-08-01 04:41:28.370 | INFO     | monitor:start:67 - Sleep 60 Seconds
2026-08-01 04:42:28.371 | INFO     | auth.login:ensure_login:354 - Checking Login...
2026-08-01 04:42:28.372 | SUCCESS  | auth.login:load_saved_token:192 - Saved Token Loaded
2026-08-01 04:42:28.372 | SUCCESS  | auth.login:ensure_login:362 - Using Saved Token
2026-08-01 04:42:28.372 | INFO     | monitor:scan:111 - Scanning Website...
2026-08-01 04:42:28.372 | INFO     | monitor:scan:125 - Loading Page 1
2026-08-01 04:42:28.373 | INFO     | api:get_files:60 - Loading Page 1
2026-08-01 04:42:30.004 | INFO     | api:get_file:84 - Loading File 126d518f-764b-2019-40a6-645aba60ba46
2026-08-01 04:42:30.237 | INFO     | monitor:scan:273 - Reached Old Files
2026-08-01 04:42:30.239 | INFO     | monitor:scan:303 - No New Serial
2026-08-01 04:42:30.240 | INFO     | monitor:scan:325 - Nothing Changed
2026-08-01 04:42:30.240 | SUCCESS  | monitor:scan:331 - Scan Finished
2026-08-01 04:42:30.241 | INFO     | monitor:start:67 - Sleep 60 Seconds
2026-08-01 04:43:30.242 | INFO     | auth.login:ensure_login:354 - Checking Login...
2026-08-01 04:43:30.244 | SUCCESS  | auth.login:load_saved_token:192 - Saved Token Loaded
2026-08-01 04:43:30.244 | SUCCESS  | auth.login:ensure_login:362 - Using Saved Token
2026-08-01 04:43:30.244 | INFO     | monitor:scan:111 - Scanning Website...
2026-08-01 04:43:30.246 | INFO     | monitor:scan:125 - Loading Page 1
2026-08-01 04:43:30.247 | INFO     | api:get_files:60 - Loading Page 1
2026-08-01 04:43:31.759 | INFO     | api:get_file:84 - Loading File 126d518f-764b-2019-40a6-645aba60ba46
2026-08-01 04:43:31.987 | INFO     | monitor:scan:273 - Reached Old Files
2026-08-01 04:43:31.987 | INFO     | monitor:scan:303 - No New Serial
2026-08-01 04:43:31.988 | INFO     | monitor:scan:325 - Nothing Changed
2026-08-01 04:43:31.988 | SUCCESS  | monitor:scan:331 - Scan Finished
2026-08-01 04:43:31.989 | INFO     | monitor:start:67 - Sleep 60 Seconds
2026-08-01 04:44:31.990 | INFO     | auth.login:ensure_login:354 - Checking Login...
2026-08-01 04:44:31.991 | SUCCESS  | auth.login:load_saved_token:192 - Saved Token Loaded
2026-08-01 04:44:31.991 | SUCCESS  | auth.login:ensure_login:362 - Using Saved Token
2026-08-01 04:44:31.991 | INFO     | monitor:scan:111 - Scanning Website...
2026-08-01 04:44:31.991 | INFO     | monitor:scan:125 - Loading Page 1
2026-08-01 04:44:31.991 | INFO     | api:get_files:60 - Loading Page 1
2026-08-01 04:44:33.555 | INFO     | api:get_file:84 - Loading File 126d518f-764b-2019-40a6-645aba60ba46
2026-08-01 04:44:33.784 | INFO     | monitor:scan:273 - Reached Old Files
2026-08-01 04:44:33.785 | INFO     | monitor:scan:303 - No New Serial
2026-08-01 04:44:33.785 | INFO     | monitor:scan:325 - Nothing Changed
2026-08-01 04:44:33.785 | SUCCESS  | monitor:scan:331 - Scan Finished
2026-08-01 04:44:33.786 | INFO     | monitor:start:67 - Sleep 60 Seconds
2026-08-01 04:45:33.787 | INFO     | auth.login:ensure_login:354 - Checking Login...
2026-08-01 04:45:33.788 | SUCCESS  | auth.login:load_saved_token:192 - Saved Token Loaded
2026-08-01 04:45:33.788 | SUCCESS  | auth.login:ensure_login:362 - Using Saved Token
2026-08-01 04:45:33.789 | INFO     | monitor:scan:111 - Scanning Website...
2026-08-01 04:45:33.789 | INFO     | monitor:scan:125 - Loading Page 1
2026-08-01 04:45:33.789 | INFO     | api:get_files:60 - Loading Page 1
2026-08-01 04:45:35.427 | INFO     | api:get_file:84 - Loading File 126d518f-764b-2019-40a6-645aba60ba46
2026-08-01 04:45:35.651 | INFO     | monitor:scan:273 - Reached Old Files
2026-08-01 04:45:35.652 | INFO     | monitor:scan:303 - No New Serial
2026-08-01 04:45:35.652 | INFO     | monitor:scan:325 - Nothing Changed
2026-08-01 04:45:35.653 | SUCCESS  | monitor:scan:331 - Scan Finished
2026-08-01 04:45:35.653 | INFO     | monitor:start:67 - Sleep 60 Seconds
2026-08-01 04:46:35.654 | INFO     | auth.login:ensure_login:354 - Checking Login...
2026-08-01 04:46:35.657 | SUCCESS  | auth.login:load_saved_token:192 - Saved Token Loaded
2026-08-01 04:46:35.657 | SUCCESS  | auth.login:ensure_login:362 - Using Saved Token
2026-08-01 04:46:35.658 | INFO     | monitor:scan:111 - Scanning Website...
2026-08-01 04:46:35.659 | INFO     | monitor:scan:125 - Loading Page 1
2026-08-01 04:46:35.660 | INFO     | api:get_files:60 - Loading Page 1
2026-08-01 04:46:36.071 | WARNING  | auth.login:get:411 - Access Token Expired
2026-08-01 04:46:36.071 | INFO     | auth.login:login:262 - Logging in...
2026-08-01 04:46:36.579 | SUCCESS  | auth.login:save_token:242 - Token Saved
2026-08-01 04:46:36.580 | SUCCESS  | auth.login:login:340 - Login Successful
2026-08-01 04:46:37.684 | INFO     | api:get_file:84 - Loading File 126d518f-764b-2019-40a6-645aba60ba46
2026-08-01 04:46:37.906 | INFO     | monitor:scan:273 - Reached Old Files
2026-08-01 04:46:37.907 | INFO     | monitor:scan:303 - No New Serial
2026-08-01 04:46:37.907 | INFO     | monitor:scan:325 - Nothing Changed
2026-08-01 04:46:37.907 | SUCCESS  | monitor:scan:331 - Scan Finished
2026-08-01 04:46:37.907 | INFO     | monitor:start:67 - Sleep 60 Seconds
2026-08-01 04:47:37.908 | INFO     | auth.login:ensure_login:354 - Checking Login...
2026-08-01 04:47:37.919 | SUCCESS  | auth.login:load_saved_token:192 - Saved Token Loaded
2026-08-01 04:47:37.919 | SUCCESS  | auth.login:ensure_login:362 - Using Saved Token
2026-08-01 04:47:37.919 | INFO     | monitor:scan:111 - Scanning Website...
2026-08-01 04:47:37.920 | INFO     | monitor:scan:125 - Loading Page 1
2026-08-01 04:47:37.920 | INFO     | api:get_files:60 - Loading Page 1
2026-08-01 04:47:39.442 | INFO     | api:get_file:84 - Loading File 126d518f-764b-2019-40a6-645aba60ba46
2026-08-01 04:47:39.673 | INFO     | monitor:scan:273 - Reached Old Files
2026-08-01 04:47:39.673 | INFO     | monitor:scan:303 - No New Serial
2026-08-01 04:47:39.673 | INFO     | monitor:scan:325 - Nothing Changed
2026-08-01 04:47:39.673 | SUCCESS  | monitor:scan:331 - Scan Finished
2026-08-01 04:47:39.674 | INFO     | monitor:start:67 - Sleep 60 Seconds
2026-08-01 04:48:39.675 | INFO     | auth.login:ensure_login:354 - Checking Login...
2026-08-01 04:48:39.679 | SUCCESS  | auth.login:load_saved_token:192 - Saved Token Loaded
2026-08-01 04:48:39.680 | SUCCESS  | auth.login:ensure_login:362 - Using Saved Token
2026-08-01 04:48:39.681 | INFO     | monitor:scan:111 - Scanning Website...
2026-08-01 04:48:39.683 | INFO     | monitor:scan:125 - Loading Page 1
2026-08-01 04:48:39.683 | INFO     | api:get_files:60 - Loading Page 1
2026-08-01 04:48:42.847 | INFO     | api:get_file:84 - Loading File 126d518f-764b-2019-40a6-645aba60ba46
2026-08-01 04:48:43.077 | INFO     | monitor:scan:273 - Reached Old Files
2026-08-01 04:48:43.078 | INFO     | monitor:scan:303 - No New Serial
2026-08-01 04:48:43.078 | INFO     | monitor:scan:325 - Nothing Changed
2026-08-01 04:48:43.079 | SUCCESS  | monitor:scan:331 - Scan Finished
2026-08-01 04:48:43.080 | INFO     | monitor:start:67 - Sleep 60 Seconds
2026-08-01 04:49:43.081 | INFO     | auth.login:ensure_login:354 - Checking Login...
2026-08-01 04:49:43.081 | SUCCESS  | auth.login:load_saved_token:192 - Saved Token Loaded
2026-08-01 04:49:43.081 | SUCCESS  | auth.login:ensure_login:362 - Using Saved Token
2026-08-01 04:49:43.082 | INFO     | monitor:scan:111 - Scanning Website...
2026-08-01 04:49:43.082 | INFO     | monitor:scan:125 - Loading Page 1
2026-08-01 04:49:43.082 | INFO     | api:get_files:60 - Loading Page 1
2026-08-01 04:49:44.584 | INFO     | api:get_file:84 - Loading File 126d518f-764b-2019-40a6-645aba60ba46
2026-08-01 04:49:44.810 | INFO     | monitor:scan:273 - Reached Old Files
2026-08-01 04:49:44.812 | INFO     | monitor:scan:303 - No New Serial
2026-08-01 04:49:44.812 | INFO     | monitor:scan:325 - Nothing Changed
2026-08-01 04:49:44.813 | SUCCESS  | monitor:scan:331 - Scan Finished
2026-08-01 04:49:44.813 | INFO     | monitor:start:67 - Sleep 60 Seconds
2026-08-01 04:50:44.814 | INFO     | auth.login:ensure_login:354 - Checking Login...
2026-08-01 04:50:44.816 | SUCCESS  | auth.login:load_saved_token:192 - Saved Token Loaded
2026-08-01 04:50:44.816 | SUCCESS  | auth.login:ensure_login:362 - Using Saved Token
2026-08-01 04:50:44.816 | INFO     | monitor:scan:111 - Scanning Website...
2026-08-01 04:50:44.818 | INFO     | monitor:scan:125 - Loading Page 1
2026-08-01 04:50:44.818 | INFO     | api:get_files:60 - Loading Page 1
2026-08-01 04:50:48.163 | INFO     | api:get_file:84 - Loading File 126d518f-764b-2019-40a6-645aba60ba46
2026-08-01 04:50:48.392 | INFO     | monitor:scan:273 - Reached Old Files
2026-08-01 04:50:48.394 | INFO     | monitor:scan:303 - No New Serial
2026-08-01 04:50:48.394 | INFO     | monitor:scan:325 - Nothing Changed
2026-08-01 04:50:48.394 | SUCCESS  | monitor:scan:331 - Scan Finished
2026-08-01 04:50:48.395 | INFO     | monitor:start:67 - Sleep 60 Seconds
2026-08-01 04:51:48.396 | INFO     | auth.login:ensure_login:354 - Checking Login...
2026-08-01 04:51:48.398 | SUCCESS  | auth.login:load_saved_token:192 - Saved Token Loaded
2026-08-01 04:51:48.399 | SUCCESS  | auth.login:ensure_login:362 - Using Saved Token
2026-08-01 04:51:48.399 | INFO     | monitor:scan:111 - Scanning Website...
2026-08-01 04:51:48.401 | INFO     | monitor:scan:125 - Loading Page 1
2026-08-01 04:51:48.401 | INFO     | api:get_files:60 - Loading Page 1
2026-08-01 04:51:51.716 | INFO     | api:get_file:84 - Loading File 126d518f-764b-2019-40a6-645aba60ba46
2026-08-01 04:51:51.944 | INFO     | monitor:scan:273 - Reached Old Files
2026-08-01 04:51:51.945 | INFO     | monitor:scan:303 - No New Serial
2026-08-01 04:51:51.945 | INFO     | monitor:scan:325 - Nothing Changed
2026-08-01 04:51:51.947 | SUCCESS  | monitor:scan:331 - Scan Finished
2026-08-01 04:51:51.948 | INFO     | monitor:start:67 - Sleep 60 Seconds
2026-08-01 04:52:51.949 | INFO     | auth.login:ensure_login:354 - Checking Login...
2026-08-01 04:52:51.952 | SUCCESS  | auth.login:load_saved_token:192 - Saved Token Loaded
2026-08-01 04:52:51.952 | SUCCESS  | auth.login:ensure_login:362 - Using Saved Token
2026-08-01 04:52:51.953 | INFO     | monitor:scan:111 - Scanning Website...
2026-08-01 04:52:51.955 | INFO     | monitor:scan:125 - Loading Page 1
2026-08-01 04:52:51.955 | INFO     | api:get_files:60 - Loading Page 1
2026-08-01 04:52:53.393 | INFO     | api:get_file:84 - Loading File 126d518f-764b-2019-40a6-645aba60ba46
2026-08-01 04:52:53.613 | INFO     | monitor:scan:273 - Reached Old Files
2026-08-01 04:52:53.616 | INFO     | monitor:scan:303 - No New Serial
2026-08-01 04:52:53.616 | INFO     | monitor:scan:325 - Nothing Changed
2026-08-01 04:52:53.617 | SUCCESS  | monitor:scan:331 - Scan Finished
2026-08-01 04:52:53.617 | INFO     | monitor:start:67 - Sleep 60 Seconds
2026-08-01 04:53:53.619 | INFO     | auth.login:ensure_login:354 - Checking Login...
2026-08-01 04:53:53.622 | SUCCESS  | auth.login:load_saved_token:192 - Saved Token Loaded
2026-08-01 04:53:53.622 | SUCCESS  | auth.login:ensure_login:362 - Using Saved Token
2026-08-01 04:53:53.623 | INFO     | monitor:scan:111 - Scanning Website...
2026-08-01 04:53:53.625 | INFO     | monitor:scan:125 - Loading Page 1
2026-08-01 04:53:53.626 | INFO     | api:get_files:60 - Loading Page 1
2026-08-01 04:53:55.174 | INFO     | api:get_file:84 - Loading File 126d518f-764b-2019-40a6-645aba60ba46
2026-08-01 04:53:55.404 | INFO     | monitor:scan:273 - Reached Old Files
2026-08-01 04:53:55.405 | INFO     | monitor:scan:303 - No New Serial
2026-08-01 04:53:55.406 | INFO     | monitor:scan:325 - Nothing Changed
2026-08-01 04:53:55.406 | SUCCESS  | monitor:scan:331 - Scan Finished
2026-08-01 04:53:55.407 | INFO     | monitor:start:67 - Sleep 60 Seconds
2026-08-01 04:54:55.408 | INFO     | auth.login:ensure_login:354 - Checking Login...
2026-08-01 04:54:55.411 | SUCCESS  | auth.login:load_saved_token:192 - Saved Token Loaded
2026-08-01 04:54:55.412 | SUCCESS  | auth.login:ensure_login:362 - Using Saved Token
2026-08-01 04:54:55.413 | INFO     | monitor:scan:111 - Scanning Website...
2026-08-01 04:54:55.414 | INFO     | monitor:scan:125 - Loading Page 1
2026-08-01 04:54:55.414 | INFO     | api:get_files:60 - Loading Page 1
2026-08-01 04:54:57.156 | INFO     | api:get_file:84 - Loading File 126d518f-764b-2019-40a6-645aba60ba46
2026-08-01 04:54:57.383 | INFO     | monitor:scan:273 - Reached Old Files
2026-08-01 04:54:57.384 | INFO     | monitor:scan:303 - No New Serial
2026-08-01 04:54:57.384 | INFO     | monitor:scan:325 - Nothing Changed
2026-08-01 04:54:57.385 | SUCCESS  | monitor:scan:331 - Scan Finished
2026-08-01 04:54:57.386 | INFO     | monitor:start:67 - Sleep 60 Seconds
2026-08-01 04:55:57.387 | INFO     | auth.login:ensure_login:354 - Checking Login...
2026-08-01 04:55:57.389 | SUCCESS  | auth.login:load_saved_token:192 - Saved Token Loaded
2026-08-01 04:55:57.390 | SUCCESS  | auth.login:ensure_login:362 - Using Saved Token
2026-08-01 04:55:57.390 | INFO     | monitor:scan:111 - Scanning Website...
2026-08-01 04:55:57.391 | INFO     | monitor:scan:125 - Loading Page 1
2026-08-01 04:55:57.391 | INFO     | api:get_files:60 - Loading Page 1
2026-08-01 04:55:58.920 | INFO     | api:get_file:84 - Loading File 126d518f-764b-2019-40a6-645aba60ba46
2026-08-01 04:55:59.146 | INFO     | monitor:scan:273 - Reached Old Files
2026-08-01 04:55:59.146 | INFO     | monitor:scan:303 - No New Serial
2026-08-01 04:55:59.146 | INFO     | monitor:scan:325 - Nothing Changed
2026-08-01 04:55:59.146 | SUCCESS  | monitor:scan:331 - Scan Finished
2026-08-01 04:55:59.147 | INFO     | monitor:start:67 - Sleep 60 Seconds
2026-08-01 04:56:59.148 | INFO     | auth.login:ensure_login:354 - Checking Login...
2026-08-01 04:56:59.148 | SUCCESS  | auth.login:load_saved_token:192 - Saved Token Loaded
2026-08-01 04:56:59.148 | SUCCESS  | auth.login:ensure_login:362 - Using Saved Token
2026-08-01 04:56:59.149 | INFO     | monitor:scan:111 - Scanning Website...
2026-08-01 04:56:59.149 | INFO     | monitor:scan:125 - Loading Page 1
2026-08-01 04:56:59.149 | INFO     | api:get_files:60 - Loading Page 1
2026-08-01 04:56:59.601 | WARNING  | auth.login:get:411 - Access Token Expired
2026-08-01 04:56:59.602 | INFO     | auth.login:login:262 - Logging in...
2026-08-01 04:57:00.071 | SUCCESS  | auth.login:save_token:242 - Token Saved
2026-08-01 04:57:00.071 | SUCCESS  | auth.login:login:340 - Login Successful
2026-08-01 04:57:01.333 | INFO     | api:get_file:84 - Loading File 126d518f-764b-2019-40a6-645aba60ba46
2026-08-01 04:57:01.566 | INFO     | monitor:scan:273 - Reached Old Files
2026-08-01 04:57:01.567 | INFO     | monitor:scan:303 - No New Serial
2026-08-01 04:57:01.568 | INFO     | monitor:scan:325 - Nothing Changed
2026-08-01 04:57:01.568 | SUCCESS  | monitor:scan:331 - Scan Finished
2026-08-01 04:57:01.569 | INFO     | monitor:start:67 - Sleep 60 Seconds
2026-08-01 04:58:01.572 | INFO     | auth.login:ensure_login:354 - Checking Login...
2026-08-01 04:58:01.601 | SUCCESS  | auth.login:load_saved_token:192 - Saved Token Loaded
2026-08-01 04:58:01.602 | SUCCESS  | auth.login:ensure_login:362 - Using Saved Token
2026-08-01 04:58:01.602 | INFO     | monitor:scan:111 - Scanning Website...
2026-08-01 04:58:01.603 | INFO     | monitor:scan:125 - Loading Page 1
2026-08-01 04:58:01.603 | INFO     | api:get_files:60 - Loading Page 1
2026-08-01 04:58:04.617 | INFO     | api:get_file:84 - Loading File 126d518f-764b-2019-40a6-645aba60ba46
2026-08-01 04:58:04.835 | INFO     | monitor:scan:273 - Reached Old Files
2026-08-01 04:58:04.835 | INFO     | monitor:scan:303 - No New Serial
2026-08-01 04:58:04.836 | INFO     | monitor:scan:325 - Nothing Changed
2026-08-01 04:58:04.836 | SUCCESS  | monitor:scan:331 - Scan Finished
2026-08-01 04:58:04.836 | INFO     | monitor:start:67 - Sleep 60 Seconds
2026-08-01 04:59:04.838 | INFO     | auth.login:ensure_login:354 - Checking Login...
2026-08-01 04:59:04.841 | SUCCESS  | auth.login:load_saved_token:192 - Saved Token Loaded
2026-08-01 04:59:04.842 | SUCCESS  | auth.login:ensure_login:362 - Using Saved Token
2026-08-01 04:59:04.843 | INFO     | monitor:scan:111 - Scanning Website...
2026-08-01 04:59:04.847 | INFO     | monitor:scan:125 - Loading Page 1
2026-08-01 04:59:04.849 | INFO     | api:get_files:60 - Loading Page 1
2026-08-01 04:59:06.370 | INFO     | api:get_file:84 - Loading File 126d518f-764b-2019-40a6-645aba60ba46
2026-08-01 04:59:06.598 | INFO     | monitor:scan:273 - Reached Old Files
2026-08-01 04:59:06.598 | INFO     | monitor:scan:303 - No New Serial
2026-08-01 04:59:06.599 | INFO     | monitor:scan:325 - Nothing Changed
2026-08-01 04:59:06.599 | SUCCESS  | monitor:scan:331 - Scan Finished
2026-08-01 04:59:06.600 | INFO     | monitor:start:67 - Sleep 60 Seconds
2026-08-01 05:00:06.601 | INFO     | auth.login:ensure_login:354 - Checking Login...
2026-08-01 05:00:06.604 | SUCCESS  | auth.login:load_saved_token:192 - Saved Token Loaded
2026-08-01 05:00:06.605 | SUCCESS  | auth.login:ensure_login:362 - Using Saved Token
2026-08-01 05:00:06.606 | INFO     | monitor:scan:111 - Scanning Website...
2026-08-01 05:00:06.608 | INFO     | monitor:scan:125 - Loading Page 1
2026-08-01 05:00:06.609 | INFO     | api:get_files:60 - Loading Page 1
2026-08-01 05:00:08.161 | INFO     | api:get_file:84 - Loading File 126d518f-764b-2019-40a6-645aba60ba46
2026-08-01 05:00:08.389 | INFO     | monitor:scan:273 - Reached Old Files
2026-08-01 05:00:08.391 | INFO     | monitor:scan:303 - No New Serial
2026-08-01 05:00:08.391 | INFO     | monitor:scan:325 - Nothing Changed
2026-08-01 05:00:08.392 | SUCCESS  | monitor:scan:331 - Scan Finished
2026-08-01 05:00:08.392 | INFO     | monitor:start:67 - Sleep 60 Seconds
2026-08-01 05:01:08.393 | INFO     | auth.login:ensure_login:354 - Checking Login...
2026-08-01 05:01:08.396 | SUCCESS  | auth.login:load_saved_token:192 - Saved Token Loaded
2026-08-01 05:01:08.397 | SUCCESS  | auth.login:ensure_login:362 - Using Saved Token
2026-08-01 05:01:08.399 | INFO     | monitor:scan:111 - Scanning Website...
2026-08-01 05:01:08.401 | INFO     | monitor:scan:125 - Loading Page 1
2026-08-01 05:01:08.402 | INFO     | api:get_files:60 - Loading Page 1
2026-08-01 05:01:11.390 | INFO     | api:get_file:84 - Loading File 126d518f-764b-2019-40a6-645aba60ba46
2026-08-01 05:01:11.611 | INFO     | monitor:scan:273 - Reached Old Files
2026-08-01 05:01:11.612 | INFO     | monitor:scan:303 - No New Serial
2026-08-01 05:01:11.612 | INFO     | monitor:scan:325 - Nothing Changed
2026-08-01 05:01:11.612 | SUCCESS  | monitor:scan:331 - Scan Finished
2026-08-01 05:01:11.613 | INFO     | monitor:start:67 - Sleep 60 Seconds
2026-08-01 05:02:11.614 | INFO     | auth.login:ensure_login:354 - Checking Login...
2026-08-01 05:02:11.615 | SUCCESS  | auth.login:load_saved_token:192 - Saved Token Loaded
2026-08-01 05:02:11.615 | SUCCESS  | auth.login:ensure_login:362 - Using Saved Token
2026-08-01 05:02:11.615 | INFO     | monitor:scan:111 - Scanning Website...
2026-08-01 05:02:11.616 | INFO     | monitor:scan:125 - Loading Page 1
2026-08-01 05:02:11.616 | INFO     | api:get_files:60 - Loading Page 1
2026-08-01 05:02:13.215 | INFO     | api:get_file:84 - Loading File 126d518f-764b-2019-40a6-645aba60ba46
2026-08-01 05:02:13.439 | INFO     | monitor:scan:273 - Reached Old Files
2026-08-01 05:02:13.439 | INFO     | monitor:scan:303 - No New Serial
2026-08-01 05:02:13.440 | INFO     | monitor:scan:325 - Nothing Changed
2026-08-01 05:02:13.440 | SUCCESS  | monitor:scan:331 - Scan Finished
2026-08-01 05:02:13.440 | INFO     | monitor:start:67 - Sleep 60 Seconds
2026-08-01 05:03:13.441 | INFO     | auth.login:ensure_login:354 - Checking Login...
2026-08-01 05:03:13.443 | SUCCESS  | auth.login:load_saved_token:192 - Saved Token Loaded
2026-08-01 05:03:13.443 | SUCCESS  | auth.login:ensure_login:362 - Using Saved Token
2026-08-01 05:03:13.443 | INFO     | monitor:scan:111 - Scanning Website...
2026-08-01 05:03:13.445 | INFO     | monitor:scan:125 - Loading Page 1
2026-08-01 05:03:13.445 | INFO     | api:get_files:60 - Loading Page 1
2026-08-01 05:03:14.982 | INFO     | api:get_file:84 - Loading File 126d518f-764b-2019-40a6-645aba60ba46
2026-08-01 05:03:15.212 | INFO     | monitor:scan:273 - Reached Old Files
2026-08-01 05:03:15.214 | INFO     | monitor:scan:303 - No New Serial
2026-08-01 05:03:15.215 | INFO     | monitor:scan:325 - Nothing Changed
2026-08-01 05:03:15.216 | SUCCESS  | monitor:scan:331 - Scan Finished
2026-08-01 05:03:15.216 | INFO     | monitor:start:67 - Sleep 60 Seconds
2026-08-01 05:04:15.217 | INFO     | auth.login:ensure_login:354 - Checking Login...
2026-08-01 05:04:15.219 | SUCCESS  | auth.login:load_saved_token:192 - Saved Token Loaded
2026-08-01 05:04:15.220 | SUCCESS  | auth.login:ensure_login:362 - Using Saved Token
2026-08-01 05:04:15.221 | INFO     | monitor:scan:111 - Scanning Website...
2026-08-01 05:04:15.223 | INFO     | monitor:scan:125 - Loading Page 1
2026-08-01 05:04:15.223 | INFO     | api:get_files:60 - Loading Page 1
2026-08-01 05:04:16.785 | INFO     | api:get_file:84 - Loading File 126d518f-764b-2019-40a6-645aba60ba46
2026-08-01 05:04:17.013 | INFO     | monitor:scan:273 - Reached Old Files
2026-08-01 05:04:17.013 | INFO     | monitor:scan:303 - No New Serial
2026-08-01 05:04:17.013 | INFO     | monitor:scan:325 - Nothing Changed
2026-08-01 05:04:17.013 | SUCCESS  | monitor:scan:331 - Scan Finished
2026-08-01 05:04:17.014 | INFO     | monitor:start:67 - Sleep 60 Seconds
2026-08-01 05:05:17.014 | INFO     | auth.login:ensure_login:354 - Checking Login...
2026-08-01 05:05:17.017 | SUCCESS  | auth.login:load_saved_token:192 - Saved Token Loaded
2026-08-01 05:05:17.018 | SUCCESS  | auth.login:ensure_login:362 - Using Saved Token
2026-08-01 05:05:17.018 | INFO     | monitor:scan:111 - Scanning Website...
2026-08-01 05:05:17.020 | INFO     | monitor:scan:125 - Loading Page 1
2026-08-01 05:05:17.020 | INFO     | api:get_files:60 - Loading Page 1
2026-08-01 05:05:18.556 | INFO     | api:get_file:84 - Loading File 126d518f-764b-2019-40a6-645aba60ba46
2026-08-01 05:05:18.783 | INFO     | monitor:scan:273 - Reached Old Files
2026-08-01 05:05:18.784 | INFO     | monitor:scan:303 - No New Serial
2026-08-01 05:05:18.784 | INFO     | monitor:scan:325 - Nothing Changed
2026-08-01 05:05:18.785 | SUCCESS  | monitor:scan:331 - Scan Finished
2026-08-01 05:05:18.785 | INFO     | monitor:start:67 - Sleep 60 Seconds
2026-08-01 05:06:18.786 | INFO     | auth.login:ensure_login:354 - Checking Login...
2026-08-01 05:06:18.788 | SUCCESS  | auth.login:load_saved_token:192 - Saved Token Loaded
2026-08-01 05:06:18.789 | SUCCESS  | auth.login:ensure_login:362 - Using Saved Token
2026-08-01 05:06:18.789 | INFO     | monitor:scan:111 - Scanning Website...
2026-08-01 05:06:18.791 | INFO     | monitor:scan:125 - Loading Page 1
2026-08-01 05:06:18.791 | INFO     | api:get_files:60 - Loading Page 1
2026-08-01 05:06:20.314 | INFO     | api:get_file:84 - Loading File 126d518f-764b-2019-40a6-645aba60ba46
2026-08-01 05:06:20.541 | INFO     | monitor:scan:273 - Reached Old Files
2026-08-01 05:06:20.541 | INFO     | monitor:scan:303 - No New Serial
2026-08-01 05:06:20.541 | INFO     | monitor:scan:325 - Nothing Changed
2026-08-01 05:06:20.542 | SUCCESS  | monitor:scan:331 - Scan Finished
2026-08-01 05:06:20.542 | INFO     | monitor:start:67 - Sleep 60 Seconds
2026-08-01 05:07:20.543 | INFO     | auth.login:ensure_login:354 - Checking Login...
2026-08-01 05:07:20.549 | SUCCESS  | auth.login:load_saved_token:192 - Saved Token Loaded
2026-08-01 05:07:20.550 | SUCCESS  | auth.login:ensure_login:362 - Using Saved Token
2026-08-01 05:07:20.550 | INFO     | monitor:scan:111 - Scanning Website...
2026-08-01 05:07:20.553 | INFO     | monitor:scan:125 - Loading Page 1
2026-08-01 05:07:20.554 | INFO     | api:get_files:60 - Loading Page 1
2026-08-01 05:07:20.972 | WARNING  | auth.login:get:411 - Access Token Expired
2026-08-01 05:07:20.972 | INFO     | auth.login:login:262 - Logging in...
2026-08-01 05:07:21.432 | SUCCESS  | auth.login:save_token:242 - Token Saved
2026-08-01 05:07:21.433 | SUCCESS  | auth.login:login:340 - Login Successful
2026-08-01 05:07:22.784 | INFO     | api:get_file:84 - Loading File 126d518f-764b-2019-40a6-645aba60ba46
2026-08-01 05:07:23.011 | INFO     | monitor:scan:273 - Reached Old Files
2026-08-01 05:07:23.013 | INFO     | monitor:scan:303 - No New Serial
2026-08-01 05:07:23.014 | INFO     | monitor:scan:325 - Nothing Changed
2026-08-01 05:07:23.014 | SUCCESS  | monitor:scan:331 - Scan Finished
2026-08-01 05:07:23.015 | INFO     | monitor:start:67 - Sleep 60 Seconds
2026-08-01 05:08:23.016 | INFO     | auth.login:ensure_login:354 - Checking Login...
2026-08-01 05:08:23.034 | SUCCESS  | auth.login:load_saved_token:192 - Saved Token Loaded
2026-08-01 05:08:23.034 | SUCCESS  | auth.login:ensure_login:362 - Using Saved Token
2026-08-01 05:08:23.035 | INFO     | monitor:scan:111 - Scanning Website...
2026-08-01 05:08:23.036 | INFO     | monitor:scan:125 - Loading Page 1
2026-08-01 05:08:23.037 | INFO     | api:get_files:60 - Loading Page 1
2026-08-01 05:08:24.514 | INFO     | api:get_file:84 - Loading File 126d518f-764b-2019-40a6-645aba60ba46
2026-08-01 05:08:24.732 | INFO     | monitor:scan:273 - Reached Old Files
2026-08-01 05:08:24.733 | INFO     | monitor:scan:303 - No New Serial
2026-08-01 05:08:24.733 | INFO     | monitor:scan:325 - Nothing Changed
2026-08-01 05:08:24.733 | SUCCESS  | monitor:scan:331 - Scan Finished
2026-08-01 05:08:24.734 | INFO     | monitor:start:67 - Sleep 60 Seconds
2026-08-01 05:09:24.735 | INFO     | auth.login:ensure_login:354 - Checking Login...
2026-08-01 05:09:24.741 | SUCCESS  | auth.login:load_saved_token:192 - Saved Token Loaded
2026-08-01 05:09:24.742 | SUCCESS  | auth.login:ensure_login:362 - Using Saved Token
2026-08-01 05:09:24.742 | INFO     | monitor:scan:111 - Scanning Website...
2026-08-01 05:09:24.745 | INFO     | monitor:scan:125 - Loading Page 1
2026-08-01 05:09:24.745 | INFO     | api:get_files:60 - Loading Page 1
2026-08-01 05:09:26.279 | INFO     | api:get_file:84 - Loading File 126d518f-764b-2019-40a6-645aba60ba46
2026-08-01 05:09:26.507 | INFO     | monitor:scan:273 - Reached Old Files
2026-08-01 05:09:26.508 | INFO     | monitor:scan:303 - No New Serial
2026-08-01 05:09:26.508 | INFO     | monitor:scan:325 - Nothing Changed
2026-08-01 05:09:26.508 | SUCCESS  | monitor:scan:331 - Scan Finished
2026-08-01 05:09:26.509 | INFO     | monitor:start:67 - Sleep 60 Seconds
2026-08-01 05:10:26.510 | INFO     | auth.login:ensure_login:354 - Checking Login...
2026-08-01 05:10:26.513 | SUCCESS  | auth.login:load_saved_token:192 - Saved Token Loaded
2026-08-01 05:10:26.513 | SUCCESS  | auth.login:ensure_login:362 - Using Saved Token
2026-08-01 05:10:26.514 | INFO     | monitor:scan:111 - Scanning Website...
2026-08-01 05:10:26.516 | INFO     | monitor:scan:125 - Loading Page 1
2026-08-01 05:10:26.517 | INFO     | api:get_files:60 - Loading Page 1
2026-08-01 05:10:28.041 | INFO     | api:get_file:84 - Loading File 126d518f-764b-2019-40a6-645aba60ba46
2026-08-01 05:10:28.271 | INFO     | monitor:scan:273 - Reached Old Files
2026-08-01 05:10:28.272 | INFO     | monitor:scan:303 - No New Serial
2026-08-01 05:10:28.272 | INFO     | monitor:scan:325 - Nothing Changed
2026-08-01 05:10:28.273 | SUCCESS  | monitor:scan:331 - Scan Finished
2026-08-01 05:10:28.274 | INFO     | monitor:start:67 - Sleep 60 Seconds
2026-08-01 05:11:28.276 | INFO     | auth.login:ensure_login:354 - Checking Login...
2026-08-01 05:11:28.278 | SUCCESS  | auth.login:load_saved_token:192 - Saved Token Loaded
2026-08-01 05:11:28.278 | SUCCESS  | auth.login:ensure_login:362 - Using Saved Token
2026-08-01 05:11:28.278 | INFO     | monitor:scan:111 - Scanning Website...
2026-08-01 05:11:28.280 | INFO     | monitor:scan:125 - Loading Page 1
2026-08-01 05:11:28.280 | INFO     | api:get_files:60 - Loading Page 1
2026-08-01 05:11:29.754 | INFO     | api:get_file:84 - Loading File 126d518f-764b-2019-40a6-645aba60ba46
2026-08-01 05:11:29.973 | INFO     | monitor:scan:273 - Reached Old Files
2026-08-01 05:11:29.974 | INFO     | monitor:scan:303 - No New Serial
2026-08-01 05:11:29.975 | INFO     | monitor:scan:325 - Nothing Changed
2026-08-01 05:11:29.975 | SUCCESS  | monitor:scan:331 - Scan Finished
2026-08-01 05:11:29.976 | INFO     | monitor:start:67 - Sleep 60 Seconds
2026-08-01 05:12:29.977 | INFO     | auth.login:ensure_login:354 - Checking Login...
2026-08-01 05:12:29.979 | SUCCESS  | auth.login:load_saved_token:192 - Saved Token Loaded
2026-08-01 05:12:29.980 | SUCCESS  | auth.login:ensure_login:362 - Using Saved Token
2026-08-01 05:12:29.981 | INFO     | monitor:scan:111 - Scanning Website...
2026-08-01 05:12:29.982 | INFO     | monitor:scan:125 - Loading Page 1
2026-08-01 05:12:29.983 | INFO     | api:get_files:60 - Loading Page 1
2026-08-01 05:12:33.504 | INFO     | api:get_file:84 - Loading File 126d518f-764b-2019-40a6-645aba60ba46
2026-08-01 05:12:33.892 | INFO     | monitor:scan:273 - Reached Old Files
2026-08-01 05:12:33.892 | INFO     | monitor:scan:303 - No New Serial
2026-08-01 05:12:33.893 | INFO     | monitor:scan:325 - Nothing Changed
2026-08-01 05:12:33.893 | SUCCESS  | monitor:scan:331 - Scan Finished
2026-08-01 05:12:33.893 | INFO     | monitor:start:67 - Sleep 60 Seconds
2026-08-01 05:13:33.895 | INFO     | auth.login:ensure_login:354 - Checking Login...
2026-08-01 05:13:33.898 | SUCCESS  | auth.login:load_saved_token:192 - Saved Token Loaded
2026-08-01 05:13:33.898 | SUCCESS  | auth.login:ensure_login:362 - Using Saved Token
2026-08-01 05:13:33.899 | INFO     | monitor:scan:111 - Scanning Website...
2026-08-01 05:13:33.901 | INFO     | monitor:scan:125 - Loading Page 1
2026-08-01 05:13:33.902 | INFO     | api:get_files:60 - Loading Page 1
2026-08-01 05:13:35.425 | INFO     | api:get_file:84 - Loading File 126d518f-764b-2019-40a6-645aba60ba46
2026-08-01 05:13:35.651 | INFO     | monitor:scan:273 - Reached Old Files
2026-08-01 05:13:35.652 | INFO     | monitor:scan:303 - No New Serial
2026-08-01 05:13:35.653 | INFO     | monitor:scan:325 - Nothing Changed
2026-08-01 05:13:35.653 | SUCCESS  | monitor:scan:331 - Scan Finished
2026-08-01 05:13:35.654 | INFO     | monitor:start:67 - Sleep 60 Seconds
2026-08-01 05:14:35.654 | INFO     | auth.login:ensure_login:354 - Checking Login...
2026-08-01 05:14:35.657 | SUCCESS  | auth.login:load_saved_token:192 - Saved Token Loaded
2026-08-01 05:14:35.658 | SUCCESS  | auth.login:ensure_login:362 - Using Saved Token
2026-08-01 05:14:35.659 | INFO     | monitor:scan:111 - Scanning Website...
2026-08-01 05:14:35.661 | INFO     | monitor:scan:125 - Loading Page 1
2026-08-01 05:14:35.661 | INFO     | api:get_files:60 - Loading Page 1
2026-08-01 05:14:38.870 | INFO     | api:get_file:84 - Loading File 126d518f-764b-2019-40a6-645aba60ba46
2026-08-01 05:14:39.085 | INFO     | monitor:scan:273 - Reached Old Files
2026-08-01 05:14:39.086 | INFO     | monitor:scan:303 - No New Serial
2026-08-01 05:14:39.086 | INFO     | monitor:scan:325 - Nothing Changed
2026-08-01 05:14:39.086 | SUCCESS  | monitor:scan:331 - Scan Finished
2026-08-01 05:14:39.087 | INFO     | monitor:start:67 - Sleep 60 Seconds
2026-08-01 05:15:39.087 | INFO     | auth.login:ensure_login:354 - Checking Login...
2026-08-01 05:15:39.089 | SUCCESS  | auth.login:load_saved_token:192 - Saved Token Loaded
2026-08-01 05:15:39.089 | SUCCESS  | auth.login:ensure_login:362 - Using Saved Token
2026-08-01 05:15:39.089 | INFO     | monitor:scan:111 - Scanning Website...
2026-08-01 05:15:39.089 | INFO     | monitor:scan:125 - Loading Page 1
2026-08-01 05:15:39.090 | INFO     | api:get_files:60 - Loading Page 1
2026-08-01 05:15:40.653 | INFO     | api:get_file:84 - Loading File 126d518f-764b-2019-40a6-645aba60ba46
2026-08-01 05:15:40.880 | INFO     | monitor:scan:273 - Reached Old Files
2026-08-01 05:15:40.880 | INFO     | monitor:scan:303 - No New Serial
2026-08-01 05:15:40.880 | INFO     | monitor:scan:325 - Nothing Changed
2026-08-01 05:15:40.880 | SUCCESS  | monitor:scan:331 - Scan Finished
2026-08-01 05:15:40.881 | INFO     | monitor:start:67 - Sleep 60 Seconds
2026-08-01 05:16:40.881 | INFO     | auth.login:ensure_login:354 - Checking Login...
2026-08-01 05:16:40.884 | SUCCESS  | auth.login:load_saved_token:192 - Saved Token Loaded
2026-08-01 05:16:40.885 | SUCCESS  | auth.login:ensure_login:362 - Using Saved Token
2026-08-01 05:16:40.886 | INFO     | monitor:scan:111 - Scanning Website...
2026-08-01 05:16:40.888 | INFO     | monitor:scan:125 - Loading Page 1
2026-08-01 05:16:40.888 | INFO     | api:get_files:60 - Loading Page 1
2026-08-01 05:16:42.295 | INFO     | api:get_file:84 - Loading File 126d518f-764b-2019-40a6-645aba60ba46
2026-08-01 05:16:42.514 | INFO     | monitor:scan:273 - Reached Old Files
2026-08-01 05:16:42.515 | INFO     | monitor:scan:303 - No New Serial
2026-08-01 05:16:42.515 | INFO     | monitor:scan:325 - Nothing Changed
2026-08-01 05:16:42.516 | SUCCESS  | monitor:scan:331 - Scan Finished
2026-08-01 05:16:42.518 | INFO     | monitor:start:67 - Sleep 60 Seconds
2026-08-01 05:17:42.520 | INFO     | auth.login:ensure_login:354 - Checking Login...
2026-08-01 05:17:42.522 | SUCCESS  | auth.login:load_saved_token:192 - Saved Token Loaded
2026-08-01 05:17:42.522 | SUCCESS  | auth.login:ensure_login:362 - Using Saved Token
2026-08-01 05:17:42.523 | INFO     | monitor:scan:111 - Scanning Website...
2026-08-01 05:17:42.524 | INFO     | monitor:scan:125 - Loading Page 1
2026-08-01 05:17:42.525 | INFO     | api:get_files:60 - Loading Page 1
2026-08-01 05:17:42.944 | WARNING  | auth.login:get:411 - Access Token Expired
2026-08-01 05:17:42.945 | INFO     | auth.login:login:262 - Logging in...
2026-08-01 05:17:43.419 | SUCCESS  | auth.login:save_token:242 - Token Saved
2026-08-01 05:17:43.419 | SUCCESS  | auth.login:login:340 - Login Successful
2026-08-01 05:17:46.201 | INFO     | api:get_file:84 - Loading File 126d518f-764b-2019-40a6-645aba60ba46
2026-08-01 05:17:46.429 | INFO     | monitor:scan:273 - Reached Old Files
2026-08-01 05:17:46.430 | INFO     | monitor:scan:303 - No New Serial
2026-08-01 05:17:46.432 | INFO     | monitor:scan:325 - Nothing Changed
2026-08-01 05:17:46.434 | SUCCESS  | monitor:scan:331 - Scan Finished
2026-08-01 05:17:46.435 | INFO     | monitor:start:67 - Sleep 60 Seconds
2026-08-01 05:18:46.436 | INFO     | auth.login:ensure_login:354 - Checking Login...
2026-08-01 05:18:46.443 | SUCCESS  | auth.login:load_saved_token:192 - Saved Token Loaded
2026-08-01 05:18:46.443 | SUCCESS  | auth.login:ensure_login:362 - Using Saved Token
2026-08-01 05:18:46.443 | INFO     | monitor:scan:111 - Scanning Website...
2026-08-01 05:18:46.443 | INFO     | monitor:scan:125 - Loading Page 1
2026-08-01 05:18:46.444 | INFO     | api:get_files:60 - Loading Page 1
2026-08-01 05:18:49.531 | INFO     | api:get_file:84 - Loading File 126d518f-764b-2019-40a6-645aba60ba46
2026-08-01 05:18:49.942 | INFO     | monitor:scan:273 - Reached Old Files
2026-08-01 05:18:49.943 | INFO     | monitor:scan:303 - No New Serial
2026-08-01 05:18:49.943 | INFO     | monitor:scan:325 - Nothing Changed
2026-08-01 05:18:49.944 | SUCCESS  | monitor:scan:331 - Scan Finished
2026-08-01 05:18:49.945 | INFO     | monitor:start:67 - Sleep 60 Seconds
2026-08-01 05:19:49.946 | INFO     | auth.login:ensure_login:354 - Checking Login...
2026-08-01 05:19:49.949 | SUCCESS  | auth.login:load_saved_token:192 - Saved Token Loaded
2026-08-01 05:19:49.949 | SUCCESS  | auth.login:ensure_login:362 - Using Saved Token
2026-08-01 05:19:49.950 | INFO     | monitor:scan:111 - Scanning Website...
2026-08-01 05:19:49.951 | INFO     | monitor:scan:125 - Loading Page 1
2026-08-01 05:19:49.952 | INFO     | api:get_files:60 - Loading Page 1
2026-08-01 05:19:51.447 | INFO     | api:get_file:84 - Loading File 126d518f-764b-2019-40a6-645aba60ba46
2026-08-01 05:19:51.673 | INFO     | monitor:scan:273 - Reached Old Files
2026-08-01 05:19:51.674 | INFO     | monitor:scan:303 - No New Serial
2026-08-01 05:19:51.674 | INFO     | monitor:scan:325 - Nothing Changed
2026-08-01 05:19:51.674 | SUCCESS  | monitor:scan:331 - Scan Finished
2026-08-01 05:19:51.675 | INFO     | monitor:start:67 - Sleep 60 Seconds
2026-08-01 05:20:51.676 | INFO     | auth.login:ensure_login:354 - Checking Login...
2026-08-01 05:20:51.679 | SUCCESS  | auth.login:load_saved_token:192 - Saved Token Loaded
2026-08-01 05:20:51.681 | SUCCESS  | auth.login:ensure_login:362 - Using Saved Token
2026-08-01 05:20:51.682 | INFO     | monitor:scan:111 - Scanning Website...
2026-08-01 05:20:51.684 | INFO     | monitor:scan:125 - Loading Page 1
2026-08-01 05:20:51.685 | INFO     | api:get_files:60 - Loading Page 1
2026-08-01 05:20:53.207 | INFO     | api:get_file:84 - Loading File 126d518f-764b-2019-40a6-645aba60ba46
2026-08-01 05:20:53.428 | INFO     | monitor:scan:273 - Reached Old Files
2026-08-01 05:20:53.428 | INFO     | monitor:scan:303 - No New Serial
2026-08-01 05:20:53.429 | INFO     | monitor:scan:325 - Nothing Changed
2026-08-01 05:20:53.429 | SUCCESS  | monitor:scan:331 - Scan Finished
2026-08-01 05:20:53.430 | INFO     | monitor:start:67 - Sleep 60 Seconds
2026-08-01 05:21:53.430 | INFO     | auth.login:ensure_login:354 - Checking Login...
2026-08-01 05:21:53.433 | SUCCESS  | auth.login:load_saved_token:192 - Saved Token Loaded
2026-08-01 05:21:53.434 | SUCCESS  | auth.login:ensure_login:362 - Using Saved Token
2026-08-01 05:21:53.434 | INFO     | monitor:scan:111 - Scanning Website...
2026-08-01 05:21:53.436 | INFO     | monitor:scan:125 - Loading Page 1
2026-08-01 05:21:53.436 | INFO     | api:get_files:60 - Loading Page 1
2026-08-01 05:21:54.945 | INFO     | api:get_file:84 - Loading File 126d518f-764b-2019-40a6-645aba60ba46
2026-08-01 05:21:55.174 | INFO     | monitor:scan:273 - Reached Old Files
2026-08-01 05:21:55.175 | INFO     | monitor:scan:303 - No New Serial
2026-08-01 05:21:55.176 | INFO     | monitor:scan:325 - Nothing Changed
2026-08-01 05:21:55.176 | SUCCESS  | monitor:scan:331 - Scan Finished
2026-08-01 05:21:55.177 | INFO     | monitor:start:67 - Sleep 60 Seconds
2026-08-01 05:22:55.178 | INFO     | auth.login:ensure_login:354 - Checking Login...
2026-08-01 05:22:55.180 | SUCCESS  | auth.login:load_saved_token:192 - Saved Token Loaded
2026-08-01 05:22:55.180 | SUCCESS  | auth.login:ensure_login:362 - Using Saved Token
2026-08-01 05:22:55.181 | INFO     | monitor:scan:111 - Scanning Website...
2026-08-01 05:22:55.182 | INFO     | monitor:scan:125 - Loading Page 1
2026-08-01 05:22:55.182 | INFO     | api:get_files:60 - Loading Page 1
2026-08-01 05:22:58.194 | INFO     | api:get_file:84 - Loading File 126d518f-764b-2019-40a6-645aba60ba46
2026-08-01 05:22:58.420 | INFO     | monitor:scan:273 - Reached Old Files
2026-08-01 05:22:58.420 | INFO     | monitor:scan:303 - No New Serial
2026-08-01 05:22:58.421 | INFO     | monitor:scan:325 - Nothing Changed
2026-08-01 05:22:58.422 | SUCCESS  | monitor:scan:331 - Scan Finished
2026-08-01 05:22:58.423 | INFO     | monitor:start:67 - Sleep 60 Seconds
2026-08-01 05:23:58.424 | INFO     | auth.login:ensure_login:354 - Checking Login...
2026-08-01 05:23:58.428 | SUCCESS  | auth.login:load_saved_token:192 - Saved Token Loaded
2026-08-01 05:23:58.429 | SUCCESS  | auth.login:ensure_login:362 - Using Saved Token
2026-08-01 05:23:58.429 | INFO     | monitor:scan:111 - Scanning Website...
2026-08-01 05:23:58.431 | INFO     | monitor:scan:125 - Loading Page 1
2026-08-01 05:23:58.432 | INFO     | api:get_files:60 - Loading Page 1
2026-08-01 05:23:59.959 | INFO     | api:get_file:84 - Loading File 126d518f-764b-2019-40a6-645aba60ba46
2026-08-01 05:24:00.190 | INFO     | monitor:scan:273 - Reached Old Files
2026-08-01 05:24:00.191 | INFO     | monitor:scan:303 - No New Serial
2026-08-01 05:24:00.192 | INFO     | monitor:scan:325 - Nothing Changed
2026-08-01 05:24:00.192 | SUCCESS  | monitor:scan:331 - Scan Finished
2026-08-01 05:24:00.193 | INFO     | monitor:start:67 - Sleep 60 Seconds
2026-08-01 05:25:00.194 | INFO     | auth.login:ensure_login:354 - Checking Login...
2026-08-01 05:25:00.197 | SUCCESS  | auth.login:load_saved_token:192 - Saved Token Loaded
2026-08-01 05:25:00.198 | SUCCESS  | auth.login:ensure_login:362 - Using Saved Token
2026-08-01 05:25:00.199 | INFO     | monitor:scan:111 - Scanning Website...
2026-08-01 05:25:00.203 | INFO     | monitor:scan:125 - Loading Page 1
2026-08-01 05:25:00.205 | INFO     | api:get_files:60 - Loading Page 1
2026-08-01 05:25:01.700 | INFO     | api:get_file:84 - Loading File 126d518f-764b-2019-40a6-645aba60ba46
2026-08-01 05:25:01.927 | INFO     | monitor:scan:273 - Reached Old Files
2026-08-01 05:25:01.927 | INFO     | monitor:scan:303 - No New Serial
2026-08-01 05:25:01.928 | INFO     | monitor:scan:325 - Nothing Changed
2026-08-01 05:25:01.928 | SUCCESS  | monitor:scan:331 - Scan Finished
2026-08-01 05:25:01.928 | INFO     | monitor:start:67 - Sleep 60 Seconds
2026-08-01 05:26:01.928 | INFO     | auth.login:ensure_login:354 - Checking Login...
2026-08-01 05:26:01.930 | SUCCESS  | auth.login:load_saved_token:192 - Saved Token Loaded
2026-08-01 05:26:01.931 | SUCCESS  | auth.login:ensure_login:362 - Using Saved Token
2026-08-01 05:26:01.931 | INFO     | monitor:scan:111 - Scanning Website...
2026-08-01 05:26:01.932 | INFO     | monitor:scan:125 - Loading Page 1
2026-08-01 05:26:01.933 | INFO     | api:get_files:60 - Loading Page 1
2026-08-01 05:26:03.454 | INFO     | api:get_file:84 - Loading File 126d518f-764b-2019-40a6-645aba60ba46
2026-08-01 05:26:03.683 | INFO     | monitor:scan:273 - Reached Old Files
2026-08-01 05:26:03.685 | INFO     | monitor:scan:303 - No New Serial
2026-08-01 05:26:03.686 | INFO     | monitor:scan:325 - Nothing Changed
2026-08-01 05:26:03.687 | SUCCESS  | monitor:scan:331 - Scan Finished
2026-08-01 05:26:03.687 | INFO     | monitor:start:67 - Sleep 60 Seconds
2026-08-01 05:27:03.689 | INFO     | auth.login:ensure_login:354 - Checking Login...
2026-08-01 05:27:03.692 | SUCCESS  | auth.login:load_saved_token:192 - Saved Token Loaded
2026-08-01 05:27:03.694 | SUCCESS  | auth.login:ensure_login:362 - Using Saved Token
2026-08-01 05:27:03.696 | INFO     | monitor:scan:111 - Scanning Website...
2026-08-01 05:27:03.698 | INFO     | monitor:scan:125 - Loading Page 1
2026-08-01 05:27:03.699 | INFO     | api:get_files:60 - Loading Page 1
2026-08-01 05:27:05.214 | INFO     | api:get_file:84 - Loading File 126d518f-764b-2019-40a6-645aba60ba46
2026-08-01 05:27:05.444 | INFO     | monitor:scan:273 - Reached Old Files
2026-08-01 05:27:05.446 | INFO     | monitor:scan:303 - No New Serial
2026-08-01 05:27:05.448 | INFO     | monitor:scan:325 - Nothing Changed
2026-08-01 05:27:05.449 | SUCCESS  | monitor:scan:331 - Scan Finished
2026-08-01 05:27:05.451 | INFO     | monitor:start:67 - Sleep 60 Seconds
2026-08-01 05:28:05.452 | INFO     | auth.login:ensure_login:354 - Checking Login...
2026-08-01 05:28:05.455 | SUCCESS  | auth.login:load_saved_token:192 - Saved Token Loaded
2026-08-01 05:28:05.455 | SUCCESS  | auth.login:ensure_login:362 - Using Saved Token
2026-08-01 05:28:05.456 | INFO     | monitor:scan:111 - Scanning Website...
2026-08-01 05:28:05.457 | INFO     | monitor:scan:125 - Loading Page 1
2026-08-01 05:28:05.458 | INFO     | api:get_files:60 - Loading Page 1
2026-08-01 05:28:05.875 | WARNING  | auth.login:get:411 - Access Token Expired
2026-08-01 05:28:05.875 | INFO     | auth.login:login:262 - Logging in...
2026-08-01 05:28:06.322 | SUCCESS  | auth.login:save_token:242 - Token Saved
2026-08-01 05:28:06.322 | SUCCESS  | auth.login:login:340 - Login Successful
2026-08-01 05:28:08.707 | INFO     | api:get_file:84 - Loading File 126d518f-764b-2019-40a6-645aba60ba46
2026-08-01 05:28:08.933 | INFO     | monitor:scan:273 - Reached Old Files
2026-08-01 05:28:08.933 | INFO     | monitor:scan:303 - No New Serial
2026-08-01 05:28:08.933 | INFO     | monitor:scan:325 - Nothing Changed
2026-08-01 05:28:08.933 | SUCCESS  | monitor:scan:331 - Scan Finished
2026-08-01 05:28:08.934 | INFO     | monitor:start:67 - Sleep 60 Seconds
2026-08-01 05:29:08.934 | INFO     | auth.login:ensure_login:354 - Checking Login...
2026-08-01 05:29:08.955 | SUCCESS  | auth.login:load_saved_token:192 - Saved Token Loaded
2026-08-01 05:29:08.955 | SUCCESS  | auth.login:ensure_login:362 - Using Saved Token
2026-08-01 05:29:08.955 | INFO     | monitor:scan:111 - Scanning Website...
2026-08-01 05:29:08.956 | INFO     | monitor:scan:125 - Loading Page 1
2026-08-01 05:29:08.957 | INFO     | api:get_files:60 - Loading Page 1
2026-08-01 05:29:10.495 | INFO     | api:get_file:84 - Loading File 126d518f-764b-2019-40a6-645aba60ba46
2026-08-01 05:29:10.724 | INFO     | monitor:scan:273 - Reached Old Files
2026-08-01 05:29:10.725 | INFO     | monitor:scan:303 - No New Serial
2026-08-01 05:29:10.725 | INFO     | monitor:scan:325 - Nothing Changed
2026-08-01 05:29:10.726 | SUCCESS  | monitor:scan:331 - Scan Finished
2026-08-01 05:29:10.726 | INFO     | monitor:start:67 - Sleep 60 Seconds
2026-08-01 05:30:10.728 | INFO     | auth.login:ensure_login:354 - Checking Login...
2026-08-01 05:30:10.729 | SUCCESS  | auth.login:load_saved_token:192 - Saved Token Loaded
2026-08-01 05:30:10.730 | SUCCESS  | auth.login:ensure_login:362 - Using Saved Token
2026-08-01 05:30:10.731 | INFO     | monitor:scan:111 - Scanning Website...
2026-08-01 05:30:10.732 | INFO     | monitor:scan:125 - Loading Page 1
2026-08-01 05:30:10.733 | INFO     | api:get_files:60 - Loading Page 1
2026-08-01 05:30:13.118 | INFO     | api:get_file:84 - Loading File 126d518f-764b-2019-40a6-645aba60ba46
2026-08-01 05:30:13.344 | INFO     | monitor:scan:273 - Reached Old Files
2026-08-01 05:30:13.345 | INFO     | monitor:scan:303 - No New Serial
2026-08-01 05:30:13.345 | INFO     | monitor:scan:325 - Nothing Changed
2026-08-01 05:30:13.345 | SUCCESS  | monitor:scan:331 - Scan Finished
2026-08-01 05:30:13.345 | INFO     | monitor:start:67 - Sleep 60 Seconds
2026-08-01 05:31:13.346 | INFO     | auth.login:ensure_login:354 - Checking Login...
2026-08-01 05:31:13.349 | SUCCESS  | auth.login:load_saved_token:192 - Saved Token Loaded
2026-08-01 05:31:13.350 | SUCCESS  | auth.login:ensure_login:362 - Using Saved Token
2026-08-01 05:31:13.350 | INFO     | monitor:scan:111 - Scanning Website...
2026-08-01 05:31:13.352 | INFO     | monitor:scan:125 - Loading Page 1
2026-08-01 05:31:13.353 | INFO     | api:get_files:60 - Loading Page 1
2026-08-01 05:31:14.850 | INFO     | api:get_file:84 - Loading File 126d518f-764b-2019-40a6-645aba60ba46
2026-08-01 05:31:15.084 | INFO     | monitor:scan:273 - Reached Old Files
2026-08-01 05:31:15.085 | INFO     | monitor:scan:303 - No New Serial
2026-08-01 05:31:15.085 | INFO     | monitor:scan:325 - Nothing Changed
2026-08-01 05:31:15.085 | SUCCESS  | monitor:scan:331 - Scan Finished
2026-08-01 05:31:15.086 | INFO     | monitor:start:67 - Sleep 60 Seconds
2026-08-01 05:32:15.087 | INFO     | auth.login:ensure_login:354 - Checking Login...
2026-08-01 05:32:15.089 | SUCCESS  | auth.login:load_saved_token:192 - Saved Token Loaded
2026-08-01 05:32:15.090 | SUCCESS  | auth.login:ensure_login:362 - Using Saved Token
2026-08-01 05:32:15.090 | INFO     | monitor:scan:111 - Scanning Website...
2026-08-01 05:32:15.092 | INFO     | monitor:scan:125 - Loading Page 1
2026-08-01 05:32:15.093 | INFO     | api:get_files:60 - Loading Page 1
2026-08-01 05:32:16.647 | INFO     | api:get_file:84 - Loading File 126d518f-764b-2019-40a6-645aba60ba46
2026-08-01 05:32:16.863 | INFO     | monitor:scan:273 - Reached Old Files
2026-08-01 05:32:16.864 | INFO     | monitor:scan:303 - No New Serial
2026-08-01 05:32:16.864 | INFO     | monitor:scan:325 - Nothing Changed
2026-08-01 05:32:16.865 | SUCCESS  | monitor:scan:331 - Scan Finished
2026-08-01 05:32:16.866 | INFO     | monitor:start:67 - Sleep 60 Seconds
2026-08-01 05:33:16.867 | INFO     | auth.login:ensure_login:354 - Checking Login...
2026-08-01 05:33:16.870 | SUCCESS  | auth.login:load_saved_token:192 - Saved Token Loaded
2026-08-01 05:33:16.871 | SUCCESS  | auth.login:ensure_login:362 - Using Saved Token
2026-08-01 05:33:16.871 | INFO     | monitor:scan:111 - Scanning Website...
2026-08-01 05:33:16.873 | INFO     | monitor:scan:125 - Loading Page 1
2026-08-01 05:33:16.874 | INFO     | api:get_files:60 - Loading Page 1
2026-08-01 05:33:18.463 | INFO     | api:get_file:84 - Loading File 126d518f-764b-2019-40a6-645aba60ba46
2026-08-01 05:33:18.693 | INFO     | monitor:scan:273 - Reached Old Files
2026-08-01 05:33:18.694 | INFO     | monitor:scan:303 - No New Serial
2026-08-01 05:33:18.694 | INFO     | monitor:scan:325 - Nothing Changed
2026-08-01 05:33:18.694 | SUCCESS  | monitor:scan:331 - Scan Finished
2026-08-01 05:33:18.695 | INFO     | monitor:start:67 - Sleep 60 Seconds
2026-08-01 05:34:18.695 | INFO     | auth.login:ensure_login:354 - Checking Login...
2026-08-01 05:34:18.697 | SUCCESS  | auth.login:load_saved_token:192 - Saved Token Loaded
2026-08-01 05:34:18.697 | SUCCESS  | auth.login:ensure_login:362 - Using Saved Token
2026-08-01 05:34:18.697 | INFO     | monitor:scan:111 - Scanning Website...
2026-08-01 05:34:18.698 | INFO     | monitor:scan:125 - Loading Page 1
2026-08-01 05:34:18.699 | INFO     | api:get_files:60 - Loading Page 1
2026-08-01 05:34:20.262 | INFO     | api:get_file:84 - Loading File 126d518f-764b-2019-40a6-645aba60ba46
2026-08-01 05:34:20.481 | INFO     | monitor:scan:273 - Reached Old Files
2026-08-01 05:34:20.482 | INFO     | monitor:scan:303 - No New Serial
2026-08-01 05:34:20.482 | INFO     | monitor:scan:325 - Nothing Changed
2026-08-01 05:34:20.483 | SUCCESS  | monitor:scan:331 - Scan Finished
2026-08-01 05:34:20.484 | INFO     | monitor:start:67 - Sleep 60 Seconds
2026-08-01 05:35:20.485 | INFO     | auth.login:ensure_login:354 - Checking Login...
2026-08-01 05:35:20.508 | SUCCESS  | auth.login:load_saved_token:192 - Saved Token Loaded
2026-08-01 05:35:20.508 | SUCCESS  | auth.login:ensure_login:362 - Using Saved Token
2026-08-01 05:35:20.508 | INFO     | monitor:scan:111 - Scanning Website...
2026-08-01 05:35:20.514 | INFO     | monitor:scan:125 - Loading Page 1
2026-08-01 05:35:20.514 | INFO     | api:get_files:60 - Loading Page 1
2026-08-01 05:35:22.045 | INFO     | api:get_file:84 - Loading File 126d518f-764b-2019-40a6-645aba60ba46
2026-08-01 05:35:22.273 | INFO     | monitor:scan:273 - Reached Old Files
2026-08-01 05:35:22.274 | INFO     | monitor:scan:303 - No New Serial
2026-08-01 05:35:22.275 | INFO     | monitor:scan:325 - Nothing Changed
2026-08-01 05:35:22.275 | SUCCESS  | monitor:scan:331 - Scan Finished
2026-08-01 05:35:22.276 | INFO     | monitor:start:67 - Sleep 60 Seconds
2026-08-01 05:36:22.277 | INFO     | auth.login:ensure_login:354 - Checking Login...
2026-08-01 05:36:22.279 | SUCCESS  | auth.login:load_saved_token:192 - Saved Token Loaded
2026-08-01 05:36:22.279 | SUCCESS  | auth.login:ensure_login:362 - Using Saved Token
2026-08-01 05:36:22.279 | INFO     | monitor:scan:111 - Scanning Website...
2026-08-01 05:36:22.281 | INFO     | monitor:scan:125 - Loading Page 1
2026-08-01 05:36:22.281 | INFO     | api:get_files:60 - Loading Page 1
2026-08-01 05:36:23.817 | INFO     | api:get_file:84 - Loading File 126d518f-764b-2019-40a6-645aba60ba46
2026-08-01 05:36:24.049 | INFO     | monitor:scan:273 - Reached Old Files
2026-08-01 05:36:24.050 | INFO     | monitor:scan:303 - No New Serial
2026-08-01 05:36:24.051 | INFO     | monitor:scan:325 - Nothing Changed
2026-08-01 05:36:24.051 | SUCCESS  | monitor:scan:331 - Scan Finished
2026-08-01 05:36:24.052 | INFO     | monitor:start:67 - Sleep 60 Seconds
2026-08-01 05:37:24.053 | INFO     | auth.login:ensure_login:354 - Checking Login...
2026-08-01 05:37:24.055 | SUCCESS  | auth.login:load_saved_token:192 - Saved Token Loaded
2026-08-01 05:37:24.055 | SUCCESS  | auth.login:ensure_login:362 - Using Saved Token
2026-08-01 05:37:24.056 | INFO     | monitor:scan:111 - Scanning Website...
2026-08-01 05:37:24.057 | INFO     | monitor:scan:125 - Loading Page 1
2026-08-01 05:37:24.057 | INFO     | api:get_files:60 - Loading Page 1
2026-08-01 05:37:27.198 | INFO     | api:get_file:84 - Loading File 126d518f-764b-2019-40a6-645aba60ba46
2026-08-01 05:37:27.417 | INFO     | monitor:scan:273 - Reached Old Files
2026-08-01 05:37:27.418 | INFO     | monitor:scan:303 - No New Serial
2026-08-01 05:37:27.419 | INFO     | monitor:scan:325 - Nothing Changed
2026-08-01 05:37:27.419 | SUCCESS  | monitor:scan:331 - Scan Finished
2026-08-01 05:37:27.420 | INFO     | monitor:start:67 - Sleep 60 Seconds
2026-08-01 05:38:27.421 | INFO     | auth.login:ensure_login:354 - Checking Login...
2026-08-01 05:38:27.422 | SUCCESS  | auth.login:load_saved_token:192 - Saved Token Loaded
2026-08-01 05:38:27.422 | SUCCESS  | auth.login:ensure_login:362 - Using Saved Token
2026-08-01 05:38:27.422 | INFO     | monitor:scan:111 - Scanning Website...
2026-08-01 05:38:27.423 | INFO     | monitor:scan:125 - Loading Page 1
2026-08-01 05:38:27.423 | INFO     | api:get_files:60 - Loading Page 1
2026-08-01 05:38:27.844 | WARNING  | auth.login:get:411 - Access Token Expired
2026-08-01 05:38:27.844 | INFO     | auth.login:login:262 - Logging in...
2026-08-01 05:38:28.355 | SUCCESS  | auth.login:save_token:242 - Token Saved
2026-08-01 05:38:28.355 | SUCCESS  | auth.login:login:340 - Login Successful
2026-08-01 05:38:30.688 | INFO     | api:get_file:84 - Loading File 126d518f-764b-2019-40a6-645aba60ba46
2026-08-01 05:38:30.907 | INFO     | monitor:scan:273 - Reached Old Files
2026-08-01 05:38:30.907 | INFO     | monitor:scan:303 - No New Serial
2026-08-01 05:38:30.908 | INFO     | monitor:scan:325 - Nothing Changed
2026-08-01 05:38:30.908 | SUCCESS  | monitor:scan:331 - Scan Finished
2026-08-01 05:38:30.908 | INFO     | monitor:start:67 - Sleep 60 Seconds
2026-08-01 05:39:30.909 | INFO     | auth.login:ensure_login:354 - Checking Login...
2026-08-01 05:39:30.916 | SUCCESS  | auth.login:load_saved_token:192 - Saved Token Loaded
2026-08-01 05:39:30.917 | SUCCESS  | auth.login:ensure_login:362 - Using Saved Token
2026-08-01 05:39:30.917 | INFO     | monitor:scan:111 - Scanning Website...
2026-08-01 05:39:30.917 | INFO     | monitor:scan:125 - Loading Page 1
2026-08-01 05:39:30.918 | INFO     | api:get_files:60 - Loading Page 1
2026-08-01 05:39:32.414 | INFO     | api:get_file:84 - Loading File 126d518f-764b-2019-40a6-645aba60ba46
2026-08-01 05:39:32.645 | INFO     | monitor:scan:273 - Reached Old Files
2026-08-01 05:39:32.646 | INFO     | monitor:scan:303 - No New Serial
2026-08-01 05:39:32.646 | INFO     | monitor:scan:325 - Nothing Changed
2026-08-01 05:39:32.648 | SUCCESS  | monitor:scan:331 - Scan Finished
2026-08-01 05:39:32.650 | INFO     | monitor:start:67 - Sleep 60 Seconds
2026-08-01 05:40:32.651 | INFO     | auth.login:ensure_login:354 - Checking Login...
2026-08-01 05:40:32.653 | SUCCESS  | auth.login:load_saved_token:192 - Saved Token Loaded
2026-08-01 05:40:32.654 | SUCCESS  | auth.login:ensure_login:362 - Using Saved Token
2026-08-01 05:40:32.654 | INFO     | monitor:scan:111 - Scanning Website...
2026-08-01 05:40:32.656 | INFO     | monitor:scan:125 - Loading Page 1
2026-08-01 05:40:32.656 | INFO     | api:get_files:60 - Loading Page 1
2026-08-01 05:40:34.239 | INFO     | api:get_file:84 - Loading File 126d518f-764b-2019-40a6-645aba60ba46
2026-08-01 05:40:34.467 | INFO     | monitor:scan:273 - Reached Old Files
2026-08-01 05:40:34.468 | INFO     | monitor:scan:303 - No New Serial
2026-08-01 05:40:34.468 | INFO     | monitor:scan:325 - Nothing Changed
2026-08-01 05:40:34.469 | SUCCESS  | monitor:scan:331 - Scan Finished
2026-08-01 05:40:34.470 | INFO     | monitor:start:67 - Sleep 60 Seconds
2026-08-01 05:41:34.471 | INFO     | auth.login:ensure_login:354 - Checking Login...
2026-08-01 05:41:34.471 | SUCCESS  | auth.login:load_saved_token:192 - Saved Token Loaded
2026-08-01 05:41:34.472 | SUCCESS  | auth.login:ensure_login:362 - Using Saved Token
2026-08-01 05:41:34.472 | INFO     | monitor:scan:111 - Scanning Website...
2026-08-01 05:41:34.472 | INFO     | monitor:scan:125 - Loading Page 1
2026-08-01 05:41:34.472 | INFO     | api:get_files:60 - Loading Page 1
2026-08-01 05:41:36.040 | INFO     | api:get_file:84 - Loading File 126d518f-764b-2019-40a6-645aba60ba46
2026-08-01 05:41:36.271 | INFO     | monitor:scan:273 - Reached Old Files
2026-08-01 05:41:36.271 | INFO     | monitor:scan:303 - No New Serial
2026-08-01 05:41:36.272 | INFO     | monitor:scan:325 - Nothing Changed
2026-08-01 05:41:36.273 | SUCCESS  | monitor:scan:331 - Scan Finished
2026-08-01 05:41:36.274 | INFO     | monitor:start:67 - Sleep 60 Seconds
2026-08-01 05:42:36.275 | INFO     | auth.login:ensure_login:354 - Checking Login...
2026-08-01 05:42:36.277 | SUCCESS  | auth.login:load_saved_token:192 - Saved Token Loaded
2026-08-01 05:42:36.278 | SUCCESS  | auth.login:ensure_login:362 - Using Saved Token
2026-08-01 05:42:36.278 | INFO     | monitor:scan:111 - Scanning Website...
2026-08-01 05:42:36.280 | INFO     | monitor:scan:125 - Loading Page 1
2026-08-01 05:42:36.281 | INFO     | api:get_files:60 - Loading Page 1
2026-08-01 05:42:37.790 | INFO     | api:get_file:84 - Loading File 126d518f-764b-2019-40a6-645aba60ba46
2026-08-01 05:42:38.022 | INFO     | monitor:scan:273 - Reached Old Files
2026-08-01 05:42:38.022 | INFO     | monitor:scan:303 - No New Serial
2026-08-01 05:42:38.023 | INFO     | monitor:scan:325 - Nothing Changed
2026-08-01 05:42:38.023 | SUCCESS  | monitor:scan:331 - Scan Finished
2026-08-01 05:42:38.024 | INFO     | monitor:start:67 - Sleep 60 Seconds
2026-08-01 05:43:38.024 | INFO     | auth.login:ensure_login:354 - Checking Login...
2026-08-01 05:43:38.026 | SUCCESS  | auth.login:load_saved_token:192 - Saved Token Loaded
2026-08-01 05:43:38.027 | SUCCESS  | auth.login:ensure_login:362 - Using Saved Token
2026-08-01 05:43:38.027 | INFO     | monitor:scan:111 - Scanning Website...
2026-08-01 05:43:38.028 | INFO     | monitor:scan:125 - Loading Page 1
2026-08-01 05:43:38.029 | INFO     | api:get_files:60 - Loading Page 1
2026-08-01 05:43:41.226 | INFO     | api:get_file:84 - Loading File 126d518f-764b-2019-40a6-645aba60ba46
2026-08-01 05:43:41.434 | INFO     | monitor:scan:273 - Reached Old Files
2026-08-01 05:43:41.435 | INFO     | monitor:scan:303 - No New Serial
2026-08-01 05:43:41.436 | INFO     | monitor:scan:325 - Nothing Changed
2026-08-01 05:43:41.437 | SUCCESS  | monitor:scan:331 - Scan Finished
2026-08-01 05:43:41.439 | INFO     | monitor:start:67 - Sleep 60 Seconds
2026-08-01 05:44:41.439 | INFO     | auth.login:ensure_login:354 - Checking Login...
2026-08-01 05:44:41.442 | SUCCESS  | auth.login:load_saved_token:192 - Saved Token Loaded
2026-08-01 05:44:41.443 | SUCCESS  | auth.login:ensure_login:362 - Using Saved Token
2026-08-01 05:44:41.444 | INFO     | monitor:scan:111 - Scanning Website...
2026-08-01 05:44:41.445 | INFO     | monitor:scan:125 - Loading Page 1
2026-08-01 05:44:41.446 | INFO     | api:get_files:60 - Loading Page 1
2026-08-01 05:44:44.419 | INFO     | api:get_file:84 - Loading File 126d518f-764b-2019-40a6-645aba60ba46
2026-08-01 05:44:44.646 | INFO     | monitor:scan:273 - Reached Old Files
2026-08-01 05:44:44.647 | INFO     | monitor:scan:303 - No New Serial
2026-08-01 05:44:44.648 | INFO     | monitor:scan:325 - Nothing Changed
2026-08-01 05:44:44.648 | SUCCESS  | monitor:scan:331 - Scan Finished
2026-08-01 05:44:44.649 | INFO     | monitor:start:67 - Sleep 60 Seconds
2026-08-01 05:45:44.651 | INFO     | auth.login:ensure_login:354 - Checking Login...
2026-08-01 05:45:44.656 | SUCCESS  | auth.login:load_saved_token:192 - Saved Token Loaded
2026-08-01 05:45:44.658 | SUCCESS  | auth.login:ensure_login:362 - Using Saved Token
2026-08-01 05:45:44.658 | INFO     | monitor:scan:111 - Scanning Website...
2026-08-01 05:45:44.661 | INFO     | monitor:scan:125 - Loading Page 1
2026-08-01 05:45:44.661 | INFO     | api:get_files:60 - Loading Page 1
2026-08-01 05:45:46.177 | INFO     | api:get_file:84 - Loading File 126d518f-764b-2019-40a6-645aba60ba46
2026-08-01 05:45:46.404 | INFO     | monitor:scan:273 - Reached Old Files
2026-08-01 05:45:46.405 | INFO     | monitor:scan:303 - No New Serial
2026-08-01 05:45:46.405 | INFO     | monitor:scan:325 - Nothing Changed
2026-08-01 05:45:46.406 | SUCCESS  | monitor:scan:331 - Scan Finished
2026-08-01 05:45:46.407 | INFO     | monitor:start:67 - Sleep 60 Seconds
2026-08-01 05:46:46.409 | INFO     | auth.login:ensure_login:354 - Checking Login...
2026-08-01 05:46:46.413 | SUCCESS  | auth.login:load_saved_token:192 - Saved Token Loaded
2026-08-01 05:46:46.414 | SUCCESS  | auth.login:ensure_login:362 - Using Saved Token
2026-08-01 05:46:46.415 | INFO     | monitor:scan:111 - Scanning Website...
2026-08-01 05:46:46.417 | INFO     | monitor:scan:125 - Loading Page 1
2026-08-01 05:46:46.418 | INFO     | api:get_files:60 - Loading Page 1
2026-08-01 05:46:49.708 | INFO     | api:get_file:84 - Loading File 126d518f-764b-2019-40a6-645aba60ba46
2026-08-01 05:46:49.934 | INFO     | monitor:scan:273 - Reached Old Files
2026-08-01 05:46:49.934 | INFO     | monitor:scan:303 - No New Serial
2026-08-01 05:46:49.935 | INFO     | monitor:scan:325 - Nothing Changed
2026-08-01 05:46:49.935 | SUCCESS  | monitor:scan:331 - Scan Finished
2026-08-01 05:46:49.935 | INFO     | monitor:start:67 - Sleep 60 Seconds
2026-08-01 05:47:49.936 | INFO     | auth.login:ensure_login:354 - Checking Login...
2026-08-01 05:47:49.936 | SUCCESS  | auth.login:load_saved_token:192 - Saved Token Loaded
2026-08-01 05:47:49.936 | SUCCESS  | auth.login:ensure_login:362 - Using Saved Token
2026-08-01 05:47:49.936 | INFO     | monitor:scan:111 - Scanning Website...
2026-08-01 05:47:49.937 | INFO     | monitor:scan:125 - Loading Page 1
2026-08-01 05:47:49.937 | INFO     | api:get_files:60 - Loading Page 1
2026-08-01 05:47:51.420 | INFO     | api:get_file:84 - Loading File 126d518f-764b-2019-40a6-645aba60ba46
2026-08-01 05:47:51.649 | INFO     | monitor:scan:273 - Reached Old Files
2026-08-01 05:47:51.650 | INFO     | monitor:scan:303 - No New Serial
2026-08-01 05:47:51.650 | INFO     | monitor:scan:325 - Nothing Changed
2026-08-01 05:47:51.651 | SUCCESS  | monitor:scan:331 - Scan Finished
2026-08-01 05:47:51.652 | INFO     | monitor:start:67 - Sleep 60 Seconds
2026-08-01 05:48:51.653 | INFO     | auth.login:ensure_login:354 - Checking Login...
2026-08-01 05:48:51.658 | SUCCESS  | auth.login:load_saved_token:192 - Saved Token Loaded
2026-08-01 05:48:51.660 | SUCCESS  | auth.login:ensure_login:362 - Using Saved Token
2026-08-01 05:48:51.661 | INFO     | monitor:scan:111 - Scanning Website...
2026-08-01 05:48:51.662 | INFO     | monitor:scan:125 - Loading Page 1
2026-08-01 05:48:51.662 | INFO     | api:get_files:60 - Loading Page 1
2026-08-01 05:48:52.057 | WARNING  | auth.login:get:411 - Access Token Expired
2026-08-01 05:48:52.058 | INFO     | auth.login:login:262 - Logging in...
2026-08-01 05:48:52.536 | SUCCESS  | auth.login:save_token:242 - Token Saved
2026-08-01 05:48:52.536 | SUCCESS  | auth.login:login:340 - Login Successful
2026-08-01 05:48:53.604 | INFO     | api:get_file:84 - Loading File 126d518f-764b-2019-40a6-645aba60ba46
2026-08-01 05:48:53.822 | INFO     | monitor:scan:273 - Reached Old Files
2026-08-01 05:48:53.823 | INFO     | monitor:scan:303 - No New Serial
2026-08-01 05:48:53.823 | INFO     | monitor:scan:325 - Nothing Changed
2026-08-01 05:48:53.824 | SUCCESS  | monitor:scan:331 - Scan Finished
2026-08-01 05:48:53.825 | INFO     | monitor:start:67 - Sleep 60 Seconds
2026-08-01 05:49:53.827 | INFO     | auth.login:ensure_login:354 - Checking Login...
2026-08-01 05:49:53.859 | SUCCESS  | auth.login:load_saved_token:192 - Saved Token Loaded
2026-08-01 05:49:53.860 | SUCCESS  | auth.login:ensure_login:362 - Using Saved Token
2026-08-01 05:49:53.860 | INFO     | monitor:scan:111 - Scanning Website...
2026-08-01 05:49:53.861 | INFO     | monitor:scan:125 - Loading Page 1
2026-08-01 05:49:53.861 | INFO     | api:get_files:60 - Loading Page 1
2026-08-01 05:49:55.445 | INFO     | api:get_file:84 - Loading File 126d518f-764b-2019-40a6-645aba60ba46
2026-08-01 05:49:55.674 | INFO     | monitor:scan:273 - Reached Old Files
2026-08-01 05:49:55.674 | INFO     | monitor:scan:303 - No New Serial
2026-08-01 05:49:55.675 | INFO     | monitor:scan:325 - Nothing Changed
2026-08-01 05:49:55.676 | SUCCESS  | monitor:scan:331 - Scan Finished
2026-08-01 05:49:55.677 | INFO     | monitor:start:67 - Sleep 60 Seconds
2026-08-01 05:50:55.678 | INFO     | auth.login:ensure_login:354 - Checking Login...
2026-08-01 05:50:55.681 | SUCCESS  | auth.login:load_saved_token:192 - Saved Token Loaded
2026-08-01 05:50:55.681 | SUCCESS  | auth.login:ensure_login:362 - Using Saved Token
2026-08-01 05:50:55.681 | INFO     | monitor:scan:111 - Scanning Website...
2026-08-01 05:50:55.681 | INFO     | monitor:scan:125 - Loading Page 1
2026-08-01 05:50:55.682 | INFO     | api:get_files:60 - Loading Page 1
2026-08-01 05:50:58.926 | INFO     | api:get_file:84 - Loading File 126d518f-764b-2019-40a6-645aba60ba46
2026-08-01 05:50:59.159 | INFO     | monitor:scan:273 - Reached Old Files
2026-08-01 05:50:59.160 | INFO     | monitor:scan:303 - No New Serial
2026-08-01 05:50:59.160 | INFO     | monitor:scan:325 - Nothing Changed
2026-08-01 05:50:59.161 | SUCCESS  | monitor:scan:331 - Scan Finished
2026-08-01 05:50:59.161 | INFO     | monitor:start:67 - Sleep 60 Seconds
2026-08-01 05:51:59.162 | INFO     | auth.login:ensure_login:354 - Checking Login...
2026-08-01 05:51:59.164 | SUCCESS  | auth.login:load_saved_token:192 - Saved Token Loaded
2026-08-01 05:51:59.165 | SUCCESS  | auth.login:ensure_login:362 - Using Saved Token
2026-08-01 05:51:59.165 | INFO     | monitor:scan:111 - Scanning Website...
2026-08-01 05:51:59.167 | INFO     | monitor:scan:125 - Loading Page 1
2026-08-01 05:51:59.168 | INFO     | api:get_files:60 - Loading Page 1
2026-08-01 05:52:00.638 | INFO     | api:get_file:84 - Loading File 126d518f-764b-2019-40a6-645aba60ba46
2026-08-01 05:52:00.868 | INFO     | monitor:scan:273 - Reached Old Files
2026-08-01 05:52:00.869 | INFO     | monitor:scan:303 - No New Serial
2026-08-01 05:52:00.869 | INFO     | monitor:scan:325 - Nothing Changed
2026-08-01 05:52:00.869 | SUCCESS  | monitor:scan:331 - Scan Finished
2026-08-01 05:52:00.870 | INFO     | monitor:start:67 - Sleep 60 Seconds
2026-08-01 05:53:00.871 | INFO     | auth.login:ensure_login:354 - Checking Login...
2026-08-01 05:53:00.873 | SUCCESS  | auth.login:load_saved_token:192 - Saved Token Loaded
2026-08-01 05:53:00.873 | SUCCESS  | auth.login:ensure_login:362 - Using Saved Token
2026-08-01 05:53:00.873 | INFO     | monitor:scan:111 - Scanning Website...
2026-08-01 05:53:00.874 | INFO     | monitor:scan:125 - Loading Page 1
2026-08-01 05:53:00.874 | INFO     | api:get_files:60 - Loading Page 1
2026-08-01 05:53:04.258 | INFO     | api:get_file:84 - Loading File 126d518f-764b-2019-40a6-645aba60ba46
2026-08-01 05:53:04.488 | INFO     | monitor:scan:273 - Reached Old Files
2026-08-01 05:53:04.489 | INFO     | monitor:scan:303 - No New Serial
2026-08-01 05:53:04.489 | INFO     | monitor:scan:325 - Nothing Changed
2026-08-01 05:53:04.490 | SUCCESS  | monitor:scan:331 - Scan Finished
2026-08-01 05:53:04.491 | INFO     | monitor:start:67 - Sleep 60 Seconds
2026-08-01 05:54:04.491 | INFO     | auth.login:ensure_login:354 - Checking Login...
2026-08-01 05:54:04.494 | SUCCESS  | auth.login:load_saved_token:192 - Saved Token Loaded
2026-08-01 05:54:04.494 | SUCCESS  | auth.login:ensure_login:362 - Using Saved Token
2026-08-01 05:54:04.495 | INFO     | monitor:scan:111 - Scanning Website...
2026-08-01 05:54:04.496 | INFO     | monitor:scan:125 - Loading Page 1
2026-08-01 05:54:04.497 | INFO     | api:get_files:60 - Loading Page 1
2026-08-01 05:54:07.829 | INFO     | api:get_file:84 - Loading File 126d518f-764b-2019-40a6-645aba60ba46
2026-08-01 05:54:08.058 | INFO     | monitor:scan:273 - Reached Old Files
2026-08-01 05:54:08.059 | INFO     | monitor:scan:303 - No New Serial
2026-08-01 05:54:08.059 | INFO     | monitor:scan:325 - Nothing Changed
2026-08-01 05:54:08.060 | SUCCESS  | monitor:scan:331 - Scan Finished
2026-08-01 05:54:08.061 | INFO     | monitor:start:67 - Sleep 60 Seconds
2026-08-01 05:55:08.062 | INFO     | auth.login:ensure_login:354 - Checking Login...
2026-08-01 05:55:08.063 | SUCCESS  | auth.login:load_saved_token:192 - Saved Token Loaded
2026-08-01 05:55:08.063 | SUCCESS  | auth.login:ensure_login:362 - Using Saved Token
2026-08-01 05:55:08.063 | INFO     | monitor:scan:111 - Scanning Website...
2026-08-01 05:55:08.064 | INFO     | monitor:scan:125 - Loading Page 1
2026-08-01 05:55:08.064 | INFO     | api:get_files:60 - Loading Page 1
2026-08-01 05:55:09.798 | INFO     | api:get_file:84 - Loading File 126d518f-764b-2019-40a6-645aba60ba46
2026-08-01 05:55:10.025 | INFO     | monitor:scan:273 - Reached Old Files
2026-08-01 05:55:10.025 | INFO     | monitor:scan:303 - No New Serial
2026-08-01 05:55:10.025 | INFO     | monitor:scan:325 - Nothing Changed
2026-08-01 05:55:10.025 | SUCCESS  | monitor:scan:331 - Scan Finished
2026-08-01 05:55:10.025 | INFO     | monitor:start:67 - Sleep 60 Seconds
2026-08-01 05:56:10.026 | INFO     | auth.login:ensure_login:354 - Checking Login...
2026-08-01 05:56:10.029 | SUCCESS  | auth.login:load_saved_token:192 - Saved Token Loaded
2026-08-01 05:56:10.031 | SUCCESS  | auth.login:ensure_login:362 - Using Saved Token
2026-08-01 05:56:10.032 | INFO     | monitor:scan:111 - Scanning Website...
2026-08-01 05:56:10.036 | INFO     | monitor:scan:125 - Loading Page 1
2026-08-01 05:56:10.037 | INFO     | api:get_files:60 - Loading Page 1
2026-08-01 05:56:11.536 | INFO     | api:get_file:84 - Loading File 126d518f-764b-2019-40a6-645aba60ba46
2026-08-01 05:56:11.764 | INFO     | monitor:scan:273 - Reached Old Files
2026-08-01 05:56:11.765 | INFO     | monitor:scan:303 - No New Serial
2026-08-01 05:56:11.765 | INFO     | monitor:scan:325 - Nothing Changed
2026-08-01 05:56:11.765 | SUCCESS  | monitor:scan:331 - Scan Finished
2026-08-01 05:56:11.767 | INFO     | monitor:start:67 - Sleep 60 Seconds
2026-08-01 05:57:11.768 | INFO     | auth.login:ensure_login:354 - Checking Login...
2026-08-01 05:57:11.771 | SUCCESS  | auth.login:load_saved_token:192 - Saved Token Loaded
2026-08-01 05:57:11.772 | SUCCESS  | auth.login:ensure_login:362 - Using Saved Token
2026-08-01 05:57:11.773 | INFO     | monitor:scan:111 - Scanning Website...
2026-08-01 05:57:11.775 | INFO     | monitor:scan:125 - Loading Page 1
2026-08-01 05:57:11.775 | INFO     | api:get_files:60 - Loading Page 1
2026-08-01 05:57:15.308 | INFO     | api:get_file:84 - Loading File 126d518f-764b-2019-40a6-645aba60ba46
2026-08-01 05:57:15.535 | INFO     | monitor:scan:273 - Reached Old Files
2026-08-01 05:57:15.536 | INFO     | monitor:scan:303 - No New Serial
2026-08-01 05:57:15.537 | INFO     | monitor:scan:325 - Nothing Changed
2026-08-01 05:57:15.538 | SUCCESS  | monitor:scan:331 - Scan Finished
2026-08-01 05:57:15.538 | INFO     | monitor:start:67 - Sleep 60 Seconds
2026-08-01 05:58:15.540 | INFO     | auth.login:ensure_login:354 - Checking Login...
2026-08-01 05:58:15.542 | SUCCESS  | auth.login:load_saved_token:192 - Saved Token Loaded
2026-08-01 05:58:15.543 | SUCCESS  | auth.login:ensure_login:362 - Using Saved Token
2026-08-01 05:58:15.544 | INFO     | monitor:scan:111 - Scanning Website...
2026-08-01 05:58:15.545 | INFO     | monitor:scan:125 - Loading Page 1
2026-08-01 05:58:15.546 | INFO     | api:get_files:60 - Loading Page 1
2026-08-01 05:58:17.130 | INFO     | api:get_file:84 - Loading File 126d518f-764b-2019-40a6-645aba60ba46
2026-08-01 05:58:17.359 | INFO     | monitor:scan:273 - Reached Old Files
2026-08-01 05:58:17.360 | INFO     | monitor:scan:303 - No New Serial
2026-08-01 05:58:17.360 | INFO     | monitor:scan:325 - Nothing Changed
2026-08-01 05:58:17.360 | SUCCESS  | monitor:scan:331 - Scan Finished
2026-08-01 05:58:17.361 | INFO     | monitor:start:67 - Sleep 60 Seconds
2026-08-01 05:59:17.362 | INFO     | auth.login:ensure_login:354 - Checking Login...
2026-08-01 05:59:17.364 | SUCCESS  | auth.login:load_saved_token:192 - Saved Token Loaded
2026-08-01 05:59:17.366 | SUCCESS  | auth.login:ensure_login:362 - Using Saved Token
2026-08-01 05:59:17.368 | INFO     | monitor:scan:111 - Scanning Website...
2026-08-01 05:59:17.370 | INFO     | monitor:scan:125 - Loading Page 1
2026-08-01 05:59:17.371 | INFO     | api:get_files:60 - Loading Page 1
2026-08-01 05:59:17.802 | WARNING  | auth.login:get:411 - Access Token Expired
2026-08-01 05:59:17.803 | INFO     | auth.login:login:262 - Logging in...
2026-08-01 05:59:18.279 | SUCCESS  | auth.login:save_token:242 - Token Saved
2026-08-01 05:59:18.280 | SUCCESS  | auth.login:login:340 - Login Successful
2026-08-01 05:59:19.391 | INFO     | api:get_file:84 - Loading File 126d518f-764b-2019-40a6-645aba60ba46
2026-08-01 05:59:19.617 | INFO     | monitor:scan:273 - Reached Old Files
2026-08-01 05:59:19.617 | INFO     | monitor:scan:303 - No New Serial
2026-08-01 05:59:19.617 | INFO     | monitor:scan:325 - Nothing Changed
2026-08-01 05:59:19.617 | SUCCESS  | monitor:scan:331 - Scan Finished
2026-08-01 05:59:19.617 | INFO     | monitor:start:67 - Sleep 60 Seconds
2026-08-01 06:00:19.618 | INFO     | auth.login:ensure_login:354 - Checking Login...
2026-08-01 06:00:19.639 | SUCCESS  | auth.login:load_saved_token:192 - Saved Token Loaded
2026-08-01 06:00:19.639 | SUCCESS  | auth.login:ensure_login:362 - Using Saved Token
2026-08-01 06:00:19.640 | INFO     | monitor:scan:111 - Scanning Website...
2026-08-01 06:00:19.640 | INFO     | monitor:scan:125 - Loading Page 1
2026-08-01 06:00:19.641 | INFO     | api:get_files:60 - Loading Page 1
2026-08-01 06:00:22.627 | INFO     | api:get_file:84 - Loading File 126d518f-764b-2019-40a6-645aba60ba46
2026-08-01 06:00:22.845 | INFO     | monitor:scan:273 - Reached Old Files
2026-08-01 06:00:22.846 | INFO     | monitor:scan:303 - No New Serial
2026-08-01 06:00:22.846 | INFO     | monitor:scan:325 - Nothing Changed
2026-08-01 06:00:22.846 | SUCCESS  | monitor:scan:331 - Scan Finished
2026-08-01 06:00:22.847 | INFO     | monitor:start:67 - Sleep 60 Seconds
2026-08-01 06:01:22.848 | INFO     | auth.login:ensure_login:354 - Checking Login...
2026-08-01 06:01:22.850 | SUCCESS  | auth.login:load_saved_token:192 - Saved Token Loaded
2026-08-01 06:01:22.850 | SUCCESS  | auth.login:ensure_login:362 - Using Saved Token
2026-08-01 06:01:22.850 | INFO     | monitor:scan:111 - Scanning Website...
2026-08-01 06:01:22.852 | INFO     | monitor:scan:125 - Loading Page 1
2026-08-01 06:01:22.853 | INFO     | api:get_files:60 - Loading Page 1
2026-08-01 06:01:24.401 | INFO     | api:get_file:84 - Loading File 126d518f-764b-2019-40a6-645aba60ba46
2026-08-01 06:01:24.628 | INFO     | monitor:scan:273 - Reached Old Files
2026-08-01 06:01:24.629 | INFO     | monitor:scan:303 - No New Serial
2026-08-01 06:01:24.630 | INFO     | monitor:scan:325 - Nothing Changed
2026-08-01 06:01:24.631 | SUCCESS  | monitor:scan:331 - Scan Finished
2026-08-01 06:01:24.632 | INFO     | monitor:start:67 - Sleep 60 Seconds
2026-08-01 06:02:24.633 | INFO     | auth.login:ensure_login:354 - Checking Login...
2026-08-01 06:02:24.635 | SUCCESS  | auth.login:load_saved_token:192 - Saved Token Loaded
2026-08-01 06:02:24.635 | SUCCESS  | auth.login:ensure_login:362 - Using Saved Token
2026-08-01 06:02:24.636 | INFO     | monitor:scan:111 - Scanning Website...
2026-08-01 06:02:24.637 | INFO     | monitor:scan:125 - Loading Page 1
2026-08-01 06:02:24.638 | INFO     | api:get_files:60 - Loading Page 1
2026-08-01 06:02:26.177 | INFO     | api:get_file:84 - Loading File 126d518f-764b-2019-40a6-645aba60ba46
2026-08-01 06:02:26.407 | INFO     | monitor:scan:273 - Reached Old Files
2026-08-01 06:02:26.408 | INFO     | monitor:scan:303 - No New Serial
2026-08-01 06:02:26.408 | INFO     | monitor:scan:325 - Nothing Changed
2026-08-01 06:02:26.409 | SUCCESS  | monitor:scan:331 - Scan Finished
2026-08-01 06:02:26.410 | INFO     | monitor:start:67 - Sleep 60 Seconds
2026-08-01 06:03:26.411 | INFO     | auth.login:ensure_login:354 - Checking Login...
2026-08-01 06:03:26.412 | SUCCESS  | auth.login:load_saved_token:192 - Saved Token Loaded
2026-08-01 06:03:26.412 | SUCCESS  | auth.login:ensure_login:362 - Using Saved Token
2026-08-01 06:03:26.412 | INFO     | monitor:scan:111 - Scanning Website...
2026-08-01 06:03:26.412 | INFO     | monitor:scan:125 - Loading Page 1
2026-08-01 06:03:26.413 | INFO     | api:get_files:60 - Loading Page 1
2026-08-01 06:03:27.913 | INFO     | api:get_file:84 - Loading File 126d518f-764b-2019-40a6-645aba60ba46
2026-08-01 06:03:28.141 | INFO     | monitor:scan:273 - Reached Old Files
2026-08-01 06:03:28.142 | INFO     | monitor:scan:303 - No New Serial
2026-08-01 06:03:28.143 | INFO     | monitor:scan:325 - Nothing Changed
2026-08-01 06:03:28.144 | SUCCESS  | monitor:scan:331 - Scan Finished
2026-08-01 06:03:28.147 | INFO     | monitor:start:67 - Sleep 60 Seconds
2026-08-01 06:04:28.148 | INFO     | auth.login:ensure_login:354 - Checking Login...
2026-08-01 06:04:28.151 | SUCCESS  | auth.login:load_saved_token:192 - Saved Token Loaded
2026-08-01 06:04:28.152 | SUCCESS  | auth.login:ensure_login:362 - Using Saved Token
2026-08-01 06:04:28.152 | INFO     | monitor:scan:111 - Scanning Website...
2026-08-01 06:04:28.154 | INFO     | monitor:scan:125 - Loading Page 1
2026-08-01 06:04:28.155 | INFO     | api:get_files:60 - Loading Page 1
2026-08-01 06:04:31.325 | INFO     | api:get_file:84 - Loading File 126d518f-764b-2019-40a6-645aba60ba46
2026-08-01 06:04:31.552 | INFO     | monitor:scan:273 - Reached Old Files
2026-08-01 06:04:31.553 | INFO     | monitor:scan:303 - No New Serial
2026-08-01 06:04:31.554 | INFO     | monitor:scan:325 - Nothing Changed
2026-08-01 06:04:31.554 | SUCCESS  | monitor:scan:331 - Scan Finished
2026-08-01 06:04:31.555 | INFO     | monitor:start:67 - Sleep 60 Seconds
2026-08-01 06:05:31.557 | INFO     | auth.login:ensure_login:354 - Checking Login...
2026-08-01 06:05:31.559 | SUCCESS  | auth.login:load_saved_token:192 - Saved Token Loaded
2026-08-01 06:05:31.559 | SUCCESS  | auth.login:ensure_login:362 - Using Saved Token
2026-08-01 06:05:31.559 | INFO     | monitor:scan:111 - Scanning Website...
2026-08-01 06:05:31.561 | INFO     | monitor:scan:125 - Loading Page 1
2026-08-01 06:05:31.561 | INFO     | api:get_files:60 - Loading Page 1
2026-08-01 06:05:33.057 | INFO     | api:get_file:84 - Loading File 126d518f-764b-2019-40a6-645aba60ba46
2026-08-01 06:05:33.287 | INFO     | monitor:scan:273 - Reached Old Files
2026-08-01 06:05:33.289 | INFO     | monitor:scan:303 - No New Serial
2026-08-01 06:05:33.289 | INFO     | monitor:scan:325 - Nothing Changed
2026-08-01 06:05:33.290 | SUCCESS  | monitor:scan:331 - Scan Finished
2026-08-01 06:05:33.290 | INFO     | monitor:start:67 - Sleep 60 Seconds
2026-08-01 06:06:33.291 | INFO     | auth.login:ensure_login:354 - Checking Login...
2026-08-01 06:06:33.294 | SUCCESS  | auth.login:load_saved_token:192 - Saved Token Loaded
2026-08-01 06:06:33.294 | SUCCESS  | auth.login:ensure_login:362 - Using Saved Token
2026-08-01 06:06:33.295 | INFO     | monitor:scan:111 - Scanning Website...
2026-08-01 06:06:33.296 | INFO     | monitor:scan:125 - Loading Page 1
2026-08-01 06:06:33.297 | INFO     | api:get_files:60 - Loading Page 1
2026-08-01 06:06:34.876 | INFO     | api:get_file:84 - Loading File 126d518f-764b-2019-40a6-645aba60ba46
2026-08-01 06:06:35.093 | INFO     | monitor:scan:273 - Reached Old Files
2026-08-01 06:06:35.094 | INFO     | monitor:scan:303 - No New Serial
2026-08-01 06:06:35.095 | INFO     | monitor:scan:325 - Nothing Changed
2026-08-01 06:06:35.095 | SUCCESS  | monitor:scan:331 - Scan Finished
2026-08-01 06:06:35.096 | INFO     | monitor:start:67 - Sleep 60 Seconds
2026-08-01 06:07:35.097 | INFO     | auth.login:ensure_login:354 - Checking Login...
2026-08-01 06:07:35.101 | SUCCESS  | auth.login:load_saved_token:192 - Saved Token Loaded
2026-08-01 06:07:35.101 | SUCCESS  | auth.login:ensure_login:362 - Using Saved Token
2026-08-01 06:07:35.102 | INFO     | monitor:scan:111 - Scanning Website...
2026-08-01 06:07:35.104 | INFO     | monitor:scan:125 - Loading Page 1
2026-08-01 06:07:35.105 | INFO     | api:get_files:60 - Loading Page 1
2026-08-01 06:07:36.591 | INFO     | api:get_file:84 - Loading File 126d518f-764b-2019-40a6-645aba60ba46
2026-08-01 06:07:36.807 | INFO     | monitor:scan:273 - Reached Old Files
2026-08-01 06:07:36.808 | INFO     | monitor:scan:303 - No New Serial
2026-08-01 06:07:36.808 | INFO     | monitor:scan:325 - Nothing Changed
2026-08-01 06:07:36.809 | SUCCESS  | monitor:scan:331 - Scan Finished
2026-08-01 06:07:36.810 | INFO     | monitor:start:67 - Sleep 60 Seconds
2026-08-01 06:08:36.811 | INFO     | auth.login:ensure_login:354 - Checking Login...
2026-08-01 06:08:36.814 | SUCCESS  | auth.login:load_saved_token:192 - Saved Token Loaded
2026-08-01 06:08:36.815 | SUCCESS  | auth.login:ensure_login:362 - Using Saved Token
2026-08-01 06:08:36.815 | INFO     | monitor:scan:111 - Scanning Website...
2026-08-01 06:08:36.817 | INFO     | monitor:scan:125 - Loading Page 1
2026-08-01 06:08:36.818 | INFO     | api:get_files:60 - Loading Page 1
2026-08-01 06:08:38.373 | INFO     | api:get_file:84 - Loading File 126d518f-764b-2019-40a6-645aba60ba46
2026-08-01 06:08:38.593 | INFO     | monitor:scan:273 - Reached Old Files
2026-08-01 06:08:38.595 | INFO     | monitor:scan:303 - No New Serial
2026-08-01 06:08:38.596 | INFO     | monitor:scan:325 - Nothing Changed
2026-08-01 06:08:38.596 | SUCCESS  | monitor:scan:331 - Scan Finished
2026-08-01 06:08:38.597 | INFO     | monitor:start:67 - Sleep 60 Seconds
2026-08-01 06:09:38.599 | INFO     | auth.login:ensure_login:354 - Checking Login...
2026-08-01 06:09:38.602 | SUCCESS  | auth.login:load_saved_token:192 - Saved Token Loaded
2026-08-01 06:09:38.603 | SUCCESS  | auth.login:ensure_login:362 - Using Saved Token
2026-08-01 06:09:38.603 | INFO     | monitor:scan:111 - Scanning Website...
2026-08-01 06:09:38.605 | INFO     | monitor:scan:125 - Loading Page 1
2026-08-01 06:09:38.606 | INFO     | api:get_files:60 - Loading Page 1
2026-08-01 06:09:39.030 | WARNING  | auth.login:get:411 - Access Token Expired
2026-08-01 06:09:39.031 | INFO     | auth.login:login:262 - Logging in...
2026-08-01 06:09:39.520 | SUCCESS  | auth.login:save_token:242 - Token Saved
2026-08-01 06:09:39.521 | SUCCESS  | auth.login:login:340 - Login Successful
2026-08-01 06:09:42.689 | INFO     | api:get_file:84 - Loading File 126d518f-764b-2019-40a6-645aba60ba46
2026-08-01 06:09:42.917 | INFO     | monitor:scan:273 - Reached Old Files
2026-08-01 06:09:42.918 | INFO     | monitor:scan:303 - No New Serial
2026-08-01 06:09:42.918 | INFO     | monitor:scan:325 - Nothing Changed
2026-08-01 06:09:42.918 | SUCCESS  | monitor:scan:331 - Scan Finished
2026-08-01 06:09:42.919 | INFO     | monitor:start:67 - Sleep 60 Seconds
2026-08-01 06:10:42.921 | INFO     | auth.login:ensure_login:354 - Checking Login...
2026-08-01 06:10:42.959 | SUCCESS  | auth.login:load_saved_token:192 - Saved Token Loaded
2026-08-01 06:10:42.960 | SUCCESS  | auth.login:ensure_login:362 - Using Saved Token
2026-08-01 06:10:42.960 | INFO     | monitor:scan:111 - Scanning Website...
2026-08-01 06:10:42.962 | INFO     | monitor:scan:125 - Loading Page 1
2026-08-01 06:10:42.963 | INFO     | api:get_files:60 - Loading Page 1
2026-08-01 06:10:44.433 | INFO     | api:get_file:84 - Loading File 126d518f-764b-2019-40a6-645aba60ba46
2026-08-01 06:10:44.660 | INFO     | monitor:scan:273 - Reached Old Files
2026-08-01 06:10:44.661 | INFO     | monitor:scan:303 - No New Serial
2026-08-01 06:10:44.661 | INFO     | monitor:scan:325 - Nothing Changed
2026-08-01 06:10:44.662 | SUCCESS  | monitor:scan:331 - Scan Finished
2026-08-01 06:10:44.663 | INFO     | monitor:start:67 - Sleep 60 Seconds
2026-08-01 06:11:44.664 | INFO     | auth.login:ensure_login:354 - Checking Login...
2026-08-01 06:11:44.666 | SUCCESS  | auth.login:load_saved_token:192 - Saved Token Loaded
2026-08-01 06:11:44.667 | SUCCESS  | auth.login:ensure_login:362 - Using Saved Token
2026-08-01 06:11:44.667 | INFO     | monitor:scan:111 - Scanning Website...
2026-08-01 06:11:44.669 | INFO     | monitor:scan:125 - Loading Page 1
2026-08-01 06:11:44.669 | INFO     | api:get_files:60 - Loading Page 1
2026-08-01 06:11:47.901 | INFO     | api:get_file:84 - Loading File 126d518f-764b-2019-40a6-645aba60ba46
2026-08-01 06:11:48.125 | INFO     | monitor:scan:273 - Reached Old Files
2026-08-01 06:11:48.126 | INFO     | monitor:scan:303 - No New Serial
2026-08-01 06:11:48.126 | INFO     | monitor:scan:325 - Nothing Changed
2026-08-01 06:11:48.127 | SUCCESS  | monitor:scan:331 - Scan Finished
2026-08-01 06:11:48.127 | INFO     | monitor:start:67 - Sleep 60 Seconds
2026-08-01 06:12:48.128 | INFO     | auth.login:ensure_login:354 - Checking Login...
2026-08-01 06:12:48.129 | SUCCESS  | auth.login:load_saved_token:192 - Saved Token Loaded
2026-08-01 06:12:48.130 | SUCCESS  | auth.login:ensure_login:362 - Using Saved Token
2026-08-01 06:12:48.131 | INFO     | monitor:scan:111 - Scanning Website...
2026-08-01 06:12:48.132 | INFO     | monitor:scan:125 - Loading Page 1
2026-08-01 06:12:48.132 | INFO     | api:get_files:60 - Loading Page 1
2026-08-01 06:12:49.631 | INFO     | api:get_file:84 - Loading File 126d518f-764b-2019-40a6-645aba60ba46
2026-08-01 06:12:49.854 | INFO     | monitor:scan:273 - Reached Old Files
2026-08-01 06:12:49.854 | INFO     | monitor:scan:303 - No New Serial
2026-08-01 06:12:49.855 | INFO     | monitor:scan:325 - Nothing Changed
2026-08-01 06:12:49.855 | SUCCESS  | monitor:scan:331 - Scan Finished
2026-08-01 06:12:49.855 | INFO     | monitor:start:67 - Sleep 60 Seconds
2026-08-01 06:13:49.856 | INFO     | auth.login:ensure_login:354 - Checking Login...
2026-08-01 06:13:49.858 | SUCCESS  | auth.login:load_saved_token:192 - Saved Token Loaded
2026-08-01 06:13:49.858 | SUCCESS  | auth.login:ensure_login:362 - Using Saved Token
2026-08-01 06:13:49.859 | INFO     | monitor:scan:111 - Scanning Website...
2026-08-01 06:13:49.860 | INFO     | monitor:scan:125 - Loading Page 1
2026-08-01 06:13:49.861 | INFO     | api:get_files:60 - Loading Page 1
2026-08-01 06:13:51.411 | INFO     | api:get_file:84 - Loading File 126d518f-764b-2019-40a6-645aba60ba46
2026-08-01 06:13:51.642 | INFO     | monitor:scan:273 - Reached Old Files
2026-08-01 06:13:51.642 | INFO     | monitor:scan:303 - No New Serial
2026-08-01 06:13:51.642 | INFO     | monitor:scan:325 - Nothing Changed
2026-08-01 06:13:51.642 | SUCCESS  | monitor:scan:331 - Scan Finished
2026-08-01 06:13:51.643 | INFO     | monitor:start:67 - Sleep 60 Seconds
2026-08-01 06:14:51.643 | INFO     | auth.login:ensure_login:354 - Checking Login...
2026-08-01 06:14:51.647 | SUCCESS  | auth.login:load_saved_token:192 - Saved Token Loaded
2026-08-01 06:14:51.649 | SUCCESS  | auth.login:ensure_login:362 - Using Saved Token
2026-08-01 06:14:51.650 | INFO     | monitor:scan:111 - Scanning Website...
2026-08-01 06:14:51.653 | INFO     | monitor:scan:125 - Loading Page 1
2026-08-01 06:14:51.653 | INFO     | api:get_files:60 - Loading Page 1
2026-08-01 06:14:54.804 | INFO     | api:get_file:84 - Loading File 126d518f-764b-2019-40a6-645aba60ba46
2026-08-01 06:14:55.023 | INFO     | monitor:scan:273 - Reached Old Files
2026-08-01 06:14:55.023 | INFO     | monitor:scan:303 - No New Serial
2026-08-01 06:14:55.024 | INFO     | monitor:scan:325 - Nothing Changed
2026-08-01 06:14:55.024 | SUCCESS  | monitor:scan:331 - Scan Finished
2026-08-01 06:14:55.026 | INFO     | monitor:start:67 - Sleep 60 Seconds
2026-08-01 06:15:55.027 | INFO     | auth.login:ensure_login:354 - Checking Login...
2026-08-01 06:15:55.028 | SUCCESS  | auth.login:load_saved_token:192 - Saved Token Loaded
2026-08-01 06:15:55.028 | SUCCESS  | auth.login:ensure_login:362 - Using Saved Token
2026-08-01 06:15:55.029 | INFO     | monitor:scan:111 - Scanning Website...
2026-08-01 06:15:55.029 | INFO     | monitor:scan:125 - Loading Page 1
2026-08-01 06:15:55.029 | INFO     | api:get_files:60 - Loading Page 1
2026-08-01 06:15:56.525 | INFO     | api:get_file:84 - Loading File 126d518f-764b-2019-40a6-645aba60ba46
2026-08-01 06:15:56.755 | INFO     | monitor:scan:273 - Reached Old Files
2026-08-01 06:15:56.757 | INFO     | monitor:scan:303 - No New Serial
2026-08-01 06:15:56.758 | INFO     | monitor:scan:325 - Nothing Changed
2026-08-01 06:15:56.758 | SUCCESS  | monitor:scan:331 - Scan Finished
2026-08-01 06:15:56.759 | INFO     | monitor:start:67 - Sleep 60 Seconds
2026-08-01 06:16:56.760 | INFO     | auth.login:ensure_login:354 - Checking Login...
2026-08-01 06:16:56.762 | SUCCESS  | auth.login:load_saved_token:192 - Saved Token Loaded
2026-08-01 06:16:56.763 | SUCCESS  | auth.login:ensure_login:362 - Using Saved Token
2026-08-01 06:16:56.764 | INFO     | monitor:scan:111 - Scanning Website...
2026-08-01 06:16:56.766 | INFO     | monitor:scan:125 - Loading Page 1
2026-08-01 06:16:56.769 | INFO     | api:get_files:60 - Loading Page 1
2026-08-01 06:16:58.323 | INFO     | api:get_file:84 - Loading File 126d518f-764b-2019-40a6-645aba60ba46
2026-08-01 06:16:58.557 | INFO     | monitor:scan:273 - Reached Old Files
2026-08-01 06:16:58.558 | INFO     | monitor:scan:303 - No New Serial
2026-08-01 06:16:58.559 | INFO     | monitor:scan:325 - Nothing Changed
2026-08-01 06:16:58.559 | SUCCESS  | monitor:scan:331 - Scan Finished
2026-08-01 06:16:58.560 | INFO     | monitor:start:67 - Sleep 60 Seconds
2026-08-01 06:17:58.561 | INFO     | auth.login:ensure_login:354 - Checking Login...
2026-08-01 06:17:58.562 | SUCCESS  | auth.login:load_saved_token:192 - Saved Token Loaded
2026-08-01 06:17:58.562 | SUCCESS  | auth.login:ensure_login:362 - Using Saved Token
2026-08-01 06:17:58.562 | INFO     | monitor:scan:111 - Scanning Website...
2026-08-01 06:17:58.562 | INFO     | monitor:scan:125 - Loading Page 1
2026-08-01 06:17:58.563 | INFO     | api:get_files:60 - Loading Page 1
2026-08-01 06:18:00.123 | INFO     | api:get_file:84 - Loading File 126d518f-764b-2019-40a6-645aba60ba46
2026-08-01 06:18:00.351 | INFO     | monitor:scan:273 - Reached Old Files
2026-08-01 06:18:00.351 | INFO     | monitor:scan:303 - No New Serial
2026-08-01 06:18:00.351 | INFO     | monitor:scan:325 - Nothing Changed
2026-08-01 06:18:00.352 | SUCCESS  | monitor:scan:331 - Scan Finished
2026-08-01 06:18:00.352 | INFO     | monitor:start:67 - Sleep 60 Seconds
2026-08-01 06:19:00.352 | INFO     | auth.login:ensure_login:354 - Checking Login...
2026-08-01 06:19:00.353 | SUCCESS  | auth.login:load_saved_token:192 - Saved Token Loaded
2026-08-01 06:19:00.353 | SUCCESS  | auth.login:ensure_login:362 - Using Saved Token
2026-08-01 06:19:00.353 | INFO     | monitor:scan:111 - Scanning Website...
2026-08-01 06:19:00.354 | INFO     | monitor:scan:125 - Loading Page 1
2026-08-01 06:19:00.354 | INFO     | api:get_files:60 - Loading Page 1
2026-08-01 06:19:02.527 | INFO     | api:get_file:84 - Loading File 126d518f-764b-2019-40a6-645aba60ba46
2026-08-01 06:19:02.753 | INFO     | monitor:scan:273 - Reached Old Files
2026-08-01 06:19:02.753 | INFO     | monitor:scan:303 - No New Serial
2026-08-01 06:19:02.754 | INFO     | monitor:scan:325 - Nothing Changed
2026-08-01 06:19:02.755 | SUCCESS  | monitor:scan:331 - Scan Finished
2026-08-01 06:19:02.758 | INFO     | monitor:start:67 - Sleep 60 Seconds
2026-08-01 06:20:02.759 | INFO     | auth.login:ensure_login:354 - Checking Login...
2026-08-01 06:20:02.762 | SUCCESS  | auth.login:load_saved_token:192 - Saved Token Loaded
2026-08-01 06:20:02.762 | SUCCESS  | auth.login:ensure_login:362 - Using Saved Token
2026-08-01 06:20:02.763 | INFO     | monitor:scan:111 - Scanning Website...
2026-08-01 06:20:02.766 | INFO     | monitor:scan:125 - Loading Page 1
2026-08-01 06:20:02.766 | INFO     | api:get_files:60 - Loading Page 1
2026-08-01 06:20:03.184 | WARNING  | auth.login:get:411 - Access Token Expired
2026-08-01 06:20:03.184 | INFO     | auth.login:login:262 - Logging in...
2026-08-01 06:20:03.659 | SUCCESS  | auth.login:save_token:242 - Token Saved
2026-08-01 06:20:03.660 | SUCCESS  | auth.login:login:340 - Login Successful
2026-08-01 06:20:06.526 | INFO     | api:get_file:84 - Loading File 126d518f-764b-2019-40a6-645aba60ba46
2026-08-01 06:20:06.755 | INFO     | monitor:scan:273 - Reached Old Files
2026-08-01 06:20:06.755 | INFO     | monitor:scan:303 - No New Serial
2026-08-01 06:20:06.755 | INFO     | monitor:scan:325 - Nothing Changed
2026-08-01 06:20:06.755 | SUCCESS  | monitor:scan:331 - Scan Finished
2026-08-01 06:20:06.756 | INFO     | monitor:start:67 - Sleep 60 Seconds
2026-08-01 06:21:06.756 | INFO     | auth.login:ensure_login:354 - Checking Login...
2026-08-01 06:21:06.779 | SUCCESS  | auth.login:load_saved_token:192 - Saved Token Loaded
2026-08-01 06:21:06.780 | SUCCESS  | auth.login:ensure_login:362 - Using Saved Token
2026-08-01 06:21:06.780 | INFO     | monitor:scan:111 - Scanning Website...
2026-08-01 06:21:06.781 | INFO     | monitor:scan:125 - Loading Page 1
2026-08-01 06:21:06.781 | INFO     | api:get_files:60 - Loading Page 1
2026-08-01 06:21:08.284 | INFO     | api:get_file:84 - Loading File 126d518f-764b-2019-40a6-645aba60ba46
2026-08-01 06:21:08.513 | INFO     | monitor:scan:273 - Reached Old Files
2026-08-01 06:21:08.514 | INFO     | monitor:scan:303 - No New Serial
2026-08-01 06:21:08.514 | INFO     | monitor:scan:325 - Nothing Changed
2026-08-01 06:21:08.514 | SUCCESS  | monitor:scan:331 - Scan Finished
2026-08-01 06:21:08.515 | INFO     | monitor:start:67 - Sleep 60 Seconds
2026-08-01 06:22:08.516 | INFO     | auth.login:ensure_login:354 - Checking Login...
2026-08-01 06:22:08.519 | SUCCESS  | auth.login:load_saved_token:192 - Saved Token Loaded
2026-08-01 06:22:08.520 | SUCCESS  | auth.login:ensure_login:362 - Using Saved Token
2026-08-01 06:22:08.520 | INFO     | monitor:scan:111 - Scanning Website...
2026-08-01 06:22:08.522 | INFO     | monitor:scan:125 - Loading Page 1
2026-08-01 06:22:08.523 | INFO     | api:get_files:60 - Loading Page 1
2026-08-01 06:22:10.010 | INFO     | api:get_file:84 - Loading File 126d518f-764b-2019-40a6-645aba60ba46
2026-08-01 06:22:10.207 | INFO     | monitor:scan:273 - Reached Old Files
2026-08-01 06:22:10.207 | INFO     | monitor:scan:303 - No New Serial
2026-08-01 06:22:10.207 | INFO     | monitor:scan:325 - Nothing Changed
2026-08-01 06:22:10.208 | SUCCESS  | monitor:scan:331 - Scan Finished
2026-08-01 06:22:10.208 | INFO     | monitor:start:67 - Sleep 60 Seconds
2026-08-01 06:23:10.209 | INFO     | auth.login:ensure_login:354 - Checking Login...
2026-08-01 06:23:10.211 | SUCCESS  | auth.login:load_saved_token:192 - Saved Token Loaded
2026-08-01 06:23:10.212 | SUCCESS  | auth.login:ensure_login:362 - Using Saved Token
2026-08-01 06:23:10.212 | INFO     | monitor:scan:111 - Scanning Website...
2026-08-01 06:23:10.213 | INFO     | monitor:scan:125 - Loading Page 1
2026-08-01 06:23:10.214 | INFO     | api:get_files:60 - Loading Page 1
2026-08-01 06:23:11.711 | INFO     | api:get_file:84 - Loading File 126d518f-764b-2019-40a6-645aba60ba46
2026-08-01 06:23:11.928 | INFO     | monitor:scan:273 - Reached Old Files
2026-08-01 06:23:11.928 | INFO     | monitor:scan:303 - No New Serial
2026-08-01 06:23:11.928 | INFO     | monitor:scan:325 - Nothing Changed
2026-08-01 06:23:11.928 | SUCCESS  | monitor:scan:331 - Scan Finished
2026-08-01 06:23:11.929 | INFO     | monitor:start:67 - Sleep 60 Seconds
2026-08-01 06:24:11.930 | INFO     | auth.login:ensure_login:354 - Checking Login...
2026-08-01 06:24:11.933 | SUCCESS  | auth.login:load_saved_token:192 - Saved Token Loaded
2026-08-01 06:24:11.936 | SUCCESS  | auth.login:ensure_login:362 - Using Saved Token
2026-08-01 06:24:11.939 | INFO     | monitor:scan:111 - Scanning Website...
2026-08-01 06:24:11.941 | INFO     | monitor:scan:125 - Loading Page 1
2026-08-01 06:24:11.941 | INFO     | api:get_files:60 - Loading Page 1
2026-08-01 06:24:13.437 | INFO     | api:get_file:84 - Loading File 126d518f-764b-2019-40a6-645aba60ba46
2026-08-01 06:24:13.667 | INFO     | monitor:scan:273 - Reached Old Files
2026-08-01 06:24:13.668 | INFO     | monitor:scan:303 - No New Serial
2026-08-01 06:24:13.669 | INFO     | monitor:scan:325 - Nothing Changed
2026-08-01 06:24:13.670 | SUCCESS  | monitor:scan:331 - Scan Finished
2026-08-01 06:24:13.673 | INFO     | monitor:start:67 - Sleep 60 Seconds
2026-08-01 06:25:13.674 | INFO     | auth.login:ensure_login:354 - Checking Login...
2026-08-01 06:25:13.678 | SUCCESS  | auth.login:load_saved_token:192 - Saved Token Loaded
2026-08-01 06:25:13.680 | SUCCESS  | auth.login:ensure_login:362 - Using Saved Token
2026-08-01 06:25:13.682 | INFO     | monitor:scan:111 - Scanning Website...
2026-08-01 06:25:13.686 | INFO     | monitor:scan:125 - Loading Page 1
2026-08-01 06:25:13.687 | INFO     | api:get_files:60 - Loading Page 1
2026-08-01 06:25:15.244 | INFO     | api:get_file:84 - Loading File 126d518f-764b-2019-40a6-645aba60ba46
2026-08-01 06:25:15.474 | INFO     | monitor:scan:273 - Reached Old Files
2026-08-01 06:25:15.475 | INFO     | monitor:scan:303 - No New Serial
2026-08-01 06:25:15.475 | INFO     | monitor:scan:325 - Nothing Changed
2026-08-01 06:25:15.475 | SUCCESS  | monitor:scan:331 - Scan Finished
2026-08-01 06:25:15.476 | INFO     | monitor:start:67 - Sleep 60 Seconds
2026-08-01 06:26:15.476 | INFO     | auth.login:ensure_login:354 - Checking Login...
2026-08-01 06:26:15.477 | SUCCESS  | auth.login:load_saved_token:192 - Saved Token Loaded
2026-08-01 06:26:15.477 | SUCCESS  | auth.login:ensure_login:362 - Using Saved Token
2026-08-01 06:26:15.477 | INFO     | monitor:scan:111 - Scanning Website...
2026-08-01 06:26:15.478 | INFO     | monitor:scan:125 - Loading Page 1
2026-08-01 06:26:15.478 | INFO     | api:get_files:60 - Loading Page 1
2026-08-01 06:26:17.050 | INFO     | api:get_file:84 - Loading File 126d518f-764b-2019-40a6-645aba60ba46
2026-08-01 06:26:17.277 | INFO     | monitor:scan:273 - Reached Old Files
2026-08-01 06:26:17.277 | INFO     | monitor:scan:303 - No New Serial
2026-08-01 06:26:17.277 | INFO     | monitor:scan:325 - Nothing Changed
2026-08-01 06:26:17.278 | SUCCESS  | monitor:scan:331 - Scan Finished
2026-08-01 06:26:17.278 | INFO     | monitor:start:67 - Sleep 60 Seconds
2026-08-01 06:27:17.279 | INFO     | auth.login:ensure_login:354 - Checking Login...
2026-08-01 06:27:17.281 | SUCCESS  | auth.login:load_saved_token:192 - Saved Token Loaded
2026-08-01 06:27:17.282 | SUCCESS  | auth.login:ensure_login:362 - Using Saved Token
2026-08-01 06:27:17.283 | INFO     | monitor:scan:111 - Scanning Website...
2026-08-01 06:27:17.284 | INFO     | monitor:scan:125 - Loading Page 1
2026-08-01 06:27:17.285 | INFO     | api:get_files:60 - Loading Page 1
2026-08-01 06:27:20.634 | INFO     | api:get_file:84 - Loading File 126d518f-764b-2019-40a6-645aba60ba46
2026-08-01 06:27:20.861 | INFO     | monitor:scan:273 - Reached Old Files
2026-08-01 06:27:20.862 | INFO     | monitor:scan:303 - No New Serial
2026-08-01 06:27:20.863 | INFO     | monitor:scan:325 - Nothing Changed
2026-08-01 06:27:20.864 | SUCCESS  | monitor:scan:331 - Scan Finished
2026-08-01 06:27:20.865 | INFO     | monitor:start:67 - Sleep 60 Seconds
2026-08-01 06:28:20.867 | INFO     | auth.login:ensure_login:354 - Checking Login...
2026-08-01 06:28:20.867 | SUCCESS  | auth.login:load_saved_token:192 - Saved Token Loaded
2026-08-01 06:28:20.867 | SUCCESS  | auth.login:ensure_login:362 - Using Saved Token
2026-08-01 06:28:20.867 | INFO     | monitor:scan:111 - Scanning Website...
2026-08-01 06:28:20.868 | INFO     | monitor:scan:125 - Loading Page 1
2026-08-01 06:28:20.868 | INFO     | api:get_files:60 - Loading Page 1
2026-08-01 06:28:22.392 | INFO     | api:get_file:84 - Loading File 126d518f-764b-2019-40a6-645aba60ba46
2026-08-01 06:28:22.609 | INFO     | monitor:scan:273 - Reached Old Files
2026-08-01 06:28:22.610 | INFO     | monitor:scan:303 - No New Serial
2026-08-01 06:28:22.611 | INFO     | monitor:scan:325 - Nothing Changed
2026-08-01 06:28:22.611 | SUCCESS  | monitor:scan:331 - Scan Finished
2026-08-01 06:28:22.612 | INFO     | monitor:start:67 - Sleep 60 Seconds
2026-08-01 06:29:22.613 | INFO     | auth.login:ensure_login:354 - Checking Login...
2026-08-01 06:29:22.617 | SUCCESS  | auth.login:load_saved_token:192 - Saved Token Loaded
2026-08-01 06:29:22.619 | SUCCESS  | auth.login:ensure_login:362 - Using Saved Token
2026-08-01 06:29:22.620 | INFO     | monitor:scan:111 - Scanning Website...
2026-08-01 06:29:22.622 | INFO     | monitor:scan:125 - Loading Page 1
2026-08-01 06:29:22.623 | INFO     | api:get_files:60 - Loading Page 1
2026-08-01 06:29:25.809 | INFO     | api:get_file:84 - Loading File 126d518f-764b-2019-40a6-645aba60ba46
2026-08-01 06:29:26.032 | INFO     | monitor:scan:273 - Reached Old Files
2026-08-01 06:29:26.034 | INFO     | monitor:scan:303 - No New Serial
2026-08-01 06:29:26.034 | INFO     | monitor:scan:325 - Nothing Changed
2026-08-01 06:29:26.035 | SUCCESS  | monitor:scan:331 - Scan Finished
2026-08-01 06:29:26.036 | INFO     | monitor:start:67 - Sleep 60 Seconds
2026-08-01 06:30:26.038 | INFO     | auth.login:ensure_login:354 - Checking Login...
2026-08-01 06:30:26.042 | SUCCESS  | auth.login:load_saved_token:192 - Saved Token Loaded
2026-08-01 06:30:26.043 | SUCCESS  | auth.login:ensure_login:362 - Using Saved Token
2026-08-01 06:30:26.044 | INFO     | monitor:scan:111 - Scanning Website...
2026-08-01 06:30:26.048 | INFO     | monitor:scan:125 - Loading Page 1
2026-08-01 06:30:26.049 | INFO     | api:get_files:60 - Loading Page 1
2026-08-01 06:30:26.472 | WARNING  | auth.login:get:411 - Access Token Expired
2026-08-01 06:30:26.474 | INFO     | auth.login:login:262 - Logging in...
2026-08-01 06:30:26.916 | SUCCESS  | auth.login:save_token:242 - Token Saved
2026-08-01 06:30:26.916 | SUCCESS  | auth.login:login:340 - Login Successful
2026-08-01 06:30:28.062 | INFO     | api:get_file:84 - Loading File 126d518f-764b-2019-40a6-645aba60ba46
2026-08-01 06:30:28.292 | INFO     | monitor:scan:273 - Reached Old Files
2026-08-01 06:30:28.294 | INFO     | monitor:scan:303 - No New Serial
2026-08-01 06:30:28.295 | INFO     | monitor:scan:325 - Nothing Changed
2026-08-01 06:30:28.297 | SUCCESS  | monitor:scan:331 - Scan Finished
2026-08-01 06:30:28.299 | INFO     | monitor:start:67 - Sleep 60 Seconds
2026-08-01 06:31:28.301 | INFO     | auth.login:ensure_login:354 - Checking Login...
2026-08-01 06:31:28.308 | SUCCESS  | auth.login:load_saved_token:192 - Saved Token Loaded
2026-08-01 06:31:28.309 | SUCCESS  | auth.login:ensure_login:362 - Using Saved Token
2026-08-01 06:31:28.309 | INFO     | monitor:scan:111 - Scanning Website...
2026-08-01 06:31:28.309 | INFO     | monitor:scan:125 - Loading Page 1
2026-08-01 06:31:28.310 | INFO     | api:get_files:60 - Loading Page 1
2026-08-01 06:31:30.023 | INFO     | api:get_file:84 - Loading File 126d518f-764b-2019-40a6-645aba60ba46
2026-08-01 06:31:30.249 | INFO     | monitor:scan:273 - Reached Old Files
2026-08-01 06:31:30.249 | INFO     | monitor:scan:303 - No New Serial
2026-08-01 06:31:30.249 | INFO     | monitor:scan:325 - Nothing Changed
2026-08-01 06:31:30.249 | SUCCESS  | monitor:scan:331 - Scan Finished
2026-08-01 06:31:30.249 | INFO     | monitor:start:67 - Sleep 60 Seconds
2026-08-01 06:32:30.250 | INFO     | auth.login:ensure_login:354 - Checking Login...
2026-08-01 06:32:30.251 | SUCCESS  | auth.login:load_saved_token:192 - Saved Token Loaded
2026-08-01 06:32:30.251 | SUCCESS  | auth.login:ensure_login:362 - Using Saved Token
2026-08-01 06:32:30.251 | INFO     | monitor:scan:111 - Scanning Website...
2026-08-01 06:32:30.252 | INFO     | monitor:scan:125 - Loading Page 1
2026-08-01 06:32:30.252 | INFO     | api:get_files:60 - Loading Page 1
2026-08-01 06:32:33.532 | INFO     | api:get_file:84 - Loading File 126d518f-764b-2019-40a6-645aba60ba46
2026-08-01 06:32:33.758 | INFO     | monitor:scan:273 - Reached Old Files
2026-08-01 06:32:33.759 | INFO     | monitor:scan:303 - No New Serial
2026-08-01 06:32:33.760 | INFO     | monitor:scan:325 - Nothing Changed
2026-08-01 06:32:33.760 | SUCCESS  | monitor:scan:331 - Scan Finished
2026-08-01 06:32:33.760 | INFO     | monitor:start:67 - Sleep 60 Seconds
2026-08-01 06:33:33.762 | INFO     | auth.login:ensure_login:354 - Checking Login...
2026-08-01 06:33:33.765 | SUCCESS  | auth.login:load_saved_token:192 - Saved Token Loaded
2026-08-01 06:33:33.767 | SUCCESS  | auth.login:ensure_login:362 - Using Saved Token
2026-08-01 06:33:33.769 | INFO     | monitor:scan:111 - Scanning Website...
2026-08-01 06:33:33.773 | INFO     | monitor:scan:125 - Loading Page 1
2026-08-01 06:33:33.775 | INFO     | api:get_files:60 - Loading Page 1
2026-08-01 06:33:35.290 | INFO     | api:get_file:84 - Loading File 126d518f-764b-2019-40a6-645aba60ba46
2026-08-01 06:33:35.513 | INFO     | monitor:scan:273 - Reached Old Files
2026-08-01 06:33:35.514 | INFO     | monitor:scan:303 - No New Serial
2026-08-01 06:33:35.515 | INFO     | monitor:scan:325 - Nothing Changed
2026-08-01 06:33:35.516 | SUCCESS  | monitor:scan:331 - Scan Finished
2026-08-01 06:33:35.517 | INFO     | monitor:start:67 - Sleep 60 Seconds
2026-08-01 06:34:35.518 | INFO     | auth.login:ensure_login:354 - Checking Login...
2026-08-01 06:34:35.522 | SUCCESS  | auth.login:load_saved_token:192 - Saved Token Loaded
2026-08-01 06:34:35.523 | SUCCESS  | auth.login:ensure_login:362 - Using Saved Token
2026-08-01 06:34:35.524 | INFO     | monitor:scan:111 - Scanning Website...
2026-08-01 06:34:35.528 | INFO     | monitor:scan:125 - Loading Page 1
2026-08-01 06:34:35.530 | INFO     | api:get_files:60 - Loading Page 1
2026-08-01 06:34:37.045 | INFO     | api:get_file:84 - Loading File 126d518f-764b-2019-40a6-645aba60ba46
2026-08-01 06:34:37.275 | INFO     | monitor:scan:273 - Reached Old Files
2026-08-01 06:34:37.277 | INFO     | monitor:scan:303 - No New Serial
2026-08-01 06:34:37.278 | INFO     | monitor:scan:325 - Nothing Changed
2026-08-01 06:34:37.280 | SUCCESS  | monitor:scan:331 - Scan Finished
2026-08-01 06:34:37.281 | INFO     | monitor:start:67 - Sleep 60 Seconds
2026-08-01 06:35:37.282 | INFO     | auth.login:ensure_login:354 - Checking Login...
2026-08-01 06:35:37.283 | SUCCESS  | auth.login:load_saved_token:192 - Saved Token Loaded
2026-08-01 06:35:37.284 | SUCCESS  | auth.login:ensure_login:362 - Using Saved Token
2026-08-01 06:35:37.284 | INFO     | monitor:scan:111 - Scanning Website...
2026-08-01 06:35:37.285 | INFO     | monitor:scan:125 - Loading Page 1
2026-08-01 06:35:37.285 | INFO     | api:get_files:60 - Loading Page 1
2026-08-01 06:35:40.596 | INFO     | api:get_file:84 - Loading File 126d518f-764b-2019-40a6-645aba60ba46
2026-08-01 06:35:40.823 | INFO     | monitor:scan:273 - Reached Old Files
2026-08-01 06:35:40.823 | INFO     | monitor:scan:303 - No New Serial
2026-08-01 06:35:40.824 | INFO     | monitor:scan:325 - Nothing Changed
2026-08-01 06:35:40.824 | SUCCESS  | monitor:scan:331 - Scan Finished
2026-08-01 06:35:40.825 | INFO     | monitor:start:67 - Sleep 60 Seconds
2026-08-01 06:36:40.825 | INFO     | auth.login:ensure_login:354 - Checking Login...
2026-08-01 06:36:40.829 | SUCCESS  | auth.login:load_saved_token:192 - Saved Token Loaded
2026-08-01 06:36:40.830 | SUCCESS  | auth.login:ensure_login:362 - Using Saved Token
2026-08-01 06:36:40.831 | INFO     | monitor:scan:111 - Scanning Website...
2026-08-01 06:36:40.837 | INFO     | monitor:scan:125 - Loading Page 1
2026-08-01 06:36:40.838 | INFO     | api:get_files:60 - Loading Page 1
2026-08-01 06:36:43.780 | INFO     | api:get_file:84 - Loading File 126d518f-764b-2019-40a6-645aba60ba46
2026-08-01 06:36:43.986 | INFO     | monitor:scan:273 - Reached Old Files
2026-08-01 06:36:43.986 | INFO     | monitor:scan:303 - No New Serial
2026-08-01 06:36:43.986 | INFO     | monitor:scan:325 - Nothing Changed
2026-08-01 06:36:43.987 | SUCCESS  | monitor:scan:331 - Scan Finished
2026-08-01 06:36:43.987 | INFO     | monitor:start:67 - Sleep 60 Seconds
2026-08-01 06:37:43.988 | INFO     | auth.login:ensure_login:354 - Checking Login...
2026-08-01 06:37:43.992 | SUCCESS  | auth.login:load_saved_token:192 - Saved Token Loaded
2026-08-01 06:37:43.993 | SUCCESS  | auth.login:ensure_login:362 - Using Saved Token
2026-08-01 06:37:43.994 | INFO     | monitor:scan:111 - Scanning Website...
2026-08-01 06:37:43.997 | INFO     | monitor:scan:125 - Loading Page 1
2026-08-01 06:37:44.000 | INFO     | api:get_files:60 - Loading Page 1
2026-08-01 06:37:45.532 | INFO     | api:get_file:84 - Loading File 126d518f-764b-2019-40a6-645aba60ba46
2026-08-01 06:37:45.757 | INFO     | monitor:scan:273 - Reached Old Files
2026-08-01 06:37:45.757 | INFO     | monitor:scan:303 - No New Serial
2026-08-01 06:37:45.758 | INFO     | monitor:scan:325 - Nothing Changed
2026-08-01 06:37:45.758 | SUCCESS  | monitor:scan:331 - Scan Finished
2026-08-01 06:37:45.758 | INFO     | monitor:start:67 - Sleep 60 Seconds
2026-08-01 06:38:45.759 | INFO     | auth.login:ensure_login:354 - Checking Login...
2026-08-01 06:38:45.760 | SUCCESS  | auth.login:load_saved_token:192 - Saved Token Loaded
2026-08-01 06:38:45.760 | SUCCESS  | auth.login:ensure_login:362 - Using Saved Token
2026-08-01 06:38:45.760 | INFO     | monitor:scan:111 - Scanning Website...
2026-08-01 06:38:45.760 | INFO     | monitor:scan:125 - Loading Page 1
2026-08-01 06:38:45.761 | INFO     | api:get_files:60 - Loading Page 1
2026-08-01 06:38:47.250 | INFO     | api:get_file:84 - Loading File 126d518f-764b-2019-40a6-645aba60ba46
2026-08-01 06:38:47.471 | INFO     | monitor:scan:273 - Reached Old Files
2026-08-01 06:38:47.471 | INFO     | monitor:scan:303 - No New Serial
2026-08-01 06:38:47.471 | INFO     | monitor:scan:325 - Nothing Changed
2026-08-01 06:38:47.471 | SUCCESS  | monitor:scan:331 - Scan Finished
2026-08-01 06:38:47.472 | INFO     | monitor:start:67 - Sleep 60 Seconds
2026-08-01 06:39:47.472 | INFO     | auth.login:ensure_login:354 - Checking Login...
2026-08-01 06:39:47.476 | SUCCESS  | auth.login:load_saved_token:192 - Saved Token Loaded
2026-08-01 06:39:47.477 | SUCCESS  | auth.login:ensure_login:362 - Using Saved Token
2026-08-01 06:39:47.478 | INFO     | monitor:scan:111 - Scanning Website...
2026-08-01 06:39:47.481 | INFO     | monitor:scan:125 - Loading Page 1
2026-08-01 06:39:47.482 | INFO     | api:get_files:60 - Loading Page 1
2026-08-01 06:39:49.011 | INFO     | api:get_file:84 - Loading File 126d518f-764b-2019-40a6-645aba60ba46
2026-08-01 06:39:49.240 | INFO     | monitor:scan:273 - Reached Old Files
2026-08-01 06:39:49.241 | INFO     | monitor:scan:303 - No New Serial
2026-08-01 06:39:49.242 | INFO     | monitor:scan:325 - Nothing Changed
2026-08-01 06:39:49.244 | SUCCESS  | monitor:scan:331 - Scan Finished
2026-08-01 06:39:49.244 | INFO     | monitor:start:67 - Sleep 60 Seconds
2026-08-01 06:40:49.244 | INFO     | auth.login:ensure_login:354 - Checking Login...
2026-08-01 06:40:49.245 | SUCCESS  | auth.login:load_saved_token:192 - Saved Token Loaded
2026-08-01 06:40:49.245 | SUCCESS  | auth.login:ensure_login:362 - Using Saved Token
2026-08-01 06:40:49.246 | INFO     | monitor:scan:111 - Scanning Website...
2026-08-01 06:40:49.246 | INFO     | monitor:scan:125 - Loading Page 1
2026-08-01 06:40:49.247 | INFO     | api:get_files:60 - Loading Page 1
2026-08-01 06:40:49.674 | WARNING  | auth.login:get:411 - Access Token Expired
2026-08-01 06:40:49.676 | INFO     | auth.login:login:262 - Logging in...
2026-08-01 06:40:50.148 | SUCCESS  | auth.login:save_token:242 - Token Saved
2026-08-01 06:40:50.149 | SUCCESS  | auth.login:login:340 - Login Successful
2026-08-01 06:40:51.338 | INFO     | api:get_file:84 - Loading File 126d518f-764b-2019-40a6-645aba60ba46
2026-08-01 06:40:51.567 | INFO     | monitor:scan:273 - Reached Old Files
2026-08-01 06:40:51.567 | INFO     | monitor:scan:303 - No New Serial
2026-08-01 06:40:51.567 | INFO     | monitor:scan:325 - Nothing Changed
2026-08-01 06:40:51.568 | SUCCESS  | monitor:scan:331 - Scan Finished
2026-08-01 06:40:51.568 | INFO     | monitor:start:67 - Sleep 60 Seconds
2026-08-01 06:41:51.569 | INFO     | auth.login:ensure_login:354 - Checking Login...
2026-08-01 06:41:51.581 | SUCCESS  | auth.login:load_saved_token:192 - Saved Token Loaded
2026-08-01 06:41:51.581 | SUCCESS  | auth.login:ensure_login:362 - Using Saved Token
2026-08-01 06:41:51.581 | INFO     | monitor:scan:111 - Scanning Website...
2026-08-01 06:41:51.582 | INFO     | monitor:scan:125 - Loading Page 1
2026-08-01 06:41:51.582 | INFO     | api:get_files:60 - Loading Page 1
2026-08-01 06:41:53.116 | INFO     | api:get_file:84 - Loading File 126d518f-764b-2019-40a6-645aba60ba46
2026-08-01 06:41:53.348 | INFO     | monitor:scan:273 - Reached Old Files
2026-08-01 06:41:53.350 | INFO     | monitor:scan:303 - No New Serial
2026-08-01 06:41:53.351 | INFO     | monitor:scan:325 - Nothing Changed
2026-08-01 06:41:53.353 | SUCCESS  | monitor:scan:331 - Scan Finished
2026-08-01 06:41:53.355 | INFO     | monitor:start:67 - Sleep 60 Seconds
2026-08-01 06:42:53.358 | INFO     | auth.login:ensure_login:354 - Checking Login...
2026-08-01 06:42:53.358 | SUCCESS  | auth.login:load_saved_token:192 - Saved Token Loaded
2026-08-01 06:42:53.358 | SUCCESS  | auth.login:ensure_login:362 - Using Saved Token
2026-08-01 06:42:53.359 | INFO     | monitor:scan:111 - Scanning Website...
2026-08-01 06:42:53.360 | INFO     | monitor:scan:125 - Loading Page 1
2026-08-01 06:42:53.360 | INFO     | api:get_files:60 - Loading Page 1
2026-08-01 06:42:54.882 | INFO     | api:get_file:84 - Loading File 126d518f-764b-2019-40a6-645aba60ba46
2026-08-01 06:42:55.107 | INFO     | monitor:scan:273 - Reached Old Files
2026-08-01 06:42:55.107 | INFO     | monitor:scan:303 - No New Serial
2026-08-01 06:42:55.108 | INFO     | monitor:scan:325 - Nothing Changed
2026-08-01 06:42:55.108 | SUCCESS  | monitor:scan:331 - Scan Finished
2026-08-01 06:42:55.108 | INFO     | monitor:start:67 - Sleep 60 Seconds
2026-08-01 06:43:55.109 | INFO     | auth.login:ensure_login:354 - Checking Login...
2026-08-01 06:43:55.110 | SUCCESS  | auth.login:load_saved_token:192 - Saved Token Loaded
2026-08-01 06:43:55.111 | SUCCESS  | auth.login:ensure_login:362 - Using Saved Token
2026-08-01 06:43:55.111 | INFO     | monitor:scan:111 - Scanning Website...
2026-08-01 06:43:55.112 | INFO     | monitor:scan:125 - Loading Page 1
2026-08-01 06:43:55.112 | INFO     | api:get_files:60 - Loading Page 1
2026-08-01 06:43:57.950 | INFO     | api:get_file:84 - Loading File 126d518f-764b-2019-40a6-645aba60ba46
2026-08-01 06:43:58.180 | INFO     | monitor:scan:273 - Reached Old Files
2026-08-01 06:43:58.180 | INFO     | monitor:scan:303 - No New Serial
2026-08-01 06:43:58.180 | INFO     | monitor:scan:325 - Nothing Changed
2026-08-01 06:43:58.180 | SUCCESS  | monitor:scan:331 - Scan Finished
2026-08-01 06:43:58.181 | INFO     | monitor:start:67 - Sleep 60 Seconds
2026-08-01 06:44:58.182 | INFO     | auth.login:ensure_login:354 - Checking Login...
2026-08-01 06:44:58.183 | SUCCESS  | auth.login:load_saved_token:192 - Saved Token Loaded
2026-08-01 06:44:58.183 | SUCCESS  | auth.login:ensure_login:362 - Using Saved Token
2026-08-01 06:44:58.183 | INFO     | monitor:scan:111 - Scanning Website...
2026-08-01 06:44:58.184 | INFO     | monitor:scan:125 - Loading Page 1
2026-08-01 06:44:58.184 | INFO     | api:get_files:60 - Loading Page 1
2026-08-01 06:45:01.036 | INFO     | api:get_file:84 - Loading File 126d518f-764b-2019-40a6-645aba60ba46
2026-08-01 06:45:01.265 | INFO     | monitor:scan:273 - Reached Old Files
2026-08-01 06:45:01.265 | INFO     | monitor:scan:303 - No New Serial
2026-08-01 06:45:01.266 | INFO     | monitor:scan:325 - Nothing Changed
2026-08-01 06:45:01.266 | SUCCESS  | monitor:scan:331 - Scan Finished
2026-08-01 06:45:01.266 | INFO     | monitor:start:67 - Sleep 60 Seconds
2026-08-01 06:46:01.267 | INFO     | auth.login:ensure_login:354 - Checking Login...
2026-08-01 06:46:01.269 | SUCCESS  | auth.login:load_saved_token:192 - Saved Token Loaded
2026-08-01 06:46:01.270 | SUCCESS  | auth.login:ensure_login:362 - Using Saved Token
2026-08-01 06:46:01.270 | INFO     | monitor:scan:111 - Scanning Website...
2026-08-01 06:46:01.271 | INFO     | monitor:scan:125 - Loading Page 1
2026-08-01 06:46:01.271 | INFO     | api:get_files:60 - Loading Page 1
2026-08-01 06:46:04.342 | INFO     | api:get_file:84 - Loading File 126d518f-764b-2019-40a6-645aba60ba46
2026-08-01 06:46:04.555 | INFO     | monitor:scan:273 - Reached Old Files
2026-08-01 06:46:04.555 | INFO     | monitor:scan:303 - No New Serial
2026-08-01 06:46:04.555 | INFO     | monitor:scan:325 - Nothing Changed
2026-08-01 06:46:04.556 | SUCCESS  | monitor:scan:331 - Scan Finished
2026-08-01 06:46:04.557 | INFO     | monitor:start:67 - Sleep 60 Seconds
2026-08-01 06:47:04.557 | INFO     | auth.login:ensure_login:354 - Checking Login...
2026-08-01 06:47:04.558 | SUCCESS  | auth.login:load_saved_token:192 - Saved Token Loaded
2026-08-01 06:47:04.558 | SUCCESS  | auth.login:ensure_login:362 - Using Saved Token
2026-08-01 06:47:04.559 | INFO     | monitor:scan:111 - Scanning Website...
2026-08-01 06:47:04.560 | INFO     | monitor:scan:125 - Loading Page 1
2026-08-01 06:47:04.560 | INFO     | api:get_files:60 - Loading Page 1
2026-08-01 06:47:06.096 | INFO     | api:get_file:84 - Loading File 126d518f-764b-2019-40a6-645aba60ba46
2026-08-01 06:47:06.304 | INFO     | monitor:scan:273 - Reached Old Files
2026-08-01 06:47:06.304 | INFO     | monitor:scan:303 - No New Serial
2026-08-01 06:47:06.305 | INFO     | monitor:scan:325 - Nothing Changed
2026-08-01 06:47:06.305 | SUCCESS  | monitor:scan:331 - Scan Finished
2026-08-01 06:47:06.305 | INFO     | monitor:start:67 - Sleep 60 Seconds
2026-08-01 06:48:06.306 | INFO     | auth.login:ensure_login:354 - Checking Login...
2026-08-01 06:48:06.309 | SUCCESS  | auth.login:load_saved_token:192 - Saved Token Loaded
2026-08-01 06:48:06.310 | SUCCESS  | auth.login:ensure_login:362 - Using Saved Token
2026-08-01 06:48:06.312 | INFO     | monitor:scan:111 - Scanning Website...
2026-08-01 06:48:06.314 | INFO     | monitor:scan:125 - Loading Page 1
2026-08-01 06:48:06.314 | INFO     | api:get_files:60 - Loading Page 1
2026-08-01 06:48:09.601 | INFO     | api:get_file:84 - Loading File 126d518f-764b-2019-40a6-645aba60ba46
2026-08-01 06:48:09.827 | INFO     | monitor:scan:273 - Reached Old Files
2026-08-01 06:48:09.827 | INFO     | monitor:scan:303 - No New Serial
2026-08-01 06:48:09.828 | INFO     | monitor:scan:325 - Nothing Changed
2026-08-01 06:48:09.828 | SUCCESS  | monitor:scan:331 - Scan Finished
2026-08-01 06:48:09.828 | INFO     | monitor:start:67 - Sleep 60 Seconds
2026-08-01 06:49:09.829 | INFO     | auth.login:ensure_login:354 - Checking Login...
2026-08-01 06:49:09.829 | SUCCESS  | auth.login:load_saved_token:192 - Saved Token Loaded
2026-08-01 06:49:09.830 | SUCCESS  | auth.login:ensure_login:362 - Using Saved Token
2026-08-01 06:49:09.830 | INFO     | monitor:scan:111 - Scanning Website...
2026-08-01 06:49:09.830 | INFO     | monitor:scan:125 - Loading Page 1
2026-08-01 06:49:09.830 | INFO     | api:get_files:60 - Loading Page 1
2026-08-01 06:49:11.301 | INFO     | api:get_file:84 - Loading File 126d518f-764b-2019-40a6-645aba60ba46
2026-08-01 06:49:11.527 | INFO     | monitor:scan:273 - Reached Old Files
2026-08-01 06:49:11.529 | INFO     | monitor:scan:303 - No New Serial
2026-08-01 06:49:11.529 | INFO     | monitor:scan:325 - Nothing Changed
2026-08-01 06:49:11.529 | SUCCESS  | monitor:scan:331 - Scan Finished
2026-08-01 06:49:11.531 | INFO     | monitor:start:67 - Sleep 60 Seconds
2026-08-01 06:50:11.532 | INFO     | auth.login:ensure_login:354 - Checking Login...
2026-08-01 06:50:11.537 | SUCCESS  | auth.login:load_saved_token:192 - Saved Token Loaded
2026-08-01 06:50:11.539 | SUCCESS  | auth.login:ensure_login:362 - Using Saved Token
2026-08-01 06:50:11.541 | INFO     | monitor:scan:111 - Scanning Website...
2026-08-01 06:50:11.549 | INFO     | monitor:scan:125 - Loading Page 1
2026-08-01 06:50:11.551 | INFO     | api:get_files:60 - Loading Page 1
2026-08-01 06:50:14.397 | INFO     | api:get_file:84 - Loading File 126d518f-764b-2019-40a6-645aba60ba46
2026-08-01 06:50:14.636 | INFO     | monitor:scan:273 - Reached Old Files
2026-08-01 06:50:14.637 | INFO     | monitor:scan:303 - No New Serial
2026-08-01 06:50:14.638 | INFO     | monitor:scan:325 - Nothing Changed
2026-08-01 06:50:14.640 | SUCCESS  | monitor:scan:331 - Scan Finished
2026-08-01 06:50:14.643 | INFO     | monitor:start:67 - Sleep 60 Seconds
2026-08-01 06:51:14.644 | INFO     | auth.login:ensure_login:354 - Checking Login...
2026-08-01 06:51:14.647 | SUCCESS  | auth.login:load_saved_token:192 - Saved Token Loaded
2026-08-01 06:51:14.649 | SUCCESS  | auth.login:ensure_login:362 - Using Saved Token
2026-08-01 06:51:14.651 | INFO     | monitor:scan:111 - Scanning Website...
2026-08-01 06:51:14.652 | INFO     | monitor:scan:125 - Loading Page 1
2026-08-01 06:51:14.653 | INFO     | api:get_files:60 - Loading Page 1
2026-08-01 06:51:15.102 | WARNING  | auth.login:get:411 - Access Token Expired
2026-08-01 06:51:15.104 | INFO     | auth.login:login:262 - Logging in...
2026-08-01 06:51:15.615 | SUCCESS  | auth.login:save_token:242 - Token Saved
2026-08-01 06:51:15.617 | SUCCESS  | auth.login:login:340 - Login Successful
2026-08-01 06:51:17.023 | INFO     | api:get_file:84 - Loading File 126d518f-764b-2019-40a6-645aba60ba46
2026-08-01 06:51:17.252 | INFO     | monitor:scan:273 - Reached Old Files
2026-08-01 06:51:17.253 | INFO     | monitor:scan:303 - No New Serial
2026-08-01 06:51:17.256 | INFO     | monitor:scan:325 - Nothing Changed
2026-08-01 06:51:17.259 | SUCCESS  | monitor:scan:331 - Scan Finished
2026-08-01 06:51:17.261 | INFO     | monitor:start:67 - Sleep 60 Seconds
2026-08-01 06:52:17.264 | INFO     | auth.login:ensure_login:354 - Checking Login...
2026-08-01 06:52:17.271 | SUCCESS  | auth.login:load_saved_token:192 - Saved Token Loaded
2026-08-01 06:52:17.271 | SUCCESS  | auth.login:ensure_login:362 - Using Saved Token
2026-08-01 06:52:17.272 | INFO     | monitor:scan:111 - Scanning Website...
2026-08-01 06:52:17.272 | INFO     | monitor:scan:125 - Loading Page 1
2026-08-01 06:52:17.272 | INFO     | api:get_files:60 - Loading Page 1
2026-08-01 06:52:18.876 | INFO     | api:get_file:84 - Loading File 126d518f-764b-2019-40a6-645aba60ba46
2026-08-01 06:52:19.105 | INFO     | monitor:scan:273 - Reached Old Files
2026-08-01 06:52:19.106 | INFO     | monitor:scan:303 - No New Serial
2026-08-01 06:52:19.107 | INFO     | monitor:scan:325 - Nothing Changed
2026-08-01 06:52:19.108 | SUCCESS  | monitor:scan:331 - Scan Finished
2026-08-01 06:52:19.109 | INFO     | monitor:start:67 - Sleep 60 Seconds
2026-08-01 06:53:19.110 | INFO     | auth.login:ensure_login:354 - Checking Login...
2026-08-01 06:53:19.115 | SUCCESS  | auth.login:load_saved_token:192 - Saved Token Loaded
2026-08-01 06:53:19.117 | SUCCESS  | auth.login:ensure_login:362 - Using Saved Token
2026-08-01 06:53:19.121 | INFO     | monitor:scan:111 - Scanning Website...
2026-08-01 06:53:19.126 | INFO     | monitor:scan:125 - Loading Page 1
2026-08-01 06:53:19.129 | INFO     | api:get_files:60 - Loading Page 1
2026-08-01 06:53:20.749 | INFO     | api:get_file:84 - Loading File 126d518f-764b-2019-40a6-645aba60ba46
2026-08-01 06:53:20.979 | INFO     | monitor:scan:273 - Reached Old Files
2026-08-01 06:53:20.980 | INFO     | monitor:scan:303 - No New Serial
2026-08-01 06:53:20.981 | INFO     | monitor:scan:325 - Nothing Changed
2026-08-01 06:53:20.982 | SUCCESS  | monitor:scan:331 - Scan Finished
2026-08-01 06:53:20.984 | INFO     | monitor:start:67 - Sleep 60 Seconds
2026-08-01 06:54:20.985 | INFO     | auth.login:ensure_login:354 - Checking Login...
2026-08-01 06:54:20.987 | SUCCESS  | auth.login:load_saved_token:192 - Saved Token Loaded
2026-08-01 06:54:20.987 | SUCCESS  | auth.login:ensure_login:362 - Using Saved Token
2026-08-01 06:54:20.989 | INFO     | monitor:scan:111 - Scanning Website...
2026-08-01 06:54:20.993 | INFO     | monitor:scan:125 - Loading Page 1
2026-08-01 06:54:20.994 | INFO     | api:get_files:60 - Loading Page 1
2026-08-01 06:54:22.484 | INFO     | api:get_file:84 - Loading File 126d518f-764b-2019-40a6-645aba60ba46
2026-08-01 06:54:22.696 | INFO     | monitor:scan:273 - Reached Old Files
2026-08-01 06:54:22.698 | INFO     | monitor:scan:303 - No New Serial
2026-08-01 06:54:22.700 | INFO     | monitor:scan:325 - Nothing Changed
2026-08-01 06:54:22.701 | SUCCESS  | monitor:scan:331 - Scan Finished
2026-08-01 06:54:22.703 | INFO     | monitor:start:67 - Sleep 60 Seconds
2026-08-01 06:55:22.705 | INFO     | auth.login:ensure_login:354 - Checking Login...
2026-08-01 06:55:22.710 | SUCCESS  | auth.login:load_saved_token:192 - Saved Token Loaded
2026-08-01 06:55:22.713 | SUCCESS  | auth.login:ensure_login:362 - Using Saved Token
2026-08-01 06:55:22.715 | INFO     | monitor:scan:111 - Scanning Website...
2026-08-01 06:55:22.719 | INFO     | monitor:scan:125 - Loading Page 1
2026-08-01 06:55:22.719 | INFO     | api:get_files:60 - Loading Page 1
2026-08-01 06:55:26.212 | INFO     | api:get_file:84 - Loading File 126d518f-764b-2019-40a6-645aba60ba46
2026-08-01 06:55:26.442 | INFO     | monitor:scan:273 - Reached Old Files
2026-08-01 06:55:26.444 | INFO     | monitor:scan:303 - No New Serial
2026-08-01 06:55:26.445 | INFO     | monitor:scan:325 - Nothing Changed
2026-08-01 06:55:26.446 | SUCCESS  | monitor:scan:331 - Scan Finished
2026-08-01 06:55:26.448 | INFO     | monitor:start:67 - Sleep 60 Seconds
2026-08-01 06:56:26.449 | INFO     | auth.login:ensure_login:354 - Checking Login...
2026-08-01 06:56:26.452 | SUCCESS  | auth.login:load_saved_token:192 - Saved Token Loaded
2026-08-01 06:56:26.454 | SUCCESS  | auth.login:ensure_login:362 - Using Saved Token
2026-08-01 06:56:26.455 | INFO     | monitor:scan:111 - Scanning Website...
2026-08-01 06:56:26.457 | INFO     | monitor:scan:125 - Loading Page 1
2026-08-01 06:56:26.457 | INFO     | api:get_files:60 - Loading Page 1
2026-08-01 06:56:28.734 | INFO     | api:get_file:84 - Loading File 126d518f-764b-2019-40a6-645aba60ba46
2026-08-01 06:56:28.968 | INFO     | monitor:scan:273 - Reached Old Files
2026-08-01 06:56:28.969 | INFO     | monitor:scan:303 - No New Serial
2026-08-01 06:56:28.969 | INFO     | monitor:scan:325 - Nothing Changed
2026-08-01 06:56:28.970 | SUCCESS  | monitor:scan:331 - Scan Finished
2026-08-01 06:56:28.972 | INFO     | monitor:start:67 - Sleep 60 Seconds
2026-08-01 06:57:28.973 | INFO     | auth.login:ensure_login:354 - Checking Login...
2026-08-01 06:57:28.974 | SUCCESS  | auth.login:load_saved_token:192 - Saved Token Loaded
2026-08-01 06:57:28.974 | SUCCESS  | auth.login:ensure_login:362 - Using Saved Token
2026-08-01 06:57:28.975 | INFO     | monitor:scan:111 - Scanning Website...
2026-08-01 06:57:28.976 | INFO     | monitor:scan:125 - Loading Page 1
2026-08-01 06:57:28.976 | INFO     | api:get_files:60 - Loading Page 1
2026-08-01 06:57:30.659 | INFO     | api:get_file:84 - Loading File 126d518f-764b-2019-40a6-645aba60ba46
2026-08-01 06:57:30.879 | INFO     | monitor:scan:273 - Reached Old Files
2026-08-01 06:57:30.879 | INFO     | monitor:scan:303 - No New Serial
2026-08-01 06:57:30.879 | INFO     | monitor:scan:325 - Nothing Changed
2026-08-01 06:57:30.880 | SUCCESS  | monitor:scan:331 - Scan Finished
2026-08-01 06:57:30.880 | INFO     | monitor:start:67 - Sleep 60 Seconds
2026-08-01 06:58:30.880 | INFO     | auth.login:ensure_login:354 - Checking Login...
2026-08-01 06:58:30.881 | SUCCESS  | auth.login:load_saved_token:192 - Saved Token Loaded
2026-08-01 06:58:30.882 | SUCCESS  | auth.login:ensure_login:362 - Using Saved Token
2026-08-01 06:58:30.882 | INFO     | monitor:scan:111 - Scanning Website...
2026-08-01 06:58:30.882 | INFO     | monitor:scan:125 - Loading Page 1
2026-08-01 06:58:30.882 | INFO     | api:get_files:60 - Loading Page 1
2026-08-01 06:58:32.349 | INFO     | api:get_file:84 - Loading File 126d518f-764b-2019-40a6-645aba60ba46
2026-08-01 06:58:32.571 | INFO     | monitor:scan:273 - Reached Old Files
2026-08-01 06:58:32.571 | INFO     | monitor:scan:303 - No New Serial
2026-08-01 06:58:32.571 | INFO     | monitor:scan:325 - Nothing Changed
2026-08-01 06:58:32.572 | SUCCESS  | monitor:scan:331 - Scan Finished
2026-08-01 06:58:32.573 | INFO     | monitor:start:67 - Sleep 60 Seconds
2026-08-01 06:59:32.575 | INFO     | auth.login:ensure_login:354 - Checking Login...
2026-08-01 06:59:32.576 | SUCCESS  | auth.login:load_saved_token:192 - Saved Token Loaded
2026-08-01 06:59:32.577 | SUCCESS  | auth.login:ensure_login:362 - Using Saved Token
2026-08-01 06:59:32.577 | INFO     | monitor:scan:111 - Scanning Website...
2026-08-01 06:59:32.577 | INFO     | monitor:scan:125 - Loading Page 1
2026-08-01 06:59:32.578 | INFO     | api:get_files:60 - Loading Page 1
2026-08-01 06:59:34.152 | INFO     | api:get_file:84 - Loading File 126d518f-764b-2019-40a6-645aba60ba46
2026-08-01 06:59:34.387 | INFO     | monitor:scan:273 - Reached Old Files
2026-08-01 06:59:34.388 | INFO     | monitor:scan:303 - No New Serial
2026-08-01 06:59:34.389 | INFO     | monitor:scan:325 - Nothing Changed
2026-08-01 06:59:34.389 | SUCCESS  | monitor:scan:331 - Scan Finished
2026-08-01 06:59:34.391 | INFO     | monitor:start:67 - Sleep 60 Seconds
2026-08-01 07:00:34.392 | INFO     | auth.login:ensure_login:354 - Checking Login...
2026-08-01 07:00:34.393 | SUCCESS  | auth.login:load_saved_token:192 - Saved Token Loaded
2026-08-01 07:00:34.393 | SUCCESS  | auth.login:ensure_login:362 - Using Saved Token
2026-08-01 07:00:34.394 | INFO     | monitor:scan:111 - Scanning Website...
2026-08-01 07:00:34.395 | INFO     | monitor:scan:125 - Loading Page 1
2026-08-01 07:00:34.395 | INFO     | api:get_files:60 - Loading Page 1
2026-08-01 07:00:37.774 | INFO     | api:get_file:84 - Loading File 126d518f-764b-2019-40a6-645aba60ba46
2026-08-01 07:00:38.002 | INFO     | monitor:scan:273 - Reached Old Files
2026-08-01 07:00:38.002 | INFO     | monitor:scan:303 - No New Serial
2026-08-01 07:00:38.002 | INFO     | monitor:scan:325 - Nothing Changed
2026-08-01 07:00:38.002 | SUCCESS  | monitor:scan:331 - Scan Finished
2026-08-01 07:00:38.002 | INFO     | monitor:start:67 - Sleep 60 Seconds
2026-08-01 07:01:38.004 | INFO     | auth.login:ensure_login:354 - Checking Login...
2026-08-01 07:01:38.009 | SUCCESS  | auth.login:load_saved_token:192 - Saved Token Loaded
2026-08-01 07:01:38.010 | SUCCESS  | auth.login:ensure_login:362 - Using Saved Token
2026-08-01 07:01:38.011 | INFO     | monitor:scan:111 - Scanning Website...
2026-08-01 07:01:38.014 | INFO     | monitor:scan:125 - Loading Page 1
2026-08-01 07:01:38.015 | INFO     | api:get_files:60 - Loading Page 1
2026-08-01 07:01:38.443 | WARNING  | auth.login:get:411 - Access Token Expired
2026-08-01 07:01:38.444 | INFO     | auth.login:login:262 - Logging in...
2026-08-01 07:01:38.898 | SUCCESS  | auth.login:save_token:242 - Token Saved
2026-08-01 07:01:38.899 | SUCCESS  | auth.login:login:340 - Login Successful
2026-08-01 07:01:40.021 | INFO     | api:get_file:84 - Loading File 126d518f-764b-2019-40a6-645aba60ba46
2026-08-01 07:01:40.235 | INFO     | monitor:scan:273 - Reached Old Files
2026-08-01 07:01:40.235 | INFO     | monitor:scan:303 - No New Serial
2026-08-01 07:01:40.236 | INFO     | monitor:scan:325 - Nothing Changed
2026-08-01 07:01:40.236 | SUCCESS  | monitor:scan:331 - Scan Finished
2026-08-01 07:01:40.236 | INFO     | monitor:start:67 - Sleep 60 Seconds
2026-08-01 07:02:40.237 | INFO     | auth.login:ensure_login:354 - Checking Login...
2026-08-01 07:02:40.291 | SUCCESS  | auth.login:load_saved_token:192 - Saved Token Loaded
2026-08-01 07:02:40.291 | SUCCESS  | auth.login:ensure_login:362 - Using Saved Token
2026-08-01 07:02:40.292 | INFO     | monitor:scan:111 - Scanning Website...
2026-08-01 07:02:40.292 | INFO     | monitor:scan:125 - Loading Page 1
2026-08-01 07:02:40.293 | INFO     | api:get_files:60 - Loading Page 1
2026-08-01 07:02:43.572 | INFO     | api:get_file:84 - Loading File 126d518f-764b-2019-40a6-645aba60ba46
2026-08-01 07:02:43.808 | INFO     | monitor:scan:273 - Reached Old Files
2026-08-01 07:02:43.809 | INFO     | monitor:scan:303 - No New Serial
2026-08-01 07:02:43.810 | INFO     | monitor:scan:325 - Nothing Changed
2026-08-01 07:02:43.811 | SUCCESS  | monitor:scan:331 - Scan Finished
2026-08-01 07:02:43.811 | INFO     | monitor:start:67 - Sleep 60 Seconds
2026-08-01 07:03:43.812 | INFO     | auth.login:ensure_login:354 - Checking Login...
2026-08-01 07:03:43.818 | SUCCESS  | auth.login:load_saved_token:192 - Saved Token Loaded
2026-08-01 07:03:43.819 | SUCCESS  | auth.login:ensure_login:362 - Using Saved Token
2026-08-01 07:03:43.821 | INFO     | monitor:scan:111 - Scanning Website...
2026-08-01 07:03:43.825 | INFO     | monitor:scan:125 - Loading Page 1
2026-08-01 07:03:43.826 | INFO     | api:get_files:60 - Loading Page 1
2026-08-01 07:03:45.263 | INFO     | api:get_file:84 - Loading File 126d518f-764b-2019-40a6-645aba60ba46
2026-08-01 07:03:45.487 | INFO     | monitor:scan:273 - Reached Old Files
2026-08-01 07:03:45.488 | INFO     | monitor:scan:303 - No New Serial
2026-08-01 07:03:45.489 | INFO     | monitor:scan:325 - Nothing Changed
2026-08-01 07:03:45.490 | SUCCESS  | monitor:scan:331 - Scan Finished
2026-08-01 07:03:45.491 | INFO     | monitor:start:67 - Sleep 60 Seconds
2026-08-01 07:04:45.492 | INFO     | auth.login:ensure_login:354 - Checking Login...
2026-08-01 07:04:45.497 | SUCCESS  | auth.login:load_saved_token:192 - Saved Token Loaded
2026-08-01 07:04:45.499 | SUCCESS  | auth.login:ensure_login:362 - Using Saved Token
2026-08-01 07:04:45.500 | INFO     | monitor:scan:111 - Scanning Website...
2026-08-01 07:04:45.501 | INFO     | monitor:scan:125 - Loading Page 1
2026-08-01 07:04:45.501 | INFO     | api:get_files:60 - Loading Page 1
2026-08-01 07:04:47.002 | INFO     | api:get_file:84 - Loading File 126d518f-764b-2019-40a6-645aba60ba46
2026-08-01 07:04:47.223 | INFO     | monitor:scan:273 - Reached Old Files
2026-08-01 07:04:47.223 | INFO     | monitor:scan:303 - No New Serial
2026-08-01 07:04:47.224 | INFO     | monitor:scan:325 - Nothing Changed
2026-08-01 07:04:47.224 | SUCCESS  | monitor:scan:331 - Scan Finished
2026-08-01 07:04:47.224 | INFO     | monitor:start:67 - Sleep 60 Seconds
2026-08-01 07:05:47.225 | INFO     | auth.login:ensure_login:354 - Checking Login...
2026-08-01 07:05:47.227 | SUCCESS  | auth.login:load_saved_token:192 - Saved Token Loaded
2026-08-01 07:05:47.228 | SUCCESS  | auth.login:ensure_login:362 - Using Saved Token
2026-08-01 07:05:47.229 | INFO     | monitor:scan:111 - Scanning Website...
2026-08-01 07:05:47.230 | INFO     | monitor:scan:125 - Loading Page 1
2026-08-01 07:05:47.231 | INFO     | api:get_files:60 - Loading Page 1
2026-08-01 07:05:48.780 | INFO     | api:get_file:84 - Loading File 126d518f-764b-2019-40a6-645aba60ba46
2026-08-01 07:05:49.004 | INFO     | monitor:scan:273 - Reached Old Files
2026-08-01 07:05:49.004 | INFO     | monitor:scan:303 - No New Serial
2026-08-01 07:05:49.005 | INFO     | monitor:scan:325 - Nothing Changed
2026-08-01 07:05:49.005 | SUCCESS  | monitor:scan:331 - Scan Finished
2026-08-01 07:05:49.006 | INFO     | monitor:start:67 - Sleep 60 Seconds
2026-08-01 07:06:49.006 | INFO     | auth.login:ensure_login:354 - Checking Login...
2026-08-01 07:06:49.008 | SUCCESS  | auth.login:load_saved_token:192 - Saved Token Loaded
2026-08-01 07:06:49.008 | SUCCESS  | auth.login:ensure_login:362 - Using Saved Token
2026-08-01 07:06:49.009 | INFO     | monitor:scan:111 - Scanning Website...
2026-08-01 07:06:49.009 | INFO     | monitor:scan:125 - Loading Page 1
2026-08-01 07:06:49.009 | INFO     | api:get_files:60 - Loading Page 1
2026-08-01 07:06:50.531 | INFO     | api:get_file:84 - Loading File 126d518f-764b-2019-40a6-645aba60ba46
2026-08-01 07:06:50.760 | INFO     | monitor:scan:273 - Reached Old Files
2026-08-01 07:06:50.761 | INFO     | monitor:scan:303 - No New Serial
2026-08-01 07:06:50.762 | INFO     | monitor:scan:325 - Nothing Changed
2026-08-01 07:06:50.763 | SUCCESS  | monitor:scan:331 - Scan Finished
2026-08-01 07:06:50.763 | INFO     | monitor:start:67 - Sleep 60 Seconds
2026-08-01 07:07:50.764 | INFO     | auth.login:ensure_login:354 - Checking Login...
2026-08-01 07:07:50.770 | SUCCESS  | auth.login:load_saved_token:192 - Saved Token Loaded
2026-08-01 07:07:50.772 | SUCCESS  | auth.login:ensure_login:362 - Using Saved Token
2026-08-01 07:07:50.774 | INFO     | monitor:scan:111 - Scanning Website...
2026-08-01 07:07:50.779 | INFO     | monitor:scan:125 - Loading Page 1
2026-08-01 07:07:50.780 | INFO     | api:get_files:60 - Loading Page 1
2026-08-01 07:07:54.471 | INFO     | api:get_file:84 - Loading File 126d518f-764b-2019-40a6-645aba60ba46
2026-08-01 07:07:54.877 | INFO     | monitor:scan:273 - Reached Old Files
2026-08-01 07:07:54.877 | INFO     | monitor:scan:303 - No New Serial
2026-08-01 07:07:54.878 | INFO     | monitor:scan:325 - Nothing Changed
2026-08-01 07:07:54.878 | SUCCESS  | monitor:scan:331 - Scan Finished
2026-08-01 07:07:54.878 | INFO     | monitor:start:67 - Sleep 60 Seconds
2026-08-01 07:08:54.879 | INFO     | auth.login:ensure_login:354 - Checking Login...
2026-08-01 07:08:54.883 | SUCCESS  | auth.login:load_saved_token:192 - Saved Token Loaded
2026-08-01 07:08:54.884 | SUCCESS  | auth.login:ensure_login:362 - Using Saved Token
2026-08-01 07:08:54.885 | INFO     | monitor:scan:111 - Scanning Website...
2026-08-01 07:08:54.889 | INFO     | monitor:scan:125 - Loading Page 1
2026-08-01 07:08:54.890 | INFO     | api:get_files:60 - Loading Page 1
2026-08-01 07:08:56.561 | INFO     | api:get_file:84 - Loading File 126d518f-764b-2019-40a6-645aba60ba46
2026-08-01 07:08:56.784 | INFO     | monitor:scan:273 - Reached Old Files
2026-08-01 07:08:56.786 | INFO     | monitor:scan:303 - No New Serial
2026-08-01 07:08:56.788 | INFO     | monitor:scan:325 - Nothing Changed
2026-08-01 07:08:56.789 | SUCCESS  | monitor:scan:331 - Scan Finished
2026-08-01 07:08:56.790 | INFO     | monitor:start:67 - Sleep 60 Seconds
2026-08-01 07:09:56.791 | INFO     | auth.login:ensure_login:354 - Checking Login...
2026-08-01 07:09:56.795 | SUCCESS  | auth.login:load_saved_token:192 - Saved Token Loaded
2026-08-01 07:09:56.796 | SUCCESS  | auth.login:ensure_login:362 - Using Saved Token
2026-08-01 07:09:56.797 | INFO     | monitor:scan:111 - Scanning Website...
2026-08-01 07:09:56.801 | INFO     | monitor:scan:125 - Loading Page 1
2026-08-01 07:09:56.803 | INFO     | api:get_files:60 - Loading Page 1
2026-08-01 07:09:58.298 | INFO     | api:get_file:84 - Loading File 126d518f-764b-2019-40a6-645aba60ba46
2026-08-01 07:09:58.530 | INFO     | monitor:scan:273 - Reached Old Files
2026-08-01 07:09:58.532 | INFO     | monitor:scan:303 - No New Serial
2026-08-01 07:09:58.534 | INFO     | monitor:scan:325 - Nothing Changed
2026-08-01 07:09:58.535 | SUCCESS  | monitor:scan:331 - Scan Finished
2026-08-01 07:09:58.537 | INFO     | monitor:start:67 - Sleep 60 Seconds
2026-08-01 07:10:58.539 | INFO     | auth.login:ensure_login:354 - Checking Login...
2026-08-01 07:10:58.540 | SUCCESS  | auth.login:load_saved_token:192 - Saved Token Loaded
2026-08-01 07:10:58.540 | SUCCESS  | auth.login:ensure_login:362 - Using Saved Token
2026-08-01 07:10:58.541 | INFO     | monitor:scan:111 - Scanning Website...
2026-08-01 07:10:58.541 | INFO     | monitor:scan:125 - Loading Page 1
2026-08-01 07:10:58.542 | INFO     | api:get_files:60 - Loading Page 1
2026-08-01 07:11:01.805 | INFO     | api:get_file:84 - Loading File 126d518f-764b-2019-40a6-645aba60ba46
2026-08-01 07:11:02.033 | INFO     | monitor:scan:273 - Reached Old Files
2026-08-01 07:11:02.033 | INFO     | monitor:scan:303 - No New Serial
2026-08-01 07:11:02.033 | INFO     | monitor:scan:325 - Nothing Changed
2026-08-01 07:11:02.033 | SUCCESS  | monitor:scan:331 - Scan Finished
2026-08-01 07:11:02.034 | INFO     | monitor:start:67 - Sleep 60 Seconds
2026-08-01 07:12:02.034 | INFO     | auth.login:ensure_login:354 - Checking Login...
2026-08-01 07:12:02.038 | SUCCESS  | auth.login:load_saved_token:192 - Saved Token Loaded
2026-08-01 07:12:02.039 | SUCCESS  | auth.login:ensure_login:362 - Using Saved Token
2026-08-01 07:12:02.040 | INFO     | monitor:scan:111 - Scanning Website...
2026-08-01 07:12:02.043 | INFO     | monitor:scan:125 - Loading Page 1
2026-08-01 07:12:02.044 | INFO     | api:get_files:60 - Loading Page 1
2026-08-01 07:12:02.440 | WARNING  | auth.login:get:411 - Access Token Expired
2026-08-01 07:12:02.441 | INFO     | auth.login:login:262 - Logging in...
2026-08-01 07:12:02.887 | SUCCESS  | auth.login:save_token:242 - Token Saved
2026-08-01 07:12:02.887 | SUCCESS  | auth.login:login:340 - Login Successful
2026-08-01 07:12:04.040 | INFO     | api:get_file:84 - Loading File 126d518f-764b-2019-40a6-645aba60ba46
2026-08-01 07:12:04.262 | INFO     | monitor:scan:273 - Reached Old Files
2026-08-01 07:12:04.264 | INFO     | monitor:scan:303 - No New Serial
2026-08-01 07:12:04.264 | INFO     | monitor:scan:325 - Nothing Changed
2026-08-01 07:12:04.265 | SUCCESS  | monitor:scan:331 - Scan Finished
2026-08-01 07:12:04.268 | INFO     | monitor:start:67 - Sleep 60 Seconds
2026-08-01 07:13:04.269 | INFO     | auth.login:ensure_login:354 - Checking Login...
2026-08-01 07:13:04.277 | SUCCESS  | auth.login:load_saved_token:192 - Saved Token Loaded
2026-08-01 07:13:04.278 | SUCCESS  | auth.login:ensure_login:362 - Using Saved Token
2026-08-01 07:13:04.279 | INFO     | monitor:scan:111 - Scanning Website...
2026-08-01 07:13:04.280 | INFO     | monitor:scan:125 - Loading Page 1
2026-08-01 07:13:04.280 | INFO     | api:get_files:60 - Loading Page 1
2026-08-01 07:13:06.121 | INFO     | api:get_file:84 - Loading File 126d518f-764b-2019-40a6-645aba60ba46
2026-08-01 07:13:06.353 | INFO     | monitor:scan:273 - Reached Old Files
2026-08-01 07:13:06.356 | INFO     | monitor:scan:303 - No New Serial
2026-08-01 07:13:06.357 | INFO     | monitor:scan:325 - Nothing Changed
2026-08-01 07:13:06.358 | SUCCESS  | monitor:scan:331 - Scan Finished
2026-08-01 07:13:06.360 | INFO     | monitor:start:67 - Sleep 60 Seconds
2026-08-01 07:14:06.363 | INFO     | auth.login:ensure_login:354 - Checking Login...
2026-08-01 07:14:06.369 | SUCCESS  | auth.login:load_saved_token:192 - Saved Token Loaded
2026-08-01 07:14:06.371 | SUCCESS  | auth.login:ensure_login:362 - Using Saved Token
2026-08-01 07:14:06.372 | INFO     | monitor:scan:111 - Scanning Website...
2026-08-01 07:14:06.377 | INFO     | monitor:scan:125 - Loading Page 1
2026-08-01 07:14:06.379 | INFO     | api:get_files:60 - Loading Page 1
2026-08-01 07:14:07.909 | INFO     | api:get_file:84 - Loading File 126d518f-764b-2019-40a6-645aba60ba46
2026-08-01 07:14:08.140 | INFO     | monitor:scan:273 - Reached Old Files
2026-08-01 07:14:08.141 | INFO     | monitor:scan:303 - No New Serial
2026-08-01 07:14:08.142 | INFO     | monitor:scan:325 - Nothing Changed
2026-08-01 07:14:08.143 | SUCCESS  | monitor:scan:331 - Scan Finished
2026-08-01 07:14:08.144 | INFO     | monitor:start:67 - Sleep 60 Seconds
2026-08-01 07:15:08.145 | INFO     | auth.login:ensure_login:354 - Checking Login...
2026-08-01 07:15:08.147 | SUCCESS  | auth.login:load_saved_token:192 - Saved Token Loaded
2026-08-01 07:15:08.148 | SUCCESS  | auth.login:ensure_login:362 - Using Saved Token
2026-08-01 07:15:08.148 | INFO     | monitor:scan:111 - Scanning Website...
2026-08-01 07:15:08.149 | INFO     | monitor:scan:125 - Loading Page 1
2026-08-01 07:15:08.149 | INFO     | api:get_files:60 - Loading Page 1
2026-08-01 07:15:09.737 | INFO     | api:get_file:84 - Loading File 126d518f-764b-2019-40a6-645aba60ba46
2026-08-01 07:15:09.967 | INFO     | monitor:scan:273 - Reached Old Files
2026-08-01 07:15:09.967 | INFO     | monitor:scan:303 - No New Serial
2026-08-01 07:15:09.967 | INFO     | monitor:scan:325 - Nothing Changed
2026-08-01 07:15:09.967 | SUCCESS  | monitor:scan:331 - Scan Finished
2026-08-01 07:15:09.968 | INFO     | monitor:start:67 - Sleep 60 Seconds
2026-08-01 07:16:09.968 | INFO     | auth.login:ensure_login:354 - Checking Login...
2026-08-01 07:16:09.969 | SUCCESS  | auth.login:load_saved_token:192 - Saved Token Loaded
2026-08-01 07:16:09.969 | SUCCESS  | auth.login:ensure_login:362 - Using Saved Token
2026-08-01 07:16:09.970 | INFO     | monitor:scan:111 - Scanning Website...
2026-08-01 07:16:09.970 | INFO     | monitor:scan:125 - Loading Page 1
2026-08-01 07:16:09.970 | INFO     | api:get_files:60 - Loading Page 1
2026-08-01 07:16:11.469 | INFO     | api:get_file:84 - Loading File 126d518f-764b-2019-40a6-645aba60ba46
2026-08-01 07:16:11.683 | INFO     | monitor:scan:273 - Reached Old Files
2026-08-01 07:16:11.683 | INFO     | monitor:scan:303 - No New Serial
2026-08-01 07:16:11.683 | INFO     | monitor:scan:325 - Nothing Changed
2026-08-01 07:16:11.683 | SUCCESS  | monitor:scan:331 - Scan Finished
2026-08-01 07:16:11.684 | INFO     | monitor:start:67 - Sleep 60 Seconds
2026-08-01 07:17:11.684 | INFO     | auth.login:ensure_login:354 - Checking Login...
2026-08-01 07:17:11.685 | SUCCESS  | auth.login:load_saved_token:192 - Saved Token Loaded
2026-08-01 07:17:11.685 | SUCCESS  | auth.login:ensure_login:362 - Using Saved Token
2026-08-01 07:17:11.685 | INFO     | monitor:scan:111 - Scanning Website...
2026-08-01 07:17:11.686 | INFO     | monitor:scan:125 - Loading Page 1
2026-08-01 07:17:11.686 | INFO     | api:get_files:60 - Loading Page 1
2026-08-01 07:17:14.984 | INFO     | api:get_file:84 - Loading File 126d518f-764b-2019-40a6-645aba60ba46
2026-08-01 07:17:15.210 | INFO     | monitor:scan:273 - Reached Old Files
2026-08-01 07:17:15.211 | INFO     | monitor:scan:303 - No New Serial
2026-08-01 07:17:15.211 | INFO     | monitor:scan:325 - Nothing Changed
2026-08-01 07:17:15.211 | SUCCESS  | monitor:scan:331 - Scan Finished
2026-08-01 07:17:15.211 | INFO     | monitor:start:67 - Sleep 60 Seconds
2026-08-01 07:18:15.211 | INFO     | auth.login:ensure_login:354 - Checking Login...
2026-08-01 07:18:15.212 | SUCCESS  | auth.login:load_saved_token:192 - Saved Token Loaded
2026-08-01 07:18:15.212 | SUCCESS  | auth.login:ensure_login:362 - Using Saved Token
2026-08-01 07:18:15.212 | INFO     | monitor:scan:111 - Scanning Website...
2026-08-01 07:18:15.213 | INFO     | monitor:scan:125 - Loading Page 1
2026-08-01 07:18:15.213 | INFO     | api:get_files:60 - Loading Page 1
2026-08-01 07:18:18.530 | INFO     | api:get_file:84 - Loading File 126d518f-764b-2019-40a6-645aba60ba46
2026-08-01 07:18:18.761 | INFO     | monitor:scan:273 - Reached Old Files
2026-08-01 07:18:18.762 | INFO     | monitor:scan:303 - No New Serial
2026-08-01 07:18:18.763 | INFO     | monitor:scan:325 - Nothing Changed
2026-08-01 07:18:18.763 | SUCCESS  | monitor:scan:331 - Scan Finished
2026-08-01 07:18:18.764 | INFO     | monitor:start:67 - Sleep 60 Seconds
2026-08-01 07:19:18.765 | INFO     | auth.login:ensure_login:354 - Checking Login...
2026-08-01 07:19:18.769 | SUCCESS  | auth.login:load_saved_token:192 - Saved Token Loaded
2026-08-01 07:19:18.771 | SUCCESS  | auth.login:ensure_login:362 - Using Saved Token
2026-08-01 07:19:18.774 | INFO     | monitor:scan:111 - Scanning Website...
2026-08-01 07:19:18.777 | INFO     | monitor:scan:125 - Loading Page 1
2026-08-01 07:19:18.778 | INFO     | api:get_files:60 - Loading Page 1
2026-08-01 07:19:21.993 | INFO     | api:get_file:84 - Loading File 126d518f-764b-2019-40a6-645aba60ba46
2026-08-01 07:19:22.221 | INFO     | monitor:scan:273 - Reached Old Files
2026-08-01 07:19:22.222 | INFO     | monitor:scan:303 - No New Serial
2026-08-01 07:19:22.223 | INFO     | monitor:scan:325 - Nothing Changed
2026-08-01 07:19:22.223 | SUCCESS  | monitor:scan:331 - Scan Finished
2026-08-01 07:19:22.223 | INFO     | monitor:start:67 - Sleep 60 Seconds
2026-08-01 07:20:22.224 | INFO     | auth.login:ensure_login:354 - Checking Login...
2026-08-01 07:20:22.229 | SUCCESS  | auth.login:load_saved_token:192 - Saved Token Loaded
2026-08-01 07:20:22.231 | SUCCESS  | auth.login:ensure_login:362 - Using Saved Token
2026-08-01 07:20:22.231 | INFO     | monitor:scan:111 - Scanning Website...
2026-08-01 07:20:22.237 | INFO     | monitor:scan:125 - Loading Page 1
2026-08-01 07:20:22.238 | INFO     | api:get_files:60 - Loading Page 1
2026-08-01 07:20:23.832 | INFO     | api:get_file:84 - Loading File 126d518f-764b-2019-40a6-645aba60ba46
2026-08-01 07:20:24.069 | INFO     | monitor:scan:273 - Reached Old Files
2026-08-01 07:20:24.072 | INFO     | monitor:scan:303 - No New Serial
2026-08-01 07:20:24.073 | INFO     | monitor:scan:325 - Nothing Changed
2026-08-01 07:20:24.075 | SUCCESS  | monitor:scan:331 - Scan Finished
2026-08-01 07:20:24.077 | INFO     | monitor:start:67 - Sleep 60 Seconds
2026-08-01 07:21:24.079 | INFO     | auth.login:ensure_login:354 - Checking Login...
2026-08-01 07:21:24.085 | SUCCESS  | auth.login:load_saved_token:192 - Saved Token Loaded
2026-08-01 07:21:24.088 | SUCCESS  | auth.login:ensure_login:362 - Using Saved Token
2026-08-01 07:21:24.089 | INFO     | monitor:scan:111 - Scanning Website...
2026-08-01 07:21:24.091 | INFO     | monitor:scan:125 - Loading Page 1
2026-08-01 07:21:24.092 | INFO     | api:get_files:60 - Loading Page 1
2026-08-01 07:21:27.103 | INFO     | api:get_file:84 - Loading File 126d518f-764b-2019-40a6-645aba60ba46
2026-08-01 07:21:27.322 | INFO     | monitor:scan:273 - Reached Old Files
2026-08-01 07:21:27.323 | INFO     | monitor:scan:303 - No New Serial
2026-08-01 07:21:27.324 | INFO     | monitor:scan:325 - Nothing Changed
2026-08-01 07:21:27.324 | SUCCESS  | monitor:scan:331 - Scan Finished
2026-08-01 07:21:27.324 | INFO     | monitor:start:67 - Sleep 60 Seconds
2026-08-01 07:22:27.326 | INFO     | auth.login:ensure_login:354 - Checking Login...
2026-08-01 07:22:27.330 | SUCCESS  | auth.login:load_saved_token:192 - Saved Token Loaded
2026-08-01 07:22:27.332 | SUCCESS  | auth.login:ensure_login:362 - Using Saved Token
2026-08-01 07:22:27.333 | INFO     | monitor:scan:111 - Scanning Website...
2026-08-01 07:22:27.336 | INFO     | monitor:scan:125 - Loading Page 1
2026-08-01 07:22:27.337 | INFO     | api:get_files:60 - Loading Page 1
2026-08-01 07:22:27.798 | WARNING  | auth.login:get:411 - Access Token Expired
2026-08-01 07:22:27.799 | INFO     | auth.login:login:262 - Logging in...
2026-08-01 07:22:28.262 | SUCCESS  | auth.login:save_token:242 - Token Saved
2026-08-01 07:22:28.262 | SUCCESS  | auth.login:login:340 - Login Successful
2026-08-01 07:22:30.347 | INFO     | api:get_file:84 - Loading File 126d518f-764b-2019-40a6-645aba60ba46
2026-08-01 07:22:30.564 | INFO     | monitor:scan:273 - Reached Old Files
2026-08-01 07:22:30.564 | INFO     | monitor:scan:303 - No New Serial
2026-08-01 07:22:30.564 | INFO     | monitor:scan:325 - Nothing Changed
2026-08-01 07:22:30.564 | SUCCESS  | monitor:scan:331 - Scan Finished
2026-08-01 07:22:30.565 | INFO     | monitor:start:67 - Sleep 60 Seconds
2026-08-01 07:23:30.566 | INFO     | auth.login:ensure_login:354 - Checking Login...
2026-08-01 07:23:30.609 | SUCCESS  | auth.login:load_saved_token:192 - Saved Token Loaded
2026-08-01 07:23:30.610 | SUCCESS  | auth.login:ensure_login:362 - Using Saved Token
2026-08-01 07:23:30.610 | INFO     | monitor:scan:111 - Scanning Website...
2026-08-01 07:23:30.612 | INFO     | monitor:scan:125 - Loading Page 1
2026-08-01 07:23:30.612 | INFO     | api:get_files:60 - Loading Page 1
2026-08-01 07:23:32.093 | INFO     | api:get_file:84 - Loading File 126d518f-764b-2019-40a6-645aba60ba46
2026-08-01 07:23:32.313 | INFO     | monitor:scan:273 - Reached Old Files
2026-08-01 07:23:32.313 | INFO     | monitor:scan:303 - No New Serial
2026-08-01 07:23:32.314 | INFO     | monitor:scan:325 - Nothing Changed
2026-08-01 07:23:32.314 | SUCCESS  | monitor:scan:331 - Scan Finished
2026-08-01 07:23:32.314 | INFO     | monitor:start:67 - Sleep 60 Seconds
2026-08-01 07:24:32.315 | INFO     | auth.login:ensure_login:354 - Checking Login...
2026-08-01 07:24:32.315 | SUCCESS  | auth.login:load_saved_token:192 - Saved Token Loaded
2026-08-01 07:24:32.316 | SUCCESS  | auth.login:ensure_login:362 - Using Saved Token
2026-08-01 07:24:32.316 | INFO     | monitor:scan:111 - Scanning Website...
2026-08-01 07:24:32.317 | INFO     | monitor:scan:125 - Loading Page 1
2026-08-01 07:24:32.317 | INFO     | api:get_files:60 - Loading Page 1
2026-08-01 07:24:33.854 | INFO     | api:get_file:84 - Loading File 126d518f-764b-2019-40a6-645aba60ba46
2026-08-01 07:24:34.074 | INFO     | monitor:scan:273 - Reached Old Files
2026-08-01 07:24:34.076 | INFO     | monitor:scan:303 - No New Serial
2026-08-01 07:24:34.078 | INFO     | monitor:scan:325 - Nothing Changed
2026-08-01 07:24:34.080 | SUCCESS  | monitor:scan:331 - Scan Finished
2026-08-01 07:24:34.083 | INFO     | monitor:start:67 - Sleep 60 Seconds
2026-08-01 07:25:34.086 | INFO     | auth.login:ensure_login:354 - Checking Login...
2026-08-01 07:25:34.087 | SUCCESS  | auth.login:load_saved_token:192 - Saved Token Loaded
2026-08-01 07:25:34.087 | SUCCESS  | auth.login:ensure_login:362 - Using Saved Token
2026-08-01 07:25:34.088 | INFO     | monitor:scan:111 - Scanning Website...
2026-08-01 07:25:34.088 | INFO     | monitor:scan:125 - Loading Page 1
2026-08-01 07:25:34.088 | INFO     | api:get_files:60 - Loading Page 1
2026-08-01 07:25:35.621 | INFO     | api:get_file:84 - Loading File 126d518f-764b-2019-40a6-645aba60ba46
2026-08-01 07:25:35.855 | INFO     | monitor:scan:273 - Reached Old Files
2026-08-01 07:25:35.858 | INFO     | monitor:scan:303 - No New Serial
2026-08-01 07:25:35.859 | INFO     | monitor:scan:325 - Nothing Changed
2026-08-01 07:25:35.862 | SUCCESS  | monitor:scan:331 - Scan Finished
2026-08-01 07:25:35.864 | INFO     | monitor:start:67 - Sleep 60 Seconds
2026-08-01 07:26:35.865 | INFO     | auth.login:ensure_login:354 - Checking Login...
2026-08-01 07:26:35.866 | SUCCESS  | auth.login:load_saved_token:192 - Saved Token Loaded
2026-08-01 07:26:35.866 | SUCCESS  | auth.login:ensure_login:362 - Using Saved Token
2026-08-01 07:26:35.866 | INFO     | monitor:scan:111 - Scanning Website...
2026-08-01 07:26:35.867 | INFO     | monitor:scan:125 - Loading Page 1
2026-08-01 07:26:35.867 | INFO     | api:get_files:60 - Loading Page 1
2026-08-01 07:26:37.369 | INFO     | api:get_file:84 - Loading File 126d518f-764b-2019-40a6-645aba60ba46
2026-08-01 07:26:37.600 | INFO     | monitor:scan:273 - Reached Old Files
2026-08-01 07:26:37.602 | INFO     | monitor:scan:303 - No New Serial
2026-08-01 07:26:37.603 | INFO     | monitor:scan:325 - Nothing Changed
2026-08-01 07:26:37.604 | SUCCESS  | monitor:scan:331 - Scan Finished
2026-08-01 07:26:37.605 | INFO     | monitor:start:67 - Sleep 60 Seconds
2026-08-01 07:27:37.607 | INFO     | auth.login:ensure_login:354 - Checking Login...
2026-08-01 07:27:37.608 | SUCCESS  | auth.login:load_saved_token:192 - Saved Token Loaded
2026-08-01 07:27:37.608 | SUCCESS  | auth.login:ensure_login:362 - Using Saved Token
2026-08-01 07:27:37.608 | INFO     | monitor:scan:111 - Scanning Website...
2026-08-01 07:27:37.609 | INFO     | monitor:scan:125 - Loading Page 1
2026-08-01 07:27:37.609 | INFO     | api:get_files:60 - Loading Page 1
2026-08-01 07:27:39.099 | INFO     | api:get_file:84 - Loading File 126d518f-764b-2019-40a6-645aba60ba46
2026-08-01 07:27:39.320 | INFO     | monitor:scan:273 - Reached Old Files
2026-08-01 07:27:39.322 | INFO     | monitor:scan:303 - No New Serial
2026-08-01 07:27:39.324 | INFO     | monitor:scan:325 - Nothing Changed
2026-08-01 07:27:39.327 | SUCCESS  | monitor:scan:331 - Scan Finished
2026-08-01 07:27:39.330 | INFO     | monitor:start:67 - Sleep 60 Seconds
2026-08-01 07:28:39.332 | INFO     | auth.login:ensure_login:354 - Checking Login...
2026-08-01 07:28:39.336 | SUCCESS  | auth.login:load_saved_token:192 - Saved Token Loaded
2026-08-01 07:28:39.338 | SUCCESS  | auth.login:ensure_login:362 - Using Saved Token
2026-08-01 07:28:39.339 | INFO     | monitor:scan:111 - Scanning Website...
2026-08-01 07:28:39.342 | INFO     | monitor:scan:125 - Loading Page 1
2026-08-01 07:28:39.343 | INFO     | api:get_files:60 - Loading Page 1
2026-08-01 07:28:42.344 | INFO     | api:get_file:84 - Loading File 126d518f-764b-2019-40a6-645aba60ba46
2026-08-01 07:28:42.570 | INFO     | monitor:scan:273 - Reached Old Files
2026-08-01 07:28:42.570 | INFO     | monitor:scan:303 - No New Serial
2026-08-01 07:28:42.571 | INFO     | monitor:scan:325 - Nothing Changed
2026-08-01 07:28:42.571 | SUCCESS  | monitor:scan:331 - Scan Finished
2026-08-01 07:28:42.571 | INFO     | monitor:start:67 - Sleep 60 Seconds
2026-08-01 07:29:42.572 | INFO     | auth.login:ensure_login:354 - Checking Login...
2026-08-01 07:29:42.578 | SUCCESS  | auth.login:load_saved_token:192 - Saved Token Loaded
2026-08-01 07:29:42.580 | SUCCESS  | auth.login:ensure_login:362 - Using Saved Token
2026-08-01 07:29:42.582 | INFO     | monitor:scan:111 - Scanning Website...
2026-08-01 07:29:42.589 | INFO     | monitor:scan:125 - Loading Page 1
2026-08-01 07:29:42.591 | INFO     | api:get_files:60 - Loading Page 1
2026-08-01 07:29:44.020 | INFO     | api:get_file:84 - Loading File 126d518f-764b-2019-40a6-645aba60ba46
2026-08-01 07:29:44.234 | INFO     | monitor:scan:273 - Reached Old Files
2026-08-01 07:29:44.236 | INFO     | monitor:scan:303 - No New Serial
2026-08-01 07:29:44.237 | INFO     | monitor:scan:325 - Nothing Changed
2026-08-01 07:29:44.238 | SUCCESS  | monitor:scan:331 - Scan Finished
2026-08-01 07:29:44.239 | INFO     | monitor:start:67 - Sleep 60 Seconds
2026-08-01 07:30:44.240 | INFO     | auth.login:ensure_login:354 - Checking Login...
2026-08-01 07:30:44.241 | SUCCESS  | auth.login:load_saved_token:192 - Saved Token Loaded
2026-08-01 07:30:44.242 | SUCCESS  | auth.login:ensure_login:362 - Using Saved Token
2026-08-01 07:30:44.242 | INFO     | monitor:scan:111 - Scanning Website...
2026-08-01 07:30:44.243 | INFO     | monitor:scan:125 - Loading Page 1
2026-08-01 07:30:44.243 | INFO     | api:get_files:60 - Loading Page 1
2026-08-01 07:30:45.656 | INFO     | api:get_file:84 - Loading File 126d518f-764b-2019-40a6-645aba60ba46
2026-08-01 07:30:45.864 | INFO     | monitor:scan:273 - Reached Old Files
2026-08-01 07:30:45.865 | INFO     | monitor:scan:303 - No New Serial
2026-08-01 07:30:45.865 | INFO     | monitor:scan:325 - Nothing Changed
2026-08-01 07:30:45.865 | SUCCESS  | monitor:scan:331 - Scan Finished
2026-08-01 07:30:45.865 | INFO     | monitor:start:67 - Sleep 60 Seconds
2026-08-01 07:31:45.866 | INFO     | auth.login:ensure_login:354 - Checking Login...
2026-08-01 07:31:45.867 | SUCCESS  | auth.login:load_saved_token:192 - Saved Token Loaded
2026-08-01 07:31:45.867 | SUCCESS  | auth.login:ensure_login:362 - Using Saved Token
2026-08-01 07:31:45.867 | INFO     | monitor:scan:111 - Scanning Website...
2026-08-01 07:31:45.868 | INFO     | monitor:scan:125 - Loading Page 1
2026-08-01 07:31:45.869 | INFO     | api:get_files:60 - Loading Page 1
2026-08-01 07:31:47.378 | INFO     | api:get_file:84 - Loading File 126d518f-764b-2019-40a6-645aba60ba46
2026-08-01 07:31:47.610 | INFO     | monitor:scan:273 - Reached Old Files
2026-08-01 07:31:47.611 | INFO     | monitor:scan:303 - No New Serial
2026-08-01 07:31:47.611 | INFO     | monitor:scan:325 - Nothing Changed
2026-08-01 07:31:47.611 | SUCCESS  | monitor:scan:331 - Scan Finished
2026-08-01 07:31:47.612 | INFO     | monitor:start:67 - Sleep 60 Seconds
2026-08-01 07:32:47.613 | INFO     | auth.login:ensure_login:354 - Checking Login...
2026-08-01 07:32:47.613 | SUCCESS  | auth.login:load_saved_token:192 - Saved Token Loaded
2026-08-01 07:32:47.614 | SUCCESS  | auth.login:ensure_login:362 - Using Saved Token
2026-08-01 07:32:47.614 | INFO     | monitor:scan:111 - Scanning Website...
2026-08-01 07:32:47.614 | INFO     | monitor:scan:125 - Loading Page 1
2026-08-01 07:32:47.615 | INFO     | api:get_files:60 - Loading Page 1
2026-08-01 07:32:48.037 | WARNING  | auth.login:get:411 - Access Token Expired
2026-08-01 07:32:48.037 | INFO     | auth.login:login:262 - Logging in...
2026-08-01 07:32:48.499 | SUCCESS  | auth.login:save_token:242 - Token Saved
2026-08-01 07:32:48.499 | SUCCESS  | auth.login:login:340 - Login Successful
2026-08-01 07:32:49.606 | INFO     | api:get_file:84 - Loading File 126d518f-764b-2019-40a6-645aba60ba46
2026-08-01 07:32:49.829 | INFO     | monitor:scan:273 - Reached Old Files
2026-08-01 07:32:49.829 | INFO     | monitor:scan:303 - No New Serial
2026-08-01 07:32:49.830 | INFO     | monitor:scan:325 - Nothing Changed
2026-08-01 07:32:49.830 | SUCCESS  | monitor:scan:331 - Scan Finished
2026-08-01 07:32:49.830 | INFO     | monitor:start:67 - Sleep 60 Seconds
2026-08-01 07:33:49.830 | INFO     | auth.login:ensure_login:354 - Checking Login...
2026-08-01 07:33:49.848 | SUCCESS  | auth.login:load_saved_token:192 - Saved Token Loaded
2026-08-01 07:33:49.848 | SUCCESS  | auth.login:ensure_login:362 - Using Saved Token
2026-08-01 07:33:49.848 | INFO     | monitor:scan:111 - Scanning Website...
2026-08-01 07:33:49.849 | INFO     | monitor:scan:125 - Loading Page 1
2026-08-01 07:33:49.849 | INFO     | api:get_files:60 - Loading Page 1
2026-08-01 07:33:51.319 | INFO     | api:get_file:84 - Loading File 126d518f-764b-2019-40a6-645aba60ba46
2026-08-01 07:33:51.536 | INFO     | monitor:scan:273 - Reached Old Files
2026-08-01 07:33:51.536 | INFO     | monitor:scan:303 - No New Serial
2026-08-01 07:33:51.536 | INFO     | monitor:scan:325 - Nothing Changed
2026-08-01 07:33:51.537 | SUCCESS  | monitor:scan:331 - Scan Finished
2026-08-01 07:33:51.537 | INFO     | monitor:start:67 - Sleep 60 Seconds
2026-08-01 07:34:51.538 | INFO     | auth.login:ensure_login:354 - Checking Login...
2026-08-01 07:34:51.539 | SUCCESS  | auth.login:load_saved_token:192 - Saved Token Loaded
2026-08-01 07:34:51.539 | SUCCESS  | auth.login:ensure_login:362 - Using Saved Token
2026-08-01 07:34:51.540 | INFO     | monitor:scan:111 - Scanning Website...
2026-08-01 07:34:51.542 | INFO     | monitor:scan:125 - Loading Page 1
2026-08-01 07:34:51.542 | INFO     | api:get_files:60 - Loading Page 1
2026-08-01 07:34:53.025 | INFO     | api:get_file:84 - Loading File 126d518f-764b-2019-40a6-645aba60ba46
2026-08-01 07:34:53.258 | INFO     | monitor:scan:273 - Reached Old Files
2026-08-01 07:34:53.259 | INFO     | monitor:scan:303 - No New Serial
2026-08-01 07:34:53.259 | INFO     | monitor:scan:325 - Nothing Changed
2026-08-01 07:34:53.259 | SUCCESS  | monitor:scan:331 - Scan Finished
2026-08-01 07:34:53.260 | INFO     | monitor:start:67 - Sleep 60 Seconds
2026-08-01 07:35:53.260 | INFO     | auth.login:ensure_login:354 - Checking Login...
2026-08-01 07:35:53.262 | SUCCESS  | auth.login:load_saved_token:192 - Saved Token Loaded
2026-08-01 07:35:53.262 | SUCCESS  | auth.login:ensure_login:362 - Using Saved Token
2026-08-01 07:35:53.262 | INFO     | monitor:scan:111 - Scanning Website...
2026-08-01 07:35:53.263 | INFO     | monitor:scan:125 - Loading Page 1
2026-08-01 07:35:53.263 | INFO     | api:get_files:60 - Loading Page 1
2026-08-01 07:35:54.711 | INFO     | api:get_file:84 - Loading File 126d518f-764b-2019-40a6-645aba60ba46
2026-08-01 07:35:54.939 | INFO     | monitor:scan:273 - Reached Old Files
2026-08-01 07:35:54.939 | INFO     | monitor:scan:303 - No New Serial
2026-08-01 07:35:54.939 | INFO     | monitor:scan:325 - Nothing Changed
2026-08-01 07:35:54.940 | SUCCESS  | monitor:scan:331 - Scan Finished
2026-08-01 07:35:54.940 | INFO     | monitor:start:67 - Sleep 60 Seconds
2026-08-01 07:36:54.941 | INFO     | auth.login:ensure_login:354 - Checking Login...
2026-08-01 07:36:54.944 | SUCCESS  | auth.login:load_saved_token:192 - Saved Token Loaded
2026-08-01 07:36:54.946 | SUCCESS  | auth.login:ensure_login:362 - Using Saved Token
2026-08-01 07:36:54.946 | INFO     | monitor:scan:111 - Scanning Website...
2026-08-01 07:36:54.951 | INFO     | monitor:scan:125 - Loading Page 1
2026-08-01 07:36:54.953 | INFO     | api:get_files:60 - Loading Page 1
2026-08-01 07:36:56.559 | INFO     | api:get_file:84 - Loading File 126d518f-764b-2019-40a6-645aba60ba46
2026-08-01 07:36:56.794 | INFO     | monitor:scan:273 - Reached Old Files
2026-08-01 07:36:56.797 | INFO     | monitor:scan:303 - No New Serial
2026-08-01 07:36:56.798 | INFO     | monitor:scan:325 - Nothing Changed
2026-08-01 07:36:56.801 | SUCCESS  | monitor:scan:331 - Scan Finished
2026-08-01 07:36:56.802 | INFO     | monitor:start:67 - Sleep 60 Seconds
2026-08-01 07:37:56.804 | INFO     | auth.login:ensure_login:354 - Checking Login...
2026-08-01 07:37:56.805 | SUCCESS  | auth.login:load_saved_token:192 - Saved Token Loaded
2026-08-01 07:37:56.806 | SUCCESS  | auth.login:ensure_login:362 - Using Saved Token
2026-08-01 07:37:56.806 | INFO     | monitor:scan:111 - Scanning Website...
2026-08-01 07:37:56.807 | INFO     | monitor:scan:125 - Loading Page 1
2026-08-01 07:37:56.807 | INFO     | api:get_files:60 - Loading Page 1
2026-08-01 07:37:58.340 | INFO     | api:get_file:84 - Loading File 126d518f-764b-2019-40a6-645aba60ba46
2026-08-01 07:37:58.566 | INFO     | monitor:scan:273 - Reached Old Files
2026-08-01 07:37:58.566 | INFO     | monitor:scan:303 - No New Serial
2026-08-01 07:37:58.567 | INFO     | monitor:scan:325 - Nothing Changed
2026-08-01 07:37:58.567 | SUCCESS  | monitor:scan:331 - Scan Finished
2026-08-01 07:37:58.568 | INFO     | monitor:start:67 - Sleep 60 Seconds
2026-08-01 07:38:58.568 | INFO     | auth.login:ensure_login:354 - Checking Login...
2026-08-01 07:38:58.574 | SUCCESS  | auth.login:load_saved_token:192 - Saved Token Loaded
2026-08-01 07:38:58.577 | SUCCESS  | auth.login:ensure_login:362 - Using Saved Token
2026-08-01 07:38:58.579 | INFO     | monitor:scan:111 - Scanning Website...
2026-08-01 07:38:58.585 | INFO     | monitor:scan:125 - Loading Page 1
2026-08-01 07:38:58.587 | INFO     | api:get_files:60 - Loading Page 1
2026-08-01 07:39:01.780 | INFO     | api:get_file:84 - Loading File 126d518f-764b-2019-40a6-645aba60ba46
2026-08-01 07:39:02.008 | INFO     | monitor:scan:273 - Reached Old Files
2026-08-01 07:39:02.011 | INFO     | monitor:scan:303 - No New Serial
2026-08-01 07:39:02.012 | INFO     | monitor:scan:325 - Nothing Changed
2026-08-01 07:39:02.012 | SUCCESS  | monitor:scan:331 - Scan Finished
2026-08-01 07:39:02.013 | INFO     | monitor:start:67 - Sleep 60 Seconds
2026-08-01 07:40:02.014 | INFO     | auth.login:ensure_login:354 - Checking Login...
2026-08-01 07:40:02.014 | SUCCESS  | auth.login:load_saved_token:192 - Saved Token Loaded
2026-08-01 07:40:02.015 | SUCCESS  | auth.login:ensure_login:362 - Using Saved Token
2026-08-01 07:40:02.015 | INFO     | monitor:scan:111 - Scanning Website...
2026-08-01 07:40:02.015 | INFO     | monitor:scan:125 - Loading Page 1
2026-08-01 07:40:02.015 | INFO     | api:get_files:60 - Loading Page 1
2026-08-01 07:40:05.496 | INFO     | api:get_file:84 - Loading File 126d518f-764b-2019-40a6-645aba60ba46
2026-08-01 07:40:05.724 | INFO     | monitor:scan:273 - Reached Old Files
2026-08-01 07:40:05.724 | INFO     | monitor:scan:303 - No New Serial
2026-08-01 07:40:05.725 | INFO     | monitor:scan:325 - Nothing Changed
2026-08-01 07:40:05.725 | SUCCESS  | monitor:scan:331 - Scan Finished
2026-08-01 07:40:05.725 | INFO     | monitor:start:67 - Sleep 60 Seconds
2026-08-01 07:41:05.726 | INFO     | auth.login:ensure_login:354 - Checking Login...
2026-08-01 07:41:05.727 | SUCCESS  | auth.login:load_saved_token:192 - Saved Token Loaded
2026-08-01 07:41:05.727 | SUCCESS  | auth.login:ensure_login:362 - Using Saved Token
2026-08-01 07:41:05.727 | INFO     | monitor:scan:111 - Scanning Website...
2026-08-01 07:41:05.727 | INFO     | monitor:scan:125 - Loading Page 1
2026-08-01 07:41:05.728 | INFO     | api:get_files:60 - Loading Page 1
2026-08-01 07:41:09.214 | INFO     | api:get_file:84 - Loading File 126d518f-764b-2019-40a6-645aba60ba46
2026-08-01 07:41:09.441 | INFO     | monitor:scan:273 - Reached Old Files
2026-08-01 07:41:09.442 | INFO     | monitor:scan:303 - No New Serial
2026-08-01 07:41:09.442 | INFO     | monitor:scan:325 - Nothing Changed
2026-08-01 07:41:09.442 | SUCCESS  | monitor:scan:331 - Scan Finished
2026-08-01 07:41:09.442 | INFO     | monitor:start:67 - Sleep 60 Seconds
2026-08-01 07:42:09.442 | INFO     | auth.login:ensure_login:354 - Checking Login...
2026-08-01 07:42:09.444 | SUCCESS  | auth.login:load_saved_token:192 - Saved Token Loaded
2026-08-01 07:42:09.445 | SUCCESS  | auth.login:ensure_login:362 - Using Saved Token
2026-08-01 07:42:09.446 | INFO     | monitor:scan:111 - Scanning Website...
2026-08-01 07:42:09.447 | INFO     | monitor:scan:125 - Loading Page 1
2026-08-01 07:42:09.447 | INFO     | api:get_files:60 - Loading Page 1
2026-08-01 07:42:12.450 | INFO     | api:get_file:84 - Loading File 126d518f-764b-2019-40a6-645aba60ba46
2026-08-01 07:42:12.664 | INFO     | monitor:scan:273 - Reached Old Files
2026-08-01 07:42:12.666 | INFO     | monitor:scan:303 - No New Serial
2026-08-01 07:42:12.666 | INFO     | monitor:scan:325 - Nothing Changed
2026-08-01 07:42:12.666 | SUCCESS  | monitor:scan:331 - Scan Finished
2026-08-01 07:42:12.667 | INFO     | monitor:start:67 - Sleep 60 Seconds
2026-08-01 07:43:12.667 | INFO     | auth.login:ensure_login:354 - Checking Login...
2026-08-01 07:43:12.668 | SUCCESS  | auth.login:load_saved_token:192 - Saved Token Loaded
2026-08-01 07:43:12.668 | SUCCESS  | auth.login:ensure_login:362 - Using Saved Token
2026-08-01 07:43:12.668 | INFO     | monitor:scan:111 - Scanning Website...
2026-08-01 07:43:12.669 | INFO     | monitor:scan:125 - Loading Page 1
2026-08-01 07:43:12.669 | INFO     | api:get_files:60 - Loading Page 1
2026-08-01 07:43:13.071 | WARNING  | auth.login:get:411 - Access Token Expired
2026-08-01 07:43:13.072 | INFO     | auth.login:login:262 - Logging in...
2026-08-01 07:43:13.592 | SUCCESS  | auth.login:save_token:242 - Token Saved
2026-08-01 07:43:13.595 | SUCCESS  | auth.login:login:340 - Login Successful
2026-08-01 07:43:16.236 | INFO     | api:get_file:84 - Loading File 126d518f-764b-2019-40a6-645aba60ba46
2026-08-01 07:43:16.462 | INFO     | monitor:scan:273 - Reached Old Files
2026-08-01 07:43:16.462 | INFO     | monitor:scan:303 - No New Serial
2026-08-01 07:43:16.463 | INFO     | monitor:scan:325 - Nothing Changed
2026-08-01 07:43:16.463 | SUCCESS  | monitor:scan:331 - Scan Finished
2026-08-01 07:43:16.463 | INFO     | monitor:start:67 - Sleep 60 Seconds
2026-08-01 07:44:16.464 | INFO     | auth.login:ensure_login:354 - Checking Login...
2026-08-01 07:44:16.473 | SUCCESS  | auth.login:load_saved_token:192 - Saved Token Loaded
2026-08-01 07:44:16.474 | SUCCESS  | auth.login:ensure_login:362 - Using Saved Token
2026-08-01 07:44:16.474 | INFO     | monitor:scan:111 - Scanning Website...
2026-08-01 07:44:16.475 | INFO     | monitor:scan:125 - Loading Page 1
2026-08-01 07:44:16.475 | INFO     | api:get_files:60 - Loading Page 1
2026-08-01 07:44:18.147 | INFO     | api:get_file:84 - Loading File 126d518f-764b-2019-40a6-645aba60ba46
2026-08-01 07:44:18.376 | INFO     | monitor:scan:273 - Reached Old Files
2026-08-01 07:44:18.376 | INFO     | monitor:scan:303 - No New Serial
2026-08-01 07:44:18.376 | INFO     | monitor:scan:325 - Nothing Changed
2026-08-01 07:44:18.377 | SUCCESS  | monitor:scan:331 - Scan Finished
2026-08-01 07:44:18.377 | INFO     | monitor:start:67 - Sleep 60 Seconds
2026-08-01 07:45:18.378 | INFO     | auth.login:ensure_login:354 - Checking Login...
2026-08-01 07:45:18.380 | SUCCESS  | auth.login:load_saved_token:192 - Saved Token Loaded
2026-08-01 07:45:18.381 | SUCCESS  | auth.login:ensure_login:362 - Using Saved Token
2026-08-01 07:45:18.381 | INFO     | monitor:scan:111 - Scanning Website...
2026-08-01 07:45:18.381 | INFO     | monitor:scan:125 - Loading Page 1
2026-08-01 07:45:18.382 | INFO     | api:get_files:60 - Loading Page 1
2026-08-01 07:45:19.903 | INFO     | api:get_file:84 - Loading File 126d518f-764b-2019-40a6-645aba60ba46
2026-08-01 07:45:20.139 | INFO     | monitor:scan:273 - Reached Old Files
2026-08-01 07:45:20.141 | INFO     | monitor:scan:303 - No New Serial
2026-08-01 07:45:20.143 | INFO     | monitor:scan:325 - Nothing Changed
2026-08-01 07:45:20.143 | SUCCESS  | monitor:scan:331 - Scan Finished
2026-08-01 07:45:20.144 | INFO     | monitor:start:67 - Sleep 60 Seconds
2026-08-01 07:46:20.148 | INFO     | auth.login:ensure_login:354 - Checking Login...
2026-08-01 07:46:20.151 | SUCCESS  | auth.login:load_saved_token:192 - Saved Token Loaded
2026-08-01 07:46:20.151 | SUCCESS  | auth.login:ensure_login:362 - Using Saved Token
2026-08-01 07:46:20.151 | INFO     | monitor:scan:111 - Scanning Website...
2026-08-01 07:46:20.153 | INFO     | monitor:scan:125 - Loading Page 1
2026-08-01 07:46:20.153 | INFO     | api:get_files:60 - Loading Page 1
2026-08-01 07:46:21.702 | INFO     | api:get_file:84 - Loading File 126d518f-764b-2019-40a6-645aba60ba46
2026-08-01 07:46:21.920 | INFO     | monitor:scan:273 - Reached Old Files
2026-08-01 07:46:21.920 | INFO     | monitor:scan:303 - No New Serial
2026-08-01 07:46:21.921 | INFO     | monitor:scan:325 - Nothing Changed
2026-08-01 07:46:21.921 | SUCCESS  | monitor:scan:331 - Scan Finished
2026-08-01 07:46:21.921 | INFO     | monitor:start:67 - Sleep 60 Seconds
2026-08-01 07:47:21.922 | INFO     | auth.login:ensure_login:354 - Checking Login...
2026-08-01 07:47:21.922 | SUCCESS  | auth.login:load_saved_token:192 - Saved Token Loaded
2026-08-01 07:47:21.923 | SUCCESS  | auth.login:ensure_login:362 - Using Saved Token
2026-08-01 07:47:21.923 | INFO     | monitor:scan:111 - Scanning Website...
2026-08-01 07:47:21.924 | INFO     | monitor:scan:125 - Loading Page 1
2026-08-01 07:47:21.925 | INFO     | api:get_files:60 - Loading Page 1
2026-08-01 07:47:23.447 | INFO     | api:get_file:84 - Loading File 126d518f-764b-2019-40a6-645aba60ba46
2026-08-01 07:47:23.664 | INFO     | monitor:scan:273 - Reached Old Files
2026-08-01 07:47:23.665 | INFO     | monitor:scan:303 - No New Serial
2026-08-01 07:47:23.666 | INFO     | monitor:scan:325 - Nothing Changed
2026-08-01 07:47:23.666 | SUCCESS  | monitor:scan:331 - Scan Finished
2026-08-01 07:47:23.667 | INFO     | monitor:start:67 - Sleep 60 Seconds
2026-08-01 07:48:23.668 | INFO     | auth.login:ensure_login:354 - Checking Login...
2026-08-01 07:48:23.673 | SUCCESS  | auth.login:load_saved_token:192 - Saved Token Loaded
2026-08-01 07:48:23.673 | SUCCESS  | auth.login:ensure_login:362 - Using Saved Token
2026-08-01 07:48:23.673 | INFO     | monitor:scan:111 - Scanning Website...
2026-08-01 07:48:23.674 | INFO     | monitor:scan:125 - Loading Page 1
2026-08-01 07:48:23.674 | INFO     | api:get_files:60 - Loading Page 1
2026-08-01 07:48:26.508 | INFO     | api:get_file:84 - Loading File 126d518f-764b-2019-40a6-645aba60ba46
2026-08-01 07:48:26.718 | INFO     | monitor:scan:273 - Reached Old Files
2026-08-01 07:48:26.719 | INFO     | monitor:scan:303 - No New Serial
2026-08-01 07:48:26.719 | INFO     | monitor:scan:325 - Nothing Changed
2026-08-01 07:48:26.719 | SUCCESS  | monitor:scan:331 - Scan Finished
2026-08-01 07:48:26.719 | INFO     | monitor:start:67 - Sleep 60 Seconds
2026-08-01 07:49:26.720 | INFO     | auth.login:ensure_login:354 - Checking Login...
2026-08-01 07:49:26.721 | SUCCESS  | auth.login:load_saved_token:192 - Saved Token Loaded
2026-08-01 07:49:26.721 | SUCCESS  | auth.login:ensure_login:362 - Using Saved Token
2026-08-01 07:49:26.722 | INFO     | monitor:scan:111 - Scanning Website...
2026-08-01 07:49:26.723 | INFO     | monitor:scan:125 - Loading Page 1
2026-08-01 07:49:26.723 | INFO     | api:get_files:60 - Loading Page 1
2026-08-01 07:49:30.090 | INFO     | api:get_file:84 - Loading File 126d518f-764b-2019-40a6-645aba60ba46
2026-08-01 07:49:30.322 | INFO     | monitor:scan:273 - Reached Old Files
2026-08-01 07:49:30.325 | INFO     | monitor:scan:303 - No New Serial
2026-08-01 07:49:30.326 | INFO     | monitor:scan:325 - Nothing Changed
2026-08-01 07:49:30.327 | SUCCESS  | monitor:scan:331 - Scan Finished
2026-08-01 07:49:30.328 | INFO     | monitor:start:67 - Sleep 60 Seconds
2026-08-01 07:50:30.329 | INFO     | auth.login:ensure_login:354 - Checking Login...
2026-08-01 07:50:30.333 | SUCCESS  | auth.login:load_saved_token:192 - Saved Token Loaded
2026-08-01 07:50:30.335 | SUCCESS  | auth.login:ensure_login:362 - Using Saved Token
2026-08-01 07:50:30.337 | INFO     | monitor:scan:111 - Scanning Website...
2026-08-01 07:50:30.342 | INFO     | monitor:scan:125 - Loading Page 1
2026-08-01 07:50:30.345 | INFO     | api:get_files:60 - Loading Page 1
2026-08-01 07:50:31.951 | INFO     | api:get_file:84 - Loading File 126d518f-764b-2019-40a6-645aba60ba46
2026-08-01 07:50:32.162 | INFO     | monitor:scan:273 - Reached Old Files
2026-08-01 07:50:32.162 | INFO     | monitor:scan:303 - No New Serial
2026-08-01 07:50:32.162 | INFO     | monitor:scan:325 - Nothing Changed
2026-08-01 07:50:32.163 | SUCCESS  | monitor:scan:331 - Scan Finished
2026-08-01 07:50:32.163 | INFO     | monitor:start:67 - Sleep 60 Seconds
2026-08-01 07:51:32.163 | INFO     | auth.login:ensure_login:354 - Checking Login...
2026-08-01 07:51:32.164 | SUCCESS  | auth.login:load_saved_token:192 - Saved Token Loaded
2026-08-01 07:51:32.164 | SUCCESS  | auth.login:ensure_login:362 - Using Saved Token
2026-08-01 07:51:32.164 | INFO     | monitor:scan:111 - Scanning Website...
2026-08-01 07:51:32.165 | INFO     | monitor:scan:125 - Loading Page 1
2026-08-01 07:51:32.165 | INFO     | api:get_files:60 - Loading Page 1
2026-08-01 07:51:33.715 | INFO     | api:get_file:84 - Loading File 126d518f-764b-2019-40a6-645aba60ba46
2026-08-01 07:51:33.945 | INFO     | monitor:scan:273 - Reached Old Files
2026-08-01 07:51:33.947 | INFO     | monitor:scan:303 - No New Serial
2026-08-01 07:51:33.948 | INFO     | monitor:scan:325 - Nothing Changed
2026-08-01 07:51:33.949 | SUCCESS  | monitor:scan:331 - Scan Finished
2026-08-01 07:51:33.950 | INFO     | monitor:start:67 - Sleep 60 Seconds
2026-08-01 07:52:33.950 | INFO     | auth.login:ensure_login:354 - Checking Login...
2026-08-01 07:52:33.951 | SUCCESS  | auth.login:load_saved_token:192 - Saved Token Loaded
2026-08-01 07:52:33.952 | SUCCESS  | auth.login:ensure_login:362 - Using Saved Token
2026-08-01 07:52:33.952 | INFO     | monitor:scan:111 - Scanning Website...
2026-08-01 07:52:33.954 | INFO     | monitor:scan:125 - Loading Page 1
2026-08-01 07:52:33.954 | INFO     | api:get_files:60 - Loading Page 1
2026-08-01 07:52:37.140 | INFO     | api:get_file:84 - Loading File 126d518f-764b-2019-40a6-645aba60ba46
2026-08-01 07:52:37.535 | INFO     | monitor:scan:273 - Reached Old Files
2026-08-01 07:52:37.536 | INFO     | monitor:scan:303 - No New Serial
2026-08-01 07:52:37.536 | INFO     | monitor:scan:325 - Nothing Changed
2026-08-01 07:52:37.537 | SUCCESS  | monitor:scan:331 - Scan Finished
2026-08-01 07:52:37.538 | INFO     | monitor:start:67 - Sleep 60 Seconds
2026-08-01 07:53:37.539 | INFO     | auth.login:ensure_login:354 - Checking Login...
2026-08-01 07:53:37.540 | SUCCESS  | auth.login:load_saved_token:192 - Saved Token Loaded
2026-08-01 07:53:37.540 | SUCCESS  | auth.login:ensure_login:362 - Using Saved Token
2026-08-01 07:53:37.540 | INFO     | monitor:scan:111 - Scanning Website...
2026-08-01 07:53:37.541 | INFO     | monitor:scan:125 - Loading Page 1
2026-08-01 07:53:37.541 | INFO     | api:get_files:60 - Loading Page 1
2026-08-01 07:53:37.909 | WARNING  | auth.login:get:411 - Access Token Expired
2026-08-01 07:53:37.909 | INFO     | auth.login:login:262 - Logging in...
2026-08-01 07:53:38.362 | SUCCESS  | auth.login:save_token:242 - Token Saved
2026-08-01 07:53:38.362 | SUCCESS  | auth.login:login:340 - Login Successful
2026-08-01 07:53:39.830 | INFO     | api:get_file:84 - Loading File 126d518f-764b-2019-40a6-645aba60ba46
2026-08-01 07:53:40.047 | INFO     | monitor:scan:273 - Reached Old Files
2026-08-01 07:53:40.047 | INFO     | monitor:scan:303 - No New Serial
2026-08-01 07:53:40.048 | INFO     | monitor:scan:325 - Nothing Changed
2026-08-01 07:53:40.048 | SUCCESS  | monitor:scan:331 - Scan Finished
2026-08-01 07:53:40.048 | INFO     | monitor:start:67 - Sleep 60 Seconds
2026-08-01 07:54:40.049 | INFO     | auth.login:ensure_login:354 - Checking Login...
2026-08-01 07:54:40.060 | SUCCESS  | auth.login:load_saved_token:192 - Saved Token Loaded
2026-08-01 07:54:40.060 | SUCCESS  | auth.login:ensure_login:362 - Using Saved Token
2026-08-01 07:54:40.060 | INFO     | monitor:scan:111 - Scanning Website...
2026-08-01 07:54:40.061 | INFO     | monitor:scan:125 - Loading Page 1
2026-08-01 07:54:40.061 | INFO     | api:get_files:60 - Loading Page 1
2026-08-01 07:54:43.235 | INFO     | api:get_file:84 - Loading File 126d518f-764b-2019-40a6-645aba60ba46
2026-08-01 07:54:43.469 | INFO     | monitor:scan:273 - Reached Old Files
2026-08-01 07:54:43.469 | INFO     | monitor:scan:303 - No New Serial
2026-08-01 07:54:43.470 | INFO     | monitor:scan:325 - Nothing Changed
2026-08-01 07:54:43.471 | SUCCESS  | monitor:scan:331 - Scan Finished
2026-08-01 07:54:43.472 | INFO     | monitor:start:67 - Sleep 60 Seconds
2026-08-01 07:55:43.473 | INFO     | auth.login:ensure_login:354 - Checking Login...
2026-08-01 07:55:43.473 | SUCCESS  | auth.login:load_saved_token:192 - Saved Token Loaded
2026-08-01 07:55:43.473 | SUCCESS  | auth.login:ensure_login:362 - Using Saved Token
2026-08-01 07:55:43.473 | INFO     | monitor:scan:111 - Scanning Website...
2026-08-01 07:55:43.474 | INFO     | monitor:scan:125 - Loading Page 1
2026-08-01 07:55:43.474 | INFO     | api:get_files:60 - Loading Page 1
2026-08-01 07:55:45.678 | INFO     | api:get_file:84 - Loading File 126d518f-764b-2019-40a6-645aba60ba46
2026-08-01 07:55:45.905 | INFO     | monitor:scan:273 - Reached Old Files
2026-08-01 07:55:45.905 | INFO     | monitor:scan:303 - No New Serial
2026-08-01 07:55:45.905 | INFO     | monitor:scan:325 - Nothing Changed
2026-08-01 07:55:45.905 | SUCCESS  | monitor:scan:331 - Scan Finished
2026-08-01 07:55:45.906 | INFO     | monitor:start:67 - Sleep 60 Seconds
2026-08-01 07:56:45.906 | INFO     | auth.login:ensure_login:354 - Checking Login...
2026-08-01 07:56:45.907 | SUCCESS  | auth.login:load_saved_token:192 - Saved Token Loaded
2026-08-01 07:56:45.907 | SUCCESS  | auth.login:ensure_login:362 - Using Saved Token
2026-08-01 07:56:45.907 | INFO     | monitor:scan:111 - Scanning Website...
2026-08-01 07:56:45.908 | INFO     | monitor:scan:125 - Loading Page 1
2026-08-01 07:56:45.908 | INFO     | api:get_files:60 - Loading Page 1
2026-08-01 07:56:47.476 | INFO     | api:get_file:84 - Loading File 126d518f-764b-2019-40a6-645aba60ba46
2026-08-01 07:56:47.702 | INFO     | monitor:scan:273 - Reached Old Files
2026-08-01 07:56:47.703 | INFO     | monitor:scan:303 - No New Serial
2026-08-01 07:56:47.703 | INFO     | monitor:scan:325 - Nothing Changed
2026-08-01 07:56:47.704 | SUCCESS  | monitor:scan:331 - Scan Finished
2026-08-01 07:56:47.705 | INFO     | monitor:start:67 - Sleep 60 Seconds
2026-08-01 07:57:47.706 | INFO     | auth.login:ensure_login:354 - Checking Login...
2026-08-01 07:57:47.711 | SUCCESS  | auth.login:load_saved_token:192 - Saved Token Loaded
2026-08-01 07:57:47.714 | SUCCESS  | auth.login:ensure_login:362 - Using Saved Token
2026-08-01 07:57:47.716 | INFO     | monitor:scan:111 - Scanning Website...
2026-08-01 07:57:47.718 | INFO     | monitor:scan:125 - Loading Page 1
2026-08-01 07:57:47.720 | INFO     | api:get_files:60 - Loading Page 1
2026-08-01 07:57:49.555 | INFO     | api:get_file:84 - Loading File 126d518f-764b-2019-40a6-645aba60ba46
2026-08-01 07:57:49.785 | INFO     | monitor:scan:273 - Reached Old Files
2026-08-01 07:57:49.785 | INFO     | monitor:scan:303 - No New Serial
2026-08-01 07:57:49.785 | INFO     | monitor:scan:325 - Nothing Changed
2026-08-01 07:57:49.785 | SUCCESS  | monitor:scan:331 - Scan Finished
2026-08-01 07:57:49.785 | INFO     | monitor:start:67 - Sleep 60 Seconds
2026-08-01 07:58:49.786 | INFO     | auth.login:ensure_login:354 - Checking Login...
2026-08-01 07:58:49.786 | SUCCESS  | auth.login:load_saved_token:192 - Saved Token Loaded
2026-08-01 07:58:49.787 | SUCCESS  | auth.login:ensure_login:362 - Using Saved Token
2026-08-01 07:58:49.787 | INFO     | monitor:scan:111 - Scanning Website...
2026-08-01 07:58:49.788 | INFO     | monitor:scan:125 - Loading Page 1
2026-08-01 07:58:49.788 | INFO     | api:get_files:60 - Loading Page 1
2026-08-01 07:58:51.674 | INFO     | api:get_file:84 - Loading File 126d518f-764b-2019-40a6-645aba60ba46
2026-08-01 07:58:51.898 | INFO     | monitor:scan:273 - Reached Old Files
2026-08-01 07:58:51.899 | INFO     | monitor:scan:303 - No New Serial
2026-08-01 07:58:51.899 | INFO     | monitor:scan:325 - Nothing Changed
2026-08-01 07:58:51.899 | SUCCESS  | monitor:scan:331 - Scan Finished
2026-08-01 07:58:51.900 | INFO     | monitor:start:67 - Sleep 60 Seconds
2026-08-01 07:59:51.901 | INFO     | auth.login:ensure_login:354 - Checking Login...
2026-08-01 07:59:51.902 | SUCCESS  | auth.login:load_saved_token:192 - Saved Token Loaded
2026-08-01 07:59:51.902 | SUCCESS  | auth.login:ensure_login:362 - Using Saved Token
2026-08-01 07:59:51.902 | INFO     | monitor:scan:111 - Scanning Website...
2026-08-01 07:59:51.903 | INFO     | monitor:scan:125 - Loading Page 1
2026-08-01 07:59:51.904 | INFO     | api:get_files:60 - Loading Page 1
2026-08-01 07:59:53.466 | INFO     | api:get_file:84 - Loading File 126d518f-764b-2019-40a6-645aba60ba46
2026-08-01 07:59:53.695 | INFO     | monitor:scan:273 - Reached Old Files
2026-08-01 07:59:53.696 | INFO     | monitor:scan:303 - No New Serial
2026-08-01 07:59:53.698 | INFO     | monitor:scan:325 - Nothing Changed
2026-08-01 07:59:53.699 | SUCCESS  | monitor:scan:331 - Scan Finished
2026-08-01 07:59:53.700 | INFO     | monitor:start:67 - Sleep 60 Seconds
2026-08-01 08:00:53.701 | INFO     | auth.login:ensure_login:354 - Checking Login...
2026-08-01 08:00:53.701 | SUCCESS  | auth.login:load_saved_token:192 - Saved Token Loaded
2026-08-01 08:00:53.702 | SUCCESS  | auth.login:ensure_login:362 - Using Saved Token
2026-08-01 08:00:53.702 | INFO     | monitor:scan:111 - Scanning Website...
2026-08-01 08:00:53.702 | INFO     | monitor:scan:125 - Loading Page 1
2026-08-01 08:00:53.703 | INFO     | api:get_files:60 - Loading Page 1
2026-08-01 08:00:55.353 | INFO     | api:get_file:84 - Loading File 126d518f-764b-2019-40a6-645aba60ba46
2026-08-01 08:00:55.574 | INFO     | monitor:scan:273 - Reached Old Files
2026-08-01 08:00:55.576 | INFO     | monitor:scan:303 - No New Serial
2026-08-01 08:00:55.576 | INFO     | monitor:scan:325 - Nothing Changed
2026-08-01 08:00:55.577 | SUCCESS  | monitor:scan:331 - Scan Finished
2026-08-01 08:00:55.579 | INFO     | monitor:start:67 - Sleep 60 Seconds
2026-08-01 08:01:55.581 | INFO     | auth.login:ensure_login:354 - Checking Login...
2026-08-01 08:01:55.582 | SUCCESS  | auth.login:load_saved_token:192 - Saved Token Loaded
2026-08-01 08:01:55.582 | SUCCESS  | auth.login:ensure_login:362 - Using Saved Token
2026-08-01 08:01:55.582 | INFO     | monitor:scan:111 - Scanning Website...
2026-08-01 08:01:55.582 | INFO     | monitor:scan:125 - Loading Page 1
2026-08-01 08:01:55.583 | INFO     | api:get_files:60 - Loading Page 1
2026-08-01 08:01:57.706 | INFO     | api:get_file:84 - Loading File 126d518f-764b-2019-40a6-645aba60ba46
2026-08-01 08:01:57.928 | INFO     | monitor:scan:273 - Reached Old Files
2026-08-01 08:01:57.929 | INFO     | monitor:scan:303 - No New Serial
2026-08-01 08:01:57.931 | INFO     | monitor:scan:325 - Nothing Changed
2026-08-01 08:01:57.933 | SUCCESS  | monitor:scan:331 - Scan Finished
2026-08-01 08:01:57.935 | INFO     | monitor:start:67 - Sleep 60 Seconds
2026-08-01 08:02:57.936 | INFO     | auth.login:ensure_login:354 - Checking Login...
2026-08-01 08:02:57.936 | SUCCESS  | auth.login:load_saved_token:192 - Saved Token Loaded
2026-08-01 08:02:57.937 | SUCCESS  | auth.login:ensure_login:362 - Using Saved Token
2026-08-01 08:02:57.937 | INFO     | monitor:scan:111 - Scanning Website...
2026-08-01 08:02:57.937 | INFO     | monitor:scan:125 - Loading Page 1
2026-08-01 08:02:57.938 | INFO     | api:get_files:60 - Loading Page 1
2026-08-01 08:02:59.454 | INFO     | api:get_file:84 - Loading File 126d518f-764b-2019-40a6-645aba60ba46
2026-08-01 08:02:59.679 | INFO     | monitor:scan:273 - Reached Old Files
2026-08-01 08:02:59.680 | INFO     | monitor:scan:303 - No New Serial
2026-08-01 08:02:59.680 | INFO     | monitor:scan:325 - Nothing Changed
2026-08-01 08:02:59.680 | SUCCESS  | monitor:scan:331 - Scan Finished
2026-08-01 08:02:59.680 | INFO     | monitor:start:67 - Sleep 60 Seconds
2026-08-01 08:03:59.681 | INFO     | auth.login:ensure_login:354 - Checking Login...
2026-08-01 08:03:59.682 | SUCCESS  | auth.login:load_saved_token:192 - Saved Token Loaded
2026-08-01 08:03:59.682 | SUCCESS  | auth.login:ensure_login:362 - Using Saved Token
2026-08-01 08:03:59.682 | INFO     | monitor:scan:111 - Scanning Website...
2026-08-01 08:03:59.683 | INFO     | monitor:scan:125 - Loading Page 1
2026-08-01 08:03:59.683 | INFO     | api:get_files:60 - Loading Page 1
2026-08-01 08:04:00.095 | WARNING  | auth.login:get:411 - Access Token Expired
2026-08-01 08:04:00.095 | INFO     | auth.login:login:262 - Logging in...
2026-08-01 08:04:00.580 | SUCCESS  | auth.login:save_token:242 - Token Saved
2026-08-01 08:04:00.581 | SUCCESS  | auth.login:login:340 - Login Successful
2026-08-01 08:04:01.788 | INFO     | api:get_file:84 - Loading File 126d518f-764b-2019-40a6-645aba60ba46
2026-08-01 08:04:02.013 | INFO     | monitor:scan:273 - Reached Old Files
2026-08-01 08:04:02.013 | INFO     | monitor:scan:303 - No New Serial
2026-08-01 08:04:02.013 | INFO     | monitor:scan:325 - Nothing Changed
2026-08-01 08:04:02.013 | SUCCESS  | monitor:scan:331 - Scan Finished
2026-08-01 08:04:02.014 | INFO     | monitor:start:67 - Sleep 60 Seconds
2026-08-01 08:05:02.014 | INFO     | auth.login:ensure_login:354 - Checking Login...
2026-08-01 08:05:02.021 | SUCCESS  | auth.login:load_saved_token:192 - Saved Token Loaded
2026-08-01 08:05:02.022 | SUCCESS  | auth.login:ensure_login:362 - Using Saved Token
2026-08-01 08:05:02.022 | INFO     | monitor:scan:111 - Scanning Website...
2026-08-01 08:05:02.022 | INFO     | monitor:scan:125 - Loading Page 1
2026-08-01 08:05:02.022 | INFO     | api:get_files:60 - Loading Page 1
2026-08-01 08:05:05.463 | INFO     | api:get_file:84 - Loading File 126d518f-764b-2019-40a6-645aba60ba46
2026-08-01 08:05:05.690 | INFO     | monitor:scan:273 - Reached Old Files
2026-08-01 08:05:05.690 | INFO     | monitor:scan:303 - No New Serial
2026-08-01 08:05:05.690 | INFO     | monitor:scan:325 - Nothing Changed
2026-08-01 08:05:05.691 | SUCCESS  | monitor:scan:331 - Scan Finished
2026-08-01 08:05:05.691 | INFO     | monitor:start:67 - Sleep 60 Seconds
2026-08-01 08:06:05.692 | INFO     | auth.login:ensure_login:354 - Checking Login...
2026-08-01 08:06:05.694 | SUCCESS  | auth.login:load_saved_token:192 - Saved Token Loaded
2026-08-01 08:06:05.695 | SUCCESS  | auth.login:ensure_login:362 - Using Saved Token
2026-08-01 08:06:05.696 | INFO     | monitor:scan:111 - Scanning Website...
2026-08-01 08:06:05.698 | INFO     | monitor:scan:125 - Loading Page 1
2026-08-01 08:06:05.699 | INFO     | api:get_files:60 - Loading Page 1
2026-08-01 08:06:09.072 | INFO     | api:get_file:84 - Loading File 126d518f-764b-2019-40a6-645aba60ba46
2026-08-01 08:06:09.300 | INFO     | monitor:scan:273 - Reached Old Files
2026-08-01 08:06:09.300 | INFO     | monitor:scan:303 - No New Serial
2026-08-01 08:06:09.300 | INFO     | monitor:scan:325 - Nothing Changed
2026-08-01 08:06:09.300 | SUCCESS  | monitor:scan:331 - Scan Finished
2026-08-01 08:06:09.300 | INFO     | monitor:start:67 - Sleep 60 Seconds
2026-08-01 08:07:09.301 | INFO     | auth.login:ensure_login:354 - Checking Login...
2026-08-01 08:07:09.306 | SUCCESS  | auth.login:load_saved_token:192 - Saved Token Loaded
2026-08-01 08:07:09.307 | SUCCESS  | auth.login:ensure_login:362 - Using Saved Token
2026-08-01 08:07:09.308 | INFO     | monitor:scan:111 - Scanning Website...
2026-08-01 08:07:09.312 | INFO     | monitor:scan:125 - Loading Page 1
2026-08-01 08:07:09.314 | INFO     | api:get_files:60 - Loading Page 1
2026-08-01 08:07:10.834 | INFO     | api:get_file:84 - Loading File 126d518f-764b-2019-40a6-645aba60ba46
2026-08-01 08:07:11.060 | INFO     | monitor:scan:273 - Reached Old Files
2026-08-01 08:07:11.060 | INFO     | monitor:scan:303 - No New Serial
2026-08-01 08:07:11.060 | INFO     | monitor:scan:325 - Nothing Changed
2026-08-01 08:07:11.061 | SUCCESS  | monitor:scan:331 - Scan Finished
2026-08-01 08:07:11.061 | INFO     | monitor:start:67 - Sleep 60 Seconds
2026-08-01 08:08:11.061 | INFO     | auth.login:ensure_login:354 - Checking Login...
2026-08-01 08:08:11.063 | SUCCESS  | auth.login:load_saved_token:192 - Saved Token Loaded
2026-08-01 08:08:11.064 | SUCCESS  | auth.login:ensure_login:362 - Using Saved Token
2026-08-01 08:08:11.065 | INFO     | monitor:scan:111 - Scanning Website...
2026-08-01 08:08:11.066 | INFO     | monitor:scan:125 - Loading Page 1
2026-08-01 08:08:11.069 | INFO     | api:get_files:60 - Loading Page 1
2026-08-01 08:08:12.600 | INFO     | api:get_file:84 - Loading File 126d518f-764b-2019-40a6-645aba60ba46
2026-08-01 08:08:12.825 | INFO     | monitor:scan:273 - Reached Old Files
2026-08-01 08:08:12.825 | INFO     | monitor:scan:303 - No New Serial
2026-08-01 08:08:12.826 | INFO     | monitor:scan:325 - Nothing Changed
2026-08-01 08:08:12.826 | SUCCESS  | monitor:scan:331 - Scan Finished
2026-08-01 08:08:12.826 | INFO     | monitor:start:67 - Sleep 60 Seconds
2026-08-01 08:09:12.826 | INFO     | auth.login:ensure_login:354 - Checking Login...
2026-08-01 08:09:12.827 | SUCCESS  | auth.login:load_saved_token:192 - Saved Token Loaded
2026-08-01 08:09:12.827 | SUCCESS  | auth.login:ensure_login:362 - Using Saved Token
2026-08-01 08:09:12.827 | INFO     | monitor:scan:111 - Scanning Website...
2026-08-01 08:09:12.828 | INFO     | monitor:scan:125 - Loading Page 1
2026-08-01 08:09:12.829 | INFO     | api:get_files:60 - Loading Page 1
2026-08-01 08:09:14.368 | INFO     | api:get_file:84 - Loading File 126d518f-764b-2019-40a6-645aba60ba46
2026-08-01 08:09:14.596 | INFO     | monitor:scan:273 - Reached Old Files
2026-08-01 08:09:14.597 | INFO     | monitor:scan:303 - No New Serial
2026-08-01 08:09:14.597 | INFO     | monitor:scan:325 - Nothing Changed
2026-08-01 08:09:14.597 | SUCCESS  | monitor:scan:331 - Scan Finished
2026-08-01 08:09:14.597 | INFO     | monitor:start:67 - Sleep 60 Seconds
2026-08-01 08:10:14.598 | INFO     | auth.login:ensure_login:354 - Checking Login...
2026-08-01 08:10:14.601 | SUCCESS  | auth.login:load_saved_token:192 - Saved Token Loaded
2026-08-01 08:10:14.603 | SUCCESS  | auth.login:ensure_login:362 - Using Saved Token
2026-08-01 08:10:14.603 | INFO     | monitor:scan:111 - Scanning Website...
2026-08-01 08:10:14.605 | INFO     | monitor:scan:125 - Loading Page 1
2026-08-01 08:10:14.606 | INFO     | api:get_files:60 - Loading Page 1
2026-08-01 08:10:17.590 | INFO     | api:get_file:84 - Loading File 126d518f-764b-2019-40a6-645aba60ba46
2026-08-01 08:10:17.815 | INFO     | monitor:scan:273 - Reached Old Files
2026-08-01 08:10:17.815 | INFO     | monitor:scan:303 - No New Serial
2026-08-01 08:10:17.815 | INFO     | monitor:scan:325 - Nothing Changed
2026-08-01 08:10:17.815 | SUCCESS  | monitor:scan:331 - Scan Finished
2026-08-01 08:10:17.816 | INFO     | monitor:start:67 - Sleep 60 Seconds
2026-08-01 08:11:17.816 | INFO     | auth.login:ensure_login:354 - Checking Login...
2026-08-01 08:11:17.817 | SUCCESS  | auth.login:load_saved_token:192 - Saved Token Loaded
2026-08-01 08:11:17.818 | SUCCESS  | auth.login:ensure_login:362 - Using Saved Token
2026-08-01 08:11:17.818 | INFO     | monitor:scan:111 - Scanning Website...
2026-08-01 08:11:17.819 | INFO     | monitor:scan:125 - Loading Page 1
2026-08-01 08:11:17.819 | INFO     | api:get_files:60 - Loading Page 1
2026-08-01 08:11:20.432 | INFO     | api:get_file:84 - Loading File 126d518f-764b-2019-40a6-645aba60ba46
2026-08-01 08:11:20.663 | INFO     | monitor:scan:273 - Reached Old Files
2026-08-01 08:11:20.665 | INFO     | monitor:scan:303 - No New Serial
2026-08-01 08:11:20.665 | INFO     | monitor:scan:325 - Nothing Changed
2026-08-01 08:11:20.667 | SUCCESS  | monitor:scan:331 - Scan Finished
2026-08-01 08:11:20.668 | INFO     | monitor:start:67 - Sleep 60 Seconds
2026-08-01 08:12:20.670 | INFO     | auth.login:ensure_login:354 - Checking Login...
2026-08-01 08:12:20.672 | SUCCESS  | auth.login:load_saved_token:192 - Saved Token Loaded
2026-08-01 08:12:20.674 | SUCCESS  | auth.login:ensure_login:362 - Using Saved Token
2026-08-01 08:12:20.675 | INFO     | monitor:scan:111 - Scanning Website...
2026-08-01 08:12:20.678 | INFO     | monitor:scan:125 - Loading Page 1
2026-08-01 08:12:20.679 | INFO     | api:get_files:60 - Loading Page 1
2026-08-01 08:12:23.866 | INFO     | api:get_file:84 - Loading File 126d518f-764b-2019-40a6-645aba60ba46
2026-08-01 08:12:24.099 | INFO     | monitor:scan:273 - Reached Old Files
2026-08-01 08:12:24.105 | INFO     | monitor:scan:303 - No New Serial
2026-08-01 08:12:24.106 | INFO     | monitor:scan:325 - Nothing Changed
2026-08-01 08:12:24.106 | SUCCESS  | monitor:scan:331 - Scan Finished
2026-08-01 08:12:24.107 | INFO     | monitor:start:67 - Sleep 60 Seconds
2026-08-01 08:13:24.109 | INFO     | auth.login:ensure_login:354 - Checking Login...
2026-08-01 08:13:24.114 | SUCCESS  | auth.login:load_saved_token:192 - Saved Token Loaded
2026-08-01 08:13:24.115 | SUCCESS  | auth.login:ensure_login:362 - Using Saved Token
2026-08-01 08:13:24.116 | INFO     | monitor:scan:111 - Scanning Website...
2026-08-01 08:13:24.120 | INFO     | monitor:scan:125 - Loading Page 1
2026-08-01 08:13:24.122 | INFO     | api:get_files:60 - Loading Page 1
2026-08-01 08:13:25.703 | INFO     | api:get_file:84 - Loading File 126d518f-764b-2019-40a6-645aba60ba46
2026-08-01 08:13:25.929 | INFO     | monitor:scan:273 - Reached Old Files
2026-08-01 08:13:25.930 | INFO     | monitor:scan:303 - No New Serial
2026-08-01 08:13:25.931 | INFO     | monitor:scan:325 - Nothing Changed
2026-08-01 08:13:25.933 | SUCCESS  | monitor:scan:331 - Scan Finished
2026-08-01 08:13:25.934 | INFO     | monitor:start:67 - Sleep 60 Seconds
2026-08-01 08:14:25.935 | INFO     | auth.login:ensure_login:354 - Checking Login...
2026-08-01 08:14:25.939 | SUCCESS  | auth.login:load_saved_token:192 - Saved Token Loaded
2026-08-01 08:14:25.940 | SUCCESS  | auth.login:ensure_login:362 - Using Saved Token
2026-08-01 08:14:25.940 | INFO     | monitor:scan:111 - Scanning Website...
2026-08-01 08:14:25.943 | INFO     | monitor:scan:125 - Loading Page 1
2026-08-01 08:14:25.945 | INFO     | api:get_files:60 - Loading Page 1
2026-08-01 08:14:26.379 | WARNING  | auth.login:get:411 - Access Token Expired
2026-08-01 08:14:26.381 | INFO     | auth.login:login:262 - Logging in...
2026-08-01 08:14:26.805 | SUCCESS  | auth.login:save_token:242 - Token Saved
2026-08-01 08:14:26.805 | SUCCESS  | auth.login:login:340 - Login Successful
2026-08-01 08:14:28.039 | INFO     | api:get_file:84 - Loading File 126d518f-764b-2019-40a6-645aba60ba46
2026-08-01 08:14:28.269 | INFO     | monitor:scan:273 - Reached Old Files
2026-08-01 08:14:28.271 | INFO     | monitor:scan:303 - No New Serial
2026-08-01 08:14:28.272 | INFO     | monitor:scan:325 - Nothing Changed
2026-08-01 08:14:28.273 | SUCCESS  | monitor:scan:331 - Scan Finished
2026-08-01 08:14:28.274 | INFO     | monitor:start:67 - Sleep 60 Seconds
2026-08-01 08:15:28.275 | INFO     | auth.login:ensure_login:354 - Checking Login...
2026-08-01 08:15:28.288 | SUCCESS  | auth.login:load_saved_token:192 - Saved Token Loaded
2026-08-01 08:15:28.288 | SUCCESS  | auth.login:ensure_login:362 - Using Saved Token
2026-08-01 08:15:28.289 | INFO     | monitor:scan:111 - Scanning Website...
2026-08-01 08:15:28.289 | INFO     | monitor:scan:125 - Loading Page 1
2026-08-01 08:15:28.289 | INFO     | api:get_files:60 - Loading Page 1
2026-08-01 08:15:29.717 | INFO     | api:get_file:84 - Loading File 126d518f-764b-2019-40a6-645aba60ba46
2026-08-01 08:15:29.941 | INFO     | monitor:scan:273 - Reached Old Files
2026-08-01 08:15:29.941 | INFO     | monitor:scan:303 - No New Serial
2026-08-01 08:15:29.941 | INFO     | monitor:scan:325 - Nothing Changed
2026-08-01 08:15:29.941 | SUCCESS  | monitor:scan:331 - Scan Finished
2026-08-01 08:15:29.941 | INFO     | monitor:start:67 - Sleep 60 Seconds
2026-08-01 08:16:29.942 | INFO     | auth.login:ensure_login:354 - Checking Login...
2026-08-01 08:16:29.945 | SUCCESS  | auth.login:load_saved_token:192 - Saved Token Loaded
2026-08-01 08:16:29.946 | SUCCESS  | auth.login:ensure_login:362 - Using Saved Token
2026-08-01 08:16:29.948 | INFO     | monitor:scan:111 - Scanning Website...
2026-08-01 08:16:29.952 | INFO     | monitor:scan:125 - Loading Page 1
2026-08-01 08:16:29.952 | INFO     | api:get_files:60 - Loading Page 1
2026-08-01 08:16:31.786 | INFO     | api:get_file:84 - Loading File 126d518f-764b-2019-40a6-645aba60ba46
2026-08-01 08:16:32.007 | INFO     | monitor:scan:273 - Reached Old Files
2026-08-01 08:16:32.008 | INFO     | monitor:scan:303 - No New Serial
2026-08-01 08:16:32.008 | INFO     | monitor:scan:325 - Nothing Changed
2026-08-01 08:16:32.008 | SUCCESS  | monitor:scan:331 - Scan Finished
2026-08-01 08:16:32.008 | INFO     | monitor:start:67 - Sleep 60 Seconds
2026-08-01 08:17:32.009 | INFO     | auth.login:ensure_login:354 - Checking Login...
2026-08-01 08:17:32.010 | SUCCESS  | auth.login:load_saved_token:192 - Saved Token Loaded
2026-08-01 08:17:32.010 | SUCCESS  | auth.login:ensure_login:362 - Using Saved Token
2026-08-01 08:17:32.010 | INFO     | monitor:scan:111 - Scanning Website...
2026-08-01 08:17:32.011 | INFO     | monitor:scan:125 - Loading Page 1
2026-08-01 08:17:32.011 | INFO     | api:get_files:60 - Loading Page 1
2026-08-01 08:17:33.675 | INFO     | api:get_file:84 - Loading File 126d518f-764b-2019-40a6-645aba60ba46
2026-08-01 08:17:33.901 | INFO     | monitor:scan:273 - Reached Old Files
2026-08-01 08:17:33.901 | INFO     | monitor:scan:303 - No New Serial
2026-08-01 08:17:33.901 | INFO     | monitor:scan:325 - Nothing Changed
2026-08-01 08:17:33.902 | SUCCESS  | monitor:scan:331 - Scan Finished
2026-08-01 08:17:33.902 | INFO     | monitor:start:67 - Sleep 60 Seconds
2026-08-01 08:18:33.903 | INFO     | auth.login:ensure_login:354 - Checking Login...
2026-08-01 08:18:33.906 | SUCCESS  | auth.login:load_saved_token:192 - Saved Token Loaded
2026-08-01 08:18:33.907 | SUCCESS  | auth.login:ensure_login:362 - Using Saved Token
2026-08-01 08:18:33.908 | INFO     | monitor:scan:111 - Scanning Website...
2026-08-01 08:18:33.910 | INFO     | monitor:scan:125 - Loading Page 1
2026-08-01 08:18:33.910 | INFO     | api:get_files:60 - Loading Page 1
2026-08-01 08:18:35.455 | INFO     | api:get_file:84 - Loading File 126d518f-764b-2019-40a6-645aba60ba46
2026-08-01 08:18:35.686 | INFO     | monitor:scan:273 - Reached Old Files
2026-08-01 08:18:35.687 | INFO     | monitor:scan:303 - No New Serial
2026-08-01 08:18:35.688 | INFO     | monitor:scan:325 - Nothing Changed
2026-08-01 08:18:35.689 | SUCCESS  | monitor:scan:331 - Scan Finished
2026-08-01 08:18:35.689 | INFO     | monitor:start:67 - Sleep 60 Seconds
2026-08-01 08:19:35.691 | INFO     | auth.login:ensure_login:354 - Checking Login...
2026-08-01 08:19:35.696 | SUCCESS  | auth.login:load_saved_token:192 - Saved Token Loaded
2026-08-01 08:19:35.698 | SUCCESS  | auth.login:ensure_login:362 - Using Saved Token
2026-08-01 08:19:35.699 | INFO     | monitor:scan:111 - Scanning Website...
2026-08-01 08:19:35.702 | INFO     | monitor:scan:125 - Loading Page 1
2026-08-01 08:19:35.703 | INFO     | api:get_files:60 - Loading Page 1
2026-08-01 08:19:38.663 | INFO     | api:get_file:84 - Loading File 126d518f-764b-2019-40a6-645aba60ba46
2026-08-01 08:19:38.893 | INFO     | monitor:scan:273 - Reached Old Files
2026-08-01 08:19:38.896 | INFO     | monitor:scan:303 - No New Serial
2026-08-01 08:19:38.897 | INFO     | monitor:scan:325 - Nothing Changed
2026-08-01 08:19:38.898 | SUCCESS  | monitor:scan:331 - Scan Finished
2026-08-01 08:19:38.899 | INFO     | monitor:start:67 - Sleep 60 Seconds
2026-08-01 08:20:38.901 | INFO     | auth.login:ensure_login:354 - Checking Login...
2026-08-01 08:20:38.904 | SUCCESS  | auth.login:load_saved_token:192 - Saved Token Loaded
2026-08-01 08:20:38.906 | SUCCESS  | auth.login:ensure_login:362 - Using Saved Token
2026-08-01 08:20:38.906 | INFO     | monitor:scan:111 - Scanning Website...
2026-08-01 08:20:38.908 | INFO     | monitor:scan:125 - Loading Page 1
2026-08-01 08:20:38.910 | INFO     | api:get_files:60 - Loading Page 1
2026-08-01 08:20:40.454 | INFO     | api:get_file:84 - Loading File 126d518f-764b-2019-40a6-645aba60ba46
2026-08-01 08:20:40.679 | INFO     | monitor:scan:273 - Reached Old Files
2026-08-01 08:20:40.679 | INFO     | monitor:scan:303 - No New Serial
2026-08-01 08:20:40.679 | INFO     | monitor:scan:325 - Nothing Changed
2026-08-01 08:20:40.680 | SUCCESS  | monitor:scan:331 - Scan Finished
2026-08-01 08:20:40.680 | INFO     | monitor:start:67 - Sleep 60 Seconds
2026-08-01 08:21:40.681 | INFO     | auth.login:ensure_login:354 - Checking Login...
2026-08-01 08:21:40.682 | SUCCESS  | auth.login:load_saved_token:192 - Saved Token Loaded
2026-08-01 08:21:40.682 | SUCCESS  | auth.login:ensure_login:362 - Using Saved Token
2026-08-01 08:21:40.682 | INFO     | monitor:scan:111 - Scanning Website...
2026-08-01 08:21:40.683 | INFO     | monitor:scan:125 - Loading Page 1
2026-08-01 08:21:40.684 | INFO     | api:get_files:60 - Loading Page 1
2026-08-01 08:21:42.215 | INFO     | api:get_file:84 - Loading File 126d518f-764b-2019-40a6-645aba60ba46
2026-08-01 08:21:42.442 | INFO     | monitor:scan:273 - Reached Old Files
2026-08-01 08:21:42.442 | INFO     | monitor:scan:303 - No New Serial
2026-08-01 08:21:42.443 | INFO     | monitor:scan:325 - Nothing Changed
2026-08-01 08:21:42.443 | SUCCESS  | monitor:scan:331 - Scan Finished
2026-08-01 08:21:42.443 | INFO     | monitor:start:67 - Sleep 60 Seconds
2026-08-01 08:22:42.443 | INFO     | auth.login:ensure_login:354 - Checking Login...
2026-08-01 08:22:42.447 | SUCCESS  | auth.login:load_saved_token:192 - Saved Token Loaded
2026-08-01 08:22:42.448 | SUCCESS  | auth.login:ensure_login:362 - Using Saved Token
2026-08-01 08:22:42.449 | INFO     | monitor:scan:111 - Scanning Website...
2026-08-01 08:22:42.452 | INFO     | monitor:scan:125 - Loading Page 1
2026-08-01 08:22:42.452 | INFO     | api:get_files:60 - Loading Page 1
2026-08-01 08:22:43.986 | INFO     | api:get_file:84 - Loading File 126d518f-764b-2019-40a6-645aba60ba46
2026-08-01 08:22:44.218 | INFO     | monitor:scan:273 - Reached Old Files
2026-08-01 08:22:44.220 | INFO     | monitor:scan:303 - No New Serial
2026-08-01 08:22:44.221 | INFO     | monitor:scan:325 - Nothing Changed
2026-08-01 08:22:44.223 | SUCCESS  | monitor:scan:331 - Scan Finished
2026-08-01 08:22:44.225 | INFO     | monitor:start:67 - Sleep 60 Seconds
2026-08-01 08:23:44.225 | INFO     | auth.login:ensure_login:354 - Checking Login...
2026-08-01 08:23:44.228 | SUCCESS  | auth.login:load_saved_token:192 - Saved Token Loaded
2026-08-01 08:23:44.228 | SUCCESS  | auth.login:ensure_login:362 - Using Saved Token
2026-08-01 08:23:44.229 | INFO     | monitor:scan:111 - Scanning Website...
2026-08-01 08:23:44.232 | INFO     | monitor:scan:125 - Loading Page 1
2026-08-01 08:23:44.233 | INFO     | api:get_files:60 - Loading Page 1
2026-08-01 08:23:47.247 | INFO     | api:get_file:84 - Loading File 126d518f-764b-2019-40a6-645aba60ba46
2026-08-01 08:23:47.470 | INFO     | monitor:scan:273 - Reached Old Files
2026-08-01 08:23:47.472 | INFO     | monitor:scan:303 - No New Serial
2026-08-01 08:23:47.473 | INFO     | monitor:scan:325 - Nothing Changed
2026-08-01 08:23:47.475 | SUCCESS  | monitor:scan:331 - Scan Finished
2026-08-01 08:23:47.476 | INFO     | monitor:start:67 - Sleep 60 Seconds
2026-08-01 08:24:47.478 | INFO     | auth.login:ensure_login:354 - Checking Login...
2026-08-01 08:24:47.482 | SUCCESS  | auth.login:load_saved_token:192 - Saved Token Loaded
2026-08-01 08:24:47.483 | SUCCESS  | auth.login:ensure_login:362 - Using Saved Token
2026-08-01 08:24:47.483 | INFO     | monitor:scan:111 - Scanning Website...
2026-08-01 08:24:47.487 | INFO     | monitor:scan:125 - Loading Page 1
2026-08-01 08:24:47.488 | INFO     | api:get_files:60 - Loading Page 1
2026-08-01 08:24:47.929 | WARNING  | auth.login:get:411 - Access Token Expired
2026-08-01 08:24:47.930 | INFO     | auth.login:login:262 - Logging in...
2026-08-01 08:24:48.377 | SUCCESS  | auth.login:save_token:242 - Token Saved
2026-08-01 08:24:48.380 | SUCCESS  | auth.login:login:340 - Login Successful
2026-08-01 08:24:50.880 | INFO     | api:get_file:84 - Loading File 126d518f-764b-2019-40a6-645aba60ba46
2026-08-01 08:24:51.095 | INFO     | monitor:scan:273 - Reached Old Files
2026-08-01 08:24:51.095 | INFO     | monitor:scan:303 - No New Serial
2026-08-01 08:24:51.095 | INFO     | monitor:scan:325 - Nothing Changed
2026-08-01 08:24:51.096 | SUCCESS  | monitor:scan:331 - Scan Finished
2026-08-01 08:24:51.096 | INFO     | monitor:start:67 - Sleep 60 Seconds
2026-08-01 08:25:51.097 | INFO     | auth.login:ensure_login:354 - Checking Login...
2026-08-01 08:25:51.107 | SUCCESS  | auth.login:load_saved_token:192 - Saved Token Loaded
2026-08-01 08:25:51.107 | SUCCESS  | auth.login:ensure_login:362 - Using Saved Token
2026-08-01 08:25:51.107 | INFO     | monitor:scan:111 - Scanning Website...
2026-08-01 08:25:51.108 | INFO     | monitor:scan:125 - Loading Page 1
2026-08-01 08:25:51.108 | INFO     | api:get_files:60 - Loading Page 1
2026-08-01 08:25:52.569 | INFO     | api:get_file:84 - Loading File 126d518f-764b-2019-40a6-645aba60ba46
2026-08-01 08:25:52.792 | INFO     | monitor:scan:273 - Reached Old Files
2026-08-01 08:25:52.794 | INFO     | monitor:scan:303 - No New Serial
2026-08-01 08:25:52.795 | INFO     | monitor:scan:325 - Nothing Changed
2026-08-01 08:25:52.797 | SUCCESS  | monitor:scan:331 - Scan Finished
2026-08-01 08:25:52.799 | INFO     | monitor:start:67 - Sleep 60 Seconds
2026-08-01 08:26:52.801 | INFO     | auth.login:ensure_login:354 - Checking Login...
2026-08-01 08:26:52.803 | SUCCESS  | auth.login:load_saved_token:192 - Saved Token Loaded
2026-08-01 08:26:52.806 | SUCCESS  | auth.login:ensure_login:362 - Using Saved Token
2026-08-01 08:26:52.808 | INFO     | monitor:scan:111 - Scanning Website...
2026-08-01 08:26:52.811 | INFO     | monitor:scan:125 - Loading Page 1
2026-08-01 08:26:52.811 | INFO     | api:get_files:60 - Loading Page 1
2026-08-01 08:26:54.295 | INFO     | api:get_file:84 - Loading File 126d518f-764b-2019-40a6-645aba60ba46
2026-08-01 08:26:54.517 | INFO     | monitor:scan:273 - Reached Old Files
2026-08-01 08:26:54.519 | INFO     | monitor:scan:303 - No New Serial
2026-08-01 08:26:54.521 | INFO     | monitor:scan:325 - Nothing Changed
2026-08-01 08:26:54.522 | SUCCESS  | monitor:scan:331 - Scan Finished
2026-08-01 08:26:54.524 | INFO     | monitor:start:67 - Sleep 60 Seconds
2026-08-01 08:27:54.527 | INFO     | auth.login:ensure_login:354 - Checking Login...
2026-08-01 08:27:54.536 | SUCCESS  | auth.login:load_saved_token:192 - Saved Token Loaded
2026-08-01 08:27:54.537 | SUCCESS  | auth.login:ensure_login:362 - Using Saved Token
2026-08-01 08:27:54.538 | INFO     | monitor:scan:111 - Scanning Website...
2026-08-01 08:27:54.541 | INFO     | monitor:scan:125 - Loading Page 1
2026-08-01 08:27:54.542 | INFO     | api:get_files:60 - Loading Page 1
2026-08-01 08:27:56.105 | INFO     | api:get_file:84 - Loading File 126d518f-764b-2019-40a6-645aba60ba46
2026-08-01 08:27:56.334 | INFO     | monitor:scan:273 - Reached Old Files
2026-08-01 08:27:56.336 | INFO     | monitor:scan:303 - No New Serial
2026-08-01 08:27:56.336 | INFO     | monitor:scan:325 - Nothing Changed
2026-08-01 08:27:56.337 | SUCCESS  | monitor:scan:331 - Scan Finished
2026-08-01 08:27:56.339 | INFO     | monitor:start:67 - Sleep 60 Seconds
2026-08-01 08:28:56.340 | INFO     | auth.login:ensure_login:354 - Checking Login...
2026-08-01 08:28:56.345 | SUCCESS  | auth.login:load_saved_token:192 - Saved Token Loaded
2026-08-01 08:28:56.345 | SUCCESS  | auth.login:ensure_login:362 - Using Saved Token
2026-08-01 08:28:56.346 | INFO     | monitor:scan:111 - Scanning Website...
2026-08-01 08:28:56.351 | INFO     | monitor:scan:125 - Loading Page 1
2026-08-01 08:28:56.351 | INFO     | api:get_files:60 - Loading Page 1
2026-08-01 08:28:57.818 | INFO     | api:get_file:84 - Loading File 126d518f-764b-2019-40a6-645aba60ba46
2026-08-01 08:28:58.044 | INFO     | monitor:scan:273 - Reached Old Files
2026-08-01 08:28:58.045 | INFO     | monitor:scan:303 - No New Serial
2026-08-01 08:28:58.045 | INFO     | monitor:scan:325 - Nothing Changed
2026-08-01 08:28:58.046 | SUCCESS  | monitor:scan:331 - Scan Finished
2026-08-01 08:28:58.047 | INFO     | monitor:start:67 - Sleep 60 Seconds
2026-08-01 08:29:58.048 | INFO     | auth.login:ensure_login:354 - Checking Login...
2026-08-01 08:29:58.049 | SUCCESS  | auth.login:load_saved_token:192 - Saved Token Loaded
2026-08-01 08:29:58.049 | SUCCESS  | auth.login:ensure_login:362 - Using Saved Token
2026-08-01 08:29:58.049 | INFO     | monitor:scan:111 - Scanning Website...
2026-08-01 08:29:58.050 | INFO     | monitor:scan:125 - Loading Page 1
2026-08-01 08:29:58.051 | INFO     | api:get_files:60 - Loading Page 1
2026-08-01 08:29:59.497 | INFO     | api:get_file:84 - Loading File 126d518f-764b-2019-40a6-645aba60ba46
2026-08-01 08:29:59.741 | INFO     | monitor:scan:273 - Reached Old Files
2026-08-01 08:29:59.743 | INFO     | monitor:scan:303 - No New Serial
2026-08-01 08:29:59.746 | INFO     | monitor:scan:325 - Nothing Changed
2026-08-01 08:29:59.747 | SUCCESS  | monitor:scan:331 - Scan Finished
2026-08-01 08:29:59.750 | INFO     | monitor:start:67 - Sleep 60 Seconds
2026-08-01 08:30:59.751 | INFO     | auth.login:ensure_login:354 - Checking Login...
2026-08-01 08:30:59.754 | SUCCESS  | auth.login:load_saved_token:192 - Saved Token Loaded
2026-08-01 08:30:59.754 | SUCCESS  | auth.login:ensure_login:362 - Using Saved Token
2026-08-01 08:30:59.755 | INFO     | monitor:scan:111 - Scanning Website...
2026-08-01 08:30:59.757 | INFO     | monitor:scan:125 - Loading Page 1
2026-08-01 08:30:59.757 | INFO     | api:get_files:60 - Loading Page 1
2026-08-01 08:31:01.232 | INFO     | api:get_file:84 - Loading File 126d518f-764b-2019-40a6-645aba60ba46
2026-08-01 08:31:01.437 | INFO     | monitor:scan:273 - Reached Old Files
2026-08-01 08:31:01.438 | INFO     | monitor:scan:303 - No New Serial
2026-08-01 08:31:01.438 | INFO     | monitor:scan:325 - Nothing Changed
2026-08-01 08:31:01.438 | SUCCESS  | monitor:scan:331 - Scan Finished
2026-08-01 08:31:01.439 | INFO     | monitor:start:67 - Sleep 60 Seconds
2026-08-01 08:32:01.439 | INFO     | auth.login:ensure_login:354 - Checking Login...
2026-08-01 08:32:01.442 | SUCCESS  | auth.login:load_saved_token:192 - Saved Token Loaded
2026-08-01 08:32:01.444 | SUCCESS  | auth.login:ensure_login:362 - Using Saved Token
2026-08-01 08:32:01.444 | INFO     | monitor:scan:111 - Scanning Website...
2026-08-01 08:32:01.448 | INFO     | monitor:scan:125 - Loading Page 1
2026-08-01 08:32:01.449 | INFO     | api:get_files:60 - Loading Page 1
2026-08-01 08:32:03.064 | INFO     | api:get_file:84 - Loading File 126d518f-764b-2019-40a6-645aba60ba46
2026-08-01 08:32:03.294 | INFO     | monitor:scan:273 - Reached Old Files
2026-08-01 08:32:03.295 | INFO     | monitor:scan:303 - No New Serial
2026-08-01 08:32:03.296 | INFO     | monitor:scan:325 - Nothing Changed
2026-08-01 08:32:03.296 | SUCCESS  | monitor:scan:331 - Scan Finished
2026-08-01 08:32:03.298 | INFO     | monitor:start:67 - Sleep 60 Seconds
2026-08-01 08:33:03.299 | INFO     | auth.login:ensure_login:354 - Checking Login...
2026-08-01 08:33:03.302 | SUCCESS  | auth.login:load_saved_token:192 - Saved Token Loaded
2026-08-01 08:33:03.303 | SUCCESS  | auth.login:ensure_login:362 - Using Saved Token
2026-08-01 08:33:03.304 | INFO     | monitor:scan:111 - Scanning Website...
2026-08-01 08:33:03.306 | INFO     | monitor:scan:125 - Loading Page 1
2026-08-01 08:33:03.307 | INFO     | api:get_files:60 - Loading Page 1
2026-08-01 08:33:04.921 | INFO     | api:get_file:84 - Loading File 126d518f-764b-2019-40a6-645aba60ba46
2026-08-01 08:33:05.139 | INFO     | monitor:scan:273 - Reached Old Files
2026-08-01 08:33:05.139 | INFO     | monitor:scan:303 - No New Serial
2026-08-01 08:33:05.140 | INFO     | monitor:scan:325 - Nothing Changed
2026-08-01 08:33:05.141 | SUCCESS  | monitor:scan:331 - Scan Finished
2026-08-01 08:33:05.142 | INFO     | monitor:start:67 - Sleep 60 Seconds
2026-08-01 08:34:05.144 | INFO     | auth.login:ensure_login:354 - Checking Login...
2026-08-01 08:34:05.148 | SUCCESS  | auth.login:load_saved_token:192 - Saved Token Loaded
2026-08-01 08:34:05.150 | SUCCESS  | auth.login:ensure_login:362 - Using Saved Token
2026-08-01 08:34:05.151 | INFO     | monitor:scan:111 - Scanning Website...
2026-08-01 08:34:05.155 | INFO     | monitor:scan:125 - Loading Page 1
2026-08-01 08:34:05.157 | INFO     | api:get_files:60 - Loading Page 1
2026-08-01 08:34:08.814 | INFO     | api:get_file:84 - Loading File 126d518f-764b-2019-40a6-645aba60ba46
2026-08-01 08:34:09.392 | INFO     | monitor:scan:273 - Reached Old Files
2026-08-01 08:34:09.393 | INFO     | monitor:scan:303 - No New Serial
2026-08-01 08:34:09.393 | INFO     | monitor:scan:325 - Nothing Changed
2026-08-01 08:34:09.393 | SUCCESS  | monitor:scan:331 - Scan Finished
2026-08-01 08:34:09.394 | INFO     | monitor:start:67 - Sleep 60 Seconds
2026-08-01 08:35:09.395 | INFO     | auth.login:ensure_login:354 - Checking Login...
2026-08-01 08:35:09.400 | SUCCESS  | auth.login:load_saved_token:192 - Saved Token Loaded
2026-08-01 08:35:09.402 | SUCCESS  | auth.login:ensure_login:362 - Using Saved Token
2026-08-01 08:35:09.404 | INFO     | monitor:scan:111 - Scanning Website...
2026-08-01 08:35:09.409 | INFO     | monitor:scan:125 - Loading Page 1
2026-08-01 08:35:09.411 | INFO     | api:get_files:60 - Loading Page 1
2026-08-01 08:35:09.848 | WARNING  | auth.login:get:411 - Access Token Expired
2026-08-01 08:35:09.849 | INFO     | auth.login:login:262 - Logging in...
2026-08-01 08:35:10.329 | SUCCESS  | auth.login:save_token:242 - Token Saved
2026-08-01 08:35:10.331 | SUCCESS  | auth.login:login:340 - Login Successful
2026-08-01 08:35:12.652 | INFO     | api:get_file:84 - Loading File 126d518f-764b-2019-40a6-645aba60ba46
2026-08-01 08:35:12.895 | INFO     | monitor:scan:273 - Reached Old Files
2026-08-01 08:35:12.896 | INFO     | monitor:scan:303 - No New Serial
2026-08-01 08:35:12.896 | INFO     | monitor:scan:325 - Nothing Changed
2026-08-01 08:35:12.896 | SUCCESS  | monitor:scan:331 - Scan Finished
2026-08-01 08:35:12.896 | INFO     | monitor:start:67 - Sleep 60 Seconds
2026-08-01 08:36:12.897 | INFO     | auth.login:ensure_login:354 - Checking Login...
2026-08-01 08:36:12.913 | SUCCESS  | auth.login:load_saved_token:192 - Saved Token Loaded
2026-08-01 08:36:12.913 | SUCCESS  | auth.login:ensure_login:362 - Using Saved Token
2026-08-01 08:36:12.914 | INFO     | monitor:scan:111 - Scanning Website...
2026-08-01 08:36:12.914 | INFO     | monitor:scan:125 - Loading Page 1
2026-08-01 08:36:12.914 | INFO     | api:get_files:60 - Loading Page 1
2026-08-01 08:36:14.457 | INFO     | api:get_file:84 - Loading File 126d518f-764b-2019-40a6-645aba60ba46
2026-08-01 08:36:14.690 | INFO     | monitor:scan:273 - Reached Old Files
2026-08-01 08:36:14.691 | INFO     | monitor:scan:303 - No New Serial
2026-08-01 08:36:14.692 | INFO     | monitor:scan:325 - Nothing Changed
2026-08-01 08:36:14.693 | SUCCESS  | monitor:scan:331 - Scan Finished
2026-08-01 08:36:14.694 | INFO     | monitor:start:67 - Sleep 60 Seconds
2026-08-01 08:37:14.695 | INFO     | auth.login:ensure_login:354 - Checking Login...
2026-08-01 08:37:14.696 | SUCCESS  | auth.login:load_saved_token:192 - Saved Token Loaded
2026-08-01 08:37:14.696 | SUCCESS  | auth.login:ensure_login:362 - Using Saved Token
2026-08-01 08:37:14.696 | INFO     | monitor:scan:111 - Scanning Website...
2026-08-01 08:37:14.696 | INFO     | monitor:scan:125 - Loading Page 1
2026-08-01 08:37:14.697 | INFO     | api:get_files:60 - Loading Page 1
2026-08-01 08:37:16.203 | INFO     | api:get_file:84 - Loading File 126d518f-764b-2019-40a6-645aba60ba46
2026-08-01 08:37:16.430 | INFO     | monitor:scan:273 - Reached Old Files
2026-08-01 08:37:16.430 | INFO     | monitor:scan:303 - No New Serial
2026-08-01 08:37:16.431 | INFO     | monitor:scan:325 - Nothing Changed
2026-08-01 08:37:16.432 | SUCCESS  | monitor:scan:331 - Scan Finished
2026-08-01 08:37:16.432 | INFO     | monitor:start:67 - Sleep 60 Seconds
2026-08-01 08:38:16.434 | INFO     | auth.login:ensure_login:354 - Checking Login...
2026-08-01 08:38:16.440 | SUCCESS  | auth.login:load_saved_token:192 - Saved Token Loaded
2026-08-01 08:38:16.441 | SUCCESS  | auth.login:ensure_login:362 - Using Saved Token
2026-08-01 08:38:16.442 | INFO     | monitor:scan:111 - Scanning Website...
2026-08-01 08:38:16.446 | INFO     | monitor:scan:125 - Loading Page 1
2026-08-01 08:38:16.447 | INFO     | api:get_files:60 - Loading Page 1
2026-08-01 08:38:17.943 | INFO     | api:get_file:84 - Loading File 126d518f-764b-2019-40a6-645aba60ba46
2026-08-01 08:38:18.163 | INFO     | monitor:scan:273 - Reached Old Files
2026-08-01 08:38:18.166 | INFO     | monitor:scan:303 - No New Serial
2026-08-01 08:38:18.167 | INFO     | monitor:scan:325 - Nothing Changed
2026-08-01 08:38:18.168 | SUCCESS  | monitor:scan:331 - Scan Finished
2026-08-01 08:38:18.168 | INFO     | monitor:start:67 - Sleep 60 Seconds
2026-08-01 08:39:18.169 | INFO     | auth.login:ensure_login:354 - Checking Login...
2026-08-01 08:39:18.170 | SUCCESS  | auth.login:load_saved_token:192 - Saved Token Loaded
2026-08-01 08:39:18.170 | SUCCESS  | auth.login:ensure_login:362 - Using Saved Token
2026-08-01 08:39:18.170 | INFO     | monitor:scan:111 - Scanning Website...
2026-08-01 08:39:18.171 | INFO     | monitor:scan:125 - Loading Page 1
2026-08-01 08:39:18.172 | INFO     | api:get_files:60 - Loading Page 1
2026-08-01 08:39:19.693 | INFO     | api:get_file:84 - Loading File 126d518f-764b-2019-40a6-645aba60ba46
2026-08-01 08:39:19.910 | INFO     | monitor:scan:273 - Reached Old Files
2026-08-01 08:39:19.911 | INFO     | monitor:scan:303 - No New Serial
2026-08-01 08:39:19.912 | INFO     | monitor:scan:325 - Nothing Changed
2026-08-01 08:39:19.913 | SUCCESS  | monitor:scan:331 - Scan Finished
2026-08-01 08:39:19.915 | INFO     | monitor:start:67 - Sleep 60 Seconds
2026-08-01 08:40:19.916 | INFO     | auth.login:ensure_login:354 - Checking Login...
2026-08-01 08:40:19.917 | SUCCESS  | auth.login:load_saved_token:192 - Saved Token Loaded
2026-08-01 08:40:19.917 | SUCCESS  | auth.login:ensure_login:362 - Using Saved Token
2026-08-01 08:40:19.917 | INFO     | monitor:scan:111 - Scanning Website...
2026-08-01 08:40:19.918 | INFO     | monitor:scan:125 - Loading Page 1
2026-08-01 08:40:19.918 | INFO     | api:get_files:60 - Loading Page 1
2026-08-01 08:40:23.416 | INFO     | api:get_file:84 - Loading File 126d518f-764b-2019-40a6-645aba60ba46
2026-08-01 08:40:23.645 | INFO     | monitor:scan:273 - Reached Old Files
2026-08-01 08:40:23.647 | INFO     | monitor:scan:303 - No New Serial
2026-08-01 08:40:23.648 | INFO     | monitor:scan:325 - Nothing Changed
2026-08-01 08:40:23.649 | SUCCESS  | monitor:scan:331 - Scan Finished
2026-08-01 08:40:23.650 | INFO     | monitor:start:67 - Sleep 60 Seconds
2026-08-01 08:41:23.651 | INFO     | auth.login:ensure_login:354 - Checking Login...
2026-08-01 08:41:23.654 | SUCCESS  | auth.login:load_saved_token:192 - Saved Token Loaded
2026-08-01 08:41:23.655 | SUCCESS  | auth.login:ensure_login:362 - Using Saved Token
2026-08-01 08:41:23.655 | INFO     | monitor:scan:111 - Scanning Website...
2026-08-01 08:41:23.658 | INFO     | monitor:scan:125 - Loading Page 1
2026-08-01 08:41:23.659 | INFO     | api:get_files:60 - Loading Page 1
2026-08-01 08:41:25.133 | INFO     | api:get_file:84 - Loading File 126d518f-764b-2019-40a6-645aba60ba46
2026-08-01 08:41:25.368 | INFO     | monitor:scan:273 - Reached Old Files
2026-08-01 08:41:25.369 | INFO     | monitor:scan:303 - No New Serial
2026-08-01 08:41:25.370 | INFO     | monitor:scan:325 - Nothing Changed
2026-08-01 08:41:25.370 | SUCCESS  | monitor:scan:331 - Scan Finished
2026-08-01 08:41:25.371 | INFO     | monitor:start:67 - Sleep 60 Seconds
2026-08-01 08:42:25.372 | INFO     | auth.login:ensure_login:354 - Checking Login...
2026-08-01 08:42:25.374 | SUCCESS  | auth.login:load_saved_token:192 - Saved Token Loaded
2026-08-01 08:42:25.374 | SUCCESS  | auth.login:ensure_login:362 - Using Saved Token
2026-08-01 08:42:25.375 | INFO     | monitor:scan:111 - Scanning Website...
2026-08-01 08:42:25.377 | INFO     | monitor:scan:125 - Loading Page 1
2026-08-01 08:42:25.378 | INFO     | api:get_files:60 - Loading Page 1
2026-08-01 08:42:28.356 | INFO     | api:get_file:84 - Loading File 126d518f-764b-2019-40a6-645aba60ba46
2026-08-01 08:42:28.573 | INFO     | monitor:scan:273 - Reached Old Files
2026-08-01 08:42:28.575 | INFO     | monitor:scan:303 - No New Serial
2026-08-01 08:42:28.577 | INFO     | monitor:scan:325 - Nothing Changed
2026-08-01 08:42:28.577 | SUCCESS  | monitor:scan:331 - Scan Finished
2026-08-01 08:42:28.578 | INFO     | monitor:start:67 - Sleep 60 Seconds
2026-08-01 08:43:28.579 | INFO     | auth.login:ensure_login:354 - Checking Login...
2026-08-01 08:43:28.582 | SUCCESS  | auth.login:load_saved_token:192 - Saved Token Loaded
2026-08-01 08:43:28.583 | SUCCESS  | auth.login:ensure_login:362 - Using Saved Token
2026-08-01 08:43:28.584 | INFO     | monitor:scan:111 - Scanning Website...
2026-08-01 08:43:28.585 | INFO     | monitor:scan:125 - Loading Page 1
2026-08-01 08:43:28.587 | INFO     | api:get_files:60 - Loading Page 1
2026-08-01 08:43:30.018 | INFO     | api:get_file:84 - Loading File 126d518f-764b-2019-40a6-645aba60ba46
2026-08-01 08:43:30.235 | INFO     | monitor:scan:273 - Reached Old Files
2026-08-01 08:43:30.235 | INFO     | monitor:scan:303 - No New Serial
2026-08-01 08:43:30.235 | INFO     | monitor:scan:325 - Nothing Changed
2026-08-01 08:43:30.236 | SUCCESS  | monitor:scan:331 - Scan Finished
2026-08-01 08:43:30.236 | INFO     | monitor:start:67 - Sleep 60 Seconds
2026-08-01 08:44:30.236 | INFO     | auth.login:ensure_login:354 - Checking Login...
2026-08-01 08:44:30.239 | SUCCESS  | auth.login:load_saved_token:192 - Saved Token Loaded
2026-08-01 08:44:30.241 | SUCCESS  | auth.login:ensure_login:362 - Using Saved Token
2026-08-01 08:44:30.241 | INFO     | monitor:scan:111 - Scanning Website...
2026-08-01 08:44:30.243 | INFO     | monitor:scan:125 - Loading Page 1
2026-08-01 08:44:30.244 | INFO     | api:get_files:60 - Loading Page 1
2026-08-01 08:44:31.748 | INFO     | api:get_file:84 - Loading File 126d518f-764b-2019-40a6-645aba60ba46
2026-08-01 08:44:31.977 | INFO     | monitor:scan:273 - Reached Old Files
2026-08-01 08:44:31.978 | INFO     | monitor:scan:303 - No New Serial
2026-08-01 08:44:31.978 | INFO     | monitor:scan:325 - Nothing Changed
2026-08-01 08:44:31.978 | SUCCESS  | monitor:scan:331 - Scan Finished
2026-08-01 08:44:31.979 | INFO     | monitor:start:67 - Sleep 60 Seconds
2026-08-01 08:45:31.979 | INFO     | auth.login:ensure_login:354 - Checking Login...
2026-08-01 08:45:31.981 | SUCCESS  | auth.login:load_saved_token:192 - Saved Token Loaded
2026-08-01 08:45:31.982 | SUCCESS  | auth.login:ensure_login:362 - Using Saved Token
2026-08-01 08:45:31.982 | INFO     | monitor:scan:111 - Scanning Website...
2026-08-01 08:45:31.984 | INFO     | monitor:scan:125 - Loading Page 1
2026-08-01 08:45:31.985 | INFO     | api:get_files:60 - Loading Page 1
2026-08-01 08:45:32.402 | WARNING  | auth.login:get:411 - Access Token Expired
2026-08-01 08:45:32.403 | INFO     | auth.login:login:262 - Logging in...
2026-08-01 08:45:32.855 | SUCCESS  | auth.login:save_token:242 - Token Saved
2026-08-01 08:45:32.855 | SUCCESS  | auth.login:login:340 - Login Successful
2026-08-01 08:45:34.376 | INFO     | api:get_file:84 - Loading File 126d518f-764b-2019-40a6-645aba60ba46
2026-08-01 08:45:34.602 | INFO     | monitor:scan:273 - Reached Old Files
2026-08-01 08:45:34.603 | INFO     | monitor:scan:303 - No New Serial
2026-08-01 08:45:34.603 | INFO     | monitor:scan:325 - Nothing Changed
2026-08-01 08:45:34.603 | SUCCESS  | monitor:scan:331 - Scan Finished
2026-08-01 08:45:34.604 | INFO     | monitor:start:67 - Sleep 60 Seconds
2026-08-01 08:46:34.605 | INFO     | auth.login:ensure_login:354 - Checking Login...
2026-08-01 08:46:34.629 | SUCCESS  | auth.login:load_saved_token:192 - Saved Token Loaded
2026-08-01 08:46:34.630 | SUCCESS  | auth.login:ensure_login:362 - Using Saved Token
2026-08-01 08:46:34.630 | INFO     | monitor:scan:111 - Scanning Website...
2026-08-01 08:46:34.631 | INFO     | monitor:scan:125 - Loading Page 1
2026-08-01 08:46:34.632 | INFO     | api:get_files:60 - Loading Page 1
2026-08-01 08:46:36.113 | INFO     | api:get_file:84 - Loading File 126d518f-764b-2019-40a6-645aba60ba46
2026-08-01 08:46:36.341 | INFO     | monitor:scan:273 - Reached Old Files
2026-08-01 08:46:36.341 | INFO     | monitor:scan:303 - No New Serial
2026-08-01 08:46:36.342 | INFO     | monitor:scan:325 - Nothing Changed
2026-08-01 08:46:36.342 | SUCCESS  | monitor:scan:331 - Scan Finished
2026-08-01 08:46:36.342 | INFO     | monitor:start:67 - Sleep 60 Seconds
2026-08-01 08:47:36.343 | INFO     | auth.login:ensure_login:354 - Checking Login...
2026-08-01 08:47:36.346 | SUCCESS  | auth.login:load_saved_token:192 - Saved Token Loaded
2026-08-01 08:47:36.346 | SUCCESS  | auth.login:ensure_login:362 - Using Saved Token
2026-08-01 08:47:36.347 | INFO     | monitor:scan:111 - Scanning Website...
2026-08-01 08:47:36.349 | INFO     | monitor:scan:125 - Loading Page 1
2026-08-01 08:47:36.350 | INFO     | api:get_files:60 - Loading Page 1
2026-08-01 08:47:37.847 | INFO     | api:get_file:84 - Loading File 126d518f-764b-2019-40a6-645aba60ba46
2026-08-01 08:47:38.073 | INFO     | monitor:scan:273 - Reached Old Files
2026-08-01 08:47:38.073 | INFO     | monitor:scan:303 - No New Serial
2026-08-01 08:47:38.073 | INFO     | monitor:scan:325 - Nothing Changed
2026-08-01 08:47:38.073 | SUCCESS  | monitor:scan:331 - Scan Finished
2026-08-01 08:47:38.074 | INFO     | monitor:start:67 - Sleep 60 Seconds
2026-08-01 08:48:38.074 | INFO     | auth.login:ensure_login:354 - Checking Login...
2026-08-01 08:48:38.077 | SUCCESS  | auth.login:load_saved_token:192 - Saved Token Loaded
2026-08-01 08:48:38.078 | SUCCESS  | auth.login:ensure_login:362 - Using Saved Token
2026-08-01 08:48:38.078 | INFO     | monitor:scan:111 - Scanning Website...
2026-08-01 08:48:38.080 | INFO     | monitor:scan:125 - Loading Page 1
2026-08-01 08:48:38.082 | INFO     | api:get_files:60 - Loading Page 1
2026-08-01 08:48:39.535 | INFO     | api:get_file:84 - Loading File 126d518f-764b-2019-40a6-645aba60ba46
2026-08-01 08:48:39.749 | INFO     | monitor:scan:273 - Reached Old Files
2026-08-01 08:48:39.751 | INFO     | monitor:scan:303 - No New Serial
2026-08-01 08:48:39.752 | INFO     | monitor:scan:325 - Nothing Changed
2026-08-01 08:48:39.754 | SUCCESS  | monitor:scan:331 - Scan Finished
2026-08-01 08:48:39.757 | INFO     | monitor:start:67 - Sleep 60 Seconds
2026-08-01 08:49:39.758 | INFO     | auth.login:ensure_login:354 - Checking Login...
2026-08-01 08:49:39.761 | SUCCESS  | auth.login:load_saved_token:192 - Saved Token Loaded
2026-08-01 08:49:39.763 | SUCCESS  | auth.login:ensure_login:362 - Using Saved Token
2026-08-01 08:49:39.765 | INFO     | monitor:scan:111 - Scanning Website...
2026-08-01 08:49:39.767 | INFO     | monitor:scan:125 - Loading Page 1
2026-08-01 08:49:39.768 | INFO     | api:get_files:60 - Loading Page 1
2026-08-01 08:49:41.238 | INFO     | api:get_file:84 - Loading File 126d518f-764b-2019-40a6-645aba60ba46
2026-08-01 08:49:41.465 | INFO     | monitor:scan:273 - Reached Old Files
2026-08-01 08:49:41.465 | INFO     | monitor:scan:303 - No New Serial
2026-08-01 08:49:41.465 | INFO     | monitor:scan:325 - Nothing Changed
2026-08-01 08:49:41.465 | SUCCESS  | monitor:scan:331 - Scan Finished
2026-08-01 08:49:41.465 | INFO     | monitor:start:67 - Sleep 60 Seconds
2026-08-01 08:50:41.466 | INFO     | auth.login:ensure_login:354 - Checking Login...
2026-08-01 08:50:41.470 | SUCCESS  | auth.login:load_saved_token:192 - Saved Token Loaded
2026-08-01 08:50:41.471 | SUCCESS  | auth.login:ensure_login:362 - Using Saved Token
2026-08-01 08:50:41.472 | INFO     | monitor:scan:111 - Scanning Website...
2026-08-01 08:50:41.476 | INFO     | monitor:scan:125 - Loading Page 1
2026-08-01 08:50:41.478 | INFO     | api:get_files:60 - Loading Page 1
2026-08-01 08:50:43.075 | INFO     | api:get_file:84 - Loading File 126d518f-764b-2019-40a6-645aba60ba46
2026-08-01 08:50:43.302 | INFO     | monitor:scan:273 - Reached Old Files
2026-08-01 08:50:43.302 | INFO     | monitor:scan:303 - No New Serial
2026-08-01 08:50:43.302 | INFO     | monitor:scan:325 - Nothing Changed
2026-08-01 08:50:43.302 | SUCCESS  | monitor:scan:331 - Scan Finished
2026-08-01 08:50:43.303 | INFO     | monitor:start:67 - Sleep 60 Seconds
2026-08-01 08:51:43.303 | INFO     | auth.login:ensure_login:354 - Checking Login...
2026-08-01 08:51:43.305 | SUCCESS  | auth.login:load_saved_token:192 - Saved Token Loaded
2026-08-01 08:51:43.305 | SUCCESS  | auth.login:ensure_login:362 - Using Saved Token
2026-08-01 08:51:43.307 | INFO     | monitor:scan:111 - Scanning Website...
2026-08-01 08:51:43.309 | INFO     | monitor:scan:125 - Loading Page 1
2026-08-01 08:51:43.310 | INFO     | api:get_files:60 - Loading Page 1
2026-08-01 08:51:44.843 | INFO     | api:get_file:84 - Loading File 126d518f-764b-2019-40a6-645aba60ba46
2026-08-01 08:51:45.074 | INFO     | monitor:scan:273 - Reached Old Files
2026-08-01 08:51:45.077 | INFO     | monitor:scan:303 - No New Serial
2026-08-01 08:51:45.078 | INFO     | monitor:scan:325 - Nothing Changed
2026-08-01 08:51:45.078 | SUCCESS  | monitor:scan:331 - Scan Finished
2026-08-01 08:51:45.081 | INFO     | monitor:start:67 - Sleep 60 Seconds
2026-08-01 08:52:45.082 | INFO     | auth.login:ensure_login:354 - Checking Login...
2026-08-01 08:52:45.085 | SUCCESS  | auth.login:load_saved_token:192 - Saved Token Loaded
2026-08-01 08:52:45.088 | SUCCESS  | auth.login:ensure_login:362 - Using Saved Token
2026-08-01 08:52:45.089 | INFO     | monitor:scan:111 - Scanning Website...
2026-08-01 08:52:45.092 | INFO     | monitor:scan:125 - Loading Page 1
2026-08-01 08:52:45.093 | INFO     | api:get_files:60 - Loading Page 1
2026-08-01 08:52:46.648 | INFO     | api:get_file:84 - Loading File 126d518f-764b-2019-40a6-645aba60ba46
2026-08-01 08:52:46.864 | INFO     | monitor:scan:273 - Reached Old Files
2026-08-01 08:52:46.864 | INFO     | monitor:scan:303 - No New Serial
2026-08-01 08:52:46.864 | INFO     | monitor:scan:325 - Nothing Changed
2026-08-01 08:52:46.865 | SUCCESS  | monitor:scan:331 - Scan Finished
2026-08-01 08:52:46.865 | INFO     | monitor:start:67 - Sleep 60 Seconds
2026-08-01 08:53:46.865 | INFO     | auth.login:ensure_login:354 - Checking Login...
2026-08-01 08:53:46.866 | SUCCESS  | auth.login:load_saved_token:192 - Saved Token Loaded
2026-08-01 08:53:46.867 | SUCCESS  | auth.login:ensure_login:362 - Using Saved Token
2026-08-01 08:53:46.867 | INFO     | monitor:scan:111 - Scanning Website...
2026-08-01 08:53:46.868 | INFO     | monitor:scan:125 - Loading Page 1
2026-08-01 08:53:46.868 | INFO     | api:get_files:60 - Loading Page 1
2026-08-01 08:53:48.531 | INFO     | api:get_file:84 - Loading File 126d518f-764b-2019-40a6-645aba60ba46
2026-08-01 08:53:48.748 | INFO     | monitor:scan:273 - Reached Old Files
2026-08-01 08:53:48.749 | INFO     | monitor:scan:303 - No New Serial
2026-08-01 08:53:48.749 | INFO     | monitor:scan:325 - Nothing Changed
2026-08-01 08:53:48.749 | SUCCESS  | monitor:scan:331 - Scan Finished
2026-08-01 08:53:48.749 | INFO     | monitor:start:67 - Sleep 60 Seconds
2026-08-01 08:54:48.750 | INFO     | auth.login:ensure_login:354 - Checking Login...
2026-08-01 08:54:48.751 | SUCCESS  | auth.login:load_saved_token:192 - Saved Token Loaded
2026-08-01 08:54:48.753 | SUCCESS  | auth.login:ensure_login:362 - Using Saved Token
2026-08-01 08:54:48.754 | INFO     | monitor:scan:111 - Scanning Website...
2026-08-01 08:54:48.755 | INFO     | monitor:scan:125 - Loading Page 1
2026-08-01 08:54:48.755 | INFO     | api:get_files:60 - Loading Page 1
2026-08-01 08:54:50.208 | INFO     | api:get_file:84 - Loading File 126d518f-764b-2019-40a6-645aba60ba46
2026-08-01 08:54:50.423 | INFO     | monitor:scan:273 - Reached Old Files
2026-08-01 08:54:50.424 | INFO     | monitor:scan:303 - No New Serial
2026-08-01 08:54:50.425 | INFO     | monitor:scan:325 - Nothing Changed
2026-08-01 08:54:50.425 | SUCCESS  | monitor:scan:331 - Scan Finished
2026-08-01 08:54:50.427 | INFO     | monitor:start:67 - Sleep 60 Seconds
2026-08-01 08:55:50.428 | INFO     | auth.login:ensure_login:354 - Checking Login...
2026-08-01 08:55:50.431 | SUCCESS  | auth.login:load_saved_token:192 - Saved Token Loaded
2026-08-01 08:55:50.433 | SUCCESS  | auth.login:ensure_login:362 - Using Saved Token
2026-08-01 08:55:50.434 | INFO     | monitor:scan:111 - Scanning Website...
2026-08-01 08:55:50.435 | INFO     | monitor:scan:125 - Loading Page 1
2026-08-01 08:55:50.436 | INFO     | api:get_files:60 - Loading Page 1
2026-08-01 08:55:51.044 | WARNING  | auth.login:get:411 - Access Token Expired
2026-08-01 08:55:51.045 | INFO     | auth.login:login:262 - Logging in...
2026-08-01 08:55:51.486 | SUCCESS  | auth.login:save_token:242 - Token Saved
2026-08-01 08:55:51.488 | SUCCESS  | auth.login:login:340 - Login Successful
2026-08-01 08:55:52.660 | INFO     | api:get_file:84 - Loading File 126d518f-764b-2019-40a6-645aba60ba46
2026-08-01 08:55:52.885 | INFO     | monitor:scan:273 - Reached Old Files
2026-08-01 08:55:52.885 | INFO     | monitor:scan:303 - No New Serial
2026-08-01 08:55:52.885 | INFO     | monitor:scan:325 - Nothing Changed
2026-08-01 08:55:52.885 | SUCCESS  | monitor:scan:331 - Scan Finished
2026-08-01 08:55:52.885 | INFO     | monitor:start:67 - Sleep 60 Seconds
2026-08-01 08:56:52.886 | INFO     | auth.login:ensure_login:354 - Checking Login...
2026-08-01 08:56:52.895 | SUCCESS  | auth.login:load_saved_token:192 - Saved Token Loaded
2026-08-01 08:56:52.896 | SUCCESS  | auth.login:ensure_login:362 - Using Saved Token
2026-08-01 08:56:52.896 | INFO     | monitor:scan:111 - Scanning Website...
2026-08-01 08:56:52.897 | INFO     | monitor:scan:125 - Loading Page 1
2026-08-01 08:56:52.897 | INFO     | api:get_files:60 - Loading Page 1
2026-08-01 08:56:55.793 | INFO     | api:get_file:84 - Loading File 126d518f-764b-2019-40a6-645aba60ba46
2026-08-01 08:56:56.119 | INFO     | monitor:scan:273 - Reached Old Files
2026-08-01 08:56:56.119 | INFO     | monitor:scan:303 - No New Serial
2026-08-01 08:56:56.119 | INFO     | monitor:scan:325 - Nothing Changed
2026-08-01 08:56:56.119 | SUCCESS  | monitor:scan:331 - Scan Finished
2026-08-01 08:56:56.119 | INFO     | monitor:start:67 - Sleep 60 Seconds
2026-08-01 08:57:56.120 | INFO     | auth.login:ensure_login:354 - Checking Login...
2026-08-01 08:57:56.124 | SUCCESS  | auth.login:load_saved_token:192 - Saved Token Loaded
2026-08-01 08:57:56.126 | SUCCESS  | auth.login:ensure_login:362 - Using Saved Token
2026-08-01 08:57:56.128 | INFO     | monitor:scan:111 - Scanning Website...
2026-08-01 08:57:56.132 | INFO     | monitor:scan:125 - Loading Page 1
2026-08-01 08:57:56.134 | INFO     | api:get_files:60 - Loading Page 1
2026-08-01 08:57:57.918 | INFO     | api:get_file:84 - Loading File 126d518f-764b-2019-40a6-645aba60ba46
2026-08-01 08:57:58.144 | INFO     | monitor:scan:273 - Reached Old Files
2026-08-01 08:57:58.145 | INFO     | monitor:scan:303 - No New Serial
2026-08-01 08:57:58.146 | INFO     | monitor:scan:325 - Nothing Changed
2026-08-01 08:57:58.147 | SUCCESS  | monitor:scan:331 - Scan Finished
2026-08-01 08:57:58.148 | INFO     | monitor:start:67 - Sleep 60 Seconds
2026-08-01 08:58:58.148 | INFO     | auth.login:ensure_login:354 - Checking Login...
2026-08-01 08:58:58.149 | SUCCESS  | auth.login:load_saved_token:192 - Saved Token Loaded
2026-08-01 08:58:58.149 | SUCCESS  | auth.login:ensure_login:362 - Using Saved Token
2026-08-01 08:58:58.149 | INFO     | monitor:scan:111 - Scanning Website...
2026-08-01 08:58:58.149 | INFO     | monitor:scan:125 - Loading Page 1
2026-08-01 08:58:58.150 | INFO     | api:get_files:60 - Loading Page 1
2026-08-01 08:58:59.704 | INFO     | api:get_file:84 - Loading File 126d518f-764b-2019-40a6-645aba60ba46
2026-08-01 08:58:59.898 | INFO     | monitor:scan:273 - Reached Old Files
2026-08-01 08:58:59.899 | INFO     | monitor:scan:303 - No New Serial
2026-08-01 08:58:59.900 | INFO     | monitor:scan:325 - Nothing Changed
2026-08-01 08:58:59.900 | SUCCESS  | monitor:scan:331 - Scan Finished
2026-08-01 08:58:59.901 | INFO     | monitor:start:67 - Sleep 60 Seconds
2026-08-01 08:59:59.902 | INFO     | auth.login:ensure_login:354 - Checking Login...
2026-08-01 08:59:59.903 | SUCCESS  | auth.login:load_saved_token:192 - Saved Token Loaded
2026-08-01 08:59:59.904 | SUCCESS  | auth.login:ensure_login:362 - Using Saved Token
2026-08-01 08:59:59.904 | INFO     | monitor:scan:111 - Scanning Website...
2026-08-01 08:59:59.905 | INFO     | monitor:scan:125 - Loading Page 1
2026-08-01 08:59:59.905 | INFO     | api:get_files:60 - Loading Page 1
2026-08-01 09:00:01.386 | INFO     | api:get_file:84 - Loading File 126d518f-764b-2019-40a6-645aba60ba46
2026-08-01 09:00:01.598 | INFO     | monitor:scan:273 - Reached Old Files
2026-08-01 09:00:01.598 | INFO     | monitor:scan:303 - No New Serial
2026-08-01 09:00:01.599 | INFO     | monitor:scan:325 - Nothing Changed
2026-08-01 09:00:01.599 | SUCCESS  | monitor:scan:331 - Scan Finished
2026-08-01 09:00:01.600 | INFO     | monitor:start:67 - Sleep 60 Seconds
2026-08-01 09:01:01.602 | INFO     | auth.login:ensure_login:354 - Checking Login...
2026-08-01 09:01:01.605 | SUCCESS  | auth.login:load_saved_token:192 - Saved Token Loaded
2026-08-01 09:01:01.607 | SUCCESS  | auth.login:ensure_login:362 - Using Saved Token
2026-08-01 09:01:01.609 | INFO     | monitor:scan:111 - Scanning Website...
2026-08-01 09:01:01.612 | INFO     | monitor:scan:125 - Loading Page 1
2026-08-01 09:01:01.612 | INFO     | api:get_files:60 - Loading Page 1
2026-08-01 09:01:05.069 | INFO     | api:get_file:84 - Loading File 126d518f-764b-2019-40a6-645aba60ba46
2026-08-01 09:01:05.303 | INFO     | monitor:scan:273 - Reached Old Files
2026-08-01 09:01:05.306 | INFO     | monitor:scan:303 - No New Serial
2026-08-01 09:01:05.307 | INFO     | monitor:scan:325 - Nothing Changed
2026-08-01 09:01:05.309 | SUCCESS  | monitor:scan:331 - Scan Finished
2026-08-01 09:01:05.309 | INFO     | monitor:start:67 - Sleep 60 Seconds
2026-08-01 09:02:05.310 | INFO     | auth.login:ensure_login:354 - Checking Login...
2026-08-01 09:02:05.315 | SUCCESS  | auth.login:load_saved_token:192 - Saved Token Loaded
2026-08-01 09:02:05.317 | SUCCESS  | auth.login:ensure_login:362 - Using Saved Token
2026-08-01 09:02:05.318 | INFO     | monitor:scan:111 - Scanning Website...
2026-08-01 09:02:05.321 | INFO     | monitor:scan:125 - Loading Page 1
2026-08-01 09:02:05.322 | INFO     | api:get_files:60 - Loading Page 1
2026-08-01 09:02:08.965 | INFO     | api:get_file:84 - Loading File 126d518f-764b-2019-40a6-645aba60ba46
2026-08-01 09:02:09.199 | INFO     | monitor:scan:273 - Reached Old Files
2026-08-01 09:02:09.204 | INFO     | monitor:scan:303 - No New Serial
2026-08-01 09:02:09.205 | INFO     | monitor:scan:325 - Nothing Changed
2026-08-01 09:02:09.205 | SUCCESS  | monitor:scan:331 - Scan Finished
2026-08-01 09:02:09.206 | INFO     | monitor:start:67 - Sleep 60 Seconds
2026-08-01 09:03:09.207 | INFO     | auth.login:ensure_login:354 - Checking Login...
2026-08-01 09:03:09.210 | SUCCESS  | auth.login:load_saved_token:192 - Saved Token Loaded
2026-08-01 09:03:09.211 | SUCCESS  | auth.login:ensure_login:362 - Using Saved Token
2026-08-01 09:03:09.211 | INFO     | monitor:scan:111 - Scanning Website...
2026-08-01 09:03:09.213 | INFO     | monitor:scan:125 - Loading Page 1
2026-08-01 09:03:09.214 | INFO     | api:get_files:60 - Loading Page 1
2026-08-01 09:03:12.664 | INFO     | api:get_file:84 - Loading File 126d518f-764b-2019-40a6-645aba60ba46
2026-08-01 09:03:12.891 | INFO     | monitor:scan:273 - Reached Old Files
2026-08-01 09:03:12.891 | INFO     | monitor:scan:303 - No New Serial
2026-08-01 09:03:12.892 | INFO     | monitor:scan:325 - Nothing Changed
2026-08-01 09:03:12.892 | SUCCESS  | monitor:scan:331 - Scan Finished
2026-08-01 09:03:12.892 | INFO     | monitor:start:67 - Sleep 60 Seconds
2026-08-01 09:04:12.892 | INFO     | auth.login:ensure_login:354 - Checking Login...
2026-08-01 09:04:12.895 | SUCCESS  | auth.login:load_saved_token:192 - Saved Token Loaded
2026-08-01 09:04:12.895 | SUCCESS  | auth.login:ensure_login:362 - Using Saved Token
2026-08-01 09:04:12.895 | INFO     | monitor:scan:111 - Scanning Website...
2026-08-01 09:04:12.896 | INFO     | monitor:scan:125 - Loading Page 1
2026-08-01 09:04:12.897 | INFO     | api:get_files:60 - Loading Page 1
2026-08-01 09:04:14.445 | INFO     | api:get_file:84 - Loading File 126d518f-764b-2019-40a6-645aba60ba46
2026-08-01 09:04:14.672 | INFO     | monitor:scan:273 - Reached Old Files
2026-08-01 09:04:14.673 | INFO     | monitor:scan:303 - No New Serial
2026-08-01 09:04:14.674 | INFO     | monitor:scan:325 - Nothing Changed
2026-08-01 09:04:14.676 | SUCCESS  | monitor:scan:331 - Scan Finished
2026-08-01 09:04:14.677 | INFO     | monitor:start:67 - Sleep 60 Seconds
2026-08-01 09:05:14.679 | INFO     | auth.login:ensure_login:354 - Checking Login...
2026-08-01 09:05:14.681 | SUCCESS  | auth.login:load_saved_token:192 - Saved Token Loaded
2026-08-01 09:05:14.682 | SUCCESS  | auth.login:ensure_login:362 - Using Saved Token
2026-08-01 09:05:14.682 | INFO     | monitor:scan:111 - Scanning Website...
2026-08-01 09:05:14.684 | INFO     | monitor:scan:125 - Loading Page 1
2026-08-01 09:05:14.685 | INFO     | api:get_files:60 - Loading Page 1
2026-08-01 09:05:16.151 | INFO     | api:get_file:84 - Loading File 126d518f-764b-2019-40a6-645aba60ba46
2026-08-01 09:05:16.372 | INFO     | monitor:scan:273 - Reached Old Files
2026-08-01 09:05:16.372 | INFO     | monitor:scan:303 - No New Serial
2026-08-01 09:05:16.373 | INFO     | monitor:scan:325 - Nothing Changed
2026-08-01 09:05:16.373 | SUCCESS  | monitor:scan:331 - Scan Finished
2026-08-01 09:05:16.373 | INFO     | monitor:start:67 - Sleep 60 Seconds
2026-08-01 09:06:16.373 | INFO     | auth.login:ensure_login:354 - Checking Login...
2026-08-01 09:06:16.376 | SUCCESS  | auth.login:load_saved_token:192 - Saved Token Loaded
2026-08-01 09:06:16.376 | SUCCESS  | auth.login:ensure_login:362 - Using Saved Token
2026-08-01 09:06:16.377 | INFO     | monitor:scan:111 - Scanning Website...
2026-08-01 09:06:16.380 | INFO     | monitor:scan:125 - Loading Page 1
2026-08-01 09:06:16.381 | INFO     | api:get_files:60 - Loading Page 1
2026-08-01 09:06:16.794 | WARNING  | auth.login:get:411 - Access Token Expired
2026-08-01 09:06:16.794 | INFO     | auth.login:login:262 - Logging in...
2026-08-01 09:06:17.223 | SUCCESS  | auth.login:save_token:242 - Token Saved
2026-08-01 09:06:17.224 | SUCCESS  | auth.login:login:340 - Login Successful
2026-08-01 09:06:18.363 | INFO     | api:get_file:84 - Loading File 126d518f-764b-2019-40a6-645aba60ba46
2026-08-01 09:06:18.580 | INFO     | monitor:scan:273 - Reached Old Files
2026-08-01 09:06:18.581 | INFO     | monitor:scan:303 - No New Serial
2026-08-01 09:06:18.581 | INFO     | monitor:scan:325 - Nothing Changed
2026-08-01 09:06:18.582 | SUCCESS  | monitor:scan:331 - Scan Finished
2026-08-01 09:06:18.583 | INFO     | monitor:start:67 - Sleep 60 Seconds
2026-08-01 09:07:18.585 | INFO     | auth.login:ensure_login:354 - Checking Login...
2026-08-01 09:07:18.625 | SUCCESS  | auth.login:load_saved_token:192 - Saved Token Loaded
2026-08-01 09:07:18.626 | SUCCESS  | auth.login:ensure_login:362 - Using Saved Token
2026-08-01 09:07:18.626 | INFO     | monitor:scan:111 - Scanning Website...
2026-08-01 09:07:18.626 | INFO     | monitor:scan:125 - Loading Page 1
2026-08-01 09:07:18.626 | INFO     | api:get_files:60 - Loading Page 1
2026-08-01 09:07:21.950 | INFO     | api:get_file:84 - Loading File 126d518f-764b-2019-40a6-645aba60ba46
2026-08-01 09:07:22.181 | INFO     | monitor:scan:273 - Reached Old Files
2026-08-01 09:07:22.181 | INFO     | monitor:scan:303 - No New Serial
2026-08-01 09:07:22.181 | INFO     | monitor:scan:325 - Nothing Changed
2026-08-01 09:07:22.181 | SUCCESS  | monitor:scan:331 - Scan Finished
2026-08-01 09:07:22.182 | INFO     | monitor:start:67 - Sleep 60 Seconds
2026-08-01 09:08:22.182 | INFO     | auth.login:ensure_login:354 - Checking Login...
2026-08-01 09:08:22.184 | SUCCESS  | auth.login:load_saved_token:192 - Saved Token Loaded
2026-08-01 09:08:22.187 | SUCCESS  | auth.login:ensure_login:362 - Using Saved Token
2026-08-01 09:08:22.187 | INFO     | monitor:scan:111 - Scanning Website...
2026-08-01 09:08:22.190 | INFO     | monitor:scan:125 - Loading Page 1
2026-08-01 09:08:22.191 | INFO     | api:get_files:60 - Loading Page 1
2026-08-01 09:08:23.715 | INFO     | api:get_file:84 - Loading File 126d518f-764b-2019-40a6-645aba60ba46
2026-08-01 09:08:23.971 | INFO     | monitor:scan:273 - Reached Old Files
2026-08-01 09:08:23.971 | INFO     | monitor:scan:303 - No New Serial
2026-08-01 09:08:23.971 | INFO     | monitor:scan:325 - Nothing Changed
2026-08-01 09:08:23.971 | SUCCESS  | monitor:scan:331 - Scan Finished
2026-08-01 09:08:23.972 | INFO     | monitor:start:67 - Sleep 60 Seconds
2026-08-01 09:09:23.972 | INFO     | auth.login:ensure_login:354 - Checking Login...
2026-08-01 09:09:23.975 | SUCCESS  | auth.login:load_saved_token:192 - Saved Token Loaded
2026-08-01 09:09:23.976 | SUCCESS  | auth.login:ensure_login:362 - Using Saved Token
2026-08-01 09:09:23.977 | INFO     | monitor:scan:111 - Scanning Website...
2026-08-01 09:09:23.981 | INFO     | monitor:scan:125 - Loading Page 1
2026-08-01 09:09:23.983 | INFO     | api:get_files:60 - Loading Page 1
2026-08-01 09:09:25.433 | INFO     | api:get_file:84 - Loading File 126d518f-764b-2019-40a6-645aba60ba46
2026-08-01 09:09:25.655 | INFO     | monitor:scan:273 - Reached Old Files
2026-08-01 09:09:25.656 | INFO     | monitor:scan:303 - No New Serial
2026-08-01 09:09:25.658 | INFO     | monitor:scan:325 - Nothing Changed
2026-08-01 09:09:25.659 | SUCCESS  | monitor:scan:331 - Scan Finished
2026-08-01 09:09:25.660 | INFO     | monitor:start:67 - Sleep 60 Seconds
2026-08-01 09:10:25.661 | INFO     | auth.login:ensure_login:354 - Checking Login...
2026-08-01 09:10:25.665 | SUCCESS  | auth.login:load_saved_token:192 - Saved Token Loaded
2026-08-01 09:10:25.666 | SUCCESS  | auth.login:ensure_login:362 - Using Saved Token
2026-08-01 09:10:25.668 | INFO     | monitor:scan:111 - Scanning Website...
2026-08-01 09:10:25.672 | INFO     | monitor:scan:125 - Loading Page 1
2026-08-01 09:10:25.672 | INFO     | api:get_files:60 - Loading Page 1
2026-08-01 09:10:29.234 | INFO     | api:get_file:84 - Loading File 126d518f-764b-2019-40a6-645aba60ba46
2026-08-01 09:10:29.468 | INFO     | monitor:scan:273 - Reached Old Files
2026-08-01 09:10:29.469 | INFO     | monitor:scan:303 - No New Serial
2026-08-01 09:10:29.469 | INFO     | monitor:scan:325 - Nothing Changed
2026-08-01 09:10:29.470 | SUCCESS  | monitor:scan:331 - Scan Finished
2026-08-01 09:10:29.470 | INFO     | monitor:start:67 - Sleep 60 Seconds
2026-08-01 09:11:29.471 | INFO     | auth.login:ensure_login:354 - Checking Login...
2026-08-01 09:11:29.472 | SUCCESS  | auth.login:load_saved_token:192 - Saved Token Loaded
2026-08-01 09:11:29.472 | SUCCESS  | auth.login:ensure_login:362 - Using Saved Token
2026-08-01 09:11:29.473 | INFO     | monitor:scan:111 - Scanning Website...
2026-08-01 09:11:29.474 | INFO     | monitor:scan:125 - Loading Page 1
2026-08-01 09:11:29.474 | INFO     | api:get_files:60 - Loading Page 1
2026-08-01 09:11:30.961 | INFO     | api:get_file:84 - Loading File 126d518f-764b-2019-40a6-645aba60ba46
2026-08-01 09:11:31.179 | INFO     | monitor:scan:273 - Reached Old Files
2026-08-01 09:11:31.179 | INFO     | monitor:scan:303 - No New Serial
2026-08-01 09:11:31.180 | INFO     | monitor:scan:325 - Nothing Changed
2026-08-01 09:11:31.181 | SUCCESS  | monitor:scan:331 - Scan Finished
2026-08-01 09:11:31.183 | INFO     | monitor:start:67 - Sleep 60 Seconds
2026-08-01 09:12:31.185 | INFO     | auth.login:ensure_login:354 - Checking Login...
2026-08-01 09:12:31.188 | SUCCESS  | auth.login:load_saved_token:192 - Saved Token Loaded
2026-08-01 09:12:31.188 | SUCCESS  | auth.login:ensure_login:362 - Using Saved Token
2026-08-01 09:12:31.189 | INFO     | monitor:scan:111 - Scanning Website...
2026-08-01 09:12:31.192 | INFO     | monitor:scan:125 - Loading Page 1
2026-08-01 09:12:31.193 | INFO     | api:get_files:60 - Loading Page 1
2026-08-01 09:12:32.674 | INFO     | api:get_file:84 - Loading File 126d518f-764b-2019-40a6-645aba60ba46
2026-08-01 09:12:32.919 | INFO     | monitor:scan:273 - Reached Old Files
2026-08-01 09:12:32.920 | INFO     | monitor:scan:303 - No New Serial
2026-08-01 09:12:32.921 | INFO     | monitor:scan:325 - Nothing Changed
2026-08-01 09:12:32.921 | SUCCESS  | monitor:scan:331 - Scan Finished
2026-08-01 09:12:32.923 | INFO     | monitor:start:67 - Sleep 60 Seconds
2026-08-01 09:13:32.924 | INFO     | auth.login:ensure_login:354 - Checking Login...
2026-08-01 09:13:32.926 | SUCCESS  | auth.login:load_saved_token:192 - Saved Token Loaded
2026-08-01 09:13:32.927 | SUCCESS  | auth.login:ensure_login:362 - Using Saved Token
2026-08-01 09:13:32.928 | INFO     | monitor:scan:111 - Scanning Website...
2026-08-01 09:13:32.930 | INFO     | monitor:scan:125 - Loading Page 1
2026-08-01 09:13:32.931 | INFO     | api:get_files:60 - Loading Page 1
2026-08-01 09:13:34.367 | INFO     | api:get_file:84 - Loading File 126d518f-764b-2019-40a6-645aba60ba46
2026-08-01 09:13:34.579 | INFO     | monitor:scan:273 - Reached Old Files
2026-08-01 09:13:34.580 | INFO     | monitor:scan:303 - No New Serial
2026-08-01 09:13:34.580 | INFO     | monitor:scan:325 - Nothing Changed
2026-08-01 09:13:34.582 | SUCCESS  | monitor:scan:331 - Scan Finished
2026-08-01 09:13:34.583 | INFO     | monitor:start:67 - Sleep 60 Seconds
2026-08-01 09:14:34.584 | INFO     | auth.login:ensure_login:354 - Checking Login...
2026-08-01 09:14:34.586 | SUCCESS  | auth.login:load_saved_token:192 - Saved Token Loaded
2026-08-01 09:14:34.586 | SUCCESS  | auth.login:ensure_login:362 - Using Saved Token
2026-08-01 09:14:34.587 | INFO     | monitor:scan:111 - Scanning Website...
2026-08-01 09:14:34.590 | INFO     | monitor:scan:125 - Loading Page 1
2026-08-01 09:14:34.592 | INFO     | api:get_files:60 - Loading Page 1
2026-08-01 09:14:36.110 | INFO     | api:get_file:84 - Loading File 126d518f-764b-2019-40a6-645aba60ba46
2026-08-01 09:14:36.341 | INFO     | monitor:scan:273 - Reached Old Files
2026-08-01 09:14:36.343 | INFO     | monitor:scan:303 - No New Serial
2026-08-01 09:14:36.343 | INFO     | monitor:scan:325 - Nothing Changed
2026-08-01 09:14:36.345 | SUCCESS  | monitor:scan:331 - Scan Finished
2026-08-01 09:14:36.346 | INFO     | monitor:start:67 - Sleep 60 Seconds
2026-08-01 09:15:36.348 | INFO     | auth.login:ensure_login:354 - Checking Login...
2026-08-01 09:15:36.351 | SUCCESS  | auth.login:load_saved_token:192 - Saved Token Loaded
2026-08-01 09:15:36.351 | SUCCESS  | auth.login:ensure_login:362 - Using Saved Token
2026-08-01 09:15:36.351 | INFO     | monitor:scan:111 - Scanning Website...
2026-08-01 09:15:36.353 | INFO     | monitor:scan:125 - Loading Page 1
2026-08-01 09:15:36.353 | INFO     | api:get_files:60 - Loading Page 1
2026-08-01 09:15:37.805 | INFO     | api:get_file:84 - Loading File 126d518f-764b-2019-40a6-645aba60ba46
2026-08-01 09:15:38.025 | INFO     | monitor:scan:273 - Reached Old Files
2026-08-01 09:15:38.026 | INFO     | monitor:scan:303 - No New Serial
2026-08-01 09:15:38.027 | INFO     | monitor:scan:325 - Nothing Changed
2026-08-01 09:15:38.028 | SUCCESS  | monitor:scan:331 - Scan Finished
2026-08-01 09:15:38.029 | INFO     | monitor:start:67 - Sleep 60 Seconds
2026-08-01 09:16:38.030 | INFO     | auth.login:ensure_login:354 - Checking Login...
2026-08-01 09:16:38.034 | SUCCESS  | auth.login:load_saved_token:192 - Saved Token Loaded
2026-08-01 09:16:38.035 | SUCCESS  | auth.login:ensure_login:362 - Using Saved Token
2026-08-01 09:16:38.036 | INFO     | monitor:scan:111 - Scanning Website...
2026-08-01 09:16:38.040 | INFO     | monitor:scan:125 - Loading Page 1
2026-08-01 09:16:38.041 | INFO     | api:get_files:60 - Loading Page 1
2026-08-01 09:16:38.483 | WARNING  | auth.login:get:411 - Access Token Expired
2026-08-01 09:16:38.484 | INFO     | auth.login:login:262 - Logging in...
2026-08-01 09:16:38.948 | SUCCESS  | auth.login:save_token:242 - Token Saved
2026-08-01 09:16:38.949 | SUCCESS  | auth.login:login:340 - Login Successful
2026-08-01 09:16:40.138 | INFO     | api:get_file:84 - Loading File 126d518f-764b-2019-40a6-645aba60ba46
2026-08-01 09:16:40.366 | INFO     | monitor:scan:273 - Reached Old Files
2026-08-01 09:16:40.369 | INFO     | monitor:scan:303 - No New Serial
2026-08-01 09:16:40.370 | INFO     | monitor:scan:325 - Nothing Changed
2026-08-01 09:16:40.372 | SUCCESS  | monitor:scan:331 - Scan Finished
2026-08-01 09:16:40.374 | INFO     | monitor:start:67 - Sleep 60 Seconds
2026-08-01 09:17:40.377 | INFO     | auth.login:ensure_login:354 - Checking Login...
2026-08-01 09:17:40.387 | SUCCESS  | auth.login:load_saved_token:192 - Saved Token Loaded
2026-08-01 09:17:40.387 | SUCCESS  | auth.login:ensure_login:362 - Using Saved Token
2026-08-01 09:17:40.388 | INFO     | monitor:scan:111 - Scanning Website...
2026-08-01 09:17:40.388 | INFO     | monitor:scan:125 - Loading Page 1
2026-08-01 09:17:40.388 | INFO     | api:get_files:60 - Loading Page 1
2026-08-01 09:17:41.928 | INFO     | api:get_file:84 - Loading File 126d518f-764b-2019-40a6-645aba60ba46
2026-08-01 09:17:42.158 | INFO     | monitor:scan:273 - Reached Old Files
2026-08-01 09:17:42.160 | INFO     | monitor:scan:303 - No New Serial
2026-08-01 09:17:42.160 | INFO     | monitor:scan:325 - Nothing Changed
2026-08-01 09:17:42.162 | SUCCESS  | monitor:scan:331 - Scan Finished
2026-08-01 09:17:42.163 | INFO     | monitor:start:67 - Sleep 60 Seconds
2026-08-01 09:18:42.164 | INFO     | auth.login:ensure_login:354 - Checking Login...
2026-08-01 09:18:42.167 | SUCCESS  | auth.login:load_saved_token:192 - Saved Token Loaded
2026-08-01 09:18:42.168 | SUCCESS  | auth.login:ensure_login:362 - Using Saved Token
2026-08-01 09:18:42.169 | INFO     | monitor:scan:111 - Scanning Website...
2026-08-01 09:18:42.171 | INFO     | monitor:scan:125 - Loading Page 1
2026-08-01 09:18:42.172 | INFO     | api:get_files:60 - Loading Page 1
2026-08-01 09:18:45.911 | INFO     | api:get_file:84 - Loading File 126d518f-764b-2019-40a6-645aba60ba46
2026-08-01 09:18:46.146 | INFO     | monitor:scan:273 - Reached Old Files
2026-08-01 09:18:46.147 | INFO     | monitor:scan:303 - No New Serial
2026-08-01 09:18:46.149 | INFO     | monitor:scan:325 - Nothing Changed
2026-08-01 09:18:46.150 | SUCCESS  | monitor:scan:331 - Scan Finished
2026-08-01 09:18:46.151 | INFO     | monitor:start:67 - Sleep 60 Seconds
2026-08-01 09:19:46.152 | INFO     | auth.login:ensure_login:354 - Checking Login...
2026-08-01 09:19:46.153 | SUCCESS  | auth.login:load_saved_token:192 - Saved Token Loaded
2026-08-01 09:19:46.153 | SUCCESS  | auth.login:ensure_login:362 - Using Saved Token
2026-08-01 09:19:46.153 | INFO     | monitor:scan:111 - Scanning Website...
2026-08-01 09:19:46.153 | INFO     | monitor:scan:125 - Loading Page 1
2026-08-01 09:19:46.153 | INFO     | api:get_files:60 - Loading Page 1
2026-08-01 09:19:47.710 | INFO     | api:get_file:84 - Loading File 126d518f-764b-2019-40a6-645aba60ba46
2026-08-01 09:19:47.944 | INFO     | monitor:scan:273 - Reached Old Files
2026-08-01 09:19:47.946 | INFO     | monitor:scan:303 - No New Serial
2026-08-01 09:19:47.946 | INFO     | monitor:scan:325 - Nothing Changed
2026-08-01 09:19:47.947 | SUCCESS  | monitor:scan:331 - Scan Finished
2026-08-01 09:19:47.949 | INFO     | monitor:start:67 - Sleep 60 Seconds
2026-08-01 09:20:47.951 | INFO     | auth.login:ensure_login:354 - Checking Login...
2026-08-01 09:20:47.953 | SUCCESS  | auth.login:load_saved_token:192 - Saved Token Loaded
2026-08-01 09:20:47.953 | SUCCESS  | auth.login:ensure_login:362 - Using Saved Token
2026-08-01 09:20:47.953 | INFO     | monitor:scan:111 - Scanning Website...
2026-08-01 09:20:47.955 | INFO     | monitor:scan:125 - Loading Page 1
2026-08-01 09:20:47.956 | INFO     | api:get_files:60 - Loading Page 1
2026-08-01 09:20:49.586 | INFO     | api:get_file:84 - Loading File 126d518f-764b-2019-40a6-645aba60ba46
2026-08-01 09:20:49.808 | INFO     | monitor:scan:273 - Reached Old Files
2026-08-01 09:20:49.810 | INFO     | monitor:scan:303 - No New Serial
2026-08-01 09:20:49.811 | INFO     | monitor:scan:325 - Nothing Changed
2026-08-01 09:20:49.811 | SUCCESS  | monitor:scan:331 - Scan Finished
2026-08-01 09:20:49.813 | INFO     | monitor:start:67 - Sleep 60 Seconds
2026-08-01 09:21:49.813 | INFO     | auth.login:ensure_login:354 - Checking Login...
2026-08-01 09:21:49.817 | SUCCESS  | auth.login:load_saved_token:192 - Saved Token Loaded
2026-08-01 09:21:49.819 | SUCCESS  | auth.login:ensure_login:362 - Using Saved Token
2026-08-01 09:21:49.820 | INFO     | monitor:scan:111 - Scanning Website...
2026-08-01 09:21:49.823 | INFO     | monitor:scan:125 - Loading Page 1
2026-08-01 09:21:49.823 | INFO     | api:get_files:60 - Loading Page 1
2026-08-01 09:21:51.559 | INFO     | api:get_file:84 - Loading File 126d518f-764b-2019-40a6-645aba60ba46
2026-08-01 09:21:51.954 | INFO     | monitor:scan:273 - Reached Old Files
2026-08-01 09:21:51.955 | INFO     | monitor:scan:303 - No New Serial
2026-08-01 09:21:51.956 | INFO     | monitor:scan:325 - Nothing Changed
2026-08-01 09:21:51.957 | SUCCESS  | monitor:scan:331 - Scan Finished
2026-08-01 09:21:51.959 | INFO     | monitor:start:67 - Sleep 60 Seconds
2026-08-01 09:22:51.960 | INFO     | auth.login:ensure_login:354 - Checking Login...
2026-08-01 09:22:51.961 | SUCCESS  | auth.login:load_saved_token:192 - Saved Token Loaded
2026-08-01 09:22:51.961 | SUCCESS  | auth.login:ensure_login:362 - Using Saved Token
2026-08-01 09:22:51.962 | INFO     | monitor:scan:111 - Scanning Website...
2026-08-01 09:22:51.963 | INFO     | monitor:scan:125 - Loading Page 1
2026-08-01 09:22:51.963 | INFO     | api:get_files:60 - Loading Page 1
2026-08-01 09:22:53.464 | INFO     | api:get_file:84 - Loading File 126d518f-764b-2019-40a6-645aba60ba46
2026-08-01 09:22:53.685 | INFO     | monitor:scan:273 - Reached Old Files
2026-08-01 09:22:53.687 | INFO     | monitor:scan:303 - No New Serial
2026-08-01 09:22:53.688 | INFO     | monitor:scan:325 - Nothing Changed
2026-08-01 09:22:53.689 | SUCCESS  | monitor:scan:331 - Scan Finished
2026-08-01 09:22:53.690 | INFO     | monitor:start:67 - Sleep 60 Seconds
2026-08-01 09:23:53.691 | INFO     | auth.login:ensure_login:354 - Checking Login...
2026-08-01 09:23:53.694 | SUCCESS  | auth.login:load_saved_token:192 - Saved Token Loaded
2026-08-01 09:23:53.694 | SUCCESS  | auth.login:ensure_login:362 - Using Saved Token
2026-08-01 09:23:53.694 | INFO     | monitor:scan:111 - Scanning Website...
2026-08-01 09:23:53.695 | INFO     | monitor:scan:125 - Loading Page 1
2026-08-01 09:23:53.696 | INFO     | api:get_files:60 - Loading Page 1
2026-08-01 09:23:57.211 | INFO     | api:get_file:84 - Loading File 126d518f-764b-2019-40a6-645aba60ba46
2026-08-01 09:23:57.442 | INFO     | monitor:scan:273 - Reached Old Files
2026-08-01 09:23:57.443 | INFO     | monitor:scan:303 - No New Serial
2026-08-01 09:23:57.445 | INFO     | monitor:scan:325 - Nothing Changed
2026-08-01 09:23:57.445 | SUCCESS  | monitor:scan:331 - Scan Finished
2026-08-01 09:23:57.447 | INFO     | monitor:start:67 - Sleep 60 Seconds
2026-08-01 09:24:57.449 | INFO     | auth.login:ensure_login:354 - Checking Login...
2026-08-01 09:24:57.454 | SUCCESS  | auth.login:load_saved_token:192 - Saved Token Loaded
2026-08-01 09:24:57.455 | SUCCESS  | auth.login:ensure_login:362 - Using Saved Token
2026-08-01 09:24:57.457 | INFO     | monitor:scan:111 - Scanning Website...
2026-08-01 09:24:57.460 | INFO     | monitor:scan:125 - Loading Page 1
2026-08-01 09:24:57.460 | INFO     | api:get_files:60 - Loading Page 1
2026-08-01 09:25:00.623 | INFO     | api:get_file:84 - Loading File 126d518f-764b-2019-40a6-645aba60ba46
2026-08-01 09:25:00.840 | INFO     | monitor:scan:273 - Reached Old Files
2026-08-01 09:25:00.840 | INFO     | monitor:scan:303 - No New Serial
2026-08-01 09:25:00.840 | INFO     | monitor:scan:325 - Nothing Changed
2026-08-01 09:25:00.840 | SUCCESS  | monitor:scan:331 - Scan Finished
2026-08-01 09:25:00.841 | INFO     | monitor:start:67 - Sleep 60 Seconds
2026-08-01 09:26:00.841 | INFO     | auth.login:ensure_login:354 - Checking Login...
2026-08-01 09:26:00.844 | SUCCESS  | auth.login:load_saved_token:192 - Saved Token Loaded
2026-08-01 09:26:00.845 | SUCCESS  | auth.login:ensure_login:362 - Using Saved Token
2026-08-01 09:26:00.846 | INFO     | monitor:scan:111 - Scanning Website...
2026-08-01 09:26:00.849 | INFO     | monitor:scan:125 - Loading Page 1
2026-08-01 09:26:00.850 | INFO     | api:get_files:60 - Loading Page 1
2026-08-01 09:26:02.397 | INFO     | api:get_file:84 - Loading File 126d518f-764b-2019-40a6-645aba60ba46
2026-08-01 09:26:02.628 | INFO     | monitor:scan:273 - Reached Old Files
2026-08-01 09:26:02.630 | INFO     | monitor:scan:303 - No New Serial
2026-08-01 09:26:02.632 | INFO     | monitor:scan:325 - Nothing Changed
2026-08-01 09:26:02.635 | SUCCESS  | monitor:scan:331 - Scan Finished
2026-08-01 09:26:02.637 | INFO     | monitor:start:67 - Sleep 60 Seconds
2026-08-01 09:27:02.638 | INFO     | auth.login:ensure_login:354 - Checking Login...
2026-08-01 09:27:02.642 | SUCCESS  | auth.login:load_saved_token:192 - Saved Token Loaded
2026-08-01 09:27:02.644 | SUCCESS  | auth.login:ensure_login:362 - Using Saved Token
2026-08-01 09:27:02.644 | INFO     | monitor:scan:111 - Scanning Website...
2026-08-01 09:27:02.647 | INFO     | monitor:scan:125 - Loading Page 1
2026-08-01 09:27:02.648 | INFO     | api:get_files:60 - Loading Page 1
2026-08-01 09:27:03.052 | WARNING  | auth.login:get:411 - Access Token Expired
2026-08-01 09:27:03.052 | INFO     | auth.login:login:262 - Logging in...
2026-08-01 09:27:03.517 | SUCCESS  | auth.login:save_token:242 - Token Saved
2026-08-01 09:27:03.517 | SUCCESS  | auth.login:login:340 - Login Successful
2026-08-01 09:27:04.694 | INFO     | api:get_file:84 - Loading File 126d518f-764b-2019-40a6-645aba60ba46
2026-08-01 09:27:04.922 | INFO     | monitor:scan:273 - Reached Old Files
2026-08-01 09:27:04.922 | INFO     | monitor:scan:303 - No New Serial
2026-08-01 09:27:04.922 | INFO     | monitor:scan:325 - Nothing Changed
2026-08-01 09:27:04.922 | SUCCESS  | monitor:scan:331 - Scan Finished
2026-08-01 09:27:04.922 | INFO     | monitor:start:67 - Sleep 60 Seconds
2026-08-01 09:28:04.923 | INFO     | auth.login:ensure_login:354 - Checking Login...
2026-08-01 09:28:04.955 | SUCCESS  | auth.login:load_saved_token:192 - Saved Token Loaded
2026-08-01 09:28:04.955 | SUCCESS  | auth.login:ensure_login:362 - Using Saved Token
2026-08-01 09:28:04.956 | INFO     | monitor:scan:111 - Scanning Website...
2026-08-01 09:28:04.957 | INFO     | monitor:scan:125 - Loading Page 1
2026-08-01 09:28:04.958 | INFO     | api:get_files:60 - Loading Page 1
2026-08-01 09:28:08.122 | INFO     | api:get_file:84 - Loading File 126d518f-764b-2019-40a6-645aba60ba46
2026-08-01 09:28:08.349 | INFO     | monitor:scan:273 - Reached Old Files
2026-08-01 09:28:08.350 | INFO     | monitor:scan:303 - No New Serial
2026-08-01 09:28:08.351 | INFO     | monitor:scan:325 - Nothing Changed
2026-08-01 09:28:08.352 | SUCCESS  | monitor:scan:331 - Scan Finished
2026-08-01 09:28:08.352 | INFO     | monitor:start:67 - Sleep 60 Seconds
2026-08-01 09:29:08.354 | INFO     | auth.login:ensure_login:354 - Checking Login...
2026-08-01 09:29:08.356 | SUCCESS  | auth.login:load_saved_token:192 - Saved Token Loaded
2026-08-01 09:29:08.357 | SUCCESS  | auth.login:ensure_login:362 - Using Saved Token
2026-08-01 09:29:08.357 | INFO     | monitor:scan:111 - Scanning Website...
2026-08-01 09:29:08.360 | INFO     | monitor:scan:125 - Loading Page 1
2026-08-01 09:29:08.360 | INFO     | api:get_files:60 - Loading Page 1
2026-08-01 09:29:09.820 | INFO     | api:get_file:84 - Loading File 126d518f-764b-2019-40a6-645aba60ba46
2026-08-01 09:29:10.040 | INFO     | monitor:scan:273 - Reached Old Files
2026-08-01 09:29:10.041 | INFO     | monitor:scan:303 - No New Serial
2026-08-01 09:29:10.042 | INFO     | monitor:scan:325 - Nothing Changed
2026-08-01 09:29:10.043 | SUCCESS  | monitor:scan:331 - Scan Finished
2026-08-01 09:29:10.044 | INFO     | monitor:start:67 - Sleep 60 Seconds
2026-08-01 09:30:10.045 | INFO     | auth.login:ensure_login:354 - Checking Login...
2026-08-01 09:30:10.045 | SUCCESS  | auth.login:load_saved_token:192 - Saved Token Loaded
2026-08-01 09:30:10.046 | SUCCESS  | auth.login:ensure_login:362 - Using Saved Token
2026-08-01 09:30:10.046 | INFO     | monitor:scan:111 - Scanning Website...
2026-08-01 09:30:10.046 | INFO     | monitor:scan:125 - Loading Page 1
2026-08-01 09:30:10.046 | INFO     | api:get_files:60 - Loading Page 1
2026-08-01 09:30:13.511 | INFO     | api:get_file:84 - Loading File 126d518f-764b-2019-40a6-645aba60ba46
2026-08-01 09:30:13.743 | INFO     | monitor:scan:273 - Reached Old Files
2026-08-01 09:30:13.744 | INFO     | monitor:scan:303 - No New Serial
2026-08-01 09:30:13.744 | INFO     | monitor:scan:325 - Nothing Changed
2026-08-01 09:30:13.744 | SUCCESS  | monitor:scan:331 - Scan Finished
2026-08-01 09:30:13.746 | INFO     | monitor:start:67 - Sleep 60 Seconds
2026-08-01 09:31:13.747 | INFO     | auth.login:ensure_login:354 - Checking Login...
2026-08-01 09:31:13.749 | SUCCESS  | auth.login:load_saved_token:192 - Saved Token Loaded
2026-08-01 09:31:13.749 | SUCCESS  | auth.login:ensure_login:362 - Using Saved Token
2026-08-01 09:31:13.749 | INFO     | monitor:scan:111 - Scanning Website...
2026-08-01 09:31:13.751 | INFO     | monitor:scan:125 - Loading Page 1
2026-08-01 09:31:13.752 | INFO     | api:get_files:60 - Loading Page 1
2026-08-01 09:31:15.317 | INFO     | api:get_file:84 - Loading File 126d518f-764b-2019-40a6-645aba60ba46
2026-08-01 09:31:15.549 | INFO     | monitor:scan:273 - Reached Old Files
2026-08-01 09:31:15.550 | INFO     | monitor:scan:303 - No New Serial
2026-08-01 09:31:15.553 | INFO     | monitor:scan:325 - Nothing Changed
2026-08-01 09:31:15.554 | SUCCESS  | monitor:scan:331 - Scan Finished
2026-08-01 09:31:15.555 | INFO     | monitor:start:67 - Sleep 60 Seconds
2026-08-01 09:32:15.556 | INFO     | auth.login:ensure_login:354 - Checking Login...
2026-08-01 09:32:15.560 | SUCCESS  | auth.login:load_saved_token:192 - Saved Token Loaded
2026-08-01 09:32:15.562 | SUCCESS  | auth.login:ensure_login:362 - Using Saved Token
2026-08-01 09:32:15.564 | INFO     | monitor:scan:111 - Scanning Website...
2026-08-01 09:32:15.572 | INFO     | monitor:scan:125 - Loading Page 1
2026-08-01 09:32:15.574 | INFO     | api:get_files:60 - Loading Page 1
2026-08-01 09:32:17.094 | INFO     | api:get_file:84 - Loading File 126d518f-764b-2019-40a6-645aba60ba46
2026-08-01 09:32:17.320 | INFO     | monitor:scan:273 - Reached Old Files
2026-08-01 09:32:17.321 | INFO     | monitor:scan:303 - No New Serial
2026-08-01 09:32:17.322 | INFO     | monitor:scan:325 - Nothing Changed
2026-08-01 09:32:17.322 | SUCCESS  | monitor:scan:331 - Scan Finished
2026-08-01 09:32:17.323 | INFO     | monitor:start:67 - Sleep 60 Seconds
2026-08-01 09:33:17.325 | INFO     | auth.login:ensure_login:354 - Checking Login...
2026-08-01 09:33:17.328 | SUCCESS  | auth.login:load_saved_token:192 - Saved Token Loaded
2026-08-01 09:33:17.328 | SUCCESS  | auth.login:ensure_login:362 - Using Saved Token
2026-08-01 09:33:17.328 | INFO     | monitor:scan:111 - Scanning Website...
2026-08-01 09:33:17.329 | INFO     | monitor:scan:125 - Loading Page 1
2026-08-01 09:33:17.329 | INFO     | api:get_files:60 - Loading Page 1
2026-08-01 09:33:18.803 | INFO     | api:get_file:84 - Loading File 126d518f-764b-2019-40a6-645aba60ba46
2026-08-01 09:33:19.030 | INFO     | monitor:scan:273 - Reached Old Files
2026-08-01 09:33:19.030 | INFO     | monitor:scan:303 - No New Serial
2026-08-01 09:33:19.030 | INFO     | monitor:scan:325 - Nothing Changed
2026-08-01 09:33:19.030 | SUCCESS  | monitor:scan:331 - Scan Finished
2026-08-01 09:33:19.031 | INFO     | monitor:start:67 - Sleep 60 Seconds
2026-08-01 09:34:19.031 | INFO     | auth.login:ensure_login:354 - Checking Login...
2026-08-01 09:34:19.034 | SUCCESS  | auth.login:load_saved_token:192 - Saved Token Loaded
2026-08-01 09:34:19.035 | SUCCESS  | auth.login:ensure_login:362 - Using Saved Token
2026-08-01 09:34:19.036 | INFO     | monitor:scan:111 - Scanning Website...
2026-08-01 09:34:19.038 | INFO     | monitor:scan:125 - Loading Page 1
2026-08-01 09:34:19.039 | INFO     | api:get_files:60 - Loading Page 1
2026-08-01 09:34:22.368 | INFO     | api:get_file:84 - Loading File 126d518f-764b-2019-40a6-645aba60ba46
2026-08-01 09:34:22.581 | INFO     | monitor:scan:273 - Reached Old Files
2026-08-01 09:34:22.581 | INFO     | monitor:scan:303 - No New Serial
2026-08-01 09:34:22.582 | INFO     | monitor:scan:325 - Nothing Changed
2026-08-01 09:34:22.582 | SUCCESS  | monitor:scan:331 - Scan Finished
2026-08-01 09:34:22.582 | INFO     | monitor:start:67 - Sleep 60 Seconds
2026-08-01 09:35:22.583 | INFO     | auth.login:ensure_login:354 - Checking Login...
2026-08-01 09:35:22.586 | SUCCESS  | auth.login:load_saved_token:192 - Saved Token Loaded
2026-08-01 09:35:22.587 | SUCCESS  | auth.login:ensure_login:362 - Using Saved Token
2026-08-01 09:35:22.588 | INFO     | monitor:scan:111 - Scanning Website...
2026-08-01 09:35:22.591 | INFO     | monitor:scan:125 - Loading Page 1
2026-08-01 09:35:22.592 | INFO     | api:get_files:60 - Loading Page 1
2026-08-01 09:35:24.087 | INFO     | api:get_file:84 - Loading File 126d518f-764b-2019-40a6-645aba60ba46
2026-08-01 09:35:24.313 | INFO     | monitor:scan:273 - Reached Old Files
2026-08-01 09:35:24.314 | INFO     | monitor:scan:303 - No New Serial
2026-08-01 09:35:24.315 | INFO     | monitor:scan:325 - Nothing Changed
2026-08-01 09:35:24.315 | SUCCESS  | monitor:scan:331 - Scan Finished
2026-08-01 09:35:24.315 | INFO     | monitor:start:67 - Sleep 60 Seconds
2026-08-01 09:36:24.316 | INFO     | auth.login:ensure_login:354 - Checking Login...
2026-08-01 09:36:24.317 | SUCCESS  | auth.login:load_saved_token:192 - Saved Token Loaded
2026-08-01 09:36:24.317 | SUCCESS  | auth.login:ensure_login:362 - Using Saved Token
2026-08-01 09:36:24.317 | INFO     | monitor:scan:111 - Scanning Website...
2026-08-01 09:36:24.318 | INFO     | monitor:scan:125 - Loading Page 1
2026-08-01 09:36:24.318 | INFO     | api:get_files:60 - Loading Page 1
2026-08-01 09:36:25.955 | INFO     | api:get_file:84 - Loading File 126d518f-764b-2019-40a6-645aba60ba46
2026-08-01 09:36:26.181 | INFO     | monitor:scan:273 - Reached Old Files
2026-08-01 09:36:26.182 | INFO     | monitor:scan:303 - No New Serial
2026-08-01 09:36:26.184 | INFO     | monitor:scan:325 - Nothing Changed
2026-08-01 09:36:26.185 | SUCCESS  | monitor:scan:331 - Scan Finished
2026-08-01 09:36:26.186 | INFO     | monitor:start:67 - Sleep 60 Seconds
2026-08-01 09:37:26.188 | INFO     | auth.login:ensure_login:354 - Checking Login...
2026-08-01 09:37:26.190 | SUCCESS  | auth.login:load_saved_token:192 - Saved Token Loaded
2026-08-01 09:37:26.192 | SUCCESS  | auth.login:ensure_login:362 - Using Saved Token
2026-08-01 09:37:26.193 | INFO     | monitor:scan:111 - Scanning Website...
2026-08-01 09:37:26.194 | INFO     | monitor:scan:125 - Loading Page 1
2026-08-01 09:37:26.196 | INFO     | api:get_files:60 - Loading Page 1
2026-08-01 09:37:26.613 | WARNING  | auth.login:get:411 - Access Token Expired
2026-08-01 09:37:26.613 | INFO     | auth.login:login:262 - Logging in...
2026-08-01 09:37:27.075 | SUCCESS  | auth.login:save_token:242 - Token Saved
2026-08-01 09:37:27.078 | SUCCESS  | auth.login:login:340 - Login Successful
2026-08-01 09:37:28.504 | INFO     | api:get_file:84 - Loading File 126d518f-764b-2019-40a6-645aba60ba46
2026-08-01 09:37:28.736 | INFO     | monitor:scan:273 - Reached Old Files
2026-08-01 09:37:28.737 | INFO     | monitor:scan:303 - No New Serial
2026-08-01 09:37:28.739 | INFO     | monitor:scan:325 - Nothing Changed
2026-08-01 09:37:28.740 | SUCCESS  | monitor:scan:331 - Scan Finished
2026-08-01 09:37:28.742 | INFO     | monitor:start:67 - Sleep 60 Seconds
2026-08-01 09:38:28.744 | INFO     | auth.login:ensure_login:354 - Checking Login...
2026-08-01 09:38:28.771 | SUCCESS  | auth.login:load_saved_token:192 - Saved Token Loaded
2026-08-01 09:38:28.772 | SUCCESS  | auth.login:ensure_login:362 - Using Saved Token
2026-08-01 09:38:28.773 | INFO     | monitor:scan:111 - Scanning Website...
2026-08-01 09:38:28.774 | INFO     | monitor:scan:125 - Loading Page 1
2026-08-01 09:38:28.774 | INFO     | api:get_files:60 - Loading Page 1
2026-08-01 09:38:30.302 | INFO     | api:get_file:84 - Loading File 126d518f-764b-2019-40a6-645aba60ba46
2026-08-01 09:38:30.531 | INFO     | monitor:scan:273 - Reached Old Files
2026-08-01 09:38:30.533 | INFO     | monitor:scan:303 - No New Serial
2026-08-01 09:38:30.534 | INFO     | monitor:scan:325 - Nothing Changed
2026-08-01 09:38:30.535 | SUCCESS  | monitor:scan:331 - Scan Finished
2026-08-01 09:38:30.537 | INFO     | monitor:start:67 - Sleep 60 Seconds
2026-08-01 09:39:30.538 | INFO     | auth.login:ensure_login:354 - Checking Login...
2026-08-01 09:39:30.540 | SUCCESS  | auth.login:load_saved_token:192 - Saved Token Loaded
2026-08-01 09:39:30.540 | SUCCESS  | auth.login:ensure_login:362 - Using Saved Token
2026-08-01 09:39:30.540 | INFO     | monitor:scan:111 - Scanning Website...
2026-08-01 09:39:30.541 | INFO     | monitor:scan:125 - Loading Page 1
2026-08-01 09:39:30.542 | INFO     | api:get_files:60 - Loading Page 1
2026-08-01 09:39:32.074 | INFO     | api:get_file:84 - Loading File 126d518f-764b-2019-40a6-645aba60ba46
2026-08-01 09:39:32.302 | INFO     | monitor:scan:273 - Reached Old Files
2026-08-01 09:39:32.304 | INFO     | monitor:scan:303 - No New Serial
2026-08-01 09:39:32.306 | INFO     | monitor:scan:325 - Nothing Changed
2026-08-01 09:39:32.307 | SUCCESS  | monitor:scan:331 - Scan Finished
2026-08-01 09:39:32.309 | INFO     | monitor:start:67 - Sleep 60 Seconds
2026-08-01 09:40:32.310 | INFO     | auth.login:ensure_login:354 - Checking Login...
2026-08-01 09:40:32.313 | SUCCESS  | auth.login:load_saved_token:192 - Saved Token Loaded
2026-08-01 09:40:32.314 | SUCCESS  | auth.login:ensure_login:362 - Using Saved Token
2026-08-01 09:40:32.315 | INFO     | monitor:scan:111 - Scanning Website...
2026-08-01 09:40:32.318 | INFO     | monitor:scan:125 - Loading Page 1
2026-08-01 09:40:32.320 | INFO     | api:get_files:60 - Loading Page 1
2026-08-01 09:40:34.182 | INFO     | api:get_file:84 - Loading File 126d518f-764b-2019-40a6-645aba60ba46
2026-08-01 09:40:34.414 | INFO     | monitor:scan:273 - Reached Old Files
2026-08-01 09:40:34.415 | INFO     | monitor:scan:303 - No New Serial
2026-08-01 09:40:34.416 | INFO     | monitor:scan:325 - Nothing Changed
2026-08-01 09:40:34.417 | SUCCESS  | monitor:scan:331 - Scan Finished
2026-08-01 09:40:34.419 | INFO     | monitor:start:67 - Sleep 60 Seconds
2026-08-01 09:41:34.419 | INFO     | auth.login:ensure_login:354 - Checking Login...
2026-08-01 09:41:34.421 | SUCCESS  | auth.login:load_saved_token:192 - Saved Token Loaded
2026-08-01 09:41:34.422 | SUCCESS  | auth.login:ensure_login:362 - Using Saved Token
2026-08-01 09:41:34.423 | INFO     | monitor:scan:111 - Scanning Website...
2026-08-01 09:41:34.425 | INFO     | monitor:scan:125 - Loading Page 1
2026-08-01 09:41:34.426 | INFO     | api:get_files:60 - Loading Page 1
2026-08-01 09:41:37.581 | INFO     | api:get_file:84 - Loading File 126d518f-764b-2019-40a6-645aba60ba46
2026-08-01 09:41:37.821 | INFO     | monitor:scan:273 - Reached Old Files
2026-08-01 09:41:37.822 | INFO     | monitor:scan:303 - No New Serial
2026-08-01 09:41:37.823 | INFO     | monitor:scan:325 - Nothing Changed
2026-08-01 09:41:37.823 | SUCCESS  | monitor:scan:331 - Scan Finished
2026-08-01 09:41:37.824 | INFO     | monitor:start:67 - Sleep 60 Seconds
2026-08-01 09:42:37.824 | INFO     | auth.login:ensure_login:354 - Checking Login...
2026-08-01 09:42:37.827 | SUCCESS  | auth.login:load_saved_token:192 - Saved Token Loaded
2026-08-01 09:42:37.829 | SUCCESS  | auth.login:ensure_login:362 - Using Saved Token
2026-08-01 09:42:37.830 | INFO     | monitor:scan:111 - Scanning Website...
2026-08-01 09:42:37.832 | INFO     | monitor:scan:125 - Loading Page 1
2026-08-01 09:42:37.833 | INFO     | api:get_files:60 - Loading Page 1
2026-08-01 09:42:39.559 | INFO     | api:get_file:84 - Loading File 126d518f-764b-2019-40a6-645aba60ba46
2026-08-01 09:42:39.774 | INFO     | monitor:scan:273 - Reached Old Files
2026-08-01 09:42:39.775 | INFO     | monitor:scan:303 - No New Serial
2026-08-01 09:42:39.775 | INFO     | monitor:scan:325 - Nothing Changed
2026-08-01 09:42:39.775 | SUCCESS  | monitor:scan:331 - Scan Finished
2026-08-01 09:42:39.775 | INFO     | monitor:start:67 - Sleep 60 Seconds
2026-08-01 09:43:39.776 | INFO     | auth.login:ensure_login:354 - Checking Login...
2026-08-01 09:43:39.779 | SUCCESS  | auth.login:load_saved_token:192 - Saved Token Loaded
2026-08-01 09:43:39.780 | SUCCESS  | auth.login:ensure_login:362 - Using Saved Token
2026-08-01 09:43:39.782 | INFO     | monitor:scan:111 - Scanning Website...
2026-08-01 09:43:39.784 | INFO     | monitor:scan:125 - Loading Page 1
2026-08-01 09:43:39.786 | INFO     | api:get_files:60 - Loading Page 1
2026-08-01 09:43:41.310 | INFO     | api:get_file:84 - Loading File 126d518f-764b-2019-40a6-645aba60ba46
2026-08-01 09:43:41.540 | INFO     | monitor:scan:273 - Reached Old Files
2026-08-01 09:43:41.542 | INFO     | monitor:scan:303 - No New Serial
2026-08-01 09:43:41.543 | INFO     | monitor:scan:325 - Nothing Changed
2026-08-01 09:43:41.544 | SUCCESS  | monitor:scan:331 - Scan Finished
2026-08-01 09:43:41.545 | INFO     | monitor:start:67 - Sleep 60 Seconds
2026-08-01 09:44:41.546 | INFO     | auth.login:ensure_login:354 - Checking Login...
2026-08-01 09:44:41.547 | SUCCESS  | auth.login:load_saved_token:192 - Saved Token Loaded
2026-08-01 09:44:41.547 | SUCCESS  | auth.login:ensure_login:362 - Using Saved Token
2026-08-01 09:44:41.547 | INFO     | monitor:scan:111 - Scanning Website...
2026-08-01 09:44:41.548 | INFO     | monitor:scan:125 - Loading Page 1
2026-08-01 09:44:41.548 | INFO     | api:get_files:60 - Loading Page 1
2026-08-01 09:44:43.073 | INFO     | api:get_file:84 - Loading File 126d518f-764b-2019-40a6-645aba60ba46
2026-08-01 09:44:43.307 | INFO     | monitor:scan:273 - Reached Old Files
2026-08-01 09:44:43.308 | INFO     | monitor:scan:303 - No New Serial
2026-08-01 09:44:43.309 | INFO     | monitor:scan:325 - Nothing Changed
2026-08-01 09:44:43.312 | SUCCESS  | monitor:scan:331 - Scan Finished
2026-08-01 09:44:43.313 | INFO     | monitor:start:67 - Sleep 60 Seconds
2026-08-01 09:45:43.314 | INFO     | auth.login:ensure_login:354 - Checking Login...
2026-08-01 09:45:43.316 | SUCCESS  | auth.login:load_saved_token:192 - Saved Token Loaded
2026-08-01 09:45:43.317 | SUCCESS  | auth.login:ensure_login:362 - Using Saved Token
2026-08-01 09:45:43.317 | INFO     | monitor:scan:111 - Scanning Website...
2026-08-01 09:45:43.320 | INFO     | monitor:scan:125 - Loading Page 1
2026-08-01 09:45:43.322 | INFO     | api:get_files:60 - Loading Page 1
2026-08-01 09:45:44.894 | INFO     | api:get_file:84 - Loading File 126d518f-764b-2019-40a6-645aba60ba46
2026-08-01 09:45:45.109 | INFO     | monitor:scan:273 - Reached Old Files
2026-08-01 09:45:45.110 | INFO     | monitor:scan:303 - No New Serial
2026-08-01 09:45:45.110 | INFO     | monitor:scan:325 - Nothing Changed
2026-08-01 09:45:45.110 | SUCCESS  | monitor:scan:331 - Scan Finished
2026-08-01 09:45:45.110 | INFO     | monitor:start:67 - Sleep 60 Seconds
2026-08-01 09:46:45.111 | INFO     | auth.login:ensure_login:354 - Checking Login...
2026-08-01 09:46:45.116 | SUCCESS  | auth.login:load_saved_token:192 - Saved Token Loaded
2026-08-01 09:46:45.118 | SUCCESS  | auth.login:ensure_login:362 - Using Saved Token
2026-08-01 09:46:45.119 | INFO     | monitor:scan:111 - Scanning Website...
2026-08-01 09:46:45.123 | INFO     | monitor:scan:125 - Loading Page 1
2026-08-01 09:46:45.125 | INFO     | api:get_files:60 - Loading Page 1
2026-08-01 09:46:46.913 | INFO     | api:get_file:84 - Loading File 126d518f-764b-2019-40a6-645aba60ba46
2026-08-01 09:46:47.141 | INFO     | monitor:scan:273 - Reached Old Files
2026-08-01 09:46:47.143 | INFO     | monitor:scan:303 - No New Serial
2026-08-01 09:46:47.144 | INFO     | monitor:scan:325 - Nothing Changed
2026-08-01 09:46:47.145 | SUCCESS  | monitor:scan:331 - Scan Finished
2026-08-01 09:46:47.145 | INFO     | monitor:start:67 - Sleep 60 Seconds
2026-08-01 09:47:47.146 | INFO     | auth.login:ensure_login:354 - Checking Login...
2026-08-01 09:47:47.148 | SUCCESS  | auth.login:load_saved_token:192 - Saved Token Loaded
2026-08-01 09:47:47.149 | SUCCESS  | auth.login:ensure_login:362 - Using Saved Token
2026-08-01 09:47:47.150 | INFO     | monitor:scan:111 - Scanning Website...
2026-08-01 09:47:47.152 | INFO     | monitor:scan:125 - Loading Page 1
2026-08-01 09:47:47.153 | INFO     | api:get_files:60 - Loading Page 1
2026-08-01 09:47:47.548 | WARNING  | auth.login:get:411 - Access Token Expired
2026-08-01 09:47:47.549 | INFO     | auth.login:login:262 - Logging in...
2026-08-01 09:47:48.036 | SUCCESS  | auth.login:save_token:242 - Token Saved
2026-08-01 09:47:48.038 | SUCCESS  | auth.login:login:340 - Login Successful
2026-08-01 09:47:49.098 | INFO     | api:get_file:84 - Loading File 126d518f-764b-2019-40a6-645aba60ba46
2026-08-01 09:47:49.309 | INFO     | monitor:scan:273 - Reached Old Files
2026-08-01 09:47:49.311 | INFO     | monitor:scan:303 - No New Serial
2026-08-01 09:47:49.313 | INFO     | monitor:scan:325 - Nothing Changed
2026-08-01 09:47:49.315 | SUCCESS  | monitor:scan:331 - Scan Finished
2026-08-01 09:47:49.317 | INFO     | monitor:start:67 - Sleep 60 Seconds
2026-08-01 09:48:49.319 | INFO     | auth.login:ensure_login:354 - Checking Login...
2026-08-01 09:48:49.361 | SUCCESS  | auth.login:load_saved_token:192 - Saved Token Loaded
2026-08-01 09:48:49.361 | SUCCESS  | auth.login:ensure_login:362 - Using Saved Token
2026-08-01 09:48:49.361 | INFO     | monitor:scan:111 - Scanning Website...
2026-08-01 09:48:49.362 | INFO     | monitor:scan:125 - Loading Page 1
2026-08-01 09:48:49.363 | INFO     | api:get_files:60 - Loading Page 1
2026-08-01 09:48:50.906 | INFO     | api:get_file:84 - Loading File 126d518f-764b-2019-40a6-645aba60ba46
2026-08-01 09:48:51.139 | INFO     | monitor:scan:273 - Reached Old Files
2026-08-01 09:48:51.140 | INFO     | monitor:scan:303 - No New Serial
2026-08-01 09:48:51.141 | INFO     | monitor:scan:325 - Nothing Changed
2026-08-01 09:48:51.141 | SUCCESS  | monitor:scan:331 - Scan Finished
2026-08-01 09:48:51.142 | INFO     | monitor:start:67 - Sleep 60 Seconds
2026-08-01 09:49:51.143 | INFO     | auth.login:ensure_login:354 - Checking Login...
2026-08-01 09:49:51.146 | SUCCESS  | auth.login:load_saved_token:192 - Saved Token Loaded
2026-08-01 09:49:51.147 | SUCCESS  | auth.login:ensure_login:362 - Using Saved Token
2026-08-01 09:49:51.148 | INFO     | monitor:scan:111 - Scanning Website...
2026-08-01 09:49:51.149 | INFO     | monitor:scan:125 - Loading Page 1
2026-08-01 09:49:51.149 | INFO     | api:get_files:60 - Loading Page 1
2026-08-01 09:49:52.918 | INFO     | api:get_file:84 - Loading File 126d518f-764b-2019-40a6-645aba60ba46
2026-08-01 09:49:53.145 | INFO     | monitor:scan:273 - Reached Old Files
2026-08-01 09:49:53.146 | INFO     | monitor:scan:303 - No New Serial
2026-08-01 09:49:53.147 | INFO     | monitor:scan:325 - Nothing Changed
2026-08-01 09:49:53.148 | SUCCESS  | monitor:scan:331 - Scan Finished
2026-08-01 09:49:53.150 | INFO     | monitor:start:67 - Sleep 60 Seconds
2026-08-01 09:50:53.151 | INFO     | auth.login:ensure_login:354 - Checking Login...
2026-08-01 09:50:53.155 | SUCCESS  | auth.login:load_saved_token:192 - Saved Token Loaded
2026-08-01 09:50:53.157 | SUCCESS  | auth.login:ensure_login:362 - Using Saved Token
2026-08-01 09:50:53.158 | INFO     | monitor:scan:111 - Scanning Website...
2026-08-01 09:50:53.160 | INFO     | monitor:scan:125 - Loading Page 1
2026-08-01 09:50:53.161 | INFO     | api:get_files:60 - Loading Page 1
2026-08-01 09:50:56.469 | INFO     | api:get_file:84 - Loading File 126d518f-764b-2019-40a6-645aba60ba46
2026-08-01 09:50:56.696 | INFO     | monitor:scan:273 - Reached Old Files
2026-08-01 09:50:56.696 | INFO     | monitor:scan:303 - No New Serial
2026-08-01 09:50:56.696 | INFO     | monitor:scan:325 - Nothing Changed
2026-08-01 09:50:56.696 | SUCCESS  | monitor:scan:331 - Scan Finished
2026-08-01 09:50:56.697 | INFO     | monitor:start:67 - Sleep 60 Seconds
2026-08-01 09:51:56.698 | INFO     | auth.login:ensure_login:354 - Checking Login...
2026-08-01 09:51:56.699 | SUCCESS  | auth.login:load_saved_token:192 - Saved Token Loaded
2026-08-01 09:51:56.699 | SUCCESS  | auth.login:ensure_login:362 - Using Saved Token
2026-08-01 09:51:56.700 | INFO     | monitor:scan:111 - Scanning Website...
2026-08-01 09:51:56.701 | INFO     | monitor:scan:125 - Loading Page 1
2026-08-01 09:51:56.701 | INFO     | api:get_files:60 - Loading Page 1
2026-08-01 09:51:58.765 | INFO     | api:get_file:84 - Loading File 126d518f-764b-2019-40a6-645aba60ba46
2026-08-01 09:51:58.995 | INFO     | monitor:scan:273 - Reached Old Files
2026-08-01 09:51:58.996 | INFO     | monitor:scan:303 - No New Serial
2026-08-01 09:51:58.996 | INFO     | monitor:scan:325 - Nothing Changed
2026-08-01 09:51:58.996 | SUCCESS  | monitor:scan:331 - Scan Finished
2026-08-01 09:51:58.997 | INFO     | monitor:start:67 - Sleep 60 Seconds
2026-08-01 09:52:58.998 | INFO     | auth.login:ensure_login:354 - Checking Login...
2026-08-01 09:52:59.001 | SUCCESS  | auth.login:load_saved_token:192 - Saved Token Loaded
2026-08-01 09:52:59.002 | SUCCESS  | auth.login:ensure_login:362 - Using Saved Token
2026-08-01 09:52:59.003 | INFO     | monitor:scan:111 - Scanning Website...
2026-08-01 09:52:59.006 | INFO     | monitor:scan:125 - Loading Page 1
2026-08-01 09:52:59.007 | INFO     | api:get_files:60 - Loading Page 1
2026-08-01 09:53:00.582 | INFO     | api:get_file:84 - Loading File 126d518f-764b-2019-40a6-645aba60ba46
2026-08-01 09:53:00.811 | INFO     | monitor:scan:273 - Reached Old Files
2026-08-01 09:53:00.813 | INFO     | monitor:scan:303 - No New Serial
2026-08-01 09:53:00.813 | INFO     | monitor:scan:325 - Nothing Changed
2026-08-01 09:53:00.813 | SUCCESS  | monitor:scan:331 - Scan Finished
2026-08-01 09:53:00.815 | INFO     | monitor:start:67 - Sleep 60 Seconds
2026-08-01 09:54:00.816 | INFO     | auth.login:ensure_login:354 - Checking Login...
2026-08-01 09:54:00.816 | SUCCESS  | auth.login:load_saved_token:192 - Saved Token Loaded
2026-08-01 09:54:00.817 | SUCCESS  | auth.login:ensure_login:362 - Using Saved Token
2026-08-01 09:54:00.817 | INFO     | monitor:scan:111 - Scanning Website...
2026-08-01 09:54:00.819 | INFO     | monitor:scan:125 - Loading Page 1
2026-08-01 09:54:00.819 | INFO     | api:get_files:60 - Loading Page 1
2026-08-01 09:54:02.512 | INFO     | api:get_file:84 - Loading File 126d518f-764b-2019-40a6-645aba60ba46
2026-08-01 09:54:02.731 | INFO     | monitor:scan:273 - Reached Old Files
2026-08-01 09:54:02.731 | INFO     | monitor:scan:303 - No New Serial
2026-08-01 09:54:02.731 | INFO     | monitor:scan:325 - Nothing Changed
2026-08-01 09:54:02.731 | SUCCESS  | monitor:scan:331 - Scan Finished
2026-08-01 09:54:02.733 | INFO     | monitor:start:67 - Sleep 60 Seconds
2026-08-01 09:55:02.735 | INFO     | auth.login:ensure_login:354 - Checking Login...
2026-08-01 09:55:02.739 | SUCCESS  | auth.login:load_saved_token:192 - Saved Token Loaded
2026-08-01 09:55:02.741 | SUCCESS  | auth.login:ensure_login:362 - Using Saved Token
2026-08-01 09:55:02.741 | INFO     | monitor:scan:111 - Scanning Website...
2026-08-01 09:55:02.744 | INFO     | monitor:scan:125 - Loading Page 1
2026-08-01 09:55:02.744 | INFO     | api:get_files:60 - Loading Page 1
2026-08-01 09:55:04.332 | INFO     | api:get_file:84 - Loading File 126d518f-764b-2019-40a6-645aba60ba46
2026-08-01 09:55:04.552 | INFO     | monitor:scan:273 - Reached Old Files
2026-08-01 09:55:04.553 | INFO     | monitor:scan:303 - No New Serial
2026-08-01 09:55:04.554 | INFO     | monitor:scan:325 - Nothing Changed
2026-08-01 09:55:04.554 | SUCCESS  | monitor:scan:331 - Scan Finished
2026-08-01 09:55:04.555 | INFO     | monitor:start:67 - Sleep 60 Seconds
2026-08-01 09:56:04.557 | INFO     | auth.login:ensure_login:354 - Checking Login...
2026-08-01 09:56:04.562 | SUCCESS  | auth.login:load_saved_token:192 - Saved Token Loaded
2026-08-01 09:56:04.564 | SUCCESS  | auth.login:ensure_login:362 - Using Saved Token
2026-08-01 09:56:04.565 | INFO     | monitor:scan:111 - Scanning Website...
2026-08-01 09:56:04.568 | INFO     | monitor:scan:125 - Loading Page 1
2026-08-01 09:56:04.569 | INFO     | api:get_files:60 - Loading Page 1
2026-08-01 09:56:06.298 | INFO     | api:get_file:84 - Loading File 126d518f-764b-2019-40a6-645aba60ba46
2026-08-01 09:56:06.517 | INFO     | monitor:scan:273 - Reached Old Files
2026-08-01 09:56:06.519 | INFO     | monitor:scan:303 - No New Serial
2026-08-01 09:56:06.520 | INFO     | monitor:scan:325 - Nothing Changed
2026-08-01 09:56:06.522 | SUCCESS  | monitor:scan:331 - Scan Finished
2026-08-01 09:56:06.523 | INFO     | monitor:start:67 - Sleep 60 Seconds
2026-08-01 09:57:06.524 | INFO     | auth.login:ensure_login:354 - Checking Login...
2026-08-01 09:57:06.527 | SUCCESS  | auth.login:load_saved_token:192 - Saved Token Loaded
2026-08-01 09:57:06.528 | SUCCESS  | auth.login:ensure_login:362 - Using Saved Token
2026-08-01 09:57:06.529 | INFO     | monitor:scan:111 - Scanning Website...
2026-08-01 09:57:06.531 | INFO     | monitor:scan:125 - Loading Page 1
2026-08-01 09:57:06.532 | INFO     | api:get_files:60 - Loading Page 1
2026-08-01 09:57:08.064 | INFO     | api:get_file:84 - Loading File 126d518f-764b-2019-40a6-645aba60ba46
2026-08-01 09:57:08.292 | INFO     | monitor:scan:273 - Reached Old Files
2026-08-01 09:57:08.293 | INFO     | monitor:scan:303 - No New Serial
2026-08-01 09:57:08.294 | INFO     | monitor:scan:325 - Nothing Changed
2026-08-01 09:57:08.295 | SUCCESS  | monitor:scan:331 - Scan Finished
2026-08-01 09:57:08.295 | INFO     | monitor:start:67 - Sleep 60 Seconds
2026-08-01 09:58:08.296 | INFO     | auth.login:ensure_login:354 - Checking Login...
2026-08-01 09:58:08.302 | SUCCESS  | auth.login:load_saved_token:192 - Saved Token Loaded
2026-08-01 09:58:08.303 | SUCCESS  | auth.login:ensure_login:362 - Using Saved Token
2026-08-01 09:58:08.303 | INFO     | monitor:scan:111 - Scanning Website...
2026-08-01 09:58:08.306 | INFO     | monitor:scan:125 - Loading Page 1
2026-08-01 09:58:08.307 | INFO     | api:get_files:60 - Loading Page 1
2026-08-01 09:58:08.729 | WARNING  | auth.login:get:411 - Access Token Expired
2026-08-01 09:58:08.730 | INFO     | auth.login:login:262 - Logging in...
2026-08-01 09:58:09.192 | SUCCESS  | auth.login:save_token:242 - Token Saved
2026-08-01 09:58:09.192 | SUCCESS  | auth.login:login:340 - Login Successful
2026-08-01 09:58:10.386 | INFO     | api:get_file:84 - Loading File 126d518f-764b-2019-40a6-645aba60ba46
2026-08-01 09:58:10.611 | INFO     | monitor:scan:273 - Reached Old Files
2026-08-01 09:58:10.612 | INFO     | monitor:scan:303 - No New Serial
2026-08-01 09:58:10.613 | INFO     | monitor:scan:325 - Nothing Changed
2026-08-01 09:58:10.614 | SUCCESS  | monitor:scan:331 - Scan Finished
2026-08-01 09:58:10.615 | INFO     | monitor:start:67 - Sleep 60 Seconds
2026-08-01 09:59:10.617 | INFO     | auth.login:ensure_login:354 - Checking Login...
2026-08-01 09:59:10.637 | SUCCESS  | auth.login:load_saved_token:192 - Saved Token Loaded
2026-08-01 09:59:10.638 | SUCCESS  | auth.login:ensure_login:362 - Using Saved Token
2026-08-01 09:59:10.639 | INFO     | monitor:scan:111 - Scanning Website...
2026-08-01 09:59:10.640 | INFO     | monitor:scan:125 - Loading Page 1
2026-08-01 09:59:10.640 | INFO     | api:get_files:60 - Loading Page 1
2026-08-01 09:59:12.338 | INFO     | api:get_file:84 - Loading File 126d518f-764b-2019-40a6-645aba60ba46
2026-08-01 09:59:12.566 | INFO     | monitor:scan:273 - Reached Old Files
2026-08-01 09:59:12.567 | INFO     | monitor:scan:303 - No New Serial
2026-08-01 09:59:12.567 | INFO     | monitor:scan:325 - Nothing Changed
2026-08-01 09:59:12.568 | SUCCESS  | monitor:scan:331 - Scan Finished
2026-08-01 09:59:12.569 | INFO     | monitor:start:67 - Sleep 60 Seconds
2026-08-01 10:00:12.571 | INFO     | auth.login:ensure_login:354 - Checking Login...
2026-08-01 10:00:12.575 | SUCCESS  | auth.login:load_saved_token:192 - Saved Token Loaded
2026-08-01 10:00:12.575 | SUCCESS  | auth.login:ensure_login:362 - Using Saved Token
2026-08-01 10:00:12.576 | INFO     | monitor:scan:111 - Scanning Website...
2026-08-01 10:00:12.578 | INFO     | monitor:scan:125 - Loading Page 1
2026-08-01 10:00:12.579 | INFO     | api:get_files:60 - Loading Page 1
2026-08-01 10:00:14.581 | INFO     | api:get_file:84 - Loading File 126d518f-764b-2019-40a6-645aba60ba46
2026-08-01 10:00:14.809 | INFO     | monitor:scan:273 - Reached Old Files
2026-08-01 10:00:14.810 | INFO     | monitor:scan:303 - No New Serial
2026-08-01 10:00:14.810 | INFO     | monitor:scan:325 - Nothing Changed
2026-08-01 10:00:14.811 | SUCCESS  | monitor:scan:331 - Scan Finished
2026-08-01 10:00:14.811 | INFO     | monitor:start:67 - Sleep 60 Seconds
2026-08-01 10:01:14.813 | INFO     | auth.login:ensure_login:354 - Checking Login...
2026-08-01 10:01:14.817 | SUCCESS  | auth.login:load_saved_token:192 - Saved Token Loaded
2026-08-01 10:01:14.819 | SUCCESS  | auth.login:ensure_login:362 - Using Saved Token
2026-08-01 10:01:14.819 | INFO     | monitor:scan:111 - Scanning Website...
2026-08-01 10:01:14.823 | INFO     | monitor:scan:125 - Loading Page 1
2026-08-01 10:01:14.824 | INFO     | api:get_files:60 - Loading Page 1
2026-08-01 10:01:16.337 | INFO     | api:get_file:84 - Loading File 126d518f-764b-2019-40a6-645aba60ba46
2026-08-01 10:01:16.568 | INFO     | monitor:scan:273 - Reached Old Files
2026-08-01 10:01:16.568 | INFO     | monitor:scan:303 - No New Serial
2026-08-01 10:01:16.569 | INFO     | monitor:scan:325 - Nothing Changed
2026-08-01 10:01:16.569 | SUCCESS  | monitor:scan:331 - Scan Finished
2026-08-01 10:01:16.570 | INFO     | monitor:start:67 - Sleep 60 Seconds
2026-08-01 10:02:16.571 | INFO     | auth.login:ensure_login:354 - Checking Login...
2026-08-01 10:02:16.572 | SUCCESS  | auth.login:load_saved_token:192 - Saved Token Loaded
2026-08-01 10:02:16.573 | SUCCESS  | auth.login:ensure_login:362 - Using Saved Token
2026-08-01 10:02:16.573 | INFO     | monitor:scan:111 - Scanning Website...
2026-08-01 10:02:16.574 | INFO     | monitor:scan:125 - Loading Page 1
2026-08-01 10:02:16.575 | INFO     | api:get_files:60 - Loading Page 1
2026-08-01 10:02:18.206 | INFO     | api:get_file:84 - Loading File 126d518f-764b-2019-40a6-645aba60ba46
2026-08-01 10:02:18.436 | INFO     | monitor:scan:273 - Reached Old Files
2026-08-01 10:02:18.437 | INFO     | monitor:scan:303 - No New Serial
2026-08-01 10:02:18.437 | INFO     | monitor:scan:325 - Nothing Changed
2026-08-01 10:02:18.437 | SUCCESS  | monitor:scan:331 - Scan Finished
2026-08-01 10:02:18.438 | INFO     | monitor:start:67 - Sleep 60 Seconds
2026-08-01 10:03:18.439 | INFO     | auth.login:ensure_login:354 - Checking Login...
2026-08-01 10:03:18.444 | SUCCESS  | auth.login:load_saved_token:192 - Saved Token Loaded
2026-08-01 10:03:18.445 | SUCCESS  | auth.login:ensure_login:362 - Using Saved Token
2026-08-01 10:03:18.446 | INFO     | monitor:scan:111 - Scanning Website...
2026-08-01 10:03:18.449 | INFO     | monitor:scan:125 - Loading Page 1
2026-08-01 10:03:18.449 | INFO     | api:get_files:60 - Loading Page 1
2026-08-01 10:03:19.969 | INFO     | api:get_file:84 - Loading File 126d518f-764b-2019-40a6-645aba60ba46
2026-08-01 10:03:20.198 | INFO     | monitor:scan:273 - Reached Old Files
2026-08-01 10:03:20.199 | INFO     | monitor:scan:303 - No New Serial
2026-08-01 10:03:20.200 | INFO     | monitor:scan:325 - Nothing Changed
2026-08-01 10:03:20.200 | SUCCESS  | monitor:scan:331 - Scan Finished
2026-08-01 10:03:20.201 | INFO     | monitor:start:67 - Sleep 60 Seconds
2026-08-01 10:04:20.202 | INFO     | auth.login:ensure_login:354 - Checking Login...
2026-08-01 10:04:20.204 | SUCCESS  | auth.login:load_saved_token:192 - Saved Token Loaded
2026-08-01 10:04:20.205 | SUCCESS  | auth.login:ensure_login:362 - Using Saved Token
2026-08-01 10:04:20.205 | INFO     | monitor:scan:111 - Scanning Website...
2026-08-01 10:04:20.206 | INFO     | monitor:scan:125 - Loading Page 1
2026-08-01 10:04:20.207 | INFO     | api:get_files:60 - Loading Page 1
2026-08-01 10:04:23.328 | INFO     | api:get_file:84 - Loading File 126d518f-764b-2019-40a6-645aba60ba46
2026-08-01 10:04:23.555 | INFO     | monitor:scan:273 - Reached Old Files
2026-08-01 10:04:23.555 | INFO     | monitor:scan:303 - No New Serial
2026-08-01 10:04:23.555 | INFO     | monitor:scan:325 - Nothing Changed
2026-08-01 10:04:23.556 | SUCCESS  | monitor:scan:331 - Scan Finished
2026-08-01 10:04:23.556 | INFO     | monitor:start:67 - Sleep 60 Seconds
2026-08-01 10:05:23.557 | INFO     | auth.login:ensure_login:354 - Checking Login...
2026-08-01 10:05:23.561 | SUCCESS  | auth.login:load_saved_token:192 - Saved Token Loaded
2026-08-01 10:05:23.562 | SUCCESS  | auth.login:ensure_login:362 - Using Saved Token
2026-08-01 10:05:23.563 | INFO     | monitor:scan:111 - Scanning Website...
2026-08-01 10:05:23.566 | INFO     | monitor:scan:125 - Loading Page 1
2026-08-01 10:05:23.566 | INFO     | api:get_files:60 - Loading Page 1
2026-08-01 10:05:25.245 | INFO     | api:get_file:84 - Loading File 126d518f-764b-2019-40a6-645aba60ba46
2026-08-01 10:05:25.468 | INFO     | monitor:scan:273 - Reached Old Files
2026-08-01 10:05:25.469 | INFO     | monitor:scan:303 - No New Serial
2026-08-01 10:05:25.469 | INFO     | monitor:scan:325 - Nothing Changed
2026-08-01 10:05:25.469 | SUCCESS  | monitor:scan:331 - Scan Finished
2026-08-01 10:05:25.470 | INFO     | monitor:start:67 - Sleep 60 Seconds
2026-08-01 10:06:25.470 | INFO     | auth.login:ensure_login:354 - Checking Login...
2026-08-01 10:06:25.474 | SUCCESS  | auth.login:load_saved_token:192 - Saved Token Loaded
2026-08-01 10:06:25.475 | SUCCESS  | auth.login:ensure_login:362 - Using Saved Token
2026-08-01 10:06:25.476 | INFO     | monitor:scan:111 - Scanning Website...
2026-08-01 10:06:25.479 | INFO     | monitor:scan:125 - Loading Page 1
2026-08-01 10:06:25.480 | INFO     | api:get_files:60 - Loading Page 1
2026-08-01 10:06:28.838 | INFO     | api:get_file:84 - Loading File 126d518f-764b-2019-40a6-645aba60ba46
2026-08-01 10:06:29.067 | INFO     | monitor:scan:273 - Reached Old Files
2026-08-01 10:06:29.067 | INFO     | monitor:scan:303 - No New Serial
2026-08-01 10:06:29.068 | INFO     | monitor:scan:325 - Nothing Changed
2026-08-01 10:06:29.068 | SUCCESS  | monitor:scan:331 - Scan Finished
2026-08-01 10:06:29.069 | INFO     | monitor:start:67 - Sleep 60 Seconds
2026-08-01 10:07:29.070 | INFO     | auth.login:ensure_login:354 - Checking Login...
2026-08-01 10:07:29.073 | SUCCESS  | auth.login:load_saved_token:192 - Saved Token Loaded
2026-08-01 10:07:29.074 | SUCCESS  | auth.login:ensure_login:362 - Using Saved Token
2026-08-01 10:07:29.075 | INFO     | monitor:scan:111 - Scanning Website...
2026-08-01 10:07:29.076 | INFO     | monitor:scan:125 - Loading Page 1
2026-08-01 10:07:29.077 | INFO     | api:get_files:60 - Loading Page 1
2026-08-01 10:07:30.582 | INFO     | api:get_file:84 - Loading File 126d518f-764b-2019-40a6-645aba60ba46
2026-08-01 10:07:30.812 | INFO     | monitor:scan:273 - Reached Old Files
2026-08-01 10:07:30.813 | INFO     | monitor:scan:303 - No New Serial
2026-08-01 10:07:30.813 | INFO     | monitor:scan:325 - Nothing Changed
2026-08-01 10:07:30.813 | SUCCESS  | monitor:scan:331 - Scan Finished
2026-08-01 10:07:30.814 | INFO     | monitor:start:67 - Sleep 60 Seconds
2026-08-01 10:08:30.814 | INFO     | auth.login:ensure_login:354 - Checking Login...
2026-08-01 10:08:30.815 | SUCCESS  | auth.login:load_saved_token:192 - Saved Token Loaded
2026-08-01 10:08:30.815 | SUCCESS  | auth.login:ensure_login:362 - Using Saved Token
2026-08-01 10:08:30.815 | INFO     | monitor:scan:111 - Scanning Website...
2026-08-01 10:08:30.816 | INFO     | monitor:scan:125 - Loading Page 1
2026-08-01 10:08:30.816 | INFO     | api:get_files:60 - Loading Page 1
2026-08-01 10:08:31.229 | WARNING  | auth.login:get:411 - Access Token Expired
2026-08-01 10:08:31.230 | INFO     | auth.login:login:262 - Logging in...
2026-08-01 10:08:31.746 | SUCCESS  | auth.login:save_token:242 - Token Saved
2026-08-01 10:08:31.747 | SUCCESS  | auth.login:login:340 - Login Successful
2026-08-01 10:08:34.783 | INFO     | api:get_file:84 - Loading File 126d518f-764b-2019-40a6-645aba60ba46
2026-08-01 10:08:35.003 | INFO     | monitor:scan:273 - Reached Old Files
2026-08-01 10:08:35.004 | INFO     | monitor:scan:303 - No New Serial
2026-08-01 10:08:35.004 | INFO     | monitor:scan:325 - Nothing Changed
2026-08-01 10:08:35.004 | SUCCESS  | monitor:scan:331 - Scan Finished
2026-08-01 10:08:35.005 | INFO     | monitor:start:67 - Sleep 60 Seconds
2026-08-01 10:09:35.006 | INFO     | auth.login:ensure_login:354 - Checking Login...
2026-08-01 10:09:35.028 | SUCCESS  | auth.login:load_saved_token:192 - Saved Token Loaded
2026-08-01 10:09:35.028 | SUCCESS  | auth.login:ensure_login:362 - Using Saved Token
2026-08-01 10:09:35.028 | INFO     | monitor:scan:111 - Scanning Website...
2026-08-01 10:09:35.029 | INFO     | monitor:scan:125 - Loading Page 1
2026-08-01 10:09:35.029 | INFO     | api:get_files:60 - Loading Page 1
2026-08-01 10:09:38.367 | INFO     | api:get_file:84 - Loading File 126d518f-764b-2019-40a6-645aba60ba46
2026-08-01 10:09:38.598 | INFO     | monitor:scan:273 - Reached Old Files
2026-08-01 10:09:38.599 | INFO     | monitor:scan:303 - No New Serial
2026-08-01 10:09:38.600 | INFO     | monitor:scan:325 - Nothing Changed
2026-08-01 10:09:38.600 | SUCCESS  | monitor:scan:331 - Scan Finished
2026-08-01 10:09:38.601 | INFO     | monitor:start:67 - Sleep 60 Seconds
2026-08-01 10:10:38.602 | INFO     | auth.login:ensure_login:354 - Checking Login...
2026-08-01 10:10:38.606 | SUCCESS  | auth.login:load_saved_token:192 - Saved Token Loaded
2026-08-01 10:10:38.608 | SUCCESS  | auth.login:ensure_login:362 - Using Saved Token
2026-08-01 10:10:38.610 | INFO     | monitor:scan:111 - Scanning Website...
2026-08-01 10:10:38.612 | INFO     | monitor:scan:125 - Loading Page 1
2026-08-01 10:10:38.613 | INFO     | api:get_files:60 - Loading Page 1
2026-08-01 10:10:40.082 | INFO     | api:get_file:84 - Loading File 126d518f-764b-2019-40a6-645aba60ba46
2026-08-01 10:10:40.309 | INFO     | monitor:scan:273 - Reached Old Files
2026-08-01 10:10:40.310 | INFO     | monitor:scan:303 - No New Serial
2026-08-01 10:10:40.310 | INFO     | monitor:scan:325 - Nothing Changed
2026-08-01 10:10:40.311 | SUCCESS  | monitor:scan:331 - Scan Finished
2026-08-01 10:10:40.311 | INFO     | monitor:start:67 - Sleep 60 Seconds
2026-08-01 10:11:40.313 | INFO     | auth.login:ensure_login:354 - Checking Login...
2026-08-01 10:11:40.317 | SUCCESS  | auth.login:load_saved_token:192 - Saved Token Loaded
2026-08-01 10:11:40.319 | SUCCESS  | auth.login:ensure_login:362 - Using Saved Token
2026-08-01 10:11:40.321 | INFO     | monitor:scan:111 - Scanning Website...
2026-08-01 10:11:40.324 | INFO     | monitor:scan:125 - Loading Page 1
2026-08-01 10:11:40.325 | INFO     | api:get_files:60 - Loading Page 1
2026-08-01 10:11:41.787 | INFO     | api:get_file:84 - Loading File 126d518f-764b-2019-40a6-645aba60ba46
2026-08-01 10:11:42.006 | INFO     | monitor:scan:273 - Reached Old Files
2026-08-01 10:11:42.007 | INFO     | monitor:scan:303 - No New Serial
2026-08-01 10:11:42.008 | INFO     | monitor:scan:325 - Nothing Changed
2026-08-01 10:11:42.010 | SUCCESS  | monitor:scan:331 - Scan Finished
2026-08-01 10:11:42.011 | INFO     | monitor:start:67 - Sleep 60 Seconds
2026-08-01 10:12:42.011 | INFO     | auth.login:ensure_login:354 - Checking Login...
2026-08-01 10:12:42.014 | SUCCESS  | auth.login:load_saved_token:192 - Saved Token Loaded
2026-08-01 10:12:42.015 | SUCCESS  | auth.login:ensure_login:362 - Using Saved Token
2026-08-01 10:12:42.016 | INFO     | monitor:scan:111 - Scanning Website...
2026-08-01 10:12:42.018 | INFO     | monitor:scan:125 - Loading Page 1
2026-08-01 10:12:42.018 | INFO     | api:get_files:60 - Loading Page 1
2026-08-01 10:12:45.177 | INFO     | api:get_file:84 - Loading File 126d518f-764b-2019-40a6-645aba60ba46
2026-08-01 10:12:45.580 | INFO     | monitor:scan:273 - Reached Old Files
2026-08-01 10:12:45.581 | INFO     | monitor:scan:303 - No New Serial
2026-08-01 10:12:45.581 | INFO     | monitor:scan:325 - Nothing Changed
2026-08-01 10:12:45.582 | SUCCESS  | monitor:scan:331 - Scan Finished
2026-08-01 10:12:45.582 | INFO     | monitor:start:67 - Sleep 60 Seconds
2026-08-01 10:13:45.583 | INFO     | auth.login:ensure_login:354 - Checking Login...
2026-08-01 10:13:45.585 | SUCCESS  | auth.login:load_saved_token:192 - Saved Token Loaded
2026-08-01 10:13:45.586 | SUCCESS  | auth.login:ensure_login:362 - Using Saved Token
2026-08-01 10:13:45.587 | INFO     | monitor:scan:111 - Scanning Website...
2026-08-01 10:13:45.588 | INFO     | monitor:scan:125 - Loading Page 1
2026-08-01 10:13:45.589 | INFO     | api:get_files:60 - Loading Page 1
2026-08-01 10:13:47.166 | INFO     | api:get_file:84 - Loading File 126d518f-764b-2019-40a6-645aba60ba46
2026-08-01 10:13:47.398 | INFO     | monitor:scan:273 - Reached Old Files
2026-08-01 10:13:47.399 | INFO     | monitor:scan:303 - No New Serial
2026-08-01 10:13:47.400 | INFO     | monitor:scan:325 - Nothing Changed
2026-08-01 10:13:47.400 | SUCCESS  | monitor:scan:331 - Scan Finished
2026-08-01 10:13:47.401 | INFO     | monitor:start:67 - Sleep 60 Seconds
2026-08-01 10:14:47.402 | INFO     | auth.login:ensure_login:354 - Checking Login...
2026-08-01 10:14:47.408 | SUCCESS  | auth.login:load_saved_token:192 - Saved Token Loaded
2026-08-01 10:14:47.409 | SUCCESS  | auth.login:ensure_login:362 - Using Saved Token
2026-08-01 10:14:47.410 | INFO     | monitor:scan:111 - Scanning Website...
2026-08-01 10:14:47.412 | INFO     | monitor:scan:125 - Loading Page 1
2026-08-01 10:14:47.412 | INFO     | api:get_files:60 - Loading Page 1
2026-08-01 10:14:48.881 | INFO     | api:get_file:84 - Loading File 126d518f-764b-2019-40a6-645aba60ba46
2026-08-01 10:14:49.098 | INFO     | monitor:scan:273 - Reached Old Files
2026-08-01 10:14:49.099 | INFO     | monitor:scan:303 - No New Serial
2026-08-01 10:14:49.099 | INFO     | monitor:scan:325 - Nothing Changed
2026-08-01 10:14:49.099 | SUCCESS  | monitor:scan:331 - Scan Finished
2026-08-01 10:14:49.099 | INFO     | monitor:start:67 - Sleep 60 Seconds
2026-08-01 10:15:49.100 | INFO     | auth.login:ensure_login:354 - Checking Login...
2026-08-01 10:15:49.100 | SUCCESS  | auth.login:load_saved_token:192 - Saved Token Loaded
2026-08-01 10:15:49.101 | SUCCESS  | auth.login:ensure_login:362 - Using Saved Token
2026-08-01 10:15:49.101 | INFO     | monitor:scan:111 - Scanning Website...
2026-08-01 10:15:49.102 | INFO     | monitor:scan:125 - Loading Page 1
2026-08-01 10:15:49.102 | INFO     | api:get_files:60 - Loading Page 1
2026-08-01 10:15:50.581 | INFO     | api:get_file:84 - Loading File 126d518f-764b-2019-40a6-645aba60ba46
2026-08-01 10:15:51.024 | INFO     | monitor:scan:273 - Reached Old Files
2026-08-01 10:15:51.024 | INFO     | monitor:scan:303 - No New Serial
2026-08-01 10:15:51.024 | INFO     | monitor:scan:325 - Nothing Changed
2026-08-01 10:15:51.024 | SUCCESS  | monitor:scan:331 - Scan Finished
2026-08-01 10:15:51.024 | INFO     | monitor:start:67 - Sleep 60 Seconds
2026-08-01 10:16:51.025 | INFO     | auth.login:ensure_login:354 - Checking Login...
2026-08-01 10:16:51.028 | SUCCESS  | auth.login:load_saved_token:192 - Saved Token Loaded
2026-08-01 10:16:51.029 | SUCCESS  | auth.login:ensure_login:362 - Using Saved Token
2026-08-01 10:16:51.030 | INFO     | monitor:scan:111 - Scanning Website...
2026-08-01 10:16:51.031 | INFO     | monitor:scan:125 - Loading Page 1
2026-08-01 10:16:51.032 | INFO     | api:get_files:60 - Loading Page 1
2026-08-01 10:16:52.540 | INFO     | api:get_file:84 - Loading File 126d518f-764b-2019-40a6-645aba60ba46
2026-08-01 10:16:52.762 | INFO     | monitor:scan:273 - Reached Old Files
2026-08-01 10:16:52.762 | INFO     | monitor:scan:303 - No New Serial
2026-08-01 10:16:52.763 | INFO     | monitor:scan:325 - Nothing Changed
2026-08-01 10:16:52.763 | SUCCESS  | monitor:scan:331 - Scan Finished
2026-08-01 10:16:52.764 | INFO     | monitor:start:67 - Sleep 60 Seconds
2026-08-01 10:17:52.765 | INFO     | auth.login:ensure_login:354 - Checking Login...
2026-08-01 10:17:52.766 | SUCCESS  | auth.login:load_saved_token:192 - Saved Token Loaded
2026-08-01 10:17:52.766 | SUCCESS  | auth.login:ensure_login:362 - Using Saved Token
2026-08-01 10:17:52.766 | INFO     | monitor:scan:111 - Scanning Website...
2026-08-01 10:17:52.767 | INFO     | monitor:scan:125 - Loading Page 1
2026-08-01 10:17:52.767 | INFO     | api:get_files:60 - Loading Page 1
2026-08-01 10:17:55.904 | INFO     | api:get_file:84 - Loading File 126d518f-764b-2019-40a6-645aba60ba46
2026-08-01 10:17:56.132 | INFO     | monitor:scan:273 - Reached Old Files
2026-08-01 10:17:56.133 | INFO     | monitor:scan:303 - No New Serial
2026-08-01 10:17:56.134 | INFO     | monitor:scan:325 - Nothing Changed
2026-08-01 10:17:56.136 | SUCCESS  | monitor:scan:331 - Scan Finished
2026-08-01 10:17:56.137 | INFO     | monitor:start:67 - Sleep 60 Seconds
2026-08-01 10:18:56.138 | INFO     | auth.login:ensure_login:354 - Checking Login...
2026-08-01 10:18:56.140 | SUCCESS  | auth.login:load_saved_token:192 - Saved Token Loaded
2026-08-01 10:18:56.141 | SUCCESS  | auth.login:ensure_login:362 - Using Saved Token
2026-08-01 10:18:56.141 | INFO     | monitor:scan:111 - Scanning Website...
2026-08-01 10:18:56.143 | INFO     | monitor:scan:125 - Loading Page 1
2026-08-01 10:18:56.143 | INFO     | api:get_files:60 - Loading Page 1
2026-08-01 10:18:56.594 | WARNING  | auth.login:get:411 - Access Token Expired
2026-08-01 10:18:56.595 | INFO     | auth.login:login:262 - Logging in...
2026-08-01 10:18:57.056 | SUCCESS  | auth.login:save_token:242 - Token Saved
2026-08-01 10:18:57.057 | SUCCESS  | auth.login:login:340 - Login Successful
2026-08-01 10:18:59.635 | INFO     | api:get_file:84 - Loading File 126d518f-764b-2019-40a6-645aba60ba46
2026-08-01 10:18:59.863 | INFO     | monitor:scan:273 - Reached Old Files
2026-08-01 10:18:59.863 | INFO     | monitor:scan:303 - No New Serial
2026-08-01 10:18:59.864 | INFO     | monitor:scan:325 - Nothing Changed
2026-08-01 10:18:59.864 | SUCCESS  | monitor:scan:331 - Scan Finished
2026-08-01 10:18:59.864 | INFO     | monitor:start:67 - Sleep 60 Seconds
2026-08-01 10:19:59.865 | INFO     | auth.login:ensure_login:354 - Checking Login...
2026-08-01 10:19:59.890 | SUCCESS  | auth.login:load_saved_token:192 - Saved Token Loaded
2026-08-01 10:19:59.890 | SUCCESS  | auth.login:ensure_login:362 - Using Saved Token
2026-08-01 10:19:59.891 | INFO     | monitor:scan:111 - Scanning Website...
2026-08-01 10:19:59.891 | INFO     | monitor:scan:125 - Loading Page 1
2026-08-01 10:19:59.891 | INFO     | api:get_files:60 - Loading Page 1
2026-08-01 10:20:01.587 | INFO     | api:get_file:84 - Loading File 126d518f-764b-2019-40a6-645aba60ba46
2026-08-01 10:20:01.809 | INFO     | monitor:scan:273 - Reached Old Files
2026-08-01 10:20:01.810 | INFO     | monitor:scan:303 - No New Serial
2026-08-01 10:20:01.810 | INFO     | monitor:scan:325 - Nothing Changed
2026-08-01 10:20:01.811 | SUCCESS  | monitor:scan:331 - Scan Finished
2026-08-01 10:20:01.812 | INFO     | monitor:start:67 - Sleep 60 Seconds
2026-08-01 10:21:01.813 | INFO     | auth.login:ensure_login:354 - Checking Login...
2026-08-01 10:21:01.815 | SUCCESS  | auth.login:load_saved_token:192 - Saved Token Loaded
2026-08-01 10:21:01.816 | SUCCESS  | auth.login:ensure_login:362 - Using Saved Token
2026-08-01 10:21:01.816 | INFO     | monitor:scan:111 - Scanning Website...
2026-08-01 10:21:01.817 | INFO     | monitor:scan:125 - Loading Page 1
2026-08-01 10:21:01.819 | INFO     | api:get_files:60 - Loading Page 1
2026-08-01 10:21:03.599 | INFO     | api:get_file:84 - Loading File 126d518f-764b-2019-40a6-645aba60ba46
2026-08-01 10:21:03.825 | INFO     | monitor:scan:273 - Reached Old Files
2026-08-01 10:21:03.825 | INFO     | monitor:scan:303 - No New Serial
2026-08-01 10:21:03.825 | INFO     | monitor:scan:325 - Nothing Changed
2026-08-01 10:21:03.825 | SUCCESS  | monitor:scan:331 - Scan Finished
2026-08-01 10:21:03.826 | INFO     | monitor:start:67 - Sleep 60 Seconds
2026-08-01 10:22:03.826 | INFO     | auth.login:ensure_login:354 - Checking Login...
2026-08-01 10:22:03.829 | SUCCESS  | auth.login:load_saved_token:192 - Saved Token Loaded
2026-08-01 10:22:03.829 | SUCCESS  | auth.login:ensure_login:362 - Using Saved Token
2026-08-01 10:22:03.830 | INFO     | monitor:scan:111 - Scanning Website...
2026-08-01 10:22:03.831 | INFO     | monitor:scan:125 - Loading Page 1
2026-08-01 10:22:03.832 | INFO     | api:get_files:60 - Loading Page 1
2026-08-01 10:22:07.339 | INFO     | api:get_file:84 - Loading File 126d518f-764b-2019-40a6-645aba60ba46
2026-08-01 10:22:07.739 | INFO     | monitor:scan:273 - Reached Old Files
2026-08-01 10:22:07.740 | INFO     | monitor:scan:303 - No New Serial
2026-08-01 10:22:07.740 | INFO     | monitor:scan:325 - Nothing Changed
2026-08-01 10:22:07.741 | SUCCESS  | monitor:scan:331 - Scan Finished
2026-08-01 10:22:07.741 | INFO     | monitor:start:67 - Sleep 60 Seconds
2026-08-01 10:23:07.742 | INFO     | auth.login:ensure_login:354 - Checking Login...
2026-08-01 10:23:07.746 | SUCCESS  | auth.login:load_saved_token:192 - Saved Token Loaded
2026-08-01 10:23:07.747 | SUCCESS  | auth.login:ensure_login:362 - Using Saved Token
2026-08-01 10:23:07.748 | INFO     | monitor:scan:111 - Scanning Website...
2026-08-01 10:23:07.750 | INFO     | monitor:scan:125 - Loading Page 1
2026-08-01 10:23:07.751 | INFO     | api:get_files:60 - Loading Page 1
2026-08-01 10:23:09.465 | INFO     | api:get_file:84 - Loading File 126d518f-764b-2019-40a6-645aba60ba46
2026-08-01 10:23:09.694 | INFO     | monitor:scan:273 - Reached Old Files
2026-08-01 10:23:09.694 | INFO     | monitor:scan:303 - No New Serial
2026-08-01 10:23:09.694 | INFO     | monitor:scan:325 - Nothing Changed
2026-08-01 10:23:09.694 | SUCCESS  | monitor:scan:331 - Scan Finished
2026-08-01 10:23:09.694 | INFO     | monitor:start:67 - Sleep 60 Seconds
2026-08-01 10:24:09.695 | INFO     | auth.login:ensure_login:354 - Checking Login...
2026-08-01 10:24:09.696 | SUCCESS  | auth.login:load_saved_token:192 - Saved Token Loaded
2026-08-01 10:24:09.696 | SUCCESS  | auth.login:ensure_login:362 - Using Saved Token
2026-08-01 10:24:09.696 | INFO     | monitor:scan:111 - Scanning Website...
2026-08-01 10:24:09.697 | INFO     | monitor:scan:125 - Loading Page 1
2026-08-01 10:24:09.697 | INFO     | api:get_files:60 - Loading Page 1
2026-08-01 10:24:11.307 | INFO     | api:get_file:84 - Loading File 126d518f-764b-2019-40a6-645aba60ba46
2026-08-01 10:24:11.523 | INFO     | monitor:scan:273 - Reached Old Files
2026-08-01 10:24:11.523 | INFO     | monitor:scan:303 - No New Serial
2026-08-01 10:24:11.523 | INFO     | monitor:scan:325 - Nothing Changed
2026-08-01 10:24:11.523 | SUCCESS  | monitor:scan:331 - Scan Finished
2026-08-01 10:24:11.524 | INFO     | monitor:start:67 - Sleep 60 Seconds
2026-08-01 10:25:11.524 | INFO     | auth.login:ensure_login:354 - Checking Login...
2026-08-01 10:25:11.525 | SUCCESS  | auth.login:load_saved_token:192 - Saved Token Loaded
2026-08-01 10:25:11.525 | SUCCESS  | auth.login:ensure_login:362 - Using Saved Token
2026-08-01 10:25:11.525 | INFO     | monitor:scan:111 - Scanning Website...
2026-08-01 10:25:11.526 | INFO     | monitor:scan:125 - Loading Page 1
2026-08-01 10:25:11.526 | INFO     | api:get_files:60 - Loading Page 1
2026-08-01 10:25:14.901 | INFO     | api:get_file:84 - Loading File 126d518f-764b-2019-40a6-645aba60ba46
2026-08-01 10:25:15.131 | INFO     | monitor:scan:273 - Reached Old Files
2026-08-01 10:25:15.134 | INFO     | monitor:scan:303 - No New Serial
2026-08-01 10:25:15.134 | INFO     | monitor:scan:325 - Nothing Changed
2026-08-01 10:25:15.134 | SUCCESS  | monitor:scan:331 - Scan Finished
2026-08-01 10:25:15.135 | INFO     | monitor:start:67 - Sleep 60 Seconds
2026-08-01 10:26:15.136 | INFO     | auth.login:ensure_login:354 - Checking Login...
2026-08-01 10:26:15.139 | SUCCESS  | auth.login:load_saved_token:192 - Saved Token Loaded
2026-08-01 10:26:15.140 | SUCCESS  | auth.login:ensure_login:362 - Using Saved Token
2026-08-01 10:26:15.141 | INFO     | monitor:scan:111 - Scanning Website...
2026-08-01 10:26:15.143 | INFO     | monitor:scan:125 - Loading Page 1
2026-08-01 10:26:15.144 | INFO     | api:get_files:60 - Loading Page 1
2026-08-01 10:26:16.815 | INFO     | api:get_file:84 - Loading File 126d518f-764b-2019-40a6-645aba60ba46
2026-08-01 10:26:17.045 | INFO     | monitor:scan:273 - Reached Old Files
2026-08-01 10:26:17.047 | INFO     | monitor:scan:303 - No New Serial
2026-08-01 10:26:17.047 | INFO     | monitor:scan:325 - Nothing Changed
2026-08-01 10:26:17.049 | SUCCESS  | monitor:scan:331 - Scan Finished
2026-08-01 10:26:17.051 | INFO     | monitor:start:67 - Sleep 60 Seconds
2026-08-01 10:27:17.052 | INFO     | auth.login:ensure_login:354 - Checking Login...
2026-08-01 10:27:17.053 | SUCCESS  | auth.login:load_saved_token:192 - Saved Token Loaded
2026-08-01 10:27:17.053 | SUCCESS  | auth.login:ensure_login:362 - Using Saved Token
2026-08-01 10:27:17.053 | INFO     | monitor:scan:111 - Scanning Website...
2026-08-01 10:27:17.054 | INFO     | monitor:scan:125 - Loading Page 1
2026-08-01 10:27:17.054 | INFO     | api:get_files:60 - Loading Page 1
2026-08-01 10:27:18.914 | INFO     | api:get_file:84 - Loading File 126d518f-764b-2019-40a6-645aba60ba46
2026-08-01 10:27:19.130 | INFO     | monitor:scan:273 - Reached Old Files
2026-08-01 10:27:19.131 | INFO     | monitor:scan:303 - No New Serial
2026-08-01 10:27:19.132 | INFO     | monitor:scan:325 - Nothing Changed
2026-08-01 10:27:19.132 | SUCCESS  | monitor:scan:331 - Scan Finished
2026-08-01 10:27:19.133 | INFO     | monitor:start:67 - Sleep 60 Seconds
2026-08-01 10:28:19.135 | INFO     | auth.login:ensure_login:354 - Checking Login...
2026-08-01 10:28:19.138 | SUCCESS  | auth.login:load_saved_token:192 - Saved Token Loaded
2026-08-01 10:28:19.139 | SUCCESS  | auth.login:ensure_login:362 - Using Saved Token
2026-08-01 10:28:19.140 | INFO     | monitor:scan:111 - Scanning Website...
2026-08-01 10:28:19.143 | INFO     | monitor:scan:125 - Loading Page 1
2026-08-01 10:28:19.143 | INFO     | api:get_files:60 - Loading Page 1
2026-08-01 10:28:21.857 | INFO     | api:get_file:84 - Loading File 126d518f-764b-2019-40a6-645aba60ba46
2026-08-01 10:28:22.082 | INFO     | monitor:scan:273 - Reached Old Files
2026-08-01 10:28:22.082 | INFO     | monitor:scan:303 - No New Serial
2026-08-01 10:28:22.082 | INFO     | monitor:scan:325 - Nothing Changed
2026-08-01 10:28:22.082 | SUCCESS  | monitor:scan:331 - Scan Finished
2026-08-01 10:28:22.083 | INFO     | monitor:start:67 - Sleep 60 Seconds
2026-08-01 10:29:22.084 | INFO     | auth.login:ensure_login:354 - Checking Login...
2026-08-01 10:29:22.086 | SUCCESS  | auth.login:load_saved_token:192 - Saved Token Loaded
2026-08-01 10:29:22.087 | SUCCESS  | auth.login:ensure_login:362 - Using Saved Token
2026-08-01 10:29:22.088 | INFO     | monitor:scan:111 - Scanning Website...
2026-08-01 10:29:22.090 | INFO     | monitor:scan:125 - Loading Page 1
2026-08-01 10:29:22.090 | INFO     | api:get_files:60 - Loading Page 1
2026-08-01 10:29:22.526 | WARNING  | auth.login:get:411 - Access Token Expired
2026-08-01 10:29:22.527 | INFO     | auth.login:login:262 - Logging in...
2026-08-01 10:29:23.027 | SUCCESS  | auth.login:save_token:242 - Token Saved
2026-08-01 10:29:23.027 | SUCCESS  | auth.login:login:340 - Login Successful
2026-08-01 10:29:25.968 | INFO     | api:get_file:84 - Loading File 126d518f-764b-2019-40a6-645aba60ba46
2026-08-01 10:29:26.199 | INFO     | monitor:scan:273 - Reached Old Files
2026-08-01 10:29:26.200 | INFO     | monitor:scan:303 - No New Serial
2026-08-01 10:29:26.201 | INFO     | monitor:scan:325 - Nothing Changed
2026-08-01 10:29:26.202 | SUCCESS  | monitor:scan:331 - Scan Finished
2026-08-01 10:29:26.204 | INFO     | monitor:start:67 - Sleep 60 Seconds
2026-08-01 10:30:26.205 | INFO     | auth.login:ensure_login:354 - Checking Login...
2026-08-01 10:30:26.226 | SUCCESS  | auth.login:load_saved_token:192 - Saved Token Loaded
2026-08-01 10:30:26.226 | SUCCESS  | auth.login:ensure_login:362 - Using Saved Token
2026-08-01 10:30:26.226 | INFO     | monitor:scan:111 - Scanning Website...
2026-08-01 10:30:26.227 | INFO     | monitor:scan:125 - Loading Page 1
2026-08-01 10:30:26.227 | INFO     | api:get_files:60 - Loading Page 1
2026-08-01 10:30:29.374 | INFO     | api:get_file:84 - Loading File 126d518f-764b-2019-40a6-645aba60ba46
2026-08-01 10:30:29.606 | INFO     | monitor:scan:273 - Reached Old Files
2026-08-01 10:30:29.607 | INFO     | monitor:scan:303 - No New Serial
2026-08-01 10:30:29.607 | INFO     | monitor:scan:325 - Nothing Changed
2026-08-01 10:30:29.607 | SUCCESS  | monitor:scan:331 - Scan Finished
2026-08-01 10:30:29.608 | INFO     | monitor:start:67 - Sleep 60 Seconds
2026-08-01 10:31:29.608 | INFO     | auth.login:ensure_login:354 - Checking Login...
2026-08-01 10:31:29.609 | SUCCESS  | auth.login:load_saved_token:192 - Saved Token Loaded
2026-08-01 10:31:29.609 | SUCCESS  | auth.login:ensure_login:362 - Using Saved Token
2026-08-01 10:31:29.609 | INFO     | monitor:scan:111 - Scanning Website...
2026-08-01 10:31:29.610 | INFO     | monitor:scan:125 - Loading Page 1
2026-08-01 10:31:29.610 | INFO     | api:get_files:60 - Loading Page 1
2026-08-01 10:31:31.159 | INFO     | api:get_file:84 - Loading File 126d518f-764b-2019-40a6-645aba60ba46
2026-08-01 10:31:31.410 | INFO     | monitor:scan:273 - Reached Old Files
2026-08-01 10:31:31.411 | INFO     | monitor:scan:303 - No New Serial
2026-08-01 10:31:31.412 | INFO     | monitor:scan:325 - Nothing Changed
2026-08-01 10:31:31.413 | SUCCESS  | monitor:scan:331 - Scan Finished
2026-08-01 10:31:31.413 | INFO     | monitor:start:67 - Sleep 60 Seconds
2026-08-01 10:32:31.414 | INFO     | auth.login:ensure_login:354 - Checking Login...
2026-08-01 10:32:31.416 | SUCCESS  | auth.login:load_saved_token:192 - Saved Token Loaded
2026-08-01 10:32:31.416 | SUCCESS  | auth.login:ensure_login:362 - Using Saved Token
2026-08-01 10:32:31.417 | INFO     | monitor:scan:111 - Scanning Website...
2026-08-01 10:32:31.419 | INFO     | monitor:scan:125 - Loading Page 1
2026-08-01 10:32:31.419 | INFO     | api:get_files:60 - Loading Page 1
2026-08-01 10:32:33.001 | INFO     | api:get_file:84 - Loading File 126d518f-764b-2019-40a6-645aba60ba46
2026-08-01 10:32:33.228 | INFO     | monitor:scan:273 - Reached Old Files
2026-08-01 10:32:33.228 | INFO     | monitor:scan:303 - No New Serial
2026-08-01 10:32:33.228 | INFO     | monitor:scan:325 - Nothing Changed
2026-08-01 10:32:33.229 | SUCCESS  | monitor:scan:331 - Scan Finished
2026-08-01 10:32:33.229 | INFO     | monitor:start:67 - Sleep 60 Seconds
2026-08-01 10:33:33.231 | INFO     | auth.login:ensure_login:354 - Checking Login...
2026-08-01 10:33:33.231 | SUCCESS  | auth.login:load_saved_token:192 - Saved Token Loaded
2026-08-01 10:33:33.232 | SUCCESS  | auth.login:ensure_login:362 - Using Saved Token
2026-08-01 10:33:33.232 | INFO     | monitor:scan:111 - Scanning Website...
2026-08-01 10:33:33.232 | INFO     | monitor:scan:125 - Loading Page 1
2026-08-01 10:33:33.232 | INFO     | api:get_files:60 - Loading Page 1
2026-08-01 10:33:34.848 | INFO     | api:get_file:84 - Loading File 126d518f-764b-2019-40a6-645aba60ba46
2026-08-01 10:33:35.072 | INFO     | monitor:scan:273 - Reached Old Files
2026-08-01 10:33:35.073 | INFO     | monitor:scan:303 - No New Serial
2026-08-01 10:33:35.074 | INFO     | monitor:scan:325 - Nothing Changed
2026-08-01 10:33:35.075 | SUCCESS  | monitor:scan:331 - Scan Finished
2026-08-01 10:33:35.078 | INFO     | monitor:start:67 - Sleep 60 Seconds
2026-08-01 10:34:35.079 | INFO     | auth.login:ensure_login:354 - Checking Login...
2026-08-01 10:34:35.080 | SUCCESS  | auth.login:load_saved_token:192 - Saved Token Loaded
2026-08-01 10:34:35.080 | SUCCESS  | auth.login:ensure_login:362 - Using Saved Token
2026-08-01 10:34:35.080 | INFO     | monitor:scan:111 - Scanning Website...
2026-08-01 10:34:35.081 | INFO     | monitor:scan:125 - Loading Page 1
2026-08-01 10:34:35.081 | INFO     | api:get_files:60 - Loading Page 1
2026-08-01 10:34:38.086 | INFO     | api:get_file:84 - Loading File 126d518f-764b-2019-40a6-645aba60ba46
2026-08-01 10:34:38.473 | INFO     | monitor:scan:273 - Reached Old Files
2026-08-01 10:34:38.474 | INFO     | monitor:scan:303 - No New Serial
2026-08-01 10:34:38.475 | INFO     | monitor:scan:325 - Nothing Changed
2026-08-01 10:34:38.476 | SUCCESS  | monitor:scan:331 - Scan Finished
2026-08-01 10:34:38.477 | INFO     | monitor:start:67 - Sleep 60 Seconds
2026-08-01 10:35:38.478 | INFO     | auth.login:ensure_login:354 - Checking Login...
2026-08-01 10:35:38.480 | SUCCESS  | auth.login:load_saved_token:192 - Saved Token Loaded
2026-08-01 10:35:38.481 | SUCCESS  | auth.login:ensure_login:362 - Using Saved Token
2026-08-01 10:35:38.481 | INFO     | monitor:scan:111 - Scanning Website...
2026-08-01 10:35:38.482 | INFO     | monitor:scan:125 - Loading Page 1
2026-08-01 10:35:38.482 | INFO     | api:get_files:60 - Loading Page 1
2026-08-01 10:35:40.184 | INFO     | api:get_file:84 - Loading File 126d518f-764b-2019-40a6-645aba60ba46
2026-08-01 10:35:40.412 | INFO     | monitor:scan:273 - Reached Old Files
2026-08-01 10:35:40.412 | INFO     | monitor:scan:303 - No New Serial
2026-08-01 10:35:40.412 | INFO     | monitor:scan:325 - Nothing Changed
2026-08-01 10:35:40.413 | SUCCESS  | monitor:scan:331 - Scan Finished
2026-08-01 10:35:40.413 | INFO     | monitor:start:67 - Sleep 60 Seconds
2026-08-01 10:36:40.414 | INFO     | auth.login:ensure_login:354 - Checking Login...
2026-08-01 10:36:40.416 | SUCCESS  | auth.login:load_saved_token:192 - Saved Token Loaded
2026-08-01 10:36:40.416 | SUCCESS  | auth.login:ensure_login:362 - Using Saved Token
2026-08-01 10:36:40.416 | INFO     | monitor:scan:111 - Scanning Website...
2026-08-01 10:36:40.418 | INFO     | monitor:scan:125 - Loading Page 1
2026-08-01 10:36:40.419 | INFO     | api:get_files:60 - Loading Page 1
2026-08-01 10:36:43.780 | INFO     | api:get_file:84 - Loading File 126d518f-764b-2019-40a6-645aba60ba46
2026-08-01 10:36:44.003 | INFO     | monitor:scan:273 - Reached Old Files
2026-08-01 10:36:44.003 | INFO     | monitor:scan:303 - No New Serial
2026-08-01 10:36:44.004 | INFO     | monitor:scan:325 - Nothing Changed
2026-08-01 10:36:44.004 | SUCCESS  | monitor:scan:331 - Scan Finished
2026-08-01 10:36:44.004 | INFO     | monitor:start:67 - Sleep 60 Seconds
2026-08-01 10:37:44.006 | INFO     | auth.login:ensure_login:354 - Checking Login...
2026-08-01 10:37:44.008 | SUCCESS  | auth.login:load_saved_token:192 - Saved Token Loaded
2026-08-01 10:37:44.009 | SUCCESS  | auth.login:ensure_login:362 - Using Saved Token
2026-08-01 10:37:44.010 | INFO     | monitor:scan:111 - Scanning Website...
2026-08-01 10:37:44.012 | INFO     | monitor:scan:125 - Loading Page 1
2026-08-01 10:37:44.013 | INFO     | api:get_files:60 - Loading Page 1
2026-08-01 10:37:45.723 | INFO     | api:get_file:84 - Loading File 126d518f-764b-2019-40a6-645aba60ba46
2026-08-01 10:37:45.949 | INFO     | monitor:scan:273 - Reached Old Files
2026-08-01 10:37:45.950 | INFO     | monitor:scan:303 - No New Serial
2026-08-01 10:37:45.950 | INFO     | monitor:scan:325 - Nothing Changed
2026-08-01 10:37:45.950 | SUCCESS  | monitor:scan:331 - Scan Finished
2026-08-01 10:37:45.950 | INFO     | monitor:start:67 - Sleep 60 Seconds
2026-08-01 10:38:45.951 | INFO     | auth.login:ensure_login:354 - Checking Login...
2026-08-01 10:38:45.952 | SUCCESS  | auth.login:load_saved_token:192 - Saved Token Loaded
2026-08-01 10:38:45.952 | SUCCESS  | auth.login:ensure_login:362 - Using Saved Token
2026-08-01 10:38:45.952 | INFO     | monitor:scan:111 - Scanning Website...
2026-08-01 10:38:45.953 | INFO     | monitor:scan:125 - Loading Page 1
2026-08-01 10:38:45.953 | INFO     | api:get_files:60 - Loading Page 1
2026-08-01 10:38:47.472 | INFO     | api:get_file:84 - Loading File 126d518f-764b-2019-40a6-645aba60ba46
2026-08-01 10:38:47.697 | INFO     | monitor:scan:273 - Reached Old Files
2026-08-01 10:38:47.698 | INFO     | monitor:scan:303 - No New Serial
2026-08-01 10:38:47.698 | INFO     | monitor:scan:325 - Nothing Changed
2026-08-01 10:38:47.698 | SUCCESS  | monitor:scan:331 - Scan Finished
2026-08-01 10:38:47.699 | INFO     | monitor:start:67 - Sleep 60 Seconds
2026-08-01 10:39:47.700 | INFO     | auth.login:ensure_login:354 - Checking Login...
2026-08-01 10:39:47.701 | SUCCESS  | auth.login:load_saved_token:192 - Saved Token Loaded
2026-08-01 10:39:47.701 | SUCCESS  | auth.login:ensure_login:362 - Using Saved Token
2026-08-01 10:39:47.701 | INFO     | monitor:scan:111 - Scanning Website...
2026-08-01 10:39:47.702 | INFO     | monitor:scan:125 - Loading Page 1
2026-08-01 10:39:47.702 | INFO     | api:get_files:60 - Loading Page 1
2026-08-01 10:39:48.093 | WARNING  | auth.login:get:411 - Access Token Expired
2026-08-01 10:39:48.094 | INFO     | auth.login:login:262 - Logging in...
2026-08-01 10:39:48.547 | SUCCESS  | auth.login:save_token:242 - Token Saved
2026-08-01 10:39:48.548 | SUCCESS  | auth.login:login:340 - Login Successful
2026-08-01 10:39:49.633 | INFO     | api:get_file:84 - Loading File 126d518f-764b-2019-40a6-645aba60ba46
2026-08-01 10:39:49.849 | INFO     | monitor:scan:273 - Reached Old Files
2026-08-01 10:39:49.850 | INFO     | monitor:scan:303 - No New Serial
2026-08-01 10:39:49.850 | INFO     | monitor:scan:325 - Nothing Changed
2026-08-01 10:39:49.850 | SUCCESS  | monitor:scan:331 - Scan Finished
2026-08-01 10:39:49.851 | INFO     | monitor:start:67 - Sleep 60 Seconds
2026-08-01 10:40:49.852 | INFO     | auth.login:ensure_login:354 - Checking Login...
2026-08-01 10:40:49.885 | SUCCESS  | auth.login:load_saved_token:192 - Saved Token Loaded
2026-08-01 10:40:49.886 | SUCCESS  | auth.login:ensure_login:362 - Using Saved Token
2026-08-01 10:40:49.886 | INFO     | monitor:scan:111 - Scanning Website...
2026-08-01 10:40:49.887 | INFO     | monitor:scan:125 - Loading Page 1
2026-08-01 10:40:49.888 | INFO     | api:get_files:60 - Loading Page 1
2026-08-01 10:40:51.946 | INFO     | api:get_file:84 - Loading File 126d518f-764b-2019-40a6-645aba60ba46
2026-08-01 10:40:52.185 | INFO     | monitor:scan:273 - Reached Old Files
2026-08-01 10:40:52.186 | INFO     | monitor:scan:303 - No New Serial
2026-08-01 10:40:52.186 | INFO     | monitor:scan:325 - Nothing Changed
2026-08-01 10:40:52.186 | SUCCESS  | monitor:scan:331 - Scan Finished
2026-08-01 10:40:52.186 | INFO     | monitor:start:67 - Sleep 60 Seconds
2026-08-01 10:41:52.187 | INFO     | auth.login:ensure_login:354 - Checking Login...
2026-08-01 10:41:52.189 | SUCCESS  | auth.login:load_saved_token:192 - Saved Token Loaded
2026-08-01 10:41:52.189 | SUCCESS  | auth.login:ensure_login:362 - Using Saved Token
2026-08-01 10:41:52.190 | INFO     | monitor:scan:111 - Scanning Website...
2026-08-01 10:41:52.192 | INFO     | monitor:scan:125 - Loading Page 1
2026-08-01 10:41:52.192 | INFO     | api:get_files:60 - Loading Page 1
2026-08-01 10:41:53.776 | INFO     | api:get_file:84 - Loading File 126d518f-764b-2019-40a6-645aba60ba46
2026-08-01 10:41:54.000 | INFO     | monitor:scan:273 - Reached Old Files
2026-08-01 10:41:54.000 | INFO     | monitor:scan:303 - No New Serial
2026-08-01 10:41:54.000 | INFO     | monitor:scan:325 - Nothing Changed
2026-08-01 10:41:54.000 | SUCCESS  | monitor:scan:331 - Scan Finished
2026-08-01 10:41:54.001 | INFO     | monitor:start:67 - Sleep 60 Seconds
2026-08-01 10:42:54.001 | INFO     | auth.login:ensure_login:354 - Checking Login...
2026-08-01 10:42:54.003 | SUCCESS  | auth.login:load_saved_token:192 - Saved Token Loaded
2026-08-01 10:42:54.004 | SUCCESS  | auth.login:ensure_login:362 - Using Saved Token
2026-08-01 10:42:54.005 | INFO     | monitor:scan:111 - Scanning Website...
2026-08-01 10:42:54.007 | INFO     | monitor:scan:125 - Loading Page 1
2026-08-01 10:42:54.007 | INFO     | api:get_files:60 - Loading Page 1
2026-08-01 10:42:55.773 | INFO     | api:get_file:84 - Loading File 126d518f-764b-2019-40a6-645aba60ba46
2026-08-01 10:42:56.003 | INFO     | monitor:scan:273 - Reached Old Files
2026-08-01 10:42:56.004 | INFO     | monitor:scan:303 - No New Serial
2026-08-01 10:42:56.005 | INFO     | monitor:scan:325 - Nothing Changed
2026-08-01 10:42:56.005 | SUCCESS  | monitor:scan:331 - Scan Finished
2026-08-01 10:42:56.006 | INFO     | monitor:start:67 - Sleep 60 Seconds
2026-08-01 10:43:56.008 | INFO     | auth.login:ensure_login:354 - Checking Login...
2026-08-01 10:43:56.010 | SUCCESS  | auth.login:load_saved_token:192 - Saved Token Loaded
2026-08-01 10:43:56.011 | SUCCESS  | auth.login:ensure_login:362 - Using Saved Token
2026-08-01 10:43:56.011 | INFO     | monitor:scan:111 - Scanning Website...
2026-08-01 10:43:56.013 | INFO     | monitor:scan:125 - Loading Page 1
2026-08-01 10:43:56.013 | INFO     | api:get_files:60 - Loading Page 1
2026-08-01 10:43:57.811 | INFO     | api:get_file:84 - Loading File 126d518f-764b-2019-40a6-645aba60ba46
2026-08-01 10:43:58.036 | INFO     | monitor:scan:273 - Reached Old Files
2026-08-01 10:43:58.037 | INFO     | monitor:scan:303 - No New Serial
2026-08-01 10:43:58.037 | INFO     | monitor:scan:325 - Nothing Changed
2026-08-01 10:43:58.037 | SUCCESS  | monitor:scan:331 - Scan Finished
2026-08-01 10:43:58.037 | INFO     | monitor:start:67 - Sleep 60 Seconds
2026-08-01 10:44:58.037 | INFO     | auth.login:ensure_login:354 - Checking Login...
2026-08-01 10:44:58.039 | SUCCESS  | auth.login:load_saved_token:192 - Saved Token Loaded
2026-08-01 10:44:58.040 | SUCCESS  | auth.login:ensure_login:362 - Using Saved Token
2026-08-01 10:44:58.041 | INFO     | monitor:scan:111 - Scanning Website...
2026-08-01 10:44:58.043 | INFO     | monitor:scan:125 - Loading Page 1
2026-08-01 10:44:58.043 | INFO     | api:get_files:60 - Loading Page 1
2026-08-01 10:44:59.568 | INFO     | api:get_file:84 - Loading File 126d518f-764b-2019-40a6-645aba60ba46
2026-08-01 10:44:59.775 | INFO     | monitor:scan:273 - Reached Old Files
2026-08-01 10:44:59.775 | INFO     | monitor:scan:303 - No New Serial
2026-08-01 10:44:59.775 | INFO     | monitor:scan:325 - Nothing Changed
2026-08-01 10:44:59.776 | SUCCESS  | monitor:scan:331 - Scan Finished
2026-08-01 10:44:59.776 | INFO     | monitor:start:67 - Sleep 60 Seconds
2026-08-01 10:45:59.777 | INFO     | auth.login:ensure_login:354 - Checking Login...
2026-08-01 10:45:59.778 | SUCCESS  | auth.login:load_saved_token:192 - Saved Token Loaded
2026-08-01 10:45:59.779 | SUCCESS  | auth.login:ensure_login:362 - Using Saved Token
2026-08-01 10:45:59.779 | INFO     | monitor:scan:111 - Scanning Website...
2026-08-01 10:45:59.780 | INFO     | monitor:scan:125 - Loading Page 1
2026-08-01 10:45:59.781 | INFO     | api:get_files:60 - Loading Page 1
2026-08-01 10:46:01.259 | INFO     | api:get_file:84 - Loading File 126d518f-764b-2019-40a6-645aba60ba46
2026-08-01 10:46:01.482 | INFO     | monitor:scan:273 - Reached Old Files
2026-08-01 10:46:01.483 | INFO     | monitor:scan:303 - No New Serial
2026-08-01 10:46:01.484 | INFO     | monitor:scan:325 - Nothing Changed
2026-08-01 10:46:01.485 | SUCCESS  | monitor:scan:331 - Scan Finished
2026-08-01 10:46:01.486 | INFO     | monitor:start:67 - Sleep 60 Seconds
2026-08-01 10:47:01.486 | INFO     | auth.login:ensure_login:354 - Checking Login...
2026-08-01 10:47:01.488 | SUCCESS  | auth.login:load_saved_token:192 - Saved Token Loaded
2026-08-01 10:47:01.489 | SUCCESS  | auth.login:ensure_login:362 - Using Saved Token
2026-08-01 10:47:01.489 | INFO     | monitor:scan:111 - Scanning Website...
2026-08-01 10:47:01.491 | INFO     | monitor:scan:125 - Loading Page 1
2026-08-01 10:47:01.491 | INFO     | api:get_files:60 - Loading Page 1
2026-08-01 10:47:02.985 | INFO     | api:get_file:84 - Loading File 126d518f-764b-2019-40a6-645aba60ba46
2026-08-01 10:47:03.414 | INFO     | monitor:scan:273 - Reached Old Files
2026-08-01 10:47:03.414 | INFO     | monitor:scan:303 - No New Serial
2026-08-01 10:47:03.414 | INFO     | monitor:scan:325 - Nothing Changed
2026-08-01 10:47:03.414 | SUCCESS  | monitor:scan:331 - Scan Finished
2026-08-01 10:47:03.415 | INFO     | monitor:start:67 - Sleep 60 Seconds
2026-08-01 10:48:03.416 | INFO     | auth.login:ensure_login:354 - Checking Login...
2026-08-01 10:48:03.420 | SUCCESS  | auth.login:load_saved_token:192 - Saved Token Loaded
2026-08-01 10:48:03.421 | SUCCESS  | auth.login:ensure_login:362 - Using Saved Token
2026-08-01 10:48:03.421 | INFO     | monitor:scan:111 - Scanning Website...
2026-08-01 10:48:03.421 | INFO     | monitor:scan:125 - Loading Page 1
2026-08-01 10:48:03.422 | INFO     | api:get_files:60 - Loading Page 1
2026-08-01 10:48:04.900 | INFO     | api:get_file:84 - Loading File 126d518f-764b-2019-40a6-645aba60ba46
2026-08-01 10:48:05.125 | INFO     | monitor:scan:273 - Reached Old Files
2026-08-01 10:48:05.125 | INFO     | monitor:scan:303 - No New Serial
2026-08-01 10:48:05.125 | INFO     | monitor:scan:325 - Nothing Changed
2026-08-01 10:48:05.125 | SUCCESS  | monitor:scan:331 - Scan Finished
2026-08-01 10:48:05.125 | INFO     | monitor:start:67 - Sleep 60 Seconds
2026-08-01 10:49:05.126 | INFO     | auth.login:ensure_login:354 - Checking Login...
2026-08-01 10:49:05.127 | SUCCESS  | auth.login:load_saved_token:192 - Saved Token Loaded
2026-08-01 10:49:05.127 | SUCCESS  | auth.login:ensure_login:362 - Using Saved Token
2026-08-01 10:49:05.127 | INFO     | monitor:scan:111 - Scanning Website...
2026-08-01 10:49:05.128 | INFO     | monitor:scan:125 - Loading Page 1
2026-08-01 10:49:05.128 | INFO     | api:get_files:60 - Loading Page 1
2026-08-01 10:49:06.679 | INFO     | api:get_file:84 - Loading File 126d518f-764b-2019-40a6-645aba60ba46
2026-08-01 10:49:06.908 | INFO     | monitor:scan:273 - Reached Old Files
2026-08-01 10:49:06.909 | INFO     | monitor:scan:303 - No New Serial
2026-08-01 10:49:06.910 | INFO     | monitor:scan:325 - Nothing Changed
2026-08-01 10:49:06.911 | SUCCESS  | monitor:scan:331 - Scan Finished
2026-08-01 10:49:06.912 | INFO     | monitor:start:67 - Sleep 60 Seconds
2026-08-01 10:50:06.913 | INFO     | auth.login:ensure_login:354 - Checking Login...
2026-08-01 10:50:06.915 | SUCCESS  | auth.login:load_saved_token:192 - Saved Token Loaded
2026-08-01 10:50:06.915 | SUCCESS  | auth.login:ensure_login:362 - Using Saved Token
2026-08-01 10:50:06.915 | INFO     | monitor:scan:111 - Scanning Website...
2026-08-01 10:50:06.916 | INFO     | monitor:scan:125 - Loading Page 1
2026-08-01 10:50:06.916 | INFO     | api:get_files:60 - Loading Page 1
2026-08-01 10:50:07.357 | WARNING  | auth.login:get:411 - Access Token Expired
2026-08-01 10:50:07.358 | INFO     | auth.login:login:262 - Logging in...
2026-08-01 10:50:07.809 | SUCCESS  | auth.login:save_token:242 - Token Saved
2026-08-01 10:50:07.810 | SUCCESS  | auth.login:login:340 - Login Successful
2026-08-01 10:50:08.932 | INFO     | api:get_file:84 - Loading File 126d518f-764b-2019-40a6-645aba60ba46
2026-08-01 10:50:09.195 | INFO     | monitor:scan:273 - Reached Old Files
2026-08-01 10:50:09.195 | INFO     | monitor:scan:303 - No New Serial
2026-08-01 10:50:09.196 | INFO     | monitor:scan:325 - Nothing Changed
2026-08-01 10:50:09.196 | SUCCESS  | monitor:scan:331 - Scan Finished
2026-08-01 10:50:09.196 | INFO     | monitor:start:67 - Sleep 60 Seconds
2026-08-01 10:51:09.197 | INFO     | auth.login:ensure_login:354 - Checking Login...
2026-08-01 10:51:09.232 | SUCCESS  | auth.login:load_saved_token:192 - Saved Token Loaded
2026-08-01 10:51:09.232 | SUCCESS  | auth.login:ensure_login:362 - Using Saved Token
2026-08-01 10:51:09.233 | INFO     | monitor:scan:111 - Scanning Website...
2026-08-01 10:51:09.233 | INFO     | monitor:scan:125 - Loading Page 1
2026-08-01 10:51:09.234 | INFO     | api:get_files:60 - Loading Page 1
2026-08-01 10:51:10.923 | INFO     | api:get_file:84 - Loading File 126d518f-764b-2019-40a6-645aba60ba46
2026-08-01 10:51:11.148 | INFO     | monitor:scan:273 - Reached Old Files
2026-08-01 10:51:11.148 | INFO     | monitor:scan:303 - No New Serial
2026-08-01 10:51:11.148 | INFO     | monitor:scan:325 - Nothing Changed
2026-08-01 10:51:11.148 | SUCCESS  | monitor:scan:331 - Scan Finished
2026-08-01 10:51:11.148 | INFO     | monitor:start:67 - Sleep 60 Seconds
2026-08-01 10:52:11.149 | INFO     | auth.login:ensure_login:354 - Checking Login...
2026-08-01 10:52:11.155 | SUCCESS  | auth.login:load_saved_token:192 - Saved Token Loaded
2026-08-01 10:52:11.158 | SUCCESS  | auth.login:ensure_login:362 - Using Saved Token
2026-08-01 10:52:11.159 | INFO     | monitor:scan:111 - Scanning Website...
2026-08-01 10:52:11.161 | INFO     | monitor:scan:125 - Loading Page 1
2026-08-01 10:52:11.162 | INFO     | api:get_files:60 - Loading Page 1
2026-08-01 10:52:12.850 | INFO     | api:get_file:84 - Loading File 126d518f-764b-2019-40a6-645aba60ba46
2026-08-01 10:52:13.081 | INFO     | monitor:scan:273 - Reached Old Files
2026-08-01 10:52:13.081 | INFO     | monitor:scan:303 - No New Serial
2026-08-01 10:52:13.082 | INFO     | monitor:scan:325 - Nothing Changed
2026-08-01 10:52:13.084 | SUCCESS  | monitor:scan:331 - Scan Finished
2026-08-01 10:52:13.086 | INFO     | monitor:start:67 - Sleep 60 Seconds
2026-08-01 10:53:13.087 | INFO     | auth.login:ensure_login:354 - Checking Login...
2026-08-01 10:53:13.091 | SUCCESS  | auth.login:load_saved_token:192 - Saved Token Loaded
2026-08-01 10:53:13.092 | SUCCESS  | auth.login:ensure_login:362 - Using Saved Token
2026-08-01 10:53:13.092 | INFO     | monitor:scan:111 - Scanning Website...
2026-08-01 10:53:13.095 | INFO     | monitor:scan:125 - Loading Page 1
2026-08-01 10:53:13.095 | INFO     | api:get_files:60 - Loading Page 1
2026-08-01 10:53:14.668 | INFO     | api:get_file:84 - Loading File 126d518f-764b-2019-40a6-645aba60ba46
2026-08-01 10:53:14.893 | INFO     | monitor:scan:273 - Reached Old Files
2026-08-01 10:53:14.893 | INFO     | monitor:scan:303 - No New Serial
2026-08-01 10:53:14.893 | INFO     | monitor:scan:325 - Nothing Changed
2026-08-01 10:53:14.893 | SUCCESS  | monitor:scan:331 - Scan Finished
2026-08-01 10:53:14.893 | INFO     | monitor:start:67 - Sleep 60 Seconds
2026-08-01 10:54:14.894 | INFO     | auth.login:ensure_login:354 - Checking Login...
2026-08-01 10:54:14.896 | SUCCESS  | auth.login:load_saved_token:192 - Saved Token Loaded
2026-08-01 10:54:14.896 | SUCCESS  | auth.login:ensure_login:362 - Using Saved Token
2026-08-01 10:54:14.897 | INFO     | monitor:scan:111 - Scanning Website...
2026-08-01 10:54:14.898 | INFO     | monitor:scan:125 - Loading Page 1
2026-08-01 10:54:14.898 | INFO     | api:get_files:60 - Loading Page 1
2026-08-01 10:54:16.755 | INFO     | api:get_file:84 - Loading File 126d518f-764b-2019-40a6-645aba60ba46
2026-08-01 10:54:16.980 | INFO     | monitor:scan:273 - Reached Old Files
2026-08-01 10:54:16.981 | INFO     | monitor:scan:303 - No New Serial
2026-08-01 10:54:16.982 | INFO     | monitor:scan:325 - Nothing Changed
2026-08-01 10:54:16.982 | SUCCESS  | monitor:scan:331 - Scan Finished
2026-08-01 10:54:16.983 | INFO     | monitor:start:67 - Sleep 60 Seconds
2026-08-01 10:55:16.984 | INFO     | auth.login:ensure_login:354 - Checking Login...
2026-08-01 10:55:16.985 | SUCCESS  | auth.login:load_saved_token:192 - Saved Token Loaded
2026-08-01 10:55:16.985 | SUCCESS  | auth.login:ensure_login:362 - Using Saved Token
2026-08-01 10:55:16.985 | INFO     | monitor:scan:111 - Scanning Website...
2026-08-01 10:55:16.986 | INFO     | monitor:scan:125 - Loading Page 1
2026-08-01 10:55:16.986 | INFO     | api:get_files:60 - Loading Page 1
2026-08-01 10:55:18.460 | INFO     | api:get_file:84 - Loading File 126d518f-764b-2019-40a6-645aba60ba46
2026-08-01 10:55:18.689 | INFO     | monitor:scan:273 - Reached Old Files
2026-08-01 10:55:18.690 | INFO     | monitor:scan:303 - No New Serial
2026-08-01 10:55:18.691 | INFO     | monitor:scan:325 - Nothing Changed
2026-08-01 10:55:18.692 | SUCCESS  | monitor:scan:331 - Scan Finished
2026-08-01 10:55:18.693 | INFO     | monitor:start:67 - Sleep 60 Seconds
2026-08-01 10:56:18.694 | INFO     | auth.login:ensure_login:354 - Checking Login...
2026-08-01 10:56:18.697 | SUCCESS  | auth.login:load_saved_token:192 - Saved Token Loaded
2026-08-01 10:56:18.698 | SUCCESS  | auth.login:ensure_login:362 - Using Saved Token
2026-08-01 10:56:18.698 | INFO     | monitor:scan:111 - Scanning Website...
2026-08-01 10:56:18.700 | INFO     | monitor:scan:125 - Loading Page 1
2026-08-01 10:56:18.701 | INFO     | api:get_files:60 - Loading Page 1
2026-08-01 10:56:22.276 | INFO     | api:get_file:84 - Loading File 126d518f-764b-2019-40a6-645aba60ba46
2026-08-01 10:56:22.496 | INFO     | monitor:scan:273 - Reached Old Files
2026-08-01 10:56:22.496 | INFO     | monitor:scan:303 - No New Serial
2026-08-01 10:56:22.496 | INFO     | monitor:scan:325 - Nothing Changed
2026-08-01 10:56:22.496 | SUCCESS  | monitor:scan:331 - Scan Finished
2026-08-01 10:56:22.497 | INFO     | monitor:start:67 - Sleep 60 Seconds
2026-08-01 10:57:22.498 | INFO     | auth.login:ensure_login:354 - Checking Login...
2026-08-01 10:57:22.499 | SUCCESS  | auth.login:load_saved_token:192 - Saved Token Loaded
2026-08-01 10:57:22.499 | SUCCESS  | auth.login:ensure_login:362 - Using Saved Token
2026-08-01 10:57:22.499 | INFO     | monitor:scan:111 - Scanning Website...
2026-08-01 10:57:22.499 | INFO     | monitor:scan:125 - Loading Page 1
2026-08-01 10:57:22.499 | INFO     | api:get_files:60 - Loading Page 1
2026-08-01 10:57:25.768 | INFO     | api:get_file:84 - Loading File 126d518f-764b-2019-40a6-645aba60ba46
2026-08-01 10:57:25.987 | INFO     | monitor:scan:273 - Reached Old Files
2026-08-01 10:57:25.988 | INFO     | monitor:scan:303 - No New Serial
2026-08-01 10:57:25.988 | INFO     | monitor:scan:325 - Nothing Changed
2026-08-01 10:57:25.988 | SUCCESS  | monitor:scan:331 - Scan Finished
2026-08-01 10:57:25.988 | INFO     | monitor:start:67 - Sleep 60 Seconds
2026-08-01 10:58:25.990 | INFO     | auth.login:ensure_login:354 - Checking Login...
2026-08-01 10:58:25.991 | SUCCESS  | auth.login:load_saved_token:192 - Saved Token Loaded
2026-08-01 10:58:25.991 | SUCCESS  | auth.login:ensure_login:362 - Using Saved Token
2026-08-01 10:58:25.991 | INFO     | monitor:scan:111 - Scanning Website...
2026-08-01 10:58:25.992 | INFO     | monitor:scan:125 - Loading Page 1
2026-08-01 10:58:25.992 | INFO     | api:get_files:60 - Loading Page 1
2026-08-01 10:58:29.467 | INFO     | api:get_file:84 - Loading File 126d518f-764b-2019-40a6-645aba60ba46
2026-08-01 10:58:29.689 | INFO     | monitor:scan:273 - Reached Old Files
2026-08-01 10:58:29.692 | INFO     | monitor:scan:303 - No New Serial
2026-08-01 10:58:29.692 | INFO     | monitor:scan:325 - Nothing Changed
2026-08-01 10:58:29.693 | SUCCESS  | monitor:scan:331 - Scan Finished
2026-08-01 10:58:29.693 | INFO     | monitor:start:67 - Sleep 60 Seconds
2026-08-01 10:59:29.693 | INFO     | auth.login:ensure_login:354 - Checking Login...
2026-08-01 10:59:29.696 | SUCCESS  | auth.login:load_saved_token:192 - Saved Token Loaded
2026-08-01 10:59:29.697 | SUCCESS  | auth.login:ensure_login:362 - Using Saved Token
2026-08-01 10:59:29.697 | INFO     | monitor:scan:111 - Scanning Website...
2026-08-01 10:59:29.699 | INFO     | monitor:scan:125 - Loading Page 1
2026-08-01 10:59:29.700 | INFO     | api:get_files:60 - Loading Page 1
2026-08-01 10:59:33.009 | INFO     | api:get_file:84 - Loading File 126d518f-764b-2019-40a6-645aba60ba46
2026-08-01 10:59:33.233 | INFO     | monitor:scan:273 - Reached Old Files
2026-08-01 10:59:33.233 | INFO     | monitor:scan:303 - No New Serial
2026-08-01 10:59:33.233 | INFO     | monitor:scan:325 - Nothing Changed
2026-08-01 10:59:33.233 | SUCCESS  | monitor:scan:331 - Scan Finished
2026-08-01 10:59:33.234 | INFO     | monitor:start:67 - Sleep 60 Seconds
2026-08-01 11:00:33.234 | INFO     | auth.login:ensure_login:354 - Checking Login...
2026-08-01 11:00:33.236 | SUCCESS  | auth.login:load_saved_token:192 - Saved Token Loaded
2026-08-01 11:00:33.236 | SUCCESS  | auth.login:ensure_login:362 - Using Saved Token
2026-08-01 11:00:33.237 | INFO     | monitor:scan:111 - Scanning Website...
2026-08-01 11:00:33.238 | INFO     | monitor:scan:125 - Loading Page 1
2026-08-01 11:00:33.238 | INFO     | api:get_files:60 - Loading Page 1
2026-08-01 11:00:33.671 | WARNING  | auth.login:get:411 - Access Token Expired
2026-08-01 11:00:33.672 | INFO     | auth.login:login:262 - Logging in...
2026-08-01 11:00:34.153 | SUCCESS  | auth.login:save_token:242 - Token Saved
2026-08-01 11:00:34.155 | SUCCESS  | auth.login:login:340 - Login Successful
2026-08-01 11:00:36.369 | INFO     | api:get_file:84 - Loading File 126d518f-764b-2019-40a6-645aba60ba46
2026-08-01 11:00:36.596 | INFO     | monitor:scan:273 - Reached Old Files
2026-08-01 11:00:36.597 | INFO     | monitor:scan:303 - No New Serial
2026-08-01 11:00:36.597 | INFO     | monitor:scan:325 - Nothing Changed
2026-08-01 11:00:36.598 | SUCCESS  | monitor:scan:331 - Scan Finished
2026-08-01 11:00:36.598 | INFO     | monitor:start:67 - Sleep 60 Seconds
2026-08-01 11:01:36.599 | INFO     | auth.login:ensure_login:354 - Checking Login...
2026-08-01 11:01:36.635 | SUCCESS  | auth.login:load_saved_token:192 - Saved Token Loaded
2026-08-01 11:01:36.635 | SUCCESS  | auth.login:ensure_login:362 - Using Saved Token
2026-08-01 11:01:36.635 | INFO     | monitor:scan:111 - Scanning Website...
2026-08-01 11:01:36.636 | INFO     | monitor:scan:125 - Loading Page 1
2026-08-01 11:01:36.636 | INFO     | api:get_files:60 - Loading Page 1
2026-08-01 11:01:38.108 | INFO     | api:get_file:84 - Loading File 126d518f-764b-2019-40a6-645aba60ba46
2026-08-01 11:01:38.326 | INFO     | monitor:scan:273 - Reached Old Files
2026-08-01 11:01:38.327 | INFO     | monitor:scan:303 - No New Serial
2026-08-01 11:01:38.327 | INFO     | monitor:scan:325 - Nothing Changed
2026-08-01 11:01:38.327 | SUCCESS  | monitor:scan:331 - Scan Finished
2026-08-01 11:01:38.328 | INFO     | monitor:start:67 - Sleep 60 Seconds
2026-08-01 11:02:38.329 | INFO     | auth.login:ensure_login:354 - Checking Login...
2026-08-01 11:02:38.329 | SUCCESS  | auth.login:load_saved_token:192 - Saved Token Loaded
2026-08-01 11:02:38.330 | SUCCESS  | auth.login:ensure_login:362 - Using Saved Token
2026-08-01 11:02:38.330 | INFO     | monitor:scan:111 - Scanning Website...
2026-08-01 11:02:38.330 | INFO     | monitor:scan:125 - Loading Page 1
2026-08-01 11:02:38.330 | INFO     | api:get_files:60 - Loading Page 1
2026-08-01 11:02:39.766 | INFO     | api:get_file:84 - Loading File 126d518f-764b-2019-40a6-645aba60ba46
2026-08-01 11:02:39.986 | INFO     | monitor:scan:273 - Reached Old Files
2026-08-01 11:02:39.986 | INFO     | monitor:scan:303 - No New Serial
2026-08-01 11:02:39.987 | INFO     | monitor:scan:325 - Nothing Changed
2026-08-01 11:02:39.987 | SUCCESS  | monitor:scan:331 - Scan Finished
2026-08-01 11:02:39.987 | INFO     | monitor:start:67 - Sleep 60 Seconds
2026-08-01 11:03:39.989 | INFO     | auth.login:ensure_login:354 - Checking Login...
2026-08-01 11:03:39.991 | SUCCESS  | auth.login:load_saved_token:192 - Saved Token Loaded
2026-08-01 11:03:39.993 | SUCCESS  | auth.login:ensure_login:362 - Using Saved Token
2026-08-01 11:03:39.995 | INFO     | monitor:scan:111 - Scanning Website...
2026-08-01 11:03:39.997 | INFO     | monitor:scan:125 - Loading Page 1
2026-08-01 11:03:39.998 | INFO     | api:get_files:60 - Loading Page 1
2026-08-01 11:03:41.796 | INFO     | api:get_file:84 - Loading File 126d518f-764b-2019-40a6-645aba60ba46
2026-08-01 11:03:42.019 | INFO     | monitor:scan:273 - Reached Old Files
2026-08-01 11:03:42.019 | INFO     | monitor:scan:303 - No New Serial
2026-08-01 11:03:42.020 | INFO     | monitor:scan:325 - Nothing Changed
2026-08-01 11:03:42.020 | SUCCESS  | monitor:scan:331 - Scan Finished
2026-08-01 11:03:42.020 | INFO     | monitor:start:67 - Sleep 60 Seconds
2026-08-01 11:04:42.021 | INFO     | auth.login:ensure_login:354 - Checking Login...
2026-08-01 11:04:42.023 | SUCCESS  | auth.login:load_saved_token:192 - Saved Token Loaded
2026-08-01 11:04:42.024 | SUCCESS  | auth.login:ensure_login:362 - Using Saved Token
2026-08-01 11:04:42.024 | INFO     | monitor:scan:111 - Scanning Website...
2026-08-01 11:04:42.025 | INFO     | monitor:scan:125 - Loading Page 1
2026-08-01 11:04:42.026 | INFO     | api:get_files:60 - Loading Page 1
2026-08-01 11:04:45.507 | INFO     | api:get_file:84 - Loading File 126d518f-764b-2019-40a6-645aba60ba46
2026-08-01 11:04:45.730 | INFO     | monitor:scan:273 - Reached Old Files
2026-08-01 11:04:45.730 | INFO     | monitor:scan:303 - No New Serial
2026-08-01 11:04:45.730 | INFO     | monitor:scan:325 - Nothing Changed
2026-08-01 11:04:45.730 | SUCCESS  | monitor:scan:331 - Scan Finished
2026-08-01 11:04:45.731 | INFO     | monitor:start:67 - Sleep 60 Seconds
2026-08-01 11:05:45.731 | INFO     | auth.login:ensure_login:354 - Checking Login...
2026-08-01 11:05:45.736 | SUCCESS  | auth.login:load_saved_token:192 - Saved Token Loaded
2026-08-01 11:05:45.737 | SUCCESS  | auth.login:ensure_login:362 - Using Saved Token
2026-08-01 11:05:45.738 | INFO     | monitor:scan:111 - Scanning Website...
2026-08-01 11:05:45.740 | INFO     | monitor:scan:125 - Loading Page 1
2026-08-01 11:05:45.740 | INFO     | api:get_files:60 - Loading Page 1
2026-08-01 11:05:49.108 | INFO     | api:get_file:84 - Loading File 126d518f-764b-2019-40a6-645aba60ba46
2026-08-01 11:05:49.337 | INFO     | monitor:scan:273 - Reached Old Files
2026-08-01 11:05:49.338 | INFO     | monitor:scan:303 - No New Serial
2026-08-01 11:05:49.339 | INFO     | monitor:scan:325 - Nothing Changed
2026-08-01 11:05:49.340 | SUCCESS  | monitor:scan:331 - Scan Finished
2026-08-01 11:05:49.341 | INFO     | monitor:start:67 - Sleep 60 Seconds
2026-08-01 11:06:49.342 | INFO     | auth.login:ensure_login:354 - Checking Login...
2026-08-01 11:06:49.346 | SUCCESS  | auth.login:load_saved_token:192 - Saved Token Loaded
2026-08-01 11:06:49.346 | SUCCESS  | auth.login:ensure_login:362 - Using Saved Token
2026-08-01 11:06:49.346 | INFO     | monitor:scan:111 - Scanning Website...
2026-08-01 11:06:49.346 | INFO     | monitor:scan:125 - Loading Page 1
2026-08-01 11:06:49.347 | INFO     | api:get_files:60 - Loading Page 1
2026-08-01 11:06:50.834 | INFO     | api:get_file:84 - Loading File 126d518f-764b-2019-40a6-645aba60ba46
2026-08-01 11:06:51.083 | INFO     | monitor:scan:273 - Reached Old Files
2026-08-01 11:06:51.084 | INFO     | monitor:scan:303 - No New Serial
2026-08-01 11:06:51.085 | INFO     | monitor:scan:325 - Nothing Changed
2026-08-01 11:06:51.085 | SUCCESS  | monitor:scan:331 - Scan Finished
2026-08-01 11:06:51.086 | INFO     | monitor:start:67 - Sleep 60 Seconds
2026-08-01 11:07:51.088 | INFO     | auth.login:ensure_login:354 - Checking Login...
2026-08-01 11:07:51.088 | SUCCESS  | auth.login:load_saved_token:192 - Saved Token Loaded
2026-08-01 11:07:51.089 | SUCCESS  | auth.login:ensure_login:362 - Using Saved Token
2026-08-01 11:07:51.089 | INFO     | monitor:scan:111 - Scanning Website...
2026-08-01 11:07:51.089 | INFO     | monitor:scan:125 - Loading Page 1
2026-08-01 11:07:51.090 | INFO     | api:get_files:60 - Loading Page 1
2026-08-01 11:07:52.691 | INFO     | api:get_file:84 - Loading File 126d518f-764b-2019-40a6-645aba60ba46
2026-08-01 11:07:52.922 | INFO     | monitor:scan:273 - Reached Old Files
2026-08-01 11:07:52.923 | INFO     | monitor:scan:303 - No New Serial
2026-08-01 11:07:52.923 | INFO     | monitor:scan:325 - Nothing Changed
2026-08-01 11:07:52.924 | SUCCESS  | monitor:scan:331 - Scan Finished
2026-08-01 11:07:52.925 | INFO     | monitor:start:67 - Sleep 60 Seconds
2026-08-01 11:08:52.926 | INFO     | auth.login:ensure_login:354 - Checking Login...
2026-08-01 11:08:52.927 | SUCCESS  | auth.login:load_saved_token:192 - Saved Token Loaded
2026-08-01 11:08:52.927 | SUCCESS  | auth.login:ensure_login:362 - Using Saved Token
2026-08-01 11:08:52.927 | INFO     | monitor:scan:111 - Scanning Website...
2026-08-01 11:08:52.927 | INFO     | monitor:scan:125 - Loading Page 1
2026-08-01 11:08:52.928 | INFO     | api:get_files:60 - Loading Page 1
2026-08-01 11:08:55.896 | INFO     | api:get_file:84 - Loading File 126d518f-764b-2019-40a6-645aba60ba46
2026-08-01 11:08:56.123 | INFO     | monitor:scan:273 - Reached Old Files
2026-08-01 11:08:56.123 | INFO     | monitor:scan:303 - No New Serial
2026-08-01 11:08:56.124 | INFO     | monitor:scan:325 - Nothing Changed
2026-08-01 11:08:56.124 | SUCCESS  | monitor:scan:331 - Scan Finished
2026-08-01 11:08:56.124 | INFO     | monitor:start:67 - Sleep 60 Seconds
2026-08-01 11:09:56.125 | INFO     | auth.login:ensure_login:354 - Checking Login...
2026-08-01 11:09:56.127 | SUCCESS  | auth.login:load_saved_token:192 - Saved Token Loaded
2026-08-01 11:09:56.128 | SUCCESS  | auth.login:ensure_login:362 - Using Saved Token
2026-08-01 11:09:56.128 | INFO     | monitor:scan:111 - Scanning Website...
2026-08-01 11:09:56.130 | INFO     | monitor:scan:125 - Loading Page 1
2026-08-01 11:09:56.131 | INFO     | api:get_files:60 - Loading Page 1
2026-08-01 11:09:57.823 | INFO     | api:get_file:84 - Loading File 126d518f-764b-2019-40a6-645aba60ba46
2026-08-01 11:09:58.033 | INFO     | monitor:scan:273 - Reached Old Files
2026-08-01 11:09:58.034 | INFO     | monitor:scan:303 - No New Serial
2026-08-01 11:09:58.034 | INFO     | monitor:scan:325 - Nothing Changed
2026-08-01 11:09:58.034 | SUCCESS  | monitor:scan:331 - Scan Finished
2026-08-01 11:09:58.036 | INFO     | monitor:start:67 - Sleep 60 Seconds
2026-08-01 11:10:58.037 | INFO     | auth.login:ensure_login:354 - Checking Login...
2026-08-01 11:10:58.039 | SUCCESS  | auth.login:load_saved_token:192 - Saved Token Loaded
2026-08-01 11:10:58.040 | SUCCESS  | auth.login:ensure_login:362 - Using Saved Token
2026-08-01 11:10:58.041 | INFO     | monitor:scan:111 - Scanning Website...
2026-08-01 11:10:58.043 | INFO     | monitor:scan:125 - Loading Page 1
2026-08-01 11:10:58.044 | INFO     | api:get_files:60 - Loading Page 1
2026-08-01 11:10:58.479 | WARNING  | auth.login:get:411 - Access Token Expired
2026-08-01 11:10:58.480 | INFO     | auth.login:login:262 - Logging in...
2026-08-01 11:10:58.865 | SUCCESS  | auth.login:save_token:242 - Token Saved
2026-08-01 11:10:58.865 | SUCCESS  | auth.login:login:340 - Login Successful
2026-08-01 11:11:00.257 | INFO     | api:get_file:84 - Loading File 126d518f-764b-2019-40a6-645aba60ba46
2026-08-01 11:11:00.486 | INFO     | monitor:scan:273 - Reached Old Files
2026-08-01 11:11:00.486 | INFO     | monitor:scan:303 - No New Serial
2026-08-01 11:11:00.487 | INFO     | monitor:scan:325 - Nothing Changed
2026-08-01 11:11:00.487 | SUCCESS  | monitor:scan:331 - Scan Finished
2026-08-01 11:11:00.488 | INFO     | monitor:start:67 - Sleep 60 Seconds
2026-08-01 11:12:00.490 | INFO     | auth.login:ensure_login:354 - Checking Login...
2026-08-01 11:12:00.514 | SUCCESS  | auth.login:load_saved_token:192 - Saved Token Loaded
2026-08-01 11:12:00.514 | SUCCESS  | auth.login:ensure_login:362 - Using Saved Token
2026-08-01 11:12:00.514 | INFO     | monitor:scan:111 - Scanning Website...
2026-08-01 11:12:00.515 | INFO     | monitor:scan:125 - Loading Page 1
2026-08-01 11:12:00.515 | INFO     | api:get_files:60 - Loading Page 1
2026-08-01 11:12:02.104 | INFO     | api:get_file:84 - Loading File 126d518f-764b-2019-40a6-645aba60ba46
2026-08-01 11:12:02.330 | INFO     | monitor:scan:273 - Reached Old Files
2026-08-01 11:12:02.332 | INFO     | monitor:scan:303 - No New Serial
2026-08-01 11:12:02.333 | INFO     | monitor:scan:325 - Nothing Changed
2026-08-01 11:12:02.333 | SUCCESS  | monitor:scan:331 - Scan Finished
2026-08-01 11:12:02.333 | INFO     | monitor:start:67 - Sleep 60 Seconds
2026-08-01 11:13:02.334 | INFO     | auth.login:ensure_login:354 - Checking Login...
2026-08-01 11:13:02.338 | SUCCESS  | auth.login:load_saved_token:192 - Saved Token Loaded
2026-08-01 11:13:02.340 | SUCCESS  | auth.login:ensure_login:362 - Using Saved Token
2026-08-01 11:13:02.341 | INFO     | monitor:scan:111 - Scanning Website...
2026-08-01 11:13:02.344 | INFO     | monitor:scan:125 - Loading Page 1
2026-08-01 11:13:02.345 | INFO     | api:get_files:60 - Loading Page 1
2026-08-01 11:13:03.803 | INFO     | api:get_file:84 - Loading File 126d518f-764b-2019-40a6-645aba60ba46
2026-08-01 11:13:04.031 | INFO     | monitor:scan:273 - Reached Old Files
2026-08-01 11:13:04.032 | INFO     | monitor:scan:303 - No New Serial
2026-08-01 11:13:04.033 | INFO     | monitor:scan:325 - Nothing Changed
2026-08-01 11:13:04.033 | SUCCESS  | monitor:scan:331 - Scan Finished
2026-08-01 11:13:04.034 | INFO     | monitor:start:67 - Sleep 60 Seconds
2026-08-01 11:14:04.036 | INFO     | auth.login:ensure_login:354 - Checking Login...
2026-08-01 11:14:04.038 | SUCCESS  | auth.login:load_saved_token:192 - Saved Token Loaded
2026-08-01 11:14:04.040 | SUCCESS  | auth.login:ensure_login:362 - Using Saved Token
2026-08-01 11:14:04.041 | INFO     | monitor:scan:111 - Scanning Website...
2026-08-01 11:14:04.043 | INFO     | monitor:scan:125 - Loading Page 1
2026-08-01 11:14:04.043 | INFO     | api:get_files:60 - Loading Page 1
2026-08-01 11:14:05.498 | INFO     | api:get_file:84 - Loading File 126d518f-764b-2019-40a6-645aba60ba46
2026-08-01 11:14:05.720 | INFO     | monitor:scan:273 - Reached Old Files
2026-08-01 11:14:05.721 | INFO     | monitor:scan:303 - No New Serial
2026-08-01 11:14:05.721 | INFO     | monitor:scan:325 - Nothing Changed
2026-08-01 11:14:05.721 | SUCCESS  | monitor:scan:331 - Scan Finished
2026-08-01 11:14:05.722 | INFO     | monitor:start:67 - Sleep 60 Seconds
2026-08-01 11:15:05.723 | INFO     | auth.login:ensure_login:354 - Checking Login...
2026-08-01 11:15:05.725 | SUCCESS  | auth.login:load_saved_token:192 - Saved Token Loaded
2026-08-01 11:15:05.726 | SUCCESS  | auth.login:ensure_login:362 - Using Saved Token
2026-08-01 11:15:05.727 | INFO     | monitor:scan:111 - Scanning Website...
2026-08-01 11:15:05.731 | INFO     | monitor:scan:125 - Loading Page 1
2026-08-01 11:15:05.731 | INFO     | api:get_files:60 - Loading Page 1
2026-08-01 11:15:07.284 | INFO     | api:get_file:84 - Loading File 126d518f-764b-2019-40a6-645aba60ba46
2026-08-01 11:15:07.503 | INFO     | monitor:scan:273 - Reached Old Files
2026-08-01 11:15:07.503 | INFO     | monitor:scan:303 - No New Serial
2026-08-01 11:15:07.504 | INFO     | monitor:scan:325 - Nothing Changed
2026-08-01 11:15:07.504 | SUCCESS  | monitor:scan:331 - Scan Finished
2026-08-01 11:15:07.505 | INFO     | monitor:start:67 - Sleep 60 Seconds
2026-08-01 11:16:07.506 | INFO     | auth.login:ensure_login:354 - Checking Login...
2026-08-01 11:16:07.509 | SUCCESS  | auth.login:load_saved_token:192 - Saved Token Loaded
2026-08-01 11:16:07.510 | SUCCESS  | auth.login:ensure_login:362 - Using Saved Token
2026-08-01 11:16:07.512 | INFO     | monitor:scan:111 - Scanning Website...
2026-08-01 11:16:07.514 | INFO     | monitor:scan:125 - Loading Page 1
2026-08-01 11:16:07.514 | INFO     | api:get_files:60 - Loading Page 1
2026-08-01 11:16:09.014 | INFO     | api:get_file:84 - Loading File 126d518f-764b-2019-40a6-645aba60ba46
2026-08-01 11:16:09.221 | INFO     | monitor:scan:273 - Reached Old Files
2026-08-01 11:16:09.221 | INFO     | monitor:scan:303 - No New Serial
2026-08-01 11:16:09.222 | INFO     | monitor:scan:325 - Nothing Changed
2026-08-01 11:16:09.222 | SUCCESS  | monitor:scan:331 - Scan Finished
2026-08-01 11:16:09.222 | INFO     | monitor:start:67 - Sleep 60 Seconds
2026-08-01 11:17:09.223 | INFO     | auth.login:ensure_login:354 - Checking Login...
2026-08-01 11:17:09.225 | SUCCESS  | auth.login:load_saved_token:192 - Saved Token Loaded
2026-08-01 11:17:09.225 | SUCCESS  | auth.login:ensure_login:362 - Using Saved Token
2026-08-01 11:17:09.226 | INFO     | monitor:scan:111 - Scanning Website...
2026-08-01 11:17:09.227 | INFO     | monitor:scan:125 - Loading Page 1
2026-08-01 11:17:09.227 | INFO     | api:get_files:60 - Loading Page 1
2026-08-01 11:17:12.404 | INFO     | api:get_file:84 - Loading File 126d518f-764b-2019-40a6-645aba60ba46
2026-08-01 11:17:12.621 | INFO     | monitor:scan:273 - Reached Old Files
2026-08-01 11:17:12.621 | INFO     | monitor:scan:303 - No New Serial
2026-08-01 11:17:12.621 | INFO     | monitor:scan:325 - Nothing Changed
2026-08-01 11:17:12.622 | SUCCESS  | monitor:scan:331 - Scan Finished
2026-08-01 11:17:12.622 | INFO     | monitor:start:67 - Sleep 60 Seconds
2026-08-01 11:18:12.623 | INFO     | auth.login:ensure_login:354 - Checking Login...
2026-08-01 11:18:12.626 | SUCCESS  | auth.login:load_saved_token:192 - Saved Token Loaded
2026-08-01 11:18:12.628 | SUCCESS  | auth.login:ensure_login:362 - Using Saved Token
2026-08-01 11:18:12.629 | INFO     | monitor:scan:111 - Scanning Website...
2026-08-01 11:18:12.631 | INFO     | monitor:scan:125 - Loading Page 1
2026-08-01 11:18:12.632 | INFO     | api:get_files:60 - Loading Page 1
2026-08-01 11:18:15.890 | INFO     | api:get_file:84 - Loading File 126d518f-764b-2019-40a6-645aba60ba46
2026-08-01 11:18:16.130 | INFO     | monitor:scan:273 - Reached Old Files
2026-08-01 11:18:16.131 | INFO     | monitor:scan:303 - No New Serial
2026-08-01 11:18:16.131 | INFO     | monitor:scan:325 - Nothing Changed
2026-08-01 11:18:16.131 | SUCCESS  | monitor:scan:331 - Scan Finished
2026-08-01 11:18:16.132 | INFO     | monitor:start:67 - Sleep 60 Seconds
2026-08-01 11:19:16.133 | INFO     | auth.login:ensure_login:354 - Checking Login...
2026-08-01 11:19:16.135 | SUCCESS  | auth.login:load_saved_token:192 - Saved Token Loaded
2026-08-01 11:19:16.136 | SUCCESS  | auth.login:ensure_login:362 - Using Saved Token
2026-08-01 11:19:16.137 | INFO     | monitor:scan:111 - Scanning Website...
2026-08-01 11:19:16.140 | INFO     | monitor:scan:125 - Loading Page 1
2026-08-01 11:19:16.141 | INFO     | api:get_files:60 - Loading Page 1
2026-08-01 11:19:19.130 | INFO     | api:get_file:84 - Loading File 126d518f-764b-2019-40a6-645aba60ba46
2026-08-01 11:19:19.348 | INFO     | monitor:scan:273 - Reached Old Files
2026-08-01 11:19:19.349 | INFO     | monitor:scan:303 - No New Serial
2026-08-01 11:19:19.349 | INFO     | monitor:scan:325 - Nothing Changed
2026-08-01 11:19:19.349 | SUCCESS  | monitor:scan:331 - Scan Finished
2026-08-01 11:19:19.350 | INFO     | monitor:start:67 - Sleep 60 Seconds
2026-08-01 11:20:19.351 | INFO     | auth.login:ensure_login:354 - Checking Login...
2026-08-01 11:20:19.353 | SUCCESS  | auth.login:load_saved_token:192 - Saved Token Loaded
2026-08-01 11:20:19.354 | SUCCESS  | auth.login:ensure_login:362 - Using Saved Token
2026-08-01 11:20:19.354 | INFO     | monitor:scan:111 - Scanning Website...
2026-08-01 11:20:19.356 | INFO     | monitor:scan:125 - Loading Page 1
2026-08-01 11:20:19.357 | INFO     | api:get_files:60 - Loading Page 1
2026-08-01 11:20:20.878 | INFO     | api:get_file:84 - Loading File 126d518f-764b-2019-40a6-645aba60ba46
2026-08-01 11:20:21.107 | INFO     | monitor:scan:273 - Reached Old Files
2026-08-01 11:20:21.107 | INFO     | monitor:scan:303 - No New Serial
2026-08-01 11:20:21.108 | INFO     | monitor:scan:325 - Nothing Changed
2026-08-01 11:20:21.108 | SUCCESS  | monitor:scan:331 - Scan Finished
2026-08-01 11:20:21.109 | INFO     | monitor:start:67 - Sleep 60 Seconds
2026-08-01 11:21:21.110 | INFO     | auth.login:ensure_login:354 - Checking Login...
2026-08-01 11:21:21.110 | SUCCESS  | auth.login:load_saved_token:192 - Saved Token Loaded
2026-08-01 11:21:21.111 | SUCCESS  | auth.login:ensure_login:362 - Using Saved Token
2026-08-01 11:21:21.111 | INFO     | monitor:scan:111 - Scanning Website...
2026-08-01 11:21:21.111 | INFO     | monitor:scan:125 - Loading Page 1
2026-08-01 11:21:21.111 | INFO     | api:get_files:60 - Loading Page 1
2026-08-01 11:21:21.536 | WARNING  | auth.login:get:411 - Access Token Expired
2026-08-01 11:21:21.537 | INFO     | auth.login:login:262 - Logging in...
2026-08-01 11:21:22.025 | SUCCESS  | auth.login:save_token:242 - Token Saved
2026-08-01 11:21:22.025 | SUCCESS  | auth.login:login:340 - Login Successful
2026-08-01 11:21:23.344 | INFO     | api:get_file:84 - Loading File 126d518f-764b-2019-40a6-645aba60ba46
2026-08-01 11:21:23.577 | INFO     | monitor:scan:273 - Reached Old Files
2026-08-01 11:21:23.578 | INFO     | monitor:scan:303 - No New Serial
2026-08-01 11:21:23.578 | INFO     | monitor:scan:325 - Nothing Changed
2026-08-01 11:21:23.578 | SUCCESS  | monitor:scan:331 - Scan Finished
2026-08-01 11:21:23.578 | INFO     | monitor:start:67 - Sleep 60 Seconds
2026-08-01 11:22:23.579 | INFO     | auth.login:ensure_login:354 - Checking Login...
2026-08-01 11:22:23.596 | SUCCESS  | auth.login:load_saved_token:192 - Saved Token Loaded
2026-08-01 11:22:23.596 | SUCCESS  | auth.login:ensure_login:362 - Using Saved Token
2026-08-01 11:22:23.596 | INFO     | monitor:scan:111 - Scanning Website...
2026-08-01 11:22:23.597 | INFO     | monitor:scan:125 - Loading Page 1
2026-08-01 11:22:23.597 | INFO     | api:get_files:60 - Loading Page 1
2026-08-01 11:22:26.218 | INFO     | api:get_file:84 - Loading File 126d518f-764b-2019-40a6-645aba60ba46
2026-08-01 11:22:26.436 | INFO     | monitor:scan:273 - Reached Old Files
2026-08-01 11:22:26.436 | INFO     | monitor:scan:303 - No New Serial
2026-08-01 11:22:26.437 | INFO     | monitor:scan:325 - Nothing Changed
2026-08-01 11:22:26.438 | SUCCESS  | monitor:scan:331 - Scan Finished
2026-08-01 11:22:26.439 | INFO     | monitor:start:67 - Sleep 60 Seconds
2026-08-01 11:23:26.440 | INFO     | auth.login:ensure_login:354 - Checking Login...
2026-08-01 11:23:26.443 | SUCCESS  | auth.login:load_saved_token:192 - Saved Token Loaded
2026-08-01 11:23:26.444 | SUCCESS  | auth.login:ensure_login:362 - Using Saved Token
2026-08-01 11:23:26.445 | INFO     | monitor:scan:111 - Scanning Website...
2026-08-01 11:23:26.447 | INFO     | monitor:scan:125 - Loading Page 1
2026-08-01 11:23:26.448 | INFO     | api:get_files:60 - Loading Page 1
2026-08-01 11:23:28.043 | INFO     | api:get_file:84 - Loading File 126d518f-764b-2019-40a6-645aba60ba46
2026-08-01 11:23:28.260 | INFO     | monitor:scan:273 - Reached Old Files
2026-08-01 11:23:28.261 | INFO     | monitor:scan:303 - No New Serial
2026-08-01 11:23:28.261 | INFO     | monitor:scan:325 - Nothing Changed
2026-08-01 11:23:28.262 | SUCCESS  | monitor:scan:331 - Scan Finished
2026-08-01 11:23:28.262 | INFO     | monitor:start:67 - Sleep 60 Seconds
2026-08-01 11:24:28.263 | INFO     | auth.login:ensure_login:354 - Checking Login...
2026-08-01 11:24:28.266 | SUCCESS  | auth.login:load_saved_token:192 - Saved Token Loaded
2026-08-01 11:24:28.266 | SUCCESS  | auth.login:ensure_login:362 - Using Saved Token
2026-08-01 11:24:28.267 | INFO     | monitor:scan:111 - Scanning Website...
2026-08-01 11:24:28.269 | INFO     | monitor:scan:125 - Loading Page 1
2026-08-01 11:24:28.269 | INFO     | api:get_files:60 - Loading Page 1
2026-08-01 11:24:29.733 | INFO     | api:get_file:84 - Loading File 126d518f-764b-2019-40a6-645aba60ba46
2026-08-01 11:24:29.951 | INFO     | monitor:scan:273 - Reached Old Files
2026-08-01 11:24:29.951 | INFO     | monitor:scan:303 - No New Serial
2026-08-01 11:24:29.951 | INFO     | monitor:scan:325 - Nothing Changed
2026-08-01 11:24:29.952 | SUCCESS  | monitor:scan:331 - Scan Finished
2026-08-01 11:24:29.952 | INFO     | monitor:start:67 - Sleep 60 Seconds
2026-08-01 11:25:29.953 | INFO     | auth.login:ensure_login:354 - Checking Login...
2026-08-01 11:25:29.956 | SUCCESS  | auth.login:load_saved_token:192 - Saved Token Loaded
2026-08-01 11:25:29.957 | SUCCESS  | auth.login:ensure_login:362 - Using Saved Token
2026-08-01 11:25:29.957 | INFO     | monitor:scan:111 - Scanning Website...
2026-08-01 11:25:29.958 | INFO     | monitor:scan:125 - Loading Page 1
2026-08-01 11:25:29.959 | INFO     | api:get_files:60 - Loading Page 1
2026-08-01 11:25:31.441 | INFO     | api:get_file:84 - Loading File 126d518f-764b-2019-40a6-645aba60ba46
2026-08-01 11:25:31.659 | INFO     | monitor:scan:273 - Reached Old Files
2026-08-01 11:25:31.661 | INFO     | monitor:scan:303 - No New Serial
2026-08-01 11:25:31.662 | INFO     | monitor:scan:325 - Nothing Changed
2026-08-01 11:25:31.662 | SUCCESS  | monitor:scan:331 - Scan Finished
2026-08-01 11:25:31.663 | INFO     | monitor:start:67 - Sleep 60 Seconds
2026-08-01 11:26:31.665 | INFO     | auth.login:ensure_login:354 - Checking Login...
2026-08-01 11:26:31.667 | SUCCESS  | auth.login:load_saved_token:192 - Saved Token Loaded
2026-08-01 11:26:31.667 | SUCCESS  | auth.login:ensure_login:362 - Using Saved Token
2026-08-01 11:26:31.668 | INFO     | monitor:scan:111 - Scanning Website...
2026-08-01 11:26:31.669 | INFO     | monitor:scan:125 - Loading Page 1
2026-08-01 11:26:31.670 | INFO     | api:get_files:60 - Loading Page 1
2026-08-01 11:26:34.540 | INFO     | api:get_file:84 - Loading File 126d518f-764b-2019-40a6-645aba60ba46
2026-08-01 11:26:34.755 | INFO     | monitor:scan:273 - Reached Old Files
2026-08-01 11:26:34.755 | INFO     | monitor:scan:303 - No New Serial
2026-08-01 11:26:34.756 | INFO     | monitor:scan:325 - Nothing Changed
2026-08-01 11:26:34.757 | SUCCESS  | monitor:scan:331 - Scan Finished
2026-08-01 11:26:34.758 | INFO     | monitor:start:67 - Sleep 60 Seconds
2026-08-01 11:27:34.759 | INFO     | auth.login:ensure_login:354 - Checking Login...
2026-08-01 11:27:34.763 | SUCCESS  | auth.login:load_saved_token:192 - Saved Token Loaded
2026-08-01 11:27:34.763 | SUCCESS  | auth.login:ensure_login:362 - Using Saved Token
2026-08-01 11:27:34.765 | INFO     | monitor:scan:111 - Scanning Website...
2026-08-01 11:27:34.766 | INFO     | monitor:scan:125 - Loading Page 1
2026-08-01 11:27:34.767 | INFO     | api:get_files:60 - Loading Page 1
2026-08-01 11:27:36.221 | INFO     | api:get_file:84 - Loading File 126d518f-764b-2019-40a6-645aba60ba46
2026-08-01 11:27:36.442 | INFO     | monitor:scan:273 - Reached Old Files
2026-08-01 11:27:36.443 | INFO     | monitor:scan:303 - No New Serial
2026-08-01 11:27:36.443 | INFO     | monitor:scan:325 - Nothing Changed
2026-08-01 11:27:36.444 | SUCCESS  | monitor:scan:331 - Scan Finished
2026-08-01 11:27:36.444 | INFO     | monitor:start:67 - Sleep 60 Seconds
2026-08-01 11:28:36.446 | INFO     | auth.login:ensure_login:354 - Checking Login...
2026-08-01 11:28:36.447 | SUCCESS  | auth.login:load_saved_token:192 - Saved Token Loaded
2026-08-01 11:28:36.447 | SUCCESS  | auth.login:ensure_login:362 - Using Saved Token
2026-08-01 11:28:36.447 | INFO     | monitor:scan:111 - Scanning Website...
2026-08-01 11:28:36.448 | INFO     | monitor:scan:125 - Loading Page 1
2026-08-01 11:28:36.448 | INFO     | api:get_files:60 - Loading Page 1
2026-08-01 11:28:39.480 | INFO     | api:get_file:84 - Loading File 126d518f-764b-2019-40a6-645aba60ba46
2026-08-01 11:28:39.682 | INFO     | monitor:scan:273 - Reached Old Files
2026-08-01 11:28:39.682 | INFO     | monitor:scan:303 - No New Serial
2026-08-01 11:28:39.682 | INFO     | monitor:scan:325 - Nothing Changed
2026-08-01 11:28:39.682 | SUCCESS  | monitor:scan:331 - Scan Finished
2026-08-01 11:28:39.683 | INFO     | monitor:start:67 - Sleep 60 Seconds
2026-08-01 11:29:39.683 | INFO     | auth.login:ensure_login:354 - Checking Login...
2026-08-01 11:29:39.685 | SUCCESS  | auth.login:load_saved_token:192 - Saved Token Loaded
2026-08-01 11:29:39.686 | SUCCESS  | auth.login:ensure_login:362 - Using Saved Token
2026-08-01 11:29:39.686 | INFO     | monitor:scan:111 - Scanning Website...
2026-08-01 11:29:39.688 | INFO     | monitor:scan:125 - Loading Page 1
2026-08-01 11:29:39.688 | INFO     | api:get_files:60 - Loading Page 1
2026-08-01 11:29:42.812 | INFO     | api:get_file:84 - Loading File 126d518f-764b-2019-40a6-645aba60ba46
2026-08-01 11:29:43.029 | INFO     | monitor:scan:273 - Reached Old Files
2026-08-01 11:29:43.029 | INFO     | monitor:scan:303 - No New Serial
2026-08-01 11:29:43.029 | INFO     | monitor:scan:325 - Nothing Changed
2026-08-01 11:29:43.030 | SUCCESS  | monitor:scan:331 - Scan Finished
2026-08-01 11:29:43.030 | INFO     | monitor:start:67 - Sleep 60 Seconds
2026-08-01 11:30:43.031 | INFO     | auth.login:ensure_login:354 - Checking Login...
2026-08-01 11:30:43.032 | SUCCESS  | auth.login:load_saved_token:192 - Saved Token Loaded
2026-08-01 11:30:43.033 | SUCCESS  | auth.login:ensure_login:362 - Using Saved Token
2026-08-01 11:30:43.033 | INFO     | monitor:scan:111 - Scanning Website...
2026-08-01 11:30:43.035 | INFO     | monitor:scan:125 - Loading Page 1
2026-08-01 11:30:43.035 | INFO     | api:get_files:60 - Loading Page 1
2026-08-01 11:30:44.621 | INFO     | api:get_file:84 - Loading File 126d518f-764b-2019-40a6-645aba60ba46
2026-08-01 11:30:44.886 | INFO     | monitor:scan:273 - Reached Old Files
2026-08-01 11:30:44.887 | INFO     | monitor:scan:303 - No New Serial
2026-08-01 11:30:44.888 | INFO     | monitor:scan:325 - Nothing Changed
2026-08-01 11:30:44.888 | SUCCESS  | monitor:scan:331 - Scan Finished
2026-08-01 11:30:44.889 | INFO     | monitor:start:67 - Sleep 60 Seconds
2026-08-01 11:31:44.889 | INFO     | auth.login:ensure_login:354 - Checking Login...
2026-08-01 11:31:44.890 | SUCCESS  | auth.login:load_saved_token:192 - Saved Token Loaded
2026-08-01 11:31:44.890 | SUCCESS  | auth.login:ensure_login:362 - Using Saved Token
2026-08-01 11:31:44.890 | INFO     | monitor:scan:111 - Scanning Website...
2026-08-01 11:31:44.891 | INFO     | monitor:scan:125 - Loading Page 1
2026-08-01 11:31:44.891 | INFO     | api:get_files:60 - Loading Page 1
2026-08-01 11:31:45.278 | WARNING  | auth.login:get:411 - Access Token Expired
2026-08-01 11:31:45.279 | INFO     | auth.login:login:262 - Logging in...
2026-08-01 11:31:45.768 | SUCCESS  | auth.login:save_token:242 - Token Saved
2026-08-01 11:31:45.769 | SUCCESS  | auth.login:login:340 - Login Successful
2026-08-01 11:31:48.451 | INFO     | api:get_file:84 - Loading File 126d518f-764b-2019-40a6-645aba60ba46
2026-08-01 11:31:48.674 | INFO     | monitor:scan:273 - Reached Old Files
2026-08-01 11:31:48.675 | INFO     | monitor:scan:303 - No New Serial
2026-08-01 11:31:48.675 | INFO     | monitor:scan:325 - Nothing Changed
2026-08-01 11:31:48.675 | SUCCESS  | monitor:scan:331 - Scan Finished
2026-08-01 11:31:48.676 | INFO     | monitor:start:67 - Sleep 60 Seconds
2026-08-01 11:32:48.677 | INFO     | auth.login:ensure_login:354 - Checking Login...
2026-08-01 11:32:48.716 | SUCCESS  | auth.login:load_saved_token:192 - Saved Token Loaded
2026-08-01 11:32:48.716 | SUCCESS  | auth.login:ensure_login:362 - Using Saved Token
2026-08-01 11:32:48.716 | INFO     | monitor:scan:111 - Scanning Website...
2026-08-01 11:32:48.717 | INFO     | monitor:scan:125 - Loading Page 1
2026-08-01 11:32:48.718 | INFO     | api:get_files:60 - Loading Page 1
2026-08-01 11:32:50.182 | INFO     | api:get_file:84 - Loading File 126d518f-764b-2019-40a6-645aba60ba46
2026-08-01 11:32:50.406 | INFO     | monitor:scan:273 - Reached Old Files
2026-08-01 11:32:50.407 | INFO     | monitor:scan:303 - No New Serial
2026-08-01 11:32:50.407 | INFO     | monitor:scan:325 - Nothing Changed
2026-08-01 11:32:50.407 | SUCCESS  | monitor:scan:331 - Scan Finished
2026-08-01 11:32:50.408 | INFO     | monitor:start:67 - Sleep 60 Seconds
2026-08-01 11:33:50.409 | INFO     | auth.login:ensure_login:354 - Checking Login...
2026-08-01 11:33:50.411 | SUCCESS  | auth.login:load_saved_token:192 - Saved Token Loaded
2026-08-01 11:33:50.412 | SUCCESS  | auth.login:ensure_login:362 - Using Saved Token
2026-08-01 11:33:50.412 | INFO     | monitor:scan:111 - Scanning Website...
2026-08-01 11:33:50.414 | INFO     | monitor:scan:125 - Loading Page 1
2026-08-01 11:33:50.415 | INFO     | api:get_files:60 - Loading Page 1
2026-08-01 11:33:51.922 | INFO     | api:get_file:84 - Loading File 126d518f-764b-2019-40a6-645aba60ba46
2026-08-01 11:33:52.150 | INFO     | monitor:scan:273 - Reached Old Files
2026-08-01 11:33:52.151 | INFO     | monitor:scan:303 - No New Serial
2026-08-01 11:33:52.151 | INFO     | monitor:scan:325 - Nothing Changed
2026-08-01 11:33:52.151 | SUCCESS  | monitor:scan:331 - Scan Finished
2026-08-01 11:33:52.152 | INFO     | monitor:start:67 - Sleep 60 Seconds
2026-08-01 11:34:52.153 | INFO     | auth.login:ensure_login:354 - Checking Login...
2026-08-01 11:34:52.155 | SUCCESS  | auth.login:load_saved_token:192 - Saved Token Loaded
2026-08-01 11:34:52.156 | SUCCESS  | auth.login:ensure_login:362 - Using Saved Token
2026-08-01 11:34:52.157 | INFO     | monitor:scan:111 - Scanning Website...
2026-08-01 11:34:52.159 | INFO     | monitor:scan:125 - Loading Page 1
2026-08-01 11:34:52.160 | INFO     | api:get_files:60 - Loading Page 1
2026-08-01 11:34:54.045 | INFO     | api:get_file:84 - Loading File 126d518f-764b-2019-40a6-645aba60ba46
2026-08-01 11:34:54.275 | INFO     | monitor:scan:273 - Reached Old Files
2026-08-01 11:34:54.276 | INFO     | monitor:scan:303 - No New Serial
2026-08-01 11:34:54.276 | INFO     | monitor:scan:325 - Nothing Changed
2026-08-01 11:34:54.277 | SUCCESS  | monitor:scan:331 - Scan Finished
2026-08-01 11:34:54.278 | INFO     | monitor:start:67 - Sleep 60 Seconds
2026-08-01 11:35:54.279 | INFO     | auth.login:ensure_login:354 - Checking Login...
2026-08-01 11:35:54.283 | SUCCESS  | auth.login:load_saved_token:192 - Saved Token Loaded
2026-08-01 11:35:54.284 | SUCCESS  | auth.login:ensure_login:362 - Using Saved Token
2026-08-01 11:35:54.285 | INFO     | monitor:scan:111 - Scanning Website...
2026-08-01 11:35:54.287 | INFO     | monitor:scan:125 - Loading Page 1
2026-08-01 11:35:54.288 | INFO     | api:get_files:60 - Loading Page 1
2026-08-01 11:35:56.416 | INFO     | api:get_file:84 - Loading File 126d518f-764b-2019-40a6-645aba60ba46
2026-08-01 11:35:56.631 | INFO     | monitor:scan:273 - Reached Old Files
2026-08-01 11:35:56.632 | INFO     | monitor:scan:303 - No New Serial
2026-08-01 11:35:56.632 | INFO     | monitor:scan:325 - Nothing Changed
2026-08-01 11:35:56.632 | SUCCESS  | monitor:scan:331 - Scan Finished
2026-08-01 11:35:56.633 | INFO     | monitor:start:67 - Sleep 60 Seconds
2026-08-01 11:36:56.633 | INFO     | auth.login:ensure_login:354 - Checking Login...
2026-08-01 11:36:56.634 | SUCCESS  | auth.login:load_saved_token:192 - Saved Token Loaded
2026-08-01 11:36:56.634 | SUCCESS  | auth.login:ensure_login:362 - Using Saved Token
2026-08-01 11:36:56.634 | INFO     | monitor:scan:111 - Scanning Website...
2026-08-01 11:36:56.635 | INFO     | monitor:scan:125 - Loading Page 1
2026-08-01 11:36:56.635 | INFO     | api:get_files:60 - Loading Page 1
2026-08-01 11:36:58.260 | INFO     | api:get_file:84 - Loading File 126d518f-764b-2019-40a6-645aba60ba46
2026-08-01 11:36:58.486 | INFO     | monitor:scan:273 - Reached Old Files
2026-08-01 11:36:58.486 | INFO     | monitor:scan:303 - No New Serial
2026-08-01 11:36:58.486 | INFO     | monitor:scan:325 - Nothing Changed
2026-08-01 11:36:58.486 | SUCCESS  | monitor:scan:331 - Scan Finished
2026-08-01 11:36:58.486 | INFO     | monitor:start:67 - Sleep 60 Seconds
2026-08-01 11:37:58.487 | INFO     | auth.login:ensure_login:354 - Checking Login...
2026-08-01 11:37:58.488 | SUCCESS  | auth.login:load_saved_token:192 - Saved Token Loaded
2026-08-01 11:37:58.488 | SUCCESS  | auth.login:ensure_login:362 - Using Saved Token
2026-08-01 11:37:58.488 | INFO     | monitor:scan:111 - Scanning Website...
2026-08-01 11:37:58.489 | INFO     | monitor:scan:125 - Loading Page 1
2026-08-01 11:37:58.489 | INFO     | api:get_files:60 - Loading Page 1
2026-08-01 11:38:00.160 | INFO     | api:get_file:84 - Loading File 126d518f-764b-2019-40a6-645aba60ba46
2026-08-01 11:38:00.386 | INFO     | monitor:scan:273 - Reached Old Files
2026-08-01 11:38:00.387 | INFO     | monitor:scan:303 - No New Serial
2026-08-01 11:38:00.387 | INFO     | monitor:scan:325 - Nothing Changed
2026-08-01 11:38:00.388 | SUCCESS  | monitor:scan:331 - Scan Finished
2026-08-01 11:38:00.389 | INFO     | monitor:start:67 - Sleep 60 Seconds
2026-08-01 11:39:00.390 | INFO     | auth.login:ensure_login:354 - Checking Login...
2026-08-01 11:39:00.393 | SUCCESS  | auth.login:load_saved_token:192 - Saved Token Loaded
2026-08-01 11:39:00.393 | SUCCESS  | auth.login:ensure_login:362 - Using Saved Token
2026-08-01 11:39:00.394 | INFO     | monitor:scan:111 - Scanning Website...
2026-08-01 11:39:00.395 | INFO     | monitor:scan:125 - Loading Page 1
2026-08-01 11:39:00.396 | INFO     | api:get_files:60 - Loading Page 1
2026-08-01 11:39:01.852 | INFO     | api:get_file:84 - Loading File 126d518f-764b-2019-40a6-645aba60ba46
2026-08-01 11:39:02.073 | INFO     | monitor:scan:273 - Reached Old Files
2026-08-01 11:39:02.073 | INFO     | monitor:scan:303 - No New Serial
2026-08-01 11:39:02.074 | INFO     | monitor:scan:325 - Nothing Changed
2026-08-01 11:39:02.074 | SUCCESS  | monitor:scan:331 - Scan Finished
2026-08-01 11:39:02.075 | INFO     | monitor:start:67 - Sleep 60 Seconds
2026-08-01 11:40:02.076 | INFO     | auth.login:ensure_login:354 - Checking Login...
2026-08-01 11:40:02.077 | SUCCESS  | auth.login:load_saved_token:192 - Saved Token Loaded
2026-08-01 11:40:02.077 | SUCCESS  | auth.login:ensure_login:362 - Using Saved Token
2026-08-01 11:40:02.077 | INFO     | monitor:scan:111 - Scanning Website...
2026-08-01 11:40:02.078 | INFO     | monitor:scan:125 - Loading Page 1
2026-08-01 11:40:02.078 | INFO     | api:get_files:60 - Loading Page 1
2026-08-01 11:40:05.085 | INFO     | api:get_file:84 - Loading File 126d518f-764b-2019-40a6-645aba60ba46
2026-08-01 11:40:05.317 | INFO     | monitor:scan:273 - Reached Old Files
2026-08-01 11:40:05.318 | INFO     | monitor:scan:303 - No New Serial
2026-08-01 11:40:05.318 | INFO     | monitor:scan:325 - Nothing Changed
2026-08-01 11:40:05.319 | SUCCESS  | monitor:scan:331 - Scan Finished
2026-08-01 11:40:05.320 | INFO     | monitor:start:67 - Sleep 60 Seconds
2026-08-01 11:41:05.321 | INFO     | auth.login:ensure_login:354 - Checking Login...
2026-08-01 11:41:05.324 | SUCCESS  | auth.login:load_saved_token:192 - Saved Token Loaded
2026-08-01 11:41:05.324 | SUCCESS  | auth.login:ensure_login:362 - Using Saved Token
2026-08-01 11:41:05.326 | INFO     | monitor:scan:111 - Scanning Website...
2026-08-01 11:41:05.328 | INFO     | monitor:scan:125 - Loading Page 1
2026-08-01 11:41:05.328 | INFO     | api:get_files:60 - Loading Page 1
2026-08-01 11:41:07.115 | INFO     | api:get_file:84 - Loading File 126d518f-764b-2019-40a6-645aba60ba46
2026-08-01 11:41:07.345 | INFO     | monitor:scan:273 - Reached Old Files
2026-08-01 11:41:07.346 | INFO     | monitor:scan:303 - No New Serial
2026-08-01 11:41:07.346 | INFO     | monitor:scan:325 - Nothing Changed
2026-08-01 11:41:07.347 | SUCCESS  | monitor:scan:331 - Scan Finished
2026-08-01 11:41:07.347 | INFO     | monitor:start:67 - Sleep 60 Seconds
2026-08-01 11:42:07.348 | INFO     | auth.login:ensure_login:354 - Checking Login...
2026-08-01 11:42:07.350 | SUCCESS  | auth.login:load_saved_token:192 - Saved Token Loaded
2026-08-01 11:42:07.350 | SUCCESS  | auth.login:ensure_login:362 - Using Saved Token
2026-08-01 11:42:07.350 | INFO     | monitor:scan:111 - Scanning Website...
2026-08-01 11:42:07.351 | INFO     | monitor:scan:125 - Loading Page 1
2026-08-01 11:42:07.352 | INFO     | api:get_files:60 - Loading Page 1
2026-08-01 11:42:07.772 | WARNING  | auth.login:get:411 - Access Token Expired
2026-08-01 11:42:07.773 | INFO     | auth.login:login:262 - Logging in...
2026-08-01 11:42:08.265 | SUCCESS  | auth.login:save_token:242 - Token Saved
2026-08-01 11:42:08.265 | SUCCESS  | auth.login:login:340 - Login Successful
2026-08-01 11:42:10.883 | INFO     | api:get_file:84 - Loading File 126d518f-764b-2019-40a6-645aba60ba46
2026-08-01 11:42:11.106 | INFO     | monitor:scan:273 - Reached Old Files
2026-08-01 11:42:11.107 | INFO     | monitor:scan:303 - No New Serial
2026-08-01 11:42:11.107 | INFO     | monitor:scan:325 - Nothing Changed
2026-08-01 11:42:11.107 | SUCCESS  | monitor:scan:331 - Scan Finished
2026-08-01 11:42:11.107 | INFO     | monitor:start:67 - Sleep 60 Seconds
2026-08-01 11:43:11.108 | INFO     | auth.login:ensure_login:354 - Checking Login...
2026-08-01 11:43:11.136 | SUCCESS  | auth.login:load_saved_token:192 - Saved Token Loaded
2026-08-01 11:43:11.137 | SUCCESS  | auth.login:ensure_login:362 - Using Saved Token
2026-08-01 11:43:11.137 | INFO     | monitor:scan:111 - Scanning Website...
2026-08-01 11:43:11.138 | INFO     | monitor:scan:125 - Loading Page 1
2026-08-01 11:43:11.139 | INFO     | api:get_files:60 - Loading Page 1
2026-08-01 11:43:14.319 | INFO     | api:get_file:84 - Loading File 126d518f-764b-2019-40a6-645aba60ba46
2026-08-01 11:43:14.546 | INFO     | monitor:scan:273 - Reached Old Files
2026-08-01 11:43:14.547 | INFO     | monitor:scan:303 - No New Serial
2026-08-01 11:43:14.547 | INFO     | monitor:scan:325 - Nothing Changed
2026-08-01 11:43:14.549 | SUCCESS  | monitor:scan:331 - Scan Finished
2026-08-01 11:43:14.550 | INFO     | monitor:start:67 - Sleep 60 Seconds
2026-08-01 11:44:14.552 | INFO     | auth.login:ensure_login:354 - Checking Login...
2026-08-01 11:44:14.552 | SUCCESS  | auth.login:load_saved_token:192 - Saved Token Loaded
2026-08-01 11:44:14.553 | SUCCESS  | auth.login:ensure_login:362 - Using Saved Token
2026-08-01 11:44:14.553 | INFO     | monitor:scan:111 - Scanning Website...
2026-08-01 11:44:14.553 | INFO     | monitor:scan:125 - Loading Page 1
2026-08-01 11:44:14.553 | INFO     | api:get_files:60 - Loading Page 1
2026-08-01 11:44:15.979 | INFO     | api:get_file:84 - Loading File 126d518f-764b-2019-40a6-645aba60ba46
2026-08-01 11:44:16.193 | INFO     | monitor:scan:273 - Reached Old Files
2026-08-01 11:44:16.193 | INFO     | monitor:scan:303 - No New Serial
2026-08-01 11:44:16.194 | INFO     | monitor:scan:325 - Nothing Changed
2026-08-01 11:44:16.194 | SUCCESS  | monitor:scan:331 - Scan Finished
2026-08-01 11:44:16.195 | INFO     | monitor:start:67 - Sleep 60 Seconds
2026-08-01 11:45:16.197 | INFO     | auth.login:ensure_login:354 - Checking Login...
2026-08-01 11:45:16.197 | SUCCESS  | auth.login:load_saved_token:192 - Saved Token Loaded
2026-08-01 11:45:16.198 | SUCCESS  | auth.login:ensure_login:362 - Using Saved Token
2026-08-01 11:45:16.198 | INFO     | monitor:scan:111 - Scanning Website...
2026-08-01 11:45:16.199 | INFO     | monitor:scan:125 - Loading Page 1
2026-08-01 11:45:16.199 | INFO     | api:get_files:60 - Loading Page 1
2026-08-01 11:45:17.757 | INFO     | api:get_file:84 - Loading File 126d518f-764b-2019-40a6-645aba60ba46
2026-08-01 11:45:17.977 | INFO     | monitor:scan:273 - Reached Old Files
2026-08-01 11:45:17.978 | INFO     | monitor:scan:303 - No New Serial
2026-08-01 11:45:17.979 | INFO     | monitor:scan:325 - Nothing Changed
2026-08-01 11:45:17.979 | SUCCESS  | monitor:scan:331 - Scan Finished
2026-08-01 11:45:17.981 | INFO     | monitor:start:67 - Sleep 60 Seconds
2026-08-01 11:46:17.982 | INFO     | auth.login:ensure_login:354 - Checking Login...
2026-08-01 11:46:17.984 | SUCCESS  | auth.login:load_saved_token:192 - Saved Token Loaded
2026-08-01 11:46:17.985 | SUCCESS  | auth.login:ensure_login:362 - Using Saved Token
2026-08-01 11:46:17.986 | INFO     | monitor:scan:111 - Scanning Website...
2026-08-01 11:46:17.987 | INFO     | monitor:scan:125 - Loading Page 1
2026-08-01 11:46:17.988 | INFO     | api:get_files:60 - Loading Page 1
2026-08-01 11:46:19.706 | INFO     | api:get_file:84 - Loading File 126d518f-764b-2019-40a6-645aba60ba46
2026-08-01 11:46:19.932 | INFO     | monitor:scan:273 - Reached Old Files
2026-08-01 11:46:19.933 | INFO     | monitor:scan:303 - No New Serial
2026-08-01 11:46:19.933 | INFO     | monitor:scan:325 - Nothing Changed
2026-08-01 11:46:19.934 | SUCCESS  | monitor:scan:331 - Scan Finished
2026-08-01 11:46:19.935 | INFO     | monitor:start:67 - Sleep 60 Seconds
2026-08-01 11:47:19.935 | INFO     | auth.login:ensure_login:354 - Checking Login...
2026-08-01 11:47:19.936 | SUCCESS  | auth.login:load_saved_token:192 - Saved Token Loaded
2026-08-01 11:47:19.936 | SUCCESS  | auth.login:ensure_login:362 - Using Saved Token
2026-08-01 11:47:19.936 | INFO     | monitor:scan:111 - Scanning Website...
2026-08-01 11:47:19.937 | INFO     | monitor:scan:125 - Loading Page 1
2026-08-01 11:47:19.937 | INFO     | api:get_files:60 - Loading Page 1
2026-08-01 11:47:39.310 | ERROR    | auth.login:get:437 - GET ERROR : [WinError 10053] An established connection was aborted by the software in your host machine
2026-08-01 11:47:39.310 | ERROR    | monitor:start:65 - [WinError 10053] An established connection was aborted by the software in your host machine
Traceback (most recent call last):

  File "C:\Users\ARKA\AppData\Roaming\Python\Python314\site-packages\httpx\_transports\default.py", line 101, in map_httpcore_exceptions
    yield
  File "C:\Users\ARKA\AppData\Roaming\Python\Python314\site-packages\httpx\_transports\default.py", line 250, in handle_request
    resp = self._pool.handle_request(req)
           │    │     │              └ <Request [b'GET']>
           │    │     └ <function ConnectionPool.handle_request at 0x000001EDD11307D0>
           │    └ <ConnectionPool [Requests: 0 active, 0 queued | Connections: 0 active, 0 idle]>
           └ <httpx.HTTPTransport object at 0x000001EDD0EFA510>
  File "C:\Users\ARKA\AppData\Roaming\Python\Python314\site-packages\httpcore\_sync\connection_pool.py", line 256, in handle_request
    raise exc from None
  File "C:\Users\ARKA\AppData\Roaming\Python\Python314\site-packages\httpcore\_sync\connection_pool.py", line 236, in handle_request
    response = connection.handle_request(
               │          └ <function HTTPConnection.handle_request at 0x000001EDD1122C40>
               └ <HTTPConnection [CONNECTION FAILED]>
  File "C:\Users\ARKA\AppData\Roaming\Python\Python314\site-packages\httpcore\_sync\connection.py", line 101, in handle_request
    raise exc
  File "C:\Users\ARKA\AppData\Roaming\Python\Python314\site-packages\httpcore\_sync\connection.py", line 78, in handle_request
    stream = self._connect(request)
             │    │        └ <Request [b'GET']>
             │    └ <function HTTPConnection._connect at 0x000001EDD1122DA0>
             └ <HTTPConnection [CONNECTION FAILED]>
  File "C:\Users\ARKA\AppData\Roaming\Python\Python314\site-packages\httpcore\_sync\connection.py", line 124, in _connect
    stream = self._network_backend.connect_tcp(**kwargs)
             │    │                │             └ {'host': 'www.alborzfiling.ir', 'port': 80, 'local_address': None, 'timeout': 30, 'socket_options': None}
             │    │                └ <function SyncBackend.connect_tcp at 0x000001EDD0F54300>
             │    └ <httpcore.SyncBackend object at 0x000001EDD1068EC0>
             └ <HTTPConnection [CONNECTION FAILED]>
  File "C:\Users\ARKA\AppData\Roaming\Python\Python314\site-packages\httpcore\_backends\sync.py", line 207, in connect_tcp
    with map_exceptions(exc_map):
         │              └ {<class 'TimeoutError'>: <class 'httpcore.ConnectTimeout'>, <class 'OSError'>: <class 'httpcore.ConnectError'>}
         └ <function map_exceptions at 0x000001EDD0F65640>
  File "C:\Python314\Lib\contextlib.py", line 162, in __exit__
    self.gen.throw(value)
    │    │   │     └ ConnectionAbortedError(10053, 'An established connection was aborted by the software in your host machine', None, 10053, None)
    │    │   └ <method 'throw' of 'generator' objects>
    │    └ <generator object map_exceptions at 0x000001EDD1117640>
    └ <contextlib._GeneratorContextManager object at 0x000001EDD13B2040>
  File "C:\Users\ARKA\AppData\Roaming\Python\Python314\site-packages\httpcore\_exceptions.py", line 14, in map_exceptions
    raise to_exc(exc) from exc
          └ <class 'httpcore.ConnectError'>

httpcore.ConnectError: [WinError 10053] An established connection was aborted by the software in your host machine


The above exception was the direct cause of the following exception:


Traceback (most recent call last):

  File "C:\Users\ARKA\OneDrive\Desktop\AlborzMonitor\FuY\FuY-RealEstate-PWA\main.py", line 43, in <module>
    main()
    └ <function main at 0x000001EDCDC1E820>

  File "C:\Users\ARKA\OneDrive\Desktop\AlborzMonitor\FuY\FuY-RealEstate-PWA\main.py", line 38, in main
    monitor.start()
    │       └ <function Monitor.start at 0x000001EDD0E999B0>
    └ <monitor.Monitor object at 0x000001EDD0EF9A90>

> File "C:\Users\ARKA\OneDrive\Desktop\AlborzMonitor\FuY\FuY-RealEstate-PWA\monitor.py", line 61, in start
    self.scan()
    │    └ <function Monitor.scan at 0x000001EDD0E99DD0>
    └ <monitor.Monitor object at 0x000001EDD0EF9A90>

  File "C:\Users\ARKA\OneDrive\Desktop\AlborzMonitor\FuY\FuY-RealEstate-PWA\monitor.py", line 127, in scan
    response = self.api.get_files(
               │    │   └ <function AlborzAPI.get_files at 0x000001EDD0E87D70>
               │    └ <api.AlborzAPI object at 0x000001EDD10692B0>
               └ <monitor.Monitor object at 0x000001EDD0EF9A90>

  File "C:\Users\ARKA\OneDrive\Desktop\AlborzMonitor\FuY\FuY-RealEstate-PWA\api.py", line 64, in get_files
    return self.login.get(
           │    │     └ <function LoginManager.get at 0x000001EDD0E87C10>
           │    └ <auth.login.LoginManager object at 0x000001EDD0EF9BE0>
           └ <api.AlborzAPI object at 0x000001EDD10692B0>

  File "C:\Users\ARKA\OneDrive\Desktop\AlborzMonitor\FuY\FuY-RealEstate-PWA\auth\login.py", line 396, in get
    response = self.session.get(
               │    │       └ <function Client.get at 0x000001EDD009E400>
               │    └ <httpx.Client object at 0x000001EDD0EF9D30>
               └ <auth.login.LoginManager object at 0x000001EDD0EF9BE0>

  File "C:\Users\ARKA\AppData\Roaming\Python\Python314\site-packages\httpx\_client.py", line 1053, in get
    return self.request(
           │    └ <function Client.request at 0x000001EDD009DB10>
           └ <httpx.Client object at 0x000001EDD0EF9D30>
  File "C:\Users\ARKA\AppData\Roaming\Python\Python314\site-packages\httpx\_client.py", line 825, in request
    return self.send(request, auth=auth, follow_redirects=follow_redirects)
           │    │    │             │                      └ <httpx._client.UseClientDefault object at 0x000001EDCFF6FA10>
           │    │    │             └ <httpx._client.UseClientDefault object at 0x000001EDCFF6FA10>
           │    │    └ <Request('GET', 'http://www.alborzfiling.ir/api/File/List?pageNo=1&pageSize=100&fastSearch=&sort=fileDateShamsi&descending=tr...
           │    └ <function Client.send at 0x000001EDD009DE80>
           └ <httpx.Client object at 0x000001EDD0EF9D30>
  File "C:\Users\ARKA\AppData\Roaming\Python\Python314\site-packages\httpx\_client.py", line 914, in send
    response = self._send_handling_auth(
               │    └ <function Client._send_handling_auth at 0x000001EDD009DFE0>
               └ <httpx.Client object at 0x000001EDD0EF9D30>
  File "C:\Users\ARKA\AppData\Roaming\Python\Python314\site-packages\httpx\_client.py", line 942, in _send_handling_auth
    response = self._send_handling_redirects(
               │    └ <function Client._send_handling_redirects at 0x000001EDD009E140>
               └ <httpx.Client object at 0x000001EDD0EF9D30>
  File "C:\Users\ARKA\AppData\Roaming\Python\Python314\site-packages\httpx\_client.py", line 979, in _send_handling_redirects
    response = self._send_single_request(request)
               │    │                    └ <Request('GET', 'http://www.alborzfiling.ir/api/File/List?pageNo=1&pageSize=100&fastSearch=&sort=fileDateShamsi&descending=tr...
               │    └ <function Client._send_single_request at 0x000001EDD009E2A0>
               └ <httpx.Client object at 0x000001EDD0EF9D30>
  File "C:\Users\ARKA\AppData\Roaming\Python\Python314\site-packages\httpx\_client.py", line 1014, in _send_single_request
    response = transport.handle_request(request)
               │         │              └ <Request('GET', 'http://www.alborzfiling.ir/api/File/List?pageNo=1&pageSize=100&fastSearch=&sort=fileDateShamsi&descending=tr...
               │         └ <function HTTPTransport.handle_request at 0x000001EDD0098510>
               └ <httpx.HTTPTransport object at 0x000001EDD0EFA510>
  File "C:\Users\ARKA\AppData\Roaming\Python\Python314\site-packages\httpx\_transports\default.py", line 249, in handle_request
    with map_httpcore_exceptions():
         └ <function map_httpcore_exceptions at 0x000001EDD007FA00>
  File "C:\Python314\Lib\contextlib.py", line 162, in __exit__
    self.gen.throw(value)
    │    │   │     └ ConnectError(ConnectionAbortedError(10053, 'An established connection was aborted by the software in your host machine', None...
    │    │   └ <method 'throw' of 'generator' objects>
    │    └ <generator object map_httpcore_exceptions at 0x000001EDD1117C40>
    └ <contextlib._GeneratorContextManager object at 0x000001EDD13B1940>
  File "C:\Users\ARKA\AppData\Roaming\Python\Python314\site-packages\httpx\_transports\default.py", line 118, in map_httpcore_exceptions
    raise mapped_exc(message) from exc
          │          └ '[WinError 10053] An established connection was aborted by the software in your host machine'
          └ <class 'httpx.ConnectError'>

httpx.ConnectError: [WinError 10053] An established connection was aborted by the software in your host machine
2026-08-01 11:47:39.320 | INFO     | monitor:start:67 - Sleep 60 Seconds
2026-08-01 11:48:39.320 | INFO     | auth.login:ensure_login:354 - Checking Login...
2026-08-01 11:48:39.322 | SUCCESS  | auth.login:load_saved_token:192 - Saved Token Loaded
2026-08-01 11:48:39.323 | SUCCESS  | auth.login:ensure_login:362 - Using Saved Token
2026-08-01 11:48:39.323 | INFO     | monitor:scan:111 - Scanning Website...
2026-08-01 11:48:39.324 | INFO     | monitor:scan:125 - Loading Page 1
2026-08-01 11:48:39.325 | INFO     | api:get_files:60 - Loading Page 1
2026-08-01 11:48:39.647 | INFO     | api:get_file:84 - Loading File 126d518f-764b-2019-40a6-645aba60ba46
2026-08-01 11:48:39.684 | INFO     | monitor:scan:273 - Reached Old Files
2026-08-01 11:48:39.685 | INFO     | monitor:scan:303 - No New Serial
2026-08-01 11:48:39.685 | INFO     | monitor:scan:325 - Nothing Changed
2026-08-01 11:48:39.685 | SUCCESS  | monitor:scan:331 - Scan Finished
2026-08-01 11:48:39.685 | INFO     | monitor:start:67 - Sleep 60 Seconds
2026-08-01 11:49:39.686 | INFO     | auth.login:ensure_login:354 - Checking Login...
2026-08-01 11:49:39.690 | SUCCESS  | auth.login:load_saved_token:192 - Saved Token Loaded
2026-08-01 11:49:39.691 | SUCCESS  | auth.login:ensure_login:362 - Using Saved Token
2026-08-01 11:49:39.692 | INFO     | monitor:scan:111 - Scanning Website...
2026-08-01 11:49:39.697 | INFO     | monitor:scan:125 - Loading Page 1
2026-08-01 11:49:39.698 | INFO     | api:get_files:60 - Loading Page 1
2026-08-01 11:49:41.406 | INFO     | api:get_file:84 - Loading File 126d518f-764b-2019-40a6-645aba60ba46
2026-08-01 11:49:41.633 | INFO     | monitor:scan:273 - Reached Old Files
2026-08-01 11:49:41.637 | INFO     | monitor:scan:303 - No New Serial
2026-08-01 11:49:41.637 | INFO     | monitor:scan:325 - Nothing Changed
2026-08-01 11:49:41.637 | SUCCESS  | monitor:scan:331 - Scan Finished
2026-08-01 11:49:41.638 | INFO     | monitor:start:67 - Sleep 60 Seconds
2026-08-01 11:50:41.638 | INFO     | auth.login:ensure_login:354 - Checking Login...
2026-08-01 11:50:41.641 | SUCCESS  | auth.login:load_saved_token:192 - Saved Token Loaded
2026-08-01 11:50:41.642 | SUCCESS  | auth.login:ensure_login:362 - Using Saved Token
2026-08-01 11:50:41.642 | INFO     | monitor:scan:111 - Scanning Website...
2026-08-01 11:50:41.644 | INFO     | monitor:scan:125 - Loading Page 1
2026-08-01 11:50:41.644 | INFO     | api:get_files:60 - Loading Page 1
2026-08-01 11:50:44.291 | INFO     | api:get_file:84 - Loading File 126d518f-764b-2019-40a6-645aba60ba46
2026-08-01 11:50:44.506 | INFO     | monitor:scan:273 - Reached Old Files
2026-08-01 11:50:44.506 | INFO     | monitor:scan:303 - No New Serial
2026-08-01 11:50:44.507 | INFO     | monitor:scan:325 - Nothing Changed
2026-08-01 11:50:44.507 | SUCCESS  | monitor:scan:331 - Scan Finished
2026-08-01 11:50:44.507 | INFO     | monitor:start:67 - Sleep 60 Seconds
2026-08-01 11:51:44.508 | INFO     | auth.login:ensure_login:354 - Checking Login...
2026-08-01 11:51:44.510 | SUCCESS  | auth.login:load_saved_token:192 - Saved Token Loaded
2026-08-01 11:51:44.511 | SUCCESS  | auth.login:ensure_login:362 - Using Saved Token
2026-08-01 11:51:44.511 | INFO     | monitor:scan:111 - Scanning Website...
2026-08-01 11:51:44.513 | INFO     | monitor:scan:125 - Loading Page 1
2026-08-01 11:51:44.513 | INFO     | api:get_files:60 - Loading Page 1
2026-08-01 11:51:47.415 | INFO     | api:get_file:84 - Loading File 126d518f-764b-2019-40a6-645aba60ba46
2026-08-01 11:51:47.629 | INFO     | monitor:scan:273 - Reached Old Files
2026-08-01 11:51:47.629 | INFO     | monitor:scan:303 - No New Serial
2026-08-01 11:51:47.629 | INFO     | monitor:scan:325 - Nothing Changed
2026-08-01 11:51:47.629 | SUCCESS  | monitor:scan:331 - Scan Finished
2026-08-01 11:51:47.629 | INFO     | monitor:start:67 - Sleep 60 Seconds
2026-08-01 11:52:47.630 | INFO     | auth.login:ensure_login:354 - Checking Login...
2026-08-01 11:52:47.632 | SUCCESS  | auth.login:load_saved_token:192 - Saved Token Loaded
2026-08-01 11:52:47.633 | SUCCESS  | auth.login:ensure_login:362 - Using Saved Token
2026-08-01 11:52:47.633 | INFO     | monitor:scan:111 - Scanning Website...
2026-08-01 11:52:47.635 | INFO     | monitor:scan:125 - Loading Page 1
2026-08-01 11:52:47.636 | INFO     | api:get_files:60 - Loading Page 1
2026-08-01 11:52:48.037 | WARNING  | auth.login:get:411 - Access Token Expired
2026-08-01 11:52:48.038 | INFO     | auth.login:login:262 - Logging in...
2026-08-01 11:52:48.510 | SUCCESS  | auth.login:save_token:242 - Token Saved
2026-08-01 11:52:48.511 | SUCCESS  | auth.login:login:340 - Login Successful
2026-08-01 11:52:50.941 | INFO     | api:get_file:84 - Loading File 126d518f-764b-2019-40a6-645aba60ba46
2026-08-01 11:52:51.158 | INFO     | monitor:scan:273 - Reached Old Files
2026-08-01 11:52:51.159 | INFO     | monitor:scan:303 - No New Serial
2026-08-01 11:52:51.160 | INFO     | monitor:scan:325 - Nothing Changed
2026-08-01 11:52:51.162 | SUCCESS  | monitor:scan:331 - Scan Finished
2026-08-01 11:52:51.165 | INFO     | monitor:start:67 - Sleep 60 Seconds
2026-08-01 11:53:51.166 | INFO     | auth.login:ensure_login:354 - Checking Login...
2026-08-01 11:53:51.188 | SUCCESS  | auth.login:load_saved_token:192 - Saved Token Loaded
2026-08-01 11:53:51.189 | SUCCESS  | auth.login:ensure_login:362 - Using Saved Token
2026-08-01 11:53:51.189 | INFO     | monitor:scan:111 - Scanning Website...
2026-08-01 11:53:51.190 | INFO     | monitor:scan:125 - Loading Page 1
2026-08-01 11:53:51.190 | INFO     | api:get_files:60 - Loading Page 1
2026-08-01 11:53:52.798 | INFO     | api:get_file:84 - Loading File 126d518f-764b-2019-40a6-645aba60ba46
2026-08-01 11:53:53.013 | INFO     | monitor:scan:273 - Reached Old Files
2026-08-01 11:53:53.013 | INFO     | monitor:scan:303 - No New Serial
2026-08-01 11:53:53.014 | INFO     | monitor:scan:325 - Nothing Changed
2026-08-01 11:53:53.014 | SUCCESS  | monitor:scan:331 - Scan Finished
2026-08-01 11:53:53.014 | INFO     | monitor:start:67 - Sleep 60 Seconds
2026-08-01 11:54:53.015 | INFO     | auth.login:ensure_login:354 - Checking Login...
2026-08-01 11:54:53.016 | SUCCESS  | auth.login:load_saved_token:192 - Saved Token Loaded
2026-08-01 11:54:53.016 | SUCCESS  | auth.login:ensure_login:362 - Using Saved Token
2026-08-01 11:54:53.016 | INFO     | monitor:scan:111 - Scanning Website...
2026-08-01 11:54:53.017 | INFO     | monitor:scan:125 - Loading Page 1
2026-08-01 11:54:53.017 | INFO     | api:get_files:60 - Loading Page 1
2026-08-01 11:54:54.479 | INFO     | api:get_file:84 - Loading File 126d518f-764b-2019-40a6-645aba60ba46
2026-08-01 11:54:54.702 | INFO     | monitor:scan:273 - Reached Old Files
2026-08-01 11:54:54.702 | INFO     | monitor:scan:303 - No New Serial
2026-08-01 11:54:54.702 | INFO     | monitor:scan:325 - Nothing Changed
2026-08-01 11:54:54.702 | SUCCESS  | monitor:scan:331 - Scan Finished
2026-08-01 11:54:54.702 | INFO     | monitor:start:67 - Sleep 60 Seconds
2026-08-01 11:55:54.703 | INFO     | auth.login:ensure_login:354 - Checking Login...
2026-08-01 11:55:54.704 | SUCCESS  | auth.login:load_saved_token:192 - Saved Token Loaded
2026-08-01 11:55:54.704 | SUCCESS  | auth.login:ensure_login:362 - Using Saved Token
2026-08-01 11:55:54.704 | INFO     | monitor:scan:111 - Scanning Website...
2026-08-01 11:55:54.705 | INFO     | monitor:scan:125 - Loading Page 1
2026-08-01 11:55:54.705 | INFO     | api:get_files:60 - Loading Page 1
2026-08-01 11:55:56.185 | INFO     | api:get_file:84 - Loading File 126d518f-764b-2019-40a6-645aba60ba46
2026-08-01 11:55:56.401 | INFO     | monitor:scan:273 - Reached Old Files
2026-08-01 11:55:56.402 | INFO     | monitor:scan:303 - No New Serial
2026-08-01 11:55:56.404 | INFO     | monitor:scan:325 - Nothing Changed
2026-08-01 11:55:56.404 | SUCCESS  | monitor:scan:331 - Scan Finished
2026-08-01 11:55:56.406 | INFO     | monitor:start:67 - Sleep 60 Seconds
2026-08-01 11:56:56.407 | INFO     | auth.login:ensure_login:354 - Checking Login...
2026-08-01 11:56:56.410 | SUCCESS  | auth.login:load_saved_token:192 - Saved Token Loaded
2026-08-01 11:56:56.410 | SUCCESS  | auth.login:ensure_login:362 - Using Saved Token
2026-08-01 11:56:56.411 | INFO     | monitor:scan:111 - Scanning Website...
2026-08-01 11:56:56.412 | INFO     | monitor:scan:125 - Loading Page 1
2026-08-01 11:56:56.413 | INFO     | api:get_files:60 - Loading Page 1
2026-08-01 11:56:59.584 | INFO     | api:get_file:84 - Loading File 126d518f-764b-2019-40a6-645aba60ba46
2026-08-01 11:56:59.801 | INFO     | monitor:scan:273 - Reached Old Files
2026-08-01 11:56:59.802 | INFO     | monitor:scan:303 - No New Serial
2026-08-01 11:56:59.803 | INFO     | monitor:scan:325 - Nothing Changed
2026-08-01 11:56:59.803 | SUCCESS  | monitor:scan:331 - Scan Finished
2026-08-01 11:56:59.804 | INFO     | monitor:start:67 - Sleep 60 Seconds
2026-08-01 11:57:59.805 | INFO     | auth.login:ensure_login:354 - Checking Login...
2026-08-01 11:57:59.808 | SUCCESS  | auth.login:load_saved_token:192 - Saved Token Loaded
2026-08-01 11:57:59.809 | SUCCESS  | auth.login:ensure_login:362 - Using Saved Token
2026-08-01 11:57:59.809 | INFO     | monitor:scan:111 - Scanning Website...
2026-08-01 11:57:59.811 | INFO     | monitor:scan:125 - Loading Page 1
2026-08-01 11:57:59.812 | INFO     | api:get_files:60 - Loading Page 1
2026-08-01 11:58:03.338 | INFO     | api:get_file:84 - Loading File 126d518f-764b-2019-40a6-645aba60ba46
2026-08-01 11:58:03.569 | INFO     | monitor:scan:273 - Reached Old Files
2026-08-01 11:58:03.570 | INFO     | monitor:scan:303 - No New Serial
2026-08-01 11:58:03.571 | INFO     | monitor:scan:325 - Nothing Changed
2026-08-01 11:58:03.571 | SUCCESS  | monitor:scan:331 - Scan Finished
2026-08-01 11:58:03.573 | INFO     | monitor:start:67 - Sleep 60 Seconds
2026-08-01 11:59:03.574 | INFO     | auth.login:ensure_login:354 - Checking Login...
2026-08-01 11:59:03.576 | SUCCESS  | auth.login:load_saved_token:192 - Saved Token Loaded
2026-08-01 11:59:03.577 | SUCCESS  | auth.login:ensure_login:362 - Using Saved Token
2026-08-01 11:59:03.579 | INFO     | monitor:scan:111 - Scanning Website...
2026-08-01 11:59:03.580 | INFO     | monitor:scan:125 - Loading Page 1
2026-08-01 11:59:03.581 | INFO     | api:get_files:60 - Loading Page 1
2026-08-01 11:59:05.097 | INFO     | api:get_file:84 - Loading File 126d518f-764b-2019-40a6-645aba60ba46
2026-08-01 11:59:05.314 | INFO     | monitor:scan:273 - Reached Old Files
2026-08-01 11:59:05.314 | INFO     | monitor:scan:303 - No New Serial
2026-08-01 11:59:05.314 | INFO     | monitor:scan:325 - Nothing Changed
2026-08-01 11:59:05.315 | SUCCESS  | monitor:scan:331 - Scan Finished
2026-08-01 11:59:05.315 | INFO     | monitor:start:67 - Sleep 60 Seconds
2026-08-01 12:00:05.316 | INFO     | auth.login:ensure_login:354 - Checking Login...
2026-08-01 12:00:05.319 | SUCCESS  | auth.login:load_saved_token:192 - Saved Token Loaded
2026-08-01 12:00:05.320 | SUCCESS  | auth.login:ensure_login:362 - Using Saved Token
2026-08-01 12:00:05.320 | INFO     | monitor:scan:111 - Scanning Website...
2026-08-01 12:00:05.324 | INFO     | monitor:scan:125 - Loading Page 1
2026-08-01 12:00:05.325 | INFO     | api:get_files:60 - Loading Page 1
2026-08-01 12:00:06.875 | INFO     | api:get_file:84 - Loading File 126d518f-764b-2019-40a6-645aba60ba46
2026-08-01 12:00:07.099 | INFO     | monitor:scan:273 - Reached Old Files
2026-08-01 12:00:07.099 | INFO     | monitor:scan:303 - No New Serial
2026-08-01 12:00:07.099 | INFO     | monitor:scan:325 - Nothing Changed
2026-08-01 12:00:07.099 | SUCCESS  | monitor:scan:331 - Scan Finished
2026-08-01 12:00:07.100 | INFO     | monitor:start:67 - Sleep 60 Seconds
2026-08-01 12:01:07.100 | INFO     | auth.login:ensure_login:354 - Checking Login...
2026-08-01 12:01:07.103 | SUCCESS  | auth.login:load_saved_token:192 - Saved Token Loaded
2026-08-01 12:01:07.104 | SUCCESS  | auth.login:ensure_login:362 - Using Saved Token
2026-08-01 12:01:07.105 | INFO     | monitor:scan:111 - Scanning Website...
2026-08-01 12:01:07.106 | INFO     | monitor:scan:125 - Loading Page 1
2026-08-01 12:01:07.107 | INFO     | api:get_files:60 - Loading Page 1
2026-08-01 12:01:08.633 | INFO     | api:get_file:84 - Loading File 126d518f-764b-2019-40a6-645aba60ba46
2026-08-01 12:01:08.862 | INFO     | monitor:scan:273 - Reached Old Files
2026-08-01 12:01:08.862 | INFO     | monitor:scan:303 - No New Serial
2026-08-01 12:01:08.863 | INFO     | monitor:scan:325 - Nothing Changed
2026-08-01 12:01:08.863 | SUCCESS  | monitor:scan:331 - Scan Finished
2026-08-01 12:01:08.864 | INFO     | monitor:start:67 - Sleep 60 Seconds
2026-08-01 12:02:08.865 | INFO     | auth.login:ensure_login:354 - Checking Login...
2026-08-01 12:02:08.867 | SUCCESS  | auth.login:load_saved_token:192 - Saved Token Loaded
2026-08-01 12:02:08.867 | SUCCESS  | auth.login:ensure_login:362 - Using Saved Token
2026-08-01 12:02:08.868 | INFO     | monitor:scan:111 - Scanning Website...
2026-08-01 12:02:08.870 | INFO     | monitor:scan:125 - Loading Page 1
2026-08-01 12:02:08.870 | INFO     | api:get_files:60 - Loading Page 1
2026-08-01 12:02:10.404 | INFO     | api:get_file:84 - Loading File 126d518f-764b-2019-40a6-645aba60ba46
2026-08-01 12:02:10.631 | INFO     | monitor:scan:273 - Reached Old Files
2026-08-01 12:02:10.631 | INFO     | monitor:scan:303 - No New Serial
2026-08-01 12:02:10.631 | INFO     | monitor:scan:325 - Nothing Changed
2026-08-01 12:02:10.631 | SUCCESS  | monitor:scan:331 - Scan Finished
2026-08-01 12:02:10.632 | INFO     | monitor:start:67 - Sleep 60 Seconds
2026-08-01 12:03:10.632 | INFO     | auth.login:ensure_login:354 - Checking Login...
2026-08-01 12:03:10.633 | SUCCESS  | auth.login:load_saved_token:192 - Saved Token Loaded
2026-08-01 12:03:10.633 | SUCCESS  | auth.login:ensure_login:362 - Using Saved Token
2026-08-01 12:03:10.633 | INFO     | monitor:scan:111 - Scanning Website...
2026-08-01 12:03:10.634 | INFO     | monitor:scan:125 - Loading Page 1
2026-08-01 12:03:10.634 | INFO     | api:get_files:60 - Loading Page 1
2026-08-01 12:03:11.033 | WARNING  | auth.login:get:411 - Access Token Expired
2026-08-01 12:03:11.033 | INFO     | auth.login:login:262 - Logging in...
2026-08-01 12:03:11.505 | SUCCESS  | auth.login:save_token:242 - Token Saved
2026-08-01 12:03:11.506 | SUCCESS  | auth.login:login:340 - Login Successful
2026-08-01 12:03:13.019 | INFO     | api:get_file:84 - Loading File 126d518f-764b-2019-40a6-645aba60ba46
2026-08-01 12:03:13.259 | INFO     | monitor:scan:273 - Reached Old Files
2026-08-01 12:03:13.259 | INFO     | monitor:scan:303 - No New Serial
2026-08-01 12:03:13.260 | INFO     | monitor:scan:325 - Nothing Changed
2026-08-01 12:03:13.260 | SUCCESS  | monitor:scan:331 - Scan Finished
2026-08-01 12:03:13.261 | INFO     | monitor:start:67 - Sleep 60 Seconds
2026-08-01 12:04:13.262 | INFO     | auth.login:ensure_login:354 - Checking Login...
2026-08-01 12:04:13.290 | SUCCESS  | auth.login:load_saved_token:192 - Saved Token Loaded
2026-08-01 12:04:13.290 | SUCCESS  | auth.login:ensure_login:362 - Using Saved Token
2026-08-01 12:04:13.290 | INFO     | monitor:scan:111 - Scanning Website...
2026-08-01 12:04:13.291 | INFO     | monitor:scan:125 - Loading Page 1
2026-08-01 12:04:13.291 | INFO     | api:get_files:60 - Loading Page 1
2026-08-01 12:04:14.754 | INFO     | api:get_file:84 - Loading File 126d518f-764b-2019-40a6-645aba60ba46
2026-08-01 12:04:14.959 | INFO     | monitor:scan:273 - Reached Old Files
2026-08-01 12:04:14.960 | INFO     | monitor:scan:303 - No New Serial
2026-08-01 12:04:14.960 | INFO     | monitor:scan:325 - Nothing Changed
2026-08-01 12:04:14.961 | SUCCESS  | monitor:scan:331 - Scan Finished
2026-08-01 12:04:14.961 | INFO     | monitor:start:67 - Sleep 60 Seconds
2026-08-01 12:05:14.962 | INFO     | auth.login:ensure_login:354 - Checking Login...
2026-08-01 12:05:14.963 | SUCCESS  | auth.login:load_saved_token:192 - Saved Token Loaded
2026-08-01 12:05:14.964 | SUCCESS  | auth.login:ensure_login:362 - Using Saved Token
2026-08-01 12:05:14.964 | INFO     | monitor:scan:111 - Scanning Website...
2026-08-01 12:05:14.965 | INFO     | monitor:scan:125 - Loading Page 1
2026-08-01 12:05:14.965 | INFO     | api:get_files:60 - Loading Page 1
2026-08-01 12:05:18.675 | INFO     | api:get_file:84 - Loading File 126d518f-764b-2019-40a6-645aba60ba46
2026-08-01 12:05:18.900 | INFO     | monitor:scan:273 - Reached Old Files
2026-08-01 12:05:18.900 | INFO     | monitor:scan:303 - No New Serial
2026-08-01 12:05:18.900 | INFO     | monitor:scan:325 - Nothing Changed
2026-08-01 12:05:18.900 | SUCCESS  | monitor:scan:331 - Scan Finished
2026-08-01 12:05:18.901 | INFO     | monitor:start:67 - Sleep 60 Seconds
2026-08-01 12:06:18.901 | INFO     | auth.login:ensure_login:354 - Checking Login...
2026-08-01 12:06:18.904 | SUCCESS  | auth.login:load_saved_token:192 - Saved Token Loaded
2026-08-01 12:06:18.905 | SUCCESS  | auth.login:ensure_login:362 - Using Saved Token
2026-08-01 12:06:18.906 | INFO     | monitor:scan:111 - Scanning Website...
2026-08-01 12:06:18.907 | INFO     | monitor:scan:125 - Loading Page 1
2026-08-01 12:06:18.908 | INFO     | api:get_files:60 - Loading Page 1
2026-08-01 12:06:21.105 | INFO     | api:get_file:84 - Loading File 126d518f-764b-2019-40a6-645aba60ba46
2026-08-01 12:06:21.513 | INFO     | monitor:scan:273 - Reached Old Files
2026-08-01 12:06:21.514 | INFO     | monitor:scan:303 - No New Serial
2026-08-01 12:06:21.515 | INFO     | monitor:scan:325 - Nothing Changed
2026-08-01 12:06:21.516 | SUCCESS  | monitor:scan:331 - Scan Finished
2026-08-01 12:06:21.518 | INFO     | monitor:start:67 - Sleep 60 Seconds
2026-08-01 12:07:21.520 | INFO     | auth.login:ensure_login:354 - Checking Login...
2026-08-01 12:07:21.522 | SUCCESS  | auth.login:load_saved_token:192 - Saved Token Loaded
2026-08-01 12:07:21.523 | SUCCESS  | auth.login:ensure_login:362 - Using Saved Token
2026-08-01 12:07:21.523 | INFO     | monitor:scan:111 - Scanning Website...
2026-08-01 12:07:21.525 | INFO     | monitor:scan:125 - Loading Page 1
2026-08-01 12:07:21.525 | INFO     | api:get_files:60 - Loading Page 1
2026-08-01 12:07:24.676 | INFO     | api:get_file:84 - Loading File 126d518f-764b-2019-40a6-645aba60ba46
2026-08-01 12:07:24.903 | INFO     | monitor:scan:273 - Reached Old Files
2026-08-01 12:07:24.903 | INFO     | monitor:scan:303 - No New Serial
2026-08-01 12:07:24.903 | INFO     | monitor:scan:325 - Nothing Changed
2026-08-01 12:07:24.903 | SUCCESS  | monitor:scan:331 - Scan Finished
2026-08-01 12:07:24.903 | INFO     | monitor:start:67 - Sleep 60 Seconds
2026-08-01 12:08:24.904 | INFO     | auth.login:ensure_login:354 - Checking Login...
2026-08-01 12:08:24.906 | SUCCESS  | auth.login:load_saved_token:192 - Saved Token Loaded
2026-08-01 12:08:24.906 | SUCCESS  | auth.login:ensure_login:362 - Using Saved Token
2026-08-01 12:08:24.906 | INFO     | monitor:scan:111 - Scanning Website...
2026-08-01 12:08:24.907 | INFO     | monitor:scan:125 - Loading Page 1
2026-08-01 12:08:24.908 | INFO     | api:get_files:60 - Loading Page 1
2026-08-01 12:08:26.490 | INFO     | api:get_file:84 - Loading File 126d518f-764b-2019-40a6-645aba60ba46
2026-08-01 12:08:26.697 | INFO     | monitor:scan:273 - Reached Old Files
2026-08-01 12:08:26.698 | INFO     | monitor:scan:303 - No New Serial
2026-08-01 12:08:26.699 | INFO     | monitor:scan:325 - Nothing Changed
2026-08-01 12:08:26.699 | SUCCESS  | monitor:scan:331 - Scan Finished
2026-08-01 12:08:26.700 | INFO     | monitor:start:67 - Sleep 60 Seconds
2026-08-01 12:09:26.701 | INFO     | auth.login:ensure_login:354 - Checking Login...
2026-08-01 12:09:26.705 | SUCCESS  | auth.login:load_saved_token:192 - Saved Token Loaded
2026-08-01 12:09:26.707 | SUCCESS  | auth.login:ensure_login:362 - Using Saved Token
2026-08-01 12:09:26.707 | INFO     | monitor:scan:111 - Scanning Website...
2026-08-01 12:09:26.709 | INFO     | monitor:scan:125 - Loading Page 1
2026-08-01 12:09:26.710 | INFO     | api:get_files:60 - Loading Page 1
2026-08-01 12:09:28.268 | INFO     | api:get_file:84 - Loading File 126d518f-764b-2019-40a6-645aba60ba46
2026-08-01 12:09:28.492 | INFO     | monitor:scan:273 - Reached Old Files
2026-08-01 12:09:28.492 | INFO     | monitor:scan:303 - No New Serial
2026-08-01 12:09:28.492 | INFO     | monitor:scan:325 - Nothing Changed
2026-08-01 12:09:28.493 | SUCCESS  | monitor:scan:331 - Scan Finished
2026-08-01 12:09:28.493 | INFO     | monitor:start:67 - Sleep 60 Seconds
2026-08-01 12:10:28.494 | INFO     | auth.login:ensure_login:354 - Checking Login...
2026-08-01 12:10:28.494 | SUCCESS  | auth.login:load_saved_token:192 - Saved Token Loaded
2026-08-01 12:10:28.494 | SUCCESS  | auth.login:ensure_login:362 - Using Saved Token
2026-08-01 12:10:28.495 | INFO     | monitor:scan:111 - Scanning Website...
2026-08-01 12:10:28.495 | INFO     | monitor:scan:125 - Loading Page 1
2026-08-01 12:10:28.495 | INFO     | api:get_files:60 - Loading Page 1
2026-08-01 12:10:31.749 | INFO     | api:get_file:84 - Loading File 126d518f-764b-2019-40a6-645aba60ba46
2026-08-01 12:10:31.950 | INFO     | monitor:scan:273 - Reached Old Files
2026-08-01 12:10:31.951 | INFO     | monitor:scan:303 - No New Serial
2026-08-01 12:10:31.951 | INFO     | monitor:scan:325 - Nothing Changed
2026-08-01 12:10:31.951 | SUCCESS  | monitor:scan:331 - Scan Finished
2026-08-01 12:10:31.952 | INFO     | monitor:start:67 - Sleep 60 Seconds
2026-08-01 12:11:31.953 | INFO     | auth.login:ensure_login:354 - Checking Login...
2026-08-01 12:11:31.956 | SUCCESS  | auth.login:load_saved_token:192 - Saved Token Loaded
2026-08-01 12:11:31.956 | SUCCESS  | auth.login:ensure_login:362 - Using Saved Token
2026-08-01 12:11:31.958 | INFO     | monitor:scan:111 - Scanning Website...
2026-08-01 12:11:31.960 | INFO     | monitor:scan:125 - Loading Page 1
2026-08-01 12:11:31.961 | INFO     | api:get_files:60 - Loading Page 1
2026-08-01 12:11:34.053 | INFO     | api:get_file:84 - Loading File 126d518f-764b-2019-40a6-645aba60ba46
2026-08-01 12:11:34.283 | INFO     | monitor:scan:273 - Reached Old Files
2026-08-01 12:11:34.285 | INFO     | monitor:scan:303 - No New Serial
2026-08-01 12:11:34.286 | INFO     | monitor:scan:325 - Nothing Changed
2026-08-01 12:11:34.286 | SUCCESS  | monitor:scan:331 - Scan Finished
2026-08-01 12:11:34.287 | INFO     | monitor:start:67 - Sleep 60 Seconds
2026-08-01 12:12:34.289 | INFO     | auth.login:ensure_login:354 - Checking Login...
2026-08-01 12:12:34.291 | SUCCESS  | auth.login:load_saved_token:192 - Saved Token Loaded
2026-08-01 12:12:34.291 | SUCCESS  | auth.login:ensure_login:362 - Using Saved Token
2026-08-01 12:12:34.292 | INFO     | monitor:scan:111 - Scanning Website...
2026-08-01 12:12:34.293 | INFO     | monitor:scan:125 - Loading Page 1
2026-08-01 12:12:34.294 | INFO     | api:get_files:60 - Loading Page 1
2026-08-01 12:12:36.113 | INFO     | api:get_file:84 - Loading File 126d518f-764b-2019-40a6-645aba60ba46
2026-08-01 12:12:36.309 | INFO     | monitor:scan:273 - Reached Old Files
2026-08-01 12:12:36.309 | INFO     | monitor:scan:303 - No New Serial
2026-08-01 12:12:36.310 | INFO     | monitor:scan:325 - Nothing Changed
2026-08-01 12:12:36.310 | SUCCESS  | monitor:scan:331 - Scan Finished
2026-08-01 12:12:36.310 | INFO     | monitor:start:67 - Sleep 60 Seconds
2026-08-01 12:13:36.311 | INFO     | auth.login:ensure_login:354 - Checking Login...
2026-08-01 12:13:36.311 | SUCCESS  | auth.login:load_saved_token:192 - Saved Token Loaded
2026-08-01 12:13:36.312 | SUCCESS  | auth.login:ensure_login:362 - Using Saved Token
2026-08-01 12:13:36.312 | INFO     | monitor:scan:111 - Scanning Website...
2026-08-01 12:13:36.312 | INFO     | monitor:scan:125 - Loading Page 1
2026-08-01 12:13:36.312 | INFO     | api:get_files:60 - Loading Page 1
2026-08-01 12:13:36.735 | WARNING  | auth.login:get:411 - Access Token Expired
2026-08-01 12:13:36.735 | INFO     | auth.login:login:262 - Logging in...
2026-08-01 12:13:37.241 | SUCCESS  | auth.login:save_token:242 - Token Saved
2026-08-01 12:13:37.241 | SUCCESS  | auth.login:login:340 - Login Successful
2026-08-01 12:13:38.733 | INFO     | api:get_file:84 - Loading File 126d518f-764b-2019-40a6-645aba60ba46
2026-08-01 12:13:39.140 | INFO     | monitor:scan:273 - Reached Old Files
2026-08-01 12:13:39.140 | INFO     | monitor:scan:303 - No New Serial
2026-08-01 12:13:39.140 | INFO     | monitor:scan:325 - Nothing Changed
2026-08-01 12:13:39.140 | SUCCESS  | monitor:scan:331 - Scan Finished
2026-08-01 12:13:39.141 | INFO     | monitor:start:67 - Sleep 60 Seconds
2026-08-01 12:14:39.141 | INFO     | auth.login:ensure_login:354 - Checking Login...
2026-08-01 12:14:39.164 | SUCCESS  | auth.login:load_saved_token:192 - Saved Token Loaded
2026-08-01 12:14:39.164 | SUCCESS  | auth.login:ensure_login:362 - Using Saved Token
2026-08-01 12:14:39.164 | INFO     | monitor:scan:111 - Scanning Website...
2026-08-01 12:14:39.165 | INFO     | monitor:scan:125 - Loading Page 1
2026-08-01 12:14:39.165 | INFO     | api:get_files:60 - Loading Page 1
2026-08-01 12:14:40.853 | INFO     | api:get_file:84 - Loading File 126d518f-764b-2019-40a6-645aba60ba46
2026-08-01 12:14:41.073 | INFO     | monitor:scan:273 - Reached Old Files
2026-08-01 12:14:41.074 | INFO     | monitor:scan:303 - No New Serial
2026-08-01 12:14:41.074 | INFO     | monitor:scan:325 - Nothing Changed
2026-08-01 12:14:41.075 | SUCCESS  | monitor:scan:331 - Scan Finished
2026-08-01 12:14:41.075 | INFO     | monitor:start:67 - Sleep 60 Seconds
2026-08-01 12:15:41.076 | INFO     | auth.login:ensure_login:354 - Checking Login...
2026-08-01 12:15:41.078 | SUCCESS  | auth.login:load_saved_token:192 - Saved Token Loaded
2026-08-01 12:15:41.078 | SUCCESS  | auth.login:ensure_login:362 - Using Saved Token
2026-08-01 12:15:41.078 | INFO     | monitor:scan:111 - Scanning Website...
2026-08-01 12:15:41.080 | INFO     | monitor:scan:125 - Loading Page 1
2026-08-01 12:15:41.080 | INFO     | api:get_files:60 - Loading Page 1
2026-08-01 12:15:42.625 | INFO     | api:get_file:84 - Loading File 126d518f-764b-2019-40a6-645aba60ba46
2026-08-01 12:15:42.853 | INFO     | monitor:scan:273 - Reached Old Files
2026-08-01 12:15:42.853 | INFO     | monitor:scan:303 - No New Serial
2026-08-01 12:15:42.853 | INFO     | monitor:scan:325 - Nothing Changed
2026-08-01 12:15:42.854 | SUCCESS  | monitor:scan:331 - Scan Finished
2026-08-01 12:15:42.854 | INFO     | monitor:start:67 - Sleep 60 Seconds
2026-08-01 12:16:42.854 | INFO     | auth.login:ensure_login:354 - Checking Login...
2026-08-01 12:16:42.856 | SUCCESS  | auth.login:load_saved_token:192 - Saved Token Loaded
2026-08-01 12:16:42.856 | SUCCESS  | auth.login:ensure_login:362 - Using Saved Token
2026-08-01 12:16:42.857 | INFO     | monitor:scan:111 - Scanning Website...
2026-08-01 12:16:42.858 | INFO     | monitor:scan:125 - Loading Page 1
2026-08-01 12:16:42.858 | INFO     | api:get_files:60 - Loading Page 1
2026-08-01 12:16:44.560 | INFO     | api:get_file:84 - Loading File 126d518f-764b-2019-40a6-645aba60ba46
2026-08-01 12:16:44.788 | INFO     | monitor:scan:273 - Reached Old Files
2026-08-01 12:16:44.788 | INFO     | monitor:scan:303 - No New Serial
2026-08-01 12:16:44.788 | INFO     | monitor:scan:325 - Nothing Changed
2026-08-01 12:16:44.788 | SUCCESS  | monitor:scan:331 - Scan Finished
2026-08-01 12:16:44.789 | INFO     | monitor:start:67 - Sleep 60 Seconds
2026-08-01 12:17:44.790 | INFO     | auth.login:ensure_login:354 - Checking Login...
2026-08-01 12:17:44.792 | SUCCESS  | auth.login:load_saved_token:192 - Saved Token Loaded
2026-08-01 12:17:44.792 | SUCCESS  | auth.login:ensure_login:362 - Using Saved Token
2026-08-01 12:17:44.793 | INFO     | monitor:scan:111 - Scanning Website...
2026-08-01 12:17:44.796 | INFO     | monitor:scan:125 - Loading Page 1
2026-08-01 12:17:44.796 | INFO     | api:get_files:60 - Loading Page 1
2026-08-01 12:17:48.171 | INFO     | api:get_file:84 - Loading File 126d518f-764b-2019-40a6-645aba60ba46
2026-08-01 12:17:48.402 | INFO     | monitor:scan:273 - Reached Old Files
2026-08-01 12:17:48.403 | INFO     | monitor:scan:303 - No New Serial
2026-08-01 12:17:48.403 | INFO     | monitor:scan:325 - Nothing Changed
2026-08-01 12:17:48.404 | SUCCESS  | monitor:scan:331 - Scan Finished
2026-08-01 12:17:48.405 | INFO     | monitor:start:67 - Sleep 60 Seconds
2026-08-01 12:18:48.405 | INFO     | auth.login:ensure_login:354 - Checking Login...
2026-08-01 12:18:48.406 | SUCCESS  | auth.login:load_saved_token:192 - Saved Token Loaded
2026-08-01 12:18:48.406 | SUCCESS  | auth.login:ensure_login:362 - Using Saved Token
2026-08-01 12:18:48.406 | INFO     | monitor:scan:111 - Scanning Website...
2026-08-01 12:18:48.407 | INFO     | monitor:scan:125 - Loading Page 1
2026-08-01 12:18:48.407 | INFO     | api:get_files:60 - Loading Page 1
2026-08-01 12:18:50.315 | INFO     | api:get_file:84 - Loading File 126d518f-764b-2019-40a6-645aba60ba46
2026-08-01 12:18:50.547 | INFO     | monitor:scan:273 - Reached Old Files
2026-08-01 12:18:50.547 | INFO     | monitor:scan:303 - No New Serial
2026-08-01 12:18:50.547 | INFO     | monitor:scan:325 - Nothing Changed
2026-08-01 12:18:50.547 | SUCCESS  | monitor:scan:331 - Scan Finished
2026-08-01 12:18:50.548 | INFO     | monitor:start:67 - Sleep 60 Seconds
2026-08-01 12:19:50.549 | INFO     | auth.login:ensure_login:354 - Checking Login...
2026-08-01 12:19:50.553 | SUCCESS  | auth.login:load_saved_token:192 - Saved Token Loaded
2026-08-01 12:19:50.555 | SUCCESS  | auth.login:ensure_login:362 - Using Saved Token
2026-08-01 12:19:50.555 | INFO     | monitor:scan:111 - Scanning Website...
2026-08-01 12:19:50.559 | INFO     | monitor:scan:125 - Loading Page 1
2026-08-01 12:19:50.560 | INFO     | api:get_files:60 - Loading Page 1
2026-08-01 12:19:52.029 | INFO     | api:get_file:84 - Loading File 126d518f-764b-2019-40a6-645aba60ba46
2026-08-01 12:19:52.254 | INFO     | monitor:scan:273 - Reached Old Files
2026-08-01 12:19:52.255 | INFO     | monitor:scan:303 - No New Serial
2026-08-01 12:19:52.257 | INFO     | monitor:scan:325 - Nothing Changed
2026-08-01 12:19:52.259 | SUCCESS  | monitor:scan:331 - Scan Finished
2026-08-01 12:19:52.261 | INFO     | monitor:start:67 - Sleep 60 Seconds
2026-08-01 12:20:52.263 | INFO     | auth.login:ensure_login:354 - Checking Login...
2026-08-01 12:20:52.266 | SUCCESS  | auth.login:load_saved_token:192 - Saved Token Loaded
2026-08-01 12:20:52.267 | SUCCESS  | auth.login:ensure_login:362 - Using Saved Token
2026-08-01 12:20:52.267 | INFO     | monitor:scan:111 - Scanning Website...
2026-08-01 12:20:52.269 | INFO     | monitor:scan:125 - Loading Page 1
2026-08-01 12:20:52.270 | INFO     | api:get_files:60 - Loading Page 1
2026-08-01 12:20:53.784 | INFO     | api:get_file:84 - Loading File 126d518f-764b-2019-40a6-645aba60ba46
2026-08-01 12:20:54.011 | INFO     | monitor:scan:273 - Reached Old Files
2026-08-01 12:20:54.012 | INFO     | monitor:scan:303 - No New Serial
2026-08-01 12:20:54.012 | INFO     | monitor:scan:325 - Nothing Changed
2026-08-01 12:20:54.012 | SUCCESS  | monitor:scan:331 - Scan Finished
2026-08-01 12:20:54.013 | INFO     | monitor:start:67 - Sleep 60 Seconds
2026-08-01 12:21:54.014 | INFO     | auth.login:ensure_login:354 - Checking Login...
2026-08-01 12:21:54.014 | SUCCESS  | auth.login:load_saved_token:192 - Saved Token Loaded
2026-08-01 12:21:54.015 | SUCCESS  | auth.login:ensure_login:362 - Using Saved Token
2026-08-01 12:21:54.015 | INFO     | monitor:scan:111 - Scanning Website...
2026-08-01 12:21:54.015 | INFO     | monitor:scan:125 - Loading Page 1
2026-08-01 12:21:54.015 | INFO     | api:get_files:60 - Loading Page 1
2026-08-01 12:21:57.146 | INFO     | api:get_file:84 - Loading File 126d518f-764b-2019-40a6-645aba60ba46
2026-08-01 12:21:57.369 | INFO     | monitor:scan:273 - Reached Old Files
2026-08-01 12:21:57.370 | INFO     | monitor:scan:303 - No New Serial
2026-08-01 12:21:57.370 | INFO     | monitor:scan:325 - Nothing Changed
2026-08-01 12:21:57.372 | SUCCESS  | monitor:scan:331 - Scan Finished
2026-08-01 12:21:57.373 | INFO     | monitor:start:67 - Sleep 60 Seconds
2026-08-01 12:22:57.375 | INFO     | auth.login:ensure_login:354 - Checking Login...
2026-08-01 12:22:57.378 | SUCCESS  | auth.login:load_saved_token:192 - Saved Token Loaded
2026-08-01 12:22:57.379 | SUCCESS  | auth.login:ensure_login:362 - Using Saved Token
2026-08-01 12:22:57.380 | INFO     | monitor:scan:111 - Scanning Website...
2026-08-01 12:22:57.382 | INFO     | monitor:scan:125 - Loading Page 1
2026-08-01 12:22:57.383 | INFO     | api:get_files:60 - Loading Page 1
2026-08-01 12:22:58.805 | INFO     | api:get_file:84 - Loading File 126d518f-764b-2019-40a6-645aba60ba46
2026-08-01 12:22:59.016 | INFO     | monitor:scan:273 - Reached Old Files
2026-08-01 12:22:59.020 | INFO     | monitor:scan:303 - No New Serial
2026-08-01 12:22:59.020 | INFO     | monitor:scan:325 - Nothing Changed
2026-08-01 12:22:59.020 | SUCCESS  | monitor:scan:331 - Scan Finished
2026-08-01 12:22:59.021 | INFO     | monitor:start:67 - Sleep 60 Seconds
2026-08-01 12:23:59.022 | INFO     | auth.login:ensure_login:354 - Checking Login...
2026-08-01 12:23:59.024 | SUCCESS  | auth.login:load_saved_token:192 - Saved Token Loaded
2026-08-01 12:23:59.024 | SUCCESS  | auth.login:ensure_login:362 - Using Saved Token
2026-08-01 12:23:59.025 | INFO     | monitor:scan:111 - Scanning Website...
2026-08-01 12:23:59.026 | INFO     | monitor:scan:125 - Loading Page 1
2026-08-01 12:23:59.027 | INFO     | api:get_files:60 - Loading Page 1
2026-08-01 12:23:59.442 | WARNING  | auth.login:get:411 - Access Token Expired
2026-08-01 12:23:59.443 | INFO     | auth.login:login:262 - Logging in...
2026-08-01 12:23:59.944 | SUCCESS  | auth.login:save_token:242 - Token Saved
2026-08-01 12:23:59.945 | SUCCESS  | auth.login:login:340 - Login Successful
2026-08-01 12:24:01.072 | INFO     | api:get_file:84 - Loading File 126d518f-764b-2019-40a6-645aba60ba46
2026-08-01 12:24:01.291 | INFO     | monitor:scan:273 - Reached Old Files
2026-08-01 12:24:01.292 | INFO     | monitor:scan:303 - No New Serial
2026-08-01 12:24:01.293 | INFO     | monitor:scan:325 - Nothing Changed
2026-08-01 12:24:01.293 | SUCCESS  | monitor:scan:331 - Scan Finished
2026-08-01 12:24:01.294 | INFO     | monitor:start:67 - Sleep 60 Seconds
2026-08-01 12:25:01.295 | INFO     | auth.login:ensure_login:354 - Checking Login...
2026-08-01 12:25:01.328 | SUCCESS  | auth.login:load_saved_token:192 - Saved Token Loaded
2026-08-01 12:25:01.328 | SUCCESS  | auth.login:ensure_login:362 - Using Saved Token
2026-08-01 12:25:01.328 | INFO     | monitor:scan:111 - Scanning Website...
2026-08-01 12:25:01.329 | INFO     | monitor:scan:125 - Loading Page 1
2026-08-01 12:25:01.329 | INFO     | api:get_files:60 - Loading Page 1
2026-08-01 12:25:02.855 | INFO     | api:get_file:84 - Loading File 126d518f-764b-2019-40a6-645aba60ba46
2026-08-01 12:25:03.080 | INFO     | monitor:scan:273 - Reached Old Files
2026-08-01 12:25:03.080 | INFO     | monitor:scan:303 - No New Serial
2026-08-01 12:25:03.081 | INFO     | monitor:scan:325 - Nothing Changed
2026-08-01 12:25:03.082 | SUCCESS  | monitor:scan:331 - Scan Finished
2026-08-01 12:25:03.083 | INFO     | monitor:start:67 - Sleep 60 Seconds
2026-08-01 12:26:03.084 | INFO     | auth.login:ensure_login:354 - Checking Login...
2026-08-01 12:26:03.087 | SUCCESS  | auth.login:load_saved_token:192 - Saved Token Loaded
2026-08-01 12:26:03.088 | SUCCESS  | auth.login:ensure_login:362 - Using Saved Token
2026-08-01 12:26:03.088 | INFO     | monitor:scan:111 - Scanning Website...
2026-08-01 12:26:03.090 | INFO     | monitor:scan:125 - Loading Page 1
2026-08-01 12:26:03.091 | INFO     | api:get_files:60 - Loading Page 1
2026-08-01 12:26:05.977 | INFO     | api:get_file:84 - Loading File 126d518f-764b-2019-40a6-645aba60ba46
2026-08-01 12:26:06.204 | INFO     | monitor:scan:273 - Reached Old Files
2026-08-01 12:26:06.204 | INFO     | monitor:scan:303 - No New Serial
2026-08-01 12:26:06.204 | INFO     | monitor:scan:325 - Nothing Changed
2026-08-01 12:26:06.204 | SUCCESS  | monitor:scan:331 - Scan Finished
2026-08-01 12:26:06.204 | INFO     | monitor:start:67 - Sleep 60 Seconds
2026-08-01 12:27:06.205 | INFO     | auth.login:ensure_login:354 - Checking Login...
2026-08-01 12:27:06.206 | SUCCESS  | auth.login:load_saved_token:192 - Saved Token Loaded
2026-08-01 12:27:06.206 | SUCCESS  | auth.login:ensure_login:362 - Using Saved Token
2026-08-01 12:27:06.206 | INFO     | monitor:scan:111 - Scanning Website...
2026-08-01 12:27:06.207 | INFO     | monitor:scan:125 - Loading Page 1
2026-08-01 12:27:06.207 | INFO     | api:get_files:60 - Loading Page 1
2026-08-01 12:27:07.797 | INFO     | api:get_file:84 - Loading File 126d518f-764b-2019-40a6-645aba60ba46
2026-08-01 12:27:08.020 | INFO     | monitor:scan:273 - Reached Old Files
2026-08-01 12:27:08.020 | INFO     | monitor:scan:303 - No New Serial
2026-08-01 12:27:08.020 | INFO     | monitor:scan:325 - Nothing Changed
2026-08-01 12:27:08.021 | SUCCESS  | monitor:scan:331 - Scan Finished
2026-08-01 12:27:08.021 | INFO     | monitor:start:67 - Sleep 60 Seconds
2026-08-01 12:28:08.022 | INFO     | auth.login:ensure_login:354 - Checking Login...
2026-08-01 12:28:08.022 | SUCCESS  | auth.login:load_saved_token:192 - Saved Token Loaded
2026-08-01 12:28:08.022 | SUCCESS  | auth.login:ensure_login:362 - Using Saved Token
2026-08-01 12:28:08.022 | INFO     | monitor:scan:111 - Scanning Website...
2026-08-01 12:28:08.023 | INFO     | monitor:scan:125 - Loading Page 1
2026-08-01 12:28:08.023 | INFO     | api:get_files:60 - Loading Page 1
2026-08-01 12:28:11.382 | INFO     | api:get_file:84 - Loading File 126d518f-764b-2019-40a6-645aba60ba46
2026-08-01 12:28:11.771 | INFO     | monitor:scan:273 - Reached Old Files
2026-08-01 12:28:11.772 | INFO     | monitor:scan:303 - No New Serial
2026-08-01 12:28:11.773 | INFO     | monitor:scan:325 - Nothing Changed
2026-08-01 12:28:11.774 | SUCCESS  | monitor:scan:331 - Scan Finished
2026-08-01 12:28:11.775 | INFO     | monitor:start:67 - Sleep 60 Seconds
2026-08-01 12:29:11.777 | INFO     | auth.login:ensure_login:354 - Checking Login...
2026-08-01 12:29:11.779 | SUCCESS  | auth.login:load_saved_token:192 - Saved Token Loaded
2026-08-01 12:29:11.779 | SUCCESS  | auth.login:ensure_login:362 - Using Saved Token
2026-08-01 12:29:11.780 | INFO     | monitor:scan:111 - Scanning Website...
2026-08-01 12:29:11.781 | INFO     | monitor:scan:125 - Loading Page 1
2026-08-01 12:29:11.782 | INFO     | api:get_files:60 - Loading Page 1
2026-08-01 12:29:13.284 | INFO     | api:get_file:84 - Loading File 126d518f-764b-2019-40a6-645aba60ba46
2026-08-01 12:29:13.513 | INFO     | monitor:scan:273 - Reached Old Files
2026-08-01 12:29:13.514 | INFO     | monitor:scan:303 - No New Serial
2026-08-01 12:29:13.514 | INFO     | monitor:scan:325 - Nothing Changed
2026-08-01 12:29:13.515 | SUCCESS  | monitor:scan:331 - Scan Finished
2026-08-01 12:29:13.516 | INFO     | monitor:start:67 - Sleep 60 Seconds
2026-08-01 12:30:13.517 | INFO     | auth.login:ensure_login:354 - Checking Login...
2026-08-01 12:30:13.519 | SUCCESS  | auth.login:load_saved_token:192 - Saved Token Loaded
2026-08-01 12:30:13.520 | SUCCESS  | auth.login:ensure_login:362 - Using Saved Token
2026-08-01 12:30:13.521 | INFO     | monitor:scan:111 - Scanning Website...
2026-08-01 12:30:13.522 | INFO     | monitor:scan:125 - Loading Page 1
2026-08-01 12:30:13.524 | INFO     | api:get_files:60 - Loading Page 1
2026-08-01 12:30:15.062 | INFO     | api:get_file:84 - Loading File 126d518f-764b-2019-40a6-645aba60ba46
2026-08-01 12:30:15.289 | INFO     | monitor:scan:273 - Reached Old Files
2026-08-01 12:30:15.289 | INFO     | monitor:scan:303 - No New Serial
2026-08-01 12:30:15.290 | INFO     | monitor:scan:325 - Nothing Changed
2026-08-01 12:30:15.290 | SUCCESS  | monitor:scan:331 - Scan Finished
2026-08-01 12:30:15.291 | INFO     | monitor:start:67 - Sleep 60 Seconds
2026-08-01 12:31:15.293 | INFO     | auth.login:ensure_login:354 - Checking Login...
2026-08-01 12:31:15.296 | SUCCESS  | auth.login:load_saved_token:192 - Saved Token Loaded
2026-08-01 12:31:15.297 | SUCCESS  | auth.login:ensure_login:362 - Using Saved Token
2026-08-01 12:31:15.297 | INFO     | monitor:scan:111 - Scanning Website...
2026-08-01 12:31:15.299 | INFO     | monitor:scan:125 - Loading Page 1
2026-08-01 12:31:15.299 | INFO     | api:get_files:60 - Loading Page 1
2026-08-01 12:31:16.814 | INFO     | api:get_file:84 - Loading File 126d518f-764b-2019-40a6-645aba60ba46
2026-08-01 12:31:17.039 | INFO     | monitor:scan:273 - Reached Old Files
2026-08-01 12:31:17.039 | INFO     | monitor:scan:303 - No New Serial
2026-08-01 12:31:17.040 | INFO     | monitor:scan:325 - Nothing Changed
2026-08-01 12:31:17.040 | SUCCESS  | monitor:scan:331 - Scan Finished
2026-08-01 12:31:17.041 | INFO     | monitor:start:67 - Sleep 60 Seconds
2026-08-01 12:32:17.042 | INFO     | auth.login:ensure_login:354 - Checking Login...
2026-08-01 12:32:17.045 | SUCCESS  | auth.login:load_saved_token:192 - Saved Token Loaded
2026-08-01 12:32:17.045 | SUCCESS  | auth.login:ensure_login:362 - Using Saved Token
2026-08-01 12:32:17.046 | INFO     | monitor:scan:111 - Scanning Website...
2026-08-01 12:32:17.047 | INFO     | monitor:scan:125 - Loading Page 1
2026-08-01 12:32:17.048 | INFO     | api:get_files:60 - Loading Page 1
2026-08-01 12:32:18.527 | INFO     | api:get_file:84 - Loading File 126d518f-764b-2019-40a6-645aba60ba46
2026-08-01 12:32:18.755 | INFO     | monitor:scan:273 - Reached Old Files
2026-08-01 12:32:18.756 | INFO     | monitor:scan:303 - No New Serial
2026-08-01 12:32:18.756 | INFO     | monitor:scan:325 - Nothing Changed
2026-08-01 12:32:18.757 | SUCCESS  | monitor:scan:331 - Scan Finished
2026-08-01 12:32:18.757 | INFO     | monitor:start:67 - Sleep 60 Seconds
2026-08-01 12:33:18.758 | INFO     | auth.login:ensure_login:354 - Checking Login...
2026-08-01 12:33:18.760 | SUCCESS  | auth.login:load_saved_token:192 - Saved Token Loaded
2026-08-01 12:33:18.761 | SUCCESS  | auth.login:ensure_login:362 - Using Saved Token
2026-08-01 12:33:18.761 | INFO     | monitor:scan:111 - Scanning Website...
2026-08-01 12:33:18.763 | INFO     | monitor:scan:125 - Loading Page 1
2026-08-01 12:33:18.763 | INFO     | api:get_files:60 - Loading Page 1
2026-08-01 12:33:20.383 | INFO     | api:get_file:84 - Loading File 126d518f-764b-2019-40a6-645aba60ba46
2026-08-01 12:33:20.607 | INFO     | monitor:scan:273 - Reached Old Files
2026-08-01 12:33:20.607 | INFO     | monitor:scan:303 - No New Serial
2026-08-01 12:33:20.607 | INFO     | monitor:scan:325 - Nothing Changed
2026-08-01 12:33:20.607 | SUCCESS  | monitor:scan:331 - Scan Finished
2026-08-01 12:33:20.608 | INFO     | monitor:start:67 - Sleep 60 Seconds
2026-08-01 12:34:20.608 | INFO     | auth.login:ensure_login:354 - Checking Login...
2026-08-01 12:34:20.611 | SUCCESS  | auth.login:load_saved_token:192 - Saved Token Loaded
2026-08-01 12:34:20.612 | SUCCESS  | auth.login:ensure_login:362 - Using Saved Token
2026-08-01 12:34:20.613 | INFO     | monitor:scan:111 - Scanning Website...
2026-08-01 12:34:20.615 | INFO     | monitor:scan:125 - Loading Page 1
2026-08-01 12:34:20.616 | INFO     | api:get_files:60 - Loading Page 1
2026-08-01 12:34:21.065 | WARNING  | auth.login:get:411 - Access Token Expired
2026-08-01 12:34:21.065 | INFO     | auth.login:login:262 - Logging in...
2026-08-01 12:34:21.609 | SUCCESS  | auth.login:save_token:242 - Token Saved
2026-08-01 12:34:21.609 | SUCCESS  | auth.login:login:340 - Login Successful
2026-08-01 12:34:24.204 | INFO     | api:get_file:84 - Loading File 126d518f-764b-2019-40a6-645aba60ba46
2026-08-01 12:34:24.430 | INFO     | monitor:scan:273 - Reached Old Files
2026-08-01 12:34:24.431 | INFO     | monitor:scan:303 - No New Serial
2026-08-01 12:34:24.431 | INFO     | monitor:scan:325 - Nothing Changed
2026-08-01 12:34:24.431 | SUCCESS  | monitor:scan:331 - Scan Finished
2026-08-01 12:34:24.432 | INFO     | monitor:start:67 - Sleep 60 Seconds
2026-08-01 12:35:24.432 | INFO     | auth.login:ensure_login:354 - Checking Login...
2026-08-01 12:35:24.450 | SUCCESS  | auth.login:load_saved_token:192 - Saved Token Loaded
2026-08-01 12:35:24.450 | SUCCESS  | auth.login:ensure_login:362 - Using Saved Token
2026-08-01 12:35:24.450 | INFO     | monitor:scan:111 - Scanning Website...
2026-08-01 12:35:24.451 | INFO     | monitor:scan:125 - Loading Page 1
2026-08-01 12:35:24.452 | INFO     | api:get_files:60 - Loading Page 1
2026-08-01 12:35:25.921 | INFO     | api:get_file:84 - Loading File 126d518f-764b-2019-40a6-645aba60ba46
2026-08-01 12:35:26.147 | INFO     | monitor:scan:273 - Reached Old Files
2026-08-01 12:35:26.147 | INFO     | monitor:scan:303 - No New Serial
2026-08-01 12:35:26.147 | INFO     | monitor:scan:325 - Nothing Changed
2026-08-01 12:35:26.148 | SUCCESS  | monitor:scan:331 - Scan Finished
2026-08-01 12:35:26.148 | INFO     | monitor:start:67 - Sleep 60 Seconds
2026-08-01 12:36:26.148 | INFO     | auth.login:ensure_login:354 - Checking Login...
2026-08-01 12:36:26.149 | SUCCESS  | auth.login:load_saved_token:192 - Saved Token Loaded
2026-08-01 12:36:26.149 | SUCCESS  | auth.login:ensure_login:362 - Using Saved Token
2026-08-01 12:36:26.149 | INFO     | monitor:scan:111 - Scanning Website...
2026-08-01 12:36:26.150 | INFO     | monitor:scan:125 - Loading Page 1
2026-08-01 12:36:26.150 | INFO     | api:get_files:60 - Loading Page 1
2026-08-01 12:36:28.461 | INFO     | api:get_file:84 - Loading File 126d518f-764b-2019-40a6-645aba60ba46
2026-08-01 12:36:28.684 | INFO     | monitor:scan:273 - Reached Old Files
2026-08-01 12:36:28.685 | INFO     | monitor:scan:303 - No New Serial
2026-08-01 12:36:28.686 | INFO     | monitor:scan:325 - Nothing Changed
2026-08-01 12:36:28.686 | SUCCESS  | monitor:scan:331 - Scan Finished
2026-08-01 12:36:28.687 | INFO     | monitor:start:67 - Sleep 60 Seconds
2026-08-01 12:37:28.688 | INFO     | auth.login:ensure_login:354 - Checking Login...
2026-08-01 12:37:28.690 | SUCCESS  | auth.login:load_saved_token:192 - Saved Token Loaded
2026-08-01 12:37:28.691 | SUCCESS  | auth.login:ensure_login:362 - Using Saved Token
2026-08-01 12:37:28.693 | INFO     | monitor:scan:111 - Scanning Website...
2026-08-01 12:37:28.695 | INFO     | monitor:scan:125 - Loading Page 1
2026-08-01 12:37:28.696 | INFO     | api:get_files:60 - Loading Page 1
2026-08-01 12:37:30.612 | INFO     | api:get_file:84 - Loading File 126d518f-764b-2019-40a6-645aba60ba46
2026-08-01 12:37:30.844 | INFO     | monitor:scan:273 - Reached Old Files
2026-08-01 12:37:30.844 | INFO     | monitor:scan:303 - No New Serial
2026-08-01 12:37:30.845 | INFO     | monitor:scan:325 - Nothing Changed
2026-08-01 12:37:30.845 | SUCCESS  | monitor:scan:331 - Scan Finished
2026-08-01 12:37:30.845 | INFO     | monitor:start:67 - Sleep 60 Seconds
2026-08-01 12:38:30.846 | INFO     | auth.login:ensure_login:354 - Checking Login...
2026-08-01 12:38:30.848 | SUCCESS  | auth.login:load_saved_token:192 - Saved Token Loaded
2026-08-01 12:38:30.848 | SUCCESS  | auth.login:ensure_login:362 - Using Saved Token
2026-08-01 12:38:30.848 | INFO     | monitor:scan:111 - Scanning Website...
2026-08-01 12:38:30.849 | INFO     | monitor:scan:125 - Loading Page 1
2026-08-01 12:38:30.850 | INFO     | api:get_files:60 - Loading Page 1
2026-08-01 12:38:32.489 | INFO     | api:get_file:84 - Loading File 126d518f-764b-2019-40a6-645aba60ba46
2026-08-01 12:38:32.715 | INFO     | monitor:scan:273 - Reached Old Files
2026-08-01 12:38:32.716 | INFO     | monitor:scan:303 - No New Serial
2026-08-01 12:38:32.716 | INFO     | monitor:scan:325 - Nothing Changed
2026-08-01 12:38:32.716 | SUCCESS  | monitor:scan:331 - Scan Finished
2026-08-01 12:38:32.717 | INFO     | monitor:start:67 - Sleep 60 Seconds
2026-08-01 12:39:32.717 | INFO     | auth.login:ensure_login:354 - Checking Login...
2026-08-01 12:39:32.719 | SUCCESS  | auth.login:load_saved_token:192 - Saved Token Loaded
2026-08-01 12:39:32.720 | SUCCESS  | auth.login:ensure_login:362 - Using Saved Token
2026-08-01 12:39:32.721 | INFO     | monitor:scan:111 - Scanning Website...
2026-08-01 12:39:32.722 | INFO     | monitor:scan:125 - Loading Page 1
2026-08-01 12:39:32.722 | INFO     | api:get_files:60 - Loading Page 1
2026-08-01 12:39:34.519 | INFO     | api:get_file:84 - Loading File 126d518f-764b-2019-40a6-645aba60ba46
2026-08-01 12:39:34.752 | INFO     | monitor:scan:273 - Reached Old Files
2026-08-01 12:39:34.753 | INFO     | monitor:scan:303 - No New Serial
2026-08-01 12:39:34.753 | INFO     | monitor:scan:325 - Nothing Changed
2026-08-01 12:39:34.753 | SUCCESS  | monitor:scan:331 - Scan Finished
2026-08-01 12:39:34.754 | INFO     | monitor:start:67 - Sleep 60 Seconds
2026-08-01 12:40:34.755 | INFO     | auth.login:ensure_login:354 - Checking Login...
2026-08-01 12:40:34.757 | SUCCESS  | auth.login:load_saved_token:192 - Saved Token Loaded
2026-08-01 12:40:34.758 | SUCCESS  | auth.login:ensure_login:362 - Using Saved Token
2026-08-01 12:40:34.758 | INFO     | monitor:scan:111 - Scanning Website...
2026-08-01 12:40:34.760 | INFO     | monitor:scan:125 - Loading Page 1
2026-08-01 12:40:34.761 | INFO     | api:get_files:60 - Loading Page 1
2026-08-01 12:40:36.258 | INFO     | api:get_file:84 - Loading File 126d518f-764b-2019-40a6-645aba60ba46
2026-08-01 12:40:36.483 | INFO     | monitor:scan:273 - Reached Old Files
2026-08-01 12:40:36.483 | INFO     | monitor:scan:303 - No New Serial
2026-08-01 12:40:36.483 | INFO     | monitor:scan:325 - Nothing Changed
2026-08-01 12:40:36.483 | SUCCESS  | monitor:scan:331 - Scan Finished
2026-08-01 12:40:36.484 | INFO     | monitor:start:67 - Sleep 60 Seconds
2026-08-01 12:41:36.484 | INFO     | auth.login:ensure_login:354 - Checking Login...
2026-08-01 12:41:36.485 | SUCCESS  | auth.login:load_saved_token:192 - Saved Token Loaded
2026-08-01 12:41:36.485 | SUCCESS  | auth.login:ensure_login:362 - Using Saved Token
2026-08-01 12:41:36.485 | INFO     | monitor:scan:111 - Scanning Website...
2026-08-01 12:41:36.486 | INFO     | monitor:scan:125 - Loading Page 1
2026-08-01 12:41:36.486 | INFO     | api:get_files:60 - Loading Page 1
2026-08-01 12:41:38.168 | INFO     | api:get_file:84 - Loading File 126d518f-764b-2019-40a6-645aba60ba46
2026-08-01 12:41:38.396 | INFO     | monitor:scan:273 - Reached Old Files
2026-08-01 12:41:38.397 | INFO     | monitor:scan:303 - No New Serial
2026-08-01 12:41:38.397 | INFO     | monitor:scan:325 - Nothing Changed
2026-08-01 12:41:38.398 | SUCCESS  | monitor:scan:331 - Scan Finished
2026-08-01 12:41:38.398 | INFO     | monitor:start:67 - Sleep 60 Seconds
2026-08-01 12:42:38.400 | INFO     | auth.login:ensure_login:354 - Checking Login...
2026-08-01 12:42:38.403 | SUCCESS  | auth.login:load_saved_token:192 - Saved Token Loaded
2026-08-01 12:42:38.404 | SUCCESS  | auth.login:ensure_login:362 - Using Saved Token
2026-08-01 12:42:38.405 | INFO     | monitor:scan:111 - Scanning Website...
2026-08-01 12:42:38.406 | INFO     | monitor:scan:125 - Loading Page 1
2026-08-01 12:42:38.407 | INFO     | api:get_files:60 - Loading Page 1
2026-08-01 12:42:39.880 | INFO     | api:get_file:84 - Loading File 126d518f-764b-2019-40a6-645aba60ba46
2026-08-01 12:42:40.101 | INFO     | monitor:scan:273 - Reached Old Files
2026-08-01 12:42:40.102 | INFO     | monitor:scan:303 - No New Serial
2026-08-01 12:42:40.102 | INFO     | monitor:scan:325 - Nothing Changed
2026-08-01 12:42:40.103 | SUCCESS  | monitor:scan:331 - Scan Finished
2026-08-01 12:42:40.103 | INFO     | monitor:start:67 - Sleep 60 Seconds
2026-08-01 12:43:40.105 | INFO     | auth.login:ensure_login:354 - Checking Login...
2026-08-01 12:43:40.109 | SUCCESS  | auth.login:load_saved_token:192 - Saved Token Loaded
2026-08-01 12:43:40.110 | SUCCESS  | auth.login:ensure_login:362 - Using Saved Token
2026-08-01 12:43:40.110 | INFO     | monitor:scan:111 - Scanning Website...
2026-08-01 12:43:40.113 | INFO     | monitor:scan:125 - Loading Page 1
2026-08-01 12:43:40.113 | INFO     | api:get_files:60 - Loading Page 1
2026-08-01 12:43:43.447 | INFO     | api:get_file:84 - Loading File 126d518f-764b-2019-40a6-645aba60ba46
2026-08-01 12:43:43.662 | INFO     | monitor:scan:273 - Reached Old Files
2026-08-01 12:43:43.663 | INFO     | monitor:scan:303 - No New Serial
2026-08-01 12:43:43.663 | INFO     | monitor:scan:325 - Nothing Changed
2026-08-01 12:43:43.663 | SUCCESS  | monitor:scan:331 - Scan Finished
2026-08-01 12:43:43.664 | INFO     | monitor:start:67 - Sleep 60 Seconds
2026-08-01 12:44:43.664 | INFO     | auth.login:ensure_login:354 - Checking Login...
2026-08-01 12:44:43.666 | SUCCESS  | auth.login:load_saved_token:192 - Saved Token Loaded
2026-08-01 12:44:43.666 | SUCCESS  | auth.login:ensure_login:362 - Using Saved Token
2026-08-01 12:44:43.667 | INFO     | monitor:scan:111 - Scanning Website...
2026-08-01 12:44:43.668 | INFO     | monitor:scan:125 - Loading Page 1
2026-08-01 12:44:43.668 | INFO     | api:get_files:60 - Loading Page 1
2026-08-01 12:44:44.043 | WARNING  | auth.login:get:411 - Access Token Expired
2026-08-01 12:44:44.044 | INFO     | auth.login:login:262 - Logging in...
2026-08-01 12:44:44.502 | SUCCESS  | auth.login:save_token:242 - Token Saved
2026-08-01 12:44:44.503 | SUCCESS  | auth.login:login:340 - Login Successful
2026-08-01 12:44:45.661 | INFO     | api:get_file:84 - Loading File 126d518f-764b-2019-40a6-645aba60ba46
2026-08-01 12:44:45.878 | INFO     | monitor:scan:273 - Reached Old Files
2026-08-01 12:44:45.879 | INFO     | monitor:scan:303 - No New Serial
2026-08-01 12:44:45.879 | INFO     | monitor:scan:325 - Nothing Changed
2026-08-01 12:44:45.879 | SUCCESS  | monitor:scan:331 - Scan Finished
2026-08-01 12:44:45.880 | INFO     | monitor:start:67 - Sleep 60 Seconds
2026-08-01 12:45:45.881 | INFO     | auth.login:ensure_login:354 - Checking Login...
2026-08-01 12:45:45.900 | SUCCESS  | auth.login:load_saved_token:192 - Saved Token Loaded
2026-08-01 12:45:45.900 | SUCCESS  | auth.login:ensure_login:362 - Using Saved Token
2026-08-01 12:45:45.901 | INFO     | monitor:scan:111 - Scanning Website...
2026-08-01 12:45:45.901 | INFO     | monitor:scan:125 - Loading Page 1
2026-08-01 12:45:45.901 | INFO     | api:get_files:60 - Loading Page 1
2026-08-01 12:45:47.390 | INFO     | api:get_file:84 - Loading File 126d518f-764b-2019-40a6-645aba60ba46
2026-08-01 12:45:47.615 | INFO     | monitor:scan:273 - Reached Old Files
2026-08-01 12:45:47.615 | INFO     | monitor:scan:303 - No New Serial
2026-08-01 12:45:47.615 | INFO     | monitor:scan:325 - Nothing Changed
2026-08-01 12:45:47.615 | SUCCESS  | monitor:scan:331 - Scan Finished
2026-08-01 12:45:47.615 | INFO     | monitor:start:67 - Sleep 60 Seconds
2026-08-01 12:46:47.616 | INFO     | auth.login:ensure_login:354 - Checking Login...
2026-08-01 12:46:47.617 | SUCCESS  | auth.login:load_saved_token:192 - Saved Token Loaded
2026-08-01 12:46:47.617 | SUCCESS  | auth.login:ensure_login:362 - Using Saved Token
2026-08-01 12:46:47.618 | INFO     | monitor:scan:111 - Scanning Website...
2026-08-01 12:46:47.618 | INFO     | monitor:scan:125 - Loading Page 1
2026-08-01 12:46:47.619 | INFO     | api:get_files:60 - Loading Page 1
2026-08-01 12:46:49.305 | INFO     | api:get_file:84 - Loading File 126d518f-764b-2019-40a6-645aba60ba46
2026-08-01 12:46:49.564 | INFO     | monitor:scan:273 - Reached Old Files
2026-08-01 12:46:49.564 | INFO     | monitor:scan:303 - No New Serial
2026-08-01 12:46:49.564 | INFO     | monitor:scan:325 - Nothing Changed
2026-08-01 12:46:49.565 | SUCCESS  | monitor:scan:331 - Scan Finished
2026-08-01 12:46:49.565 | INFO     | monitor:start:67 - Sleep 60 Seconds
2026-08-01 12:47:49.566 | INFO     | auth.login:ensure_login:354 - Checking Login...
2026-08-01 12:47:49.570 | SUCCESS  | auth.login:load_saved_token:192 - Saved Token Loaded
2026-08-01 12:47:49.570 | SUCCESS  | auth.login:ensure_login:362 - Using Saved Token
2026-08-01 12:47:49.571 | INFO     | monitor:scan:111 - Scanning Website...
2026-08-01 12:47:49.572 | INFO     | monitor:scan:125 - Loading Page 1
2026-08-01 12:47:49.573 | INFO     | api:get_files:60 - Loading Page 1
2026-08-01 12:47:51.088 | INFO     | api:get_file:84 - Loading File 126d518f-764b-2019-40a6-645aba60ba46
2026-08-01 12:47:51.308 | INFO     | monitor:scan:273 - Reached Old Files
2026-08-01 12:47:51.309 | INFO     | monitor:scan:303 - No New Serial
2026-08-01 12:47:51.310 | INFO     | monitor:scan:325 - Nothing Changed
2026-08-01 12:47:51.311 | SUCCESS  | monitor:scan:331 - Scan Finished
2026-08-01 12:47:51.312 | INFO     | monitor:start:67 - Sleep 60 Seconds
2026-08-01 12:48:51.313 | INFO     | auth.login:ensure_login:354 - Checking Login...
2026-08-01 12:48:51.316 | SUCCESS  | auth.login:load_saved_token:192 - Saved Token Loaded
2026-08-01 12:48:51.316 | SUCCESS  | auth.login:ensure_login:362 - Using Saved Token
2026-08-01 12:48:51.317 | INFO     | monitor:scan:111 - Scanning Website...
2026-08-01 12:48:51.318 | INFO     | monitor:scan:125 - Loading Page 1
2026-08-01 12:48:51.319 | INFO     | api:get_files:60 - Loading Page 1
2026-08-01 12:48:52.859 | INFO     | api:get_file:84 - Loading File 126d518f-764b-2019-40a6-645aba60ba46
2026-08-01 12:48:53.084 | INFO     | monitor:scan:273 - Reached Old Files
2026-08-01 12:48:53.085 | INFO     | monitor:scan:303 - No New Serial
2026-08-01 12:48:53.085 | INFO     | monitor:scan:325 - Nothing Changed
2026-08-01 12:48:53.085 | SUCCESS  | monitor:scan:331 - Scan Finished
2026-08-01 12:48:53.085 | INFO     | monitor:start:67 - Sleep 60 Seconds
2026-08-01 12:49:53.086 | INFO     | auth.login:ensure_login:354 - Checking Login...
2026-08-01 12:49:53.088 | SUCCESS  | auth.login:load_saved_token:192 - Saved Token Loaded
2026-08-01 12:49:53.089 | SUCCESS  | auth.login:ensure_login:362 - Using Saved Token
2026-08-01 12:49:53.089 | INFO     | monitor:scan:111 - Scanning Website...
2026-08-01 12:49:53.091 | INFO     | monitor:scan:125 - Loading Page 1
2026-08-01 12:49:53.091 | INFO     | api:get_files:60 - Loading Page 1
2026-08-01 12:49:54.994 | INFO     | api:get_file:84 - Loading File 126d518f-764b-2019-40a6-645aba60ba46
2026-08-01 12:49:55.221 | INFO     | monitor:scan:273 - Reached Old Files
2026-08-01 12:49:55.222 | INFO     | monitor:scan:303 - No New Serial
2026-08-01 12:49:55.223 | INFO     | monitor:scan:325 - Nothing Changed
2026-08-01 12:49:55.223 | SUCCESS  | monitor:scan:331 - Scan Finished
2026-08-01 12:49:55.225 | INFO     | monitor:start:67 - Sleep 60 Seconds
2026-08-01 12:50:55.226 | INFO     | auth.login:ensure_login:354 - Checking Login...
2026-08-01 12:50:55.230 | SUCCESS  | auth.login:load_saved_token:192 - Saved Token Loaded
2026-08-01 12:50:55.231 | SUCCESS  | auth.login:ensure_login:362 - Using Saved Token
2026-08-01 12:50:55.232 | INFO     | monitor:scan:111 - Scanning Website...
2026-08-01 12:50:55.233 | INFO     | monitor:scan:125 - Loading Page 1
2026-08-01 12:50:55.234 | INFO     | api:get_files:60 - Loading Page 1
2026-08-01 12:50:57.207 | INFO     | api:get_file:84 - Loading File 126d518f-764b-2019-40a6-645aba60ba46
2026-08-01 12:50:57.434 | INFO     | monitor:scan:273 - Reached Old Files
2026-08-01 12:50:57.435 | INFO     | monitor:scan:303 - No New Serial
2026-08-01 12:50:57.437 | INFO     | monitor:scan:325 - Nothing Changed
2026-08-01 12:50:57.439 | SUCCESS  | monitor:scan:331 - Scan Finished
2026-08-01 12:50:57.441 | INFO     | monitor:start:67 - Sleep 60 Seconds
2026-08-01 12:51:57.442 | INFO     | auth.login:ensure_login:354 - Checking Login...
2026-08-01 12:51:57.446 | SUCCESS  | auth.login:load_saved_token:192 - Saved Token Loaded
2026-08-01 12:51:57.448 | SUCCESS  | auth.login:ensure_login:362 - Using Saved Token
2026-08-01 12:51:57.449 | INFO     | monitor:scan:111 - Scanning Website...
2026-08-01 12:51:57.451 | INFO     | monitor:scan:125 - Loading Page 1
2026-08-01 12:51:57.452 | INFO     | api:get_files:60 - Loading Page 1
2026-08-01 12:51:58.988 | INFO     | api:get_file:84 - Loading File 126d518f-764b-2019-40a6-645aba60ba46
2026-08-01 12:51:59.214 | INFO     | monitor:scan:273 - Reached Old Files
2026-08-01 12:51:59.215 | INFO     | monitor:scan:303 - No New Serial
2026-08-01 12:51:59.216 | INFO     | monitor:scan:325 - Nothing Changed
2026-08-01 12:51:59.217 | SUCCESS  | monitor:scan:331 - Scan Finished
2026-08-01 12:51:59.217 | INFO     | monitor:start:67 - Sleep 60 Seconds
2026-08-01 12:52:59.218 | INFO     | auth.login:ensure_login:354 - Checking Login...
2026-08-01 12:52:59.220 | SUCCESS  | auth.login:load_saved_token:192 - Saved Token Loaded
2026-08-01 12:52:59.221 | SUCCESS  | auth.login:ensure_login:362 - Using Saved Token
2026-08-01 12:52:59.222 | INFO     | monitor:scan:111 - Scanning Website...
2026-08-01 12:52:59.224 | INFO     | monitor:scan:125 - Loading Page 1
2026-08-01 12:52:59.224 | INFO     | api:get_files:60 - Loading Page 1
2026-08-01 12:53:01.018 | INFO     | api:get_file:84 - Loading File 126d518f-764b-2019-40a6-645aba60ba46
2026-08-01 12:53:01.247 | INFO     | monitor:scan:273 - Reached Old Files
2026-08-01 12:53:01.249 | INFO     | monitor:scan:303 - No New Serial
2026-08-01 12:53:01.249 | INFO     | monitor:scan:325 - Nothing Changed
2026-08-01 12:53:01.250 | SUCCESS  | monitor:scan:331 - Scan Finished
2026-08-01 12:53:01.251 | INFO     | monitor:start:67 - Sleep 60 Seconds
2026-08-01 12:54:01.252 | INFO     | auth.login:ensure_login:354 - Checking Login...
2026-08-01 12:54:01.254 | SUCCESS  | auth.login:load_saved_token:192 - Saved Token Loaded
2026-08-01 12:54:01.254 | SUCCESS  | auth.login:ensure_login:362 - Using Saved Token
2026-08-01 12:54:01.255 | INFO     | monitor:scan:111 - Scanning Website...
2026-08-01 12:54:01.256 | INFO     | monitor:scan:125 - Loading Page 1
2026-08-01 12:54:01.256 | INFO     | api:get_files:60 - Loading Page 1
2026-08-01 12:54:02.812 | INFO     | api:get_file:84 - Loading File 126d518f-764b-2019-40a6-645aba60ba46
2026-08-01 12:54:03.039 | INFO     | monitor:scan:273 - Reached Old Files
2026-08-01 12:54:03.040 | INFO     | monitor:scan:303 - No New Serial
2026-08-01 12:54:03.041 | INFO     | monitor:scan:325 - Nothing Changed
2026-08-01 12:54:03.042 | SUCCESS  | monitor:scan:331 - Scan Finished
2026-08-01 12:54:03.045 | INFO     | monitor:start:67 - Sleep 60 Seconds
2026-08-01 12:55:03.047 | INFO     | auth.login:ensure_login:354 - Checking Login...
2026-08-01 12:55:03.050 | SUCCESS  | auth.login:load_saved_token:192 - Saved Token Loaded
2026-08-01 12:55:03.050 | SUCCESS  | auth.login:ensure_login:362 - Using Saved Token
2026-08-01 12:55:03.051 | INFO     | monitor:scan:111 - Scanning Website...
2026-08-01 12:55:03.053 | INFO     | monitor:scan:125 - Loading Page 1
2026-08-01 12:55:03.054 | INFO     | api:get_files:60 - Loading Page 1
2026-08-01 12:55:03.472 | WARNING  | auth.login:get:411 - Access Token Expired
2026-08-01 12:55:03.472 | INFO     | auth.login:login:262 - Logging in...
2026-08-01 12:55:03.976 | SUCCESS  | auth.login:save_token:242 - Token Saved
2026-08-01 12:55:03.976 | SUCCESS  | auth.login:login:340 - Login Successful
2026-08-01 12:55:06.241 | INFO     | api:get_file:84 - Loading File 126d518f-764b-2019-40a6-645aba60ba46
2026-08-01 12:55:06.467 | INFO     | monitor:scan:273 - Reached Old Files
2026-08-01 12:55:06.467 | INFO     | monitor:scan:303 - No New Serial
2026-08-01 12:55:06.468 | INFO     | monitor:scan:325 - Nothing Changed
2026-08-01 12:55:06.468 | SUCCESS  | monitor:scan:331 - Scan Finished
2026-08-01 12:55:06.468 | INFO     | monitor:start:67 - Sleep 60 Seconds
2026-08-01 12:56:06.469 | INFO     | auth.login:ensure_login:354 - Checking Login...
2026-08-01 12:56:06.478 | SUCCESS  | auth.login:load_saved_token:192 - Saved Token Loaded
2026-08-01 12:56:06.478 | SUCCESS  | auth.login:ensure_login:362 - Using Saved Token
2026-08-01 12:56:06.478 | INFO     | monitor:scan:111 - Scanning Website...
2026-08-01 12:56:06.479 | INFO     | monitor:scan:125 - Loading Page 1
2026-08-01 12:56:06.479 | INFO     | api:get_files:60 - Loading Page 1
2026-08-01 12:56:08.869 | INFO     | api:get_file:84 - Loading File 126d518f-764b-2019-40a6-645aba60ba46
2026-08-01 12:56:09.101 | INFO     | monitor:scan:273 - Reached Old Files
2026-08-01 12:56:09.102 | INFO     | monitor:scan:303 - No New Serial
2026-08-01 12:56:09.102 | INFO     | monitor:scan:325 - Nothing Changed
2026-08-01 12:56:09.104 | SUCCESS  | monitor:scan:331 - Scan Finished
2026-08-01 12:56:09.105 | INFO     | monitor:start:67 - Sleep 60 Seconds
2026-08-01 12:57:09.106 | INFO     | auth.login:ensure_login:354 - Checking Login...
2026-08-01 12:57:09.109 | SUCCESS  | auth.login:load_saved_token:192 - Saved Token Loaded
2026-08-01 12:57:09.110 | SUCCESS  | auth.login:ensure_login:362 - Using Saved Token
2026-08-01 12:57:09.111 | INFO     | monitor:scan:111 - Scanning Website...
2026-08-01 12:57:09.113 | INFO     | monitor:scan:125 - Loading Page 1
2026-08-01 12:57:09.113 | INFO     | api:get_files:60 - Loading Page 1
2026-08-01 12:57:10.622 | INFO     | api:get_file:84 - Loading File 126d518f-764b-2019-40a6-645aba60ba46
2026-08-01 12:57:10.841 | INFO     | monitor:scan:273 - Reached Old Files
2026-08-01 12:57:10.842 | INFO     | monitor:scan:303 - No New Serial
2026-08-01 12:57:10.842 | INFO     | monitor:scan:325 - Nothing Changed
2026-08-01 12:57:10.842 | SUCCESS  | monitor:scan:331 - Scan Finished
2026-08-01 12:57:10.843 | INFO     | monitor:start:67 - Sleep 60 Seconds
2026-08-01 12:58:10.843 | INFO     | auth.login:ensure_login:354 - Checking Login...
2026-08-01 12:58:10.845 | SUCCESS  | auth.login:load_saved_token:192 - Saved Token Loaded
2026-08-01 12:58:10.845 | SUCCESS  | auth.login:ensure_login:362 - Using Saved Token
2026-08-01 12:58:10.845 | INFO     | monitor:scan:111 - Scanning Website...
2026-08-01 12:58:10.847 | INFO     | monitor:scan:125 - Loading Page 1
2026-08-01 12:58:10.848 | INFO     | api:get_files:60 - Loading Page 1
2026-08-01 12:58:12.356 | INFO     | api:get_file:84 - Loading File 126d518f-764b-2019-40a6-645aba60ba46
2026-08-01 12:58:12.608 | INFO     | monitor:scan:273 - Reached Old Files
2026-08-01 12:58:12.609 | INFO     | monitor:scan:303 - No New Serial
2026-08-01 12:58:12.609 | INFO     | monitor:scan:325 - Nothing Changed
2026-08-01 12:58:12.609 | SUCCESS  | monitor:scan:331 - Scan Finished
2026-08-01 12:58:12.609 | INFO     | monitor:start:67 - Sleep 60 Seconds
2026-08-01 12:59:12.610 | INFO     | auth.login:ensure_login:354 - Checking Login...
2026-08-01 12:59:12.613 | SUCCESS  | auth.login:load_saved_token:192 - Saved Token Loaded
2026-08-01 12:59:12.614 | SUCCESS  | auth.login:ensure_login:362 - Using Saved Token
2026-08-01 12:59:12.615 | INFO     | monitor:scan:111 - Scanning Website...
2026-08-01 12:59:12.618 | INFO     | monitor:scan:125 - Loading Page 1
2026-08-01 12:59:12.619 | INFO     | api:get_files:60 - Loading Page 1
2026-08-01 12:59:15.726 | INFO     | api:get_file:84 - Loading File 126d518f-764b-2019-40a6-645aba60ba46
2026-08-01 12:59:15.945 | INFO     | monitor:scan:273 - Reached Old Files
2026-08-01 12:59:15.946 | INFO     | monitor:scan:303 - No New Serial
2026-08-01 12:59:15.946 | INFO     | monitor:scan:325 - Nothing Changed
2026-08-01 12:59:15.947 | SUCCESS  | monitor:scan:331 - Scan Finished
2026-08-01 12:59:15.948 | INFO     | monitor:start:67 - Sleep 60 Seconds
2026-08-01 13:00:15.949 | INFO     | auth.login:ensure_login:354 - Checking Login...
2026-08-01 13:00:15.950 | SUCCESS  | auth.login:load_saved_token:192 - Saved Token Loaded
2026-08-01 13:00:15.950 | SUCCESS  | auth.login:ensure_login:362 - Using Saved Token
2026-08-01 13:00:15.950 | INFO     | monitor:scan:111 - Scanning Website...
2026-08-01 13:00:15.951 | INFO     | monitor:scan:125 - Loading Page 1
2026-08-01 13:00:15.951 | INFO     | api:get_files:60 - Loading Page 1
2026-08-01 13:00:17.529 | INFO     | api:get_file:84 - Loading File 126d518f-764b-2019-40a6-645aba60ba46
2026-08-01 13:00:17.777 | INFO     | monitor:scan:273 - Reached Old Files
2026-08-01 13:00:17.778 | INFO     | monitor:scan:303 - No New Serial
2026-08-01 13:00:17.779 | INFO     | monitor:scan:325 - Nothing Changed
2026-08-01 13:00:17.779 | SUCCESS  | monitor:scan:331 - Scan Finished
2026-08-01 13:00:17.780 | INFO     | monitor:start:67 - Sleep 60 Seconds
2026-08-01 13:01:17.781 | INFO     | auth.login:ensure_login:354 - Checking Login...
2026-08-01 13:01:17.782 | SUCCESS  | auth.login:load_saved_token:192 - Saved Token Loaded
2026-08-01 13:01:17.782 | SUCCESS  | auth.login:ensure_login:362 - Using Saved Token
2026-08-01 13:01:17.783 | INFO     | monitor:scan:111 - Scanning Website...
2026-08-01 13:01:17.783 | INFO     | monitor:scan:125 - Loading Page 1
2026-08-01 13:01:17.783 | INFO     | api:get_files:60 - Loading Page 1
2026-08-01 13:01:21.065 | INFO     | api:get_file:84 - Loading File 126d518f-764b-2019-40a6-645aba60ba46
2026-08-01 13:01:21.308 | INFO     | monitor:scan:273 - Reached Old Files
2026-08-01 13:01:21.309 | INFO     | monitor:scan:303 - No New Serial
2026-08-01 13:01:21.310 | INFO     | monitor:scan:325 - Nothing Changed
2026-08-01 13:01:21.310 | SUCCESS  | monitor:scan:331 - Scan Finished
2026-08-01 13:01:21.311 | INFO     | monitor:start:67 - Sleep 60 Seconds
2026-08-01 13:02:21.312 | INFO     | auth.login:ensure_login:354 - Checking Login...
2026-08-01 13:02:21.316 | SUCCESS  | auth.login:load_saved_token:192 - Saved Token Loaded
2026-08-01 13:02:21.317 | SUCCESS  | auth.login:ensure_login:362 - Using Saved Token
2026-08-01 13:02:21.318 | INFO     | monitor:scan:111 - Scanning Website...
2026-08-01 13:02:21.320 | INFO     | monitor:scan:125 - Loading Page 1
2026-08-01 13:02:21.321 | INFO     | api:get_files:60 - Loading Page 1
2026-08-01 13:02:42.344 | ERROR    | auth.login:get:437 - GET ERROR : [WinError 10060] A connection attempt failed because the connected party did not properly respond after a period of time, or established connection failed because connected host has failed to respond
2026-08-01 13:02:42.345 | ERROR    | monitor:start:65 - [WinError 10060] A connection attempt failed because the connected party did not properly respond after a period of time, or established connection failed because connected host has failed to respond
Traceback (most recent call last):

  File "C:\Users\ARKA\AppData\Roaming\Python\Python314\site-packages\httpx\_transports\default.py", line 101, in map_httpcore_exceptions
    yield
  File "C:\Users\ARKA\AppData\Roaming\Python\Python314\site-packages\httpx\_transports\default.py", line 250, in handle_request
    resp = self._pool.handle_request(req)
           │    │     │              └ <Request [b'GET']>
           │    │     └ <function ConnectionPool.handle_request at 0x000001EDD11307D0>
           │    └ <ConnectionPool [Requests: 0 active, 0 queued | Connections: 0 active, 0 idle]>
           └ <httpx.HTTPTransport object at 0x000001EDD0EFA510>
  File "C:\Users\ARKA\AppData\Roaming\Python\Python314\site-packages\httpcore\_sync\connection_pool.py", line 256, in handle_request
    raise exc from None
  File "C:\Users\ARKA\AppData\Roaming\Python\Python314\site-packages\httpcore\_sync\connection_pool.py", line 236, in handle_request
    response = connection.handle_request(
               │          └ <function HTTPConnection.handle_request at 0x000001EDD1122C40>
               └ <HTTPConnection [CONNECTION FAILED]>
  File "C:\Users\ARKA\AppData\Roaming\Python\Python314\site-packages\httpcore\_sync\connection.py", line 101, in handle_request
    raise exc
  File "C:\Users\ARKA\AppData\Roaming\Python\Python314\site-packages\httpcore\_sync\connection.py", line 78, in handle_request
    stream = self._connect(request)
             │    │        └ <Request [b'GET']>
             │    └ <function HTTPConnection._connect at 0x000001EDD1122DA0>
             └ <HTTPConnection [CONNECTION FAILED]>
  File "C:\Users\ARKA\AppData\Roaming\Python\Python314\site-packages\httpcore\_sync\connection.py", line 124, in _connect
    stream = self._network_backend.connect_tcp(**kwargs)
             │    │                │             └ {'host': 'www.alborzfiling.ir', 'port': 80, 'local_address': None, 'timeout': 30, 'socket_options': None}
             │    │                └ <function SyncBackend.connect_tcp at 0x000001EDD0F54300>
             │    └ <httpcore.SyncBackend object at 0x000001EDD1068EC0>
             └ <HTTPConnection [CONNECTION FAILED]>
  File "C:\Users\ARKA\AppData\Roaming\Python\Python314\site-packages\httpcore\_backends\sync.py", line 207, in connect_tcp
    with map_exceptions(exc_map):
         │              └ {<class 'TimeoutError'>: <class 'httpcore.ConnectTimeout'>, <class 'OSError'>: <class 'httpcore.ConnectError'>}
         └ <function map_exceptions at 0x000001EDD0F65640>
  File "C:\Python314\Lib\contextlib.py", line 162, in __exit__
    self.gen.throw(value)
    │    │   │     └ TimeoutError(10060, 'A connection attempt failed because the connected party did not properly respond after a period of time,...
    │    │   └ <method 'throw' of 'generator' objects>
    │    └ <generator object map_exceptions at 0x000001EDD12B9E40>
    └ <contextlib._GeneratorContextManager object at 0x000001EDD13A7540>
  File "C:\Users\ARKA\AppData\Roaming\Python\Python314\site-packages\httpcore\_exceptions.py", line 14, in map_exceptions
    raise to_exc(exc) from exc
          └ <class 'httpcore.ConnectTimeout'>

httpcore.ConnectTimeout: [WinError 10060] A connection attempt failed because the connected party did not properly respond after a period of time, or established connection failed because connected host has failed to respond


The above exception was the direct cause of the following exception:


Traceback (most recent call last):

  File "C:\Users\ARKA\OneDrive\Desktop\AlborzMonitor\FuY\FuY-RealEstate-PWA\main.py", line 43, in <module>
    main()
    └ <function main at 0x000001EDCDC1E820>

  File "C:\Users\ARKA\OneDrive\Desktop\AlborzMonitor\FuY\FuY-RealEstate-PWA\main.py", line 38, in main
    monitor.start()
    │       └ <function Monitor.start at 0x000001EDD0E999B0>
    └ <monitor.Monitor object at 0x000001EDD0EF9A90>

> File "C:\Users\ARKA\OneDrive\Desktop\AlborzMonitor\FuY\FuY-RealEstate-PWA\monitor.py", line 61, in start
    self.scan()
    │    └ <function Monitor.scan at 0x000001EDD0E99DD0>
    └ <monitor.Monitor object at 0x000001EDD0EF9A90>

  File "C:\Users\ARKA\OneDrive\Desktop\AlborzMonitor\FuY\FuY-RealEstate-PWA\monitor.py", line 127, in scan
    response = self.api.get_files(
               │    │   └ <function AlborzAPI.get_files at 0x000001EDD0E87D70>
               │    └ <api.AlborzAPI object at 0x000001EDD10692B0>
               └ <monitor.Monitor object at 0x000001EDD0EF9A90>

  File "C:\Users\ARKA\OneDrive\Desktop\AlborzMonitor\FuY\FuY-RealEstate-PWA\api.py", line 64, in get_files
    return self.login.get(
           │    │     └ <function LoginManager.get at 0x000001EDD0E87C10>
           │    └ <auth.login.LoginManager object at 0x000001EDD0EF9BE0>
           └ <api.AlborzAPI object at 0x000001EDD10692B0>

  File "C:\Users\ARKA\OneDrive\Desktop\AlborzMonitor\FuY\FuY-RealEstate-PWA\auth\login.py", line 396, in get
    response = self.session.get(
               │    │       └ <function Client.get at 0x000001EDD009E400>
               │    └ <httpx.Client object at 0x000001EDD0EF9D30>
               └ <auth.login.LoginManager object at 0x000001EDD0EF9BE0>

  File "C:\Users\ARKA\AppData\Roaming\Python\Python314\site-packages\httpx\_client.py", line 1053, in get
    return self.request(
           │    └ <function Client.request at 0x000001EDD009DB10>
           └ <httpx.Client object at 0x000001EDD0EF9D30>
  File "C:\Users\ARKA\AppData\Roaming\Python\Python314\site-packages\httpx\_client.py", line 825, in request
    return self.send(request, auth=auth, follow_redirects=follow_redirects)
           │    │    │             │                      └ <httpx._client.UseClientDefault object at 0x000001EDCFF6FA10>
           │    │    │             └ <httpx._client.UseClientDefault object at 0x000001EDCFF6FA10>
           │    │    └ <Request('GET', 'http://www.alborzfiling.ir/api/File/List?pageNo=1&pageSize=100&fastSearch=&sort=fileDateShamsi&descending=tr...
           │    └ <function Client.send at 0x000001EDD009DE80>
           └ <httpx.Client object at 0x000001EDD0EF9D30>
  File "C:\Users\ARKA\AppData\Roaming\Python\Python314\site-packages\httpx\_client.py", line 914, in send
    response = self._send_handling_auth(
               │    └ <function Client._send_handling_auth at 0x000001EDD009DFE0>
               └ <httpx.Client object at 0x000001EDD0EF9D30>
  File "C:\Users\ARKA\AppData\Roaming\Python\Python314\site-packages\httpx\_client.py", line 942, in _send_handling_auth
    response = self._send_handling_redirects(
               │    └ <function Client._send_handling_redirects at 0x000001EDD009E140>
               └ <httpx.Client object at 0x000001EDD0EF9D30>
  File "C:\Users\ARKA\AppData\Roaming\Python\Python314\site-packages\httpx\_client.py", line 979, in _send_handling_redirects
    response = self._send_single_request(request)
               │    │                    └ <Request('GET', 'http://www.alborzfiling.ir/api/File/List?pageNo=1&pageSize=100&fastSearch=&sort=fileDateShamsi&descending=tr...
               │    └ <function Client._send_single_request at 0x000001EDD009E2A0>
               └ <httpx.Client object at 0x000001EDD0EF9D30>
  File "C:\Users\ARKA\AppData\Roaming\Python\Python314\site-packages\httpx\_client.py", line 1014, in _send_single_request
    response = transport.handle_request(request)
               │         │              └ <Request('GET', 'http://www.alborzfiling.ir/api/File/List?pageNo=1&pageSize=100&fastSearch=&sort=fileDateShamsi&descending=tr...
               │         └ <function HTTPTransport.handle_request at 0x000001EDD0098510>
               └ <httpx.HTTPTransport object at 0x000001EDD0EFA510>
  File "C:\Users\ARKA\AppData\Roaming\Python\Python314\site-packages\httpx\_transports\default.py", line 249, in handle_request
    with map_httpcore_exceptions():
         └ <function map_httpcore_exceptions at 0x000001EDD007FA00>
  File "C:\Python314\Lib\contextlib.py", line 162, in __exit__
    self.gen.throw(value)
    │    │   │     └ ConnectTimeout(TimeoutError(10060, 'A connection attempt failed because the connected party did not properly respond after a ...
    │    │   └ <method 'throw' of 'generator' objects>
    │    └ <generator object map_httpcore_exceptions at 0x000001EDD1117640>
    └ <contextlib._GeneratorContextManager object at 0x000001EDD13A55C0>
  File "C:\Users\ARKA\AppData\Roaming\Python\Python314\site-packages\httpx\_transports\default.py", line 118, in map_httpcore_exceptions
    raise mapped_exc(message) from exc
          │          └ '[WinError 10060] A connection attempt failed because the connected party did not properly respond after a period of time, or...
          └ <class 'httpx.ConnectTimeout'>

httpx.ConnectTimeout: [WinError 10060] A connection attempt failed because the connected party did not properly respond after a period of time, or established connection failed because connected host has failed to respond
2026-08-01 13:02:42.358 | INFO     | monitor:start:67 - Sleep 60 Seconds
2026-08-01 13:03:42.358 | INFO     | auth.login:ensure_login:354 - Checking Login...
2026-08-01 13:03:42.361 | SUCCESS  | auth.login:load_saved_token:192 - Saved Token Loaded
2026-08-01 13:03:42.361 | SUCCESS  | auth.login:ensure_login:362 - Using Saved Token
2026-08-01 13:03:42.362 | INFO     | monitor:scan:111 - Scanning Website...
2026-08-01 13:03:42.364 | INFO     | monitor:scan:125 - Loading Page 1
2026-08-01 13:03:42.365 | INFO     | api:get_files:60 - Loading Page 1
2026-08-01 13:03:42.865 | INFO     | api:get_file:84 - Loading File 126d518f-764b-2019-40a6-645aba60ba46
2026-08-01 13:03:42.913 | INFO     | monitor:scan:273 - Reached Old Files
2026-08-01 13:03:42.914 | INFO     | monitor:scan:303 - No New Serial
2026-08-01 13:03:42.915 | INFO     | monitor:scan:325 - Nothing Changed
2026-08-01 13:03:42.915 | SUCCESS  | monitor:scan:331 - Scan Finished
2026-08-01 13:03:42.915 | INFO     | monitor:start:67 - Sleep 60 Seconds
2026-08-01 13:04:42.916 | INFO     | auth.login:ensure_login:354 - Checking Login...
2026-08-01 13:04:42.918 | SUCCESS  | auth.login:load_saved_token:192 - Saved Token Loaded
2026-08-01 13:04:42.919 | SUCCESS  | auth.login:ensure_login:362 - Using Saved Token
2026-08-01 13:04:42.919 | INFO     | monitor:scan:111 - Scanning Website...
2026-08-01 13:04:42.921 | INFO     | monitor:scan:125 - Loading Page 1
2026-08-01 13:04:42.921 | INFO     | api:get_files:60 - Loading Page 1
2026-08-01 13:04:43.489 | INFO     | api:get_file:84 - Loading File 126d518f-764b-2019-40a6-645aba60ba46
2026-08-01 13:04:43.537 | INFO     | monitor:scan:273 - Reached Old Files
2026-08-01 13:04:43.537 | INFO     | monitor:scan:303 - No New Serial
2026-08-01 13:04:43.538 | INFO     | monitor:scan:325 - Nothing Changed
2026-08-01 13:04:43.538 | SUCCESS  | monitor:scan:331 - Scan Finished
2026-08-01 13:04:43.538 | INFO     | monitor:start:67 - Sleep 60 Seconds
2026-08-01 13:05:43.539 | INFO     | auth.login:ensure_login:354 - Checking Login...
2026-08-01 13:05:43.542 | SUCCESS  | auth.login:load_saved_token:192 - Saved Token Loaded
2026-08-01 13:05:43.543 | SUCCESS  | auth.login:ensure_login:362 - Using Saved Token
2026-08-01 13:05:43.544 | INFO     | monitor:scan:111 - Scanning Website...
2026-08-01 13:05:43.546 | INFO     | monitor:scan:125 - Loading Page 1
2026-08-01 13:05:43.547 | INFO     | api:get_files:60 - Loading Page 1
2026-08-01 13:05:43.622 | WARNING  | auth.login:get:411 - Access Token Expired
2026-08-01 13:05:43.622 | INFO     | auth.login:login:262 - Logging in...
2026-08-01 13:05:43.911 | SUCCESS  | auth.login:save_token:242 - Token Saved
2026-08-01 13:05:43.912 | SUCCESS  | auth.login:login:340 - Login Successful
2026-08-01 13:05:44.418 | INFO     | api:get_file:84 - Loading File 126d518f-764b-2019-40a6-645aba60ba46
2026-08-01 13:05:44.472 | INFO     | monitor:scan:273 - Reached Old Files
2026-08-01 13:05:44.473 | INFO     | monitor:scan:303 - No New Serial
2026-08-01 13:05:44.473 | INFO     | monitor:scan:325 - Nothing Changed
2026-08-01 13:05:44.473 | SUCCESS  | monitor:scan:331 - Scan Finished
2026-08-01 13:05:44.475 | INFO     | monitor:start:67 - Sleep 60 Seconds
2026-08-01 13:06:44.477 | INFO     | auth.login:ensure_login:354 - Checking Login...
2026-08-01 13:06:44.484 | SUCCESS  | auth.login:load_saved_token:192 - Saved Token Loaded
2026-08-01 13:06:44.484 | SUCCESS  | auth.login:ensure_login:362 - Using Saved Token
2026-08-01 13:06:44.484 | INFO     | monitor:scan:111 - Scanning Website...
2026-08-01 13:06:44.485 | INFO     | monitor:scan:125 - Loading Page 1
2026-08-01 13:06:44.485 | INFO     | api:get_files:60 - Loading Page 1
2026-08-01 13:06:45.997 | INFO     | api:get_file:84 - Loading File 126d518f-764b-2019-40a6-645aba60ba46
2026-08-01 13:06:46.223 | INFO     | monitor:scan:273 - Reached Old Files
2026-08-01 13:06:46.224 | INFO     | monitor:scan:303 - No New Serial
2026-08-01 13:06:46.224 | INFO     | monitor:scan:325 - Nothing Changed
2026-08-01 13:06:46.224 | SUCCESS  | monitor:scan:331 - Scan Finished
2026-08-01 13:06:46.225 | INFO     | monitor:start:67 - Sleep 60 Seconds
2026-08-01 13:07:46.225 | INFO     | auth.login:ensure_login:354 - Checking Login...
2026-08-01 13:07:46.228 | SUCCESS  | auth.login:load_saved_token:192 - Saved Token Loaded
2026-08-01 13:07:46.229 | SUCCESS  | auth.login:ensure_login:362 - Using Saved Token
2026-08-01 13:07:46.231 | INFO     | monitor:scan:111 - Scanning Website...
2026-08-01 13:07:46.233 | INFO     | monitor:scan:125 - Loading Page 1
2026-08-01 13:07:46.233 | INFO     | api:get_files:60 - Loading Page 1
2026-08-01 13:07:48.481 | INFO     | api:get_file:84 - Loading File 126d518f-764b-2019-40a6-645aba60ba46
2026-08-01 13:07:48.710 | INFO     | monitor:scan:273 - Reached Old Files
2026-08-01 13:07:48.711 | INFO     | monitor:scan:303 - No New Serial
2026-08-01 13:07:48.711 | INFO     | monitor:scan:325 - Nothing Changed
2026-08-01 13:07:48.711 | SUCCESS  | monitor:scan:331 - Scan Finished
2026-08-01 13:07:48.711 | INFO     | monitor:start:67 - Sleep 60 Seconds
2026-08-01 13:08:48.711 | INFO     | auth.login:ensure_login:354 - Checking Login...
2026-08-01 13:08:48.712 | SUCCESS  | auth.login:load_saved_token:192 - Saved Token Loaded
2026-08-01 13:08:48.713 | SUCCESS  | auth.login:ensure_login:362 - Using Saved Token
2026-08-01 13:08:48.713 | INFO     | monitor:scan:111 - Scanning Website...
2026-08-01 13:08:48.713 | INFO     | monitor:scan:125 - Loading Page 1
2026-08-01 13:08:48.713 | INFO     | api:get_files:60 - Loading Page 1
2026-08-01 13:08:50.761 | INFO     | api:get_file:84 - Loading File 126d518f-764b-2019-40a6-645aba60ba46
2026-08-01 13:08:50.984 | INFO     | monitor:scan:273 - Reached Old Files
2026-08-01 13:08:50.984 | INFO     | monitor:scan:303 - No New Serial
2026-08-01 13:08:50.984 | INFO     | monitor:scan:325 - Nothing Changed
2026-08-01 13:08:50.985 | SUCCESS  | monitor:scan:331 - Scan Finished
2026-08-01 13:08:50.985 | INFO     | monitor:start:67 - Sleep 60 Seconds
2026-08-01 13:09:50.985 | INFO     | auth.login:ensure_login:354 - Checking Login...
2026-08-01 13:09:50.987 | SUCCESS  | auth.login:load_saved_token:192 - Saved Token Loaded
2026-08-01 13:09:50.988 | SUCCESS  | auth.login:ensure_login:362 - Using Saved Token
2026-08-01 13:09:50.989 | INFO     | monitor:scan:111 - Scanning Website...
2026-08-01 13:09:50.990 | INFO     | monitor:scan:125 - Loading Page 1
2026-08-01 13:09:50.991 | INFO     | api:get_files:60 - Loading Page 1
2026-08-01 13:09:52.492 | INFO     | api:get_file:84 - Loading File 126d518f-764b-2019-40a6-645aba60ba46
2026-08-01 13:09:52.707 | INFO     | monitor:scan:273 - Reached Old Files
2026-08-01 13:09:52.708 | INFO     | monitor:scan:303 - No New Serial
2026-08-01 13:09:52.708 | INFO     | monitor:scan:325 - Nothing Changed
2026-08-01 13:09:52.708 | SUCCESS  | monitor:scan:331 - Scan Finished
2026-08-01 13:09:52.708 | INFO     | monitor:start:67 - Sleep 60 Seconds
2026-08-01 13:10:52.709 | INFO     | auth.login:ensure_login:354 - Checking Login...
2026-08-01 13:10:52.711 | SUCCESS  | auth.login:load_saved_token:192 - Saved Token Loaded
2026-08-01 13:10:52.712 | SUCCESS  | auth.login:ensure_login:362 - Using Saved Token
2026-08-01 13:10:52.712 | INFO     | monitor:scan:111 - Scanning Website...
2026-08-01 13:10:52.714 | INFO     | monitor:scan:125 - Loading Page 1
2026-08-01 13:10:52.715 | INFO     | api:get_files:60 - Loading Page 1
2026-08-01 13:10:54.247 | INFO     | api:get_file:84 - Loading File 126d518f-764b-2019-40a6-645aba60ba46
2026-08-01 13:10:54.482 | INFO     | monitor:scan:273 - Reached Old Files
2026-08-01 13:10:54.482 | INFO     | monitor:scan:303 - No New Serial
2026-08-01 13:10:54.482 | INFO     | monitor:scan:325 - Nothing Changed
2026-08-01 13:10:54.482 | SUCCESS  | monitor:scan:331 - Scan Finished
2026-08-01 13:10:54.482 | INFO     | monitor:start:67 - Sleep 60 Seconds
2026-08-01 13:11:54.483 | INFO     | auth.login:ensure_login:354 - Checking Login...
2026-08-01 13:11:54.484 | SUCCESS  | auth.login:load_saved_token:192 - Saved Token Loaded
2026-08-01 13:11:54.484 | SUCCESS  | auth.login:ensure_login:362 - Using Saved Token
2026-08-01 13:11:54.484 | INFO     | monitor:scan:111 - Scanning Website...
2026-08-01 13:11:54.485 | INFO     | monitor:scan:125 - Loading Page 1
2026-08-01 13:11:54.485 | INFO     | api:get_files:60 - Loading Page 1
2026-08-01 13:11:57.375 | INFO     | api:get_file:84 - Loading File 126d518f-764b-2019-40a6-645aba60ba46
2026-08-01 13:11:57.603 | INFO     | monitor:scan:273 - Reached Old Files
2026-08-01 13:11:57.604 | INFO     | monitor:scan:303 - No New Serial
2026-08-01 13:11:57.604 | INFO     | monitor:scan:325 - Nothing Changed
2026-08-01 13:11:57.604 | SUCCESS  | monitor:scan:331 - Scan Finished
2026-08-01 13:11:57.605 | INFO     | monitor:start:67 - Sleep 60 Seconds
2026-08-01 13:12:57.606 | INFO     | auth.login:ensure_login:354 - Checking Login...
2026-08-01 13:12:57.611 | SUCCESS  | auth.login:load_saved_token:192 - Saved Token Loaded
2026-08-01 13:12:57.612 | SUCCESS  | auth.login:ensure_login:362 - Using Saved Token
2026-08-01 13:12:57.613 | INFO     | monitor:scan:111 - Scanning Website...
2026-08-01 13:12:57.615 | INFO     | monitor:scan:125 - Loading Page 1
2026-08-01 13:12:57.616 | INFO     | api:get_files:60 - Loading Page 1
2026-08-01 13:12:59.155 | INFO     | api:get_file:84 - Loading File 126d518f-764b-2019-40a6-645aba60ba46
2026-08-01 13:12:59.385 | INFO     | monitor:scan:273 - Reached Old Files
2026-08-01 13:12:59.386 | INFO     | monitor:scan:303 - No New Serial
2026-08-01 13:12:59.386 | INFO     | monitor:scan:325 - Nothing Changed
2026-08-01 13:12:59.386 | SUCCESS  | monitor:scan:331 - Scan Finished
2026-08-01 13:12:59.387 | INFO     | monitor:start:67 - Sleep 60 Seconds
2026-08-01 13:13:59.388 | INFO     | auth.login:ensure_login:354 - Checking Login...
2026-08-01 13:13:59.391 | SUCCESS  | auth.login:load_saved_token:192 - Saved Token Loaded
2026-08-01 13:13:59.392 | SUCCESS  | auth.login:ensure_login:362 - Using Saved Token
2026-08-01 13:13:59.393 | INFO     | monitor:scan:111 - Scanning Website...
2026-08-01 13:13:59.396 | INFO     | monitor:scan:125 - Loading Page 1
2026-08-01 13:13:59.396 | INFO     | api:get_files:60 - Loading Page 1
2026-08-01 13:14:01.439 | INFO     | api:get_file:84 - Loading File 126d518f-764b-2019-40a6-645aba60ba46
2026-08-01 13:14:01.660 | INFO     | monitor:scan:273 - Reached Old Files
2026-08-01 13:14:01.663 | INFO     | monitor:scan:303 - No New Serial
2026-08-01 13:14:01.664 | INFO     | monitor:scan:325 - Nothing Changed
2026-08-01 13:14:01.664 | SUCCESS  | monitor:scan:331 - Scan Finished
2026-08-01 13:14:01.665 | INFO     | monitor:start:67 - Sleep 60 Seconds
2026-08-01 13:15:01.666 | INFO     | auth.login:ensure_login:354 - Checking Login...
2026-08-01 13:15:01.667 | SUCCESS  | auth.login:load_saved_token:192 - Saved Token Loaded
2026-08-01 13:15:01.667 | SUCCESS  | auth.login:ensure_login:362 - Using Saved Token
2026-08-01 13:15:01.667 | INFO     | monitor:scan:111 - Scanning Website...
2026-08-01 13:15:01.667 | INFO     | monitor:scan:125 - Loading Page 1
2026-08-01 13:15:01.668 | INFO     | api:get_files:60 - Loading Page 1
2026-08-01 13:15:03.211 | INFO     | api:get_file:84 - Loading File 126d518f-764b-2019-40a6-645aba60ba46
2026-08-01 13:15:03.438 | INFO     | monitor:scan:273 - Reached Old Files
2026-08-01 13:15:03.439 | INFO     | monitor:scan:303 - No New Serial
2026-08-01 13:15:03.439 | INFO     | monitor:scan:325 - Nothing Changed
2026-08-01 13:15:03.439 | SUCCESS  | monitor:scan:331 - Scan Finished
2026-08-01 13:15:03.440 | INFO     | monitor:start:67 - Sleep 60 Seconds
2026-08-01 13:16:03.441 | INFO     | auth.login:ensure_login:354 - Checking Login...
2026-08-01 13:16:03.443 | SUCCESS  | auth.login:load_saved_token:192 - Saved Token Loaded
2026-08-01 13:16:03.444 | SUCCESS  | auth.login:ensure_login:362 - Using Saved Token
2026-08-01 13:16:03.444 | INFO     | monitor:scan:111 - Scanning Website...
2026-08-01 13:16:03.445 | INFO     | monitor:scan:125 - Loading Page 1
2026-08-01 13:16:03.446 | INFO     | api:get_files:60 - Loading Page 1
2026-08-01 13:16:03.888 | WARNING  | auth.login:get:411 - Access Token Expired
2026-08-01 13:16:03.889 | INFO     | auth.login:login:262 - Logging in...
2026-08-01 13:16:04.360 | SUCCESS  | auth.login:save_token:242 - Token Saved
2026-08-01 13:16:04.361 | SUCCESS  | auth.login:login:340 - Login Successful
2026-08-01 13:16:07.102 | INFO     | api:get_file:84 - Loading File 126d518f-764b-2019-40a6-645aba60ba46
2026-08-01 13:16:07.330 | INFO     | monitor:scan:273 - Reached Old Files
2026-08-01 13:16:07.331 | INFO     | monitor:scan:303 - No New Serial
2026-08-01 13:16:07.331 | INFO     | monitor:scan:325 - Nothing Changed
2026-08-01 13:16:07.331 | SUCCESS  | monitor:scan:331 - Scan Finished
2026-08-01 13:16:07.331 | INFO     | monitor:start:67 - Sleep 60 Seconds
2026-08-01 13:17:07.331 | INFO     | auth.login:ensure_login:354 - Checking Login...
2026-08-01 13:17:07.340 | SUCCESS  | auth.login:load_saved_token:192 - Saved Token Loaded
2026-08-01 13:17:07.341 | SUCCESS  | auth.login:ensure_login:362 - Using Saved Token
2026-08-01 13:17:07.341 | INFO     | monitor:scan:111 - Scanning Website...
2026-08-01 13:17:07.342 | INFO     | monitor:scan:125 - Loading Page 1
2026-08-01 13:17:07.342 | INFO     | api:get_files:60 - Loading Page 1
2026-08-01 13:17:09.017 | INFO     | api:get_file:84 - Loading File 126d518f-764b-2019-40a6-645aba60ba46
2026-08-01 13:17:09.244 | INFO     | monitor:scan:273 - Reached Old Files
2026-08-01 13:17:09.245 | INFO     | monitor:scan:303 - No New Serial
2026-08-01 13:17:09.246 | INFO     | monitor:scan:325 - Nothing Changed
2026-08-01 13:17:09.247 | SUCCESS  | monitor:scan:331 - Scan Finished
2026-08-01 13:17:09.248 | INFO     | monitor:start:67 - Sleep 60 Seconds
2026-08-01 13:18:09.249 | INFO     | auth.login:ensure_login:354 - Checking Login...
2026-08-01 13:18:09.251 | SUCCESS  | auth.login:load_saved_token:192 - Saved Token Loaded
2026-08-01 13:18:09.252 | SUCCESS  | auth.login:ensure_login:362 - Using Saved Token
2026-08-01 13:18:09.252 | INFO     | monitor:scan:111 - Scanning Website...
2026-08-01 13:18:09.254 | INFO     | monitor:scan:125 - Loading Page 1
2026-08-01 13:18:09.254 | INFO     | api:get_files:60 - Loading Page 1
2026-08-01 13:18:12.641 | INFO     | api:get_file:84 - Loading File 126d518f-764b-2019-40a6-645aba60ba46
2026-08-01 13:18:12.867 | INFO     | monitor:scan:273 - Reached Old Files
2026-08-01 13:18:12.867 | INFO     | monitor:scan:303 - No New Serial
2026-08-01 13:18:12.867 | INFO     | monitor:scan:325 - Nothing Changed
2026-08-01 13:18:12.868 | SUCCESS  | monitor:scan:331 - Scan Finished
2026-08-01 13:18:12.868 | INFO     | monitor:start:67 - Sleep 60 Seconds
2026-08-01 13:19:12.869 | INFO     | auth.login:ensure_login:354 - Checking Login...
2026-08-01 13:19:12.871 | SUCCESS  | auth.login:load_saved_token:192 - Saved Token Loaded
2026-08-01 13:19:12.872 | SUCCESS  | auth.login:ensure_login:362 - Using Saved Token
2026-08-01 13:19:12.873 | INFO     | monitor:scan:111 - Scanning Website...
2026-08-01 13:19:12.875 | INFO     | monitor:scan:125 - Loading Page 1
2026-08-01 13:19:12.876 | INFO     | api:get_files:60 - Loading Page 1
2026-08-01 13:19:14.381 | INFO     | api:get_file:84 - Loading File 126d518f-764b-2019-40a6-645aba60ba46
2026-08-01 13:19:14.608 | INFO     | monitor:scan:273 - Reached Old Files
2026-08-01 13:19:14.608 | INFO     | monitor:scan:303 - No New Serial
2026-08-01 13:19:14.608 | INFO     | monitor:scan:325 - Nothing Changed
2026-08-01 13:19:14.608 | SUCCESS  | monitor:scan:331 - Scan Finished
2026-08-01 13:19:14.608 | INFO     | monitor:start:67 - Sleep 60 Seconds
2026-08-01 13:20:14.609 | INFO     | auth.login:ensure_login:354 - Checking Login...
2026-08-01 13:20:14.610 | SUCCESS  | auth.login:load_saved_token:192 - Saved Token Loaded
2026-08-01 13:20:14.611 | SUCCESS  | auth.login:ensure_login:362 - Using Saved Token
2026-08-01 13:20:14.611 | INFO     | monitor:scan:111 - Scanning Website...
2026-08-01 13:20:14.613 | INFO     | monitor:scan:125 - Loading Page 1
2026-08-01 13:20:14.613 | INFO     | api:get_files:60 - Loading Page 1
2026-08-01 13:20:16.177 | INFO     | api:get_file:84 - Loading File 126d518f-764b-2019-40a6-645aba60ba46
2026-08-01 13:20:16.386 | INFO     | monitor:scan:273 - Reached Old Files
2026-08-01 13:20:16.387 | INFO     | monitor:scan:303 - No New Serial
2026-08-01 13:20:16.387 | INFO     | monitor:scan:325 - Nothing Changed
2026-08-01 13:20:16.388 | SUCCESS  | monitor:scan:331 - Scan Finished
2026-08-01 13:20:16.389 | INFO     | monitor:start:67 - Sleep 60 Seconds
2026-08-01 13:21:16.390 | INFO     | auth.login:ensure_login:354 - Checking Login...
2026-08-01 13:21:16.394 | SUCCESS  | auth.login:load_saved_token:192 - Saved Token Loaded
2026-08-01 13:21:16.395 | SUCCESS  | auth.login:ensure_login:362 - Using Saved Token
2026-08-01 13:21:16.396 | INFO     | monitor:scan:111 - Scanning Website...
2026-08-01 13:21:16.399 | INFO     | monitor:scan:125 - Loading Page 1
2026-08-01 13:21:16.400 | INFO     | api:get_files:60 - Loading Page 1
2026-08-01 13:21:17.844 | INFO     | api:get_file:84 - Loading File 126d518f-764b-2019-40a6-645aba60ba46
2026-08-01 13:21:18.057 | INFO     | monitor:scan:273 - Reached Old Files
2026-08-01 13:21:18.058 | INFO     | monitor:scan:303 - No New Serial
2026-08-01 13:21:18.058 | INFO     | monitor:scan:325 - Nothing Changed
2026-08-01 13:21:18.058 | SUCCESS  | monitor:scan:331 - Scan Finished
2026-08-01 13:21:18.058 | INFO     | monitor:start:67 - Sleep 60 Seconds
