2026-08-03 00:00:23.138 | INFO     | auth.login:ensure_login:354 - Checking Login...
2026-08-03 00:00:23.146 | SUCCESS  | auth.login:load_saved_token:192 - Saved Token Loaded
2026-08-03 00:00:23.147 | SUCCESS  | auth.login:ensure_login:362 - Using Saved Token
2026-08-03 00:00:23.150 | INFO     | monitor:scan:111 - Scanning Website...
2026-08-03 00:00:23.154 | INFO     | monitor:scan:125 - Loading Page 1
2026-08-03 00:00:23.155 | INFO     | api:get_files:60 - Loading Page 1
2026-08-03 00:00:28.778 | INFO     | api:get_file:84 - Loading File 126d519e-95f6-9843-e927-2ca3fc8ea743
2026-08-03 00:00:29.008 | INFO     | monitor:scan:273 - Reached Old Files
2026-08-03 00:00:29.009 | INFO     | monitor:scan:303 - No New Serial
2026-08-03 00:00:29.011 | INFO     | monitor:scan:325 - Nothing Changed
2026-08-03 00:00:29.012 | SUCCESS  | monitor:scan:331 - Scan Finished
2026-08-03 00:00:29.012 | INFO     | monitor:start:67 - Sleep 60 Seconds
2026-08-03 00:01:29.013 | INFO     | auth.login:ensure_login:354 - Checking Login...
2026-08-03 00:01:29.015 | SUCCESS  | auth.login:load_saved_token:192 - Saved Token Loaded
2026-08-03 00:01:29.015 | SUCCESS  | auth.login:ensure_login:362 - Using Saved Token
2026-08-03 00:01:29.015 | INFO     | monitor:scan:111 - Scanning Website...
2026-08-03 00:01:29.016 | INFO     | monitor:scan:125 - Loading Page 1
2026-08-03 00:01:29.016 | INFO     | api:get_files:60 - Loading Page 1
2026-08-03 00:01:29.544 | WARNING  | auth.login:get:411 - Access Token Expired
2026-08-03 00:01:29.545 | INFO     | auth.login:login:262 - Logging in...
2026-08-03 00:01:30.174 | SUCCESS  | auth.login:save_token:242 - Token Saved
2026-08-03 00:01:30.175 | SUCCESS  | auth.login:login:340 - Login Successful
2026-08-03 00:01:34.030 | INFO     | api:get_file:84 - Loading File 126d519e-95f6-9843-e927-2ca3fc8ea743
2026-08-03 00:01:34.264 | INFO     | monitor:scan:273 - Reached Old Files
2026-08-03 00:01:34.265 | INFO     | monitor:scan:303 - No New Serial
2026-08-03 00:01:34.265 | INFO     | monitor:scan:325 - Nothing Changed
2026-08-03 00:01:34.266 | SUCCESS  | monitor:scan:331 - Scan Finished
2026-08-03 00:01:34.268 | INFO     | monitor:start:67 - Sleep 60 Seconds
2026-08-03 00:02:34.268 | INFO     | auth.login:ensure_login:354 - Checking Login...
2026-08-03 00:02:34.283 | SUCCESS  | auth.login:load_saved_token:192 - Saved Token Loaded
2026-08-03 00:02:34.283 | SUCCESS  | auth.login:ensure_login:362 - Using Saved Token
2026-08-03 00:02:34.283 | INFO     | monitor:scan:111 - Scanning Website...
2026-08-03 00:02:34.284 | INFO     | monitor:scan:125 - Loading Page 1
2026-08-03 00:02:34.284 | INFO     | api:get_files:60 - Loading Page 1
2026-08-03 00:02:38.581 | INFO     | api:get_file:84 - Loading File 126d519e-95f6-9843-e927-2ca3fc8ea743
2026-08-03 00:02:38.844 | INFO     | monitor:scan:273 - Reached Old Files
2026-08-03 00:02:38.844 | INFO     | monitor:scan:303 - No New Serial
2026-08-03 00:02:38.844 | INFO     | monitor:scan:325 - Nothing Changed
2026-08-03 00:02:38.845 | SUCCESS  | monitor:scan:331 - Scan Finished
2026-08-03 00:02:38.845 | INFO     | monitor:start:67 - Sleep 60 Seconds
2026-08-03 00:03:38.847 | INFO     | auth.login:ensure_login:354 - Checking Login...
2026-08-03 00:03:38.847 | SUCCESS  | auth.login:load_saved_token:192 - Saved Token Loaded
2026-08-03 00:03:38.848 | SUCCESS  | auth.login:ensure_login:362 - Using Saved Token
2026-08-03 00:03:38.848 | INFO     | monitor:scan:111 - Scanning Website...
2026-08-03 00:03:38.849 | INFO     | monitor:scan:125 - Loading Page 1
2026-08-03 00:03:38.849 | INFO     | api:get_files:60 - Loading Page 1
2026-08-03 00:03:43.360 | INFO     | api:get_file:84 - Loading File 126d519e-95f6-9843-e927-2ca3fc8ea743
2026-08-03 00:03:43.611 | INFO     | monitor:scan:273 - Reached Old Files
2026-08-03 00:03:43.613 | INFO     | monitor:scan:303 - No New Serial
2026-08-03 00:03:43.614 | INFO     | monitor:scan:325 - Nothing Changed
2026-08-03 00:03:43.615 | SUCCESS  | monitor:scan:331 - Scan Finished
2026-08-03 00:03:43.616 | INFO     | monitor:start:67 - Sleep 60 Seconds
2026-08-03 00:04:43.617 | INFO     | auth.login:ensure_login:354 - Checking Login...
2026-08-03 00:04:43.620 | SUCCESS  | auth.login:load_saved_token:192 - Saved Token Loaded
2026-08-03 00:04:43.623 | SUCCESS  | auth.login:ensure_login:362 - Using Saved Token
2026-08-03 00:04:43.625 | INFO     | monitor:scan:111 - Scanning Website...
2026-08-03 00:04:43.629 | INFO     | monitor:scan:125 - Loading Page 1
2026-08-03 00:04:43.630 | INFO     | api:get_files:60 - Loading Page 1
2026-08-03 00:04:45.616 | INFO     | api:get_file:84 - Loading File 126d519e-95f6-9843-e927-2ca3fc8ea743
2026-08-03 00:04:45.875 | INFO     | monitor:scan:273 - Reached Old Files
2026-08-03 00:04:45.875 | INFO     | monitor:scan:303 - No New Serial
2026-08-03 00:04:45.876 | INFO     | monitor:scan:325 - Nothing Changed
2026-08-03 00:04:45.876 | SUCCESS  | monitor:scan:331 - Scan Finished
2026-08-03 00:04:45.876 | INFO     | monitor:start:67 - Sleep 60 Seconds
2026-08-03 00:05:45.877 | INFO     | auth.login:ensure_login:354 - Checking Login...
2026-08-03 00:05:45.881 | SUCCESS  | auth.login:load_saved_token:192 - Saved Token Loaded
2026-08-03 00:05:45.882 | SUCCESS  | auth.login:ensure_login:362 - Using Saved Token
2026-08-03 00:05:45.883 | INFO     | monitor:scan:111 - Scanning Website...
2026-08-03 00:05:45.886 | INFO     | monitor:scan:125 - Loading Page 1
2026-08-03 00:05:45.887 | INFO     | api:get_files:60 - Loading Page 1
2026-08-03 00:05:49.925 | INFO     | api:get_file:84 - Loading File 126d519e-95f6-9843-e927-2ca3fc8ea743
2026-08-03 00:05:50.173 | INFO     | monitor:scan:273 - Reached Old Files
2026-08-03 00:05:50.175 | INFO     | monitor:scan:303 - No New Serial
2026-08-03 00:05:50.177 | INFO     | monitor:scan:325 - Nothing Changed
2026-08-03 00:05:50.178 | SUCCESS  | monitor:scan:331 - Scan Finished
2026-08-03 00:05:50.180 | INFO     | monitor:start:67 - Sleep 60 Seconds
2026-08-03 00:06:50.183 | INFO     | auth.login:ensure_login:354 - Checking Login...
2026-08-03 00:06:50.189 | SUCCESS  | auth.login:load_saved_token:192 - Saved Token Loaded
2026-08-03 00:06:50.191 | SUCCESS  | auth.login:ensure_login:362 - Using Saved Token
2026-08-03 00:06:50.195 | INFO     | monitor:scan:111 - Scanning Website...
2026-08-03 00:06:50.200 | INFO     | monitor:scan:125 - Loading Page 1
2026-08-03 00:06:50.202 | INFO     | api:get_files:60 - Loading Page 1
2026-08-03 00:06:52.663 | INFO     | api:get_file:84 - Loading File 126d519e-95f6-9843-e927-2ca3fc8ea743
2026-08-03 00:06:52.909 | INFO     | monitor:scan:273 - Reached Old Files
2026-08-03 00:06:52.909 | INFO     | monitor:scan:303 - No New Serial
2026-08-03 00:06:52.910 | INFO     | monitor:scan:325 - Nothing Changed
2026-08-03 00:06:52.912 | SUCCESS  | monitor:scan:331 - Scan Finished
2026-08-03 00:06:52.912 | INFO     | monitor:start:67 - Sleep 60 Seconds
2026-08-03 00:07:52.915 | INFO     | auth.login:ensure_login:354 - Checking Login...
2026-08-03 00:07:52.918 | SUCCESS  | auth.login:load_saved_token:192 - Saved Token Loaded
2026-08-03 00:07:52.918 | SUCCESS  | auth.login:ensure_login:362 - Using Saved Token
2026-08-03 00:07:52.919 | INFO     | monitor:scan:111 - Scanning Website...
2026-08-03 00:07:52.919 | INFO     | monitor:scan:125 - Loading Page 1
2026-08-03 00:07:52.920 | INFO     | api:get_files:60 - Loading Page 1
2026-08-03 00:07:56.019 | INFO     | api:get_file:84 - Loading File 126d519e-95f6-9843-e927-2ca3fc8ea743
2026-08-03 00:07:56.288 | INFO     | monitor:scan:273 - Reached Old Files
2026-08-03 00:07:56.290 | INFO     | monitor:scan:303 - No New Serial
2026-08-03 00:07:56.291 | INFO     | monitor:scan:325 - Nothing Changed
2026-08-03 00:07:56.293 | SUCCESS  | monitor:scan:331 - Scan Finished
2026-08-03 00:07:56.295 | INFO     | monitor:start:67 - Sleep 60 Seconds
2026-08-03 00:08:56.296 | INFO     | auth.login:ensure_login:354 - Checking Login...
2026-08-03 00:08:56.300 | SUCCESS  | auth.login:load_saved_token:192 - Saved Token Loaded
2026-08-03 00:08:56.303 | SUCCESS  | auth.login:ensure_login:362 - Using Saved Token
2026-08-03 00:08:56.303 | INFO     | monitor:scan:111 - Scanning Website...
2026-08-03 00:08:56.307 | INFO     | monitor:scan:125 - Loading Page 1
2026-08-03 00:08:56.308 | INFO     | api:get_files:60 - Loading Page 1
2026-08-03 00:08:59.099 | INFO     | api:get_file:84 - Loading File 126d519e-95f6-9843-e927-2ca3fc8ea743
2026-08-03 00:08:59.346 | INFO     | monitor:scan:273 - Reached Old Files
2026-08-03 00:08:59.347 | INFO     | monitor:scan:303 - No New Serial
2026-08-03 00:08:59.348 | INFO     | monitor:scan:325 - Nothing Changed
2026-08-03 00:08:59.348 | SUCCESS  | monitor:scan:331 - Scan Finished
2026-08-03 00:08:59.350 | INFO     | monitor:start:67 - Sleep 60 Seconds
2026-08-03 00:09:59.351 | INFO     | auth.login:ensure_login:354 - Checking Login...
2026-08-03 00:09:59.352 | SUCCESS  | auth.login:load_saved_token:192 - Saved Token Loaded
2026-08-03 00:09:59.352 | SUCCESS  | auth.login:ensure_login:362 - Using Saved Token
2026-08-03 00:09:59.352 | INFO     | monitor:scan:111 - Scanning Website...
2026-08-03 00:09:59.353 | INFO     | monitor:scan:125 - Loading Page 1
2026-08-03 00:09:59.353 | INFO     | api:get_files:60 - Loading Page 1
2026-08-03 00:10:03.194 | INFO     | api:get_file:84 - Loading File 126d519e-95f6-9843-e927-2ca3fc8ea743
2026-08-03 00:10:03.855 | INFO     | monitor:scan:273 - Reached Old Files
2026-08-03 00:10:03.855 | INFO     | monitor:scan:303 - No New Serial
2026-08-03 00:10:03.856 | INFO     | monitor:scan:325 - Nothing Changed
2026-08-03 00:10:03.856 | SUCCESS  | monitor:scan:331 - Scan Finished
2026-08-03 00:10:03.857 | INFO     | monitor:start:67 - Sleep 60 Seconds
2026-08-03 00:11:03.858 | INFO     | auth.login:ensure_login:354 - Checking Login...
2026-08-03 00:11:03.861 | SUCCESS  | auth.login:load_saved_token:192 - Saved Token Loaded
2026-08-03 00:11:03.862 | SUCCESS  | auth.login:ensure_login:362 - Using Saved Token
2026-08-03 00:11:03.863 | INFO     | monitor:scan:111 - Scanning Website...
2026-08-03 00:11:03.866 | INFO     | monitor:scan:125 - Loading Page 1
2026-08-03 00:11:03.867 | INFO     | api:get_files:60 - Loading Page 1
2026-08-03 00:11:07.666 | INFO     | api:get_file:84 - Loading File 126d519e-95f6-9843-e927-2ca3fc8ea743
2026-08-03 00:11:07.964 | INFO     | monitor:scan:273 - Reached Old Files
2026-08-03 00:11:07.965 | INFO     | monitor:scan:303 - No New Serial
2026-08-03 00:11:07.967 | INFO     | monitor:scan:325 - Nothing Changed
2026-08-03 00:11:07.968 | SUCCESS  | monitor:scan:331 - Scan Finished
2026-08-03 00:11:07.970 | INFO     | monitor:start:67 - Sleep 60 Seconds
2026-08-03 00:12:07.972 | INFO     | auth.login:ensure_login:354 - Checking Login...
2026-08-03 00:12:07.977 | SUCCESS  | auth.login:load_saved_token:192 - Saved Token Loaded
2026-08-03 00:12:07.979 | SUCCESS  | auth.login:ensure_login:362 - Using Saved Token
2026-08-03 00:12:07.982 | INFO     | monitor:scan:111 - Scanning Website...
2026-08-03 00:12:07.987 | INFO     | monitor:scan:125 - Loading Page 1
2026-08-03 00:12:07.988 | INFO     | api:get_files:60 - Loading Page 1
2026-08-03 00:12:08.425 | WARNING  | auth.login:get:411 - Access Token Expired
2026-08-03 00:12:08.426 | INFO     | auth.login:login:262 - Logging in...
2026-08-03 00:12:08.887 | SUCCESS  | auth.login:save_token:242 - Token Saved
2026-08-03 00:12:08.888 | SUCCESS  | auth.login:login:340 - Login Successful
2026-08-03 00:12:11.917 | INFO     | api:get_file:84 - Loading File 126d519e-95f6-9843-e927-2ca3fc8ea743
2026-08-03 00:12:12.179 | INFO     | monitor:scan:273 - Reached Old Files
2026-08-03 00:12:12.180 | INFO     | monitor:scan:303 - No New Serial
2026-08-03 00:12:12.181 | INFO     | monitor:scan:325 - Nothing Changed
2026-08-03 00:12:12.181 | SUCCESS  | monitor:scan:331 - Scan Finished
2026-08-03 00:12:12.182 | INFO     | monitor:start:67 - Sleep 60 Seconds
2026-08-03 00:13:12.183 | INFO     | auth.login:ensure_login:354 - Checking Login...
2026-08-03 00:13:12.191 | SUCCESS  | auth.login:load_saved_token:192 - Saved Token Loaded
2026-08-03 00:13:12.191 | SUCCESS  | auth.login:ensure_login:362 - Using Saved Token
2026-08-03 00:13:12.192 | INFO     | monitor:scan:111 - Scanning Website...
2026-08-03 00:13:12.192 | INFO     | monitor:scan:125 - Loading Page 1
2026-08-03 00:13:12.192 | INFO     | api:get_files:60 - Loading Page 1
2026-08-03 00:13:14.854 | INFO     | api:get_file:84 - Loading File 126d519e-95f6-9843-e927-2ca3fc8ea743
2026-08-03 00:13:15.101 | INFO     | monitor:scan:273 - Reached Old Files
2026-08-03 00:13:15.101 | INFO     | monitor:scan:303 - No New Serial
2026-08-03 00:13:15.102 | INFO     | monitor:scan:325 - Nothing Changed
2026-08-03 00:13:15.102 | SUCCESS  | monitor:scan:331 - Scan Finished
2026-08-03 00:13:15.103 | INFO     | monitor:start:67 - Sleep 60 Seconds
2026-08-03 00:14:15.105 | INFO     | auth.login:ensure_login:354 - Checking Login...
2026-08-03 00:14:15.108 | SUCCESS  | auth.login:load_saved_token:192 - Saved Token Loaded
2026-08-03 00:14:15.109 | SUCCESS  | auth.login:ensure_login:362 - Using Saved Token
2026-08-03 00:14:15.110 | INFO     | monitor:scan:111 - Scanning Website...
2026-08-03 00:14:15.113 | INFO     | monitor:scan:125 - Loading Page 1
2026-08-03 00:14:15.113 | INFO     | api:get_files:60 - Loading Page 1
2026-08-03 00:14:16.772 | INFO     | api:get_file:84 - Loading File 126d519e-95f6-9843-e927-2ca3fc8ea743
2026-08-03 00:14:17.000 | INFO     | monitor:scan:273 - Reached Old Files
2026-08-03 00:14:17.000 | INFO     | monitor:scan:303 - No New Serial
2026-08-03 00:14:17.000 | INFO     | monitor:scan:325 - Nothing Changed
2026-08-03 00:14:17.000 | SUCCESS  | monitor:scan:331 - Scan Finished
2026-08-03 00:14:17.001 | INFO     | monitor:start:67 - Sleep 60 Seconds
2026-08-03 00:15:17.003 | INFO     | auth.login:ensure_login:354 - Checking Login...
2026-08-03 00:15:17.006 | SUCCESS  | auth.login:load_saved_token:192 - Saved Token Loaded
2026-08-03 00:15:17.007 | SUCCESS  | auth.login:ensure_login:362 - Using Saved Token
2026-08-03 00:15:17.008 | INFO     | monitor:scan:111 - Scanning Website...
2026-08-03 00:15:17.010 | INFO     | monitor:scan:125 - Loading Page 1
2026-08-03 00:15:17.011 | INFO     | api:get_files:60 - Loading Page 1
2026-08-03 00:15:18.952 | INFO     | api:get_file:84 - Loading File 126d519e-95f6-9843-e927-2ca3fc8ea743
2026-08-03 00:15:19.220 | INFO     | monitor:scan:273 - Reached Old Files
2026-08-03 00:15:19.220 | INFO     | monitor:scan:303 - No New Serial
2026-08-03 00:15:19.222 | INFO     | monitor:scan:325 - Nothing Changed
2026-08-03 00:15:19.223 | SUCCESS  | monitor:scan:331 - Scan Finished
2026-08-03 00:15:19.224 | INFO     | monitor:start:67 - Sleep 60 Seconds
2026-08-03 00:16:19.225 | INFO     | auth.login:ensure_login:354 - Checking Login...
2026-08-03 00:16:19.229 | SUCCESS  | auth.login:load_saved_token:192 - Saved Token Loaded
2026-08-03 00:16:19.232 | SUCCESS  | auth.login:ensure_login:362 - Using Saved Token
2026-08-03 00:16:19.235 | INFO     | monitor:scan:111 - Scanning Website...
2026-08-03 00:16:19.238 | INFO     | monitor:scan:125 - Loading Page 1
2026-08-03 00:16:19.239 | INFO     | api:get_files:60 - Loading Page 1
2026-08-03 00:16:22.710 | INFO     | api:get_file:84 - Loading File 126d519e-95f6-9843-e927-2ca3fc8ea743
2026-08-03 00:16:22.947 | INFO     | monitor:scan:273 - Reached Old Files
2026-08-03 00:16:22.947 | INFO     | monitor:scan:303 - No New Serial
2026-08-03 00:16:22.947 | INFO     | monitor:scan:325 - Nothing Changed
2026-08-03 00:16:22.947 | SUCCESS  | monitor:scan:331 - Scan Finished
2026-08-03 00:16:22.947 | INFO     | monitor:start:67 - Sleep 60 Seconds
2026-08-03 00:17:22.948 | INFO     | auth.login:ensure_login:354 - Checking Login...
2026-08-03 00:17:22.950 | SUCCESS  | auth.login:load_saved_token:192 - Saved Token Loaded
2026-08-03 00:17:22.951 | SUCCESS  | auth.login:ensure_login:362 - Using Saved Token
2026-08-03 00:17:22.951 | INFO     | monitor:scan:111 - Scanning Website...
2026-08-03 00:17:22.952 | INFO     | monitor:scan:125 - Loading Page 1
2026-08-03 00:17:22.953 | INFO     | api:get_files:60 - Loading Page 1
2026-08-03 00:17:24.920 | INFO     | api:get_file:84 - Loading File 126d519e-95f6-9843-e927-2ca3fc8ea743
2026-08-03 00:17:25.166 | INFO     | monitor:scan:273 - Reached Old Files
2026-08-03 00:17:25.167 | INFO     | monitor:scan:303 - No New Serial
2026-08-03 00:17:25.168 | INFO     | monitor:scan:325 - Nothing Changed
2026-08-03 00:17:25.169 | SUCCESS  | monitor:scan:331 - Scan Finished
2026-08-03 00:17:25.170 | INFO     | monitor:start:67 - Sleep 60 Seconds
2026-08-03 00:18:25.170 | INFO     | auth.login:ensure_login:354 - Checking Login...
2026-08-03 00:18:25.172 | SUCCESS  | auth.login:load_saved_token:192 - Saved Token Loaded
2026-08-03 00:18:25.174 | SUCCESS  | auth.login:ensure_login:362 - Using Saved Token
2026-08-03 00:18:25.175 | INFO     | monitor:scan:111 - Scanning Website...
2026-08-03 00:18:25.177 | INFO     | monitor:scan:125 - Loading Page 1
2026-08-03 00:18:25.178 | INFO     | api:get_files:60 - Loading Page 1
2026-08-03 00:18:29.190 | INFO     | api:get_file:84 - Loading File 126d519e-95f6-9843-e927-2ca3fc8ea743
2026-08-03 00:18:29.413 | INFO     | monitor:scan:273 - Reached Old Files
2026-08-03 00:18:29.414 | INFO     | monitor:scan:303 - No New Serial
2026-08-03 00:18:29.414 | INFO     | monitor:scan:325 - Nothing Changed
2026-08-03 00:18:29.414 | SUCCESS  | monitor:scan:331 - Scan Finished
2026-08-03 00:18:29.414 | INFO     | monitor:start:67 - Sleep 60 Seconds
2026-08-03 00:19:29.415 | INFO     | auth.login:ensure_login:354 - Checking Login...
2026-08-03 00:19:29.418 | SUCCESS  | auth.login:load_saved_token:192 - Saved Token Loaded
2026-08-03 00:19:29.418 | SUCCESS  | auth.login:ensure_login:362 - Using Saved Token
2026-08-03 00:19:29.418 | INFO     | monitor:scan:111 - Scanning Website...
2026-08-03 00:19:29.419 | INFO     | monitor:scan:125 - Loading Page 1
2026-08-03 00:19:29.420 | INFO     | api:get_files:60 - Loading Page 1
2026-08-03 00:19:31.249 | INFO     | api:get_file:84 - Loading File 126d519e-95f6-9843-e927-2ca3fc8ea743
2026-08-03 00:19:31.484 | INFO     | monitor:scan:273 - Reached Old Files
2026-08-03 00:19:31.485 | INFO     | monitor:scan:303 - No New Serial
2026-08-03 00:19:31.486 | INFO     | monitor:scan:325 - Nothing Changed
2026-08-03 00:19:31.486 | SUCCESS  | monitor:scan:331 - Scan Finished
2026-08-03 00:19:31.487 | INFO     | monitor:start:67 - Sleep 60 Seconds
2026-08-03 00:20:31.488 | INFO     | auth.login:ensure_login:354 - Checking Login...
2026-08-03 00:20:31.490 | SUCCESS  | auth.login:load_saved_token:192 - Saved Token Loaded
2026-08-03 00:20:31.492 | SUCCESS  | auth.login:ensure_login:362 - Using Saved Token
2026-08-03 00:20:31.493 | INFO     | monitor:scan:111 - Scanning Website...
2026-08-03 00:20:31.494 | INFO     | monitor:scan:125 - Loading Page 1
2026-08-03 00:20:31.494 | INFO     | api:get_files:60 - Loading Page 1
2026-08-03 00:20:33.198 | INFO     | api:get_file:84 - Loading File 126d519e-95f6-9843-e927-2ca3fc8ea743
2026-08-03 00:20:33.472 | INFO     | monitor:scan:273 - Reached Old Files
2026-08-03 00:20:33.474 | INFO     | monitor:scan:303 - No New Serial
2026-08-03 00:20:33.475 | INFO     | monitor:scan:325 - Nothing Changed
2026-08-03 00:20:33.478 | SUCCESS  | monitor:scan:331 - Scan Finished
2026-08-03 00:20:33.481 | INFO     | monitor:start:67 - Sleep 60 Seconds
2026-08-03 00:21:33.484 | INFO     | auth.login:ensure_login:354 - Checking Login...
2026-08-03 00:21:33.484 | SUCCESS  | auth.login:load_saved_token:192 - Saved Token Loaded
2026-08-03 00:21:33.485 | SUCCESS  | auth.login:ensure_login:362 - Using Saved Token
2026-08-03 00:21:33.485 | INFO     | monitor:scan:111 - Scanning Website...
2026-08-03 00:21:33.485 | INFO     | monitor:scan:125 - Loading Page 1
2026-08-03 00:21:33.486 | INFO     | api:get_files:60 - Loading Page 1
2026-08-03 00:21:35.306 | INFO     | api:get_file:84 - Loading File 126d519e-95f6-9843-e927-2ca3fc8ea743
2026-08-03 00:21:35.549 | INFO     | monitor:scan:273 - Reached Old Files
2026-08-03 00:21:35.550 | INFO     | monitor:scan:303 - No New Serial
2026-08-03 00:21:35.551 | INFO     | monitor:scan:325 - Nothing Changed
2026-08-03 00:21:35.552 | SUCCESS  | monitor:scan:331 - Scan Finished
2026-08-03 00:21:35.553 | INFO     | monitor:start:67 - Sleep 60 Seconds
2026-08-03 00:22:35.555 | INFO     | auth.login:ensure_login:354 - Checking Login...
2026-08-03 00:22:35.560 | SUCCESS  | auth.login:load_saved_token:192 - Saved Token Loaded
2026-08-03 00:22:35.563 | SUCCESS  | auth.login:ensure_login:362 - Using Saved Token
2026-08-03 00:22:35.564 | INFO     | monitor:scan:111 - Scanning Website...
2026-08-03 00:22:35.570 | INFO     | monitor:scan:125 - Loading Page 1
2026-08-03 00:22:35.572 | INFO     | api:get_files:60 - Loading Page 1
2026-08-03 00:22:36.041 | WARNING  | auth.login:get:411 - Access Token Expired
2026-08-03 00:22:36.041 | INFO     | auth.login:login:262 - Logging in...
2026-08-03 00:22:36.540 | SUCCESS  | auth.login:save_token:242 - Token Saved
2026-08-03 00:22:36.541 | SUCCESS  | auth.login:login:340 - Login Successful
2026-08-03 00:22:38.320 | INFO     | api:get_file:84 - Loading File 126d519e-95f6-9843-e927-2ca3fc8ea743
2026-08-03 00:22:38.569 | INFO     | monitor:scan:273 - Reached Old Files
2026-08-03 00:22:38.570 | INFO     | monitor:scan:303 - No New Serial
2026-08-03 00:22:38.571 | INFO     | monitor:scan:325 - Nothing Changed
2026-08-03 00:22:38.573 | SUCCESS  | monitor:scan:331 - Scan Finished
2026-08-03 00:22:38.575 | INFO     | monitor:start:67 - Sleep 60 Seconds
2026-08-03 00:23:38.578 | INFO     | auth.login:ensure_login:354 - Checking Login...
2026-08-03 00:23:38.622 | SUCCESS  | auth.login:load_saved_token:192 - Saved Token Loaded
2026-08-03 00:23:38.622 | SUCCESS  | auth.login:ensure_login:362 - Using Saved Token
2026-08-03 00:23:38.623 | INFO     | monitor:scan:111 - Scanning Website...
2026-08-03 00:23:38.624 | INFO     | monitor:scan:125 - Loading Page 1
2026-08-03 00:23:38.624 | INFO     | api:get_files:60 - Loading Page 1
2026-08-03 00:23:40.389 | INFO     | api:get_file:84 - Loading File 126d519e-95f6-9843-e927-2ca3fc8ea743
2026-08-03 00:23:40.641 | INFO     | monitor:scan:273 - Reached Old Files
2026-08-03 00:23:40.642 | INFO     | monitor:scan:303 - No New Serial
2026-08-03 00:23:40.642 | INFO     | monitor:scan:325 - Nothing Changed
2026-08-03 00:23:40.642 | SUCCESS  | monitor:scan:331 - Scan Finished
2026-08-03 00:23:40.642 | INFO     | monitor:start:67 - Sleep 60 Seconds
2026-08-03 00:24:40.643 | INFO     | auth.login:ensure_login:354 - Checking Login...
2026-08-03 00:24:40.647 | SUCCESS  | auth.login:load_saved_token:192 - Saved Token Loaded
2026-08-03 00:24:40.648 | SUCCESS  | auth.login:ensure_login:362 - Using Saved Token
2026-08-03 00:24:40.650 | INFO     | monitor:scan:111 - Scanning Website...
2026-08-03 00:24:40.652 | INFO     | monitor:scan:125 - Loading Page 1
2026-08-03 00:24:40.652 | INFO     | api:get_files:60 - Loading Page 1
2026-08-03 00:24:42.370 | INFO     | api:get_file:84 - Loading File 126d519e-95f6-9843-e927-2ca3fc8ea743
2026-08-03 00:24:42.674 | INFO     | monitor:scan:273 - Reached Old Files
2026-08-03 00:24:42.675 | INFO     | monitor:scan:303 - No New Serial
2026-08-03 00:24:42.677 | INFO     | monitor:scan:325 - Nothing Changed
2026-08-03 00:24:42.679 | SUCCESS  | monitor:scan:331 - Scan Finished
2026-08-03 00:24:42.681 | INFO     | monitor:start:67 - Sleep 60 Seconds
2026-08-03 00:25:42.682 | INFO     | auth.login:ensure_login:354 - Checking Login...
2026-08-03 00:25:42.686 | SUCCESS  | auth.login:load_saved_token:192 - Saved Token Loaded
2026-08-03 00:25:42.687 | SUCCESS  | auth.login:ensure_login:362 - Using Saved Token
2026-08-03 00:25:42.688 | INFO     | monitor:scan:111 - Scanning Website...
2026-08-03 00:25:42.690 | INFO     | monitor:scan:125 - Loading Page 1
2026-08-03 00:25:42.691 | INFO     | api:get_files:60 - Loading Page 1
2026-08-03 00:25:44.400 | INFO     | api:get_file:84 - Loading File 126d519e-95f6-9843-e927-2ca3fc8ea743
2026-08-03 00:25:44.647 | INFO     | monitor:scan:273 - Reached Old Files
2026-08-03 00:25:44.647 | INFO     | monitor:scan:303 - No New Serial
2026-08-03 00:25:44.648 | INFO     | monitor:scan:325 - Nothing Changed
2026-08-03 00:25:44.648 | SUCCESS  | monitor:scan:331 - Scan Finished
2026-08-03 00:25:44.648 | INFO     | monitor:start:67 - Sleep 60 Seconds
2026-08-03 00:26:44.649 | INFO     | auth.login:ensure_login:354 - Checking Login...
2026-08-03 00:26:44.655 | SUCCESS  | auth.login:load_saved_token:192 - Saved Token Loaded
2026-08-03 00:26:44.657 | SUCCESS  | auth.login:ensure_login:362 - Using Saved Token
2026-08-03 00:26:44.658 | INFO     | monitor:scan:111 - Scanning Website...
2026-08-03 00:26:44.662 | INFO     | monitor:scan:125 - Loading Page 1
2026-08-03 00:26:44.663 | INFO     | api:get_files:60 - Loading Page 1
2026-08-03 00:26:46.216 | INFO     | api:get_file:84 - Loading File 126d519e-95f6-9843-e927-2ca3fc8ea743
2026-08-03 00:26:46.448 | INFO     | monitor:scan:273 - Reached Old Files
2026-08-03 00:26:46.449 | INFO     | monitor:scan:303 - No New Serial
2026-08-03 00:26:46.451 | INFO     | monitor:scan:325 - Nothing Changed
2026-08-03 00:26:46.452 | SUCCESS  | monitor:scan:331 - Scan Finished
2026-08-03 00:26:46.453 | INFO     | monitor:start:67 - Sleep 60 Seconds
2026-08-03 00:27:46.455 | INFO     | auth.login:ensure_login:354 - Checking Login...
2026-08-03 00:27:46.458 | SUCCESS  | auth.login:load_saved_token:192 - Saved Token Loaded
2026-08-03 00:27:46.459 | SUCCESS  | auth.login:ensure_login:362 - Using Saved Token
2026-08-03 00:27:46.460 | INFO     | monitor:scan:111 - Scanning Website...
2026-08-03 00:27:46.462 | INFO     | monitor:scan:125 - Loading Page 1
2026-08-03 00:27:46.463 | INFO     | api:get_files:60 - Loading Page 1
2026-08-03 00:27:48.169 | INFO     | api:get_file:84 - Loading File 126d519e-95f6-9843-e927-2ca3fc8ea743
2026-08-03 00:27:48.408 | INFO     | monitor:scan:273 - Reached Old Files
2026-08-03 00:27:48.408 | INFO     | monitor:scan:303 - No New Serial
2026-08-03 00:27:48.409 | INFO     | monitor:scan:325 - Nothing Changed
2026-08-03 00:27:48.412 | SUCCESS  | monitor:scan:331 - Scan Finished
2026-08-03 00:27:48.415 | INFO     | monitor:start:67 - Sleep 60 Seconds
2026-08-03 00:28:48.416 | INFO     | auth.login:ensure_login:354 - Checking Login...
2026-08-03 00:28:48.418 | SUCCESS  | auth.login:load_saved_token:192 - Saved Token Loaded
2026-08-03 00:28:48.420 | SUCCESS  | auth.login:ensure_login:362 - Using Saved Token
2026-08-03 00:28:48.421 | INFO     | monitor:scan:111 - Scanning Website...
2026-08-03 00:28:48.425 | INFO     | monitor:scan:125 - Loading Page 1
2026-08-03 00:28:48.427 | INFO     | api:get_files:60 - Loading Page 1
2026-08-03 00:28:50.212 | INFO     | api:get_file:84 - Loading File 126d519e-95f6-9843-e927-2ca3fc8ea743
2026-08-03 00:28:50.459 | INFO     | monitor:scan:273 - Reached Old Files
2026-08-03 00:28:50.461 | INFO     | monitor:scan:303 - No New Serial
2026-08-03 00:28:50.462 | INFO     | monitor:scan:325 - Nothing Changed
2026-08-03 00:28:50.464 | SUCCESS  | monitor:scan:331 - Scan Finished
2026-08-03 00:28:50.466 | INFO     | monitor:start:67 - Sleep 60 Seconds
2026-08-03 00:29:50.467 | INFO     | auth.login:ensure_login:354 - Checking Login...
2026-08-03 00:29:50.468 | SUCCESS  | auth.login:load_saved_token:192 - Saved Token Loaded
2026-08-03 00:29:50.468 | SUCCESS  | auth.login:ensure_login:362 - Using Saved Token
2026-08-03 00:29:50.468 | INFO     | monitor:scan:111 - Scanning Website...
2026-08-03 00:29:50.469 | INFO     | monitor:scan:125 - Loading Page 1
2026-08-03 00:29:50.469 | INFO     | api:get_files:60 - Loading Page 1
2026-08-03 00:29:52.265 | INFO     | api:get_file:84 - Loading File 126d519e-95f6-9843-e927-2ca3fc8ea743
2026-08-03 00:29:52.498 | INFO     | monitor:scan:273 - Reached Old Files
2026-08-03 00:29:52.498 | INFO     | monitor:scan:303 - No New Serial
2026-08-03 00:29:52.499 | INFO     | monitor:scan:325 - Nothing Changed
2026-08-03 00:29:52.499 | SUCCESS  | monitor:scan:331 - Scan Finished
2026-08-03 00:29:52.499 | INFO     | monitor:start:67 - Sleep 60 Seconds
2026-08-03 00:30:52.500 | INFO     | auth.login:ensure_login:354 - Checking Login...
2026-08-03 00:30:52.503 | SUCCESS  | auth.login:load_saved_token:192 - Saved Token Loaded
2026-08-03 00:30:52.504 | SUCCESS  | auth.login:ensure_login:362 - Using Saved Token
2026-08-03 00:30:52.506 | INFO     | monitor:scan:111 - Scanning Website...
2026-08-03 00:30:52.507 | INFO     | monitor:scan:125 - Loading Page 1
2026-08-03 00:30:52.507 | INFO     | api:get_files:60 - Loading Page 1
2026-08-03 00:30:54.204 | INFO     | api:get_file:84 - Loading File 126d519e-95f6-9843-e927-2ca3fc8ea743
2026-08-03 00:30:54.453 | INFO     | monitor:scan:273 - Reached Old Files
2026-08-03 00:30:54.455 | INFO     | monitor:scan:303 - No New Serial
2026-08-03 00:30:54.457 | INFO     | monitor:scan:325 - Nothing Changed
2026-08-03 00:30:54.459 | SUCCESS  | monitor:scan:331 - Scan Finished
2026-08-03 00:30:54.461 | INFO     | monitor:start:67 - Sleep 60 Seconds
2026-08-03 00:31:54.462 | INFO     | auth.login:ensure_login:354 - Checking Login...
2026-08-03 00:31:54.465 | SUCCESS  | auth.login:load_saved_token:192 - Saved Token Loaded
2026-08-03 00:31:54.466 | SUCCESS  | auth.login:ensure_login:362 - Using Saved Token
2026-08-03 00:31:54.466 | INFO     | monitor:scan:111 - Scanning Website...
2026-08-03 00:31:54.468 | INFO     | monitor:scan:125 - Loading Page 1
2026-08-03 00:31:54.468 | INFO     | api:get_files:60 - Loading Page 1
2026-08-03 00:31:58.010 | INFO     | api:get_file:84 - Loading File 126d519e-95f6-9843-e927-2ca3fc8ea743
2026-08-03 00:31:58.244 | INFO     | monitor:scan:273 - Reached Old Files
2026-08-03 00:31:58.245 | INFO     | monitor:scan:303 - No New Serial
2026-08-03 00:31:58.246 | INFO     | monitor:scan:325 - Nothing Changed
2026-08-03 00:31:58.247 | SUCCESS  | monitor:scan:331 - Scan Finished
2026-08-03 00:31:58.249 | INFO     | monitor:start:67 - Sleep 60 Seconds
2026-08-03 00:32:58.250 | INFO     | auth.login:ensure_login:354 - Checking Login...
2026-08-03 00:32:58.256 | SUCCESS  | auth.login:load_saved_token:192 - Saved Token Loaded
2026-08-03 00:32:58.258 | SUCCESS  | auth.login:ensure_login:362 - Using Saved Token
2026-08-03 00:32:58.259 | INFO     | monitor:scan:111 - Scanning Website...
2026-08-03 00:32:58.265 | INFO     | monitor:scan:125 - Loading Page 1
2026-08-03 00:32:58.266 | INFO     | api:get_files:60 - Loading Page 1
2026-08-03 00:32:58.752 | WARNING  | auth.login:get:411 - Access Token Expired
2026-08-03 00:32:58.753 | INFO     | auth.login:login:262 - Logging in...
2026-08-03 00:32:59.250 | SUCCESS  | auth.login:save_token:242 - Token Saved
2026-08-03 00:32:59.250 | SUCCESS  | auth.login:login:340 - Login Successful
2026-08-03 00:33:01.280 | INFO     | api:get_file:84 - Loading File 126d519e-95f6-9843-e927-2ca3fc8ea743
2026-08-03 00:33:01.539 | INFO     | monitor:scan:273 - Reached Old Files
2026-08-03 00:33:01.540 | INFO     | monitor:scan:303 - No New Serial
2026-08-03 00:33:01.541 | INFO     | monitor:scan:325 - Nothing Changed
2026-08-03 00:33:01.541 | SUCCESS  | monitor:scan:331 - Scan Finished
2026-08-03 00:33:01.541 | INFO     | monitor:start:67 - Sleep 60 Seconds
2026-08-03 00:34:01.542 | INFO     | auth.login:ensure_login:354 - Checking Login...
2026-08-03 00:34:01.570 | SUCCESS  | auth.login:load_saved_token:192 - Saved Token Loaded
2026-08-03 00:34:01.571 | SUCCESS  | auth.login:ensure_login:362 - Using Saved Token
2026-08-03 00:34:01.571 | INFO     | monitor:scan:111 - Scanning Website...
2026-08-03 00:34:01.573 | INFO     | monitor:scan:125 - Loading Page 1
2026-08-03 00:34:01.573 | INFO     | api:get_files:60 - Loading Page 1
2026-08-03 00:34:04.841 | INFO     | api:get_file:84 - Loading File 126d519e-95f6-9843-e927-2ca3fc8ea743
2026-08-03 00:34:05.077 | INFO     | monitor:scan:273 - Reached Old Files
2026-08-03 00:34:05.077 | INFO     | monitor:scan:303 - No New Serial
2026-08-03 00:34:05.078 | INFO     | monitor:scan:325 - Nothing Changed
2026-08-03 00:34:05.079 | SUCCESS  | monitor:scan:331 - Scan Finished
2026-08-03 00:34:05.079 | INFO     | monitor:start:67 - Sleep 60 Seconds
2026-08-03 00:35:05.080 | INFO     | auth.login:ensure_login:354 - Checking Login...
2026-08-03 00:35:05.082 | SUCCESS  | auth.login:load_saved_token:192 - Saved Token Loaded
2026-08-03 00:35:05.084 | SUCCESS  | auth.login:ensure_login:362 - Using Saved Token
2026-08-03 00:35:05.085 | INFO     | monitor:scan:111 - Scanning Website...
2026-08-03 00:35:05.087 | INFO     | monitor:scan:125 - Loading Page 1
2026-08-03 00:35:05.088 | INFO     | api:get_files:60 - Loading Page 1
2026-08-03 00:35:06.906 | INFO     | api:get_file:84 - Loading File 126d519e-95f6-9843-e927-2ca3fc8ea743
2026-08-03 00:35:07.147 | INFO     | monitor:scan:273 - Reached Old Files
2026-08-03 00:35:07.147 | INFO     | monitor:scan:303 - No New Serial
2026-08-03 00:35:07.149 | INFO     | monitor:scan:325 - Nothing Changed
2026-08-03 00:35:07.149 | SUCCESS  | monitor:scan:331 - Scan Finished
2026-08-03 00:35:07.150 | INFO     | monitor:start:67 - Sleep 60 Seconds
2026-08-03 00:36:07.151 | INFO     | auth.login:ensure_login:354 - Checking Login...
2026-08-03 00:36:07.154 | SUCCESS  | auth.login:load_saved_token:192 - Saved Token Loaded
2026-08-03 00:36:07.154 | SUCCESS  | auth.login:ensure_login:362 - Using Saved Token
2026-08-03 00:36:07.155 | INFO     | monitor:scan:111 - Scanning Website...
2026-08-03 00:36:07.157 | INFO     | monitor:scan:125 - Loading Page 1
2026-08-03 00:36:07.158 | INFO     | api:get_files:60 - Loading Page 1
2026-08-03 00:36:08.667 | INFO     | api:get_file:84 - Loading File 126d519e-95f6-9843-e927-2ca3fc8ea743
2026-08-03 00:36:08.897 | INFO     | monitor:scan:273 - Reached Old Files
2026-08-03 00:36:08.898 | INFO     | monitor:scan:303 - No New Serial
2026-08-03 00:36:08.899 | INFO     | monitor:scan:325 - Nothing Changed
2026-08-03 00:36:08.900 | SUCCESS  | monitor:scan:331 - Scan Finished
2026-08-03 00:36:08.901 | INFO     | monitor:start:67 - Sleep 60 Seconds
2026-08-03 00:37:08.902 | INFO     | auth.login:ensure_login:354 - Checking Login...
2026-08-03 00:37:08.903 | SUCCESS  | auth.login:load_saved_token:192 - Saved Token Loaded
2026-08-03 00:37:08.903 | SUCCESS  | auth.login:ensure_login:362 - Using Saved Token
2026-08-03 00:37:08.904 | INFO     | monitor:scan:111 - Scanning Website...
2026-08-03 00:37:08.904 | INFO     | monitor:scan:125 - Loading Page 1
2026-08-03 00:37:08.905 | INFO     | api:get_files:60 - Loading Page 1
2026-08-03 00:37:12.379 | INFO     | api:get_file:84 - Loading File 126d519e-95f6-9843-e927-2ca3fc8ea743
2026-08-03 00:37:12.629 | INFO     | monitor:scan:273 - Reached Old Files
2026-08-03 00:37:12.630 | INFO     | monitor:scan:303 - No New Serial
2026-08-03 00:37:12.630 | INFO     | monitor:scan:325 - Nothing Changed
2026-08-03 00:37:12.630 | SUCCESS  | monitor:scan:331 - Scan Finished
2026-08-03 00:37:12.631 | INFO     | monitor:start:67 - Sleep 60 Seconds
2026-08-03 00:38:12.633 | INFO     | auth.login:ensure_login:354 - Checking Login...
2026-08-03 00:38:12.634 | SUCCESS  | auth.login:load_saved_token:192 - Saved Token Loaded
2026-08-03 00:38:12.635 | SUCCESS  | auth.login:ensure_login:362 - Using Saved Token
2026-08-03 00:38:12.635 | INFO     | monitor:scan:111 - Scanning Website...
2026-08-03 00:38:12.635 | INFO     | monitor:scan:125 - Loading Page 1
2026-08-03 00:38:12.636 | INFO     | api:get_files:60 - Loading Page 1
2026-08-03 00:38:15.209 | INFO     | api:get_file:84 - Loading File 126d519e-95f6-9843-e927-2ca3fc8ea743
2026-08-03 00:38:15.491 | INFO     | monitor:scan:273 - Reached Old Files
2026-08-03 00:38:15.491 | INFO     | monitor:scan:303 - No New Serial
2026-08-03 00:38:15.491 | INFO     | monitor:scan:325 - Nothing Changed
2026-08-03 00:38:15.491 | SUCCESS  | monitor:scan:331 - Scan Finished
2026-08-03 00:38:15.491 | INFO     | monitor:start:67 - Sleep 60 Seconds
2026-08-03 00:39:15.492 | INFO     | auth.login:ensure_login:354 - Checking Login...
2026-08-03 00:39:15.496 | SUCCESS  | auth.login:load_saved_token:192 - Saved Token Loaded
2026-08-03 00:39:15.497 | SUCCESS  | auth.login:ensure_login:362 - Using Saved Token
2026-08-03 00:39:15.498 | INFO     | monitor:scan:111 - Scanning Website...
2026-08-03 00:39:15.503 | INFO     | monitor:scan:125 - Loading Page 1
2026-08-03 00:39:15.505 | INFO     | api:get_files:60 - Loading Page 1
2026-08-03 00:39:17.190 | INFO     | api:get_file:84 - Loading File 126d519e-95f6-9843-e927-2ca3fc8ea743
2026-08-03 00:39:17.419 | INFO     | monitor:scan:273 - Reached Old Files
2026-08-03 00:39:17.420 | INFO     | monitor:scan:303 - No New Serial
2026-08-03 00:39:17.421 | INFO     | monitor:scan:325 - Nothing Changed
2026-08-03 00:39:17.423 | SUCCESS  | monitor:scan:331 - Scan Finished
2026-08-03 00:39:17.425 | INFO     | monitor:start:67 - Sleep 60 Seconds
2026-08-03 00:40:17.426 | INFO     | auth.login:ensure_login:354 - Checking Login...
2026-08-03 00:40:17.429 | SUCCESS  | auth.login:load_saved_token:192 - Saved Token Loaded
2026-08-03 00:40:17.429 | SUCCESS  | auth.login:ensure_login:362 - Using Saved Token
2026-08-03 00:40:17.430 | INFO     | monitor:scan:111 - Scanning Website...
2026-08-03 00:40:17.432 | INFO     | monitor:scan:125 - Loading Page 1
2026-08-03 00:40:17.433 | INFO     | api:get_files:60 - Loading Page 1
2026-08-03 00:40:19.096 | INFO     | api:get_file:84 - Loading File 126d519e-95f6-9843-e927-2ca3fc8ea743
2026-08-03 00:40:19.318 | INFO     | monitor:scan:273 - Reached Old Files
2026-08-03 00:40:19.319 | INFO     | monitor:scan:303 - No New Serial
2026-08-03 00:40:19.320 | INFO     | monitor:scan:325 - Nothing Changed
2026-08-03 00:40:19.320 | SUCCESS  | monitor:scan:331 - Scan Finished
2026-08-03 00:40:19.321 | INFO     | monitor:start:67 - Sleep 60 Seconds
2026-08-03 00:41:19.322 | INFO     | auth.login:ensure_login:354 - Checking Login...
2026-08-03 00:41:19.325 | SUCCESS  | auth.login:load_saved_token:192 - Saved Token Loaded
2026-08-03 00:41:19.327 | SUCCESS  | auth.login:ensure_login:362 - Using Saved Token
2026-08-03 00:41:19.328 | INFO     | monitor:scan:111 - Scanning Website...
2026-08-03 00:41:19.330 | INFO     | monitor:scan:125 - Loading Page 1
2026-08-03 00:41:19.331 | INFO     | api:get_files:60 - Loading Page 1
2026-08-03 00:41:20.786 | INFO     | api:get_file:84 - Loading File 126d519e-95f6-9843-e927-2ca3fc8ea743
2026-08-03 00:41:21.014 | INFO     | monitor:scan:273 - Reached Old Files
2026-08-03 00:41:21.014 | INFO     | monitor:scan:303 - No New Serial
2026-08-03 00:41:21.014 | INFO     | monitor:scan:325 - Nothing Changed
2026-08-03 00:41:21.014 | SUCCESS  | monitor:scan:331 - Scan Finished
2026-08-03 00:41:21.015 | INFO     | monitor:start:67 - Sleep 60 Seconds
2026-08-03 00:42:21.015 | INFO     | auth.login:ensure_login:354 - Checking Login...
2026-08-03 00:42:21.017 | SUCCESS  | auth.login:load_saved_token:192 - Saved Token Loaded
2026-08-03 00:42:21.018 | SUCCESS  | auth.login:ensure_login:362 - Using Saved Token
2026-08-03 00:42:21.020 | INFO     | monitor:scan:111 - Scanning Website...
2026-08-03 00:42:21.021 | INFO     | monitor:scan:125 - Loading Page 1
2026-08-03 00:42:21.022 | INFO     | api:get_files:60 - Loading Page 1
2026-08-03 00:42:24.429 | INFO     | api:get_file:84 - Loading File 126d519e-95f6-9843-e927-2ca3fc8ea743
2026-08-03 00:42:24.673 | INFO     | monitor:scan:273 - Reached Old Files
2026-08-03 00:42:24.675 | INFO     | monitor:scan:303 - No New Serial
2026-08-03 00:42:24.677 | INFO     | monitor:scan:325 - Nothing Changed
2026-08-03 00:42:24.678 | SUCCESS  | monitor:scan:331 - Scan Finished
2026-08-03 00:42:24.679 | INFO     | monitor:start:67 - Sleep 60 Seconds
2026-08-03 00:43:24.681 | INFO     | auth.login:ensure_login:354 - Checking Login...
2026-08-03 00:43:24.684 | SUCCESS  | auth.login:load_saved_token:192 - Saved Token Loaded
2026-08-03 00:43:24.685 | SUCCESS  | auth.login:ensure_login:362 - Using Saved Token
2026-08-03 00:43:24.687 | INFO     | monitor:scan:111 - Scanning Website...
2026-08-03 00:43:24.691 | INFO     | monitor:scan:125 - Loading Page 1
2026-08-03 00:43:24.692 | INFO     | api:get_files:60 - Loading Page 1
2026-08-03 00:43:25.121 | WARNING  | auth.login:get:411 - Access Token Expired
2026-08-03 00:43:25.124 | INFO     | auth.login:login:262 - Logging in...
2026-08-03 00:43:25.592 | SUCCESS  | auth.login:save_token:242 - Token Saved
2026-08-03 00:43:25.592 | SUCCESS  | auth.login:login:340 - Login Successful
2026-08-03 00:43:28.796 | INFO     | api:get_file:84 - Loading File 126d519e-95f6-9843-e927-2ca3fc8ea743
2026-08-03 00:43:29.029 | INFO     | monitor:scan:273 - Reached Old Files
2026-08-03 00:43:29.029 | INFO     | monitor:scan:303 - No New Serial
2026-08-03 00:43:29.029 | INFO     | monitor:scan:325 - Nothing Changed
2026-08-03 00:43:29.030 | SUCCESS  | monitor:scan:331 - Scan Finished
2026-08-03 00:43:29.030 | INFO     | monitor:start:67 - Sleep 60 Seconds
2026-08-03 00:44:29.031 | INFO     | auth.login:ensure_login:354 - Checking Login...
2026-08-03 00:44:29.062 | SUCCESS  | auth.login:load_saved_token:192 - Saved Token Loaded
2026-08-03 00:44:29.063 | SUCCESS  | auth.login:ensure_login:362 - Using Saved Token
2026-08-03 00:44:29.063 | INFO     | monitor:scan:111 - Scanning Website...
2026-08-03 00:44:29.063 | INFO     | monitor:scan:125 - Loading Page 1
2026-08-03 00:44:29.063 | INFO     | api:get_files:60 - Loading Page 1
2026-08-03 00:44:30.617 | INFO     | api:get_file:84 - Loading File 126d519e-95f6-9843-e927-2ca3fc8ea743
2026-08-03 00:44:30.835 | INFO     | monitor:scan:273 - Reached Old Files
2026-08-03 00:44:30.836 | INFO     | monitor:scan:303 - No New Serial
2026-08-03 00:44:30.837 | INFO     | monitor:scan:325 - Nothing Changed
2026-08-03 00:44:30.838 | SUCCESS  | monitor:scan:331 - Scan Finished
2026-08-03 00:44:30.839 | INFO     | monitor:start:67 - Sleep 60 Seconds
2026-08-03 00:45:30.841 | INFO     | auth.login:ensure_login:354 - Checking Login...
2026-08-03 00:45:30.843 | SUCCESS  | auth.login:load_saved_token:192 - Saved Token Loaded
2026-08-03 00:45:30.843 | SUCCESS  | auth.login:ensure_login:362 - Using Saved Token
2026-08-03 00:45:30.844 | INFO     | monitor:scan:111 - Scanning Website...
2026-08-03 00:45:30.846 | INFO     | monitor:scan:125 - Loading Page 1
2026-08-03 00:45:30.846 | INFO     | api:get_files:60 - Loading Page 1
2026-08-03 00:45:32.487 | INFO     | api:get_file:84 - Loading File 126d519e-95f6-9843-e927-2ca3fc8ea743
2026-08-03 00:45:32.724 | INFO     | monitor:scan:273 - Reached Old Files
2026-08-03 00:45:32.726 | INFO     | monitor:scan:303 - No New Serial
2026-08-03 00:45:32.728 | INFO     | monitor:scan:325 - Nothing Changed
2026-08-03 00:45:32.729 | SUCCESS  | monitor:scan:331 - Scan Finished
2026-08-03 00:45:32.730 | INFO     | monitor:start:67 - Sleep 60 Seconds
2026-08-03 00:46:32.731 | INFO     | auth.login:ensure_login:354 - Checking Login...
2026-08-03 00:46:32.732 | SUCCESS  | auth.login:load_saved_token:192 - Saved Token Loaded
2026-08-03 00:46:32.733 | SUCCESS  | auth.login:ensure_login:362 - Using Saved Token
2026-08-03 00:46:32.734 | INFO     | monitor:scan:111 - Scanning Website...
2026-08-03 00:46:32.735 | INFO     | monitor:scan:125 - Loading Page 1
2026-08-03 00:46:32.735 | INFO     | api:get_files:60 - Loading Page 1
2026-08-03 00:46:34.252 | INFO     | api:get_file:84 - Loading File 126d519e-95f6-9843-e927-2ca3fc8ea743
2026-08-03 00:46:34.487 | INFO     | monitor:scan:273 - Reached Old Files
2026-08-03 00:46:34.489 | INFO     | monitor:scan:303 - No New Serial
2026-08-03 00:46:34.490 | INFO     | monitor:scan:325 - Nothing Changed
2026-08-03 00:46:34.491 | SUCCESS  | monitor:scan:331 - Scan Finished
2026-08-03 00:46:34.493 | INFO     | monitor:start:67 - Sleep 60 Seconds
2026-08-03 00:47:34.495 | INFO     | auth.login:ensure_login:354 - Checking Login...
2026-08-03 00:47:34.497 | SUCCESS  | auth.login:load_saved_token:192 - Saved Token Loaded
2026-08-03 00:47:34.498 | SUCCESS  | auth.login:ensure_login:362 - Using Saved Token
2026-08-03 00:47:34.498 | INFO     | monitor:scan:111 - Scanning Website...
2026-08-03 00:47:34.502 | INFO     | monitor:scan:125 - Loading Page 1
2026-08-03 00:47:34.502 | INFO     | api:get_files:60 - Loading Page 1
2026-08-03 00:47:36.017 | INFO     | api:get_file:84 - Loading File 126d519e-95f6-9843-e927-2ca3fc8ea743
2026-08-03 00:47:36.243 | INFO     | monitor:scan:273 - Reached Old Files
2026-08-03 00:47:36.245 | INFO     | monitor:scan:303 - No New Serial
2026-08-03 00:47:36.247 | INFO     | monitor:scan:325 - Nothing Changed
2026-08-03 00:47:36.248 | SUCCESS  | monitor:scan:331 - Scan Finished
2026-08-03 00:47:36.250 | INFO     | monitor:start:67 - Sleep 60 Seconds
2026-08-03 00:48:36.252 | INFO     | auth.login:ensure_login:354 - Checking Login...
2026-08-03 00:48:36.256 | SUCCESS  | auth.login:load_saved_token:192 - Saved Token Loaded
2026-08-03 00:48:36.257 | SUCCESS  | auth.login:ensure_login:362 - Using Saved Token
2026-08-03 00:48:36.259 | INFO     | monitor:scan:111 - Scanning Website...
2026-08-03 00:48:36.263 | INFO     | monitor:scan:125 - Loading Page 1
2026-08-03 00:48:36.266 | INFO     | api:get_files:60 - Loading Page 1
2026-08-03 00:48:37.839 | INFO     | api:get_file:84 - Loading File 126d519e-95f6-9843-e927-2ca3fc8ea743
2026-08-03 00:48:38.068 | INFO     | monitor:scan:273 - Reached Old Files
2026-08-03 00:48:38.069 | INFO     | monitor:scan:303 - No New Serial
2026-08-03 00:48:38.070 | INFO     | monitor:scan:325 - Nothing Changed
2026-08-03 00:48:38.070 | SUCCESS  | monitor:scan:331 - Scan Finished
2026-08-03 00:48:38.071 | INFO     | monitor:start:67 - Sleep 60 Seconds
2026-08-03 00:49:38.072 | INFO     | auth.login:ensure_login:354 - Checking Login...
2026-08-03 00:49:38.072 | SUCCESS  | auth.login:load_saved_token:192 - Saved Token Loaded
2026-08-03 00:49:38.073 | SUCCESS  | auth.login:ensure_login:362 - Using Saved Token
2026-08-03 00:49:38.073 | INFO     | monitor:scan:111 - Scanning Website...
2026-08-03 00:49:38.073 | INFO     | monitor:scan:125 - Loading Page 1
2026-08-03 00:49:38.074 | INFO     | api:get_files:60 - Loading Page 1
2026-08-03 00:49:39.628 | INFO     | api:get_file:84 - Loading File 126d519e-95f6-9843-e927-2ca3fc8ea743
2026-08-03 00:49:39.865 | INFO     | monitor:scan:273 - Reached Old Files
2026-08-03 00:49:39.866 | INFO     | monitor:scan:303 - No New Serial
2026-08-03 00:49:39.867 | INFO     | monitor:scan:325 - Nothing Changed
2026-08-03 00:49:39.867 | SUCCESS  | monitor:scan:331 - Scan Finished
2026-08-03 00:49:39.868 | INFO     | monitor:start:67 - Sleep 60 Seconds
2026-08-03 00:50:39.869 | INFO     | auth.login:ensure_login:354 - Checking Login...
2026-08-03 00:50:39.874 | SUCCESS  | auth.login:load_saved_token:192 - Saved Token Loaded
2026-08-03 00:50:39.877 | SUCCESS  | auth.login:ensure_login:362 - Using Saved Token
2026-08-03 00:50:39.878 | INFO     | monitor:scan:111 - Scanning Website...
2026-08-03 00:50:39.883 | INFO     | monitor:scan:125 - Loading Page 1
2026-08-03 00:50:39.883 | INFO     | api:get_files:60 - Loading Page 1
2026-08-03 00:50:41.740 | INFO     | api:get_file:84 - Loading File 126d519e-95f6-9843-e927-2ca3fc8ea743
2026-08-03 00:50:41.972 | INFO     | monitor:scan:273 - Reached Old Files
2026-08-03 00:50:41.973 | INFO     | monitor:scan:303 - No New Serial
2026-08-03 00:50:41.973 | INFO     | monitor:scan:325 - Nothing Changed
2026-08-03 00:50:41.973 | SUCCESS  | monitor:scan:331 - Scan Finished
2026-08-03 00:50:41.974 | INFO     | monitor:start:67 - Sleep 60 Seconds
2026-08-03 00:51:41.974 | INFO     | auth.login:ensure_login:354 - Checking Login...
2026-08-03 00:51:41.975 | SUCCESS  | auth.login:load_saved_token:192 - Saved Token Loaded
2026-08-03 00:51:41.975 | SUCCESS  | auth.login:ensure_login:362 - Using Saved Token
2026-08-03 00:51:41.976 | INFO     | monitor:scan:111 - Scanning Website...
2026-08-03 00:51:41.977 | INFO     | monitor:scan:125 - Loading Page 1
2026-08-03 00:51:41.977 | INFO     | api:get_files:60 - Loading Page 1
2026-08-03 00:51:43.563 | INFO     | api:get_file:84 - Loading File 126d519e-95f6-9843-e927-2ca3fc8ea743
2026-08-03 00:51:43.793 | INFO     | monitor:scan:273 - Reached Old Files
2026-08-03 00:51:43.793 | INFO     | monitor:scan:303 - No New Serial
2026-08-03 00:51:43.793 | INFO     | monitor:scan:325 - Nothing Changed
2026-08-03 00:51:43.794 | SUCCESS  | monitor:scan:331 - Scan Finished
2026-08-03 00:51:43.794 | INFO     | monitor:start:67 - Sleep 60 Seconds
2026-08-03 00:52:43.795 | INFO     | auth.login:ensure_login:354 - Checking Login...
2026-08-03 00:52:43.798 | SUCCESS  | auth.login:load_saved_token:192 - Saved Token Loaded
2026-08-03 00:52:43.800 | SUCCESS  | auth.login:ensure_login:362 - Using Saved Token
2026-08-03 00:52:43.801 | INFO     | monitor:scan:111 - Scanning Website...
2026-08-03 00:52:43.806 | INFO     | monitor:scan:125 - Loading Page 1
2026-08-03 00:52:43.808 | INFO     | api:get_files:60 - Loading Page 1
2026-08-03 00:52:45.367 | INFO     | api:get_file:84 - Loading File 126d519e-95f6-9843-e927-2ca3fc8ea743
2026-08-03 00:52:45.602 | INFO     | monitor:scan:273 - Reached Old Files
2026-08-03 00:52:45.603 | INFO     | monitor:scan:303 - No New Serial
2026-08-03 00:52:45.603 | INFO     | monitor:scan:325 - Nothing Changed
2026-08-03 00:52:45.603 | SUCCESS  | monitor:scan:331 - Scan Finished
2026-08-03 00:52:45.604 | INFO     | monitor:start:67 - Sleep 60 Seconds
2026-08-03 00:53:45.605 | INFO     | auth.login:ensure_login:354 - Checking Login...
2026-08-03 00:53:45.609 | SUCCESS  | auth.login:load_saved_token:192 - Saved Token Loaded
2026-08-03 00:53:45.611 | SUCCESS  | auth.login:ensure_login:362 - Using Saved Token
2026-08-03 00:53:45.612 | INFO     | monitor:scan:111 - Scanning Website...
2026-08-03 00:53:45.617 | INFO     | monitor:scan:125 - Loading Page 1
2026-08-03 00:53:45.620 | INFO     | api:get_files:60 - Loading Page 1
2026-08-03 00:53:46.114 | WARNING  | auth.login:get:411 - Access Token Expired
2026-08-03 00:53:46.115 | INFO     | auth.login:login:262 - Logging in...
2026-08-03 00:53:46.604 | SUCCESS  | auth.login:save_token:242 - Token Saved
2026-08-03 00:53:46.605 | SUCCESS  | auth.login:login:340 - Login Successful
2026-08-03 00:53:49.173 | INFO     | api:get_file:84 - Loading File 126d519e-95f6-9843-e927-2ca3fc8ea743
2026-08-03 00:53:49.410 | INFO     | monitor:scan:273 - Reached Old Files
2026-08-03 00:53:49.411 | INFO     | monitor:scan:303 - No New Serial
2026-08-03 00:53:49.412 | INFO     | monitor:scan:325 - Nothing Changed
2026-08-03 00:53:49.413 | SUCCESS  | monitor:scan:331 - Scan Finished
2026-08-03 00:53:49.415 | INFO     | monitor:start:67 - Sleep 60 Seconds
2026-08-03 00:54:49.415 | INFO     | auth.login:ensure_login:354 - Checking Login...
2026-08-03 00:54:49.425 | SUCCESS  | auth.login:load_saved_token:192 - Saved Token Loaded
2026-08-03 00:54:49.425 | SUCCESS  | auth.login:ensure_login:362 - Using Saved Token
2026-08-03 00:54:49.426 | INFO     | monitor:scan:111 - Scanning Website...
2026-08-03 00:54:49.427 | INFO     | monitor:scan:125 - Loading Page 1
2026-08-03 00:54:49.429 | INFO     | api:get_files:60 - Loading Page 1
2026-08-03 00:54:50.900 | INFO     | api:get_file:84 - Loading File 126d519e-95f6-9843-e927-2ca3fc8ea743
2026-08-03 00:54:51.128 | INFO     | monitor:scan:273 - Reached Old Files
2026-08-03 00:54:51.129 | INFO     | monitor:scan:303 - No New Serial
2026-08-03 00:54:51.129 | INFO     | monitor:scan:325 - Nothing Changed
2026-08-03 00:54:51.130 | SUCCESS  | monitor:scan:331 - Scan Finished
2026-08-03 00:54:51.131 | INFO     | monitor:start:67 - Sleep 60 Seconds
2026-08-03 00:55:51.132 | INFO     | auth.login:ensure_login:354 - Checking Login...
2026-08-03 00:55:51.134 | SUCCESS  | auth.login:load_saved_token:192 - Saved Token Loaded
2026-08-03 00:55:51.134 | SUCCESS  | auth.login:ensure_login:362 - Using Saved Token
2026-08-03 00:55:51.135 | INFO     | monitor:scan:111 - Scanning Website...
2026-08-03 00:55:51.136 | INFO     | monitor:scan:125 - Loading Page 1
2026-08-03 00:55:51.137 | INFO     | api:get_files:60 - Loading Page 1
2026-08-03 00:55:52.635 | INFO     | api:get_file:84 - Loading File 126d519e-95f6-9843-e927-2ca3fc8ea743
2026-08-03 00:55:52.865 | INFO     | monitor:scan:273 - Reached Old Files
2026-08-03 00:55:52.866 | INFO     | monitor:scan:303 - No New Serial
2026-08-03 00:55:52.866 | INFO     | monitor:scan:325 - Nothing Changed
2026-08-03 00:55:52.867 | SUCCESS  | monitor:scan:331 - Scan Finished
2026-08-03 00:55:52.868 | INFO     | monitor:start:67 - Sleep 60 Seconds
2026-08-03 00:56:52.869 | INFO     | auth.login:ensure_login:354 - Checking Login...
2026-08-03 00:56:52.871 | SUCCESS  | auth.login:load_saved_token:192 - Saved Token Loaded
2026-08-03 00:56:52.872 | SUCCESS  | auth.login:ensure_login:362 - Using Saved Token
2026-08-03 00:56:52.874 | INFO     | monitor:scan:111 - Scanning Website...
2026-08-03 00:56:52.876 | INFO     | monitor:scan:125 - Loading Page 1
2026-08-03 00:56:52.876 | INFO     | api:get_files:60 - Loading Page 1
2026-08-03 00:56:54.371 | INFO     | api:get_file:84 - Loading File 126d519e-95f6-9843-e927-2ca3fc8ea743
2026-08-03 00:56:54.598 | INFO     | monitor:scan:273 - Reached Old Files
2026-08-03 00:56:54.599 | INFO     | monitor:scan:303 - No New Serial
2026-08-03 00:56:54.599 | INFO     | monitor:scan:325 - Nothing Changed
2026-08-03 00:56:54.600 | SUCCESS  | monitor:scan:331 - Scan Finished
2026-08-03 00:56:54.602 | INFO     | monitor:start:67 - Sleep 60 Seconds
2026-08-03 00:57:54.603 | INFO     | auth.login:ensure_login:354 - Checking Login...
2026-08-03 00:57:54.604 | SUCCESS  | auth.login:load_saved_token:192 - Saved Token Loaded
2026-08-03 00:57:54.605 | SUCCESS  | auth.login:ensure_login:362 - Using Saved Token
2026-08-03 00:57:54.605 | INFO     | monitor:scan:111 - Scanning Website...
2026-08-03 00:57:54.606 | INFO     | monitor:scan:125 - Loading Page 1
2026-08-03 00:57:54.607 | INFO     | api:get_files:60 - Loading Page 1
2026-08-03 00:57:56.685 | INFO     | api:get_file:84 - Loading File 126d519e-95f6-9843-e927-2ca3fc8ea743
2026-08-03 00:57:56.916 | INFO     | monitor:scan:273 - Reached Old Files
2026-08-03 00:57:56.917 | INFO     | monitor:scan:303 - No New Serial
2026-08-03 00:57:56.917 | INFO     | monitor:scan:325 - Nothing Changed
2026-08-03 00:57:56.917 | SUCCESS  | monitor:scan:331 - Scan Finished
2026-08-03 00:57:56.918 | INFO     | monitor:start:67 - Sleep 60 Seconds
2026-08-03 00:58:56.919 | INFO     | auth.login:ensure_login:354 - Checking Login...
2026-08-03 00:58:56.920 | SUCCESS  | auth.login:load_saved_token:192 - Saved Token Loaded
2026-08-03 00:58:56.920 | SUCCESS  | auth.login:ensure_login:362 - Using Saved Token
2026-08-03 00:58:56.920 | INFO     | monitor:scan:111 - Scanning Website...
2026-08-03 00:58:56.921 | INFO     | monitor:scan:125 - Loading Page 1
2026-08-03 00:58:56.921 | INFO     | api:get_files:60 - Loading Page 1
2026-08-03 00:58:58.522 | INFO     | api:get_file:84 - Loading File 126d519e-95f6-9843-e927-2ca3fc8ea743
2026-08-03 00:58:58.750 | INFO     | monitor:scan:273 - Reached Old Files
2026-08-03 00:58:58.752 | INFO     | monitor:scan:303 - No New Serial
2026-08-03 00:58:58.753 | INFO     | monitor:scan:325 - Nothing Changed
2026-08-03 00:58:58.755 | SUCCESS  | monitor:scan:331 - Scan Finished
2026-08-03 00:58:58.756 | INFO     | monitor:start:67 - Sleep 60 Seconds
2026-08-03 00:59:58.758 | INFO     | auth.login:ensure_login:354 - Checking Login...
2026-08-03 00:59:58.760 | SUCCESS  | auth.login:load_saved_token:192 - Saved Token Loaded
2026-08-03 00:59:58.764 | SUCCESS  | auth.login:ensure_login:362 - Using Saved Token
2026-08-03 00:59:58.764 | INFO     | monitor:scan:111 - Scanning Website...
2026-08-03 00:59:58.766 | INFO     | monitor:scan:125 - Loading Page 1
2026-08-03 00:59:58.768 | INFO     | api:get_files:60 - Loading Page 1
2026-08-03 01:00:02.070 | INFO     | api:get_file:84 - Loading File 126d519e-95f6-9843-e927-2ca3fc8ea743
2026-08-03 01:00:02.304 | INFO     | monitor:scan:273 - Reached Old Files
2026-08-03 01:00:02.305 | INFO     | monitor:scan:303 - No New Serial
2026-08-03 01:00:02.306 | INFO     | monitor:scan:325 - Nothing Changed
2026-08-03 01:00:02.307 | SUCCESS  | monitor:scan:331 - Scan Finished
2026-08-03 01:00:02.308 | INFO     | monitor:start:67 - Sleep 60 Seconds
2026-08-03 01:01:02.310 | INFO     | auth.login:ensure_login:354 - Checking Login...
2026-08-03 01:01:02.315 | SUCCESS  | auth.login:load_saved_token:192 - Saved Token Loaded
2026-08-03 01:01:02.318 | SUCCESS  | auth.login:ensure_login:362 - Using Saved Token
2026-08-03 01:01:02.319 | INFO     | monitor:scan:111 - Scanning Website...
2026-08-03 01:01:02.321 | INFO     | monitor:scan:125 - Loading Page 1
2026-08-03 01:01:02.324 | INFO     | api:get_files:60 - Loading Page 1
2026-08-03 01:01:05.769 | INFO     | api:get_file:84 - Loading File 126d519e-95f6-9843-e927-2ca3fc8ea743
2026-08-03 01:01:05.998 | INFO     | monitor:scan:273 - Reached Old Files
2026-08-03 01:01:05.999 | INFO     | monitor:scan:303 - No New Serial
2026-08-03 01:01:06.000 | INFO     | monitor:scan:325 - Nothing Changed
2026-08-03 01:01:06.000 | SUCCESS  | monitor:scan:331 - Scan Finished
2026-08-03 01:01:06.001 | INFO     | monitor:start:67 - Sleep 60 Seconds
2026-08-03 01:02:06.003 | INFO     | auth.login:ensure_login:354 - Checking Login...
2026-08-03 01:02:06.005 | SUCCESS  | auth.login:load_saved_token:192 - Saved Token Loaded
2026-08-03 01:02:06.006 | SUCCESS  | auth.login:ensure_login:362 - Using Saved Token
2026-08-03 01:02:06.006 | INFO     | monitor:scan:111 - Scanning Website...
2026-08-03 01:02:06.008 | INFO     | monitor:scan:125 - Loading Page 1
2026-08-03 01:02:06.009 | INFO     | api:get_files:60 - Loading Page 1
2026-08-03 01:02:07.633 | INFO     | api:get_file:84 - Loading File 126d519e-95f6-9843-e927-2ca3fc8ea743
2026-08-03 01:02:07.849 | INFO     | monitor:scan:273 - Reached Old Files
2026-08-03 01:02:07.849 | INFO     | monitor:scan:303 - No New Serial
2026-08-03 01:02:07.850 | INFO     | monitor:scan:325 - Nothing Changed
2026-08-03 01:02:07.850 | SUCCESS  | monitor:scan:331 - Scan Finished
2026-08-03 01:02:07.851 | INFO     | monitor:start:67 - Sleep 60 Seconds
2026-08-03 01:03:07.853 | INFO     | auth.login:ensure_login:354 - Checking Login...
2026-08-03 01:03:07.855 | SUCCESS  | auth.login:load_saved_token:192 - Saved Token Loaded
2026-08-03 01:03:07.855 | SUCCESS  | auth.login:ensure_login:362 - Using Saved Token
2026-08-03 01:03:07.856 | INFO     | monitor:scan:111 - Scanning Website...
2026-08-03 01:03:07.859 | INFO     | monitor:scan:125 - Loading Page 1
2026-08-03 01:03:07.859 | INFO     | api:get_files:60 - Loading Page 1
2026-08-03 01:03:10.976 | INFO     | api:get_file:84 - Loading File 126d519e-95f6-9843-e927-2ca3fc8ea743
2026-08-03 01:03:11.204 | INFO     | monitor:scan:273 - Reached Old Files
2026-08-03 01:03:11.204 | INFO     | monitor:scan:303 - No New Serial
2026-08-03 01:03:11.204 | INFO     | monitor:scan:325 - Nothing Changed
2026-08-03 01:03:11.205 | SUCCESS  | monitor:scan:331 - Scan Finished
2026-08-03 01:03:11.205 | INFO     | monitor:start:67 - Sleep 60 Seconds
2026-08-03 01:04:11.206 | INFO     | auth.login:ensure_login:354 - Checking Login...
2026-08-03 01:04:11.210 | SUCCESS  | auth.login:load_saved_token:192 - Saved Token Loaded
2026-08-03 01:04:11.211 | SUCCESS  | auth.login:ensure_login:362 - Using Saved Token
2026-08-03 01:04:11.212 | INFO     | monitor:scan:111 - Scanning Website...
2026-08-03 01:04:11.214 | INFO     | monitor:scan:125 - Loading Page 1
2026-08-03 01:04:11.214 | INFO     | api:get_files:60 - Loading Page 1
2026-08-03 01:04:11.645 | WARNING  | auth.login:get:411 - Access Token Expired
2026-08-03 01:04:11.647 | INFO     | auth.login:login:262 - Logging in...
2026-08-03 01:04:12.179 | SUCCESS  | auth.login:save_token:242 - Token Saved
2026-08-03 01:04:12.179 | SUCCESS  | auth.login:login:340 - Login Successful
2026-08-03 01:04:13.388 | INFO     | api:get_file:84 - Loading File 126d519e-95f6-9843-e927-2ca3fc8ea743
2026-08-03 01:04:13.620 | INFO     | monitor:scan:273 - Reached Old Files
2026-08-03 01:04:13.620 | INFO     | monitor:scan:303 - No New Serial
2026-08-03 01:04:13.621 | INFO     | monitor:scan:325 - Nothing Changed
2026-08-03 01:04:13.621 | SUCCESS  | monitor:scan:331 - Scan Finished
2026-08-03 01:04:13.621 | INFO     | monitor:start:67 - Sleep 60 Seconds
2026-08-03 01:05:13.622 | INFO     | auth.login:ensure_login:354 - Checking Login...
2026-08-03 01:05:13.660 | SUCCESS  | auth.login:load_saved_token:192 - Saved Token Loaded
2026-08-03 01:05:13.660 | SUCCESS  | auth.login:ensure_login:362 - Using Saved Token
2026-08-03 01:05:13.661 | INFO     | monitor:scan:111 - Scanning Website...
2026-08-03 01:05:13.662 | INFO     | monitor:scan:125 - Loading Page 1
2026-08-03 01:05:13.662 | INFO     | api:get_files:60 - Loading Page 1
2026-08-03 01:05:15.299 | INFO     | api:get_file:84 - Loading File 126d519e-95f6-9843-e927-2ca3fc8ea743
2026-08-03 01:05:15.527 | INFO     | monitor:scan:273 - Reached Old Files
2026-08-03 01:05:15.528 | INFO     | monitor:scan:303 - No New Serial
2026-08-03 01:05:15.529 | INFO     | monitor:scan:325 - Nothing Changed
2026-08-03 01:05:15.529 | SUCCESS  | monitor:scan:331 - Scan Finished
2026-08-03 01:05:15.531 | INFO     | monitor:start:67 - Sleep 60 Seconds
2026-08-03 01:06:15.532 | INFO     | auth.login:ensure_login:354 - Checking Login...
2026-08-03 01:06:15.534 | SUCCESS  | auth.login:load_saved_token:192 - Saved Token Loaded
2026-08-03 01:06:15.534 | SUCCESS  | auth.login:ensure_login:362 - Using Saved Token
2026-08-03 01:06:15.535 | INFO     | monitor:scan:111 - Scanning Website...
2026-08-03 01:06:15.536 | INFO     | monitor:scan:125 - Loading Page 1
2026-08-03 01:06:15.537 | INFO     | api:get_files:60 - Loading Page 1
2026-08-03 01:06:17.087 | INFO     | api:get_file:84 - Loading File 126d519e-95f6-9843-e927-2ca3fc8ea743
2026-08-03 01:06:17.313 | INFO     | monitor:scan:273 - Reached Old Files
2026-08-03 01:06:17.313 | INFO     | monitor:scan:303 - No New Serial
2026-08-03 01:06:17.315 | INFO     | monitor:scan:325 - Nothing Changed
2026-08-03 01:06:17.316 | SUCCESS  | monitor:scan:331 - Scan Finished
2026-08-03 01:06:17.317 | INFO     | monitor:start:67 - Sleep 60 Seconds
2026-08-03 01:07:17.319 | INFO     | auth.login:ensure_login:354 - Checking Login...
2026-08-03 01:07:17.325 | SUCCESS  | auth.login:load_saved_token:192 - Saved Token Loaded
2026-08-03 01:07:17.327 | SUCCESS  | auth.login:ensure_login:362 - Using Saved Token
2026-08-03 01:07:17.329 | INFO     | monitor:scan:111 - Scanning Website...
2026-08-03 01:07:17.335 | INFO     | monitor:scan:125 - Loading Page 1
2026-08-03 01:07:17.337 | INFO     | api:get_files:60 - Loading Page 1
2026-08-03 01:07:18.826 | INFO     | api:get_file:84 - Loading File 126d519e-95f6-9843-e927-2ca3fc8ea743
2026-08-03 01:07:19.053 | INFO     | monitor:scan:273 - Reached Old Files
2026-08-03 01:07:19.054 | INFO     | monitor:scan:303 - No New Serial
2026-08-03 01:07:19.054 | INFO     | monitor:scan:325 - Nothing Changed
2026-08-03 01:07:19.054 | SUCCESS  | monitor:scan:331 - Scan Finished
2026-08-03 01:07:19.055 | INFO     | monitor:start:67 - Sleep 60 Seconds
2026-08-03 01:08:19.056 | INFO     | auth.login:ensure_login:354 - Checking Login...
2026-08-03 01:08:19.057 | SUCCESS  | auth.login:load_saved_token:192 - Saved Token Loaded
2026-08-03 01:08:19.058 | SUCCESS  | auth.login:ensure_login:362 - Using Saved Token
2026-08-03 01:08:19.058 | INFO     | monitor:scan:111 - Scanning Website...
2026-08-03 01:08:19.059 | INFO     | monitor:scan:125 - Loading Page 1
2026-08-03 01:08:19.060 | INFO     | api:get_files:60 - Loading Page 1
2026-08-03 01:08:20.532 | INFO     | api:get_file:84 - Loading File 126d519e-95f6-9843-e927-2ca3fc8ea743
2026-08-03 01:08:20.751 | INFO     | monitor:scan:273 - Reached Old Files
2026-08-03 01:08:20.752 | INFO     | monitor:scan:303 - No New Serial
2026-08-03 01:08:20.754 | INFO     | monitor:scan:325 - Nothing Changed
2026-08-03 01:08:20.755 | SUCCESS  | monitor:scan:331 - Scan Finished
2026-08-03 01:08:20.755 | INFO     | monitor:start:67 - Sleep 60 Seconds
2026-08-03 01:09:20.756 | INFO     | auth.login:ensure_login:354 - Checking Login...
2026-08-03 01:09:20.759 | SUCCESS  | auth.login:load_saved_token:192 - Saved Token Loaded
2026-08-03 01:09:20.761 | SUCCESS  | auth.login:ensure_login:362 - Using Saved Token
2026-08-03 01:09:20.762 | INFO     | monitor:scan:111 - Scanning Website...
2026-08-03 01:09:20.765 | INFO     | monitor:scan:125 - Loading Page 1
2026-08-03 01:09:20.765 | INFO     | api:get_files:60 - Loading Page 1
2026-08-03 01:09:22.259 | INFO     | api:get_file:84 - Loading File 126d519e-95f6-9843-e927-2ca3fc8ea743
2026-08-03 01:09:22.502 | INFO     | monitor:scan:273 - Reached Old Files
2026-08-03 01:09:22.503 | INFO     | monitor:scan:303 - No New Serial
2026-08-03 01:09:22.503 | INFO     | monitor:scan:325 - Nothing Changed
2026-08-03 01:09:22.503 | SUCCESS  | monitor:scan:331 - Scan Finished
2026-08-03 01:09:22.503 | INFO     | monitor:start:67 - Sleep 60 Seconds
2026-08-03 01:10:22.505 | INFO     | auth.login:ensure_login:354 - Checking Login...
2026-08-03 01:10:22.508 | SUCCESS  | auth.login:load_saved_token:192 - Saved Token Loaded
2026-08-03 01:10:22.508 | SUCCESS  | auth.login:ensure_login:362 - Using Saved Token
2026-08-03 01:10:22.508 | INFO     | monitor:scan:111 - Scanning Website...
2026-08-03 01:10:22.508 | INFO     | monitor:scan:125 - Loading Page 1
2026-08-03 01:10:22.509 | INFO     | api:get_files:60 - Loading Page 1
2026-08-03 01:10:24.184 | INFO     | api:get_file:84 - Loading File 126d519e-95f6-9843-e927-2ca3fc8ea743
2026-08-03 01:10:24.442 | INFO     | monitor:scan:273 - Reached Old Files
2026-08-03 01:10:24.443 | INFO     | monitor:scan:303 - No New Serial
2026-08-03 01:10:24.444 | INFO     | monitor:scan:325 - Nothing Changed
2026-08-03 01:10:24.446 | SUCCESS  | monitor:scan:331 - Scan Finished
2026-08-03 01:10:24.448 | INFO     | monitor:start:67 - Sleep 60 Seconds
2026-08-03 01:11:24.449 | INFO     | auth.login:ensure_login:354 - Checking Login...
2026-08-03 01:11:24.451 | SUCCESS  | auth.login:load_saved_token:192 - Saved Token Loaded
2026-08-03 01:11:24.452 | SUCCESS  | auth.login:ensure_login:362 - Using Saved Token
2026-08-03 01:11:24.452 | INFO     | monitor:scan:111 - Scanning Website...
2026-08-03 01:11:24.454 | INFO     | monitor:scan:125 - Loading Page 1
2026-08-03 01:11:24.455 | INFO     | api:get_files:60 - Loading Page 1
2026-08-03 01:11:26.177 | INFO     | api:get_file:84 - Loading File 126d519e-95f6-9843-e927-2ca3fc8ea743
2026-08-03 01:11:26.407 | INFO     | monitor:scan:273 - Reached Old Files
2026-08-03 01:11:26.408 | INFO     | monitor:scan:303 - No New Serial
2026-08-03 01:11:26.409 | INFO     | monitor:scan:325 - Nothing Changed
2026-08-03 01:11:26.410 | SUCCESS  | monitor:scan:331 - Scan Finished
2026-08-03 01:11:26.410 | INFO     | monitor:start:67 - Sleep 60 Seconds
2026-08-03 01:12:26.411 | INFO     | auth.login:ensure_login:354 - Checking Login...
2026-08-03 01:12:26.416 | SUCCESS  | auth.login:load_saved_token:192 - Saved Token Loaded
2026-08-03 01:12:26.418 | SUCCESS  | auth.login:ensure_login:362 - Using Saved Token
2026-08-03 01:12:26.419 | INFO     | monitor:scan:111 - Scanning Website...
2026-08-03 01:12:26.421 | INFO     | monitor:scan:125 - Loading Page 1
2026-08-03 01:12:26.422 | INFO     | api:get_files:60 - Loading Page 1
2026-08-03 01:12:29.919 | INFO     | api:get_file:84 - Loading File 126d519e-95f6-9843-e927-2ca3fc8ea743
2026-08-03 01:12:30.148 | INFO     | monitor:scan:273 - Reached Old Files
2026-08-03 01:12:30.148 | INFO     | monitor:scan:303 - No New Serial
2026-08-03 01:12:30.149 | INFO     | monitor:scan:325 - Nothing Changed
2026-08-03 01:12:30.149 | SUCCESS  | monitor:scan:331 - Scan Finished
2026-08-03 01:12:30.149 | INFO     | monitor:start:67 - Sleep 60 Seconds
2026-08-03 01:13:30.150 | INFO     | auth.login:ensure_login:354 - Checking Login...
2026-08-03 01:13:30.152 | SUCCESS  | auth.login:load_saved_token:192 - Saved Token Loaded
2026-08-03 01:13:30.153 | SUCCESS  | auth.login:ensure_login:362 - Using Saved Token
2026-08-03 01:13:30.154 | INFO     | monitor:scan:111 - Scanning Website...
2026-08-03 01:13:30.157 | INFO     | monitor:scan:125 - Loading Page 1
2026-08-03 01:13:30.158 | INFO     | api:get_files:60 - Loading Page 1
2026-08-03 01:13:31.938 | INFO     | api:get_file:84 - Loading File 126d519e-95f6-9843-e927-2ca3fc8ea743
2026-08-03 01:13:32.148 | INFO     | monitor:scan:273 - Reached Old Files
2026-08-03 01:13:32.150 | INFO     | monitor:scan:303 - No New Serial
2026-08-03 01:13:32.151 | INFO     | monitor:scan:325 - Nothing Changed
2026-08-03 01:13:32.151 | SUCCESS  | monitor:scan:331 - Scan Finished
2026-08-03 01:13:32.152 | INFO     | monitor:start:67 - Sleep 60 Seconds
2026-08-03 01:14:32.153 | INFO     | auth.login:ensure_login:354 - Checking Login...
2026-08-03 01:14:32.156 | SUCCESS  | auth.login:load_saved_token:192 - Saved Token Loaded
2026-08-03 01:14:32.157 | SUCCESS  | auth.login:ensure_login:362 - Using Saved Token
2026-08-03 01:14:32.159 | INFO     | monitor:scan:111 - Scanning Website...
2026-08-03 01:14:32.162 | INFO     | monitor:scan:125 - Loading Page 1
2026-08-03 01:14:32.163 | INFO     | api:get_files:60 - Loading Page 1
2026-08-03 01:14:32.577 | WARNING  | auth.login:get:411 - Access Token Expired
2026-08-03 01:14:32.578 | INFO     | auth.login:login:262 - Logging in...
2026-08-03 01:14:33.089 | SUCCESS  | auth.login:save_token:242 - Token Saved
2026-08-03 01:14:33.090 | SUCCESS  | auth.login:login:340 - Login Successful
2026-08-03 01:14:35.908 | INFO     | api:get_file:84 - Loading File 126d519e-95f6-9843-e927-2ca3fc8ea743
2026-08-03 01:14:36.136 | INFO     | monitor:scan:273 - Reached Old Files
2026-08-03 01:14:36.137 | INFO     | monitor:scan:303 - No New Serial
2026-08-03 01:14:36.137 | INFO     | monitor:scan:325 - Nothing Changed
2026-08-03 01:14:36.137 | SUCCESS  | monitor:scan:331 - Scan Finished
2026-08-03 01:14:36.137 | INFO     | monitor:start:67 - Sleep 60 Seconds
2026-08-03 01:15:36.137 | INFO     | auth.login:ensure_login:354 - Checking Login...
2026-08-03 01:15:36.160 | SUCCESS  | auth.login:load_saved_token:192 - Saved Token Loaded
2026-08-03 01:15:36.162 | SUCCESS  | auth.login:ensure_login:362 - Using Saved Token
2026-08-03 01:15:36.163 | INFO     | monitor:scan:111 - Scanning Website...
2026-08-03 01:15:36.164 | INFO     | monitor:scan:125 - Loading Page 1
2026-08-03 01:15:36.164 | INFO     | api:get_files:60 - Loading Page 1
2026-08-03 01:15:37.697 | INFO     | api:get_file:84 - Loading File 126d519e-95f6-9843-e927-2ca3fc8ea743
2026-08-03 01:15:37.913 | INFO     | monitor:scan:273 - Reached Old Files
2026-08-03 01:15:37.913 | INFO     | monitor:scan:303 - No New Serial
2026-08-03 01:15:37.913 | INFO     | monitor:scan:325 - Nothing Changed
2026-08-03 01:15:37.913 | SUCCESS  | monitor:scan:331 - Scan Finished
2026-08-03 01:15:37.913 | INFO     | monitor:start:67 - Sleep 60 Seconds
2026-08-03 01:16:37.914 | INFO     | auth.login:ensure_login:354 - Checking Login...
2026-08-03 01:16:37.916 | SUCCESS  | auth.login:load_saved_token:192 - Saved Token Loaded
2026-08-03 01:16:37.917 | SUCCESS  | auth.login:ensure_login:362 - Using Saved Token
2026-08-03 01:16:37.918 | INFO     | monitor:scan:111 - Scanning Website...
2026-08-03 01:16:37.920 | INFO     | monitor:scan:125 - Loading Page 1
2026-08-03 01:16:37.922 | INFO     | api:get_files:60 - Loading Page 1
2026-08-03 01:16:39.462 | INFO     | api:get_file:84 - Loading File 126d519e-95f6-9843-e927-2ca3fc8ea743
2026-08-03 01:16:39.693 | INFO     | monitor:scan:273 - Reached Old Files
2026-08-03 01:16:39.696 | INFO     | monitor:scan:303 - No New Serial
2026-08-03 01:16:39.699 | INFO     | monitor:scan:325 - Nothing Changed
2026-08-03 01:16:39.700 | SUCCESS  | monitor:scan:331 - Scan Finished
2026-08-03 01:16:39.703 | INFO     | monitor:start:67 - Sleep 60 Seconds
2026-08-03 01:17:39.705 | INFO     | auth.login:ensure_login:354 - Checking Login...
2026-08-03 01:17:39.706 | SUCCESS  | auth.login:load_saved_token:192 - Saved Token Loaded
2026-08-03 01:17:39.706 | SUCCESS  | auth.login:ensure_login:362 - Using Saved Token
2026-08-03 01:17:39.706 | INFO     | monitor:scan:111 - Scanning Website...
2026-08-03 01:17:39.707 | INFO     | monitor:scan:125 - Loading Page 1
2026-08-03 01:17:39.707 | INFO     | api:get_files:60 - Loading Page 1
2026-08-03 01:17:41.185 | INFO     | api:get_file:84 - Loading File 126d519e-95f6-9843-e927-2ca3fc8ea743
2026-08-03 01:17:41.408 | INFO     | monitor:scan:273 - Reached Old Files
2026-08-03 01:17:41.410 | INFO     | monitor:scan:303 - No New Serial
2026-08-03 01:17:41.411 | INFO     | monitor:scan:325 - Nothing Changed
2026-08-03 01:17:41.414 | SUCCESS  | monitor:scan:331 - Scan Finished
2026-08-03 01:17:41.417 | INFO     | monitor:start:67 - Sleep 60 Seconds
2026-08-03 01:18:41.418 | INFO     | auth.login:ensure_login:354 - Checking Login...
2026-08-03 01:18:41.420 | SUCCESS  | auth.login:load_saved_token:192 - Saved Token Loaded
2026-08-03 01:18:41.420 | SUCCESS  | auth.login:ensure_login:362 - Using Saved Token
2026-08-03 01:18:41.421 | INFO     | monitor:scan:111 - Scanning Website...
2026-08-03 01:18:41.422 | INFO     | monitor:scan:125 - Loading Page 1
2026-08-03 01:18:41.423 | INFO     | api:get_files:60 - Loading Page 1
2026-08-03 01:18:42.894 | INFO     | api:get_file:84 - Loading File 126d519e-95f6-9843-e927-2ca3fc8ea743
2026-08-03 01:18:43.123 | INFO     | monitor:scan:273 - Reached Old Files
2026-08-03 01:18:43.123 | INFO     | monitor:scan:303 - No New Serial
2026-08-03 01:18:43.124 | INFO     | monitor:scan:325 - Nothing Changed
2026-08-03 01:18:43.124 | SUCCESS  | monitor:scan:331 - Scan Finished
2026-08-03 01:18:43.125 | INFO     | monitor:start:67 - Sleep 60 Seconds
2026-08-03 01:19:43.125 | INFO     | auth.login:ensure_login:354 - Checking Login...
2026-08-03 01:19:43.127 | SUCCESS  | auth.login:load_saved_token:192 - Saved Token Loaded
2026-08-03 01:19:43.127 | SUCCESS  | auth.login:ensure_login:362 - Using Saved Token
2026-08-03 01:19:43.127 | INFO     | monitor:scan:111 - Scanning Website...
2026-08-03 01:19:43.128 | INFO     | monitor:scan:125 - Loading Page 1
2026-08-03 01:19:43.128 | INFO     | api:get_files:60 - Loading Page 1
2026-08-03 01:19:46.439 | INFO     | api:get_file:84 - Loading File 126d519e-95f6-9843-e927-2ca3fc8ea743
2026-08-03 01:19:46.670 | INFO     | monitor:scan:273 - Reached Old Files
2026-08-03 01:19:46.671 | INFO     | monitor:scan:303 - No New Serial
2026-08-03 01:19:46.672 | INFO     | monitor:scan:325 - Nothing Changed
2026-08-03 01:19:46.673 | SUCCESS  | monitor:scan:331 - Scan Finished
2026-08-03 01:19:46.674 | INFO     | monitor:start:67 - Sleep 60 Seconds
2026-08-03 01:20:46.675 | INFO     | auth.login:ensure_login:354 - Checking Login...
2026-08-03 01:20:46.679 | SUCCESS  | auth.login:load_saved_token:192 - Saved Token Loaded
2026-08-03 01:20:46.681 | SUCCESS  | auth.login:ensure_login:362 - Using Saved Token
2026-08-03 01:20:46.682 | INFO     | monitor:scan:111 - Scanning Website...
2026-08-03 01:20:46.686 | INFO     | monitor:scan:125 - Loading Page 1
2026-08-03 01:20:46.688 | INFO     | api:get_files:60 - Loading Page 1
2026-08-03 01:20:49.700 | INFO     | api:get_file:84 - Loading File 126d519e-95f6-9843-e927-2ca3fc8ea743
2026-08-03 01:20:49.924 | INFO     | monitor:scan:273 - Reached Old Files
2026-08-03 01:20:49.926 | INFO     | monitor:scan:303 - No New Serial
2026-08-03 01:20:49.928 | INFO     | monitor:scan:325 - Nothing Changed
2026-08-03 01:20:49.929 | SUCCESS  | monitor:scan:331 - Scan Finished
2026-08-03 01:20:49.931 | INFO     | monitor:start:67 - Sleep 60 Seconds
2026-08-03 01:21:49.935 | INFO     | auth.login:ensure_login:354 - Checking Login...
2026-08-03 01:21:49.938 | SUCCESS  | auth.login:load_saved_token:192 - Saved Token Loaded
2026-08-03 01:21:49.938 | SUCCESS  | auth.login:ensure_login:362 - Using Saved Token
2026-08-03 01:21:49.939 | INFO     | monitor:scan:111 - Scanning Website...
2026-08-03 01:21:49.942 | INFO     | monitor:scan:125 - Loading Page 1
2026-08-03 01:21:49.945 | INFO     | api:get_files:60 - Loading Page 1
2026-08-03 01:21:51.390 | INFO     | api:get_file:84 - Loading File 126d519e-95f6-9843-e927-2ca3fc8ea743
2026-08-03 01:21:51.616 | INFO     | monitor:scan:273 - Reached Old Files
2026-08-03 01:21:51.617 | INFO     | monitor:scan:303 - No New Serial
2026-08-03 01:21:51.618 | INFO     | monitor:scan:325 - Nothing Changed
2026-08-03 01:21:51.619 | SUCCESS  | monitor:scan:331 - Scan Finished
2026-08-03 01:21:51.620 | INFO     | monitor:start:67 - Sleep 60 Seconds
2026-08-03 01:22:51.621 | INFO     | auth.login:ensure_login:354 - Checking Login...
2026-08-03 01:22:51.623 | SUCCESS  | auth.login:load_saved_token:192 - Saved Token Loaded
2026-08-03 01:22:51.623 | SUCCESS  | auth.login:ensure_login:362 - Using Saved Token
2026-08-03 01:22:51.624 | INFO     | monitor:scan:111 - Scanning Website...
2026-08-03 01:22:51.625 | INFO     | monitor:scan:125 - Loading Page 1
2026-08-03 01:22:51.625 | INFO     | api:get_files:60 - Loading Page 1
2026-08-03 01:22:53.060 | INFO     | api:get_file:84 - Loading File 126d519e-95f6-9843-e927-2ca3fc8ea743
2026-08-03 01:22:53.277 | INFO     | monitor:scan:273 - Reached Old Files
2026-08-03 01:22:53.277 | INFO     | monitor:scan:303 - No New Serial
2026-08-03 01:22:53.278 | INFO     | monitor:scan:325 - Nothing Changed
2026-08-03 01:22:53.278 | SUCCESS  | monitor:scan:331 - Scan Finished
2026-08-03 01:22:53.279 | INFO     | monitor:start:67 - Sleep 60 Seconds
2026-08-03 01:23:53.279 | INFO     | auth.login:ensure_login:354 - Checking Login...
2026-08-03 01:23:53.283 | SUCCESS  | auth.login:load_saved_token:192 - Saved Token Loaded
2026-08-03 01:23:53.285 | SUCCESS  | auth.login:ensure_login:362 - Using Saved Token
2026-08-03 01:23:53.286 | INFO     | monitor:scan:111 - Scanning Website...
2026-08-03 01:23:53.288 | INFO     | monitor:scan:125 - Loading Page 1
2026-08-03 01:23:53.290 | INFO     | api:get_files:60 - Loading Page 1
2026-08-03 01:23:54.821 | INFO     | api:get_file:84 - Loading File 126d519e-95f6-9843-e927-2ca3fc8ea743
2026-08-03 01:23:55.039 | INFO     | monitor:scan:273 - Reached Old Files
2026-08-03 01:23:55.040 | INFO     | monitor:scan:303 - No New Serial
2026-08-03 01:23:55.040 | INFO     | monitor:scan:325 - Nothing Changed
2026-08-03 01:23:55.041 | SUCCESS  | monitor:scan:331 - Scan Finished
2026-08-03 01:23:55.041 | INFO     | monitor:start:67 - Sleep 60 Seconds
2026-08-03 01:24:55.042 | INFO     | auth.login:ensure_login:354 - Checking Login...
2026-08-03 01:24:55.045 | SUCCESS  | auth.login:load_saved_token:192 - Saved Token Loaded
2026-08-03 01:24:55.045 | SUCCESS  | auth.login:ensure_login:362 - Using Saved Token
2026-08-03 01:24:55.046 | INFO     | monitor:scan:111 - Scanning Website...
2026-08-03 01:24:55.048 | INFO     | monitor:scan:125 - Loading Page 1
2026-08-03 01:24:55.048 | INFO     | api:get_files:60 - Loading Page 1
2026-08-03 01:24:55.479 | WARNING  | auth.login:get:411 - Access Token Expired
2026-08-03 01:24:55.481 | INFO     | auth.login:login:262 - Logging in...
2026-08-03 01:24:55.957 | SUCCESS  | auth.login:save_token:242 - Token Saved
2026-08-03 01:24:55.958 | SUCCESS  | auth.login:login:340 - Login Successful
2026-08-03 01:24:57.119 | INFO     | api:get_file:84 - Loading File 126d519e-95f6-9843-e927-2ca3fc8ea743
2026-08-03 01:24:57.337 | INFO     | monitor:scan:273 - Reached Old Files
2026-08-03 01:24:57.339 | INFO     | monitor:scan:303 - No New Serial
2026-08-03 01:24:57.341 | INFO     | monitor:scan:325 - Nothing Changed
2026-08-03 01:24:57.343 | SUCCESS  | monitor:scan:331 - Scan Finished
2026-08-03 01:24:57.345 | INFO     | monitor:start:67 - Sleep 60 Seconds
2026-08-03 01:25:57.347 | INFO     | auth.login:ensure_login:354 - Checking Login...
2026-08-03 01:25:57.369 | SUCCESS  | auth.login:load_saved_token:192 - Saved Token Loaded
2026-08-03 01:25:57.370 | SUCCESS  | auth.login:ensure_login:362 - Using Saved Token
2026-08-03 01:25:57.370 | INFO     | monitor:scan:111 - Scanning Website...
2026-08-03 01:25:57.372 | INFO     | monitor:scan:125 - Loading Page 1
2026-08-03 01:25:57.373 | INFO     | api:get_files:60 - Loading Page 1
2026-08-03 01:25:58.946 | INFO     | api:get_file:84 - Loading File 126d519e-95f6-9843-e927-2ca3fc8ea743
2026-08-03 01:25:59.156 | INFO     | monitor:scan:273 - Reached Old Files
2026-08-03 01:25:59.156 | INFO     | monitor:scan:303 - No New Serial
2026-08-03 01:25:59.158 | INFO     | monitor:scan:325 - Nothing Changed
2026-08-03 01:25:59.160 | SUCCESS  | monitor:scan:331 - Scan Finished
2026-08-03 01:25:59.160 | INFO     | monitor:start:67 - Sleep 60 Seconds
2026-08-03 01:26:59.162 | INFO     | auth.login:ensure_login:354 - Checking Login...
2026-08-03 01:26:59.163 | SUCCESS  | auth.login:load_saved_token:192 - Saved Token Loaded
2026-08-03 01:26:59.163 | SUCCESS  | auth.login:ensure_login:362 - Using Saved Token
2026-08-03 01:26:59.163 | INFO     | monitor:scan:111 - Scanning Website...
2026-08-03 01:26:59.164 | INFO     | monitor:scan:125 - Loading Page 1
2026-08-03 01:26:59.164 | INFO     | api:get_files:60 - Loading Page 1
2026-08-03 01:27:02.480 | INFO     | api:get_file:84 - Loading File 126d519e-95f6-9843-e927-2ca3fc8ea743
2026-08-03 01:27:02.712 | INFO     | monitor:scan:273 - Reached Old Files
2026-08-03 01:27:02.712 | INFO     | monitor:scan:303 - No New Serial
2026-08-03 01:27:02.712 | INFO     | monitor:scan:325 - Nothing Changed
2026-08-03 01:27:02.712 | SUCCESS  | monitor:scan:331 - Scan Finished
2026-08-03 01:27:02.713 | INFO     | monitor:start:67 - Sleep 60 Seconds
2026-08-03 01:28:02.713 | INFO     | auth.login:ensure_login:354 - Checking Login...
2026-08-03 01:28:02.716 | SUCCESS  | auth.login:load_saved_token:192 - Saved Token Loaded
2026-08-03 01:28:02.717 | SUCCESS  | auth.login:ensure_login:362 - Using Saved Token
2026-08-03 01:28:02.719 | INFO     | monitor:scan:111 - Scanning Website...
2026-08-03 01:28:02.722 | INFO     | monitor:scan:125 - Loading Page 1
2026-08-03 01:28:02.724 | INFO     | api:get_files:60 - Loading Page 1
2026-08-03 01:28:06.122 | INFO     | api:get_file:84 - Loading File 126d519e-95f6-9843-e927-2ca3fc8ea743
2026-08-03 01:28:06.346 | INFO     | monitor:scan:273 - Reached Old Files
2026-08-03 01:28:06.347 | INFO     | monitor:scan:303 - No New Serial
2026-08-03 01:28:06.348 | INFO     | monitor:scan:325 - Nothing Changed
2026-08-03 01:28:06.350 | SUCCESS  | monitor:scan:331 - Scan Finished
2026-08-03 01:28:06.351 | INFO     | monitor:start:67 - Sleep 60 Seconds
2026-08-03 01:29:06.352 | INFO     | auth.login:ensure_login:354 - Checking Login...
2026-08-03 01:29:06.353 | SUCCESS  | auth.login:load_saved_token:192 - Saved Token Loaded
2026-08-03 01:29:06.354 | SUCCESS  | auth.login:ensure_login:362 - Using Saved Token
2026-08-03 01:29:06.355 | INFO     | monitor:scan:111 - Scanning Website...
2026-08-03 01:29:06.356 | INFO     | monitor:scan:125 - Loading Page 1
2026-08-03 01:29:06.356 | INFO     | api:get_files:60 - Loading Page 1
2026-08-03 01:29:08.128 | INFO     | api:get_file:84 - Loading File 126d519e-95f6-9843-e927-2ca3fc8ea743
2026-08-03 01:29:08.355 | INFO     | monitor:scan:273 - Reached Old Files
2026-08-03 01:29:08.357 | INFO     | monitor:scan:303 - No New Serial
2026-08-03 01:29:08.359 | INFO     | monitor:scan:325 - Nothing Changed
2026-08-03 01:29:08.359 | SUCCESS  | monitor:scan:331 - Scan Finished
2026-08-03 01:29:08.361 | INFO     | monitor:start:67 - Sleep 60 Seconds
2026-08-03 01:30:08.363 | INFO     | auth.login:ensure_login:354 - Checking Login...
2026-08-03 01:30:08.369 | SUCCESS  | auth.login:load_saved_token:192 - Saved Token Loaded
2026-08-03 01:30:08.370 | SUCCESS  | auth.login:ensure_login:362 - Using Saved Token
2026-08-03 01:30:08.371 | INFO     | monitor:scan:111 - Scanning Website...
2026-08-03 01:30:08.374 | INFO     | monitor:scan:125 - Loading Page 1
2026-08-03 01:30:08.376 | INFO     | api:get_files:60 - Loading Page 1
2026-08-03 01:30:09.887 | INFO     | api:get_file:84 - Loading File 126d519e-95f6-9843-e927-2ca3fc8ea743
2026-08-03 01:30:10.116 | INFO     | monitor:scan:273 - Reached Old Files
2026-08-03 01:30:10.117 | INFO     | monitor:scan:303 - No New Serial
2026-08-03 01:30:10.117 | INFO     | monitor:scan:325 - Nothing Changed
2026-08-03 01:30:10.118 | SUCCESS  | monitor:scan:331 - Scan Finished
2026-08-03 01:30:10.119 | INFO     | monitor:start:67 - Sleep 60 Seconds
2026-08-03 01:31:10.120 | INFO     | auth.login:ensure_login:354 - Checking Login...
2026-08-03 01:31:10.121 | SUCCESS  | auth.login:load_saved_token:192 - Saved Token Loaded
2026-08-03 01:31:10.121 | SUCCESS  | auth.login:ensure_login:362 - Using Saved Token
2026-08-03 01:31:10.121 | INFO     | monitor:scan:111 - Scanning Website...
2026-08-03 01:31:10.122 | INFO     | monitor:scan:125 - Loading Page 1
2026-08-03 01:31:10.122 | INFO     | api:get_files:60 - Loading Page 1
2026-08-03 01:31:11.569 | INFO     | api:get_file:84 - Loading File 126d519e-95f6-9843-e927-2ca3fc8ea743
2026-08-03 01:31:11.791 | INFO     | monitor:scan:273 - Reached Old Files
2026-08-03 01:31:11.793 | INFO     | monitor:scan:303 - No New Serial
2026-08-03 01:31:11.795 | INFO     | monitor:scan:325 - Nothing Changed
2026-08-03 01:31:11.797 | SUCCESS  | monitor:scan:331 - Scan Finished
2026-08-03 01:31:11.798 | INFO     | monitor:start:67 - Sleep 60 Seconds
2026-08-03 01:32:11.799 | INFO     | auth.login:ensure_login:354 - Checking Login...
2026-08-03 01:32:11.800 | SUCCESS  | auth.login:load_saved_token:192 - Saved Token Loaded
2026-08-03 01:32:11.800 | SUCCESS  | auth.login:ensure_login:362 - Using Saved Token
2026-08-03 01:32:11.800 | INFO     | monitor:scan:111 - Scanning Website...
2026-08-03 01:32:11.800 | INFO     | monitor:scan:125 - Loading Page 1
2026-08-03 01:32:11.801 | INFO     | api:get_files:60 - Loading Page 1
2026-08-03 01:32:13.332 | INFO     | api:get_file:84 - Loading File 126d519e-95f6-9843-e927-2ca3fc8ea743
2026-08-03 01:32:13.561 | INFO     | monitor:scan:273 - Reached Old Files
2026-08-03 01:32:13.562 | INFO     | monitor:scan:303 - No New Serial
2026-08-03 01:32:13.563 | INFO     | monitor:scan:325 - Nothing Changed
2026-08-03 01:32:13.563 | SUCCESS  | monitor:scan:331 - Scan Finished
2026-08-03 01:32:13.565 | INFO     | monitor:start:67 - Sleep 60 Seconds
2026-08-03 01:33:13.566 | INFO     | auth.login:ensure_login:354 - Checking Login...
2026-08-03 01:33:13.567 | SUCCESS  | auth.login:load_saved_token:192 - Saved Token Loaded
2026-08-03 01:33:13.567 | SUCCESS  | auth.login:ensure_login:362 - Using Saved Token
2026-08-03 01:33:13.567 | INFO     | monitor:scan:111 - Scanning Website...
2026-08-03 01:33:13.568 | INFO     | monitor:scan:125 - Loading Page 1
2026-08-03 01:33:13.568 | INFO     | api:get_files:60 - Loading Page 1
2026-08-03 01:33:16.965 | INFO     | api:get_file:84 - Loading File 126d519e-95f6-9843-e927-2ca3fc8ea743
2026-08-03 01:33:17.199 | INFO     | monitor:scan:273 - Reached Old Files
2026-08-03 01:33:17.201 | INFO     | monitor:scan:303 - No New Serial
2026-08-03 01:33:17.202 | INFO     | monitor:scan:325 - Nothing Changed
2026-08-03 01:33:17.204 | SUCCESS  | monitor:scan:331 - Scan Finished
2026-08-03 01:33:17.206 | INFO     | monitor:start:67 - Sleep 60 Seconds
2026-08-03 01:34:17.209 | INFO     | auth.login:ensure_login:354 - Checking Login...
2026-08-03 01:34:17.212 | SUCCESS  | auth.login:load_saved_token:192 - Saved Token Loaded
2026-08-03 01:34:17.213 | SUCCESS  | auth.login:ensure_login:362 - Using Saved Token
2026-08-03 01:34:17.213 | INFO     | monitor:scan:111 - Scanning Website...
2026-08-03 01:34:17.215 | INFO     | monitor:scan:125 - Loading Page 1
2026-08-03 01:34:17.216 | INFO     | api:get_files:60 - Loading Page 1
2026-08-03 01:34:20.212 | INFO     | api:get_file:84 - Loading File 126d519e-95f6-9843-e927-2ca3fc8ea743
2026-08-03 01:34:20.422 | INFO     | monitor:scan:273 - Reached Old Files
2026-08-03 01:34:20.423 | INFO     | monitor:scan:303 - No New Serial
2026-08-03 01:34:20.426 | INFO     | monitor:scan:325 - Nothing Changed
2026-08-03 01:34:20.428 | SUCCESS  | monitor:scan:331 - Scan Finished
2026-08-03 01:34:20.431 | INFO     | monitor:start:67 - Sleep 60 Seconds
2026-08-03 01:35:20.432 | INFO     | auth.login:ensure_login:354 - Checking Login...
2026-08-03 01:35:20.433 | SUCCESS  | auth.login:load_saved_token:192 - Saved Token Loaded
2026-08-03 01:35:20.433 | SUCCESS  | auth.login:ensure_login:362 - Using Saved Token
2026-08-03 01:35:20.434 | INFO     | monitor:scan:111 - Scanning Website...
2026-08-03 01:35:20.434 | INFO     | monitor:scan:125 - Loading Page 1
2026-08-03 01:35:20.434 | INFO     | api:get_files:60 - Loading Page 1
2026-08-03 01:35:20.802 | WARNING  | auth.login:get:411 - Access Token Expired
2026-08-03 01:35:20.803 | INFO     | auth.login:login:262 - Logging in...
2026-08-03 01:35:21.243 | SUCCESS  | auth.login:save_token:242 - Token Saved
2026-08-03 01:35:21.244 | SUCCESS  | auth.login:login:340 - Login Successful
2026-08-03 01:35:22.751 | INFO     | api:get_file:84 - Loading File 126d519e-95f6-9843-e927-2ca3fc8ea743
2026-08-03 01:35:22.977 | INFO     | monitor:scan:273 - Reached Old Files
2026-08-03 01:35:22.978 | INFO     | monitor:scan:303 - No New Serial
2026-08-03 01:35:22.978 | INFO     | monitor:scan:325 - Nothing Changed
2026-08-03 01:35:22.978 | SUCCESS  | monitor:scan:331 - Scan Finished
2026-08-03 01:35:22.979 | INFO     | monitor:start:67 - Sleep 60 Seconds
2026-08-03 01:36:22.979 | INFO     | auth.login:ensure_login:354 - Checking Login...
2026-08-03 01:36:23.001 | SUCCESS  | auth.login:load_saved_token:192 - Saved Token Loaded
2026-08-03 01:36:23.002 | SUCCESS  | auth.login:ensure_login:362 - Using Saved Token
2026-08-03 01:36:23.002 | INFO     | monitor:scan:111 - Scanning Website...
2026-08-03 01:36:23.003 | INFO     | monitor:scan:125 - Loading Page 1
2026-08-03 01:36:23.004 | INFO     | api:get_files:60 - Loading Page 1
2026-08-03 01:36:24.744 | INFO     | api:get_file:84 - Loading File 126d519e-95f6-9843-e927-2ca3fc8ea743
2026-08-03 01:36:24.969 | INFO     | monitor:scan:273 - Reached Old Files
2026-08-03 01:36:24.969 | INFO     | monitor:scan:303 - No New Serial
2026-08-03 01:36:24.969 | INFO     | monitor:scan:325 - Nothing Changed
2026-08-03 01:36:24.970 | SUCCESS  | monitor:scan:331 - Scan Finished
2026-08-03 01:36:24.970 | INFO     | monitor:start:67 - Sleep 60 Seconds
2026-08-03 01:37:24.970 | INFO     | auth.login:ensure_login:354 - Checking Login...
2026-08-03 01:37:24.971 | SUCCESS  | auth.login:load_saved_token:192 - Saved Token Loaded
2026-08-03 01:37:24.971 | SUCCESS  | auth.login:ensure_login:362 - Using Saved Token
2026-08-03 01:37:24.971 | INFO     | monitor:scan:111 - Scanning Website...
2026-08-03 01:37:24.972 | INFO     | monitor:scan:125 - Loading Page 1
2026-08-03 01:37:24.972 | INFO     | api:get_files:60 - Loading Page 1
2026-08-03 01:37:28.130 | INFO     | api:get_file:84 - Loading File 126d519e-95f6-9843-e927-2ca3fc8ea743
2026-08-03 01:37:28.352 | INFO     | monitor:scan:273 - Reached Old Files
2026-08-03 01:37:28.352 | INFO     | monitor:scan:303 - No New Serial
2026-08-03 01:37:28.353 | INFO     | monitor:scan:325 - Nothing Changed
2026-08-03 01:37:28.353 | SUCCESS  | monitor:scan:331 - Scan Finished
2026-08-03 01:37:28.353 | INFO     | monitor:start:67 - Sleep 60 Seconds
2026-08-03 01:38:28.354 | INFO     | auth.login:ensure_login:354 - Checking Login...
2026-08-03 01:38:28.356 | SUCCESS  | auth.login:load_saved_token:192 - Saved Token Loaded
2026-08-03 01:38:28.357 | SUCCESS  | auth.login:ensure_login:362 - Using Saved Token
2026-08-03 01:38:28.357 | INFO     | monitor:scan:111 - Scanning Website...
2026-08-03 01:38:28.359 | INFO     | monitor:scan:125 - Loading Page 1
2026-08-03 01:38:28.360 | INFO     | api:get_files:60 - Loading Page 1
2026-08-03 01:38:29.850 | INFO     | api:get_file:84 - Loading File 126d519e-95f6-9843-e927-2ca3fc8ea743
2026-08-03 01:38:30.076 | INFO     | monitor:scan:273 - Reached Old Files
2026-08-03 01:38:30.077 | INFO     | monitor:scan:303 - No New Serial
2026-08-03 01:38:30.077 | INFO     | monitor:scan:325 - Nothing Changed
2026-08-03 01:38:30.077 | SUCCESS  | monitor:scan:331 - Scan Finished
2026-08-03 01:38:30.077 | INFO     | monitor:start:67 - Sleep 60 Seconds
2026-08-03 01:39:30.078 | INFO     | auth.login:ensure_login:354 - Checking Login...
2026-08-03 01:39:30.081 | SUCCESS  | auth.login:load_saved_token:192 - Saved Token Loaded
2026-08-03 01:39:30.084 | SUCCESS  | auth.login:ensure_login:362 - Using Saved Token
2026-08-03 01:39:30.086 | INFO     | monitor:scan:111 - Scanning Website...
2026-08-03 01:39:30.090 | INFO     | monitor:scan:125 - Loading Page 1
2026-08-03 01:39:30.093 | INFO     | api:get_files:60 - Loading Page 1
2026-08-03 01:39:31.549 | INFO     | api:get_file:84 - Loading File 126d519e-95f6-9843-e927-2ca3fc8ea743
2026-08-03 01:39:31.994 | INFO     | monitor:scan:273 - Reached Old Files
2026-08-03 01:39:31.994 | INFO     | monitor:scan:303 - No New Serial
2026-08-03 01:39:31.994 | INFO     | monitor:scan:325 - Nothing Changed
2026-08-03 01:39:31.994 | SUCCESS  | monitor:scan:331 - Scan Finished
2026-08-03 01:39:31.995 | INFO     | monitor:start:67 - Sleep 60 Seconds
2026-08-03 01:40:31.995 | INFO     | auth.login:ensure_login:354 - Checking Login...
2026-08-03 01:40:31.999 | SUCCESS  | auth.login:load_saved_token:192 - Saved Token Loaded
2026-08-03 01:40:31.999 | SUCCESS  | auth.login:ensure_login:362 - Using Saved Token
2026-08-03 01:40:32.000 | INFO     | monitor:scan:111 - Scanning Website...
2026-08-03 01:40:32.001 | INFO     | monitor:scan:125 - Loading Page 1
2026-08-03 01:40:32.002 | INFO     | api:get_files:60 - Loading Page 1
2026-08-03 01:40:35.451 | INFO     | api:get_file:84 - Loading File 126d519e-95f6-9843-e927-2ca3fc8ea743
2026-08-03 01:40:35.686 | INFO     | monitor:scan:273 - Reached Old Files
2026-08-03 01:40:35.688 | INFO     | monitor:scan:303 - No New Serial
2026-08-03 01:40:35.689 | INFO     | monitor:scan:325 - Nothing Changed
2026-08-03 01:40:35.692 | SUCCESS  | monitor:scan:331 - Scan Finished
2026-08-03 01:40:35.694 | INFO     | monitor:start:67 - Sleep 60 Seconds
2026-08-03 01:41:35.696 | INFO     | auth.login:ensure_login:354 - Checking Login...
2026-08-03 01:41:35.700 | SUCCESS  | auth.login:load_saved_token:192 - Saved Token Loaded
2026-08-03 01:41:35.702 | SUCCESS  | auth.login:ensure_login:362 - Using Saved Token
2026-08-03 01:41:35.703 | INFO     | monitor:scan:111 - Scanning Website...
2026-08-03 01:41:35.706 | INFO     | monitor:scan:125 - Loading Page 1
2026-08-03 01:41:35.708 | INFO     | api:get_files:60 - Loading Page 1
2026-08-03 01:41:37.396 | INFO     | api:get_file:84 - Loading File 126d519e-95f6-9843-e927-2ca3fc8ea743
2026-08-03 01:41:37.603 | INFO     | monitor:scan:273 - Reached Old Files
2026-08-03 01:41:37.606 | INFO     | monitor:scan:303 - No New Serial
2026-08-03 01:41:37.608 | INFO     | monitor:scan:325 - Nothing Changed
2026-08-03 01:41:37.609 | SUCCESS  | monitor:scan:331 - Scan Finished
2026-08-03 01:41:37.609 | INFO     | monitor:start:67 - Sleep 60 Seconds
2026-08-03 01:42:37.612 | INFO     | auth.login:ensure_login:354 - Checking Login...
2026-08-03 01:42:37.615 | SUCCESS  | auth.login:load_saved_token:192 - Saved Token Loaded
2026-08-03 01:42:37.616 | SUCCESS  | auth.login:ensure_login:362 - Using Saved Token
2026-08-03 01:42:37.617 | INFO     | monitor:scan:111 - Scanning Website...
2026-08-03 01:42:37.619 | INFO     | monitor:scan:125 - Loading Page 1
2026-08-03 01:42:37.620 | INFO     | api:get_files:60 - Loading Page 1
2026-08-03 01:42:39.955 | INFO     | api:get_file:84 - Loading File 126d519e-95f6-9843-e927-2ca3fc8ea743
2026-08-03 01:42:40.181 | INFO     | monitor:scan:273 - Reached Old Files
2026-08-03 01:42:40.182 | INFO     | monitor:scan:303 - No New Serial
2026-08-03 01:42:40.182 | INFO     | monitor:scan:325 - Nothing Changed
2026-08-03 01:42:40.183 | SUCCESS  | monitor:scan:331 - Scan Finished
2026-08-03 01:42:40.184 | INFO     | monitor:start:67 - Sleep 60 Seconds
2026-08-03 01:43:40.185 | INFO     | auth.login:ensure_login:354 - Checking Login...
2026-08-03 01:43:40.187 | SUCCESS  | auth.login:load_saved_token:192 - Saved Token Loaded
2026-08-03 01:43:40.189 | SUCCESS  | auth.login:ensure_login:362 - Using Saved Token
2026-08-03 01:43:40.190 | INFO     | monitor:scan:111 - Scanning Website...
2026-08-03 01:43:40.192 | INFO     | monitor:scan:125 - Loading Page 1
2026-08-03 01:43:40.192 | INFO     | api:get_files:60 - Loading Page 1
2026-08-03 01:43:41.758 | INFO     | api:get_file:84 - Loading File 126d519e-95f6-9843-e927-2ca3fc8ea743
2026-08-03 01:43:41.968 | INFO     | monitor:scan:273 - Reached Old Files
2026-08-03 01:43:41.968 | INFO     | monitor:scan:303 - No New Serial
2026-08-03 01:43:41.969 | INFO     | monitor:scan:325 - Nothing Changed
2026-08-03 01:43:41.969 | SUCCESS  | monitor:scan:331 - Scan Finished
2026-08-03 01:43:41.969 | INFO     | monitor:start:67 - Sleep 60 Seconds
2026-08-03 01:44:41.971 | INFO     | auth.login:ensure_login:354 - Checking Login...
2026-08-03 01:44:41.974 | SUCCESS  | auth.login:load_saved_token:192 - Saved Token Loaded
2026-08-03 01:44:41.975 | SUCCESS  | auth.login:ensure_login:362 - Using Saved Token
2026-08-03 01:44:41.976 | INFO     | monitor:scan:111 - Scanning Website...
2026-08-03 01:44:41.977 | INFO     | monitor:scan:125 - Loading Page 1
2026-08-03 01:44:41.978 | INFO     | api:get_files:60 - Loading Page 1
2026-08-03 01:44:45.273 | INFO     | api:get_file:84 - Loading File 126d519e-95f6-9843-e927-2ca3fc8ea743
2026-08-03 01:44:45.493 | INFO     | monitor:scan:273 - Reached Old Files
2026-08-03 01:44:45.494 | INFO     | monitor:scan:303 - No New Serial
2026-08-03 01:44:45.494 | INFO     | monitor:scan:325 - Nothing Changed
2026-08-03 01:44:45.496 | SUCCESS  | monitor:scan:331 - Scan Finished
2026-08-03 01:44:45.499 | INFO     | monitor:start:67 - Sleep 60 Seconds
2026-08-03 01:45:45.500 | INFO     | auth.login:ensure_login:354 - Checking Login...
2026-08-03 01:45:45.501 | SUCCESS  | auth.login:load_saved_token:192 - Saved Token Loaded
2026-08-03 01:45:45.501 | SUCCESS  | auth.login:ensure_login:362 - Using Saved Token
2026-08-03 01:45:45.501 | INFO     | monitor:scan:111 - Scanning Website...
2026-08-03 01:45:45.502 | INFO     | monitor:scan:125 - Loading Page 1
2026-08-03 01:45:45.502 | INFO     | api:get_files:60 - Loading Page 1
2026-08-03 01:45:45.892 | WARNING  | auth.login:get:411 - Access Token Expired
2026-08-03 01:45:45.893 | INFO     | auth.login:login:262 - Logging in...
2026-08-03 01:45:46.369 | SUCCESS  | auth.login:save_token:242 - Token Saved
2026-08-03 01:45:46.370 | SUCCESS  | auth.login:login:340 - Login Successful
2026-08-03 01:45:48.698 | INFO     | api:get_file:84 - Loading File 126d519e-95f6-9843-e927-2ca3fc8ea743
2026-08-03 01:45:48.917 | INFO     | monitor:scan:273 - Reached Old Files
2026-08-03 01:45:48.918 | INFO     | monitor:scan:303 - No New Serial
2026-08-03 01:45:48.918 | INFO     | monitor:scan:325 - Nothing Changed
2026-08-03 01:45:48.919 | SUCCESS  | monitor:scan:331 - Scan Finished
2026-08-03 01:45:48.920 | INFO     | monitor:start:67 - Sleep 60 Seconds
2026-08-03 01:46:48.921 | INFO     | auth.login:ensure_login:354 - Checking Login...
2026-08-03 01:46:48.949 | SUCCESS  | auth.login:load_saved_token:192 - Saved Token Loaded
2026-08-03 01:46:48.950 | SUCCESS  | auth.login:ensure_login:362 - Using Saved Token
2026-08-03 01:46:48.950 | INFO     | monitor:scan:111 - Scanning Website...
2026-08-03 01:46:48.951 | INFO     | monitor:scan:125 - Loading Page 1
2026-08-03 01:46:48.951 | INFO     | api:get_files:60 - Loading Page 1
2026-08-03 01:46:51.943 | INFO     | api:get_file:84 - Loading File 126d519e-95f6-9843-e927-2ca3fc8ea743
2026-08-03 01:46:52.167 | INFO     | monitor:scan:273 - Reached Old Files
2026-08-03 01:46:52.167 | INFO     | monitor:scan:303 - No New Serial
2026-08-03 01:46:52.167 | INFO     | monitor:scan:325 - Nothing Changed
2026-08-03 01:46:52.167 | SUCCESS  | monitor:scan:331 - Scan Finished
2026-08-03 01:46:52.167 | INFO     | monitor:start:67 - Sleep 60 Seconds
2026-08-03 01:47:52.168 | INFO     | auth.login:ensure_login:354 - Checking Login...
2026-08-03 01:47:52.170 | SUCCESS  | auth.login:load_saved_token:192 - Saved Token Loaded
2026-08-03 01:47:52.171 | SUCCESS  | auth.login:ensure_login:362 - Using Saved Token
2026-08-03 01:47:52.171 | INFO     | monitor:scan:111 - Scanning Website...
2026-08-03 01:47:52.173 | INFO     | monitor:scan:125 - Loading Page 1
2026-08-03 01:47:52.174 | INFO     | api:get_files:60 - Loading Page 1
2026-08-03 01:47:55.501 | INFO     | api:get_file:84 - Loading File 126d519e-95f6-9843-e927-2ca3fc8ea743
2026-08-03 01:47:55.731 | INFO     | monitor:scan:273 - Reached Old Files
2026-08-03 01:47:55.733 | INFO     | monitor:scan:303 - No New Serial
2026-08-03 01:47:55.734 | INFO     | monitor:scan:325 - Nothing Changed
2026-08-03 01:47:55.734 | SUCCESS  | monitor:scan:331 - Scan Finished
2026-08-03 01:47:55.735 | INFO     | monitor:start:67 - Sleep 60 Seconds
2026-08-03 01:48:55.736 | INFO     | auth.login:ensure_login:354 - Checking Login...
2026-08-03 01:48:55.743 | SUCCESS  | auth.login:load_saved_token:192 - Saved Token Loaded
2026-08-03 01:48:55.745 | SUCCESS  | auth.login:ensure_login:362 - Using Saved Token
2026-08-03 01:48:55.746 | INFO     | monitor:scan:111 - Scanning Website...
2026-08-03 01:48:55.751 | INFO     | monitor:scan:125 - Loading Page 1
2026-08-03 01:48:55.752 | INFO     | api:get_files:60 - Loading Page 1
2026-08-03 01:48:58.543 | INFO     | api:get_file:84 - Loading File 126d519e-95f6-9843-e927-2ca3fc8ea743
2026-08-03 01:48:58.759 | INFO     | monitor:scan:273 - Reached Old Files
2026-08-03 01:48:58.761 | INFO     | monitor:scan:303 - No New Serial
2026-08-03 01:48:58.761 | INFO     | monitor:scan:325 - Nothing Changed
2026-08-03 01:48:58.761 | SUCCESS  | monitor:scan:331 - Scan Finished
2026-08-03 01:48:58.763 | INFO     | monitor:start:67 - Sleep 60 Seconds
2026-08-03 01:49:58.764 | INFO     | auth.login:ensure_login:354 - Checking Login...
2026-08-03 01:49:58.768 | SUCCESS  | auth.login:load_saved_token:192 - Saved Token Loaded
2026-08-03 01:49:58.769 | SUCCESS  | auth.login:ensure_login:362 - Using Saved Token
2026-08-03 01:49:58.771 | INFO     | monitor:scan:111 - Scanning Website...
2026-08-03 01:49:58.775 | INFO     | monitor:scan:125 - Loading Page 1
2026-08-03 01:49:58.776 | INFO     | api:get_files:60 - Loading Page 1
2026-08-03 01:50:00.279 | INFO     | api:get_file:84 - Loading File 126d519e-95f6-9843-e927-2ca3fc8ea743
2026-08-03 01:50:00.505 | INFO     | monitor:scan:273 - Reached Old Files
2026-08-03 01:50:00.507 | INFO     | monitor:scan:303 - No New Serial
2026-08-03 01:50:00.508 | INFO     | monitor:scan:325 - Nothing Changed
2026-08-03 01:50:00.509 | SUCCESS  | monitor:scan:331 - Scan Finished
2026-08-03 01:50:00.512 | INFO     | monitor:start:67 - Sleep 60 Seconds
2026-08-03 01:51:00.514 | INFO     | auth.login:ensure_login:354 - Checking Login...
2026-08-03 01:51:00.518 | SUCCESS  | auth.login:load_saved_token:192 - Saved Token Loaded
2026-08-03 01:51:00.520 | SUCCESS  | auth.login:ensure_login:362 - Using Saved Token
2026-08-03 01:51:00.524 | INFO     | monitor:scan:111 - Scanning Website...
2026-08-03 01:51:00.529 | INFO     | monitor:scan:125 - Loading Page 1
2026-08-03 01:51:00.531 | INFO     | api:get_files:60 - Loading Page 1
2026-08-03 01:51:03.830 | INFO     | api:get_file:84 - Loading File 126d519e-95f6-9843-e927-2ca3fc8ea743
2026-08-03 01:51:04.049 | INFO     | monitor:scan:273 - Reached Old Files
2026-08-03 01:51:04.050 | INFO     | monitor:scan:303 - No New Serial
2026-08-03 01:51:04.050 | INFO     | monitor:scan:325 - Nothing Changed
2026-08-03 01:51:04.050 | SUCCESS  | monitor:scan:331 - Scan Finished
2026-08-03 01:51:04.051 | INFO     | monitor:start:67 - Sleep 60 Seconds
2026-08-03 01:52:04.051 | INFO     | auth.login:ensure_login:354 - Checking Login...
2026-08-03 01:52:04.052 | SUCCESS  | auth.login:load_saved_token:192 - Saved Token Loaded
2026-08-03 01:52:04.053 | SUCCESS  | auth.login:ensure_login:362 - Using Saved Token
2026-08-03 01:52:04.053 | INFO     | monitor:scan:111 - Scanning Website...
2026-08-03 01:52:04.054 | INFO     | monitor:scan:125 - Loading Page 1
2026-08-03 01:52:04.054 | INFO     | api:get_files:60 - Loading Page 1
2026-08-03 01:52:07.399 | INFO     | api:get_file:84 - Loading File 126d519e-95f6-9843-e927-2ca3fc8ea743
2026-08-03 01:52:07.859 | INFO     | monitor:scan:273 - Reached Old Files
2026-08-03 01:52:07.860 | INFO     | monitor:scan:303 - No New Serial
2026-08-03 01:52:07.861 | INFO     | monitor:scan:325 - Nothing Changed
2026-08-03 01:52:07.862 | SUCCESS  | monitor:scan:331 - Scan Finished
2026-08-03 01:52:07.865 | INFO     | monitor:start:67 - Sleep 60 Seconds
2026-08-03 01:53:07.868 | INFO     | auth.login:ensure_login:354 - Checking Login...
2026-08-03 01:53:07.871 | SUCCESS  | auth.login:load_saved_token:192 - Saved Token Loaded
2026-08-03 01:53:07.871 | SUCCESS  | auth.login:ensure_login:362 - Using Saved Token
2026-08-03 01:53:07.872 | INFO     | monitor:scan:111 - Scanning Website...
2026-08-03 01:53:07.873 | INFO     | monitor:scan:125 - Loading Page 1
2026-08-03 01:53:07.873 | INFO     | api:get_files:60 - Loading Page 1
2026-08-03 01:53:09.421 | INFO     | api:get_file:84 - Loading File 126d519e-95f6-9843-e927-2ca3fc8ea743
2026-08-03 01:53:09.650 | INFO     | monitor:scan:273 - Reached Old Files
2026-08-03 01:53:09.651 | INFO     | monitor:scan:303 - No New Serial
2026-08-03 01:53:09.652 | INFO     | monitor:scan:325 - Nothing Changed
2026-08-03 01:53:09.653 | SUCCESS  | monitor:scan:331 - Scan Finished
2026-08-03 01:53:09.654 | INFO     | monitor:start:67 - Sleep 60 Seconds
2026-08-03 01:54:09.655 | INFO     | auth.login:ensure_login:354 - Checking Login...
2026-08-03 01:54:09.656 | SUCCESS  | auth.login:load_saved_token:192 - Saved Token Loaded
2026-08-03 01:54:09.656 | SUCCESS  | auth.login:ensure_login:362 - Using Saved Token
2026-08-03 01:54:09.657 | INFO     | monitor:scan:111 - Scanning Website...
2026-08-03 01:54:09.657 | INFO     | monitor:scan:125 - Loading Page 1
2026-08-03 01:54:09.658 | INFO     | api:get_files:60 - Loading Page 1
2026-08-03 01:54:12.722 | INFO     | api:get_file:84 - Loading File 126d519e-95f6-9843-e927-2ca3fc8ea743
2026-08-03 01:54:12.943 | INFO     | monitor:scan:273 - Reached Old Files
2026-08-03 01:54:12.943 | INFO     | monitor:scan:303 - No New Serial
2026-08-03 01:54:12.944 | INFO     | monitor:scan:325 - Nothing Changed
2026-08-03 01:54:12.944 | SUCCESS  | monitor:scan:331 - Scan Finished
2026-08-03 01:54:12.944 | INFO     | monitor:start:67 - Sleep 60 Seconds
2026-08-03 01:55:12.945 | INFO     | auth.login:ensure_login:354 - Checking Login...
2026-08-03 01:55:12.946 | SUCCESS  | auth.login:load_saved_token:192 - Saved Token Loaded
2026-08-03 01:55:12.946 | SUCCESS  | auth.login:ensure_login:362 - Using Saved Token
2026-08-03 01:55:12.947 | INFO     | monitor:scan:111 - Scanning Website...
2026-08-03 01:55:12.947 | INFO     | monitor:scan:125 - Loading Page 1
2026-08-03 01:55:12.948 | INFO     | api:get_files:60 - Loading Page 1
2026-08-03 01:55:14.568 | INFO     | api:get_file:84 - Loading File 126d519e-95f6-9843-e927-2ca3fc8ea743
2026-08-03 01:55:14.787 | INFO     | monitor:scan:273 - Reached Old Files
2026-08-03 01:55:14.789 | INFO     | monitor:scan:303 - No New Serial
2026-08-03 01:55:14.790 | INFO     | monitor:scan:325 - Nothing Changed
2026-08-03 01:55:14.793 | SUCCESS  | monitor:scan:331 - Scan Finished
2026-08-03 01:55:14.793 | INFO     | monitor:start:67 - Sleep 60 Seconds
2026-08-03 01:56:14.795 | INFO     | auth.login:ensure_login:354 - Checking Login...
2026-08-03 01:56:14.799 | SUCCESS  | auth.login:load_saved_token:192 - Saved Token Loaded
2026-08-03 01:56:14.800 | SUCCESS  | auth.login:ensure_login:362 - Using Saved Token
2026-08-03 01:56:14.801 | INFO     | monitor:scan:111 - Scanning Website...
2026-08-03 01:56:14.804 | INFO     | monitor:scan:125 - Loading Page 1
2026-08-03 01:56:14.807 | INFO     | api:get_files:60 - Loading Page 1
2026-08-03 01:56:15.239 | WARNING  | auth.login:get:411 - Access Token Expired
2026-08-03 01:56:15.241 | INFO     | auth.login:login:262 - Logging in...
2026-08-03 01:56:15.715 | SUCCESS  | auth.login:save_token:242 - Token Saved
2026-08-03 01:56:15.717 | SUCCESS  | auth.login:login:340 - Login Successful
2026-08-03 01:56:16.887 | INFO     | api:get_file:84 - Loading File 126d519e-95f6-9843-e927-2ca3fc8ea743
2026-08-03 01:56:17.117 | INFO     | monitor:scan:273 - Reached Old Files
2026-08-03 01:56:17.118 | INFO     | monitor:scan:303 - No New Serial
2026-08-03 01:56:17.120 | INFO     | monitor:scan:325 - Nothing Changed
2026-08-03 01:56:17.121 | SUCCESS  | monitor:scan:331 - Scan Finished
2026-08-03 01:56:17.123 | INFO     | monitor:start:67 - Sleep 60 Seconds
2026-08-03 01:57:17.126 | INFO     | auth.login:ensure_login:354 - Checking Login...
2026-08-03 01:57:17.144 | SUCCESS  | auth.login:load_saved_token:192 - Saved Token Loaded
2026-08-03 01:57:17.145 | SUCCESS  | auth.login:ensure_login:362 - Using Saved Token
2026-08-03 01:57:17.145 | INFO     | monitor:scan:111 - Scanning Website...
2026-08-03 01:57:17.146 | INFO     | monitor:scan:125 - Loading Page 1
2026-08-03 01:57:17.146 | INFO     | api:get_files:60 - Loading Page 1
2026-08-03 01:57:19.865 | INFO     | api:get_file:84 - Loading File 126d519e-95f6-9843-e927-2ca3fc8ea743
2026-08-03 01:57:20.092 | INFO     | monitor:scan:273 - Reached Old Files
2026-08-03 01:57:20.093 | INFO     | monitor:scan:303 - No New Serial
2026-08-03 01:57:20.093 | INFO     | monitor:scan:325 - Nothing Changed
2026-08-03 01:57:20.094 | SUCCESS  | monitor:scan:331 - Scan Finished
2026-08-03 01:57:20.095 | INFO     | monitor:start:67 - Sleep 60 Seconds
2026-08-03 01:58:20.096 | INFO     | auth.login:ensure_login:354 - Checking Login...
2026-08-03 01:58:20.098 | SUCCESS  | auth.login:load_saved_token:192 - Saved Token Loaded
2026-08-03 01:58:20.098 | SUCCESS  | auth.login:ensure_login:362 - Using Saved Token
2026-08-03 01:58:20.098 | INFO     | monitor:scan:111 - Scanning Website...
2026-08-03 01:58:20.099 | INFO     | monitor:scan:125 - Loading Page 1
2026-08-03 01:58:20.100 | INFO     | api:get_files:60 - Loading Page 1
2026-08-03 01:58:23.508 | INFO     | api:get_file:84 - Loading File 126d519e-95f6-9843-e927-2ca3fc8ea743
2026-08-03 01:58:23.740 | INFO     | monitor:scan:273 - Reached Old Files
2026-08-03 01:58:23.740 | INFO     | monitor:scan:303 - No New Serial
2026-08-03 01:58:23.740 | INFO     | monitor:scan:325 - Nothing Changed
2026-08-03 01:58:23.741 | SUCCESS  | monitor:scan:331 - Scan Finished
2026-08-03 01:58:23.742 | INFO     | monitor:start:67 - Sleep 60 Seconds
2026-08-03 01:59:23.742 | INFO     | auth.login:ensure_login:354 - Checking Login...
2026-08-03 01:59:23.743 | SUCCESS  | auth.login:load_saved_token:192 - Saved Token Loaded
2026-08-03 01:59:23.743 | SUCCESS  | auth.login:ensure_login:362 - Using Saved Token
2026-08-03 01:59:23.744 | INFO     | monitor:scan:111 - Scanning Website...
2026-08-03 01:59:23.745 | INFO     | monitor:scan:125 - Loading Page 1
2026-08-03 01:59:23.745 | INFO     | api:get_files:60 - Loading Page 1
2026-08-03 01:59:25.240 | INFO     | api:get_file:84 - Loading File 126d519e-95f6-9843-e927-2ca3fc8ea743
2026-08-03 01:59:25.468 | INFO     | monitor:scan:273 - Reached Old Files
2026-08-03 01:59:25.469 | INFO     | monitor:scan:303 - No New Serial
2026-08-03 01:59:25.470 | INFO     | monitor:scan:325 - Nothing Changed
2026-08-03 01:59:25.471 | SUCCESS  | monitor:scan:331 - Scan Finished
2026-08-03 01:59:25.472 | INFO     | monitor:start:67 - Sleep 60 Seconds
2026-08-03 02:00:25.474 | INFO     | auth.login:ensure_login:354 - Checking Login...
2026-08-03 02:00:25.478 | SUCCESS  | auth.login:load_saved_token:192 - Saved Token Loaded
2026-08-03 02:00:25.479 | SUCCESS  | auth.login:ensure_login:362 - Using Saved Token
2026-08-03 02:00:25.480 | INFO     | monitor:scan:111 - Scanning Website...
2026-08-03 02:00:25.485 | INFO     | monitor:scan:125 - Loading Page 1
2026-08-03 02:00:25.488 | INFO     | api:get_files:60 - Loading Page 1
2026-08-03 02:00:27.099 | INFO     | api:get_file:84 - Loading File 126d519e-95f6-9843-e927-2ca3fc8ea743
2026-08-03 02:00:27.328 | INFO     | monitor:scan:273 - Reached Old Files
2026-08-03 02:00:27.330 | INFO     | monitor:scan:303 - No New Serial
2026-08-03 02:00:27.331 | INFO     | monitor:scan:325 - Nothing Changed
2026-08-03 02:00:27.332 | SUCCESS  | monitor:scan:331 - Scan Finished
2026-08-03 02:00:27.333 | INFO     | monitor:start:67 - Sleep 60 Seconds
2026-08-03 02:01:27.334 | INFO     | auth.login:ensure_login:354 - Checking Login...
2026-08-03 02:01:27.335 | SUCCESS  | auth.login:load_saved_token:192 - Saved Token Loaded
2026-08-03 02:01:27.337 | SUCCESS  | auth.login:ensure_login:362 - Using Saved Token
2026-08-03 02:01:27.338 | INFO     | monitor:scan:111 - Scanning Website...
2026-08-03 02:01:27.340 | INFO     | monitor:scan:125 - Loading Page 1
2026-08-03 02:01:27.341 | INFO     | api:get_files:60 - Loading Page 1
2026-08-03 02:01:28.841 | INFO     | api:get_file:84 - Loading File 126d519e-95f6-9843-e927-2ca3fc8ea743
2026-08-03 02:01:29.122 | INFO     | monitor:scan:273 - Reached Old Files
2026-08-03 02:01:29.124 | INFO     | monitor:scan:303 - No New Serial
2026-08-03 02:01:29.125 | INFO     | monitor:scan:325 - Nothing Changed
2026-08-03 02:01:29.127 | SUCCESS  | monitor:scan:331 - Scan Finished
2026-08-03 02:01:29.128 | INFO     | monitor:start:67 - Sleep 60 Seconds
2026-08-03 02:02:29.130 | INFO     | auth.login:ensure_login:354 - Checking Login...
2026-08-03 02:02:29.134 | SUCCESS  | auth.login:load_saved_token:192 - Saved Token Loaded
2026-08-03 02:02:29.136 | SUCCESS  | auth.login:ensure_login:362 - Using Saved Token
2026-08-03 02:02:29.137 | INFO     | monitor:scan:111 - Scanning Website...
2026-08-03 02:02:29.140 | INFO     | monitor:scan:125 - Loading Page 1
2026-08-03 02:02:29.140 | INFO     | api:get_files:60 - Loading Page 1
2026-08-03 02:02:30.799 | INFO     | api:get_file:84 - Loading File 126d519e-95f6-9843-e927-2ca3fc8ea743
2026-08-03 02:02:31.021 | INFO     | monitor:scan:273 - Reached Old Files
2026-08-03 02:02:31.022 | INFO     | monitor:scan:303 - No New Serial
2026-08-03 02:02:31.023 | INFO     | monitor:scan:325 - Nothing Changed
2026-08-03 02:02:31.023 | SUCCESS  | monitor:scan:331 - Scan Finished
2026-08-03 02:02:31.024 | INFO     | monitor:start:67 - Sleep 60 Seconds
2026-08-03 02:03:31.025 | INFO     | auth.login:ensure_login:354 - Checking Login...
2026-08-03 02:03:31.029 | SUCCESS  | auth.login:load_saved_token:192 - Saved Token Loaded
2026-08-03 02:03:31.032 | SUCCESS  | auth.login:ensure_login:362 - Using Saved Token
2026-08-03 02:03:31.035 | INFO     | monitor:scan:111 - Scanning Website...
2026-08-03 02:03:31.039 | INFO     | monitor:scan:125 - Loading Page 1
2026-08-03 02:03:31.040 | INFO     | api:get_files:60 - Loading Page 1
2026-08-03 02:03:32.504 | INFO     | api:get_file:84 - Loading File 126d519e-95f6-9843-e927-2ca3fc8ea743
2026-08-03 02:03:32.733 | INFO     | monitor:scan:273 - Reached Old Files
2026-08-03 02:03:32.734 | INFO     | monitor:scan:303 - No New Serial
2026-08-03 02:03:32.734 | INFO     | monitor:scan:325 - Nothing Changed
2026-08-03 02:03:32.734 | SUCCESS  | monitor:scan:331 - Scan Finished
2026-08-03 02:03:32.735 | INFO     | monitor:start:67 - Sleep 60 Seconds
2026-08-03 02:04:32.735 | INFO     | auth.login:ensure_login:354 - Checking Login...
2026-08-03 02:04:32.739 | SUCCESS  | auth.login:load_saved_token:192 - Saved Token Loaded
2026-08-03 02:04:32.741 | SUCCESS  | auth.login:ensure_login:362 - Using Saved Token
2026-08-03 02:04:32.742 | INFO     | monitor:scan:111 - Scanning Website...
2026-08-03 02:04:32.744 | INFO     | monitor:scan:125 - Loading Page 1
2026-08-03 02:04:32.745 | INFO     | api:get_files:60 - Loading Page 1
2026-08-03 02:04:34.334 | INFO     | api:get_file:84 - Loading File 126d519e-95f6-9843-e927-2ca3fc8ea743
2026-08-03 02:04:34.562 | INFO     | monitor:scan:273 - Reached Old Files
2026-08-03 02:04:34.563 | INFO     | monitor:scan:303 - No New Serial
2026-08-03 02:04:34.563 | INFO     | monitor:scan:325 - Nothing Changed
2026-08-03 02:04:34.563 | SUCCESS  | monitor:scan:331 - Scan Finished
2026-08-03 02:04:34.563 | INFO     | monitor:start:67 - Sleep 60 Seconds
2026-08-03 02:05:34.564 | INFO     | auth.login:ensure_login:354 - Checking Login...
2026-08-03 02:05:34.566 | SUCCESS  | auth.login:load_saved_token:192 - Saved Token Loaded
2026-08-03 02:05:34.566 | SUCCESS  | auth.login:ensure_login:362 - Using Saved Token
2026-08-03 02:05:34.567 | INFO     | monitor:scan:111 - Scanning Website...
2026-08-03 02:05:34.568 | INFO     | monitor:scan:125 - Loading Page 1
2026-08-03 02:05:34.568 | INFO     | api:get_files:60 - Loading Page 1
2026-08-03 02:05:36.041 | INFO     | api:get_file:84 - Loading File 126d519e-95f6-9843-e927-2ca3fc8ea743
2026-08-03 02:05:36.259 | INFO     | monitor:scan:273 - Reached Old Files
2026-08-03 02:05:36.259 | INFO     | monitor:scan:303 - No New Serial
2026-08-03 02:05:36.260 | INFO     | monitor:scan:325 - Nothing Changed
2026-08-03 02:05:36.260 | SUCCESS  | monitor:scan:331 - Scan Finished
2026-08-03 02:05:36.260 | INFO     | monitor:start:67 - Sleep 60 Seconds
2026-08-03 02:06:36.262 | INFO     | auth.login:ensure_login:354 - Checking Login...
2026-08-03 02:06:36.266 | SUCCESS  | auth.login:load_saved_token:192 - Saved Token Loaded
2026-08-03 02:06:36.267 | SUCCESS  | auth.login:ensure_login:362 - Using Saved Token
2026-08-03 02:06:36.268 | INFO     | monitor:scan:111 - Scanning Website...
2026-08-03 02:06:36.271 | INFO     | monitor:scan:125 - Loading Page 1
2026-08-03 02:06:36.273 | INFO     | api:get_files:60 - Loading Page 1
2026-08-03 02:06:36.865 | WARNING  | auth.login:get:411 - Access Token Expired
2026-08-03 02:06:36.866 | INFO     | auth.login:login:262 - Logging in...
2026-08-03 02:06:37.332 | SUCCESS  | auth.login:save_token:242 - Token Saved
2026-08-03 02:06:37.334 | SUCCESS  | auth.login:login:340 - Login Successful
2026-08-03 02:06:39.803 | INFO     | api:get_file:84 - Loading File 126d519e-95f6-9843-e927-2ca3fc8ea743
2026-08-03 02:06:40.023 | INFO     | monitor:scan:273 - Reached Old Files
2026-08-03 02:06:40.025 | INFO     | monitor:scan:303 - No New Serial
2026-08-03 02:06:40.026 | INFO     | monitor:scan:325 - Nothing Changed
2026-08-03 02:06:40.027 | SUCCESS  | monitor:scan:331 - Scan Finished
2026-08-03 02:06:40.028 | INFO     | monitor:start:67 - Sleep 60 Seconds
2026-08-03 02:07:40.029 | INFO     | auth.login:ensure_login:354 - Checking Login...
2026-08-03 02:07:40.054 | SUCCESS  | auth.login:load_saved_token:192 - Saved Token Loaded
2026-08-03 02:07:40.054 | SUCCESS  | auth.login:ensure_login:362 - Using Saved Token
2026-08-03 02:07:40.054 | INFO     | monitor:scan:111 - Scanning Website...
2026-08-03 02:07:40.055 | INFO     | monitor:scan:125 - Loading Page 1
2026-08-03 02:07:40.055 | INFO     | api:get_files:60 - Loading Page 1
2026-08-03 02:07:41.590 | INFO     | api:get_file:84 - Loading File 126d519e-95f6-9843-e927-2ca3fc8ea743
2026-08-03 02:07:41.824 | INFO     | monitor:scan:273 - Reached Old Files
2026-08-03 02:07:41.826 | INFO     | monitor:scan:303 - No New Serial
2026-08-03 02:07:41.827 | INFO     | monitor:scan:325 - Nothing Changed
2026-08-03 02:07:41.829 | SUCCESS  | monitor:scan:331 - Scan Finished
2026-08-03 02:07:41.833 | INFO     | monitor:start:67 - Sleep 60 Seconds
2026-08-03 02:08:41.835 | INFO     | auth.login:ensure_login:354 - Checking Login...
2026-08-03 02:08:41.837 | SUCCESS  | auth.login:load_saved_token:192 - Saved Token Loaded
2026-08-03 02:08:41.837 | SUCCESS  | auth.login:ensure_login:362 - Using Saved Token
2026-08-03 02:08:41.838 | INFO     | monitor:scan:111 - Scanning Website...
2026-08-03 02:08:41.839 | INFO     | monitor:scan:125 - Loading Page 1
2026-08-03 02:08:41.840 | INFO     | api:get_files:60 - Loading Page 1
2026-08-03 02:08:45.148 | INFO     | api:get_file:84 - Loading File 126d519e-95f6-9843-e927-2ca3fc8ea743
2026-08-03 02:08:45.377 | INFO     | monitor:scan:273 - Reached Old Files
2026-08-03 02:08:45.379 | INFO     | monitor:scan:303 - No New Serial
2026-08-03 02:08:45.380 | INFO     | monitor:scan:325 - Nothing Changed
2026-08-03 02:08:45.380 | SUCCESS  | monitor:scan:331 - Scan Finished
2026-08-03 02:08:45.381 | INFO     | monitor:start:67 - Sleep 60 Seconds
2026-08-03 02:09:45.382 | INFO     | auth.login:ensure_login:354 - Checking Login...
2026-08-03 02:09:45.383 | SUCCESS  | auth.login:load_saved_token:192 - Saved Token Loaded
2026-08-03 02:09:45.383 | SUCCESS  | auth.login:ensure_login:362 - Using Saved Token
2026-08-03 02:09:45.383 | INFO     | monitor:scan:111 - Scanning Website...
2026-08-03 02:09:45.384 | INFO     | monitor:scan:125 - Loading Page 1
2026-08-03 02:09:45.384 | INFO     | api:get_files:60 - Loading Page 1
2026-08-03 02:09:47.003 | INFO     | api:get_file:84 - Loading File 126d519e-95f6-9843-e927-2ca3fc8ea743
2026-08-03 02:09:47.228 | INFO     | monitor:scan:273 - Reached Old Files
2026-08-03 02:09:47.228 | INFO     | monitor:scan:303 - No New Serial
2026-08-03 02:09:47.228 | INFO     | monitor:scan:325 - Nothing Changed
2026-08-03 02:09:47.228 | SUCCESS  | monitor:scan:331 - Scan Finished
2026-08-03 02:09:47.229 | INFO     | monitor:start:67 - Sleep 60 Seconds
2026-08-03 02:10:47.229 | INFO     | auth.login:ensure_login:354 - Checking Login...
2026-08-03 02:10:47.233 | SUCCESS  | auth.login:load_saved_token:192 - Saved Token Loaded
2026-08-03 02:10:47.234 | SUCCESS  | auth.login:ensure_login:362 - Using Saved Token
2026-08-03 02:10:47.235 | INFO     | monitor:scan:111 - Scanning Website...
2026-08-03 02:10:47.238 | INFO     | monitor:scan:125 - Loading Page 1
2026-08-03 02:10:47.239 | INFO     | api:get_files:60 - Loading Page 1
2026-08-03 02:10:48.822 | INFO     | api:get_file:84 - Loading File 126d519e-95f6-9843-e927-2ca3fc8ea743
2026-08-03 02:10:49.267 | INFO     | monitor:scan:273 - Reached Old Files
2026-08-03 02:10:49.269 | INFO     | monitor:scan:303 - No New Serial
2026-08-03 02:10:49.270 | INFO     | monitor:scan:325 - Nothing Changed
2026-08-03 02:10:49.270 | SUCCESS  | monitor:scan:331 - Scan Finished
2026-08-03 02:10:49.273 | INFO     | monitor:start:67 - Sleep 60 Seconds
2026-08-03 02:11:49.274 | INFO     | auth.login:ensure_login:354 - Checking Login...
2026-08-03 02:11:49.275 | SUCCESS  | auth.login:load_saved_token:192 - Saved Token Loaded
2026-08-03 02:11:49.275 | SUCCESS  | auth.login:ensure_login:362 - Using Saved Token
2026-08-03 02:11:49.275 | INFO     | monitor:scan:111 - Scanning Website...
2026-08-03 02:11:49.276 | INFO     | monitor:scan:125 - Loading Page 1
2026-08-03 02:11:49.276 | INFO     | api:get_files:60 - Loading Page 1
2026-08-03 02:11:51.173 | INFO     | api:get_file:84 - Loading File 126d519e-95f6-9843-e927-2ca3fc8ea743
2026-08-03 02:11:51.399 | INFO     | monitor:scan:273 - Reached Old Files
2026-08-03 02:11:51.400 | INFO     | monitor:scan:303 - No New Serial
2026-08-03 02:11:51.400 | INFO     | monitor:scan:325 - Nothing Changed
2026-08-03 02:11:51.400 | SUCCESS  | monitor:scan:331 - Scan Finished
2026-08-03 02:11:51.401 | INFO     | monitor:start:67 - Sleep 60 Seconds
2026-08-03 02:12:51.403 | INFO     | auth.login:ensure_login:354 - Checking Login...
2026-08-03 02:12:51.406 | SUCCESS  | auth.login:load_saved_token:192 - Saved Token Loaded
2026-08-03 02:12:51.409 | SUCCESS  | auth.login:ensure_login:362 - Using Saved Token
2026-08-03 02:12:51.411 | INFO     | monitor:scan:111 - Scanning Website...
2026-08-03 02:12:51.415 | INFO     | monitor:scan:125 - Loading Page 1
2026-08-03 02:12:51.416 | INFO     | api:get_files:60 - Loading Page 1
2026-08-03 02:12:52.959 | INFO     | api:get_file:84 - Loading File 126d519e-95f6-9843-e927-2ca3fc8ea743
2026-08-03 02:12:53.192 | INFO     | monitor:scan:273 - Reached Old Files
2026-08-03 02:12:53.192 | INFO     | monitor:scan:303 - No New Serial
2026-08-03 02:12:53.193 | INFO     | monitor:scan:325 - Nothing Changed
2026-08-03 02:12:53.194 | SUCCESS  | monitor:scan:331 - Scan Finished
2026-08-03 02:12:53.195 | INFO     | monitor:start:67 - Sleep 60 Seconds
2026-08-03 02:13:53.196 | INFO     | auth.login:ensure_login:354 - Checking Login...
2026-08-03 02:13:53.200 | SUCCESS  | auth.login:load_saved_token:192 - Saved Token Loaded
2026-08-03 02:13:53.202 | SUCCESS  | auth.login:ensure_login:362 - Using Saved Token
2026-08-03 02:13:53.205 | INFO     | monitor:scan:111 - Scanning Website...
2026-08-03 02:13:53.210 | INFO     | monitor:scan:125 - Loading Page 1
2026-08-03 02:13:53.210 | INFO     | api:get_files:60 - Loading Page 1
2026-08-03 02:13:57.041 | INFO     | api:get_file:84 - Loading File 126d519e-95f6-9843-e927-2ca3fc8ea743
2026-08-03 02:13:57.261 | INFO     | monitor:scan:273 - Reached Old Files
2026-08-03 02:13:57.262 | INFO     | monitor:scan:303 - No New Serial
2026-08-03 02:13:57.263 | INFO     | monitor:scan:325 - Nothing Changed
2026-08-03 02:13:57.264 | SUCCESS  | monitor:scan:331 - Scan Finished
2026-08-03 02:13:57.265 | INFO     | monitor:start:67 - Sleep 60 Seconds
2026-08-03 02:14:57.267 | INFO     | auth.login:ensure_login:354 - Checking Login...
2026-08-03 02:14:57.271 | SUCCESS  | auth.login:load_saved_token:192 - Saved Token Loaded
2026-08-03 02:14:57.273 | SUCCESS  | auth.login:ensure_login:362 - Using Saved Token
2026-08-03 02:14:57.275 | INFO     | monitor:scan:111 - Scanning Website...
2026-08-03 02:14:57.277 | INFO     | monitor:scan:125 - Loading Page 1
2026-08-03 02:14:57.277 | INFO     | api:get_files:60 - Loading Page 1
2026-08-03 02:14:58.961 | INFO     | api:get_file:84 - Loading File 126d519e-95f6-9843-e927-2ca3fc8ea743
2026-08-03 02:14:59.185 | INFO     | monitor:scan:273 - Reached Old Files
2026-08-03 02:14:59.185 | INFO     | monitor:scan:303 - No New Serial
2026-08-03 02:14:59.185 | INFO     | monitor:scan:325 - Nothing Changed
2026-08-03 02:14:59.186 | SUCCESS  | monitor:scan:331 - Scan Finished
2026-08-03 02:14:59.186 | INFO     | monitor:start:67 - Sleep 60 Seconds
2026-08-03 02:15:59.187 | INFO     | auth.login:ensure_login:354 - Checking Login...
2026-08-03 02:15:59.189 | SUCCESS  | auth.login:load_saved_token:192 - Saved Token Loaded
2026-08-03 02:15:59.189 | SUCCESS  | auth.login:ensure_login:362 - Using Saved Token
2026-08-03 02:15:59.189 | INFO     | monitor:scan:111 - Scanning Website...
2026-08-03 02:15:59.192 | INFO     | monitor:scan:125 - Loading Page 1
2026-08-03 02:15:59.194 | INFO     | api:get_files:60 - Loading Page 1
2026-08-03 02:16:00.767 | INFO     | api:get_file:84 - Loading File 126d519e-95f6-9843-e927-2ca3fc8ea743
2026-08-03 02:16:00.989 | INFO     | monitor:scan:273 - Reached Old Files
2026-08-03 02:16:00.990 | INFO     | monitor:scan:303 - No New Serial
2026-08-03 02:16:00.991 | INFO     | monitor:scan:325 - Nothing Changed
2026-08-03 02:16:00.992 | SUCCESS  | monitor:scan:331 - Scan Finished
2026-08-03 02:16:00.995 | INFO     | monitor:start:67 - Sleep 60 Seconds
2026-08-03 02:17:00.997 | INFO     | auth.login:ensure_login:354 - Checking Login...
2026-08-03 02:17:01.001 | SUCCESS  | auth.login:load_saved_token:192 - Saved Token Loaded
2026-08-03 02:17:01.002 | SUCCESS  | auth.login:ensure_login:362 - Using Saved Token
2026-08-03 02:17:01.003 | INFO     | monitor:scan:111 - Scanning Website...
2026-08-03 02:17:01.005 | INFO     | monitor:scan:125 - Loading Page 1
2026-08-03 02:17:01.005 | INFO     | api:get_files:60 - Loading Page 1
2026-08-03 02:17:01.395 | WARNING  | auth.login:get:411 - Access Token Expired
2026-08-03 02:17:01.395 | INFO     | auth.login:login:262 - Logging in...
2026-08-03 02:17:01.847 | SUCCESS  | auth.login:save_token:242 - Token Saved
2026-08-03 02:17:01.848 | SUCCESS  | auth.login:login:340 - Login Successful
2026-08-03 02:17:04.317 | INFO     | api:get_file:84 - Loading File 126d519e-95f6-9843-e927-2ca3fc8ea743
2026-08-03 02:17:04.530 | INFO     | monitor:scan:273 - Reached Old Files
2026-08-03 02:17:04.530 | INFO     | monitor:scan:303 - No New Serial
2026-08-03 02:17:04.531 | INFO     | monitor:scan:325 - Nothing Changed
2026-08-03 02:17:04.531 | SUCCESS  | monitor:scan:331 - Scan Finished
2026-08-03 02:17:04.531 | INFO     | monitor:start:67 - Sleep 60 Seconds
2026-08-03 02:18:04.532 | INFO     | auth.login:ensure_login:354 - Checking Login...
2026-08-03 02:18:04.565 | SUCCESS  | auth.login:load_saved_token:192 - Saved Token Loaded
2026-08-03 02:18:04.565 | SUCCESS  | auth.login:ensure_login:362 - Using Saved Token
2026-08-03 02:18:04.566 | INFO     | monitor:scan:111 - Scanning Website...
2026-08-03 02:18:04.567 | INFO     | monitor:scan:125 - Loading Page 1
2026-08-03 02:18:04.568 | INFO     | api:get_files:60 - Loading Page 1
2026-08-03 02:18:06.087 | INFO     | api:get_file:84 - Loading File 126d519e-95f6-9843-e927-2ca3fc8ea743
2026-08-03 02:18:06.327 | INFO     | monitor:scan:273 - Reached Old Files
2026-08-03 02:18:06.328 | INFO     | monitor:scan:303 - No New Serial
2026-08-03 02:18:06.329 | INFO     | monitor:scan:325 - Nothing Changed
2026-08-03 02:18:06.330 | SUCCESS  | monitor:scan:331 - Scan Finished
2026-08-03 02:18:06.331 | INFO     | monitor:start:67 - Sleep 60 Seconds
2026-08-03 02:19:06.333 | INFO     | auth.login:ensure_login:354 - Checking Login...
2026-08-03 02:19:06.336 | SUCCESS  | auth.login:load_saved_token:192 - Saved Token Loaded
2026-08-03 02:19:06.337 | SUCCESS  | auth.login:ensure_login:362 - Using Saved Token
2026-08-03 02:19:06.338 | INFO     | monitor:scan:111 - Scanning Website...
2026-08-03 02:19:06.340 | INFO     | monitor:scan:125 - Loading Page 1
2026-08-03 02:19:06.341 | INFO     | api:get_files:60 - Loading Page 1
2026-08-03 02:19:08.147 | INFO     | api:get_file:84 - Loading File 126d519e-95f6-9843-e927-2ca3fc8ea743
2026-08-03 02:19:08.373 | INFO     | monitor:scan:273 - Reached Old Files
2026-08-03 02:19:08.373 | INFO     | monitor:scan:303 - No New Serial
2026-08-03 02:19:08.373 | INFO     | monitor:scan:325 - Nothing Changed
2026-08-03 02:19:08.374 | SUCCESS  | monitor:scan:331 - Scan Finished
2026-08-03 02:19:08.374 | INFO     | monitor:start:67 - Sleep 60 Seconds
2026-08-03 02:20:08.375 | INFO     | auth.login:ensure_login:354 - Checking Login...
2026-08-03 02:20:08.378 | SUCCESS  | auth.login:load_saved_token:192 - Saved Token Loaded
2026-08-03 02:20:08.380 | SUCCESS  | auth.login:ensure_login:362 - Using Saved Token
2026-08-03 02:20:08.380 | INFO     | monitor:scan:111 - Scanning Website...
2026-08-03 02:20:08.382 | INFO     | monitor:scan:125 - Loading Page 1
2026-08-03 02:20:08.382 | INFO     | api:get_files:60 - Loading Page 1
2026-08-03 02:20:11.447 | INFO     | api:get_file:84 - Loading File 126d519e-95f6-9843-e927-2ca3fc8ea743
2026-08-03 02:20:11.673 | INFO     | monitor:scan:273 - Reached Old Files
2026-08-03 02:20:11.674 | INFO     | monitor:scan:303 - No New Serial
2026-08-03 02:20:11.677 | INFO     | monitor:scan:325 - Nothing Changed
2026-08-03 02:20:11.679 | SUCCESS  | monitor:scan:331 - Scan Finished
2026-08-03 02:20:11.680 | INFO     | monitor:start:67 - Sleep 60 Seconds
2026-08-03 02:21:11.680 | INFO     | auth.login:ensure_login:354 - Checking Login...
2026-08-03 02:21:11.685 | SUCCESS  | auth.login:load_saved_token:192 - Saved Token Loaded
2026-08-03 02:21:11.686 | SUCCESS  | auth.login:ensure_login:362 - Using Saved Token
2026-08-03 02:21:11.687 | INFO     | monitor:scan:111 - Scanning Website...
2026-08-03 02:21:11.691 | INFO     | monitor:scan:125 - Loading Page 1
2026-08-03 02:21:11.692 | INFO     | api:get_files:60 - Loading Page 1
2026-08-03 02:21:13.335 | INFO     | api:get_file:84 - Loading File 126d519e-95f6-9843-e927-2ca3fc8ea743
2026-08-03 02:21:13.561 | INFO     | monitor:scan:273 - Reached Old Files
2026-08-03 02:21:13.561 | INFO     | monitor:scan:303 - No New Serial
2026-08-03 02:21:13.561 | INFO     | monitor:scan:325 - Nothing Changed
2026-08-03 02:21:13.562 | SUCCESS  | monitor:scan:331 - Scan Finished
2026-08-03 02:21:13.562 | INFO     | monitor:start:67 - Sleep 60 Seconds
2026-08-03 02:22:13.563 | INFO     | auth.login:ensure_login:354 - Checking Login...
2026-08-03 02:22:13.563 | SUCCESS  | auth.login:load_saved_token:192 - Saved Token Loaded
2026-08-03 02:22:13.564 | SUCCESS  | auth.login:ensure_login:362 - Using Saved Token
2026-08-03 02:22:13.564 | INFO     | monitor:scan:111 - Scanning Website...
2026-08-03 02:22:13.564 | INFO     | monitor:scan:125 - Loading Page 1
2026-08-03 02:22:13.565 | INFO     | api:get_files:60 - Loading Page 1
2026-08-03 02:22:16.863 | INFO     | api:get_file:84 - Loading File 126d519e-95f6-9843-e927-2ca3fc8ea743
2026-08-03 02:22:17.091 | INFO     | monitor:scan:273 - Reached Old Files
2026-08-03 02:22:17.093 | INFO     | monitor:scan:303 - No New Serial
2026-08-03 02:22:17.094 | INFO     | monitor:scan:325 - Nothing Changed
2026-08-03 02:22:17.096 | SUCCESS  | monitor:scan:331 - Scan Finished
2026-08-03 02:22:17.099 | INFO     | monitor:start:67 - Sleep 60 Seconds
2026-08-03 02:23:17.100 | INFO     | auth.login:ensure_login:354 - Checking Login...
2026-08-03 02:23:17.102 | SUCCESS  | auth.login:load_saved_token:192 - Saved Token Loaded
2026-08-03 02:23:17.103 | SUCCESS  | auth.login:ensure_login:362 - Using Saved Token
2026-08-03 02:23:17.104 | INFO     | monitor:scan:111 - Scanning Website...
2026-08-03 02:23:17.105 | INFO     | monitor:scan:125 - Loading Page 1
2026-08-03 02:23:17.105 | INFO     | api:get_files:60 - Loading Page 1
2026-08-03 02:23:18.671 | INFO     | api:get_file:84 - Loading File 126d519e-95f6-9843-e927-2ca3fc8ea743
2026-08-03 02:23:18.903 | INFO     | monitor:scan:273 - Reached Old Files
2026-08-03 02:23:18.905 | INFO     | monitor:scan:303 - No New Serial
2026-08-03 02:23:18.905 | INFO     | monitor:scan:325 - Nothing Changed
2026-08-03 02:23:18.906 | SUCCESS  | monitor:scan:331 - Scan Finished
2026-08-03 02:23:18.908 | INFO     | monitor:start:67 - Sleep 60 Seconds
2026-08-03 02:24:18.909 | INFO     | auth.login:ensure_login:354 - Checking Login...
2026-08-03 02:24:18.914 | SUCCESS  | auth.login:load_saved_token:192 - Saved Token Loaded
2026-08-03 02:24:18.916 | SUCCESS  | auth.login:ensure_login:362 - Using Saved Token
2026-08-03 02:24:18.916 | INFO     | monitor:scan:111 - Scanning Website...
2026-08-03 02:24:18.919 | INFO     | monitor:scan:125 - Loading Page 1
2026-08-03 02:24:18.921 | INFO     | api:get_files:60 - Loading Page 1
2026-08-03 02:24:21.605 | INFO     | api:get_file:84 - Loading File 126d519e-95f6-9843-e927-2ca3fc8ea743
2026-08-03 02:24:21.828 | INFO     | monitor:scan:273 - Reached Old Files
2026-08-03 02:24:21.829 | INFO     | monitor:scan:303 - No New Serial
2026-08-03 02:24:21.831 | INFO     | monitor:scan:325 - Nothing Changed
2026-08-03 02:24:21.834 | SUCCESS  | monitor:scan:331 - Scan Finished
2026-08-03 02:24:21.835 | INFO     | monitor:start:67 - Sleep 60 Seconds
2026-08-03 02:25:21.838 | INFO     | auth.login:ensure_login:354 - Checking Login...
2026-08-03 02:25:21.839 | SUCCESS  | auth.login:load_saved_token:192 - Saved Token Loaded
2026-08-03 02:25:21.839 | SUCCESS  | auth.login:ensure_login:362 - Using Saved Token
2026-08-03 02:25:21.840 | INFO     | monitor:scan:111 - Scanning Website...
2026-08-03 02:25:21.840 | INFO     | monitor:scan:125 - Loading Page 1
2026-08-03 02:25:21.840 | INFO     | api:get_files:60 - Loading Page 1
2026-08-03 02:25:24.220 | INFO     | api:get_file:84 - Loading File 126d519e-95f6-9843-e927-2ca3fc8ea743
2026-08-03 02:25:24.442 | INFO     | monitor:scan:273 - Reached Old Files
2026-08-03 02:25:24.444 | INFO     | monitor:scan:303 - No New Serial
2026-08-03 02:25:24.446 | INFO     | monitor:scan:325 - Nothing Changed
2026-08-03 02:25:24.448 | SUCCESS  | monitor:scan:331 - Scan Finished
2026-08-03 02:25:24.450 | INFO     | monitor:start:67 - Sleep 60 Seconds
2026-08-03 02:26:24.451 | INFO     | auth.login:ensure_login:354 - Checking Login...
2026-08-03 02:26:24.454 | SUCCESS  | auth.login:load_saved_token:192 - Saved Token Loaded
2026-08-03 02:26:24.454 | SUCCESS  | auth.login:ensure_login:362 - Using Saved Token
2026-08-03 02:26:24.455 | INFO     | monitor:scan:111 - Scanning Website...
2026-08-03 02:26:24.457 | INFO     | monitor:scan:125 - Loading Page 1
2026-08-03 02:26:24.458 | INFO     | api:get_files:60 - Loading Page 1
2026-08-03 02:26:27.195 | INFO     | api:get_file:84 - Loading File 126d519e-95f6-9843-e927-2ca3fc8ea743
2026-08-03 02:26:27.419 | INFO     | monitor:scan:273 - Reached Old Files
2026-08-03 02:26:27.420 | INFO     | monitor:scan:303 - No New Serial
2026-08-03 02:26:27.421 | INFO     | monitor:scan:325 - Nothing Changed
2026-08-03 02:26:27.422 | SUCCESS  | monitor:scan:331 - Scan Finished
2026-08-03 02:26:27.424 | INFO     | monitor:start:67 - Sleep 60 Seconds
2026-08-03 02:27:27.425 | INFO     | auth.login:ensure_login:354 - Checking Login...
2026-08-03 02:27:27.426 | SUCCESS  | auth.login:load_saved_token:192 - Saved Token Loaded
2026-08-03 02:27:27.427 | SUCCESS  | auth.login:ensure_login:362 - Using Saved Token
2026-08-03 02:27:27.427 | INFO     | monitor:scan:111 - Scanning Website...
2026-08-03 02:27:27.428 | INFO     | monitor:scan:125 - Loading Page 1
2026-08-03 02:27:27.428 | INFO     | api:get_files:60 - Loading Page 1
2026-08-03 02:27:27.839 | WARNING  | auth.login:get:411 - Access Token Expired
2026-08-03 02:27:27.839 | INFO     | auth.login:login:262 - Logging in...
2026-08-03 02:27:28.313 | SUCCESS  | auth.login:save_token:242 - Token Saved
2026-08-03 02:27:28.315 | SUCCESS  | auth.login:login:340 - Login Successful
2026-08-03 02:27:29.971 | INFO     | api:get_file:84 - Loading File 126d519e-95f6-9843-e927-2ca3fc8ea743
2026-08-03 02:27:30.196 | INFO     | monitor:scan:273 - Reached Old Files
2026-08-03 02:27:30.196 | INFO     | monitor:scan:303 - No New Serial
2026-08-03 02:27:30.197 | INFO     | monitor:scan:325 - Nothing Changed
2026-08-03 02:27:30.198 | SUCCESS  | monitor:scan:331 - Scan Finished
2026-08-03 02:27:30.199 | INFO     | monitor:start:67 - Sleep 60 Seconds
2026-08-03 02:28:30.199 | INFO     | auth.login:ensure_login:354 - Checking Login...
2026-08-03 02:28:30.220 | SUCCESS  | auth.login:load_saved_token:192 - Saved Token Loaded
2026-08-03 02:28:30.221 | SUCCESS  | auth.login:ensure_login:362 - Using Saved Token
2026-08-03 02:28:30.222 | INFO     | monitor:scan:111 - Scanning Website...
2026-08-03 02:28:30.224 | INFO     | monitor:scan:125 - Loading Page 1
2026-08-03 02:28:30.225 | INFO     | api:get_files:60 - Loading Page 1
2026-08-03 02:28:31.783 | INFO     | api:get_file:84 - Loading File 126d519e-95f6-9843-e927-2ca3fc8ea743
2026-08-03 02:28:32.220 | INFO     | monitor:scan:273 - Reached Old Files
2026-08-03 02:28:32.221 | INFO     | monitor:scan:303 - No New Serial
2026-08-03 02:28:32.222 | INFO     | monitor:scan:325 - Nothing Changed
2026-08-03 02:28:32.223 | SUCCESS  | monitor:scan:331 - Scan Finished
2026-08-03 02:28:32.226 | INFO     | monitor:start:67 - Sleep 60 Seconds
2026-08-03 02:29:32.228 | INFO     | auth.login:ensure_login:354 - Checking Login...
2026-08-03 02:29:32.229 | SUCCESS  | auth.login:load_saved_token:192 - Saved Token Loaded
2026-08-03 02:29:32.229 | SUCCESS  | auth.login:ensure_login:362 - Using Saved Token
2026-08-03 02:29:32.230 | INFO     | monitor:scan:111 - Scanning Website...
2026-08-03 02:29:32.230 | INFO     | monitor:scan:125 - Loading Page 1
2026-08-03 02:29:32.230 | INFO     | api:get_files:60 - Loading Page 1
2026-08-03 02:29:33.703 | INFO     | api:get_file:84 - Loading File 126d519e-95f6-9843-e927-2ca3fc8ea743
2026-08-03 02:29:33.931 | INFO     | monitor:scan:273 - Reached Old Files
2026-08-03 02:29:33.933 | INFO     | monitor:scan:303 - No New Serial
2026-08-03 02:29:33.935 | INFO     | monitor:scan:325 - Nothing Changed
2026-08-03 02:29:33.936 | SUCCESS  | monitor:scan:331 - Scan Finished
2026-08-03 02:29:33.937 | INFO     | monitor:start:67 - Sleep 60 Seconds
2026-08-03 02:30:33.938 | INFO     | auth.login:ensure_login:354 - Checking Login...
2026-08-03 02:30:33.938 | SUCCESS  | auth.login:load_saved_token:192 - Saved Token Loaded
2026-08-03 02:30:33.938 | SUCCESS  | auth.login:ensure_login:362 - Using Saved Token
2026-08-03 02:30:33.939 | INFO     | monitor:scan:111 - Scanning Website...
2026-08-03 02:30:33.939 | INFO     | monitor:scan:125 - Loading Page 1
2026-08-03 02:30:33.939 | INFO     | api:get_files:60 - Loading Page 1
2026-08-03 02:30:35.627 | INFO     | api:get_file:84 - Loading File 126d519e-95f6-9843-e927-2ca3fc8ea743
2026-08-03 02:30:35.860 | INFO     | monitor:scan:273 - Reached Old Files
2026-08-03 02:30:35.861 | INFO     | monitor:scan:303 - No New Serial
2026-08-03 02:30:35.862 | INFO     | monitor:scan:325 - Nothing Changed
2026-08-03 02:30:35.862 | SUCCESS  | monitor:scan:331 - Scan Finished
2026-08-03 02:30:35.863 | INFO     | monitor:start:67 - Sleep 60 Seconds
2026-08-03 02:31:35.864 | INFO     | auth.login:ensure_login:354 - Checking Login...
2026-08-03 02:31:35.869 | SUCCESS  | auth.login:load_saved_token:192 - Saved Token Loaded
2026-08-03 02:31:35.870 | SUCCESS  | auth.login:ensure_login:362 - Using Saved Token
2026-08-03 02:31:35.871 | INFO     | monitor:scan:111 - Scanning Website...
2026-08-03 02:31:35.874 | INFO     | monitor:scan:125 - Loading Page 1
2026-08-03 02:31:35.875 | INFO     | api:get_files:60 - Loading Page 1
2026-08-03 02:31:39.313 | INFO     | api:get_file:84 - Loading File 126d519e-95f6-9843-e927-2ca3fc8ea743
2026-08-03 02:31:39.534 | INFO     | monitor:scan:273 - Reached Old Files
2026-08-03 02:31:39.537 | INFO     | monitor:scan:303 - No New Serial
2026-08-03 02:31:39.538 | INFO     | monitor:scan:325 - Nothing Changed
2026-08-03 02:31:39.538 | SUCCESS  | monitor:scan:331 - Scan Finished
2026-08-03 02:31:39.539 | INFO     | monitor:start:67 - Sleep 60 Seconds
2026-08-03 02:32:39.540 | INFO     | auth.login:ensure_login:354 - Checking Login...
2026-08-03 02:32:39.541 | SUCCESS  | auth.login:load_saved_token:192 - Saved Token Loaded
2026-08-03 02:32:39.541 | SUCCESS  | auth.login:ensure_login:362 - Using Saved Token
2026-08-03 02:32:39.542 | INFO     | monitor:scan:111 - Scanning Website...
2026-08-03 02:32:39.542 | INFO     | monitor:scan:125 - Loading Page 1
2026-08-03 02:32:39.543 | INFO     | api:get_files:60 - Loading Page 1
2026-08-03 02:32:41.132 | INFO     | api:get_file:84 - Loading File 126d519e-95f6-9843-e927-2ca3fc8ea743
2026-08-03 02:32:41.366 | INFO     | monitor:scan:273 - Reached Old Files
2026-08-03 02:32:41.368 | INFO     | monitor:scan:303 - No New Serial
2026-08-03 02:32:41.369 | INFO     | monitor:scan:325 - Nothing Changed
2026-08-03 02:32:41.370 | SUCCESS  | monitor:scan:331 - Scan Finished
2026-08-03 02:32:41.372 | INFO     | monitor:start:67 - Sleep 60 Seconds
2026-08-03 02:33:41.374 | INFO     | auth.login:ensure_login:354 - Checking Login...
2026-08-03 02:33:41.375 | SUCCESS  | auth.login:load_saved_token:192 - Saved Token Loaded
2026-08-03 02:33:41.377 | SUCCESS  | auth.login:ensure_login:362 - Using Saved Token
2026-08-03 02:33:41.377 | INFO     | monitor:scan:111 - Scanning Website...
2026-08-03 02:33:41.379 | INFO     | monitor:scan:125 - Loading Page 1
2026-08-03 02:33:41.380 | INFO     | api:get_files:60 - Loading Page 1
2026-08-03 02:33:42.923 | INFO     | api:get_file:84 - Loading File 126d519e-95f6-9843-e927-2ca3fc8ea743
2026-08-03 02:33:43.151 | INFO     | monitor:scan:273 - Reached Old Files
2026-08-03 02:33:43.153 | INFO     | monitor:scan:303 - No New Serial
2026-08-03 02:33:43.153 | INFO     | monitor:scan:325 - Nothing Changed
2026-08-03 02:33:43.154 | SUCCESS  | monitor:scan:331 - Scan Finished
2026-08-03 02:33:43.155 | INFO     | monitor:start:67 - Sleep 60 Seconds
2026-08-03 02:34:43.156 | INFO     | auth.login:ensure_login:354 - Checking Login...
2026-08-03 02:34:43.157 | SUCCESS  | auth.login:load_saved_token:192 - Saved Token Loaded
2026-08-03 02:34:43.157 | SUCCESS  | auth.login:ensure_login:362 - Using Saved Token
2026-08-03 02:34:43.157 | INFO     | monitor:scan:111 - Scanning Website...
2026-08-03 02:34:43.158 | INFO     | monitor:scan:125 - Loading Page 1
2026-08-03 02:34:43.158 | INFO     | api:get_files:60 - Loading Page 1
2026-08-03 02:34:46.302 | INFO     | api:get_file:84 - Loading File 126d519e-95f6-9843-e927-2ca3fc8ea743
2026-08-03 02:34:46.524 | INFO     | monitor:scan:273 - Reached Old Files
2026-08-03 02:34:46.526 | INFO     | monitor:scan:303 - No New Serial
2026-08-03 02:34:46.527 | INFO     | monitor:scan:325 - Nothing Changed
2026-08-03 02:34:46.529 | SUCCESS  | monitor:scan:331 - Scan Finished
2026-08-03 02:34:46.531 | INFO     | monitor:start:67 - Sleep 60 Seconds
2026-08-03 02:35:46.533 | INFO     | auth.login:ensure_login:354 - Checking Login...
2026-08-03 02:35:46.537 | SUCCESS  | auth.login:load_saved_token:192 - Saved Token Loaded
2026-08-03 02:35:46.538 | SUCCESS  | auth.login:ensure_login:362 - Using Saved Token
2026-08-03 02:35:46.539 | INFO     | monitor:scan:111 - Scanning Website...
2026-08-03 02:35:46.544 | INFO     | monitor:scan:125 - Loading Page 1
2026-08-03 02:35:46.545 | INFO     | api:get_files:60 - Loading Page 1
2026-08-03 02:35:48.054 | INFO     | api:get_file:84 - Loading File 126d519e-95f6-9843-e927-2ca3fc8ea743
2026-08-03 02:35:48.280 | INFO     | monitor:scan:273 - Reached Old Files
2026-08-03 02:35:48.283 | INFO     | monitor:scan:303 - No New Serial
2026-08-03 02:35:48.285 | INFO     | monitor:scan:325 - Nothing Changed
2026-08-03 02:35:48.287 | SUCCESS  | monitor:scan:331 - Scan Finished
2026-08-03 02:35:48.290 | INFO     | monitor:start:67 - Sleep 60 Seconds
2026-08-03 02:36:48.291 | INFO     | auth.login:ensure_login:354 - Checking Login...
2026-08-03 02:36:48.294 | SUCCESS  | auth.login:load_saved_token:192 - Saved Token Loaded
2026-08-03 02:36:48.294 | SUCCESS  | auth.login:ensure_login:362 - Using Saved Token
2026-08-03 02:36:48.295 | INFO     | monitor:scan:111 - Scanning Website...
2026-08-03 02:36:48.298 | INFO     | monitor:scan:125 - Loading Page 1
2026-08-03 02:36:48.299 | INFO     | api:get_files:60 - Loading Page 1
2026-08-03 02:36:49.941 | INFO     | api:get_file:84 - Loading File 126d519e-95f6-9843-e927-2ca3fc8ea743
2026-08-03 02:36:50.161 | INFO     | monitor:scan:273 - Reached Old Files
2026-08-03 02:36:50.163 | INFO     | monitor:scan:303 - No New Serial
2026-08-03 02:36:50.164 | INFO     | monitor:scan:325 - Nothing Changed
2026-08-03 02:36:50.165 | SUCCESS  | monitor:scan:331 - Scan Finished
2026-08-03 02:36:50.168 | INFO     | monitor:start:67 - Sleep 60 Seconds
2026-08-03 02:37:50.172 | INFO     | auth.login:ensure_login:354 - Checking Login...
2026-08-03 02:37:50.173 | SUCCESS  | auth.login:load_saved_token:192 - Saved Token Loaded
2026-08-03 02:37:50.173 | SUCCESS  | auth.login:ensure_login:362 - Using Saved Token
2026-08-03 02:37:50.173 | INFO     | monitor:scan:111 - Scanning Website...
2026-08-03 02:37:50.173 | INFO     | monitor:scan:125 - Loading Page 1
2026-08-03 02:37:50.174 | INFO     | api:get_files:60 - Loading Page 1
2026-08-03 02:37:50.604 | WARNING  | auth.login:get:411 - Access Token Expired
2026-08-03 02:37:50.604 | INFO     | auth.login:login:262 - Logging in...
2026-08-03 02:37:51.077 | SUCCESS  | auth.login:save_token:242 - Token Saved
2026-08-03 02:37:51.077 | SUCCESS  | auth.login:login:340 - Login Successful
2026-08-03 02:37:53.700 | INFO     | api:get_file:84 - Loading File 126d519e-95f6-9843-e927-2ca3fc8ea743
2026-08-03 02:37:53.928 | INFO     | monitor:scan:273 - Reached Old Files
2026-08-03 02:37:53.928 | INFO     | monitor:scan:303 - No New Serial
2026-08-03 02:37:53.928 | INFO     | monitor:scan:325 - Nothing Changed
2026-08-03 02:37:53.929 | SUCCESS  | monitor:scan:331 - Scan Finished
2026-08-03 02:37:53.929 | INFO     | monitor:start:67 - Sleep 60 Seconds
2026-08-03 02:38:53.930 | INFO     | auth.login:ensure_login:354 - Checking Login...
2026-08-03 02:38:53.960 | SUCCESS  | auth.login:load_saved_token:192 - Saved Token Loaded
2026-08-03 02:38:53.960 | SUCCESS  | auth.login:ensure_login:362 - Using Saved Token
2026-08-03 02:38:53.960 | INFO     | monitor:scan:111 - Scanning Website...
2026-08-03 02:38:53.961 | INFO     | monitor:scan:125 - Loading Page 1
2026-08-03 02:38:53.962 | INFO     | api:get_files:60 - Loading Page 1
2026-08-03 02:38:55.597 | INFO     | api:get_file:84 - Loading File 126d519e-95f6-9843-e927-2ca3fc8ea743
2026-08-03 02:38:55.816 | INFO     | monitor:scan:273 - Reached Old Files
2026-08-03 02:38:55.816 | INFO     | monitor:scan:303 - No New Serial
2026-08-03 02:38:55.817 | INFO     | monitor:scan:325 - Nothing Changed
2026-08-03 02:38:55.817 | SUCCESS  | monitor:scan:331 - Scan Finished
2026-08-03 02:38:55.817 | INFO     | monitor:start:67 - Sleep 60 Seconds
2026-08-03 02:39:55.818 | INFO     | auth.login:ensure_login:354 - Checking Login...
2026-08-03 02:39:55.823 | SUCCESS  | auth.login:load_saved_token:192 - Saved Token Loaded
2026-08-03 02:39:55.825 | SUCCESS  | auth.login:ensure_login:362 - Using Saved Token
2026-08-03 02:39:55.826 | INFO     | monitor:scan:111 - Scanning Website...
2026-08-03 02:39:55.831 | INFO     | monitor:scan:125 - Loading Page 1
2026-08-03 02:39:55.832 | INFO     | api:get_files:60 - Loading Page 1
2026-08-03 02:39:57.293 | INFO     | api:get_file:84 - Loading File 126d519e-95f6-9843-e927-2ca3fc8ea743
2026-08-03 02:39:57.512 | INFO     | monitor:scan:273 - Reached Old Files
2026-08-03 02:39:57.514 | INFO     | monitor:scan:303 - No New Serial
2026-08-03 02:39:57.515 | INFO     | monitor:scan:325 - Nothing Changed
2026-08-03 02:39:57.516 | SUCCESS  | monitor:scan:331 - Scan Finished
2026-08-03 02:39:57.518 | INFO     | monitor:start:67 - Sleep 60 Seconds
2026-08-03 02:40:57.520 | INFO     | auth.login:ensure_login:354 - Checking Login...
2026-08-03 02:40:57.525 | SUCCESS  | auth.login:load_saved_token:192 - Saved Token Loaded
2026-08-03 02:40:57.525 | SUCCESS  | auth.login:ensure_login:362 - Using Saved Token
2026-08-03 02:40:57.526 | INFO     | monitor:scan:111 - Scanning Website...
2026-08-03 02:40:57.529 | INFO     | monitor:scan:125 - Loading Page 1
2026-08-03 02:40:57.531 | INFO     | api:get_files:60 - Loading Page 1
2026-08-03 02:41:00.846 | INFO     | api:get_file:84 - Loading File 126d519e-95f6-9843-e927-2ca3fc8ea743
2026-08-03 02:41:01.070 | INFO     | monitor:scan:273 - Reached Old Files
2026-08-03 02:41:01.071 | INFO     | monitor:scan:303 - No New Serial
2026-08-03 02:41:01.071 | INFO     | monitor:scan:325 - Nothing Changed
2026-08-03 02:41:01.071 | SUCCESS  | monitor:scan:331 - Scan Finished
2026-08-03 02:41:01.072 | INFO     | monitor:start:67 - Sleep 60 Seconds
2026-08-03 02:42:01.072 | INFO     | auth.login:ensure_login:354 - Checking Login...
2026-08-03 02:42:01.075 | SUCCESS  | auth.login:load_saved_token:192 - Saved Token Loaded
2026-08-03 02:42:01.075 | SUCCESS  | auth.login:ensure_login:362 - Using Saved Token
2026-08-03 02:42:01.076 | INFO     | monitor:scan:111 - Scanning Website...
2026-08-03 02:42:01.077 | INFO     | monitor:scan:125 - Loading Page 1
2026-08-03 02:42:01.078 | INFO     | api:get_files:60 - Loading Page 1
2026-08-03 02:42:02.527 | INFO     | api:get_file:84 - Loading File 126d519e-95f6-9843-e927-2ca3fc8ea743
2026-08-03 02:42:02.749 | INFO     | monitor:scan:273 - Reached Old Files
2026-08-03 02:42:02.751 | INFO     | monitor:scan:303 - No New Serial
2026-08-03 02:42:02.752 | INFO     | monitor:scan:325 - Nothing Changed
2026-08-03 02:42:02.752 | SUCCESS  | monitor:scan:331 - Scan Finished
2026-08-03 02:42:02.753 | INFO     | monitor:start:67 - Sleep 60 Seconds
2026-08-03 02:43:02.753 | INFO     | auth.login:ensure_login:354 - Checking Login...
2026-08-03 02:43:02.756 | SUCCESS  | auth.login:load_saved_token:192 - Saved Token Loaded
2026-08-03 02:43:02.757 | SUCCESS  | auth.login:ensure_login:362 - Using Saved Token
2026-08-03 02:43:02.758 | INFO     | monitor:scan:111 - Scanning Website...
2026-08-03 02:43:02.760 | INFO     | monitor:scan:125 - Loading Page 1
2026-08-03 02:43:02.761 | INFO     | api:get_files:60 - Loading Page 1
2026-08-03 02:43:04.221 | INFO     | api:get_file:84 - Loading File 126d519e-95f6-9843-e927-2ca3fc8ea743
2026-08-03 02:43:04.439 | INFO     | monitor:scan:273 - Reached Old Files
2026-08-03 02:43:04.441 | INFO     | monitor:scan:303 - No New Serial
2026-08-03 02:43:04.446 | INFO     | monitor:scan:325 - Nothing Changed
2026-08-03 02:43:04.447 | SUCCESS  | monitor:scan:331 - Scan Finished
2026-08-03 02:43:04.450 | INFO     | monitor:start:67 - Sleep 60 Seconds
2026-08-03 02:44:04.451 | INFO     | auth.login:ensure_login:354 - Checking Login...
2026-08-03 02:44:04.452 | SUCCESS  | auth.login:load_saved_token:192 - Saved Token Loaded
2026-08-03 02:44:04.452 | SUCCESS  | auth.login:ensure_login:362 - Using Saved Token
2026-08-03 02:44:04.452 | INFO     | monitor:scan:111 - Scanning Website...
2026-08-03 02:44:04.453 | INFO     | monitor:scan:125 - Loading Page 1
2026-08-03 02:44:04.453 | INFO     | api:get_files:60 - Loading Page 1
2026-08-03 02:44:07.400 | INFO     | api:get_file:84 - Loading File 126d519e-95f6-9843-e927-2ca3fc8ea743
2026-08-03 02:44:07.620 | INFO     | monitor:scan:273 - Reached Old Files
2026-08-03 02:44:07.620 | INFO     | monitor:scan:303 - No New Serial
2026-08-03 02:44:07.620 | INFO     | monitor:scan:325 - Nothing Changed
2026-08-03 02:44:07.620 | SUCCESS  | monitor:scan:331 - Scan Finished
2026-08-03 02:44:07.621 | INFO     | monitor:start:67 - Sleep 60 Seconds
2026-08-03 02:45:07.621 | INFO     | auth.login:ensure_login:354 - Checking Login...
2026-08-03 02:45:07.625 | SUCCESS  | auth.login:load_saved_token:192 - Saved Token Loaded
2026-08-03 02:45:07.626 | SUCCESS  | auth.login:ensure_login:362 - Using Saved Token
2026-08-03 02:45:07.627 | INFO     | monitor:scan:111 - Scanning Website...
2026-08-03 02:45:07.629 | INFO     | monitor:scan:125 - Loading Page 1
2026-08-03 02:45:07.630 | INFO     | api:get_files:60 - Loading Page 1
2026-08-03 02:45:09.190 | INFO     | api:get_file:84 - Loading File 126d519e-95f6-9843-e927-2ca3fc8ea743
2026-08-03 02:45:09.417 | INFO     | monitor:scan:273 - Reached Old Files
2026-08-03 02:45:09.418 | INFO     | monitor:scan:303 - No New Serial
2026-08-03 02:45:09.418 | INFO     | monitor:scan:325 - Nothing Changed
2026-08-03 02:45:09.419 | SUCCESS  | monitor:scan:331 - Scan Finished
2026-08-03 02:45:09.419 | INFO     | monitor:start:67 - Sleep 60 Seconds
2026-08-03 02:46:09.421 | INFO     | auth.login:ensure_login:354 - Checking Login...
2026-08-03 02:46:09.422 | SUCCESS  | auth.login:load_saved_token:192 - Saved Token Loaded
2026-08-03 02:46:09.423 | SUCCESS  | auth.login:ensure_login:362 - Using Saved Token
2026-08-03 02:46:09.423 | INFO     | monitor:scan:111 - Scanning Website...
2026-08-03 02:46:09.424 | INFO     | monitor:scan:125 - Loading Page 1
2026-08-03 02:46:09.424 | INFO     | api:get_files:60 - Loading Page 1
2026-08-03 02:46:12.854 | INFO     | api:get_file:84 - Loading File 126d519e-95f6-9843-e927-2ca3fc8ea743
2026-08-03 02:46:13.082 | INFO     | monitor:scan:273 - Reached Old Files
2026-08-03 02:46:13.083 | INFO     | monitor:scan:303 - No New Serial
2026-08-03 02:46:13.084 | INFO     | monitor:scan:325 - Nothing Changed
2026-08-03 02:46:13.085 | SUCCESS  | monitor:scan:331 - Scan Finished
2026-08-03 02:46:13.087 | INFO     | monitor:start:67 - Sleep 60 Seconds
2026-08-03 02:47:13.088 | INFO     | auth.login:ensure_login:354 - Checking Login...
2026-08-03 02:47:13.089 | SUCCESS  | auth.login:load_saved_token:192 - Saved Token Loaded
2026-08-03 02:47:13.089 | SUCCESS  | auth.login:ensure_login:362 - Using Saved Token
2026-08-03 02:47:13.089 | INFO     | monitor:scan:111 - Scanning Website...
2026-08-03 02:47:13.090 | INFO     | monitor:scan:125 - Loading Page 1
2026-08-03 02:47:13.091 | INFO     | api:get_files:60 - Loading Page 1
2026-08-03 02:47:14.814 | INFO     | api:get_file:84 - Loading File 126d519e-95f6-9843-e927-2ca3fc8ea743
2026-08-03 02:47:15.042 | INFO     | monitor:scan:273 - Reached Old Files
2026-08-03 02:47:15.044 | INFO     | monitor:scan:303 - No New Serial
2026-08-03 02:47:15.045 | INFO     | monitor:scan:325 - Nothing Changed
2026-08-03 02:47:15.045 | SUCCESS  | monitor:scan:331 - Scan Finished
2026-08-03 02:47:15.045 | INFO     | monitor:start:67 - Sleep 60 Seconds
2026-08-03 02:48:15.046 | INFO     | auth.login:ensure_login:354 - Checking Login...
2026-08-03 02:48:15.047 | SUCCESS  | auth.login:load_saved_token:192 - Saved Token Loaded
2026-08-03 02:48:15.047 | SUCCESS  | auth.login:ensure_login:362 - Using Saved Token
2026-08-03 02:48:15.048 | INFO     | monitor:scan:111 - Scanning Website...
2026-08-03 02:48:15.049 | INFO     | monitor:scan:125 - Loading Page 1
2026-08-03 02:48:15.049 | INFO     | api:get_files:60 - Loading Page 1
2026-08-03 02:48:15.418 | WARNING  | auth.login:get:411 - Access Token Expired
2026-08-03 02:48:15.418 | INFO     | auth.login:login:262 - Logging in...
2026-08-03 02:48:15.910 | SUCCESS  | auth.login:save_token:242 - Token Saved
2026-08-03 02:48:15.911 | SUCCESS  | auth.login:login:340 - Login Successful
2026-08-03 02:48:18.678 | INFO     | api:get_file:84 - Loading File 126d519e-95f6-9843-e927-2ca3fc8ea743
2026-08-03 02:48:18.892 | INFO     | monitor:scan:273 - Reached Old Files
2026-08-03 02:48:18.893 | INFO     | monitor:scan:303 - No New Serial
2026-08-03 02:48:18.893 | INFO     | monitor:scan:325 - Nothing Changed
2026-08-03 02:48:18.894 | SUCCESS  | monitor:scan:331 - Scan Finished
2026-08-03 02:48:18.896 | INFO     | monitor:start:67 - Sleep 60 Seconds
2026-08-03 02:49:18.897 | INFO     | auth.login:ensure_login:354 - Checking Login...
2026-08-03 02:49:18.907 | SUCCESS  | auth.login:load_saved_token:192 - Saved Token Loaded
2026-08-03 02:49:18.907 | SUCCESS  | auth.login:ensure_login:362 - Using Saved Token
2026-08-03 02:49:18.907 | INFO     | monitor:scan:111 - Scanning Website...
2026-08-03 02:49:18.908 | INFO     | monitor:scan:125 - Loading Page 1
2026-08-03 02:49:18.908 | INFO     | api:get_files:60 - Loading Page 1
2026-08-03 02:49:20.439 | INFO     | api:get_file:84 - Loading File 126d519e-95f6-9843-e927-2ca3fc8ea743
2026-08-03 02:49:20.667 | INFO     | monitor:scan:273 - Reached Old Files
2026-08-03 02:49:20.669 | INFO     | monitor:scan:303 - No New Serial
2026-08-03 02:49:20.671 | INFO     | monitor:scan:325 - Nothing Changed
2026-08-03 02:49:20.673 | SUCCESS  | monitor:scan:331 - Scan Finished
2026-08-03 02:49:20.675 | INFO     | monitor:start:67 - Sleep 60 Seconds
2026-08-03 02:50:20.676 | INFO     | auth.login:ensure_login:354 - Checking Login...
2026-08-03 02:50:20.677 | SUCCESS  | auth.login:load_saved_token:192 - Saved Token Loaded
2026-08-03 02:50:20.678 | SUCCESS  | auth.login:ensure_login:362 - Using Saved Token
2026-08-03 02:50:20.678 | INFO     | monitor:scan:111 - Scanning Website...
2026-08-03 02:50:20.679 | INFO     | monitor:scan:125 - Loading Page 1
2026-08-03 02:50:20.680 | INFO     | api:get_files:60 - Loading Page 1
2026-08-03 02:50:24.008 | INFO     | api:get_file:84 - Loading File 126d519e-95f6-9843-e927-2ca3fc8ea743
2026-08-03 02:50:24.237 | INFO     | monitor:scan:273 - Reached Old Files
2026-08-03 02:50:24.238 | INFO     | monitor:scan:303 - No New Serial
2026-08-03 02:50:24.241 | INFO     | monitor:scan:325 - Nothing Changed
2026-08-03 02:50:24.243 | SUCCESS  | monitor:scan:331 - Scan Finished
2026-08-03 02:50:24.245 | INFO     | monitor:start:67 - Sleep 60 Seconds
2026-08-03 02:51:24.247 | INFO     | auth.login:ensure_login:354 - Checking Login...
2026-08-03 02:51:24.250 | SUCCESS  | auth.login:load_saved_token:192 - Saved Token Loaded
2026-08-03 02:51:24.251 | SUCCESS  | auth.login:ensure_login:362 - Using Saved Token
2026-08-03 02:51:24.252 | INFO     | monitor:scan:111 - Scanning Website...
2026-08-03 02:51:24.255 | INFO     | monitor:scan:125 - Loading Page 1
2026-08-03 02:51:24.257 | INFO     | api:get_files:60 - Loading Page 1
2026-08-03 02:51:27.354 | INFO     | api:get_file:84 - Loading File 126d519e-95f6-9843-e927-2ca3fc8ea743
2026-08-03 02:51:27.568 | INFO     | monitor:scan:273 - Reached Old Files
2026-08-03 02:51:27.568 | INFO     | monitor:scan:303 - No New Serial
2026-08-03 02:51:27.569 | INFO     | monitor:scan:325 - Nothing Changed
2026-08-03 02:51:27.569 | SUCCESS  | monitor:scan:331 - Scan Finished
2026-08-03 02:51:27.571 | INFO     | monitor:start:67 - Sleep 60 Seconds
2026-08-03 02:52:27.572 | INFO     | auth.login:ensure_login:354 - Checking Login...
2026-08-03 02:52:27.574 | SUCCESS  | auth.login:load_saved_token:192 - Saved Token Loaded
2026-08-03 02:52:27.575 | SUCCESS  | auth.login:ensure_login:362 - Using Saved Token
2026-08-03 02:52:27.577 | INFO     | monitor:scan:111 - Scanning Website...
2026-08-03 02:52:27.578 | INFO     | monitor:scan:125 - Loading Page 1
2026-08-03 02:52:27.579 | INFO     | api:get_files:60 - Loading Page 1
2026-08-03 02:52:29.122 | INFO     | api:get_file:84 - Loading File 126d519e-95f6-9843-e927-2ca3fc8ea743
2026-08-03 02:52:29.350 | INFO     | monitor:scan:273 - Reached Old Files
2026-08-03 02:52:29.352 | INFO     | monitor:scan:303 - No New Serial
2026-08-03 02:52:29.353 | INFO     | monitor:scan:325 - Nothing Changed
2026-08-03 02:52:29.354 | SUCCESS  | monitor:scan:331 - Scan Finished
2026-08-03 02:52:29.358 | INFO     | monitor:start:67 - Sleep 60 Seconds
2026-08-03 02:53:29.359 | INFO     | auth.login:ensure_login:354 - Checking Login...
2026-08-03 02:53:29.363 | SUCCESS  | auth.login:load_saved_token:192 - Saved Token Loaded
2026-08-03 02:53:29.365 | SUCCESS  | auth.login:ensure_login:362 - Using Saved Token
2026-08-03 02:53:29.367 | INFO     | monitor:scan:111 - Scanning Website...
2026-08-03 02:53:29.370 | INFO     | monitor:scan:125 - Loading Page 1
2026-08-03 02:53:29.370 | INFO     | api:get_files:60 - Loading Page 1
2026-08-03 02:53:30.868 | INFO     | api:get_file:84 - Loading File 126d519e-95f6-9843-e927-2ca3fc8ea743
2026-08-03 02:53:31.096 | INFO     | monitor:scan:273 - Reached Old Files
2026-08-03 02:53:31.096 | INFO     | monitor:scan:303 - No New Serial
2026-08-03 02:53:31.096 | INFO     | monitor:scan:325 - Nothing Changed
2026-08-03 02:53:31.096 | SUCCESS  | monitor:scan:331 - Scan Finished
2026-08-03 02:53:31.097 | INFO     | monitor:start:67 - Sleep 60 Seconds
2026-08-03 02:54:31.097 | INFO     | auth.login:ensure_login:354 - Checking Login...
2026-08-03 02:54:31.099 | SUCCESS  | auth.login:load_saved_token:192 - Saved Token Loaded
2026-08-03 02:54:31.099 | SUCCESS  | auth.login:ensure_login:362 - Using Saved Token
2026-08-03 02:54:31.099 | INFO     | monitor:scan:111 - Scanning Website...
2026-08-03 02:54:31.100 | INFO     | monitor:scan:125 - Loading Page 1
2026-08-03 02:54:31.101 | INFO     | api:get_files:60 - Loading Page 1
2026-08-03 02:54:33.193 | INFO     | api:get_file:84 - Loading File 126d519e-95f6-9843-e927-2ca3fc8ea743
2026-08-03 02:54:33.424 | INFO     | monitor:scan:273 - Reached Old Files
2026-08-03 02:54:33.426 | INFO     | monitor:scan:303 - No New Serial
2026-08-03 02:54:33.428 | INFO     | monitor:scan:325 - Nothing Changed
2026-08-03 02:54:33.429 | SUCCESS  | monitor:scan:331 - Scan Finished
2026-08-03 02:54:33.430 | INFO     | monitor:start:67 - Sleep 60 Seconds
2026-08-03 02:55:33.431 | INFO     | auth.login:ensure_login:354 - Checking Login...
2026-08-03 02:55:33.436 | SUCCESS  | auth.login:load_saved_token:192 - Saved Token Loaded
2026-08-03 02:55:33.439 | SUCCESS  | auth.login:ensure_login:362 - Using Saved Token
2026-08-03 02:55:33.442 | INFO     | monitor:scan:111 - Scanning Website...
2026-08-03 02:55:33.446 | INFO     | monitor:scan:125 - Loading Page 1
2026-08-03 02:55:33.446 | INFO     | api:get_files:60 - Loading Page 1
2026-08-03 02:55:35.180 | INFO     | api:get_file:84 - Loading File 126d519e-95f6-9843-e927-2ca3fc8ea743
2026-08-03 02:55:35.404 | INFO     | monitor:scan:273 - Reached Old Files
2026-08-03 02:55:35.406 | INFO     | monitor:scan:303 - No New Serial
2026-08-03 02:55:35.407 | INFO     | monitor:scan:325 - Nothing Changed
2026-08-03 02:55:35.408 | SUCCESS  | monitor:scan:331 - Scan Finished
2026-08-03 02:55:35.410 | INFO     | monitor:start:67 - Sleep 60 Seconds
2026-08-03 02:56:35.413 | INFO     | auth.login:ensure_login:354 - Checking Login...
2026-08-03 02:56:35.415 | SUCCESS  | auth.login:load_saved_token:192 - Saved Token Loaded
2026-08-03 02:56:35.415 | SUCCESS  | auth.login:ensure_login:362 - Using Saved Token
2026-08-03 02:56:35.416 | INFO     | monitor:scan:111 - Scanning Website...
2026-08-03 02:56:35.417 | INFO     | monitor:scan:125 - Loading Page 1
2026-08-03 02:56:35.418 | INFO     | api:get_files:60 - Loading Page 1
2026-08-03 02:56:36.913 | INFO     | api:get_file:84 - Loading File 126d519e-95f6-9843-e927-2ca3fc8ea743
2026-08-03 02:56:37.129 | INFO     | monitor:scan:273 - Reached Old Files
2026-08-03 02:56:37.130 | INFO     | monitor:scan:303 - No New Serial
2026-08-03 02:56:37.131 | INFO     | monitor:scan:325 - Nothing Changed
2026-08-03 02:56:37.131 | SUCCESS  | monitor:scan:331 - Scan Finished
2026-08-03 02:56:37.131 | INFO     | monitor:start:67 - Sleep 60 Seconds
2026-08-03 02:57:37.132 | INFO     | auth.login:ensure_login:354 - Checking Login...
2026-08-03 02:57:37.136 | SUCCESS  | auth.login:load_saved_token:192 - Saved Token Loaded
2026-08-03 02:57:37.137 | SUCCESS  | auth.login:ensure_login:362 - Using Saved Token
2026-08-03 02:57:37.138 | INFO     | monitor:scan:111 - Scanning Website...
2026-08-03 02:57:37.140 | INFO     | monitor:scan:125 - Loading Page 1
2026-08-03 02:57:37.141 | INFO     | api:get_files:60 - Loading Page 1
2026-08-03 02:57:38.671 | INFO     | api:get_file:84 - Loading File 126d519e-95f6-9843-e927-2ca3fc8ea743
2026-08-03 02:57:38.896 | INFO     | monitor:scan:273 - Reached Old Files
2026-08-03 02:57:38.897 | INFO     | monitor:scan:303 - No New Serial
2026-08-03 02:57:38.898 | INFO     | monitor:scan:325 - Nothing Changed
2026-08-03 02:57:38.900 | SUCCESS  | monitor:scan:331 - Scan Finished
2026-08-03 02:57:38.902 | INFO     | monitor:start:67 - Sleep 60 Seconds
2026-08-03 02:58:38.903 | INFO     | auth.login:ensure_login:354 - Checking Login...
2026-08-03 02:58:38.907 | SUCCESS  | auth.login:load_saved_token:192 - Saved Token Loaded
2026-08-03 02:58:38.907 | SUCCESS  | auth.login:ensure_login:362 - Using Saved Token
2026-08-03 02:58:38.908 | INFO     | monitor:scan:111 - Scanning Website...
2026-08-03 02:58:38.909 | INFO     | monitor:scan:125 - Loading Page 1
2026-08-03 02:58:38.910 | INFO     | api:get_files:60 - Loading Page 1
2026-08-03 02:58:39.334 | WARNING  | auth.login:get:411 - Access Token Expired
2026-08-03 02:58:39.336 | INFO     | auth.login:login:262 - Logging in...
2026-08-03 02:58:39.789 | SUCCESS  | auth.login:save_token:242 - Token Saved
2026-08-03 02:58:39.790 | SUCCESS  | auth.login:login:340 - Login Successful
2026-08-03 02:58:41.100 | INFO     | api:get_file:84 - Loading File 126d519e-95f6-9843-e927-2ca3fc8ea743
2026-08-03 02:58:41.316 | INFO     | monitor:scan:273 - Reached Old Files
2026-08-03 02:58:41.317 | INFO     | monitor:scan:303 - No New Serial
2026-08-03 02:58:41.317 | INFO     | monitor:scan:325 - Nothing Changed
2026-08-03 02:58:41.317 | SUCCESS  | monitor:scan:331 - Scan Finished
2026-08-03 02:58:41.318 | INFO     | monitor:start:67 - Sleep 60 Seconds
2026-08-03 02:59:41.319 | INFO     | auth.login:ensure_login:354 - Checking Login...
2026-08-03 02:59:41.326 | SUCCESS  | auth.login:load_saved_token:192 - Saved Token Loaded
2026-08-03 02:59:41.327 | SUCCESS  | auth.login:ensure_login:362 - Using Saved Token
2026-08-03 02:59:41.327 | INFO     | monitor:scan:111 - Scanning Website...
2026-08-03 02:59:41.327 | INFO     | monitor:scan:125 - Loading Page 1
2026-08-03 02:59:41.328 | INFO     | api:get_files:60 - Loading Page 1
2026-08-03 02:59:42.832 | INFO     | api:get_file:84 - Loading File 126d519e-95f6-9843-e927-2ca3fc8ea743
2026-08-03 02:59:43.057 | INFO     | monitor:scan:273 - Reached Old Files
2026-08-03 02:59:43.057 | INFO     | monitor:scan:303 - No New Serial
2026-08-03 02:59:43.057 | INFO     | monitor:scan:325 - Nothing Changed
2026-08-03 02:59:43.057 | SUCCESS  | monitor:scan:331 - Scan Finished
2026-08-03 02:59:43.058 | INFO     | monitor:start:67 - Sleep 60 Seconds
2026-08-03 03:00:43.059 | INFO     | auth.login:ensure_login:354 - Checking Login...
2026-08-03 03:00:43.061 | SUCCESS  | auth.login:load_saved_token:192 - Saved Token Loaded
2026-08-03 03:00:43.063 | SUCCESS  | auth.login:ensure_login:362 - Using Saved Token
2026-08-03 03:00:43.064 | INFO     | monitor:scan:111 - Scanning Website...
2026-08-03 03:00:43.068 | INFO     | monitor:scan:125 - Loading Page 1
2026-08-03 03:00:43.069 | INFO     | api:get_files:60 - Loading Page 1
2026-08-03 03:00:44.542 | INFO     | api:get_file:84 - Loading File 126d519e-95f6-9843-e927-2ca3fc8ea743
2026-08-03 03:00:44.758 | INFO     | monitor:scan:273 - Reached Old Files
2026-08-03 03:00:44.760 | INFO     | monitor:scan:303 - No New Serial
2026-08-03 03:00:44.762 | INFO     | monitor:scan:325 - Nothing Changed
2026-08-03 03:00:44.763 | SUCCESS  | monitor:scan:331 - Scan Finished
2026-08-03 03:00:44.765 | INFO     | monitor:start:67 - Sleep 60 Seconds
2026-08-03 03:01:44.767 | INFO     | auth.login:ensure_login:354 - Checking Login...
2026-08-03 03:01:44.771 | SUCCESS  | auth.login:load_saved_token:192 - Saved Token Loaded
2026-08-03 03:01:44.773 | SUCCESS  | auth.login:ensure_login:362 - Using Saved Token
2026-08-03 03:01:44.775 | INFO     | monitor:scan:111 - Scanning Website...
2026-08-03 03:01:44.778 | INFO     | monitor:scan:125 - Loading Page 1
2026-08-03 03:01:44.778 | INFO     | api:get_files:60 - Loading Page 1
2026-08-03 03:01:46.319 | INFO     | api:get_file:84 - Loading File 126d519e-95f6-9843-e927-2ca3fc8ea743
2026-08-03 03:01:46.549 | INFO     | monitor:scan:273 - Reached Old Files
2026-08-03 03:01:46.550 | INFO     | monitor:scan:303 - No New Serial
2026-08-03 03:01:46.552 | INFO     | monitor:scan:325 - Nothing Changed
2026-08-03 03:01:46.554 | SUCCESS  | monitor:scan:331 - Scan Finished
2026-08-03 03:01:46.556 | INFO     | monitor:start:67 - Sleep 60 Seconds
2026-08-03 03:02:46.558 | INFO     | auth.login:ensure_login:354 - Checking Login...
2026-08-03 03:02:46.560 | SUCCESS  | auth.login:load_saved_token:192 - Saved Token Loaded
2026-08-03 03:02:46.561 | SUCCESS  | auth.login:ensure_login:362 - Using Saved Token
2026-08-03 03:02:46.563 | INFO     | monitor:scan:111 - Scanning Website...
2026-08-03 03:02:46.565 | INFO     | monitor:scan:125 - Loading Page 1
2026-08-03 03:02:46.566 | INFO     | api:get_files:60 - Loading Page 1
2026-08-03 03:02:49.337 | INFO     | api:get_file:84 - Loading File 126d519e-95f6-9843-e927-2ca3fc8ea743
2026-08-03 03:02:49.563 | INFO     | monitor:scan:273 - Reached Old Files
2026-08-03 03:02:49.563 | INFO     | monitor:scan:303 - No New Serial
2026-08-03 03:02:49.564 | INFO     | monitor:scan:325 - Nothing Changed
2026-08-03 03:02:49.564 | SUCCESS  | monitor:scan:331 - Scan Finished
2026-08-03 03:02:49.564 | INFO     | monitor:start:67 - Sleep 60 Seconds
2026-08-03 03:03:49.565 | INFO     | auth.login:ensure_login:354 - Checking Login...
2026-08-03 03:03:49.566 | SUCCESS  | auth.login:load_saved_token:192 - Saved Token Loaded
2026-08-03 03:03:49.566 | SUCCESS  | auth.login:ensure_login:362 - Using Saved Token
2026-08-03 03:03:49.567 | INFO     | monitor:scan:111 - Scanning Website...
2026-08-03 03:03:49.569 | INFO     | monitor:scan:125 - Loading Page 1
2026-08-03 03:03:49.569 | INFO     | api:get_files:60 - Loading Page 1
2026-08-03 03:03:51.130 | INFO     | api:get_file:84 - Loading File 126d519e-95f6-9843-e927-2ca3fc8ea743
2026-08-03 03:03:51.356 | INFO     | monitor:scan:273 - Reached Old Files
2026-08-03 03:03:51.358 | INFO     | monitor:scan:303 - No New Serial
2026-08-03 03:03:51.362 | INFO     | monitor:scan:325 - Nothing Changed
2026-08-03 03:03:51.363 | SUCCESS  | monitor:scan:331 - Scan Finished
2026-08-03 03:03:51.365 | INFO     | monitor:start:67 - Sleep 60 Seconds
2026-08-03 03:04:51.366 | INFO     | auth.login:ensure_login:354 - Checking Login...
2026-08-03 03:04:51.371 | SUCCESS  | auth.login:load_saved_token:192 - Saved Token Loaded
2026-08-03 03:04:51.373 | SUCCESS  | auth.login:ensure_login:362 - Using Saved Token
2026-08-03 03:04:51.375 | INFO     | monitor:scan:111 - Scanning Website...
2026-08-03 03:04:51.378 | INFO     | monitor:scan:125 - Loading Page 1
2026-08-03 03:04:51.378 | INFO     | api:get_files:60 - Loading Page 1
2026-08-03 03:04:54.855 | INFO     | api:get_file:84 - Loading File 126d519e-95f6-9843-e927-2ca3fc8ea743
2026-08-03 03:04:55.088 | INFO     | monitor:scan:273 - Reached Old Files
2026-08-03 03:04:55.088 | INFO     | monitor:scan:303 - No New Serial
2026-08-03 03:04:55.089 | INFO     | monitor:scan:325 - Nothing Changed
2026-08-03 03:04:55.090 | SUCCESS  | monitor:scan:331 - Scan Finished
2026-08-03 03:04:55.091 | INFO     | monitor:start:67 - Sleep 60 Seconds
2026-08-03 03:05:55.092 | INFO     | auth.login:ensure_login:354 - Checking Login...
2026-08-03 03:05:55.094 | SUCCESS  | auth.login:load_saved_token:192 - Saved Token Loaded
2026-08-03 03:05:55.095 | SUCCESS  | auth.login:ensure_login:362 - Using Saved Token
2026-08-03 03:05:55.095 | INFO     | monitor:scan:111 - Scanning Website...
2026-08-03 03:05:55.098 | INFO     | monitor:scan:125 - Loading Page 1
2026-08-03 03:05:55.098 | INFO     | api:get_files:60 - Loading Page 1
2026-08-03 03:05:58.439 | INFO     | api:get_file:84 - Loading File 126d519e-95f6-9843-e927-2ca3fc8ea743
2026-08-03 03:05:58.655 | INFO     | monitor:scan:273 - Reached Old Files
2026-08-03 03:05:58.656 | INFO     | monitor:scan:303 - No New Serial
2026-08-03 03:05:58.658 | INFO     | monitor:scan:325 - Nothing Changed
2026-08-03 03:05:58.659 | SUCCESS  | monitor:scan:331 - Scan Finished
2026-08-03 03:05:58.661 | INFO     | monitor:start:67 - Sleep 60 Seconds
2026-08-03 03:06:58.662 | INFO     | auth.login:ensure_login:354 - Checking Login...
2026-08-03 03:06:58.665 | SUCCESS  | auth.login:load_saved_token:192 - Saved Token Loaded
2026-08-03 03:06:58.666 | SUCCESS  | auth.login:ensure_login:362 - Using Saved Token
2026-08-03 03:06:58.668 | INFO     | monitor:scan:111 - Scanning Website...
2026-08-03 03:06:58.672 | INFO     | monitor:scan:125 - Loading Page 1
2026-08-03 03:06:58.674 | INFO     | api:get_files:60 - Loading Page 1
2026-08-03 03:07:00.192 | INFO     | api:get_file:84 - Loading File 126d519e-95f6-9843-e927-2ca3fc8ea743
2026-08-03 03:07:00.419 | INFO     | monitor:scan:273 - Reached Old Files
2026-08-03 03:07:00.420 | INFO     | monitor:scan:303 - No New Serial
2026-08-03 03:07:00.421 | INFO     | monitor:scan:325 - Nothing Changed
2026-08-03 03:07:00.422 | SUCCESS  | monitor:scan:331 - Scan Finished
2026-08-03 03:07:00.424 | INFO     | monitor:start:67 - Sleep 60 Seconds
2026-08-03 03:08:00.426 | INFO     | auth.login:ensure_login:354 - Checking Login...
2026-08-03 03:08:00.430 | SUCCESS  | auth.login:load_saved_token:192 - Saved Token Loaded
2026-08-03 03:08:00.431 | SUCCESS  | auth.login:ensure_login:362 - Using Saved Token
2026-08-03 03:08:00.431 | INFO     | monitor:scan:111 - Scanning Website...
2026-08-03 03:08:00.433 | INFO     | monitor:scan:125 - Loading Page 1
2026-08-03 03:08:00.434 | INFO     | api:get_files:60 - Loading Page 1
2026-08-03 03:08:01.952 | INFO     | api:get_file:84 - Loading File 126d519e-95f6-9843-e927-2ca3fc8ea743
2026-08-03 03:08:02.200 | INFO     | monitor:scan:273 - Reached Old Files
2026-08-03 03:08:02.200 | INFO     | monitor:scan:303 - No New Serial
2026-08-03 03:08:02.201 | INFO     | monitor:scan:325 - Nothing Changed
2026-08-03 03:08:02.201 | SUCCESS  | monitor:scan:331 - Scan Finished
2026-08-03 03:08:02.202 | INFO     | monitor:start:67 - Sleep 60 Seconds
2026-08-03 03:09:02.203 | INFO     | auth.login:ensure_login:354 - Checking Login...
2026-08-03 03:09:02.206 | SUCCESS  | auth.login:load_saved_token:192 - Saved Token Loaded
2026-08-03 03:09:02.207 | SUCCESS  | auth.login:ensure_login:362 - Using Saved Token
2026-08-03 03:09:02.207 | INFO     | monitor:scan:111 - Scanning Website...
2026-08-03 03:09:02.208 | INFO     | monitor:scan:125 - Loading Page 1
2026-08-03 03:09:02.209 | INFO     | api:get_files:60 - Loading Page 1
2026-08-03 03:09:02.632 | WARNING  | auth.login:get:411 - Access Token Expired
2026-08-03 03:09:02.633 | INFO     | auth.login:login:262 - Logging in...
2026-08-03 03:09:03.035 | SUCCESS  | auth.login:save_token:242 - Token Saved
2026-08-03 03:09:03.035 | SUCCESS  | auth.login:login:340 - Login Successful
2026-08-03 03:09:04.323 | INFO     | api:get_file:84 - Loading File 126d519e-95f6-9843-e927-2ca3fc8ea743
2026-08-03 03:09:04.547 | INFO     | monitor:scan:273 - Reached Old Files
2026-08-03 03:09:04.547 | INFO     | monitor:scan:303 - No New Serial
2026-08-03 03:09:04.548 | INFO     | monitor:scan:325 - Nothing Changed
2026-08-03 03:09:04.548 | SUCCESS  | monitor:scan:331 - Scan Finished
2026-08-03 03:09:04.548 | INFO     | monitor:start:67 - Sleep 60 Seconds
2026-08-03 03:10:04.549 | INFO     | auth.login:ensure_login:354 - Checking Login...
2026-08-03 03:10:04.595 | SUCCESS  | auth.login:load_saved_token:192 - Saved Token Loaded
2026-08-03 03:10:04.595 | SUCCESS  | auth.login:ensure_login:362 - Using Saved Token
2026-08-03 03:10:04.596 | INFO     | monitor:scan:111 - Scanning Website...
2026-08-03 03:10:04.597 | INFO     | monitor:scan:125 - Loading Page 1
2026-08-03 03:10:04.598 | INFO     | api:get_files:60 - Loading Page 1
2026-08-03 03:10:06.273 | INFO     | api:get_file:84 - Loading File 126d519e-95f6-9843-e927-2ca3fc8ea743
2026-08-03 03:10:06.506 | INFO     | monitor:scan:273 - Reached Old Files
2026-08-03 03:10:06.507 | INFO     | monitor:scan:303 - No New Serial
2026-08-03 03:10:06.507 | INFO     | monitor:scan:325 - Nothing Changed
2026-08-03 03:10:06.508 | SUCCESS  | monitor:scan:331 - Scan Finished
2026-08-03 03:10:06.508 | INFO     | monitor:start:67 - Sleep 60 Seconds
2026-08-03 03:11:06.509 | INFO     | auth.login:ensure_login:354 - Checking Login...
2026-08-03 03:11:06.510 | SUCCESS  | auth.login:load_saved_token:192 - Saved Token Loaded
2026-08-03 03:11:06.511 | SUCCESS  | auth.login:ensure_login:362 - Using Saved Token
2026-08-03 03:11:06.511 | INFO     | monitor:scan:111 - Scanning Website...
2026-08-03 03:11:06.513 | INFO     | monitor:scan:125 - Loading Page 1
2026-08-03 03:11:06.513 | INFO     | api:get_files:60 - Loading Page 1
2026-08-03 03:11:09.904 | INFO     | api:get_file:84 - Loading File 126d519e-95f6-9843-e927-2ca3fc8ea743
2026-08-03 03:11:10.121 | INFO     | monitor:scan:273 - Reached Old Files
2026-08-03 03:11:10.122 | INFO     | monitor:scan:303 - No New Serial
2026-08-03 03:11:10.124 | INFO     | monitor:scan:325 - Nothing Changed
2026-08-03 03:11:10.125 | SUCCESS  | monitor:scan:331 - Scan Finished
2026-08-03 03:11:10.125 | INFO     | monitor:start:67 - Sleep 60 Seconds
2026-08-03 03:12:10.126 | INFO     | auth.login:ensure_login:354 - Checking Login...
2026-08-03 03:12:10.131 | SUCCESS  | auth.login:load_saved_token:192 - Saved Token Loaded
2026-08-03 03:12:10.132 | SUCCESS  | auth.login:ensure_login:362 - Using Saved Token
2026-08-03 03:12:10.133 | INFO     | monitor:scan:111 - Scanning Website...
2026-08-03 03:12:10.136 | INFO     | monitor:scan:125 - Loading Page 1
2026-08-03 03:12:10.137 | INFO     | api:get_files:60 - Loading Page 1
2026-08-03 03:12:12.068 | INFO     | api:get_file:84 - Loading File 126d519e-95f6-9843-e927-2ca3fc8ea743
2026-08-03 03:12:12.292 | INFO     | monitor:scan:273 - Reached Old Files
2026-08-03 03:12:12.294 | INFO     | monitor:scan:303 - No New Serial
2026-08-03 03:12:12.294 | INFO     | monitor:scan:325 - Nothing Changed
2026-08-03 03:12:12.296 | SUCCESS  | monitor:scan:331 - Scan Finished
2026-08-03 03:12:12.300 | INFO     | monitor:start:67 - Sleep 60 Seconds
2026-08-03 03:13:12.304 | INFO     | auth.login:ensure_login:354 - Checking Login...
2026-08-03 03:13:12.309 | SUCCESS  | auth.login:load_saved_token:192 - Saved Token Loaded
2026-08-03 03:13:12.311 | SUCCESS  | auth.login:ensure_login:362 - Using Saved Token
2026-08-03 03:13:12.314 | INFO     | monitor:scan:111 - Scanning Website...
2026-08-03 03:13:12.316 | INFO     | monitor:scan:125 - Loading Page 1
2026-08-03 03:13:12.318 | INFO     | api:get_files:60 - Loading Page 1
2026-08-03 03:13:13.774 | INFO     | api:get_file:84 - Loading File 126d519e-95f6-9843-e927-2ca3fc8ea743
2026-08-03 03:13:13.992 | INFO     | monitor:scan:273 - Reached Old Files
2026-08-03 03:13:13.992 | INFO     | monitor:scan:303 - No New Serial
2026-08-03 03:13:13.992 | INFO     | monitor:scan:325 - Nothing Changed
2026-08-03 03:13:13.992 | SUCCESS  | monitor:scan:331 - Scan Finished
2026-08-03 03:13:13.993 | INFO     | monitor:start:67 - Sleep 60 Seconds
2026-08-03 03:14:13.993 | INFO     | auth.login:ensure_login:354 - Checking Login...
2026-08-03 03:14:13.994 | SUCCESS  | auth.login:load_saved_token:192 - Saved Token Loaded
2026-08-03 03:14:13.994 | SUCCESS  | auth.login:ensure_login:362 - Using Saved Token
2026-08-03 03:14:13.995 | INFO     | monitor:scan:111 - Scanning Website...
2026-08-03 03:14:13.995 | INFO     | monitor:scan:125 - Loading Page 1
2026-08-03 03:14:13.995 | INFO     | api:get_files:60 - Loading Page 1
2026-08-03 03:14:15.700 | INFO     | api:get_file:84 - Loading File 126d519e-95f6-9843-e927-2ca3fc8ea743
2026-08-03 03:14:15.927 | INFO     | monitor:scan:273 - Reached Old Files
2026-08-03 03:14:15.927 | INFO     | monitor:scan:303 - No New Serial
2026-08-03 03:14:15.928 | INFO     | monitor:scan:325 - Nothing Changed
2026-08-03 03:14:15.928 | SUCCESS  | monitor:scan:331 - Scan Finished
2026-08-03 03:14:15.928 | INFO     | monitor:start:67 - Sleep 60 Seconds
2026-08-03 03:15:15.929 | INFO     | auth.login:ensure_login:354 - Checking Login...
2026-08-03 03:15:15.931 | SUCCESS  | auth.login:load_saved_token:192 - Saved Token Loaded
2026-08-03 03:15:15.933 | SUCCESS  | auth.login:ensure_login:362 - Using Saved Token
2026-08-03 03:15:15.934 | INFO     | monitor:scan:111 - Scanning Website...
2026-08-03 03:15:15.936 | INFO     | monitor:scan:125 - Loading Page 1
2026-08-03 03:15:15.937 | INFO     | api:get_files:60 - Loading Page 1
2026-08-03 03:15:18.599 | INFO     | api:get_file:84 - Loading File 126d519e-95f6-9843-e927-2ca3fc8ea743
2026-08-03 03:15:18.814 | INFO     | monitor:scan:273 - Reached Old Files
2026-08-03 03:15:18.814 | INFO     | monitor:scan:303 - No New Serial
2026-08-03 03:15:18.814 | INFO     | monitor:scan:325 - Nothing Changed
2026-08-03 03:15:18.814 | SUCCESS  | monitor:scan:331 - Scan Finished
2026-08-03 03:15:18.815 | INFO     | monitor:start:67 - Sleep 60 Seconds
2026-08-03 03:16:18.815 | INFO     | auth.login:ensure_login:354 - Checking Login...
2026-08-03 03:16:18.819 | SUCCESS  | auth.login:load_saved_token:192 - Saved Token Loaded
2026-08-03 03:16:18.820 | SUCCESS  | auth.login:ensure_login:362 - Using Saved Token
2026-08-03 03:16:18.821 | INFO     | monitor:scan:111 - Scanning Website...
2026-08-03 03:16:18.824 | INFO     | monitor:scan:125 - Loading Page 1
2026-08-03 03:16:18.825 | INFO     | api:get_files:60 - Loading Page 1
2026-08-03 03:16:20.333 | INFO     | api:get_file:84 - Loading File 126d519e-95f6-9843-e927-2ca3fc8ea743
2026-08-03 03:16:20.563 | INFO     | monitor:scan:273 - Reached Old Files
2026-08-03 03:16:20.565 | INFO     | monitor:scan:303 - No New Serial
2026-08-03 03:16:20.566 | INFO     | monitor:scan:325 - Nothing Changed
2026-08-03 03:16:20.568 | SUCCESS  | monitor:scan:331 - Scan Finished
2026-08-03 03:16:20.568 | INFO     | monitor:start:67 - Sleep 60 Seconds
2026-08-03 03:17:20.569 | INFO     | auth.login:ensure_login:354 - Checking Login...
2026-08-03 03:17:20.572 | SUCCESS  | auth.login:load_saved_token:192 - Saved Token Loaded
2026-08-03 03:17:20.573 | SUCCESS  | auth.login:ensure_login:362 - Using Saved Token
2026-08-03 03:17:20.574 | INFO     | monitor:scan:111 - Scanning Website...
2026-08-03 03:17:20.576 | INFO     | monitor:scan:125 - Loading Page 1
2026-08-03 03:17:20.577 | INFO     | api:get_files:60 - Loading Page 1
2026-08-03 03:17:23.612 | INFO     | api:get_file:84 - Loading File 126d519e-95f6-9843-e927-2ca3fc8ea743
2026-08-03 03:17:23.825 | INFO     | monitor:scan:273 - Reached Old Files
2026-08-03 03:17:23.826 | INFO     | monitor:scan:303 - No New Serial
2026-08-03 03:17:23.826 | INFO     | monitor:scan:325 - Nothing Changed
2026-08-03 03:17:23.826 | SUCCESS  | monitor:scan:331 - Scan Finished
2026-08-03 03:17:23.827 | INFO     | monitor:start:67 - Sleep 60 Seconds
2026-08-03 03:18:23.827 | INFO     | auth.login:ensure_login:354 - Checking Login...
2026-08-03 03:18:23.832 | SUCCESS  | auth.login:load_saved_token:192 - Saved Token Loaded
2026-08-03 03:18:23.834 | SUCCESS  | auth.login:ensure_login:362 - Using Saved Token
2026-08-03 03:18:23.837 | INFO     | monitor:scan:111 - Scanning Website...
2026-08-03 03:18:23.841 | INFO     | monitor:scan:125 - Loading Page 1
2026-08-03 03:18:23.841 | INFO     | api:get_files:60 - Loading Page 1
2026-08-03 03:18:25.331 | INFO     | api:get_file:84 - Loading File 126d519e-95f6-9843-e927-2ca3fc8ea743
2026-08-03 03:18:25.558 | INFO     | monitor:scan:273 - Reached Old Files
2026-08-03 03:18:25.558 | INFO     | monitor:scan:303 - No New Serial
2026-08-03 03:18:25.558 | INFO     | monitor:scan:325 - Nothing Changed
2026-08-03 03:18:25.559 | SUCCESS  | monitor:scan:331 - Scan Finished
2026-08-03 03:18:25.560 | INFO     | monitor:start:67 - Sleep 60 Seconds
2026-08-03 03:19:25.561 | INFO     | auth.login:ensure_login:354 - Checking Login...
2026-08-03 03:19:25.565 | SUCCESS  | auth.login:load_saved_token:192 - Saved Token Loaded
2026-08-03 03:19:25.566 | SUCCESS  | auth.login:ensure_login:362 - Using Saved Token
2026-08-03 03:19:25.566 | INFO     | monitor:scan:111 - Scanning Website...
2026-08-03 03:19:25.569 | INFO     | monitor:scan:125 - Loading Page 1
2026-08-03 03:19:25.570 | INFO     | api:get_files:60 - Loading Page 1
2026-08-03 03:19:26.021 | WARNING  | auth.login:get:411 - Access Token Expired
2026-08-03 03:19:26.022 | INFO     | auth.login:login:262 - Logging in...
2026-08-03 03:19:26.462 | SUCCESS  | auth.login:save_token:242 - Token Saved
2026-08-03 03:19:26.463 | SUCCESS  | auth.login:login:340 - Login Successful
2026-08-03 03:19:27.627 | INFO     | api:get_file:84 - Loading File 126d519e-95f6-9843-e927-2ca3fc8ea743
2026-08-03 03:19:27.850 | INFO     | monitor:scan:273 - Reached Old Files
2026-08-03 03:19:27.852 | INFO     | monitor:scan:303 - No New Serial
2026-08-03 03:19:27.854 | INFO     | monitor:scan:325 - Nothing Changed
2026-08-03 03:19:27.855 | SUCCESS  | monitor:scan:331 - Scan Finished
2026-08-03 03:19:27.856 | INFO     | monitor:start:67 - Sleep 60 Seconds
2026-08-03 03:20:27.857 | INFO     | auth.login:ensure_login:354 - Checking Login...
2026-08-03 03:20:27.888 | SUCCESS  | auth.login:load_saved_token:192 - Saved Token Loaded
2026-08-03 03:20:27.889 | SUCCESS  | auth.login:ensure_login:362 - Using Saved Token
2026-08-03 03:20:27.889 | INFO     | monitor:scan:111 - Scanning Website...
2026-08-03 03:20:27.890 | INFO     | monitor:scan:125 - Loading Page 1
2026-08-03 03:20:27.890 | INFO     | api:get_files:60 - Loading Page 1
2026-08-03 03:20:29.372 | INFO     | api:get_file:84 - Loading File 126d519e-95f6-9843-e927-2ca3fc8ea743
2026-08-03 03:20:29.593 | INFO     | monitor:scan:273 - Reached Old Files
2026-08-03 03:20:29.594 | INFO     | monitor:scan:303 - No New Serial
2026-08-03 03:20:29.595 | INFO     | monitor:scan:325 - Nothing Changed
2026-08-03 03:20:29.596 | SUCCESS  | monitor:scan:331 - Scan Finished
2026-08-03 03:20:29.599 | INFO     | monitor:start:67 - Sleep 60 Seconds
2026-08-03 03:21:29.602 | INFO     | auth.login:ensure_login:354 - Checking Login...
2026-08-03 03:21:29.605 | SUCCESS  | auth.login:load_saved_token:192 - Saved Token Loaded
2026-08-03 03:21:29.607 | SUCCESS  | auth.login:ensure_login:362 - Using Saved Token
2026-08-03 03:21:29.608 | INFO     | monitor:scan:111 - Scanning Website...
2026-08-03 03:21:29.611 | INFO     | monitor:scan:125 - Loading Page 1
2026-08-03 03:21:29.612 | INFO     | api:get_files:60 - Loading Page 1
2026-08-03 03:21:31.244 | INFO     | api:get_file:84 - Loading File 126d519e-95f6-9843-e927-2ca3fc8ea743
2026-08-03 03:21:31.468 | INFO     | monitor:scan:273 - Reached Old Files
2026-08-03 03:21:31.468 | INFO     | monitor:scan:303 - No New Serial
2026-08-03 03:21:31.468 | INFO     | monitor:scan:325 - Nothing Changed
2026-08-03 03:21:31.468 | SUCCESS  | monitor:scan:331 - Scan Finished
2026-08-03 03:21:31.469 | INFO     | monitor:start:67 - Sleep 60 Seconds
2026-08-03 03:22:31.470 | INFO     | auth.login:ensure_login:354 - Checking Login...
2026-08-03 03:22:31.474 | SUCCESS  | auth.login:load_saved_token:192 - Saved Token Loaded
2026-08-03 03:22:31.475 | SUCCESS  | auth.login:ensure_login:362 - Using Saved Token
2026-08-03 03:22:31.476 | INFO     | monitor:scan:111 - Scanning Website...
2026-08-03 03:22:31.479 | INFO     | monitor:scan:125 - Loading Page 1
2026-08-03 03:22:31.480 | INFO     | api:get_files:60 - Loading Page 1
2026-08-03 03:22:33.040 | INFO     | api:get_file:84 - Loading File 126d519e-95f6-9843-e927-2ca3fc8ea743
2026-08-03 03:22:33.273 | INFO     | monitor:scan:273 - Reached Old Files
2026-08-03 03:22:33.273 | INFO     | monitor:scan:303 - No New Serial
2026-08-03 03:22:33.274 | INFO     | monitor:scan:325 - Nothing Changed
2026-08-03 03:22:33.275 | SUCCESS  | monitor:scan:331 - Scan Finished
2026-08-03 03:22:33.276 | INFO     | monitor:start:67 - Sleep 60 Seconds
2026-08-03 03:23:33.278 | INFO     | auth.login:ensure_login:354 - Checking Login...
2026-08-03 03:23:33.281 | SUCCESS  | auth.login:load_saved_token:192 - Saved Token Loaded
2026-08-03 03:23:33.282 | SUCCESS  | auth.login:ensure_login:362 - Using Saved Token
2026-08-03 03:23:33.283 | INFO     | monitor:scan:111 - Scanning Website...
2026-08-03 03:23:33.286 | INFO     | monitor:scan:125 - Loading Page 1
2026-08-03 03:23:33.288 | INFO     | api:get_files:60 - Loading Page 1
2026-08-03 03:23:34.746 | INFO     | api:get_file:84 - Loading File 126d519e-95f6-9843-e927-2ca3fc8ea743
2026-08-03 03:23:34.965 | INFO     | monitor:scan:273 - Reached Old Files
2026-08-03 03:23:34.967 | INFO     | monitor:scan:303 - No New Serial
2026-08-03 03:23:34.967 | INFO     | monitor:scan:325 - Nothing Changed
2026-08-03 03:23:34.968 | SUCCESS  | monitor:scan:331 - Scan Finished
2026-08-03 03:23:34.969 | INFO     | monitor:start:67 - Sleep 60 Seconds
2026-08-03 03:24:34.970 | INFO     | auth.login:ensure_login:354 - Checking Login...
2026-08-03 03:24:34.973 | SUCCESS  | auth.login:load_saved_token:192 - Saved Token Loaded
2026-08-03 03:24:34.974 | SUCCESS  | auth.login:ensure_login:362 - Using Saved Token
2026-08-03 03:24:34.975 | INFO     | monitor:scan:111 - Scanning Website...
2026-08-03 03:24:34.977 | INFO     | monitor:scan:125 - Loading Page 1
2026-08-03 03:24:34.977 | INFO     | api:get_files:60 - Loading Page 1
2026-08-03 03:24:36.460 | INFO     | api:get_file:84 - Loading File 126d519e-95f6-9843-e927-2ca3fc8ea743
2026-08-03 03:24:36.693 | INFO     | monitor:scan:273 - Reached Old Files
2026-08-03 03:24:36.695 | INFO     | monitor:scan:303 - No New Serial
2026-08-03 03:24:36.696 | INFO     | monitor:scan:325 - Nothing Changed
2026-08-03 03:24:36.698 | SUCCESS  | monitor:scan:331 - Scan Finished
2026-08-03 03:24:36.701 | INFO     | monitor:start:67 - Sleep 60 Seconds
2026-08-03 03:25:36.702 | INFO     | auth.login:ensure_login:354 - Checking Login...
2026-08-03 03:25:36.703 | SUCCESS  | auth.login:load_saved_token:192 - Saved Token Loaded
2026-08-03 03:25:36.704 | SUCCESS  | auth.login:ensure_login:362 - Using Saved Token
2026-08-03 03:25:36.704 | INFO     | monitor:scan:111 - Scanning Website...
2026-08-03 03:25:36.704 | INFO     | monitor:scan:125 - Loading Page 1
2026-08-03 03:25:36.705 | INFO     | api:get_files:60 - Loading Page 1
2026-08-03 03:25:38.508 | INFO     | api:get_file:84 - Loading File 126d519e-95f6-9843-e927-2ca3fc8ea743
2026-08-03 03:25:38.733 | INFO     | monitor:scan:273 - Reached Old Files
2026-08-03 03:25:38.735 | INFO     | monitor:scan:303 - No New Serial
2026-08-03 03:25:38.736 | INFO     | monitor:scan:325 - Nothing Changed
2026-08-03 03:25:38.737 | SUCCESS  | monitor:scan:331 - Scan Finished
2026-08-03 03:25:38.739 | INFO     | monitor:start:67 - Sleep 60 Seconds
2026-08-03 03:26:38.740 | INFO     | auth.login:ensure_login:354 - Checking Login...
2026-08-03 03:26:38.744 | SUCCESS  | auth.login:load_saved_token:192 - Saved Token Loaded
2026-08-03 03:26:38.745 | SUCCESS  | auth.login:ensure_login:362 - Using Saved Token
2026-08-03 03:26:38.746 | INFO     | monitor:scan:111 - Scanning Website...
2026-08-03 03:26:38.750 | INFO     | monitor:scan:125 - Loading Page 1
2026-08-03 03:26:38.752 | INFO     | api:get_files:60 - Loading Page 1
2026-08-03 03:26:40.400 | INFO     | api:get_file:84 - Loading File 126d519e-95f6-9843-e927-2ca3fc8ea743
2026-08-03 03:26:40.626 | INFO     | monitor:scan:273 - Reached Old Files
2026-08-03 03:26:40.627 | INFO     | monitor:scan:303 - No New Serial
2026-08-03 03:26:40.627 | INFO     | monitor:scan:325 - Nothing Changed
2026-08-03 03:26:40.627 | SUCCESS  | monitor:scan:331 - Scan Finished
2026-08-03 03:26:40.629 | INFO     | monitor:start:67 - Sleep 60 Seconds
2026-08-03 03:27:40.630 | INFO     | auth.login:ensure_login:354 - Checking Login...
2026-08-03 03:27:40.634 | SUCCESS  | auth.login:load_saved_token:192 - Saved Token Loaded
2026-08-03 03:27:40.635 | SUCCESS  | auth.login:ensure_login:362 - Using Saved Token
2026-08-03 03:27:40.637 | INFO     | monitor:scan:111 - Scanning Website...
2026-08-03 03:27:40.639 | INFO     | monitor:scan:125 - Loading Page 1
2026-08-03 03:27:40.640 | INFO     | api:get_files:60 - Loading Page 1
2026-08-03 03:27:43.841 | INFO     | api:get_file:84 - Loading File 126d519e-95f6-9843-e927-2ca3fc8ea743
2026-08-03 03:27:44.063 | INFO     | monitor:scan:273 - Reached Old Files
2026-08-03 03:27:44.063 | INFO     | monitor:scan:303 - No New Serial
2026-08-03 03:27:44.064 | INFO     | monitor:scan:325 - Nothing Changed
2026-08-03 03:27:44.064 | SUCCESS  | monitor:scan:331 - Scan Finished
2026-08-03 03:27:44.065 | INFO     | monitor:start:67 - Sleep 60 Seconds
2026-08-03 03:28:44.066 | INFO     | auth.login:ensure_login:354 - Checking Login...
2026-08-03 03:28:44.067 | SUCCESS  | auth.login:load_saved_token:192 - Saved Token Loaded
2026-08-03 03:28:44.068 | SUCCESS  | auth.login:ensure_login:362 - Using Saved Token
2026-08-03 03:28:44.068 | INFO     | monitor:scan:111 - Scanning Website...
2026-08-03 03:28:44.069 | INFO     | monitor:scan:125 - Loading Page 1
2026-08-03 03:28:44.069 | INFO     | api:get_files:60 - Loading Page 1
2026-08-03 03:28:45.580 | INFO     | api:get_file:84 - Loading File 126d519e-95f6-9843-e927-2ca3fc8ea743
2026-08-03 03:28:45.805 | INFO     | monitor:scan:273 - Reached Old Files
2026-08-03 03:28:45.806 | INFO     | monitor:scan:303 - No New Serial
2026-08-03 03:28:45.806 | INFO     | monitor:scan:325 - Nothing Changed
2026-08-03 03:28:45.807 | SUCCESS  | monitor:scan:331 - Scan Finished
2026-08-03 03:28:45.807 | INFO     | monitor:start:67 - Sleep 60 Seconds
2026-08-03 03:29:45.808 | INFO     | auth.login:ensure_login:354 - Checking Login...
2026-08-03 03:29:45.814 | SUCCESS  | auth.login:load_saved_token:192 - Saved Token Loaded
2026-08-03 03:29:45.817 | SUCCESS  | auth.login:ensure_login:362 - Using Saved Token
2026-08-03 03:29:45.819 | INFO     | monitor:scan:111 - Scanning Website...
2026-08-03 03:29:45.822 | INFO     | monitor:scan:125 - Loading Page 1
2026-08-03 03:29:45.822 | INFO     | api:get_files:60 - Loading Page 1
2026-08-03 03:29:46.242 | WARNING  | auth.login:get:411 - Access Token Expired
2026-08-03 03:29:46.243 | INFO     | auth.login:login:262 - Logging in...
2026-08-03 03:29:46.708 | SUCCESS  | auth.login:save_token:242 - Token Saved
2026-08-03 03:29:46.711 | SUCCESS  | auth.login:login:340 - Login Successful
2026-08-03 03:29:47.881 | INFO     | api:get_file:84 - Loading File 126d519e-95f6-9843-e927-2ca3fc8ea743
2026-08-03 03:29:48.108 | INFO     | monitor:scan:273 - Reached Old Files
2026-08-03 03:29:48.109 | INFO     | monitor:scan:303 - No New Serial
2026-08-03 03:29:48.110 | INFO     | monitor:scan:325 - Nothing Changed
2026-08-03 03:29:48.111 | SUCCESS  | monitor:scan:331 - Scan Finished
2026-08-03 03:29:48.112 | INFO     | monitor:start:67 - Sleep 60 Seconds
2026-08-03 03:30:48.113 | INFO     | auth.login:ensure_login:354 - Checking Login...
2026-08-03 03:30:48.140 | SUCCESS  | auth.login:load_saved_token:192 - Saved Token Loaded
2026-08-03 03:30:48.142 | SUCCESS  | auth.login:ensure_login:362 - Using Saved Token
2026-08-03 03:30:48.143 | INFO     | monitor:scan:111 - Scanning Website...
2026-08-03 03:30:48.144 | INFO     | monitor:scan:125 - Loading Page 1
2026-08-03 03:30:48.144 | INFO     | api:get_files:60 - Loading Page 1
2026-08-03 03:30:49.812 | INFO     | api:get_file:84 - Loading File 126d519e-95f6-9843-e927-2ca3fc8ea743
2026-08-03 03:30:50.033 | INFO     | monitor:scan:273 - Reached Old Files
2026-08-03 03:30:50.033 | INFO     | monitor:scan:303 - No New Serial
2026-08-03 03:30:50.033 | INFO     | monitor:scan:325 - Nothing Changed
2026-08-03 03:30:50.033 | SUCCESS  | monitor:scan:331 - Scan Finished
2026-08-03 03:30:50.034 | INFO     | monitor:start:67 - Sleep 60 Seconds
2026-08-03 03:31:50.034 | INFO     | auth.login:ensure_login:354 - Checking Login...
2026-08-03 03:31:50.036 | SUCCESS  | auth.login:load_saved_token:192 - Saved Token Loaded
2026-08-03 03:31:50.036 | SUCCESS  | auth.login:ensure_login:362 - Using Saved Token
2026-08-03 03:31:50.037 | INFO     | monitor:scan:111 - Scanning Website...
2026-08-03 03:31:50.038 | INFO     | monitor:scan:125 - Loading Page 1
2026-08-03 03:31:50.038 | INFO     | api:get_files:60 - Loading Page 1
2026-08-03 03:31:51.654 | INFO     | api:get_file:84 - Loading File 126d519e-95f6-9843-e927-2ca3fc8ea743
2026-08-03 03:31:51.892 | INFO     | monitor:scan:273 - Reached Old Files
2026-08-03 03:31:51.894 | INFO     | monitor:scan:303 - No New Serial
2026-08-03 03:31:51.895 | INFO     | monitor:scan:325 - Nothing Changed
2026-08-03 03:31:51.896 | SUCCESS  | monitor:scan:331 - Scan Finished
2026-08-03 03:31:51.897 | INFO     | monitor:start:67 - Sleep 60 Seconds
2026-08-03 03:32:51.898 | INFO     | auth.login:ensure_login:354 - Checking Login...
2026-08-03 03:32:51.905 | SUCCESS  | auth.login:load_saved_token:192 - Saved Token Loaded
2026-08-03 03:32:51.907 | SUCCESS  | auth.login:ensure_login:362 - Using Saved Token
2026-08-03 03:32:51.908 | INFO     | monitor:scan:111 - Scanning Website...
2026-08-03 03:32:51.912 | INFO     | monitor:scan:125 - Loading Page 1
2026-08-03 03:32:51.913 | INFO     | api:get_files:60 - Loading Page 1
2026-08-03 03:32:53.324 | INFO     | api:get_file:84 - Loading File 126d519e-95f6-9843-e927-2ca3fc8ea743
2026-08-03 03:32:53.532 | INFO     | monitor:scan:273 - Reached Old Files
2026-08-03 03:32:53.533 | INFO     | monitor:scan:303 - No New Serial
2026-08-03 03:32:53.534 | INFO     | monitor:scan:325 - Nothing Changed
2026-08-03 03:32:53.535 | SUCCESS  | monitor:scan:331 - Scan Finished
2026-08-03 03:32:53.536 | INFO     | monitor:start:67 - Sleep 60 Seconds
2026-08-03 03:33:53.538 | INFO     | auth.login:ensure_login:354 - Checking Login...
2026-08-03 03:33:53.542 | SUCCESS  | auth.login:load_saved_token:192 - Saved Token Loaded
2026-08-03 03:33:53.542 | SUCCESS  | auth.login:ensure_login:362 - Using Saved Token
2026-08-03 03:33:53.543 | INFO     | monitor:scan:111 - Scanning Website...
2026-08-03 03:33:53.544 | INFO     | monitor:scan:125 - Loading Page 1
2026-08-03 03:33:53.545 | INFO     | api:get_files:60 - Loading Page 1
2026-08-03 03:33:55.501 | INFO     | api:get_file:84 - Loading File 126d519e-95f6-9843-e927-2ca3fc8ea743
2026-08-03 03:33:55.724 | INFO     | monitor:scan:273 - Reached Old Files
2026-08-03 03:33:55.724 | INFO     | monitor:scan:303 - No New Serial
2026-08-03 03:33:55.725 | INFO     | monitor:scan:325 - Nothing Changed
2026-08-03 03:33:55.725 | SUCCESS  | monitor:scan:331 - Scan Finished
2026-08-03 03:33:55.725 | INFO     | monitor:start:67 - Sleep 60 Seconds
2026-08-03 03:34:55.726 | INFO     | auth.login:ensure_login:354 - Checking Login...
2026-08-03 03:34:55.729 | SUCCESS  | auth.login:load_saved_token:192 - Saved Token Loaded
2026-08-03 03:34:55.729 | SUCCESS  | auth.login:ensure_login:362 - Using Saved Token
2026-08-03 03:34:55.730 | INFO     | monitor:scan:111 - Scanning Website...
2026-08-03 03:34:55.733 | INFO     | monitor:scan:125 - Loading Page 1
2026-08-03 03:34:55.734 | INFO     | api:get_files:60 - Loading Page 1
2026-08-03 03:34:57.286 | INFO     | api:get_file:84 - Loading File 126d519e-95f6-9843-e927-2ca3fc8ea743
2026-08-03 03:34:57.515 | INFO     | monitor:scan:273 - Reached Old Files
2026-08-03 03:34:57.515 | INFO     | monitor:scan:303 - No New Serial
2026-08-03 03:34:57.515 | INFO     | monitor:scan:325 - Nothing Changed
2026-08-03 03:34:57.516 | SUCCESS  | monitor:scan:331 - Scan Finished
2026-08-03 03:34:57.516 | INFO     | monitor:start:67 - Sleep 60 Seconds
2026-08-03 03:35:57.517 | INFO     | auth.login:ensure_login:354 - Checking Login...
2026-08-03 03:35:57.518 | SUCCESS  | auth.login:load_saved_token:192 - Saved Token Loaded
2026-08-03 03:35:57.519 | SUCCESS  | auth.login:ensure_login:362 - Using Saved Token
2026-08-03 03:35:57.519 | INFO     | monitor:scan:111 - Scanning Website...
2026-08-03 03:35:57.520 | INFO     | monitor:scan:125 - Loading Page 1
2026-08-03 03:35:57.520 | INFO     | api:get_files:60 - Loading Page 1
2026-08-03 03:35:58.913 | INFO     | api:get_file:84 - Loading File 126d519e-95f6-9843-e927-2ca3fc8ea743
2026-08-03 03:35:59.128 | INFO     | monitor:scan:273 - Reached Old Files
2026-08-03 03:35:59.129 | INFO     | monitor:scan:303 - No New Serial
2026-08-03 03:35:59.130 | INFO     | monitor:scan:325 - Nothing Changed
2026-08-03 03:35:59.131 | SUCCESS  | monitor:scan:331 - Scan Finished
2026-08-03 03:35:59.134 | INFO     | monitor:start:67 - Sleep 60 Seconds
2026-08-03 03:36:59.136 | INFO     | auth.login:ensure_login:354 - Checking Login...
2026-08-03 03:36:59.139 | SUCCESS  | auth.login:load_saved_token:192 - Saved Token Loaded
2026-08-03 03:36:59.142 | SUCCESS  | auth.login:ensure_login:362 - Using Saved Token
2026-08-03 03:36:59.142 | INFO     | monitor:scan:111 - Scanning Website...
2026-08-03 03:36:59.145 | INFO     | monitor:scan:125 - Loading Page 1
2026-08-03 03:36:59.146 | INFO     | api:get_files:60 - Loading Page 1
2026-08-03 03:37:01.976 | INFO     | api:get_file:84 - Loading File 126d519e-95f6-9843-e927-2ca3fc8ea743
2026-08-03 03:37:02.203 | INFO     | monitor:scan:273 - Reached Old Files
2026-08-03 03:37:02.205 | INFO     | monitor:scan:303 - No New Serial
2026-08-03 03:37:02.206 | INFO     | monitor:scan:325 - Nothing Changed
2026-08-03 03:37:02.207 | SUCCESS  | monitor:scan:331 - Scan Finished
2026-08-03 03:37:02.207 | INFO     | monitor:start:67 - Sleep 60 Seconds
2026-08-03 03:38:02.208 | INFO     | auth.login:ensure_login:354 - Checking Login...
2026-08-03 03:38:02.208 | SUCCESS  | auth.login:load_saved_token:192 - Saved Token Loaded
2026-08-03 03:38:02.209 | SUCCESS  | auth.login:ensure_login:362 - Using Saved Token
2026-08-03 03:38:02.209 | INFO     | monitor:scan:111 - Scanning Website...
2026-08-03 03:38:02.209 | INFO     | monitor:scan:125 - Loading Page 1
2026-08-03 03:38:02.209 | INFO     | api:get_files:60 - Loading Page 1
2026-08-03 03:38:03.667 | INFO     | api:get_file:84 - Loading File 126d519e-95f6-9843-e927-2ca3fc8ea743
2026-08-03 03:38:03.885 | INFO     | monitor:scan:273 - Reached Old Files
2026-08-03 03:38:03.885 | INFO     | monitor:scan:303 - No New Serial
2026-08-03 03:38:03.886 | INFO     | monitor:scan:325 - Nothing Changed
2026-08-03 03:38:03.886 | SUCCESS  | monitor:scan:331 - Scan Finished
2026-08-03 03:38:03.886 | INFO     | monitor:start:67 - Sleep 60 Seconds
2026-08-03 03:39:03.888 | INFO     | auth.login:ensure_login:354 - Checking Login...
2026-08-03 03:39:03.888 | SUCCESS  | auth.login:load_saved_token:192 - Saved Token Loaded
2026-08-03 03:39:03.888 | SUCCESS  | auth.login:ensure_login:362 - Using Saved Token
2026-08-03 03:39:03.889 | INFO     | monitor:scan:111 - Scanning Website...
2026-08-03 03:39:03.889 | INFO     | monitor:scan:125 - Loading Page 1
2026-08-03 03:39:03.889 | INFO     | api:get_files:60 - Loading Page 1
2026-08-03 03:39:05.417 | INFO     | api:get_file:84 - Loading File 126d519e-95f6-9843-e927-2ca3fc8ea743
2026-08-03 03:39:05.641 | INFO     | monitor:scan:273 - Reached Old Files
2026-08-03 03:39:05.642 | INFO     | monitor:scan:303 - No New Serial
2026-08-03 03:39:05.644 | INFO     | monitor:scan:325 - Nothing Changed
2026-08-03 03:39:05.645 | SUCCESS  | monitor:scan:331 - Scan Finished
2026-08-03 03:39:05.645 | INFO     | monitor:start:67 - Sleep 60 Seconds
2026-08-03 03:40:05.646 | INFO     | auth.login:ensure_login:354 - Checking Login...
2026-08-03 03:40:05.650 | SUCCESS  | auth.login:load_saved_token:192 - Saved Token Loaded
2026-08-03 03:40:05.652 | SUCCESS  | auth.login:ensure_login:362 - Using Saved Token
2026-08-03 03:40:05.654 | INFO     | monitor:scan:111 - Scanning Website...
2026-08-03 03:40:05.655 | INFO     | monitor:scan:125 - Loading Page 1
2026-08-03 03:40:05.656 | INFO     | api:get_files:60 - Loading Page 1
2026-08-03 03:40:06.100 | WARNING  | auth.login:get:411 - Access Token Expired
2026-08-03 03:40:06.101 | INFO     | auth.login:login:262 - Logging in...
2026-08-03 03:40:06.557 | SUCCESS  | auth.login:save_token:242 - Token Saved
2026-08-03 03:40:06.559 | SUCCESS  | auth.login:login:340 - Login Successful
2026-08-03 03:40:07.879 | INFO     | api:get_file:84 - Loading File 126d519e-95f6-9843-e927-2ca3fc8ea743
2026-08-03 03:40:08.105 | INFO     | monitor:scan:273 - Reached Old Files
2026-08-03 03:40:08.106 | INFO     | monitor:scan:303 - No New Serial
2026-08-03 03:40:08.106 | INFO     | monitor:scan:325 - Nothing Changed
2026-08-03 03:40:08.106 | SUCCESS  | monitor:scan:331 - Scan Finished
2026-08-03 03:40:08.108 | INFO     | monitor:start:67 - Sleep 60 Seconds
2026-08-03 03:41:08.108 | INFO     | auth.login:ensure_login:354 - Checking Login...
2026-08-03 03:41:08.129 | SUCCESS  | auth.login:load_saved_token:192 - Saved Token Loaded
2026-08-03 03:41:08.129 | SUCCESS  | auth.login:ensure_login:362 - Using Saved Token
2026-08-03 03:41:08.129 | INFO     | monitor:scan:111 - Scanning Website...
2026-08-03 03:41:08.130 | INFO     | monitor:scan:125 - Loading Page 1
2026-08-03 03:41:08.130 | INFO     | api:get_files:60 - Loading Page 1
2026-08-03 03:41:09.667 | INFO     | api:get_file:84 - Loading File 126d519e-95f6-9843-e927-2ca3fc8ea743
2026-08-03 03:41:09.887 | INFO     | monitor:scan:273 - Reached Old Files
2026-08-03 03:41:09.888 | INFO     | monitor:scan:303 - No New Serial
2026-08-03 03:41:09.888 | INFO     | monitor:scan:325 - Nothing Changed
2026-08-03 03:41:09.888 | SUCCESS  | monitor:scan:331 - Scan Finished
2026-08-03 03:41:09.889 | INFO     | monitor:start:67 - Sleep 60 Seconds
2026-08-03 03:42:09.890 | INFO     | auth.login:ensure_login:354 - Checking Login...
2026-08-03 03:42:09.891 | SUCCESS  | auth.login:load_saved_token:192 - Saved Token Loaded
2026-08-03 03:42:09.891 | SUCCESS  | auth.login:ensure_login:362 - Using Saved Token
2026-08-03 03:42:09.891 | INFO     | monitor:scan:111 - Scanning Website...
2026-08-03 03:42:09.892 | INFO     | monitor:scan:125 - Loading Page 1
2026-08-03 03:42:09.892 | INFO     | api:get_files:60 - Loading Page 1
2026-08-03 03:42:11.488 | INFO     | api:get_file:84 - Loading File 126d519e-95f6-9843-e927-2ca3fc8ea743
2026-08-03 03:42:11.715 | INFO     | monitor:scan:273 - Reached Old Files
2026-08-03 03:42:11.716 | INFO     | monitor:scan:303 - No New Serial
2026-08-03 03:42:11.716 | INFO     | monitor:scan:325 - Nothing Changed
2026-08-03 03:42:11.716 | SUCCESS  | monitor:scan:331 - Scan Finished
2026-08-03 03:42:11.717 | INFO     | monitor:start:67 - Sleep 60 Seconds
2026-08-03 03:43:11.719 | INFO     | auth.login:ensure_login:354 - Checking Login...
2026-08-03 03:43:11.722 | SUCCESS  | auth.login:load_saved_token:192 - Saved Token Loaded
2026-08-03 03:43:11.725 | SUCCESS  | auth.login:ensure_login:362 - Using Saved Token
2026-08-03 03:43:11.726 | INFO     | monitor:scan:111 - Scanning Website...
2026-08-03 03:43:11.728 | INFO     | monitor:scan:125 - Loading Page 1
2026-08-03 03:43:11.729 | INFO     | api:get_files:60 - Loading Page 1
2026-08-03 03:43:14.702 | INFO     | api:get_file:84 - Loading File 126d519e-95f6-9843-e927-2ca3fc8ea743
2026-08-03 03:43:14.928 | INFO     | monitor:scan:273 - Reached Old Files
2026-08-03 03:43:14.929 | INFO     | monitor:scan:303 - No New Serial
2026-08-03 03:43:14.929 | INFO     | monitor:scan:325 - Nothing Changed
2026-08-03 03:43:14.930 | SUCCESS  | monitor:scan:331 - Scan Finished
2026-08-03 03:43:14.930 | INFO     | monitor:start:67 - Sleep 60 Seconds
2026-08-03 03:44:14.930 | INFO     | auth.login:ensure_login:354 - Checking Login...
2026-08-03 03:44:14.931 | SUCCESS  | auth.login:load_saved_token:192 - Saved Token Loaded
2026-08-03 03:44:14.931 | SUCCESS  | auth.login:ensure_login:362 - Using Saved Token
2026-08-03 03:44:14.932 | INFO     | monitor:scan:111 - Scanning Website...
2026-08-03 03:44:14.932 | INFO     | monitor:scan:125 - Loading Page 1
2026-08-03 03:44:14.932 | INFO     | api:get_files:60 - Loading Page 1
2026-08-03 03:44:18.219 | INFO     | api:get_file:84 - Loading File 126d519e-95f6-9843-e927-2ca3fc8ea743
2026-08-03 03:44:18.438 | INFO     | monitor:scan:273 - Reached Old Files
2026-08-03 03:44:18.438 | INFO     | monitor:scan:303 - No New Serial
2026-08-03 03:44:18.439 | INFO     | monitor:scan:325 - Nothing Changed
2026-08-03 03:44:18.439 | SUCCESS  | monitor:scan:331 - Scan Finished
2026-08-03 03:44:18.439 | INFO     | monitor:start:67 - Sleep 60 Seconds
2026-08-03 03:45:18.440 | INFO     | auth.login:ensure_login:354 - Checking Login...
2026-08-03 03:45:18.442 | SUCCESS  | auth.login:load_saved_token:192 - Saved Token Loaded
2026-08-03 03:45:18.444 | SUCCESS  | auth.login:ensure_login:362 - Using Saved Token
2026-08-03 03:45:18.446 | INFO     | monitor:scan:111 - Scanning Website...
2026-08-03 03:45:18.448 | INFO     | monitor:scan:125 - Loading Page 1
2026-08-03 03:45:18.451 | INFO     | api:get_files:60 - Loading Page 1
2026-08-03 03:45:19.937 | INFO     | api:get_file:84 - Loading File 126d519e-95f6-9843-e927-2ca3fc8ea743
2026-08-03 03:45:20.162 | INFO     | monitor:scan:273 - Reached Old Files
2026-08-03 03:45:20.163 | INFO     | monitor:scan:303 - No New Serial
2026-08-03 03:45:20.164 | INFO     | monitor:scan:325 - Nothing Changed
2026-08-03 03:45:20.166 | SUCCESS  | monitor:scan:331 - Scan Finished
2026-08-03 03:45:20.169 | INFO     | monitor:start:67 - Sleep 60 Seconds
2026-08-03 03:46:20.170 | INFO     | auth.login:ensure_login:354 - Checking Login...
2026-08-03 03:46:20.173 | SUCCESS  | auth.login:load_saved_token:192 - Saved Token Loaded
2026-08-03 03:46:20.173 | SUCCESS  | auth.login:ensure_login:362 - Using Saved Token
2026-08-03 03:46:20.174 | INFO     | monitor:scan:111 - Scanning Website...
2026-08-03 03:46:20.177 | INFO     | monitor:scan:125 - Loading Page 1
2026-08-03 03:46:20.177 | INFO     | api:get_files:60 - Loading Page 1
2026-08-03 03:46:21.938 | INFO     | api:get_file:84 - Loading File 126d519e-95f6-9843-e927-2ca3fc8ea743
2026-08-03 03:46:22.168 | INFO     | monitor:scan:273 - Reached Old Files
2026-08-03 03:46:22.170 | INFO     | monitor:scan:303 - No New Serial
2026-08-03 03:46:22.171 | INFO     | monitor:scan:325 - Nothing Changed
2026-08-03 03:46:22.174 | SUCCESS  | monitor:scan:331 - Scan Finished
2026-08-03 03:46:22.175 | INFO     | monitor:start:67 - Sleep 60 Seconds
2026-08-03 03:47:22.177 | INFO     | auth.login:ensure_login:354 - Checking Login...
2026-08-03 03:47:22.181 | SUCCESS  | auth.login:load_saved_token:192 - Saved Token Loaded
2026-08-03 03:47:22.183 | SUCCESS  | auth.login:ensure_login:362 - Using Saved Token
2026-08-03 03:47:22.183 | INFO     | monitor:scan:111 - Scanning Website...
2026-08-03 03:47:22.185 | INFO     | monitor:scan:125 - Loading Page 1
2026-08-03 03:47:22.188 | INFO     | api:get_files:60 - Loading Page 1
2026-08-03 03:47:25.343 | INFO     | api:get_file:84 - Loading File 126d519e-95f6-9843-e927-2ca3fc8ea743
2026-08-03 03:47:25.563 | INFO     | monitor:scan:273 - Reached Old Files
2026-08-03 03:47:25.563 | INFO     | monitor:scan:303 - No New Serial
2026-08-03 03:47:25.563 | INFO     | monitor:scan:325 - Nothing Changed
2026-08-03 03:47:25.563 | SUCCESS  | monitor:scan:331 - Scan Finished
2026-08-03 03:47:25.564 | INFO     | monitor:start:67 - Sleep 60 Seconds
2026-08-03 03:48:25.564 | INFO     | auth.login:ensure_login:354 - Checking Login...
2026-08-03 03:48:25.565 | SUCCESS  | auth.login:load_saved_token:192 - Saved Token Loaded
2026-08-03 03:48:25.566 | SUCCESS  | auth.login:ensure_login:362 - Using Saved Token
2026-08-03 03:48:25.566 | INFO     | monitor:scan:111 - Scanning Website...
2026-08-03 03:48:25.567 | INFO     | monitor:scan:125 - Loading Page 1
2026-08-03 03:48:25.567 | INFO     | api:get_files:60 - Loading Page 1
2026-08-03 03:48:27.070 | INFO     | api:get_file:84 - Loading File 126d519e-95f6-9843-e927-2ca3fc8ea743
2026-08-03 03:48:27.294 | INFO     | monitor:scan:273 - Reached Old Files
2026-08-03 03:48:27.294 | INFO     | monitor:scan:303 - No New Serial
2026-08-03 03:48:27.294 | INFO     | monitor:scan:325 - Nothing Changed
2026-08-03 03:48:27.294 | SUCCESS  | monitor:scan:331 - Scan Finished
2026-08-03 03:48:27.295 | INFO     | monitor:start:67 - Sleep 60 Seconds
2026-08-03 03:49:27.295 | INFO     | auth.login:ensure_login:354 - Checking Login...
2026-08-03 03:49:27.298 | SUCCESS  | auth.login:load_saved_token:192 - Saved Token Loaded
2026-08-03 03:49:27.299 | SUCCESS  | auth.login:ensure_login:362 - Using Saved Token
2026-08-03 03:49:27.300 | INFO     | monitor:scan:111 - Scanning Website...
2026-08-03 03:49:27.302 | INFO     | monitor:scan:125 - Loading Page 1
2026-08-03 03:49:27.303 | INFO     | api:get_files:60 - Loading Page 1
2026-08-03 03:49:30.695 | INFO     | api:get_file:84 - Loading File 126d519e-95f6-9843-e927-2ca3fc8ea743
2026-08-03 03:49:30.924 | INFO     | monitor:scan:273 - Reached Old Files
2026-08-03 03:49:30.926 | INFO     | monitor:scan:303 - No New Serial
2026-08-03 03:49:30.929 | INFO     | monitor:scan:325 - Nothing Changed
2026-08-03 03:49:30.930 | SUCCESS  | monitor:scan:331 - Scan Finished
2026-08-03 03:49:30.932 | INFO     | monitor:start:67 - Sleep 60 Seconds
2026-08-03 03:50:30.933 | INFO     | auth.login:ensure_login:354 - Checking Login...
2026-08-03 03:50:30.937 | SUCCESS  | auth.login:load_saved_token:192 - Saved Token Loaded
2026-08-03 03:50:30.938 | SUCCESS  | auth.login:ensure_login:362 - Using Saved Token
2026-08-03 03:50:30.939 | INFO     | monitor:scan:111 - Scanning Website...
2026-08-03 03:50:30.942 | INFO     | monitor:scan:125 - Loading Page 1
2026-08-03 03:50:30.943 | INFO     | api:get_files:60 - Loading Page 1
2026-08-03 03:50:31.369 | WARNING  | auth.login:get:411 - Access Token Expired
2026-08-03 03:50:31.369 | INFO     | auth.login:login:262 - Logging in...
2026-08-03 03:50:31.824 | SUCCESS  | auth.login:save_token:242 - Token Saved
2026-08-03 03:50:31.824 | SUCCESS  | auth.login:login:340 - Login Successful
2026-08-03 03:50:33.036 | INFO     | api:get_file:84 - Loading File 126d519e-95f6-9843-e927-2ca3fc8ea743
2026-08-03 03:50:33.265 | INFO     | monitor:scan:273 - Reached Old Files
2026-08-03 03:50:33.266 | INFO     | monitor:scan:303 - No New Serial
2026-08-03 03:50:33.266 | INFO     | monitor:scan:325 - Nothing Changed
2026-08-03 03:50:33.267 | SUCCESS  | monitor:scan:331 - Scan Finished
2026-08-03 03:50:33.267 | INFO     | monitor:start:67 - Sleep 60 Seconds
2026-08-03 03:51:33.268 | INFO     | auth.login:ensure_login:354 - Checking Login...
2026-08-03 03:51:33.286 | SUCCESS  | auth.login:load_saved_token:192 - Saved Token Loaded
2026-08-03 03:51:33.286 | SUCCESS  | auth.login:ensure_login:362 - Using Saved Token
2026-08-03 03:51:33.286 | INFO     | monitor:scan:111 - Scanning Website...
2026-08-03 03:51:33.287 | INFO     | monitor:scan:125 - Loading Page 1
2026-08-03 03:51:33.288 | INFO     | api:get_files:60 - Loading Page 1
2026-08-03 03:51:34.776 | INFO     | api:get_file:84 - Loading File 126d519e-95f6-9843-e927-2ca3fc8ea743
2026-08-03 03:51:34.997 | INFO     | monitor:scan:273 - Reached Old Files
2026-08-03 03:51:34.998 | INFO     | monitor:scan:303 - No New Serial
2026-08-03 03:51:34.999 | INFO     | monitor:scan:325 - Nothing Changed
2026-08-03 03:51:35.000 | SUCCESS  | monitor:scan:331 - Scan Finished
2026-08-03 03:51:35.001 | INFO     | monitor:start:67 - Sleep 60 Seconds
2026-08-03 03:52:35.002 | INFO     | auth.login:ensure_login:354 - Checking Login...
2026-08-03 03:52:35.004 | SUCCESS  | auth.login:load_saved_token:192 - Saved Token Loaded
2026-08-03 03:52:35.005 | SUCCESS  | auth.login:ensure_login:362 - Using Saved Token
2026-08-03 03:52:35.006 | INFO     | monitor:scan:111 - Scanning Website...
2026-08-03 03:52:35.009 | INFO     | monitor:scan:125 - Loading Page 1
2026-08-03 03:52:35.009 | INFO     | api:get_files:60 - Loading Page 1
2026-08-03 03:52:37.082 | INFO     | api:get_file:84 - Loading File 126d519e-95f6-9843-e927-2ca3fc8ea743
2026-08-03 03:52:37.309 | INFO     | monitor:scan:273 - Reached Old Files
2026-08-03 03:52:37.310 | INFO     | monitor:scan:303 - No New Serial
2026-08-03 03:52:37.311 | INFO     | monitor:scan:325 - Nothing Changed
2026-08-03 03:52:37.313 | SUCCESS  | monitor:scan:331 - Scan Finished
2026-08-03 03:52:37.314 | INFO     | monitor:start:67 - Sleep 60 Seconds
2026-08-03 03:53:37.315 | INFO     | auth.login:ensure_login:354 - Checking Login...
2026-08-03 03:53:37.316 | SUCCESS  | auth.login:load_saved_token:192 - Saved Token Loaded
2026-08-03 03:53:37.317 | SUCCESS  | auth.login:ensure_login:362 - Using Saved Token
2026-08-03 03:53:37.317 | INFO     | monitor:scan:111 - Scanning Website...
2026-08-03 03:53:37.318 | INFO     | monitor:scan:125 - Loading Page 1
2026-08-03 03:53:37.318 | INFO     | api:get_files:60 - Loading Page 1
2026-08-03 03:53:38.987 | INFO     | api:get_file:84 - Loading File 126d519e-95f6-9843-e927-2ca3fc8ea743
2026-08-03 03:53:39.213 | INFO     | monitor:scan:273 - Reached Old Files
2026-08-03 03:53:39.214 | INFO     | monitor:scan:303 - No New Serial
2026-08-03 03:53:39.214 | INFO     | monitor:scan:325 - Nothing Changed
2026-08-03 03:53:39.214 | SUCCESS  | monitor:scan:331 - Scan Finished
2026-08-03 03:53:39.216 | INFO     | monitor:start:67 - Sleep 60 Seconds
2026-08-03 03:54:39.218 | INFO     | auth.login:ensure_login:354 - Checking Login...
2026-08-03 03:54:39.219 | SUCCESS  | auth.login:load_saved_token:192 - Saved Token Loaded
2026-08-03 03:54:39.219 | SUCCESS  | auth.login:ensure_login:362 - Using Saved Token
2026-08-03 03:54:39.219 | INFO     | monitor:scan:111 - Scanning Website...
2026-08-03 03:54:39.220 | INFO     | monitor:scan:125 - Loading Page 1
2026-08-03 03:54:39.221 | INFO     | api:get_files:60 - Loading Page 1
2026-08-03 03:54:41.111 | INFO     | api:get_file:84 - Loading File 126d519e-95f6-9843-e927-2ca3fc8ea743
2026-08-03 03:54:41.345 | INFO     | monitor:scan:273 - Reached Old Files
2026-08-03 03:54:41.345 | INFO     | monitor:scan:303 - No New Serial
2026-08-03 03:54:41.346 | INFO     | monitor:scan:325 - Nothing Changed
2026-08-03 03:54:41.346 | SUCCESS  | monitor:scan:331 - Scan Finished
2026-08-03 03:54:41.347 | INFO     | monitor:start:67 - Sleep 60 Seconds
2026-08-03 03:55:41.349 | INFO     | auth.login:ensure_login:354 - Checking Login...
2026-08-03 03:55:41.354 | SUCCESS  | auth.login:load_saved_token:192 - Saved Token Loaded
2026-08-03 03:55:41.355 | SUCCESS  | auth.login:ensure_login:362 - Using Saved Token
2026-08-03 03:55:41.356 | INFO     | monitor:scan:111 - Scanning Website...
2026-08-03 03:55:41.360 | INFO     | monitor:scan:125 - Loading Page 1
2026-08-03 03:55:41.362 | INFO     | api:get_files:60 - Loading Page 1
2026-08-03 03:55:42.774 | INFO     | api:get_file:84 - Loading File 126d519e-95f6-9843-e927-2ca3fc8ea743
2026-08-03 03:55:42.990 | INFO     | monitor:scan:273 - Reached Old Files
2026-08-03 03:55:42.990 | INFO     | monitor:scan:303 - No New Serial
2026-08-03 03:55:42.991 | INFO     | monitor:scan:325 - Nothing Changed
2026-08-03 03:55:42.991 | SUCCESS  | monitor:scan:331 - Scan Finished
2026-08-03 03:55:42.992 | INFO     | monitor:start:67 - Sleep 60 Seconds
2026-08-03 03:56:42.993 | INFO     | auth.login:ensure_login:354 - Checking Login...
2026-08-03 03:56:42.995 | SUCCESS  | auth.login:load_saved_token:192 - Saved Token Loaded
2026-08-03 03:56:42.996 | SUCCESS  | auth.login:ensure_login:362 - Using Saved Token
2026-08-03 03:56:42.997 | INFO     | monitor:scan:111 - Scanning Website...
2026-08-03 03:56:42.999 | INFO     | monitor:scan:125 - Loading Page 1
2026-08-03 03:56:42.999 | INFO     | api:get_files:60 - Loading Page 1
2026-08-03 03:56:44.541 | INFO     | api:get_file:84 - Loading File 126d519e-95f6-9843-e927-2ca3fc8ea743
2026-08-03 03:56:44.770 | INFO     | monitor:scan:273 - Reached Old Files
2026-08-03 03:56:44.770 | INFO     | monitor:scan:303 - No New Serial
2026-08-03 03:56:44.770 | INFO     | monitor:scan:325 - Nothing Changed
2026-08-03 03:56:44.770 | SUCCESS  | monitor:scan:331 - Scan Finished
2026-08-03 03:56:44.771 | INFO     | monitor:start:67 - Sleep 60 Seconds
2026-08-03 03:57:44.771 | INFO     | auth.login:ensure_login:354 - Checking Login...
2026-08-03 03:57:44.772 | SUCCESS  | auth.login:load_saved_token:192 - Saved Token Loaded
2026-08-03 03:57:44.772 | SUCCESS  | auth.login:ensure_login:362 - Using Saved Token
2026-08-03 03:57:44.772 | INFO     | monitor:scan:111 - Scanning Website...
2026-08-03 03:57:44.773 | INFO     | monitor:scan:125 - Loading Page 1
2026-08-03 03:57:44.773 | INFO     | api:get_files:60 - Loading Page 1
2026-08-03 03:57:47.889 | INFO     | api:get_file:84 - Loading File 126d519e-95f6-9843-e927-2ca3fc8ea743
2026-08-03 03:57:48.120 | INFO     | monitor:scan:273 - Reached Old Files
2026-08-03 03:57:48.121 | INFO     | monitor:scan:303 - No New Serial
2026-08-03 03:57:48.122 | INFO     | monitor:scan:325 - Nothing Changed
2026-08-03 03:57:48.122 | SUCCESS  | monitor:scan:331 - Scan Finished
2026-08-03 03:57:48.122 | INFO     | monitor:start:67 - Sleep 60 Seconds
2026-08-03 03:58:48.123 | INFO     | auth.login:ensure_login:354 - Checking Login...
2026-08-03 03:58:48.126 | SUCCESS  | auth.login:load_saved_token:192 - Saved Token Loaded
2026-08-03 03:58:48.128 | SUCCESS  | auth.login:ensure_login:362 - Using Saved Token
2026-08-03 03:58:48.131 | INFO     | monitor:scan:111 - Scanning Website...
2026-08-03 03:58:48.134 | INFO     | monitor:scan:125 - Loading Page 1
2026-08-03 03:58:48.134 | INFO     | api:get_files:60 - Loading Page 1
2026-08-03 03:58:51.340 | INFO     | api:get_file:84 - Loading File 126d519e-95f6-9843-e927-2ca3fc8ea743
2026-08-03 03:58:51.589 | INFO     | monitor:scan:273 - Reached Old Files
2026-08-03 03:58:51.590 | INFO     | monitor:scan:303 - No New Serial
2026-08-03 03:58:51.590 | INFO     | monitor:scan:325 - Nothing Changed
2026-08-03 03:58:51.592 | SUCCESS  | monitor:scan:331 - Scan Finished
2026-08-03 03:58:51.593 | INFO     | monitor:start:67 - Sleep 60 Seconds
2026-08-03 03:59:51.595 | INFO     | auth.login:ensure_login:354 - Checking Login...
2026-08-03 03:59:51.599 | SUCCESS  | auth.login:load_saved_token:192 - Saved Token Loaded
2026-08-03 03:59:51.601 | SUCCESS  | auth.login:ensure_login:362 - Using Saved Token
2026-08-03 03:59:51.602 | INFO     | monitor:scan:111 - Scanning Website...
2026-08-03 03:59:51.604 | INFO     | monitor:scan:125 - Loading Page 1
2026-08-03 03:59:51.605 | INFO     | api:get_files:60 - Loading Page 1
2026-08-03 03:59:53.063 | INFO     | api:get_file:84 - Loading File 126d519e-95f6-9843-e927-2ca3fc8ea743
2026-08-03 03:59:53.292 | INFO     | monitor:scan:273 - Reached Old Files
2026-08-03 03:59:53.294 | INFO     | monitor:scan:303 - No New Serial
2026-08-03 03:59:53.296 | INFO     | monitor:scan:325 - Nothing Changed
2026-08-03 03:59:53.296 | SUCCESS  | monitor:scan:331 - Scan Finished
2026-08-03 03:59:53.296 | INFO     | monitor:start:67 - Sleep 60 Seconds
2026-08-03 04:00:53.298 | INFO     | auth.login:ensure_login:354 - Checking Login...
2026-08-03 04:00:53.302 | SUCCESS  | auth.login:load_saved_token:192 - Saved Token Loaded
2026-08-03 04:00:53.304 | SUCCESS  | auth.login:ensure_login:362 - Using Saved Token
2026-08-03 04:00:53.306 | INFO     | monitor:scan:111 - Scanning Website...
2026-08-03 04:00:53.310 | INFO     | monitor:scan:125 - Loading Page 1
2026-08-03 04:00:53.312 | INFO     | api:get_files:60 - Loading Page 1
2026-08-03 04:00:53.727 | WARNING  | auth.login:get:411 - Access Token Expired
2026-08-03 04:00:53.730 | INFO     | auth.login:login:262 - Logging in...
2026-08-03 04:00:54.179 | SUCCESS  | auth.login:save_token:242 - Token Saved
2026-08-03 04:00:54.179 | SUCCESS  | auth.login:login:340 - Login Successful
2026-08-03 04:00:55.348 | INFO     | api:get_file:84 - Loading File 126d519e-95f6-9843-e927-2ca3fc8ea743
2026-08-03 04:00:55.562 | INFO     | monitor:scan:273 - Reached Old Files
2026-08-03 04:00:55.563 | INFO     | monitor:scan:303 - No New Serial
2026-08-03 04:00:55.563 | INFO     | monitor:scan:325 - Nothing Changed
2026-08-03 04:00:55.563 | SUCCESS  | monitor:scan:331 - Scan Finished
2026-08-03 04:00:55.563 | INFO     | monitor:start:67 - Sleep 60 Seconds
2026-08-03 04:01:55.564 | INFO     | auth.login:ensure_login:354 - Checking Login...
2026-08-03 04:01:55.592 | SUCCESS  | auth.login:load_saved_token:192 - Saved Token Loaded
2026-08-03 04:01:55.593 | SUCCESS  | auth.login:ensure_login:362 - Using Saved Token
2026-08-03 04:01:55.593 | INFO     | monitor:scan:111 - Scanning Website...
2026-08-03 04:01:55.594 | INFO     | monitor:scan:125 - Loading Page 1
2026-08-03 04:01:55.594 | INFO     | api:get_files:60 - Loading Page 1
2026-08-03 04:01:57.234 | INFO     | api:get_file:84 - Loading File 126d519e-95f6-9843-e927-2ca3fc8ea743
2026-08-03 04:01:57.463 | INFO     | monitor:scan:273 - Reached Old Files
2026-08-03 04:01:57.464 | INFO     | monitor:scan:303 - No New Serial
2026-08-03 04:01:57.465 | INFO     | monitor:scan:325 - Nothing Changed
2026-08-03 04:01:57.466 | SUCCESS  | monitor:scan:331 - Scan Finished
2026-08-03 04:01:57.468 | INFO     | monitor:start:67 - Sleep 60 Seconds
2026-08-03 04:02:57.469 | INFO     | auth.login:ensure_login:354 - Checking Login...
2026-08-03 04:02:57.473 | SUCCESS  | auth.login:load_saved_token:192 - Saved Token Loaded
2026-08-03 04:02:57.474 | SUCCESS  | auth.login:ensure_login:362 - Using Saved Token
2026-08-03 04:02:57.475 | INFO     | monitor:scan:111 - Scanning Website...
2026-08-03 04:02:57.477 | INFO     | monitor:scan:125 - Loading Page 1
2026-08-03 04:02:57.478 | INFO     | api:get_files:60 - Loading Page 1
2026-08-03 04:03:00.669 | INFO     | api:get_file:84 - Loading File 126d519e-95f6-9843-e927-2ca3fc8ea743
2026-08-03 04:03:00.886 | INFO     | monitor:scan:273 - Reached Old Files
2026-08-03 04:03:00.886 | INFO     | monitor:scan:303 - No New Serial
2026-08-03 04:03:00.887 | INFO     | monitor:scan:325 - Nothing Changed
2026-08-03 04:03:00.887 | SUCCESS  | monitor:scan:331 - Scan Finished
2026-08-03 04:03:00.887 | INFO     | monitor:start:67 - Sleep 60 Seconds
2026-08-03 04:04:00.888 | INFO     | auth.login:ensure_login:354 - Checking Login...
2026-08-03 04:04:00.889 | SUCCESS  | auth.login:load_saved_token:192 - Saved Token Loaded
2026-08-03 04:04:00.890 | SUCCESS  | auth.login:ensure_login:362 - Using Saved Token
2026-08-03 04:04:00.890 | INFO     | monitor:scan:111 - Scanning Website...
2026-08-03 04:04:00.891 | INFO     | monitor:scan:125 - Loading Page 1
2026-08-03 04:04:00.891 | INFO     | api:get_files:60 - Loading Page 1
2026-08-03 04:04:02.422 | INFO     | api:get_file:84 - Loading File 126d519e-95f6-9843-e927-2ca3fc8ea743
2026-08-03 04:04:02.638 | INFO     | monitor:scan:273 - Reached Old Files
2026-08-03 04:04:02.638 | INFO     | monitor:scan:303 - No New Serial
2026-08-03 04:04:02.638 | INFO     | monitor:scan:325 - Nothing Changed
2026-08-03 04:04:02.638 | SUCCESS  | monitor:scan:331 - Scan Finished
2026-08-03 04:04:02.639 | INFO     | monitor:start:67 - Sleep 60 Seconds
2026-08-03 04:05:02.640 | INFO     | auth.login:ensure_login:354 - Checking Login...
2026-08-03 04:05:02.646 | SUCCESS  | auth.login:load_saved_token:192 - Saved Token Loaded
2026-08-03 04:05:02.648 | SUCCESS  | auth.login:ensure_login:362 - Using Saved Token
2026-08-03 04:05:02.650 | INFO     | monitor:scan:111 - Scanning Website...
2026-08-03 04:05:02.654 | INFO     | monitor:scan:125 - Loading Page 1
2026-08-03 04:05:02.655 | INFO     | api:get_files:60 - Loading Page 1
2026-08-03 04:05:04.278 | INFO     | api:get_file:84 - Loading File 126d519e-95f6-9843-e927-2ca3fc8ea743
2026-08-03 04:05:04.509 | INFO     | monitor:scan:273 - Reached Old Files
2026-08-03 04:05:04.512 | INFO     | monitor:scan:303 - No New Serial
2026-08-03 04:05:04.514 | INFO     | monitor:scan:325 - Nothing Changed
2026-08-03 04:05:04.515 | SUCCESS  | monitor:scan:331 - Scan Finished
2026-08-03 04:05:04.516 | INFO     | monitor:start:67 - Sleep 60 Seconds
2026-08-03 04:06:04.518 | INFO     | auth.login:ensure_login:354 - Checking Login...
2026-08-03 04:06:04.520 | SUCCESS  | auth.login:load_saved_token:192 - Saved Token Loaded
2026-08-03 04:06:04.521 | SUCCESS  | auth.login:ensure_login:362 - Using Saved Token
2026-08-03 04:06:04.522 | INFO     | monitor:scan:111 - Scanning Website...
2026-08-03 04:06:04.525 | INFO     | monitor:scan:125 - Loading Page 1
2026-08-03 04:06:04.526 | INFO     | api:get_files:60 - Loading Page 1
2026-08-03 04:06:08.004 | INFO     | api:get_file:84 - Loading File 126d519e-95f6-9843-e927-2ca3fc8ea743
2026-08-03 04:06:08.232 | INFO     | monitor:scan:273 - Reached Old Files
2026-08-03 04:06:08.234 | INFO     | monitor:scan:303 - No New Serial
2026-08-03 04:06:08.235 | INFO     | monitor:scan:325 - Nothing Changed
2026-08-03 04:06:08.236 | SUCCESS  | monitor:scan:331 - Scan Finished
2026-08-03 04:06:08.237 | INFO     | monitor:start:67 - Sleep 60 Seconds
2026-08-03 04:07:08.238 | INFO     | auth.login:ensure_login:354 - Checking Login...
2026-08-03 04:07:08.239 | SUCCESS  | auth.login:load_saved_token:192 - Saved Token Loaded
2026-08-03 04:07:08.239 | SUCCESS  | auth.login:ensure_login:362 - Using Saved Token
2026-08-03 04:07:08.240 | INFO     | monitor:scan:111 - Scanning Website...
2026-08-03 04:07:08.240 | INFO     | monitor:scan:125 - Loading Page 1
2026-08-03 04:07:08.241 | INFO     | api:get_files:60 - Loading Page 1
2026-08-03 04:07:09.757 | INFO     | api:get_file:84 - Loading File 126d519e-95f6-9843-e927-2ca3fc8ea743
2026-08-03 04:07:09.983 | INFO     | monitor:scan:273 - Reached Old Files
2026-08-03 04:07:09.984 | INFO     | monitor:scan:303 - No New Serial
2026-08-03 04:07:09.984 | INFO     | monitor:scan:325 - Nothing Changed
2026-08-03 04:07:09.984 | SUCCESS  | monitor:scan:331 - Scan Finished
2026-08-03 04:07:09.984 | INFO     | monitor:start:67 - Sleep 60 Seconds
2026-08-03 04:08:09.985 | INFO     | auth.login:ensure_login:354 - Checking Login...
2026-08-03 04:08:09.988 | SUCCESS  | auth.login:load_saved_token:192 - Saved Token Loaded
2026-08-03 04:08:09.990 | SUCCESS  | auth.login:ensure_login:362 - Using Saved Token
2026-08-03 04:08:09.991 | INFO     | monitor:scan:111 - Scanning Website...
2026-08-03 04:08:09.994 | INFO     | monitor:scan:125 - Loading Page 1
2026-08-03 04:08:09.996 | INFO     | api:get_files:60 - Loading Page 1
2026-08-03 04:08:13.105 | INFO     | api:get_file:84 - Loading File 126d519e-95f6-9843-e927-2ca3fc8ea743
2026-08-03 04:08:13.331 | INFO     | monitor:scan:273 - Reached Old Files
2026-08-03 04:08:13.331 | INFO     | monitor:scan:303 - No New Serial
2026-08-03 04:08:13.332 | INFO     | monitor:scan:325 - Nothing Changed
2026-08-03 04:08:13.332 | SUCCESS  | monitor:scan:331 - Scan Finished
2026-08-03 04:08:13.332 | INFO     | monitor:start:67 - Sleep 60 Seconds
2026-08-03 04:09:13.333 | INFO     | auth.login:ensure_login:354 - Checking Login...
2026-08-03 04:09:13.337 | SUCCESS  | auth.login:load_saved_token:192 - Saved Token Loaded
2026-08-03 04:09:13.339 | SUCCESS  | auth.login:ensure_login:362 - Using Saved Token
2026-08-03 04:09:13.340 | INFO     | monitor:scan:111 - Scanning Website...
2026-08-03 04:09:13.344 | INFO     | monitor:scan:125 - Loading Page 1
2026-08-03 04:09:13.345 | INFO     | api:get_files:60 - Loading Page 1
2026-08-03 04:09:16.607 | INFO     | api:get_file:84 - Loading File 126d519e-95f6-9843-e927-2ca3fc8ea743
2026-08-03 04:09:16.836 | INFO     | monitor:scan:273 - Reached Old Files
2026-08-03 04:09:16.837 | INFO     | monitor:scan:303 - No New Serial
2026-08-03 04:09:16.837 | INFO     | monitor:scan:325 - Nothing Changed
2026-08-03 04:09:16.838 | SUCCESS  | monitor:scan:331 - Scan Finished
2026-08-03 04:09:16.839 | INFO     | monitor:start:67 - Sleep 60 Seconds
2026-08-03 04:10:16.840 | INFO     | auth.login:ensure_login:354 - Checking Login...
2026-08-03 04:10:16.843 | SUCCESS  | auth.login:load_saved_token:192 - Saved Token Loaded
2026-08-03 04:10:16.844 | SUCCESS  | auth.login:ensure_login:362 - Using Saved Token
2026-08-03 04:10:16.846 | INFO     | monitor:scan:111 - Scanning Website...
2026-08-03 04:10:16.850 | INFO     | monitor:scan:125 - Loading Page 1
2026-08-03 04:10:16.851 | INFO     | api:get_files:60 - Loading Page 1
2026-08-03 04:10:20.398 | INFO     | api:get_file:84 - Loading File 126d519e-95f6-9843-e927-2ca3fc8ea743
2026-08-03 04:10:20.622 | INFO     | monitor:scan:273 - Reached Old Files
2026-08-03 04:10:20.622 | INFO     | monitor:scan:303 - No New Serial
2026-08-03 04:10:20.624 | INFO     | monitor:scan:325 - Nothing Changed
2026-08-03 04:10:20.624 | SUCCESS  | monitor:scan:331 - Scan Finished
2026-08-03 04:10:20.626 | INFO     | monitor:start:67 - Sleep 60 Seconds
2026-08-03 04:11:20.627 | INFO     | auth.login:ensure_login:354 - Checking Login...
2026-08-03 04:11:20.628 | SUCCESS  | auth.login:load_saved_token:192 - Saved Token Loaded
2026-08-03 04:11:20.628 | SUCCESS  | auth.login:ensure_login:362 - Using Saved Token
2026-08-03 04:11:20.628 | INFO     | monitor:scan:111 - Scanning Website...
2026-08-03 04:11:20.628 | INFO     | monitor:scan:125 - Loading Page 1
2026-08-03 04:11:20.629 | INFO     | api:get_files:60 - Loading Page 1
2026-08-03 04:11:21.047 | WARNING  | auth.login:get:411 - Access Token Expired
2026-08-03 04:11:21.048 | INFO     | auth.login:login:262 - Logging in...
2026-08-03 04:11:21.499 | SUCCESS  | auth.login:save_token:242 - Token Saved
2026-08-03 04:11:21.501 | SUCCESS  | auth.login:login:340 - Login Successful
2026-08-03 04:11:22.698 | INFO     | api:get_file:84 - Loading File 126d519e-95f6-9843-e927-2ca3fc8ea743
2026-08-03 04:11:22.926 | INFO     | monitor:scan:273 - Reached Old Files
2026-08-03 04:11:22.928 | INFO     | monitor:scan:303 - No New Serial
2026-08-03 04:11:22.929 | INFO     | monitor:scan:325 - Nothing Changed
2026-08-03 04:11:22.931 | SUCCESS  | monitor:scan:331 - Scan Finished
2026-08-03 04:11:22.932 | INFO     | monitor:start:67 - Sleep 60 Seconds
2026-08-03 04:12:22.932 | INFO     | auth.login:ensure_login:354 - Checking Login...
2026-08-03 04:12:22.966 | SUCCESS  | auth.login:load_saved_token:192 - Saved Token Loaded
2026-08-03 04:12:22.966 | SUCCESS  | auth.login:ensure_login:362 - Using Saved Token
2026-08-03 04:12:22.967 | INFO     | monitor:scan:111 - Scanning Website...
2026-08-03 04:12:22.968 | INFO     | monitor:scan:125 - Loading Page 1
2026-08-03 04:12:22.968 | INFO     | api:get_files:60 - Loading Page 1
2026-08-03 04:12:24.570 | INFO     | api:get_file:84 - Loading File 126d519e-95f6-9843-e927-2ca3fc8ea743
2026-08-03 04:12:24.794 | INFO     | monitor:scan:273 - Reached Old Files
2026-08-03 04:12:24.794 | INFO     | monitor:scan:303 - No New Serial
2026-08-03 04:12:24.794 | INFO     | monitor:scan:325 - Nothing Changed
2026-08-03 04:12:24.794 | SUCCESS  | monitor:scan:331 - Scan Finished
2026-08-03 04:12:24.795 | INFO     | monitor:start:67 - Sleep 60 Seconds
2026-08-03 04:13:24.795 | INFO     | auth.login:ensure_login:354 - Checking Login...
2026-08-03 04:13:24.799 | SUCCESS  | auth.login:load_saved_token:192 - Saved Token Loaded
2026-08-03 04:13:24.800 | SUCCESS  | auth.login:ensure_login:362 - Using Saved Token
2026-08-03 04:13:24.800 | INFO     | monitor:scan:111 - Scanning Website...
2026-08-03 04:13:24.801 | INFO     | monitor:scan:125 - Loading Page 1
2026-08-03 04:13:24.801 | INFO     | api:get_files:60 - Loading Page 1
2026-08-03 04:13:26.284 | INFO     | api:get_file:84 - Loading File 126d519e-95f6-9843-e927-2ca3fc8ea743
2026-08-03 04:13:26.505 | INFO     | monitor:scan:273 - Reached Old Files
2026-08-03 04:13:26.505 | INFO     | monitor:scan:303 - No New Serial
2026-08-03 04:13:26.505 | INFO     | monitor:scan:325 - Nothing Changed
2026-08-03 04:13:26.505 | SUCCESS  | monitor:scan:331 - Scan Finished
2026-08-03 04:13:26.506 | INFO     | monitor:start:67 - Sleep 60 Seconds
2026-08-03 04:14:26.506 | INFO     | auth.login:ensure_login:354 - Checking Login...
2026-08-03 04:14:26.507 | SUCCESS  | auth.login:load_saved_token:192 - Saved Token Loaded
2026-08-03 04:14:26.508 | SUCCESS  | auth.login:ensure_login:362 - Using Saved Token
2026-08-03 04:14:26.508 | INFO     | monitor:scan:111 - Scanning Website...
2026-08-03 04:14:26.509 | INFO     | monitor:scan:125 - Loading Page 1
2026-08-03 04:14:26.510 | INFO     | api:get_files:60 - Loading Page 1
2026-08-03 04:14:28.226 | INFO     | api:get_file:84 - Loading File 126d519e-95f6-9843-e927-2ca3fc8ea743
2026-08-03 04:14:28.448 | INFO     | monitor:scan:273 - Reached Old Files
2026-08-03 04:14:28.450 | INFO     | monitor:scan:303 - No New Serial
2026-08-03 04:14:28.451 | INFO     | monitor:scan:325 - Nothing Changed
2026-08-03 04:14:28.452 | SUCCESS  | monitor:scan:331 - Scan Finished
2026-08-03 04:14:28.452 | INFO     | monitor:start:67 - Sleep 60 Seconds
2026-08-03 04:15:28.453 | INFO     | auth.login:ensure_login:354 - Checking Login...
2026-08-03 04:15:28.457 | SUCCESS  | auth.login:load_saved_token:192 - Saved Token Loaded
2026-08-03 04:15:28.458 | SUCCESS  | auth.login:ensure_login:362 - Using Saved Token
2026-08-03 04:15:28.458 | INFO     | monitor:scan:111 - Scanning Website...
2026-08-03 04:15:28.461 | INFO     | monitor:scan:125 - Loading Page 1
2026-08-03 04:15:28.461 | INFO     | api:get_files:60 - Loading Page 1
2026-08-03 04:15:31.921 | INFO     | api:get_file:84 - Loading File 126d519e-95f6-9843-e927-2ca3fc8ea743
2026-08-03 04:15:32.151 | INFO     | monitor:scan:273 - Reached Old Files
2026-08-03 04:15:32.152 | INFO     | monitor:scan:303 - No New Serial
2026-08-03 04:15:32.152 | INFO     | monitor:scan:325 - Nothing Changed
2026-08-03 04:15:32.153 | SUCCESS  | monitor:scan:331 - Scan Finished
2026-08-03 04:15:32.155 | INFO     | monitor:start:67 - Sleep 60 Seconds
2026-08-03 04:16:32.156 | INFO     | auth.login:ensure_login:354 - Checking Login...
2026-08-03 04:16:32.158 | SUCCESS  | auth.login:load_saved_token:192 - Saved Token Loaded
2026-08-03 04:16:32.158 | SUCCESS  | auth.login:ensure_login:362 - Using Saved Token
2026-08-03 04:16:32.158 | INFO     | monitor:scan:111 - Scanning Website...
2026-08-03 04:16:32.159 | INFO     | monitor:scan:125 - Loading Page 1
2026-08-03 04:16:32.160 | INFO     | api:get_files:60 - Loading Page 1
2026-08-03 04:16:35.502 | INFO     | api:get_file:84 - Loading File 126d519e-95f6-9843-e927-2ca3fc8ea743
2026-08-03 04:16:35.735 | INFO     | monitor:scan:273 - Reached Old Files
2026-08-03 04:16:35.735 | INFO     | monitor:scan:303 - No New Serial
2026-08-03 04:16:35.736 | INFO     | monitor:scan:325 - Nothing Changed
2026-08-03 04:16:35.736 | SUCCESS  | monitor:scan:331 - Scan Finished
2026-08-03 04:16:35.737 | INFO     | monitor:start:67 - Sleep 60 Seconds
2026-08-03 04:17:35.738 | INFO     | auth.login:ensure_login:354 - Checking Login...
2026-08-03 04:17:35.741 | SUCCESS  | auth.login:load_saved_token:192 - Saved Token Loaded
2026-08-03 04:17:35.741 | SUCCESS  | auth.login:ensure_login:362 - Using Saved Token
2026-08-03 04:17:35.742 | INFO     | monitor:scan:111 - Scanning Website...
2026-08-03 04:17:35.744 | INFO     | monitor:scan:125 - Loading Page 1
2026-08-03 04:17:35.745 | INFO     | api:get_files:60 - Loading Page 1
2026-08-03 04:17:39.202 | INFO     | api:get_file:84 - Loading File 126d519e-95f6-9843-e927-2ca3fc8ea743
2026-08-03 04:17:39.435 | INFO     | monitor:scan:273 - Reached Old Files
2026-08-03 04:17:39.437 | INFO     | monitor:scan:303 - No New Serial
2026-08-03 04:17:39.438 | INFO     | monitor:scan:325 - Nothing Changed
2026-08-03 04:17:39.439 | SUCCESS  | monitor:scan:331 - Scan Finished
2026-08-03 04:17:39.441 | INFO     | monitor:start:67 - Sleep 60 Seconds
2026-08-03 04:18:39.442 | INFO     | auth.login:ensure_login:354 - Checking Login...
2026-08-03 04:18:39.445 | SUCCESS  | auth.login:load_saved_token:192 - Saved Token Loaded
2026-08-03 04:18:39.447 | SUCCESS  | auth.login:ensure_login:362 - Using Saved Token
2026-08-03 04:18:39.447 | INFO     | monitor:scan:111 - Scanning Website...
2026-08-03 04:18:39.450 | INFO     | monitor:scan:125 - Loading Page 1
2026-08-03 04:18:39.451 | INFO     | api:get_files:60 - Loading Page 1
2026-08-03 04:18:40.988 | INFO     | api:get_file:84 - Loading File 126d519e-95f6-9843-e927-2ca3fc8ea743
2026-08-03 04:18:41.212 | INFO     | monitor:scan:273 - Reached Old Files
2026-08-03 04:18:41.212 | INFO     | monitor:scan:303 - No New Serial
2026-08-03 04:18:41.214 | INFO     | monitor:scan:325 - Nothing Changed
2026-08-03 04:18:41.214 | SUCCESS  | monitor:scan:331 - Scan Finished
2026-08-03 04:18:41.216 | INFO     | monitor:start:67 - Sleep 60 Seconds
2026-08-03 04:19:41.217 | INFO     | auth.login:ensure_login:354 - Checking Login...
2026-08-03 04:19:41.220 | SUCCESS  | auth.login:load_saved_token:192 - Saved Token Loaded
2026-08-03 04:19:41.222 | SUCCESS  | auth.login:ensure_login:362 - Using Saved Token
2026-08-03 04:19:41.223 | INFO     | monitor:scan:111 - Scanning Website...
2026-08-03 04:19:41.227 | INFO     | monitor:scan:125 - Loading Page 1
2026-08-03 04:19:41.228 | INFO     | api:get_files:60 - Loading Page 1
2026-08-03 04:19:42.881 | INFO     | api:get_file:84 - Loading File 126d519e-95f6-9843-e927-2ca3fc8ea743
2026-08-03 04:19:43.097 | INFO     | monitor:scan:273 - Reached Old Files
2026-08-03 04:19:43.097 | INFO     | monitor:scan:303 - No New Serial
2026-08-03 04:19:43.097 | INFO     | monitor:scan:325 - Nothing Changed
2026-08-03 04:19:43.098 | SUCCESS  | monitor:scan:331 - Scan Finished
2026-08-03 04:19:43.098 | INFO     | monitor:start:67 - Sleep 60 Seconds
2026-08-03 04:20:43.099 | INFO     | auth.login:ensure_login:354 - Checking Login...
2026-08-03 04:20:43.102 | SUCCESS  | auth.login:load_saved_token:192 - Saved Token Loaded
2026-08-03 04:20:43.102 | SUCCESS  | auth.login:ensure_login:362 - Using Saved Token
2026-08-03 04:20:43.103 | INFO     | monitor:scan:111 - Scanning Website...
2026-08-03 04:20:43.105 | INFO     | monitor:scan:125 - Loading Page 1
2026-08-03 04:20:43.106 | INFO     | api:get_files:60 - Loading Page 1
2026-08-03 04:20:46.248 | INFO     | api:get_file:84 - Loading File 126d519e-95f6-9843-e927-2ca3fc8ea743
2026-08-03 04:20:46.477 | INFO     | monitor:scan:273 - Reached Old Files
2026-08-03 04:20:46.478 | INFO     | monitor:scan:303 - No New Serial
2026-08-03 04:20:46.480 | INFO     | monitor:scan:325 - Nothing Changed
2026-08-03 04:20:46.481 | SUCCESS  | monitor:scan:331 - Scan Finished
2026-08-03 04:20:46.483 | INFO     | monitor:start:67 - Sleep 60 Seconds
2026-08-03 04:21:46.484 | INFO     | auth.login:ensure_login:354 - Checking Login...
2026-08-03 04:21:46.487 | SUCCESS  | auth.login:load_saved_token:192 - Saved Token Loaded
2026-08-03 04:21:46.489 | SUCCESS  | auth.login:ensure_login:362 - Using Saved Token
2026-08-03 04:21:46.491 | INFO     | monitor:scan:111 - Scanning Website...
2026-08-03 04:21:46.494 | INFO     | monitor:scan:125 - Loading Page 1
2026-08-03 04:21:46.495 | INFO     | api:get_files:60 - Loading Page 1
2026-08-03 04:21:46.978 | WARNING  | auth.login:get:411 - Access Token Expired
2026-08-03 04:21:46.979 | INFO     | auth.login:login:262 - Logging in...
2026-08-03 04:21:47.427 | SUCCESS  | auth.login:save_token:242 - Token Saved
2026-08-03 04:21:47.429 | SUCCESS  | auth.login:login:340 - Login Successful
2026-08-03 04:21:49.106 | INFO     | api:get_file:84 - Loading File 126d519e-95f6-9843-e927-2ca3fc8ea743
2026-08-03 04:21:49.329 | INFO     | monitor:scan:273 - Reached Old Files
2026-08-03 04:21:49.330 | INFO     | monitor:scan:303 - No New Serial
2026-08-03 04:21:49.330 | INFO     | monitor:scan:325 - Nothing Changed
2026-08-03 04:21:49.331 | SUCCESS  | monitor:scan:331 - Scan Finished
2026-08-03 04:21:49.331 | INFO     | monitor:start:67 - Sleep 60 Seconds
2026-08-03 04:22:49.332 | INFO     | auth.login:ensure_login:354 - Checking Login...
2026-08-03 04:22:49.354 | SUCCESS  | auth.login:load_saved_token:192 - Saved Token Loaded
2026-08-03 04:22:49.354 | SUCCESS  | auth.login:ensure_login:362 - Using Saved Token
2026-08-03 04:22:49.355 | INFO     | monitor:scan:111 - Scanning Website...
2026-08-03 04:22:49.356 | INFO     | monitor:scan:125 - Loading Page 1
2026-08-03 04:22:49.357 | INFO     | api:get_files:60 - Loading Page 1
2026-08-03 04:22:52.558 | INFO     | api:get_file:84 - Loading File 126d519e-95f6-9843-e927-2ca3fc8ea743
2026-08-03 04:22:52.785 | INFO     | monitor:scan:273 - Reached Old Files
2026-08-03 04:22:52.787 | INFO     | monitor:scan:303 - No New Serial
2026-08-03 04:22:52.788 | INFO     | monitor:scan:325 - Nothing Changed
2026-08-03 04:22:52.789 | SUCCESS  | monitor:scan:331 - Scan Finished
2026-08-03 04:22:52.791 | INFO     | monitor:start:67 - Sleep 60 Seconds
2026-08-03 04:23:52.792 | INFO     | auth.login:ensure_login:354 - Checking Login...
2026-08-03 04:23:52.797 | SUCCESS  | auth.login:load_saved_token:192 - Saved Token Loaded
2026-08-03 04:23:52.799 | SUCCESS  | auth.login:ensure_login:362 - Using Saved Token
2026-08-03 04:23:52.801 | INFO     | monitor:scan:111 - Scanning Website...
2026-08-03 04:23:52.805 | INFO     | monitor:scan:125 - Loading Page 1
2026-08-03 04:23:52.806 | INFO     | api:get_files:60 - Loading Page 1
2026-08-03 04:23:54.260 | INFO     | api:get_file:84 - Loading File 126d519e-95f6-9843-e927-2ca3fc8ea743
2026-08-03 04:23:54.479 | INFO     | monitor:scan:273 - Reached Old Files
2026-08-03 04:23:54.479 | INFO     | monitor:scan:303 - No New Serial
2026-08-03 04:23:54.479 | INFO     | monitor:scan:325 - Nothing Changed
2026-08-03 04:23:54.480 | SUCCESS  | monitor:scan:331 - Scan Finished
2026-08-03 04:23:54.480 | INFO     | monitor:start:67 - Sleep 60 Seconds
2026-08-03 04:24:54.480 | INFO     | auth.login:ensure_login:354 - Checking Login...
2026-08-03 04:24:54.481 | SUCCESS  | auth.login:load_saved_token:192 - Saved Token Loaded
2026-08-03 04:24:54.481 | SUCCESS  | auth.login:ensure_login:362 - Using Saved Token
2026-08-03 04:24:54.481 | INFO     | monitor:scan:111 - Scanning Website...
2026-08-03 04:24:54.482 | INFO     | monitor:scan:125 - Loading Page 1
2026-08-03 04:24:54.482 | INFO     | api:get_files:60 - Loading Page 1
2026-08-03 04:24:56.176 | INFO     | api:get_file:84 - Loading File 126d519e-95f6-9843-e927-2ca3fc8ea743
2026-08-03 04:24:56.418 | INFO     | monitor:scan:273 - Reached Old Files
2026-08-03 04:24:56.418 | INFO     | monitor:scan:303 - No New Serial
2026-08-03 04:24:56.418 | INFO     | monitor:scan:325 - Nothing Changed
2026-08-03 04:24:56.418 | SUCCESS  | monitor:scan:331 - Scan Finished
2026-08-03 04:24:56.419 | INFO     | monitor:start:67 - Sleep 60 Seconds
2026-08-03 04:25:56.419 | INFO     | auth.login:ensure_login:354 - Checking Login...
2026-08-03 04:25:56.422 | SUCCESS  | auth.login:load_saved_token:192 - Saved Token Loaded
2026-08-03 04:25:56.423 | SUCCESS  | auth.login:ensure_login:362 - Using Saved Token
2026-08-03 04:25:56.424 | INFO     | monitor:scan:111 - Scanning Website...
2026-08-03 04:25:56.425 | INFO     | monitor:scan:125 - Loading Page 1
2026-08-03 04:25:56.426 | INFO     | api:get_files:60 - Loading Page 1
2026-08-03 04:25:57.933 | INFO     | api:get_file:84 - Loading File 126d519e-95f6-9843-e927-2ca3fc8ea743
2026-08-03 04:25:58.163 | INFO     | monitor:scan:273 - Reached Old Files
2026-08-03 04:25:58.164 | INFO     | monitor:scan:303 - No New Serial
2026-08-03 04:25:58.165 | INFO     | monitor:scan:325 - Nothing Changed
2026-08-03 04:25:58.166 | SUCCESS  | monitor:scan:331 - Scan Finished
2026-08-03 04:25:58.170 | INFO     | monitor:start:67 - Sleep 60 Seconds
2026-08-03 04:26:58.172 | INFO     | auth.login:ensure_login:354 - Checking Login...
2026-08-03 04:26:58.173 | SUCCESS  | auth.login:load_saved_token:192 - Saved Token Loaded
2026-08-03 04:26:58.174 | SUCCESS  | auth.login:ensure_login:362 - Using Saved Token
2026-08-03 04:26:58.174 | INFO     | monitor:scan:111 - Scanning Website...
2026-08-03 04:26:58.175 | INFO     | monitor:scan:125 - Loading Page 1
2026-08-03 04:26:58.175 | INFO     | api:get_files:60 - Loading Page 1
2026-08-03 04:27:01.467 | INFO     | api:get_file:84 - Loading File 126d519e-95f6-9843-e927-2ca3fc8ea743
2026-08-03 04:27:01.693 | INFO     | monitor:scan:273 - Reached Old Files
2026-08-03 04:27:01.693 | INFO     | monitor:scan:303 - No New Serial
2026-08-03 04:27:01.693 | INFO     | monitor:scan:325 - Nothing Changed
2026-08-03 04:27:01.693 | SUCCESS  | monitor:scan:331 - Scan Finished
2026-08-03 04:27:01.693 | INFO     | monitor:start:67 - Sleep 60 Seconds
2026-08-03 04:28:01.694 | INFO     | auth.login:ensure_login:354 - Checking Login...
2026-08-03 04:28:01.695 | SUCCESS  | auth.login:load_saved_token:192 - Saved Token Loaded
2026-08-03 04:28:01.695 | SUCCESS  | auth.login:ensure_login:362 - Using Saved Token
2026-08-03 04:28:01.695 | INFO     | monitor:scan:111 - Scanning Website...
2026-08-03 04:28:01.696 | INFO     | monitor:scan:125 - Loading Page 1
2026-08-03 04:28:01.696 | INFO     | api:get_files:60 - Loading Page 1
2026-08-03 04:28:03.265 | INFO     | api:get_file:84 - Loading File 126d519e-95f6-9843-e927-2ca3fc8ea743
2026-08-03 04:28:03.494 | INFO     | monitor:scan:273 - Reached Old Files
2026-08-03 04:28:03.496 | INFO     | monitor:scan:303 - No New Serial
2026-08-03 04:28:03.496 | INFO     | monitor:scan:325 - Nothing Changed
2026-08-03 04:28:03.497 | SUCCESS  | monitor:scan:331 - Scan Finished
2026-08-03 04:28:03.500 | INFO     | monitor:start:67 - Sleep 60 Seconds
2026-08-03 04:29:03.502 | INFO     | auth.login:ensure_login:354 - Checking Login...
2026-08-03 04:29:03.503 | SUCCESS  | auth.login:load_saved_token:192 - Saved Token Loaded
2026-08-03 04:29:03.503 | SUCCESS  | auth.login:ensure_login:362 - Using Saved Token
2026-08-03 04:29:03.504 | INFO     | monitor:scan:111 - Scanning Website...
2026-08-03 04:29:03.504 | INFO     | monitor:scan:125 - Loading Page 1
2026-08-03 04:29:03.504 | INFO     | api:get_files:60 - Loading Page 1
2026-08-03 04:29:06.850 | INFO     | api:get_file:84 - Loading File 126d519e-95f6-9843-e927-2ca3fc8ea743
2026-08-03 04:29:07.068 | INFO     | monitor:scan:273 - Reached Old Files
2026-08-03 04:29:07.068 | INFO     | monitor:scan:303 - No New Serial
2026-08-03 04:29:07.068 | INFO     | monitor:scan:325 - Nothing Changed
2026-08-03 04:29:07.068 | SUCCESS  | monitor:scan:331 - Scan Finished
2026-08-03 04:29:07.069 | INFO     | monitor:start:67 - Sleep 60 Seconds
2026-08-03 04:30:07.069 | INFO     | auth.login:ensure_login:354 - Checking Login...
2026-08-03 04:30:07.071 | SUCCESS  | auth.login:load_saved_token:192 - Saved Token Loaded
2026-08-03 04:30:07.072 | SUCCESS  | auth.login:ensure_login:362 - Using Saved Token
2026-08-03 04:30:07.073 | INFO     | monitor:scan:111 - Scanning Website...
2026-08-03 04:30:07.075 | INFO     | monitor:scan:125 - Loading Page 1
2026-08-03 04:30:07.075 | INFO     | api:get_files:60 - Loading Page 1
2026-08-03 04:30:10.235 | INFO     | api:get_file:84 - Loading File 126d519e-95f6-9843-e927-2ca3fc8ea743
2026-08-03 04:30:10.462 | INFO     | monitor:scan:273 - Reached Old Files
2026-08-03 04:30:10.464 | INFO     | monitor:scan:303 - No New Serial
2026-08-03 04:30:10.466 | INFO     | monitor:scan:325 - Nothing Changed
2026-08-03 04:30:10.468 | SUCCESS  | monitor:scan:331 - Scan Finished
2026-08-03 04:30:10.469 | INFO     | monitor:start:67 - Sleep 60 Seconds
2026-08-03 04:31:10.470 | INFO     | auth.login:ensure_login:354 - Checking Login...
2026-08-03 04:31:10.474 | SUCCESS  | auth.login:load_saved_token:192 - Saved Token Loaded
2026-08-03 04:31:10.476 | SUCCESS  | auth.login:ensure_login:362 - Using Saved Token
2026-08-03 04:31:10.478 | INFO     | monitor:scan:111 - Scanning Website...
2026-08-03 04:31:10.480 | INFO     | monitor:scan:125 - Loading Page 1
2026-08-03 04:31:10.481 | INFO     | api:get_files:60 - Loading Page 1
2026-08-03 04:31:12.000 | INFO     | api:get_file:84 - Loading File 126d519e-95f6-9843-e927-2ca3fc8ea743
2026-08-03 04:31:12.225 | INFO     | monitor:scan:273 - Reached Old Files
2026-08-03 04:31:12.225 | INFO     | monitor:scan:303 - No New Serial
2026-08-03 04:31:12.225 | INFO     | monitor:scan:325 - Nothing Changed
2026-08-03 04:31:12.225 | SUCCESS  | monitor:scan:331 - Scan Finished
2026-08-03 04:31:12.226 | INFO     | monitor:start:67 - Sleep 60 Seconds
2026-08-03 04:32:12.227 | INFO     | auth.login:ensure_login:354 - Checking Login...
2026-08-03 04:32:12.229 | SUCCESS  | auth.login:load_saved_token:192 - Saved Token Loaded
2026-08-03 04:32:12.229 | SUCCESS  | auth.login:ensure_login:362 - Using Saved Token
2026-08-03 04:32:12.229 | INFO     | monitor:scan:111 - Scanning Website...
2026-08-03 04:32:12.230 | INFO     | monitor:scan:125 - Loading Page 1
2026-08-03 04:32:12.230 | INFO     | api:get_files:60 - Loading Page 1
2026-08-03 04:32:12.589 | WARNING  | auth.login:get:411 - Access Token Expired
2026-08-03 04:32:12.590 | INFO     | auth.login:login:262 - Logging in...
2026-08-03 04:32:13.047 | SUCCESS  | auth.login:save_token:242 - Token Saved
2026-08-03 04:32:13.048 | SUCCESS  | auth.login:login:340 - Login Successful
2026-08-03 04:32:14.613 | INFO     | api:get_file:84 - Loading File 126d519e-95f6-9843-e927-2ca3fc8ea743
2026-08-03 04:32:14.839 | INFO     | monitor:scan:273 - Reached Old Files
2026-08-03 04:32:14.840 | INFO     | monitor:scan:303 - No New Serial
2026-08-03 04:32:14.841 | INFO     | monitor:scan:325 - Nothing Changed
2026-08-03 04:32:14.842 | SUCCESS  | monitor:scan:331 - Scan Finished
2026-08-03 04:32:14.845 | INFO     | monitor:start:67 - Sleep 60 Seconds
2026-08-03 04:33:14.847 | INFO     | auth.login:ensure_login:354 - Checking Login...
2026-08-03 04:33:14.877 | SUCCESS  | auth.login:load_saved_token:192 - Saved Token Loaded
2026-08-03 04:33:14.878 | SUCCESS  | auth.login:ensure_login:362 - Using Saved Token
2026-08-03 04:33:14.878 | INFO     | monitor:scan:111 - Scanning Website...
2026-08-03 04:33:14.879 | INFO     | monitor:scan:125 - Loading Page 1
2026-08-03 04:33:14.880 | INFO     | api:get_files:60 - Loading Page 1
2026-08-03 04:33:16.438 | INFO     | api:get_file:84 - Loading File 126d519e-95f6-9843-e927-2ca3fc8ea743
2026-08-03 04:33:16.668 | INFO     | monitor:scan:273 - Reached Old Files
2026-08-03 04:33:16.669 | INFO     | monitor:scan:303 - No New Serial
2026-08-03 04:33:16.670 | INFO     | monitor:scan:325 - Nothing Changed
2026-08-03 04:33:16.672 | SUCCESS  | monitor:scan:331 - Scan Finished
2026-08-03 04:33:16.673 | INFO     | monitor:start:67 - Sleep 60 Seconds
2026-08-03 04:34:16.674 | INFO     | auth.login:ensure_login:354 - Checking Login...
2026-08-03 04:34:16.679 | SUCCESS  | auth.login:load_saved_token:192 - Saved Token Loaded
2026-08-03 04:34:16.680 | SUCCESS  | auth.login:ensure_login:362 - Using Saved Token
2026-08-03 04:34:16.681 | INFO     | monitor:scan:111 - Scanning Website...
2026-08-03 04:34:16.685 | INFO     | monitor:scan:125 - Loading Page 1
2026-08-03 04:34:16.687 | INFO     | api:get_files:60 - Loading Page 1
2026-08-03 04:34:19.973 | INFO     | api:get_file:84 - Loading File 126d519e-95f6-9843-e927-2ca3fc8ea743
2026-08-03 04:34:20.189 | INFO     | monitor:scan:273 - Reached Old Files
2026-08-03 04:34:20.189 | INFO     | monitor:scan:303 - No New Serial
2026-08-03 04:34:20.190 | INFO     | monitor:scan:325 - Nothing Changed
2026-08-03 04:34:20.191 | SUCCESS  | monitor:scan:331 - Scan Finished
2026-08-03 04:34:20.192 | INFO     | monitor:start:67 - Sleep 60 Seconds
2026-08-03 04:35:20.193 | INFO     | auth.login:ensure_login:354 - Checking Login...
2026-08-03 04:35:20.194 | SUCCESS  | auth.login:load_saved_token:192 - Saved Token Loaded
2026-08-03 04:35:20.194 | SUCCESS  | auth.login:ensure_login:362 - Using Saved Token
2026-08-03 04:35:20.194 | INFO     | monitor:scan:111 - Scanning Website...
2026-08-03 04:35:20.195 | INFO     | monitor:scan:125 - Loading Page 1
2026-08-03 04:35:20.195 | INFO     | api:get_files:60 - Loading Page 1
2026-08-03 04:35:21.779 | INFO     | api:get_file:84 - Loading File 126d519e-95f6-9843-e927-2ca3fc8ea743
2026-08-03 04:35:22.001 | INFO     | monitor:scan:273 - Reached Old Files
2026-08-03 04:35:22.002 | INFO     | monitor:scan:303 - No New Serial
2026-08-03 04:35:22.002 | INFO     | monitor:scan:325 - Nothing Changed
2026-08-03 04:35:22.002 | SUCCESS  | monitor:scan:331 - Scan Finished
2026-08-03 04:35:22.003 | INFO     | monitor:start:67 - Sleep 60 Seconds
2026-08-03 04:36:22.003 | INFO     | auth.login:ensure_login:354 - Checking Login...
2026-08-03 04:36:22.007 | SUCCESS  | auth.login:load_saved_token:192 - Saved Token Loaded
2026-08-03 04:36:22.009 | SUCCESS  | auth.login:ensure_login:362 - Using Saved Token
2026-08-03 04:36:22.010 | INFO     | monitor:scan:111 - Scanning Website...
2026-08-03 04:36:22.012 | INFO     | monitor:scan:125 - Loading Page 1
2026-08-03 04:36:22.013 | INFO     | api:get_files:60 - Loading Page 1
2026-08-03 04:36:23.709 | INFO     | api:get_file:84 - Loading File 126d519e-95f6-9843-e927-2ca3fc8ea743
2026-08-03 04:36:23.934 | INFO     | monitor:scan:273 - Reached Old Files
2026-08-03 04:36:23.934 | INFO     | monitor:scan:303 - No New Serial
2026-08-03 04:36:23.935 | INFO     | monitor:scan:325 - Nothing Changed
2026-08-03 04:36:23.935 | SUCCESS  | monitor:scan:331 - Scan Finished
2026-08-03 04:36:23.935 | INFO     | monitor:start:67 - Sleep 60 Seconds
2026-08-03 04:37:23.936 | INFO     | auth.login:ensure_login:354 - Checking Login...
2026-08-03 04:37:23.939 | SUCCESS  | auth.login:load_saved_token:192 - Saved Token Loaded
2026-08-03 04:37:23.940 | SUCCESS  | auth.login:ensure_login:362 - Using Saved Token
2026-08-03 04:37:23.941 | INFO     | monitor:scan:111 - Scanning Website...
2026-08-03 04:37:23.944 | INFO     | monitor:scan:125 - Loading Page 1
2026-08-03 04:37:23.945 | INFO     | api:get_files:60 - Loading Page 1
2026-08-03 04:37:25.559 | INFO     | api:get_file:84 - Loading File 126d519e-95f6-9843-e927-2ca3fc8ea743
2026-08-03 04:37:25.785 | INFO     | monitor:scan:273 - Reached Old Files
2026-08-03 04:37:25.786 | INFO     | monitor:scan:303 - No New Serial
2026-08-03 04:37:25.786 | INFO     | monitor:scan:325 - Nothing Changed
2026-08-03 04:37:25.786 | SUCCESS  | monitor:scan:331 - Scan Finished
2026-08-03 04:37:25.787 | INFO     | monitor:start:67 - Sleep 60 Seconds
2026-08-03 04:38:25.788 | INFO     | auth.login:ensure_login:354 - Checking Login...
2026-08-03 04:38:25.789 | SUCCESS  | auth.login:load_saved_token:192 - Saved Token Loaded
2026-08-03 04:38:25.789 | SUCCESS  | auth.login:ensure_login:362 - Using Saved Token
2026-08-03 04:38:25.789 | INFO     | monitor:scan:111 - Scanning Website...
2026-08-03 04:38:25.790 | INFO     | monitor:scan:125 - Loading Page 1
2026-08-03 04:38:25.790 | INFO     | api:get_files:60 - Loading Page 1
2026-08-03 04:38:27.299 | INFO     | api:get_file:84 - Loading File 126d519e-95f6-9843-e927-2ca3fc8ea743
2026-08-03 04:38:27.532 | INFO     | monitor:scan:273 - Reached Old Files
2026-08-03 04:38:27.534 | INFO     | monitor:scan:303 - No New Serial
2026-08-03 04:38:27.536 | INFO     | monitor:scan:325 - Nothing Changed
2026-08-03 04:38:27.537 | SUCCESS  | monitor:scan:331 - Scan Finished
2026-08-03 04:38:27.537 | INFO     | monitor:start:67 - Sleep 60 Seconds
2026-08-03 04:39:27.539 | INFO     | auth.login:ensure_login:354 - Checking Login...
2026-08-03 04:39:27.546 | SUCCESS  | auth.login:load_saved_token:192 - Saved Token Loaded
2026-08-03 04:39:27.548 | SUCCESS  | auth.login:ensure_login:362 - Using Saved Token
2026-08-03 04:39:27.549 | INFO     | monitor:scan:111 - Scanning Website...
2026-08-03 04:39:27.553 | INFO     | monitor:scan:125 - Loading Page 1
2026-08-03 04:39:27.554 | INFO     | api:get_files:60 - Loading Page 1
2026-08-03 04:39:30.685 | INFO     | api:get_file:84 - Loading File 126d519e-95f6-9843-e927-2ca3fc8ea743
2026-08-03 04:39:30.906 | INFO     | monitor:scan:273 - Reached Old Files
2026-08-03 04:39:30.908 | INFO     | monitor:scan:303 - No New Serial
2026-08-03 04:39:30.911 | INFO     | monitor:scan:325 - Nothing Changed
2026-08-03 04:39:30.913 | SUCCESS  | monitor:scan:331 - Scan Finished
2026-08-03 04:39:30.915 | INFO     | monitor:start:67 - Sleep 60 Seconds
2026-08-03 04:40:30.916 | INFO     | auth.login:ensure_login:354 - Checking Login...
2026-08-03 04:40:30.917 | SUCCESS  | auth.login:load_saved_token:192 - Saved Token Loaded
2026-08-03 04:40:30.917 | SUCCESS  | auth.login:ensure_login:362 - Using Saved Token
2026-08-03 04:40:30.917 | INFO     | monitor:scan:111 - Scanning Website...
2026-08-03 04:40:30.918 | INFO     | monitor:scan:125 - Loading Page 1
2026-08-03 04:40:30.918 | INFO     | api:get_files:60 - Loading Page 1
2026-08-03 04:40:32.371 | INFO     | api:get_file:84 - Loading File 126d519e-95f6-9843-e927-2ca3fc8ea743
2026-08-03 04:40:32.590 | INFO     | monitor:scan:273 - Reached Old Files
2026-08-03 04:40:32.592 | INFO     | monitor:scan:303 - No New Serial
2026-08-03 04:40:32.592 | INFO     | monitor:scan:325 - Nothing Changed
2026-08-03 04:40:32.593 | SUCCESS  | monitor:scan:331 - Scan Finished
2026-08-03 04:40:32.593 | INFO     | monitor:start:67 - Sleep 60 Seconds
2026-08-03 04:41:32.594 | INFO     | auth.login:ensure_login:354 - Checking Login...
2026-08-03 04:41:32.595 | SUCCESS  | auth.login:load_saved_token:192 - Saved Token Loaded
2026-08-03 04:41:32.595 | SUCCESS  | auth.login:ensure_login:362 - Using Saved Token
2026-08-03 04:41:32.595 | INFO     | monitor:scan:111 - Scanning Website...
2026-08-03 04:41:32.596 | INFO     | monitor:scan:125 - Loading Page 1
2026-08-03 04:41:32.596 | INFO     | api:get_files:60 - Loading Page 1
2026-08-03 04:41:34.404 | INFO     | api:get_file:84 - Loading File 126d519e-95f6-9843-e927-2ca3fc8ea743
2026-08-03 04:41:34.633 | INFO     | monitor:scan:273 - Reached Old Files
2026-08-03 04:41:34.634 | INFO     | monitor:scan:303 - No New Serial
2026-08-03 04:41:34.634 | INFO     | monitor:scan:325 - Nothing Changed
2026-08-03 04:41:34.634 | SUCCESS  | monitor:scan:331 - Scan Finished
2026-08-03 04:41:34.634 | INFO     | monitor:start:67 - Sleep 60 Seconds
2026-08-03 04:42:34.635 | INFO     | auth.login:ensure_login:354 - Checking Login...
2026-08-03 04:42:34.635 | SUCCESS  | auth.login:load_saved_token:192 - Saved Token Loaded
2026-08-03 04:42:34.635 | SUCCESS  | auth.login:ensure_login:362 - Using Saved Token
2026-08-03 04:42:34.635 | INFO     | monitor:scan:111 - Scanning Website...
2026-08-03 04:42:34.636 | INFO     | monitor:scan:125 - Loading Page 1
2026-08-03 04:42:34.636 | INFO     | api:get_files:60 - Loading Page 1
2026-08-03 04:42:35.061 | WARNING  | auth.login:get:411 - Access Token Expired
2026-08-03 04:42:35.061 | INFO     | auth.login:login:262 - Logging in...
2026-08-03 04:42:35.520 | SUCCESS  | auth.login:save_token:242 - Token Saved
2026-08-03 04:42:35.521 | SUCCESS  | auth.login:login:340 - Login Successful
2026-08-03 04:42:38.057 | INFO     | api:get_file:84 - Loading File 126d519e-95f6-9843-e927-2ca3fc8ea743
2026-08-03 04:42:38.285 | INFO     | monitor:scan:273 - Reached Old Files
2026-08-03 04:42:38.286 | INFO     | monitor:scan:303 - No New Serial
2026-08-03 04:42:38.286 | INFO     | monitor:scan:325 - Nothing Changed
2026-08-03 04:42:38.286 | SUCCESS  | monitor:scan:331 - Scan Finished
2026-08-03 04:42:38.287 | INFO     | monitor:start:67 - Sleep 60 Seconds
2026-08-03 04:43:38.288 | INFO     | auth.login:ensure_login:354 - Checking Login...
2026-08-03 04:43:38.339 | SUCCESS  | auth.login:load_saved_token:192 - Saved Token Loaded
2026-08-03 04:43:38.341 | SUCCESS  | auth.login:ensure_login:362 - Using Saved Token
2026-08-03 04:43:38.341 | INFO     | monitor:scan:111 - Scanning Website...
2026-08-03 04:43:38.342 | INFO     | monitor:scan:125 - Loading Page 1
2026-08-03 04:43:38.342 | INFO     | api:get_files:60 - Loading Page 1
2026-08-03 04:43:41.160 | INFO     | api:get_file:84 - Loading File 126d519e-95f6-9843-e927-2ca3fc8ea743
2026-08-03 04:43:41.377 | INFO     | monitor:scan:273 - Reached Old Files
2026-08-03 04:43:41.378 | INFO     | monitor:scan:303 - No New Serial
2026-08-03 04:43:41.378 | INFO     | monitor:scan:325 - Nothing Changed
2026-08-03 04:43:41.378 | SUCCESS  | monitor:scan:331 - Scan Finished
2026-08-03 04:43:41.378 | INFO     | monitor:start:67 - Sleep 60 Seconds
2026-08-03 04:44:41.379 | INFO     | auth.login:ensure_login:354 - Checking Login...
2026-08-03 04:44:41.381 | SUCCESS  | auth.login:load_saved_token:192 - Saved Token Loaded
2026-08-03 04:44:41.382 | SUCCESS  | auth.login:ensure_login:362 - Using Saved Token
2026-08-03 04:44:41.382 | INFO     | monitor:scan:111 - Scanning Website...
2026-08-03 04:44:41.384 | INFO     | monitor:scan:125 - Loading Page 1
2026-08-03 04:44:41.385 | INFO     | api:get_files:60 - Loading Page 1
2026-08-03 04:44:43.803 | INFO     | api:get_file:84 - Loading File 126d519e-95f6-9843-e927-2ca3fc8ea743
2026-08-03 04:44:44.030 | INFO     | monitor:scan:273 - Reached Old Files
2026-08-03 04:44:44.031 | INFO     | monitor:scan:303 - No New Serial
2026-08-03 04:44:44.031 | INFO     | monitor:scan:325 - Nothing Changed
2026-08-03 04:44:44.032 | SUCCESS  | monitor:scan:331 - Scan Finished
2026-08-03 04:44:44.032 | INFO     | monitor:start:67 - Sleep 60 Seconds
2026-08-03 04:45:44.033 | INFO     | auth.login:ensure_login:354 - Checking Login...
2026-08-03 04:45:44.036 | SUCCESS  | auth.login:load_saved_token:192 - Saved Token Loaded
2026-08-03 04:45:44.038 | SUCCESS  | auth.login:ensure_login:362 - Using Saved Token
2026-08-03 04:45:44.039 | INFO     | monitor:scan:111 - Scanning Website...
2026-08-03 04:45:44.042 | INFO     | monitor:scan:125 - Loading Page 1
2026-08-03 04:45:44.043 | INFO     | api:get_files:60 - Loading Page 1
2026-08-03 04:45:45.530 | INFO     | api:get_file:84 - Loading File 126d519e-95f6-9843-e927-2ca3fc8ea743
2026-08-03 04:45:45.755 | INFO     | monitor:scan:273 - Reached Old Files
2026-08-03 04:45:45.755 | INFO     | monitor:scan:303 - No New Serial
2026-08-03 04:45:45.755 | INFO     | monitor:scan:325 - Nothing Changed
2026-08-03 04:45:45.755 | SUCCESS  | monitor:scan:331 - Scan Finished
2026-08-03 04:45:45.755 | INFO     | monitor:start:67 - Sleep 60 Seconds
2026-08-03 04:46:45.756 | INFO     | auth.login:ensure_login:354 - Checking Login...
2026-08-03 04:46:45.757 | SUCCESS  | auth.login:load_saved_token:192 - Saved Token Loaded
2026-08-03 04:46:45.757 | SUCCESS  | auth.login:ensure_login:362 - Using Saved Token
2026-08-03 04:46:45.757 | INFO     | monitor:scan:111 - Scanning Website...
2026-08-03 04:46:45.758 | INFO     | monitor:scan:125 - Loading Page 1
2026-08-03 04:46:45.758 | INFO     | api:get_files:60 - Loading Page 1
2026-08-03 04:46:47.268 | INFO     | api:get_file:84 - Loading File 126d519e-95f6-9843-e927-2ca3fc8ea743
2026-08-03 04:46:47.493 | INFO     | monitor:scan:273 - Reached Old Files
2026-08-03 04:46:47.493 | INFO     | monitor:scan:303 - No New Serial
2026-08-03 04:46:47.493 | INFO     | monitor:scan:325 - Nothing Changed
2026-08-03 04:46:47.493 | SUCCESS  | monitor:scan:331 - Scan Finished
2026-08-03 04:46:47.493 | INFO     | monitor:start:67 - Sleep 60 Seconds
2026-08-03 04:47:47.494 | INFO     | auth.login:ensure_login:354 - Checking Login...
2026-08-03 04:47:47.499 | SUCCESS  | auth.login:load_saved_token:192 - Saved Token Loaded
2026-08-03 04:47:47.500 | SUCCESS  | auth.login:ensure_login:362 - Using Saved Token
2026-08-03 04:47:47.502 | INFO     | monitor:scan:111 - Scanning Website...
2026-08-03 04:47:47.505 | INFO     | monitor:scan:125 - Loading Page 1
2026-08-03 04:47:47.505 | INFO     | api:get_files:60 - Loading Page 1
2026-08-03 04:47:49.058 | INFO     | api:get_file:84 - Loading File 126d519e-95f6-9843-e927-2ca3fc8ea743
2026-08-03 04:47:49.284 | INFO     | monitor:scan:273 - Reached Old Files
2026-08-03 04:47:49.285 | INFO     | monitor:scan:303 - No New Serial
2026-08-03 04:47:49.285 | INFO     | monitor:scan:325 - Nothing Changed
2026-08-03 04:47:49.285 | SUCCESS  | monitor:scan:331 - Scan Finished
2026-08-03 04:47:49.285 | INFO     | monitor:start:67 - Sleep 60 Seconds
2026-08-03 04:48:49.286 | INFO     | auth.login:ensure_login:354 - Checking Login...
2026-08-03 04:48:49.292 | SUCCESS  | auth.login:load_saved_token:192 - Saved Token Loaded
2026-08-03 04:48:49.294 | SUCCESS  | auth.login:ensure_login:362 - Using Saved Token
2026-08-03 04:48:49.295 | INFO     | monitor:scan:111 - Scanning Website...
2026-08-03 04:48:49.299 | INFO     | monitor:scan:125 - Loading Page 1
2026-08-03 04:48:49.300 | INFO     | api:get_files:60 - Loading Page 1
2026-08-03 04:48:52.108 | INFO     | api:get_file:84 - Loading File 126d519e-95f6-9843-e927-2ca3fc8ea743
2026-08-03 04:48:52.338 | INFO     | monitor:scan:273 - Reached Old Files
2026-08-03 04:48:52.340 | INFO     | monitor:scan:303 - No New Serial
2026-08-03 04:48:52.342 | INFO     | monitor:scan:325 - Nothing Changed
2026-08-03 04:48:52.343 | SUCCESS  | monitor:scan:331 - Scan Finished
2026-08-03 04:48:52.348 | INFO     | monitor:start:67 - Sleep 60 Seconds
2026-08-03 04:49:52.350 | INFO     | auth.login:ensure_login:354 - Checking Login...
2026-08-03 04:49:52.351 | SUCCESS  | auth.login:load_saved_token:192 - Saved Token Loaded
2026-08-03 04:49:52.351 | SUCCESS  | auth.login:ensure_login:362 - Using Saved Token
2026-08-03 04:49:52.352 | INFO     | monitor:scan:111 - Scanning Website...
2026-08-03 04:49:52.352 | INFO     | monitor:scan:125 - Loading Page 1
2026-08-03 04:49:52.352 | INFO     | api:get_files:60 - Loading Page 1
2026-08-03 04:49:55.251 | INFO     | api:get_file:84 - Loading File 126d519e-95f6-9843-e927-2ca3fc8ea743
2026-08-03 04:49:55.474 | INFO     | monitor:scan:273 - Reached Old Files
2026-08-03 04:49:55.476 | INFO     | monitor:scan:303 - No New Serial
2026-08-03 04:49:55.478 | INFO     | monitor:scan:325 - Nothing Changed
2026-08-03 04:49:55.480 | SUCCESS  | monitor:scan:331 - Scan Finished
2026-08-03 04:49:55.482 | INFO     | monitor:start:67 - Sleep 60 Seconds
2026-08-03 04:50:55.483 | INFO     | auth.login:ensure_login:354 - Checking Login...
2026-08-03 04:50:55.486 | SUCCESS  | auth.login:load_saved_token:192 - Saved Token Loaded
2026-08-03 04:50:55.488 | SUCCESS  | auth.login:ensure_login:362 - Using Saved Token
2026-08-03 04:50:55.489 | INFO     | monitor:scan:111 - Scanning Website...
2026-08-03 04:50:55.491 | INFO     | monitor:scan:125 - Loading Page 1
2026-08-03 04:50:55.492 | INFO     | api:get_files:60 - Loading Page 1
2026-08-03 04:50:58.853 | INFO     | api:get_file:84 - Loading File 126d519e-95f6-9843-e927-2ca3fc8ea743
2026-08-03 04:50:59.082 | INFO     | monitor:scan:273 - Reached Old Files
2026-08-03 04:50:59.083 | INFO     | monitor:scan:303 - No New Serial
2026-08-03 04:50:59.083 | INFO     | monitor:scan:325 - Nothing Changed
2026-08-03 04:50:59.083 | SUCCESS  | monitor:scan:331 - Scan Finished
2026-08-03 04:50:59.083 | INFO     | monitor:start:67 - Sleep 60 Seconds
2026-08-03 04:51:59.084 | INFO     | auth.login:ensure_login:354 - Checking Login...
2026-08-03 04:51:59.088 | SUCCESS  | auth.login:load_saved_token:192 - Saved Token Loaded
2026-08-03 04:51:59.090 | SUCCESS  | auth.login:ensure_login:362 - Using Saved Token
2026-08-03 04:51:59.091 | INFO     | monitor:scan:111 - Scanning Website...
2026-08-03 04:51:59.093 | INFO     | monitor:scan:125 - Loading Page 1
2026-08-03 04:51:59.094 | INFO     | api:get_files:60 - Loading Page 1
2026-08-03 04:52:02.503 | INFO     | api:get_file:84 - Loading File 126d519e-95f6-9843-e927-2ca3fc8ea743
2026-08-03 04:52:02.733 | INFO     | monitor:scan:273 - Reached Old Files
2026-08-03 04:52:02.734 | INFO     | monitor:scan:303 - No New Serial
2026-08-03 04:52:02.735 | INFO     | monitor:scan:325 - Nothing Changed
2026-08-03 04:52:02.736 | SUCCESS  | monitor:scan:331 - Scan Finished
2026-08-03 04:52:02.737 | INFO     | monitor:start:67 - Sleep 60 Seconds
2026-08-03 04:53:02.738 | INFO     | auth.login:ensure_login:354 - Checking Login...
2026-08-03 04:53:02.740 | SUCCESS  | auth.login:load_saved_token:192 - Saved Token Loaded
2026-08-03 04:53:02.742 | SUCCESS  | auth.login:ensure_login:362 - Using Saved Token
2026-08-03 04:53:02.744 | INFO     | monitor:scan:111 - Scanning Website...
2026-08-03 04:53:02.747 | INFO     | monitor:scan:125 - Loading Page 1
2026-08-03 04:53:02.749 | INFO     | api:get_files:60 - Loading Page 1
2026-08-03 04:53:03.179 | WARNING  | auth.login:get:411 - Access Token Expired
2026-08-03 04:53:03.181 | INFO     | auth.login:login:262 - Logging in...
2026-08-03 04:53:03.653 | SUCCESS  | auth.login:save_token:242 - Token Saved
2026-08-03 04:53:03.654 | SUCCESS  | auth.login:login:340 - Login Successful
2026-08-03 04:53:04.852 | INFO     | api:get_file:84 - Loading File 126d519e-95f6-9843-e927-2ca3fc8ea743
2026-08-03 04:53:05.066 | INFO     | monitor:scan:273 - Reached Old Files
2026-08-03 04:53:05.066 | INFO     | monitor:scan:303 - No New Serial
2026-08-03 04:53:05.067 | INFO     | monitor:scan:325 - Nothing Changed
2026-08-03 04:53:05.067 | SUCCESS  | monitor:scan:331 - Scan Finished
2026-08-03 04:53:05.067 | INFO     | monitor:start:67 - Sleep 60 Seconds
2026-08-03 04:54:05.067 | INFO     | auth.login:ensure_login:354 - Checking Login...
2026-08-03 04:54:05.074 | SUCCESS  | auth.login:load_saved_token:192 - Saved Token Loaded
2026-08-03 04:54:05.074 | SUCCESS  | auth.login:ensure_login:362 - Using Saved Token
2026-08-03 04:54:05.074 | INFO     | monitor:scan:111 - Scanning Website...
2026-08-03 04:54:05.075 | INFO     | monitor:scan:125 - Loading Page 1
2026-08-03 04:54:05.075 | INFO     | api:get_files:60 - Loading Page 1
2026-08-03 04:54:06.588 | INFO     | api:get_file:84 - Loading File 126d519e-95f6-9843-e927-2ca3fc8ea743
2026-08-03 04:54:06.808 | INFO     | monitor:scan:273 - Reached Old Files
2026-08-03 04:54:06.808 | INFO     | monitor:scan:303 - No New Serial
2026-08-03 04:54:06.808 | INFO     | monitor:scan:325 - Nothing Changed
2026-08-03 04:54:06.809 | SUCCESS  | monitor:scan:331 - Scan Finished
2026-08-03 04:54:06.809 | INFO     | monitor:start:67 - Sleep 60 Seconds
2026-08-03 04:55:06.810 | INFO     | auth.login:ensure_login:354 - Checking Login...
2026-08-03 04:55:06.811 | SUCCESS  | auth.login:load_saved_token:192 - Saved Token Loaded
2026-08-03 04:55:06.812 | SUCCESS  | auth.login:ensure_login:362 - Using Saved Token
2026-08-03 04:55:06.812 | INFO     | monitor:scan:111 - Scanning Website...
2026-08-03 04:55:06.813 | INFO     | monitor:scan:125 - Loading Page 1
2026-08-03 04:55:06.813 | INFO     | api:get_files:60 - Loading Page 1
2026-08-03 04:55:08.426 | INFO     | api:get_file:84 - Loading File 126d519e-95f6-9843-e927-2ca3fc8ea743
2026-08-03 04:55:08.655 | INFO     | monitor:scan:273 - Reached Old Files
2026-08-03 04:55:08.657 | INFO     | monitor:scan:303 - No New Serial
2026-08-03 04:55:08.658 | INFO     | monitor:scan:325 - Nothing Changed
2026-08-03 04:55:08.659 | SUCCESS  | monitor:scan:331 - Scan Finished
2026-08-03 04:55:08.661 | INFO     | monitor:start:67 - Sleep 60 Seconds
2026-08-03 04:56:08.662 | INFO     | auth.login:ensure_login:354 - Checking Login...
2026-08-03 04:56:08.668 | SUCCESS  | auth.login:load_saved_token:192 - Saved Token Loaded
2026-08-03 04:56:08.669 | SUCCESS  | auth.login:ensure_login:362 - Using Saved Token
2026-08-03 04:56:08.671 | INFO     | monitor:scan:111 - Scanning Website...
2026-08-03 04:56:08.676 | INFO     | monitor:scan:125 - Loading Page 1
2026-08-03 04:56:08.678 | INFO     | api:get_files:60 - Loading Page 1
2026-08-03 04:56:12.006 | INFO     | api:get_file:84 - Loading File 126d519e-95f6-9843-e927-2ca3fc8ea743
2026-08-03 04:56:12.234 | INFO     | monitor:scan:273 - Reached Old Files
2026-08-03 04:56:12.235 | INFO     | monitor:scan:303 - No New Serial
2026-08-03 04:56:12.237 | INFO     | monitor:scan:325 - Nothing Changed
2026-08-03 04:56:12.239 | SUCCESS  | monitor:scan:331 - Scan Finished
2026-08-03 04:56:12.241 | INFO     | monitor:start:67 - Sleep 60 Seconds
2026-08-03 04:57:12.242 | INFO     | auth.login:ensure_login:354 - Checking Login...
2026-08-03 04:57:12.243 | SUCCESS  | auth.login:load_saved_token:192 - Saved Token Loaded
2026-08-03 04:57:12.243 | SUCCESS  | auth.login:ensure_login:362 - Using Saved Token
2026-08-03 04:57:12.243 | INFO     | monitor:scan:111 - Scanning Website...
2026-08-03 04:57:12.244 | INFO     | monitor:scan:125 - Loading Page 1
2026-08-03 04:57:12.244 | INFO     | api:get_files:60 - Loading Page 1
2026-08-03 04:57:13.777 | INFO     | api:get_file:84 - Loading File 126d519e-95f6-9843-e927-2ca3fc8ea743
2026-08-03 04:57:13.991 | INFO     | monitor:scan:273 - Reached Old Files
2026-08-03 04:57:13.991 | INFO     | monitor:scan:303 - No New Serial
2026-08-03 04:57:13.992 | INFO     | monitor:scan:325 - Nothing Changed
2026-08-03 04:57:13.992 | SUCCESS  | monitor:scan:331 - Scan Finished
2026-08-03 04:57:13.993 | INFO     | monitor:start:67 - Sleep 60 Seconds
2026-08-03 04:58:13.993 | INFO     | auth.login:ensure_login:354 - Checking Login...
2026-08-03 04:58:13.998 | SUCCESS  | auth.login:load_saved_token:192 - Saved Token Loaded
2026-08-03 04:58:13.999 | SUCCESS  | auth.login:ensure_login:362 - Using Saved Token
2026-08-03 04:58:14.001 | INFO     | monitor:scan:111 - Scanning Website...
2026-08-03 04:58:14.003 | INFO     | monitor:scan:125 - Loading Page 1
2026-08-03 04:58:14.004 | INFO     | api:get_files:60 - Loading Page 1
2026-08-03 04:58:16.995 | INFO     | api:get_file:84 - Loading File 126d519e-95f6-9843-e927-2ca3fc8ea743
2026-08-03 04:58:17.202 | INFO     | monitor:scan:273 - Reached Old Files
2026-08-03 04:58:17.203 | INFO     | monitor:scan:303 - No New Serial
2026-08-03 04:58:17.203 | INFO     | monitor:scan:325 - Nothing Changed
2026-08-03 04:58:17.204 | SUCCESS  | monitor:scan:331 - Scan Finished
2026-08-03 04:58:17.206 | INFO     | monitor:start:67 - Sleep 60 Seconds
2026-08-03 04:59:17.207 | INFO     | auth.login:ensure_login:354 - Checking Login...
2026-08-03 04:59:17.211 | SUCCESS  | auth.login:load_saved_token:192 - Saved Token Loaded
2026-08-03 04:59:17.213 | SUCCESS  | auth.login:ensure_login:362 - Using Saved Token
2026-08-03 04:59:17.214 | INFO     | monitor:scan:111 - Scanning Website...
2026-08-03 04:59:17.215 | INFO     | monitor:scan:125 - Loading Page 1
2026-08-03 04:59:17.216 | INFO     | api:get_files:60 - Loading Page 1
2026-08-03 04:59:20.508 | INFO     | api:get_file:84 - Loading File 126d519e-95f6-9843-e927-2ca3fc8ea743
2026-08-03 04:59:20.738 | INFO     | monitor:scan:273 - Reached Old Files
2026-08-03 04:59:20.740 | INFO     | monitor:scan:303 - No New Serial
2026-08-03 04:59:20.742 | INFO     | monitor:scan:325 - Nothing Changed
2026-08-03 04:59:20.743 | SUCCESS  | monitor:scan:331 - Scan Finished
2026-08-03 04:59:20.744 | INFO     | monitor:start:67 - Sleep 60 Seconds
2026-08-03 05:00:20.745 | INFO     | auth.login:ensure_login:354 - Checking Login...
2026-08-03 05:00:20.748 | SUCCESS  | auth.login:load_saved_token:192 - Saved Token Loaded
2026-08-03 05:00:20.748 | SUCCESS  | auth.login:ensure_login:362 - Using Saved Token
2026-08-03 05:00:20.751 | INFO     | monitor:scan:111 - Scanning Website...
2026-08-03 05:00:20.753 | INFO     | monitor:scan:125 - Loading Page 1
2026-08-03 05:00:20.753 | INFO     | api:get_files:60 - Loading Page 1
2026-08-03 05:00:24.151 | INFO     | api:get_file:84 - Loading File 126d519e-95f6-9843-e927-2ca3fc8ea743
2026-08-03 05:00:24.369 | INFO     | monitor:scan:273 - Reached Old Files
2026-08-03 05:00:24.370 | INFO     | monitor:scan:303 - No New Serial
2026-08-03 05:00:24.371 | INFO     | monitor:scan:325 - Nothing Changed
2026-08-03 05:00:24.371 | SUCCESS  | monitor:scan:331 - Scan Finished
2026-08-03 05:00:24.373 | INFO     | monitor:start:67 - Sleep 60 Seconds
2026-08-03 05:01:24.375 | INFO     | auth.login:ensure_login:354 - Checking Login...
2026-08-03 05:01:24.375 | SUCCESS  | auth.login:load_saved_token:192 - Saved Token Loaded
2026-08-03 05:01:24.375 | SUCCESS  | auth.login:ensure_login:362 - Using Saved Token
2026-08-03 05:01:24.376 | INFO     | monitor:scan:111 - Scanning Website...
2026-08-03 05:01:24.376 | INFO     | monitor:scan:125 - Loading Page 1
2026-08-03 05:01:24.376 | INFO     | api:get_files:60 - Loading Page 1
2026-08-03 05:01:26.077 | INFO     | api:get_file:84 - Loading File 126d519e-95f6-9843-e927-2ca3fc8ea743
2026-08-03 05:01:26.308 | INFO     | monitor:scan:273 - Reached Old Files
2026-08-03 05:01:26.308 | INFO     | monitor:scan:303 - No New Serial
2026-08-03 05:01:26.308 | INFO     | monitor:scan:325 - Nothing Changed
2026-08-03 05:01:26.309 | SUCCESS  | monitor:scan:331 - Scan Finished
2026-08-03 05:01:26.309 | INFO     | monitor:start:67 - Sleep 60 Seconds
2026-08-03 05:02:26.309 | INFO     | auth.login:ensure_login:354 - Checking Login...
2026-08-03 05:02:26.312 | SUCCESS  | auth.login:load_saved_token:192 - Saved Token Loaded
2026-08-03 05:02:26.315 | SUCCESS  | auth.login:ensure_login:362 - Using Saved Token
2026-08-03 05:02:26.316 | INFO     | monitor:scan:111 - Scanning Website...
2026-08-03 05:02:26.320 | INFO     | monitor:scan:125 - Loading Page 1
2026-08-03 05:02:26.320 | INFO     | api:get_files:60 - Loading Page 1
2026-08-03 05:02:27.888 | INFO     | api:get_file:84 - Loading File 126d519e-95f6-9843-e927-2ca3fc8ea743
2026-08-03 05:02:28.119 | INFO     | monitor:scan:273 - Reached Old Files
2026-08-03 05:02:28.120 | INFO     | monitor:scan:303 - No New Serial
2026-08-03 05:02:28.120 | INFO     | monitor:scan:325 - Nothing Changed
2026-08-03 05:02:28.121 | SUCCESS  | monitor:scan:331 - Scan Finished
2026-08-03 05:02:28.122 | INFO     | monitor:start:67 - Sleep 60 Seconds
2026-08-03 05:03:28.123 | INFO     | auth.login:ensure_login:354 - Checking Login...
2026-08-03 05:03:28.123 | SUCCESS  | auth.login:load_saved_token:192 - Saved Token Loaded
2026-08-03 05:03:28.123 | SUCCESS  | auth.login:ensure_login:362 - Using Saved Token
2026-08-03 05:03:28.124 | INFO     | monitor:scan:111 - Scanning Website...
2026-08-03 05:03:28.124 | INFO     | monitor:scan:125 - Loading Page 1
2026-08-03 05:03:28.124 | INFO     | api:get_files:60 - Loading Page 1
2026-08-03 05:03:28.544 | WARNING  | auth.login:get:411 - Access Token Expired
2026-08-03 05:03:28.545 | INFO     | auth.login:login:262 - Logging in...
2026-08-03 05:03:29.022 | SUCCESS  | auth.login:save_token:242 - Token Saved
2026-08-03 05:03:29.024 | SUCCESS  | auth.login:login:340 - Login Successful
2026-08-03 05:03:31.693 | INFO     | api:get_file:84 - Loading File 126d519e-95f6-9843-e927-2ca3fc8ea743
2026-08-03 05:03:31.924 | INFO     | monitor:scan:273 - Reached Old Files
2026-08-03 05:03:31.924 | INFO     | monitor:scan:303 - No New Serial
2026-08-03 05:03:31.924 | INFO     | monitor:scan:325 - Nothing Changed
2026-08-03 05:03:31.925 | SUCCESS  | monitor:scan:331 - Scan Finished
2026-08-03 05:03:31.926 | INFO     | monitor:start:67 - Sleep 60 Seconds
2026-08-03 05:04:31.927 | INFO     | auth.login:ensure_login:354 - Checking Login...
2026-08-03 05:04:31.950 | SUCCESS  | auth.login:load_saved_token:192 - Saved Token Loaded
2026-08-03 05:04:31.952 | SUCCESS  | auth.login:ensure_login:362 - Using Saved Token
2026-08-03 05:04:31.953 | INFO     | monitor:scan:111 - Scanning Website...
2026-08-03 05:04:31.955 | INFO     | monitor:scan:125 - Loading Page 1
2026-08-03 05:04:31.956 | INFO     | api:get_files:60 - Loading Page 1
2026-08-03 05:04:33.612 | INFO     | api:get_file:84 - Loading File 126d519e-95f6-9843-e927-2ca3fc8ea743
2026-08-03 05:04:33.830 | INFO     | monitor:scan:273 - Reached Old Files
2026-08-03 05:04:33.832 | INFO     | monitor:scan:303 - No New Serial
2026-08-03 05:04:33.834 | INFO     | monitor:scan:325 - Nothing Changed
2026-08-03 05:04:33.836 | SUCCESS  | monitor:scan:331 - Scan Finished
2026-08-03 05:04:33.839 | INFO     | monitor:start:67 - Sleep 60 Seconds
2026-08-03 05:05:33.841 | INFO     | auth.login:ensure_login:354 - Checking Login...
2026-08-03 05:05:33.842 | SUCCESS  | auth.login:load_saved_token:192 - Saved Token Loaded
2026-08-03 05:05:33.842 | SUCCESS  | auth.login:ensure_login:362 - Using Saved Token
2026-08-03 05:05:33.843 | INFO     | monitor:scan:111 - Scanning Website...
2026-08-03 05:05:33.844 | INFO     | monitor:scan:125 - Loading Page 1
2026-08-03 05:05:33.845 | INFO     | api:get_files:60 - Loading Page 1
2026-08-03 05:05:35.553 | INFO     | api:get_file:84 - Loading File 126d519e-95f6-9843-e927-2ca3fc8ea743
2026-08-03 05:05:35.783 | INFO     | monitor:scan:273 - Reached Old Files
2026-08-03 05:05:35.784 | INFO     | monitor:scan:303 - No New Serial
2026-08-03 05:05:35.786 | INFO     | monitor:scan:325 - Nothing Changed
2026-08-03 05:05:35.786 | SUCCESS  | monitor:scan:331 - Scan Finished
2026-08-03 05:05:35.787 | INFO     | monitor:start:67 - Sleep 60 Seconds
2026-08-03 05:06:35.790 | INFO     | auth.login:ensure_login:354 - Checking Login...
2026-08-03 05:06:35.794 | SUCCESS  | auth.login:load_saved_token:192 - Saved Token Loaded
2026-08-03 05:06:35.794 | SUCCESS  | auth.login:ensure_login:362 - Using Saved Token
2026-08-03 05:06:35.796 | INFO     | monitor:scan:111 - Scanning Website...
2026-08-03 05:06:35.798 | INFO     | monitor:scan:125 - Loading Page 1
2026-08-03 05:06:35.799 | INFO     | api:get_files:60 - Loading Page 1
2026-08-03 05:06:39.029 | INFO     | api:get_file:84 - Loading File 126d519e-95f6-9843-e927-2ca3fc8ea743
2026-08-03 05:06:39.259 | INFO     | monitor:scan:273 - Reached Old Files
2026-08-03 05:06:39.261 | INFO     | monitor:scan:303 - No New Serial
2026-08-03 05:06:39.262 | INFO     | monitor:scan:325 - Nothing Changed
2026-08-03 05:06:39.263 | SUCCESS  | monitor:scan:331 - Scan Finished
2026-08-03 05:06:39.263 | INFO     | monitor:start:67 - Sleep 60 Seconds
2026-08-03 05:07:39.264 | INFO     | auth.login:ensure_login:354 - Checking Login...
2026-08-03 05:07:39.266 | SUCCESS  | auth.login:load_saved_token:192 - Saved Token Loaded
2026-08-03 05:07:39.266 | SUCCESS  | auth.login:ensure_login:362 - Using Saved Token
2026-08-03 05:07:39.267 | INFO     | monitor:scan:111 - Scanning Website...
2026-08-03 05:07:39.268 | INFO     | monitor:scan:125 - Loading Page 1
2026-08-03 05:07:39.269 | INFO     | api:get_files:60 - Loading Page 1
2026-08-03 05:07:41.929 | INFO     | api:get_file:84 - Loading File 126d519e-95f6-9843-e927-2ca3fc8ea743
2026-08-03 05:07:42.156 | INFO     | monitor:scan:273 - Reached Old Files
2026-08-03 05:07:42.157 | INFO     | monitor:scan:303 - No New Serial
2026-08-03 05:07:42.157 | INFO     | monitor:scan:325 - Nothing Changed
2026-08-03 05:07:42.158 | SUCCESS  | monitor:scan:331 - Scan Finished
2026-08-03 05:07:42.158 | INFO     | monitor:start:67 - Sleep 60 Seconds
2026-08-03 05:08:42.158 | INFO     | auth.login:ensure_login:354 - Checking Login...
2026-08-03 05:08:42.161 | SUCCESS  | auth.login:load_saved_token:192 - Saved Token Loaded
2026-08-03 05:08:42.162 | SUCCESS  | auth.login:ensure_login:362 - Using Saved Token
2026-08-03 05:08:42.163 | INFO     | monitor:scan:111 - Scanning Website...
2026-08-03 05:08:42.167 | INFO     | monitor:scan:125 - Loading Page 1
2026-08-03 05:08:42.167 | INFO     | api:get_files:60 - Loading Page 1
2026-08-03 05:08:43.666 | INFO     | api:get_file:84 - Loading File 126d519e-95f6-9843-e927-2ca3fc8ea743
2026-08-03 05:08:43.900 | INFO     | monitor:scan:273 - Reached Old Files
2026-08-03 05:08:43.900 | INFO     | monitor:scan:303 - No New Serial
2026-08-03 05:08:43.901 | INFO     | monitor:scan:325 - Nothing Changed
2026-08-03 05:08:43.901 | SUCCESS  | monitor:scan:331 - Scan Finished
2026-08-03 05:08:43.902 | INFO     | monitor:start:67 - Sleep 60 Seconds
2026-08-03 05:09:43.903 | INFO     | auth.login:ensure_login:354 - Checking Login...
2026-08-03 05:09:43.904 | SUCCESS  | auth.login:load_saved_token:192 - Saved Token Loaded
2026-08-03 05:09:43.904 | SUCCESS  | auth.login:ensure_login:362 - Using Saved Token
2026-08-03 05:09:43.904 | INFO     | monitor:scan:111 - Scanning Website...
2026-08-03 05:09:43.905 | INFO     | monitor:scan:125 - Loading Page 1
2026-08-03 05:09:43.905 | INFO     | api:get_files:60 - Loading Page 1
2026-08-03 05:09:45.374 | INFO     | api:get_file:84 - Loading File 126d519e-95f6-9843-e927-2ca3fc8ea743
2026-08-03 05:09:45.594 | INFO     | monitor:scan:273 - Reached Old Files
2026-08-03 05:09:45.595 | INFO     | monitor:scan:303 - No New Serial
2026-08-03 05:09:45.595 | INFO     | monitor:scan:325 - Nothing Changed
2026-08-03 05:09:45.595 | SUCCESS  | monitor:scan:331 - Scan Finished
2026-08-03 05:09:45.595 | INFO     | monitor:start:67 - Sleep 60 Seconds
2026-08-03 05:10:45.596 | INFO     | auth.login:ensure_login:354 - Checking Login...
2026-08-03 05:10:45.597 | SUCCESS  | auth.login:load_saved_token:192 - Saved Token Loaded
2026-08-03 05:10:45.598 | SUCCESS  | auth.login:ensure_login:362 - Using Saved Token
2026-08-03 05:10:45.598 | INFO     | monitor:scan:111 - Scanning Website...
2026-08-03 05:10:45.598 | INFO     | monitor:scan:125 - Loading Page 1
2026-08-03 05:10:45.598 | INFO     | api:get_files:60 - Loading Page 1
2026-08-03 05:10:47.132 | INFO     | api:get_file:84 - Loading File 126d519e-95f6-9843-e927-2ca3fc8ea743
2026-08-03 05:10:47.362 | INFO     | monitor:scan:273 - Reached Old Files
2026-08-03 05:10:47.363 | INFO     | monitor:scan:303 - No New Serial
2026-08-03 05:10:47.364 | INFO     | monitor:scan:325 - Nothing Changed
2026-08-03 05:10:47.365 | SUCCESS  | monitor:scan:331 - Scan Finished
2026-08-03 05:10:47.367 | INFO     | monitor:start:67 - Sleep 60 Seconds
2026-08-03 05:11:47.368 | INFO     | auth.login:ensure_login:354 - Checking Login...
2026-08-03 05:11:47.370 | SUCCESS  | auth.login:load_saved_token:192 - Saved Token Loaded
2026-08-03 05:11:47.371 | SUCCESS  | auth.login:ensure_login:362 - Using Saved Token
2026-08-03 05:11:47.373 | INFO     | monitor:scan:111 - Scanning Website...
2026-08-03 05:11:47.375 | INFO     | monitor:scan:125 - Loading Page 1
2026-08-03 05:11:47.376 | INFO     | api:get_files:60 - Loading Page 1
2026-08-03 05:11:50.188 | INFO     | api:get_file:84 - Loading File 126d519e-95f6-9843-e927-2ca3fc8ea743
2026-08-03 05:11:50.642 | INFO     | monitor:scan:273 - Reached Old Files
2026-08-03 05:11:50.644 | INFO     | monitor:scan:303 - No New Serial
2026-08-03 05:11:50.645 | INFO     | monitor:scan:325 - Nothing Changed
2026-08-03 05:11:50.646 | SUCCESS  | monitor:scan:331 - Scan Finished
2026-08-03 05:11:50.646 | INFO     | monitor:start:67 - Sleep 60 Seconds
2026-08-03 05:12:50.648 | INFO     | auth.login:ensure_login:354 - Checking Login...
2026-08-03 05:12:50.651 | SUCCESS  | auth.login:load_saved_token:192 - Saved Token Loaded
2026-08-03 05:12:50.652 | SUCCESS  | auth.login:ensure_login:362 - Using Saved Token
2026-08-03 05:12:50.653 | INFO     | monitor:scan:111 - Scanning Website...
2026-08-03 05:12:50.654 | INFO     | monitor:scan:125 - Loading Page 1
2026-08-03 05:12:50.655 | INFO     | api:get_files:60 - Loading Page 1
2026-08-03 05:12:53.613 | INFO     | api:get_file:84 - Loading File 126d519e-95f6-9843-e927-2ca3fc8ea743
2026-08-03 05:12:53.841 | INFO     | monitor:scan:273 - Reached Old Files
2026-08-03 05:12:53.842 | INFO     | monitor:scan:303 - No New Serial
2026-08-03 05:12:53.842 | INFO     | monitor:scan:325 - Nothing Changed
2026-08-03 05:12:53.842 | SUCCESS  | monitor:scan:331 - Scan Finished
2026-08-03 05:12:53.843 | INFO     | monitor:start:67 - Sleep 60 Seconds
2026-08-03 05:13:53.844 | INFO     | auth.login:ensure_login:354 - Checking Login...
2026-08-03 05:13:53.849 | SUCCESS  | auth.login:load_saved_token:192 - Saved Token Loaded
2026-08-03 05:13:53.851 | SUCCESS  | auth.login:ensure_login:362 - Using Saved Token
2026-08-03 05:13:53.853 | INFO     | monitor:scan:111 - Scanning Website...
2026-08-03 05:13:53.857 | INFO     | monitor:scan:125 - Loading Page 1
2026-08-03 05:13:53.859 | INFO     | api:get_files:60 - Loading Page 1
2026-08-03 05:13:54.267 | WARNING  | auth.login:get:411 - Access Token Expired
2026-08-03 05:13:54.269 | INFO     | auth.login:login:262 - Logging in...
2026-08-03 05:13:54.785 | SUCCESS  | auth.login:save_token:242 - Token Saved
2026-08-03 05:13:54.787 | SUCCESS  | auth.login:login:340 - Login Successful
2026-08-03 05:13:56.286 | INFO     | api:get_file:84 - Loading File 126d519e-95f6-9843-e927-2ca3fc8ea743
2026-08-03 05:13:56.504 | INFO     | monitor:scan:273 - Reached Old Files
2026-08-03 05:13:56.505 | INFO     | monitor:scan:303 - No New Serial
2026-08-03 05:13:56.506 | INFO     | monitor:scan:325 - Nothing Changed
2026-08-03 05:13:56.509 | SUCCESS  | monitor:scan:331 - Scan Finished
2026-08-03 05:13:56.511 | INFO     | monitor:start:67 - Sleep 60 Seconds
2026-08-03 05:14:56.513 | INFO     | auth.login:ensure_login:354 - Checking Login...
2026-08-03 05:14:56.538 | SUCCESS  | auth.login:load_saved_token:192 - Saved Token Loaded
2026-08-03 05:14:56.539 | SUCCESS  | auth.login:ensure_login:362 - Using Saved Token
2026-08-03 05:14:56.539 | INFO     | monitor:scan:111 - Scanning Website...
2026-08-03 05:14:56.540 | INFO     | monitor:scan:125 - Loading Page 1
2026-08-03 05:14:56.540 | INFO     | api:get_files:60 - Loading Page 1
2026-08-03 05:14:59.683 | INFO     | api:get_file:84 - Loading File 126d519e-95f6-9843-e927-2ca3fc8ea743
2026-08-03 05:14:59.901 | INFO     | monitor:scan:273 - Reached Old Files
2026-08-03 05:14:59.902 | INFO     | monitor:scan:303 - No New Serial
2026-08-03 05:14:59.902 | INFO     | monitor:scan:325 - Nothing Changed
2026-08-03 05:14:59.902 | SUCCESS  | monitor:scan:331 - Scan Finished
2026-08-03 05:14:59.902 | INFO     | monitor:start:67 - Sleep 60 Seconds
2026-08-03 05:15:59.904 | INFO     | auth.login:ensure_login:354 - Checking Login...
2026-08-03 05:15:59.905 | SUCCESS  | auth.login:load_saved_token:192 - Saved Token Loaded
2026-08-03 05:15:59.905 | SUCCESS  | auth.login:ensure_login:362 - Using Saved Token
2026-08-03 05:15:59.906 | INFO     | monitor:scan:111 - Scanning Website...
2026-08-03 05:15:59.906 | INFO     | monitor:scan:125 - Loading Page 1
2026-08-03 05:15:59.907 | INFO     | api:get_files:60 - Loading Page 1
2026-08-03 05:16:01.484 | INFO     | api:get_file:84 - Loading File 126d519e-95f6-9843-e927-2ca3fc8ea743
2026-08-03 05:16:01.702 | INFO     | monitor:scan:273 - Reached Old Files
2026-08-03 05:16:01.704 | INFO     | monitor:scan:303 - No New Serial
2026-08-03 05:16:01.706 | INFO     | monitor:scan:325 - Nothing Changed
2026-08-03 05:16:01.709 | SUCCESS  | monitor:scan:331 - Scan Finished
2026-08-03 05:16:01.711 | INFO     | monitor:start:67 - Sleep 60 Seconds
2026-08-03 05:17:01.712 | INFO     | auth.login:ensure_login:354 - Checking Login...
2026-08-03 05:17:01.716 | SUCCESS  | auth.login:load_saved_token:192 - Saved Token Loaded
2026-08-03 05:17:01.717 | SUCCESS  | auth.login:ensure_login:362 - Using Saved Token
2026-08-03 05:17:01.719 | INFO     | monitor:scan:111 - Scanning Website...
2026-08-03 05:17:01.721 | INFO     | monitor:scan:125 - Loading Page 1
2026-08-03 05:17:01.722 | INFO     | api:get_files:60 - Loading Page 1
2026-08-03 05:17:03.259 | INFO     | api:get_file:84 - Loading File 126d519e-95f6-9843-e927-2ca3fc8ea743
2026-08-03 05:17:03.486 | INFO     | monitor:scan:273 - Reached Old Files
2026-08-03 05:17:03.487 | INFO     | monitor:scan:303 - No New Serial
2026-08-03 05:17:03.488 | INFO     | monitor:scan:325 - Nothing Changed
2026-08-03 05:17:03.489 | SUCCESS  | monitor:scan:331 - Scan Finished
2026-08-03 05:17:03.490 | INFO     | monitor:start:67 - Sleep 60 Seconds
2026-08-03 05:18:03.492 | INFO     | auth.login:ensure_login:354 - Checking Login...
2026-08-03 05:18:03.493 | SUCCESS  | auth.login:load_saved_token:192 - Saved Token Loaded
2026-08-03 05:18:03.493 | SUCCESS  | auth.login:ensure_login:362 - Using Saved Token
2026-08-03 05:18:03.494 | INFO     | monitor:scan:111 - Scanning Website...
2026-08-03 05:18:03.494 | INFO     | monitor:scan:125 - Loading Page 1
2026-08-03 05:18:03.494 | INFO     | api:get_files:60 - Loading Page 1
2026-08-03 05:18:05.368 | INFO     | api:get_file:84 - Loading File 126d519e-95f6-9843-e927-2ca3fc8ea743
2026-08-03 05:18:05.598 | INFO     | monitor:scan:273 - Reached Old Files
2026-08-03 05:18:05.599 | INFO     | monitor:scan:303 - No New Serial
2026-08-03 05:18:05.599 | INFO     | monitor:scan:325 - Nothing Changed
2026-08-03 05:18:05.600 | SUCCESS  | monitor:scan:331 - Scan Finished
2026-08-03 05:18:05.600 | INFO     | monitor:start:67 - Sleep 60 Seconds
2026-08-03 05:19:05.601 | INFO     | auth.login:ensure_login:354 - Checking Login...
2026-08-03 05:19:05.605 | SUCCESS  | auth.login:load_saved_token:192 - Saved Token Loaded
2026-08-03 05:19:05.608 | SUCCESS  | auth.login:ensure_login:362 - Using Saved Token
2026-08-03 05:19:05.610 | INFO     | monitor:scan:111 - Scanning Website...
2026-08-03 05:19:05.615 | INFO     | monitor:scan:125 - Loading Page 1
2026-08-03 05:19:05.617 | INFO     | api:get_files:60 - Loading Page 1
2026-08-03 05:19:08.509 | INFO     | api:get_file:84 - Loading File 126d519e-95f6-9843-e927-2ca3fc8ea743
2026-08-03 05:19:08.740 | INFO     | monitor:scan:273 - Reached Old Files
2026-08-03 05:19:08.741 | INFO     | monitor:scan:303 - No New Serial
2026-08-03 05:19:08.744 | INFO     | monitor:scan:325 - Nothing Changed
2026-08-03 05:19:08.746 | SUCCESS  | monitor:scan:331 - Scan Finished
2026-08-03 05:19:08.747 | INFO     | monitor:start:67 - Sleep 60 Seconds
2026-08-03 05:20:08.748 | INFO     | auth.login:ensure_login:354 - Checking Login...
2026-08-03 05:20:08.751 | SUCCESS  | auth.login:load_saved_token:192 - Saved Token Loaded
2026-08-03 05:20:08.752 | SUCCESS  | auth.login:ensure_login:362 - Using Saved Token
2026-08-03 05:20:08.752 | INFO     | monitor:scan:111 - Scanning Website...
2026-08-03 05:20:08.754 | INFO     | monitor:scan:125 - Loading Page 1
2026-08-03 05:20:08.754 | INFO     | api:get_files:60 - Loading Page 1
2026-08-03 05:20:10.449 | INFO     | api:get_file:84 - Loading File 126d519e-95f6-9843-e927-2ca3fc8ea743
2026-08-03 05:20:10.681 | INFO     | monitor:scan:273 - Reached Old Files
2026-08-03 05:20:10.681 | INFO     | monitor:scan:303 - No New Serial
2026-08-03 05:20:10.683 | INFO     | monitor:scan:325 - Nothing Changed
2026-08-03 05:20:10.684 | SUCCESS  | monitor:scan:331 - Scan Finished
2026-08-03 05:20:10.685 | INFO     | monitor:start:67 - Sleep 60 Seconds
2026-08-03 05:21:10.686 | INFO     | auth.login:ensure_login:354 - Checking Login...
2026-08-03 05:21:10.687 | SUCCESS  | auth.login:load_saved_token:192 - Saved Token Loaded
2026-08-03 05:21:10.687 | SUCCESS  | auth.login:ensure_login:362 - Using Saved Token
2026-08-03 05:21:10.687 | INFO     | monitor:scan:111 - Scanning Website...
2026-08-03 05:21:10.688 | INFO     | monitor:scan:125 - Loading Page 1
2026-08-03 05:21:10.688 | INFO     | api:get_files:60 - Loading Page 1
2026-08-03 05:21:12.169 | INFO     | api:get_file:84 - Loading File 126d519e-95f6-9843-e927-2ca3fc8ea743
2026-08-03 05:21:12.402 | INFO     | monitor:scan:273 - Reached Old Files
2026-08-03 05:21:12.403 | INFO     | monitor:scan:303 - No New Serial
2026-08-03 05:21:12.405 | INFO     | monitor:scan:325 - Nothing Changed
2026-08-03 05:21:12.406 | SUCCESS  | monitor:scan:331 - Scan Finished
2026-08-03 05:21:12.408 | INFO     | monitor:start:67 - Sleep 60 Seconds
2026-08-03 05:22:12.410 | INFO     | auth.login:ensure_login:354 - Checking Login...
2026-08-03 05:22:12.410 | SUCCESS  | auth.login:load_saved_token:192 - Saved Token Loaded
2026-08-03 05:22:12.411 | SUCCESS  | auth.login:ensure_login:362 - Using Saved Token
2026-08-03 05:22:12.411 | INFO     | monitor:scan:111 - Scanning Website...
2026-08-03 05:22:12.411 | INFO     | monitor:scan:125 - Loading Page 1
2026-08-03 05:22:12.412 | INFO     | api:get_files:60 - Loading Page 1
2026-08-03 05:22:13.973 | INFO     | api:get_file:84 - Loading File 126d519e-95f6-9843-e927-2ca3fc8ea743
2026-08-03 05:22:14.205 | INFO     | monitor:scan:273 - Reached Old Files
2026-08-03 05:22:14.206 | INFO     | monitor:scan:303 - No New Serial
2026-08-03 05:22:14.207 | INFO     | monitor:scan:325 - Nothing Changed
2026-08-03 05:22:14.209 | SUCCESS  | monitor:scan:331 - Scan Finished
2026-08-03 05:22:14.209 | INFO     | monitor:start:67 - Sleep 60 Seconds
2026-08-03 05:23:14.210 | INFO     | auth.login:ensure_login:354 - Checking Login...
2026-08-03 05:23:14.211 | SUCCESS  | auth.login:load_saved_token:192 - Saved Token Loaded
2026-08-03 05:23:14.212 | SUCCESS  | auth.login:ensure_login:362 - Using Saved Token
2026-08-03 05:23:14.212 | INFO     | monitor:scan:111 - Scanning Website...
2026-08-03 05:23:14.213 | INFO     | monitor:scan:125 - Loading Page 1
2026-08-03 05:23:14.213 | INFO     | api:get_files:60 - Loading Page 1
2026-08-03 05:23:15.963 | INFO     | api:get_file:84 - Loading File 126d519e-95f6-9843-e927-2ca3fc8ea743
2026-08-03 05:23:16.193 | INFO     | monitor:scan:273 - Reached Old Files
2026-08-03 05:23:16.193 | INFO     | monitor:scan:303 - No New Serial
2026-08-03 05:23:16.194 | INFO     | monitor:scan:325 - Nothing Changed
2026-08-03 05:23:16.194 | SUCCESS  | monitor:scan:331 - Scan Finished
2026-08-03 05:23:16.194 | INFO     | monitor:start:67 - Sleep 60 Seconds
2026-08-03 05:24:16.195 | INFO     | auth.login:ensure_login:354 - Checking Login...
2026-08-03 05:24:16.196 | SUCCESS  | auth.login:load_saved_token:192 - Saved Token Loaded
2026-08-03 05:24:16.196 | SUCCESS  | auth.login:ensure_login:362 - Using Saved Token
2026-08-03 05:24:16.196 | INFO     | monitor:scan:111 - Scanning Website...
2026-08-03 05:24:16.196 | INFO     | monitor:scan:125 - Loading Page 1
2026-08-03 05:24:16.197 | INFO     | api:get_files:60 - Loading Page 1
2026-08-03 05:24:16.604 | WARNING  | auth.login:get:411 - Access Token Expired
2026-08-03 05:24:16.604 | INFO     | auth.login:login:262 - Logging in...
2026-08-03 05:24:17.155 | SUCCESS  | auth.login:save_token:242 - Token Saved
2026-08-03 05:24:17.155 | SUCCESS  | auth.login:login:340 - Login Successful
2026-08-03 05:24:18.339 | INFO     | api:get_file:84 - Loading File 126d519e-95f6-9843-e927-2ca3fc8ea743
2026-08-03 05:24:18.568 | INFO     | monitor:scan:273 - Reached Old Files
2026-08-03 05:24:18.571 | INFO     | monitor:scan:303 - No New Serial
2026-08-03 05:24:18.572 | INFO     | monitor:scan:325 - Nothing Changed
2026-08-03 05:24:18.573 | SUCCESS  | monitor:scan:331 - Scan Finished
2026-08-03 05:24:18.574 | INFO     | monitor:start:67 - Sleep 60 Seconds
2026-08-03 05:25:18.578 | INFO     | auth.login:ensure_login:354 - Checking Login...
2026-08-03 05:25:18.607 | SUCCESS  | auth.login:load_saved_token:192 - Saved Token Loaded
2026-08-03 05:25:18.608 | SUCCESS  | auth.login:ensure_login:362 - Using Saved Token
2026-08-03 05:25:18.608 | INFO     | monitor:scan:111 - Scanning Website...
2026-08-03 05:25:18.609 | INFO     | monitor:scan:125 - Loading Page 1
2026-08-03 05:25:18.611 | INFO     | api:get_files:60 - Loading Page 1
2026-08-03 05:25:20.152 | INFO     | api:get_file:84 - Loading File 126d519e-95f6-9843-e927-2ca3fc8ea743
2026-08-03 05:25:20.376 | INFO     | monitor:scan:273 - Reached Old Files
2026-08-03 05:25:20.376 | INFO     | monitor:scan:303 - No New Serial
2026-08-03 05:25:20.376 | INFO     | monitor:scan:325 - Nothing Changed
2026-08-03 05:25:20.376 | SUCCESS  | monitor:scan:331 - Scan Finished
2026-08-03 05:25:20.377 | INFO     | monitor:start:67 - Sleep 60 Seconds
2026-08-03 05:26:20.378 | INFO     | auth.login:ensure_login:354 - Checking Login...
2026-08-03 05:26:20.379 | SUCCESS  | auth.login:load_saved_token:192 - Saved Token Loaded
2026-08-03 05:26:20.379 | SUCCESS  | auth.login:ensure_login:362 - Using Saved Token
2026-08-03 05:26:20.379 | INFO     | monitor:scan:111 - Scanning Website...
2026-08-03 05:26:20.380 | INFO     | monitor:scan:125 - Loading Page 1
2026-08-03 05:26:20.380 | INFO     | api:get_files:60 - Loading Page 1
2026-08-03 05:26:21.990 | INFO     | api:get_file:84 - Loading File 126d519e-95f6-9843-e927-2ca3fc8ea743
2026-08-03 05:26:22.220 | INFO     | monitor:scan:273 - Reached Old Files
2026-08-03 05:26:22.221 | INFO     | monitor:scan:303 - No New Serial
2026-08-03 05:26:22.221 | INFO     | monitor:scan:325 - Nothing Changed
2026-08-03 05:26:22.222 | SUCCESS  | monitor:scan:331 - Scan Finished
2026-08-03 05:26:22.222 | INFO     | monitor:start:67 - Sleep 60 Seconds
2026-08-03 05:27:22.223 | INFO     | auth.login:ensure_login:354 - Checking Login...
2026-08-03 05:27:22.226 | SUCCESS  | auth.login:load_saved_token:192 - Saved Token Loaded
2026-08-03 05:27:22.228 | SUCCESS  | auth.login:ensure_login:362 - Using Saved Token
2026-08-03 05:27:22.229 | INFO     | monitor:scan:111 - Scanning Website...
2026-08-03 05:27:22.234 | INFO     | monitor:scan:125 - Loading Page 1
2026-08-03 05:27:22.235 | INFO     | api:get_files:60 - Loading Page 1
2026-08-03 05:27:25.563 | INFO     | api:get_file:84 - Loading File 126d519e-95f6-9843-e927-2ca3fc8ea743
2026-08-03 05:27:25.792 | INFO     | monitor:scan:273 - Reached Old Files
2026-08-03 05:27:25.793 | INFO     | monitor:scan:303 - No New Serial
2026-08-03 05:27:25.793 | INFO     | monitor:scan:325 - Nothing Changed
2026-08-03 05:27:25.793 | SUCCESS  | monitor:scan:331 - Scan Finished
2026-08-03 05:27:25.796 | INFO     | monitor:start:67 - Sleep 60 Seconds
2026-08-03 05:28:25.798 | INFO     | auth.login:ensure_login:354 - Checking Login...
2026-08-03 05:28:25.799 | SUCCESS  | auth.login:load_saved_token:192 - Saved Token Loaded
2026-08-03 05:28:25.799 | SUCCESS  | auth.login:ensure_login:362 - Using Saved Token
2026-08-03 05:28:25.799 | INFO     | monitor:scan:111 - Scanning Website...
2026-08-03 05:28:25.799 | INFO     | monitor:scan:125 - Loading Page 1
2026-08-03 05:28:25.800 | INFO     | api:get_files:60 - Loading Page 1
2026-08-03 05:28:27.290 | INFO     | api:get_file:84 - Loading File 126d519e-95f6-9843-e927-2ca3fc8ea743
2026-08-03 05:28:27.694 | INFO     | monitor:scan:273 - Reached Old Files
2026-08-03 05:28:27.694 | INFO     | monitor:scan:303 - No New Serial
2026-08-03 05:28:27.694 | INFO     | monitor:scan:325 - Nothing Changed
2026-08-03 05:28:27.695 | SUCCESS  | monitor:scan:331 - Scan Finished
2026-08-03 05:28:27.695 | INFO     | monitor:start:67 - Sleep 60 Seconds
2026-08-03 05:29:27.696 | INFO     | auth.login:ensure_login:354 - Checking Login...
2026-08-03 05:29:27.699 | SUCCESS  | auth.login:load_saved_token:192 - Saved Token Loaded
2026-08-03 05:29:27.699 | SUCCESS  | auth.login:ensure_login:362 - Using Saved Token
2026-08-03 05:29:27.700 | INFO     | monitor:scan:111 - Scanning Website...
2026-08-03 05:29:27.703 | INFO     | monitor:scan:125 - Loading Page 1
2026-08-03 05:29:27.703 | INFO     | api:get_files:60 - Loading Page 1
2026-08-03 05:29:29.167 | INFO     | api:get_file:84 - Loading File 126d519e-95f6-9843-e927-2ca3fc8ea743
2026-08-03 05:29:29.395 | INFO     | monitor:scan:273 - Reached Old Files
2026-08-03 05:29:29.396 | INFO     | monitor:scan:303 - No New Serial
2026-08-03 05:29:29.396 | INFO     | monitor:scan:325 - Nothing Changed
2026-08-03 05:29:29.396 | SUCCESS  | monitor:scan:331 - Scan Finished
2026-08-03 05:29:29.396 | INFO     | monitor:start:67 - Sleep 60 Seconds
2026-08-03 05:30:29.397 | INFO     | auth.login:ensure_login:354 - Checking Login...
2026-08-03 05:30:29.402 | SUCCESS  | auth.login:load_saved_token:192 - Saved Token Loaded
2026-08-03 05:30:29.404 | SUCCESS  | auth.login:ensure_login:362 - Using Saved Token
2026-08-03 05:30:29.405 | INFO     | monitor:scan:111 - Scanning Website...
2026-08-03 05:30:29.408 | INFO     | monitor:scan:125 - Loading Page 1
2026-08-03 05:30:29.410 | INFO     | api:get_files:60 - Loading Page 1
2026-08-03 05:30:32.569 | INFO     | api:get_file:84 - Loading File 126d519e-95f6-9843-e927-2ca3fc8ea743
2026-08-03 05:30:32.798 | INFO     | monitor:scan:273 - Reached Old Files
2026-08-03 05:30:32.799 | INFO     | monitor:scan:303 - No New Serial
2026-08-03 05:30:32.801 | INFO     | monitor:scan:325 - Nothing Changed
2026-08-03 05:30:32.801 | SUCCESS  | monitor:scan:331 - Scan Finished
2026-08-03 05:30:32.802 | INFO     | monitor:start:67 - Sleep 60 Seconds
2026-08-03 05:31:32.802 | INFO     | auth.login:ensure_login:354 - Checking Login...
2026-08-03 05:31:32.804 | SUCCESS  | auth.login:load_saved_token:192 - Saved Token Loaded
2026-08-03 05:31:32.804 | SUCCESS  | auth.login:ensure_login:362 - Using Saved Token
2026-08-03 05:31:32.805 | INFO     | monitor:scan:111 - Scanning Website...
2026-08-03 05:31:32.806 | INFO     | monitor:scan:125 - Loading Page 1
2026-08-03 05:31:32.807 | INFO     | api:get_files:60 - Loading Page 1
2026-08-03 05:31:36.114 | INFO     | api:get_file:84 - Loading File 126d519e-95f6-9843-e927-2ca3fc8ea743
2026-08-03 05:31:36.340 | INFO     | monitor:scan:273 - Reached Old Files
2026-08-03 05:31:36.340 | INFO     | monitor:scan:303 - No New Serial
2026-08-03 05:31:36.340 | INFO     | monitor:scan:325 - Nothing Changed
2026-08-03 05:31:36.340 | SUCCESS  | monitor:scan:331 - Scan Finished
2026-08-03 05:31:36.340 | INFO     | monitor:start:67 - Sleep 60 Seconds
2026-08-03 05:32:36.341 | INFO     | auth.login:ensure_login:354 - Checking Login...
2026-08-03 05:32:36.346 | SUCCESS  | auth.login:load_saved_token:192 - Saved Token Loaded
2026-08-03 05:32:36.347 | SUCCESS  | auth.login:ensure_login:362 - Using Saved Token
2026-08-03 05:32:36.349 | INFO     | monitor:scan:111 - Scanning Website...
2026-08-03 05:32:36.354 | INFO     | monitor:scan:125 - Loading Page 1
2026-08-03 05:32:36.355 | INFO     | api:get_files:60 - Loading Page 1
2026-08-03 05:32:38.403 | INFO     | api:get_file:84 - Loading File 126d519e-95f6-9843-e927-2ca3fc8ea743
2026-08-03 05:32:38.631 | INFO     | monitor:scan:273 - Reached Old Files
2026-08-03 05:32:38.632 | INFO     | monitor:scan:303 - No New Serial
2026-08-03 05:32:38.632 | INFO     | monitor:scan:325 - Nothing Changed
2026-08-03 05:32:38.634 | SUCCESS  | monitor:scan:331 - Scan Finished
2026-08-03 05:32:38.635 | INFO     | monitor:start:67 - Sleep 60 Seconds
2026-08-03 05:33:38.639 | INFO     | auth.login:ensure_login:354 - Checking Login...
2026-08-03 05:33:38.642 | SUCCESS  | auth.login:load_saved_token:192 - Saved Token Loaded
2026-08-03 05:33:38.643 | SUCCESS  | auth.login:ensure_login:362 - Using Saved Token
2026-08-03 05:33:38.643 | INFO     | monitor:scan:111 - Scanning Website...
2026-08-03 05:33:38.646 | INFO     | monitor:scan:125 - Loading Page 1
2026-08-03 05:33:38.647 | INFO     | api:get_files:60 - Loading Page 1
2026-08-03 05:33:42.012 | INFO     | api:get_file:84 - Loading File 126d519e-95f6-9843-e927-2ca3fc8ea743
2026-08-03 05:33:42.234 | INFO     | monitor:scan:273 - Reached Old Files
2026-08-03 05:33:42.236 | INFO     | monitor:scan:303 - No New Serial
2026-08-03 05:33:42.237 | INFO     | monitor:scan:325 - Nothing Changed
2026-08-03 05:33:42.239 | SUCCESS  | monitor:scan:331 - Scan Finished
2026-08-03 05:33:42.240 | INFO     | monitor:start:67 - Sleep 60 Seconds
2026-08-03 05:34:42.243 | INFO     | auth.login:ensure_login:354 - Checking Login...
2026-08-03 05:34:42.244 | SUCCESS  | auth.login:load_saved_token:192 - Saved Token Loaded
2026-08-03 05:34:42.244 | SUCCESS  | auth.login:ensure_login:362 - Using Saved Token
2026-08-03 05:34:42.244 | INFO     | monitor:scan:111 - Scanning Website...
2026-08-03 05:34:42.245 | INFO     | monitor:scan:125 - Loading Page 1
2026-08-03 05:34:42.245 | INFO     | api:get_files:60 - Loading Page 1
2026-08-03 05:34:42.622 | WARNING  | auth.login:get:411 - Access Token Expired
2026-08-03 05:34:42.622 | INFO     | auth.login:login:262 - Logging in...
2026-08-03 05:34:43.105 | SUCCESS  | auth.login:save_token:242 - Token Saved
2026-08-03 05:34:43.106 | SUCCESS  | auth.login:login:340 - Login Successful
2026-08-03 05:34:45.822 | INFO     | api:get_file:84 - Loading File 126d519e-95f6-9843-e927-2ca3fc8ea743
2026-08-03 05:34:46.269 | INFO     | monitor:scan:273 - Reached Old Files
2026-08-03 05:34:46.269 | INFO     | monitor:scan:303 - No New Serial
2026-08-03 05:34:46.270 | INFO     | monitor:scan:325 - Nothing Changed
2026-08-03 05:34:46.270 | SUCCESS  | monitor:scan:331 - Scan Finished
2026-08-03 05:34:46.270 | INFO     | monitor:start:67 - Sleep 60 Seconds
2026-08-03 05:35:46.271 | INFO     | auth.login:ensure_login:354 - Checking Login...
2026-08-03 05:35:46.282 | SUCCESS  | auth.login:load_saved_token:192 - Saved Token Loaded
2026-08-03 05:35:46.282 | SUCCESS  | auth.login:ensure_login:362 - Using Saved Token
2026-08-03 05:35:46.282 | INFO     | monitor:scan:111 - Scanning Website...
2026-08-03 05:35:46.283 | INFO     | monitor:scan:125 - Loading Page 1
2026-08-03 05:35:46.283 | INFO     | api:get_files:60 - Loading Page 1
2026-08-03 05:35:47.780 | INFO     | api:get_file:84 - Loading File 126d519e-95f6-9843-e927-2ca3fc8ea743
2026-08-03 05:35:48.000 | INFO     | monitor:scan:273 - Reached Old Files
2026-08-03 05:35:48.002 | INFO     | monitor:scan:303 - No New Serial
2026-08-03 05:35:48.004 | INFO     | monitor:scan:325 - Nothing Changed
2026-08-03 05:35:48.006 | SUCCESS  | monitor:scan:331 - Scan Finished
2026-08-03 05:35:48.007 | INFO     | monitor:start:67 - Sleep 60 Seconds
2026-08-03 05:36:48.008 | INFO     | auth.login:ensure_login:354 - Checking Login...
2026-08-03 05:36:48.009 | SUCCESS  | auth.login:load_saved_token:192 - Saved Token Loaded
2026-08-03 05:36:48.009 | SUCCESS  | auth.login:ensure_login:362 - Using Saved Token
2026-08-03 05:36:48.009 | INFO     | monitor:scan:111 - Scanning Website...
2026-08-03 05:36:48.010 | INFO     | monitor:scan:125 - Loading Page 1
2026-08-03 05:36:48.010 | INFO     | api:get_files:60 - Loading Page 1
2026-08-03 05:36:49.604 | INFO     | api:get_file:84 - Loading File 126d519e-95f6-9843-e927-2ca3fc8ea743
2026-08-03 05:36:49.825 | INFO     | monitor:scan:273 - Reached Old Files
2026-08-03 05:36:49.825 | INFO     | monitor:scan:303 - No New Serial
2026-08-03 05:36:49.825 | INFO     | monitor:scan:325 - Nothing Changed
2026-08-03 05:36:49.825 | SUCCESS  | monitor:scan:331 - Scan Finished
2026-08-03 05:36:49.826 | INFO     | monitor:start:67 - Sleep 60 Seconds
2026-08-03 05:37:49.827 | INFO     | auth.login:ensure_login:354 - Checking Login...
2026-08-03 05:37:49.828 | SUCCESS  | auth.login:load_saved_token:192 - Saved Token Loaded
2026-08-03 05:37:49.830 | SUCCESS  | auth.login:ensure_login:362 - Using Saved Token
2026-08-03 05:37:49.831 | INFO     | monitor:scan:111 - Scanning Website...
2026-08-03 05:37:49.832 | INFO     | monitor:scan:125 - Loading Page 1
2026-08-03 05:37:49.832 | INFO     | api:get_files:60 - Loading Page 1
2026-08-03 05:37:51.529 | INFO     | api:get_file:84 - Loading File 126d519e-95f6-9843-e927-2ca3fc8ea743
2026-08-03 05:37:51.758 | INFO     | monitor:scan:273 - Reached Old Files
2026-08-03 05:37:51.760 | INFO     | monitor:scan:303 - No New Serial
2026-08-03 05:37:51.761 | INFO     | monitor:scan:325 - Nothing Changed
2026-08-03 05:37:51.761 | SUCCESS  | monitor:scan:331 - Scan Finished
2026-08-03 05:37:51.761 | INFO     | monitor:start:67 - Sleep 60 Seconds
2026-08-03 05:38:51.762 | INFO     | auth.login:ensure_login:354 - Checking Login...
2026-08-03 05:38:51.762 | SUCCESS  | auth.login:load_saved_token:192 - Saved Token Loaded
2026-08-03 05:38:51.763 | SUCCESS  | auth.login:ensure_login:362 - Using Saved Token
2026-08-03 05:38:51.763 | INFO     | monitor:scan:111 - Scanning Website...
2026-08-03 05:38:51.763 | INFO     | monitor:scan:125 - Loading Page 1
2026-08-03 05:38:51.763 | INFO     | api:get_files:60 - Loading Page 1
2026-08-03 05:38:53.201 | INFO     | api:get_file:84 - Loading File 126d519e-95f6-9843-e927-2ca3fc8ea743
2026-08-03 05:38:53.421 | INFO     | monitor:scan:273 - Reached Old Files
2026-08-03 05:38:53.422 | INFO     | monitor:scan:303 - No New Serial
2026-08-03 05:38:53.423 | INFO     | monitor:scan:325 - Nothing Changed
2026-08-03 05:38:53.424 | SUCCESS  | monitor:scan:331 - Scan Finished
2026-08-03 05:38:53.425 | INFO     | monitor:start:67 - Sleep 60 Seconds
2026-08-03 05:39:53.428 | INFO     | auth.login:ensure_login:354 - Checking Login...
2026-08-03 05:39:53.428 | SUCCESS  | auth.login:load_saved_token:192 - Saved Token Loaded
2026-08-03 05:39:53.428 | SUCCESS  | auth.login:ensure_login:362 - Using Saved Token
2026-08-03 05:39:53.429 | INFO     | monitor:scan:111 - Scanning Website...
2026-08-03 05:39:53.430 | INFO     | monitor:scan:125 - Loading Page 1
2026-08-03 05:39:53.430 | INFO     | api:get_files:60 - Loading Page 1
2026-08-03 05:39:56.749 | INFO     | api:get_file:84 - Loading File 126d519e-95f6-9843-e927-2ca3fc8ea743
2026-08-03 05:39:56.975 | INFO     | monitor:scan:273 - Reached Old Files
2026-08-03 05:39:56.976 | INFO     | monitor:scan:303 - No New Serial
2026-08-03 05:39:56.977 | INFO     | monitor:scan:325 - Nothing Changed
2026-08-03 05:39:56.978 | SUCCESS  | monitor:scan:331 - Scan Finished
2026-08-03 05:39:56.981 | INFO     | monitor:start:67 - Sleep 60 Seconds
2026-08-03 05:40:56.982 | INFO     | auth.login:ensure_login:354 - Checking Login...
2026-08-03 05:40:56.985 | SUCCESS  | auth.login:load_saved_token:192 - Saved Token Loaded
2026-08-03 05:40:56.986 | SUCCESS  | auth.login:ensure_login:362 - Using Saved Token
2026-08-03 05:40:56.987 | INFO     | monitor:scan:111 - Scanning Website...
2026-08-03 05:40:56.990 | INFO     | monitor:scan:125 - Loading Page 1
2026-08-03 05:40:56.990 | INFO     | api:get_files:60 - Loading Page 1
2026-08-03 05:40:59.981 | INFO     | api:get_file:84 - Loading File 126d519e-95f6-9843-e927-2ca3fc8ea743
2026-08-03 05:41:00.197 | INFO     | monitor:scan:273 - Reached Old Files
2026-08-03 05:41:00.199 | INFO     | monitor:scan:303 - No New Serial
2026-08-03 05:41:00.200 | INFO     | monitor:scan:325 - Nothing Changed
2026-08-03 05:41:00.200 | SUCCESS  | monitor:scan:331 - Scan Finished
2026-08-03 05:41:00.202 | INFO     | monitor:start:67 - Sleep 60 Seconds
2026-08-03 05:42:00.203 | INFO     | auth.login:ensure_login:354 - Checking Login...
2026-08-03 05:42:00.209 | SUCCESS  | auth.login:load_saved_token:192 - Saved Token Loaded
2026-08-03 05:42:00.210 | SUCCESS  | auth.login:ensure_login:362 - Using Saved Token
2026-08-03 05:42:00.211 | INFO     | monitor:scan:111 - Scanning Website...
2026-08-03 05:42:00.214 | INFO     | monitor:scan:125 - Loading Page 1
2026-08-03 05:42:00.215 | INFO     | api:get_files:60 - Loading Page 1
2026-08-03 05:42:01.747 | INFO     | api:get_file:84 - Loading File 126d519e-95f6-9843-e927-2ca3fc8ea743
2026-08-03 05:42:01.980 | INFO     | monitor:scan:273 - Reached Old Files
2026-08-03 05:42:01.981 | INFO     | monitor:scan:303 - No New Serial
2026-08-03 05:42:01.983 | INFO     | monitor:scan:325 - Nothing Changed
2026-08-03 05:42:01.984 | SUCCESS  | monitor:scan:331 - Scan Finished
2026-08-03 05:42:01.984 | INFO     | monitor:start:67 - Sleep 60 Seconds
2026-08-03 05:43:01.986 | INFO     | auth.login:ensure_login:354 - Checking Login...
2026-08-03 05:43:01.992 | SUCCESS  | auth.login:load_saved_token:192 - Saved Token Loaded
2026-08-03 05:43:01.993 | SUCCESS  | auth.login:ensure_login:362 - Using Saved Token
2026-08-03 05:43:01.995 | INFO     | monitor:scan:111 - Scanning Website...
2026-08-03 05:43:01.997 | INFO     | monitor:scan:125 - Loading Page 1
2026-08-03 05:43:01.998 | INFO     | api:get_files:60 - Loading Page 1
2026-08-03 05:43:04.512 | INFO     | api:get_file:84 - Loading File 126d519e-95f6-9843-e927-2ca3fc8ea743
2026-08-03 05:43:04.730 | INFO     | monitor:scan:273 - Reached Old Files
2026-08-03 05:43:04.731 | INFO     | monitor:scan:303 - No New Serial
2026-08-03 05:43:04.732 | INFO     | monitor:scan:325 - Nothing Changed
2026-08-03 05:43:04.734 | SUCCESS  | monitor:scan:331 - Scan Finished
2026-08-03 05:43:04.735 | INFO     | monitor:start:67 - Sleep 60 Seconds
2026-08-03 05:44:04.736 | INFO     | auth.login:ensure_login:354 - Checking Login...
2026-08-03 05:44:04.737 | SUCCESS  | auth.login:load_saved_token:192 - Saved Token Loaded
2026-08-03 05:44:04.737 | SUCCESS  | auth.login:ensure_login:362 - Using Saved Token
2026-08-03 05:44:04.737 | INFO     | monitor:scan:111 - Scanning Website...
2026-08-03 05:44:04.738 | INFO     | monitor:scan:125 - Loading Page 1
2026-08-03 05:44:04.739 | INFO     | api:get_files:60 - Loading Page 1
2026-08-03 05:44:06.366 | INFO     | api:get_file:84 - Loading File 126d519e-95f6-9843-e927-2ca3fc8ea743
2026-08-03 05:44:06.579 | INFO     | monitor:scan:273 - Reached Old Files
2026-08-03 05:44:06.579 | INFO     | monitor:scan:303 - No New Serial
2026-08-03 05:44:06.579 | INFO     | monitor:scan:325 - Nothing Changed
2026-08-03 05:44:06.579 | SUCCESS  | monitor:scan:331 - Scan Finished
2026-08-03 05:44:06.580 | INFO     | monitor:start:67 - Sleep 60 Seconds
2026-08-03 05:45:06.580 | INFO     | auth.login:ensure_login:354 - Checking Login...
2026-08-03 05:45:06.585 | SUCCESS  | auth.login:load_saved_token:192 - Saved Token Loaded
2026-08-03 05:45:06.586 | SUCCESS  | auth.login:ensure_login:362 - Using Saved Token
2026-08-03 05:45:06.588 | INFO     | monitor:scan:111 - Scanning Website...
2026-08-03 05:45:06.592 | INFO     | monitor:scan:125 - Loading Page 1
2026-08-03 05:45:06.593 | INFO     | api:get_files:60 - Loading Page 1
2026-08-03 05:45:07.014 | WARNING  | auth.login:get:411 - Access Token Expired
2026-08-03 05:45:07.014 | INFO     | auth.login:login:262 - Logging in...
2026-08-03 05:45:07.497 | SUCCESS  | auth.login:save_token:242 - Token Saved
2026-08-03 05:45:07.498 | SUCCESS  | auth.login:login:340 - Login Successful
2026-08-03 05:45:08.736 | INFO     | api:get_file:84 - Loading File 126d519e-95f6-9843-e927-2ca3fc8ea743
2026-08-03 05:45:08.970 | INFO     | monitor:scan:273 - Reached Old Files
2026-08-03 05:45:08.970 | INFO     | monitor:scan:303 - No New Serial
2026-08-03 05:45:08.971 | INFO     | monitor:scan:325 - Nothing Changed
2026-08-03 05:45:08.971 | SUCCESS  | monitor:scan:331 - Scan Finished
2026-08-03 05:45:08.971 | INFO     | monitor:start:67 - Sleep 60 Seconds
2026-08-03 05:46:08.971 | INFO     | auth.login:ensure_login:354 - Checking Login...
2026-08-03 05:46:08.978 | SUCCESS  | auth.login:load_saved_token:192 - Saved Token Loaded
2026-08-03 05:46:08.978 | SUCCESS  | auth.login:ensure_login:362 - Using Saved Token
2026-08-03 05:46:08.979 | INFO     | monitor:scan:111 - Scanning Website...
2026-08-03 05:46:08.979 | INFO     | monitor:scan:125 - Loading Page 1
2026-08-03 05:46:08.979 | INFO     | api:get_files:60 - Loading Page 1
2026-08-03 05:46:10.583 | INFO     | api:get_file:84 - Loading File 126d519e-95f6-9843-e927-2ca3fc8ea743
2026-08-03 05:46:10.810 | INFO     | monitor:scan:273 - Reached Old Files
2026-08-03 05:46:10.810 | INFO     | monitor:scan:303 - No New Serial
2026-08-03 05:46:10.810 | INFO     | monitor:scan:325 - Nothing Changed
2026-08-03 05:46:10.810 | SUCCESS  | monitor:scan:331 - Scan Finished
2026-08-03 05:46:10.811 | INFO     | monitor:start:67 - Sleep 60 Seconds
2026-08-03 05:47:10.812 | INFO     | auth.login:ensure_login:354 - Checking Login...
2026-08-03 05:47:10.814 | SUCCESS  | auth.login:load_saved_token:192 - Saved Token Loaded
2026-08-03 05:47:10.815 | SUCCESS  | auth.login:ensure_login:362 - Using Saved Token
2026-08-03 05:47:10.818 | INFO     | monitor:scan:111 - Scanning Website...
2026-08-03 05:47:10.821 | INFO     | monitor:scan:125 - Loading Page 1
2026-08-03 05:47:10.823 | INFO     | api:get_files:60 - Loading Page 1
2026-08-03 05:47:12.265 | INFO     | api:get_file:84 - Loading File 126d519e-95f6-9843-e927-2ca3fc8ea743
2026-08-03 05:47:12.481 | INFO     | monitor:scan:273 - Reached Old Files
2026-08-03 05:47:12.481 | INFO     | monitor:scan:303 - No New Serial
2026-08-03 05:47:12.481 | INFO     | monitor:scan:325 - Nothing Changed
2026-08-03 05:47:12.481 | SUCCESS  | monitor:scan:331 - Scan Finished
2026-08-03 05:47:12.481 | INFO     | monitor:start:67 - Sleep 60 Seconds
2026-08-03 05:48:12.482 | INFO     | auth.login:ensure_login:354 - Checking Login...
2026-08-03 05:48:12.485 | SUCCESS  | auth.login:load_saved_token:192 - Saved Token Loaded
2026-08-03 05:48:12.486 | SUCCESS  | auth.login:ensure_login:362 - Using Saved Token
2026-08-03 05:48:12.488 | INFO     | monitor:scan:111 - Scanning Website...
2026-08-03 05:48:12.492 | INFO     | monitor:scan:125 - Loading Page 1
2026-08-03 05:48:12.493 | INFO     | api:get_files:60 - Loading Page 1
2026-08-03 05:48:14.022 | INFO     | api:get_file:84 - Loading File 126d519e-95f6-9843-e927-2ca3fc8ea743
2026-08-03 05:48:14.263 | INFO     | monitor:scan:273 - Reached Old Files
2026-08-03 05:48:14.264 | INFO     | monitor:scan:303 - No New Serial
2026-08-03 05:48:14.266 | INFO     | monitor:scan:325 - Nothing Changed
2026-08-03 05:48:14.268 | SUCCESS  | monitor:scan:331 - Scan Finished
2026-08-03 05:48:14.270 | INFO     | monitor:start:67 - Sleep 60 Seconds
2026-08-03 05:49:14.271 | INFO     | auth.login:ensure_login:354 - Checking Login...
2026-08-03 05:49:14.274 | SUCCESS  | auth.login:load_saved_token:192 - Saved Token Loaded
2026-08-03 05:49:14.275 | SUCCESS  | auth.login:ensure_login:362 - Using Saved Token
2026-08-03 05:49:14.276 | INFO     | monitor:scan:111 - Scanning Website...
2026-08-03 05:49:14.277 | INFO     | monitor:scan:125 - Loading Page 1
2026-08-03 05:49:14.278 | INFO     | api:get_files:60 - Loading Page 1
2026-08-03 05:49:15.772 | INFO     | api:get_file:84 - Loading File 126d519e-95f6-9843-e927-2ca3fc8ea743
2026-08-03 05:49:15.998 | INFO     | monitor:scan:273 - Reached Old Files
2026-08-03 05:49:15.998 | INFO     | monitor:scan:303 - No New Serial
2026-08-03 05:49:15.998 | INFO     | monitor:scan:325 - Nothing Changed
2026-08-03 05:49:15.998 | SUCCESS  | monitor:scan:331 - Scan Finished
2026-08-03 05:49:15.999 | INFO     | monitor:start:67 - Sleep 60 Seconds
2026-08-03 05:50:16.000 | INFO     | auth.login:ensure_login:354 - Checking Login...
2026-08-03 05:50:16.003 | SUCCESS  | auth.login:load_saved_token:192 - Saved Token Loaded
2026-08-03 05:50:16.006 | SUCCESS  | auth.login:ensure_login:362 - Using Saved Token
2026-08-03 05:50:16.010 | INFO     | monitor:scan:111 - Scanning Website...
2026-08-03 05:50:16.010 | INFO     | monitor:scan:125 - Loading Page 1
2026-08-03 05:50:16.011 | INFO     | api:get_files:60 - Loading Page 1
2026-08-03 05:50:19.011 | INFO     | api:get_file:84 - Loading File 126d519e-95f6-9843-e927-2ca3fc8ea743
2026-08-03 05:50:19.239 | INFO     | monitor:scan:273 - Reached Old Files
2026-08-03 05:50:19.239 | INFO     | monitor:scan:303 - No New Serial
2026-08-03 05:50:19.239 | INFO     | monitor:scan:325 - Nothing Changed
2026-08-03 05:50:19.240 | SUCCESS  | monitor:scan:331 - Scan Finished
2026-08-03 05:50:19.240 | INFO     | monitor:start:67 - Sleep 60 Seconds
2026-08-03 05:51:19.241 | INFO     | auth.login:ensure_login:354 - Checking Login...
2026-08-03 05:51:19.244 | SUCCESS  | auth.login:load_saved_token:192 - Saved Token Loaded
2026-08-03 05:51:19.245 | SUCCESS  | auth.login:ensure_login:362 - Using Saved Token
2026-08-03 05:51:19.246 | INFO     | monitor:scan:111 - Scanning Website...
2026-08-03 05:51:19.249 | INFO     | monitor:scan:125 - Loading Page 1
2026-08-03 05:51:19.250 | INFO     | api:get_files:60 - Loading Page 1
2026-08-03 05:51:20.795 | INFO     | api:get_file:84 - Loading File 126d519e-95f6-9843-e927-2ca3fc8ea743
2026-08-03 05:51:21.005 | INFO     | monitor:scan:273 - Reached Old Files
2026-08-03 05:51:21.006 | INFO     | monitor:scan:303 - No New Serial
2026-08-03 05:51:21.006 | INFO     | monitor:scan:325 - Nothing Changed
2026-08-03 05:51:21.006 | SUCCESS  | monitor:scan:331 - Scan Finished
2026-08-03 05:51:21.007 | INFO     | monitor:start:67 - Sleep 60 Seconds
2026-08-03 05:52:21.008 | INFO     | auth.login:ensure_login:354 - Checking Login...
2026-08-03 05:52:21.009 | SUCCESS  | auth.login:load_saved_token:192 - Saved Token Loaded
2026-08-03 05:52:21.009 | SUCCESS  | auth.login:ensure_login:362 - Using Saved Token
2026-08-03 05:52:21.010 | INFO     | monitor:scan:111 - Scanning Website...
2026-08-03 05:52:21.010 | INFO     | monitor:scan:125 - Loading Page 1
2026-08-03 05:52:21.010 | INFO     | api:get_files:60 - Loading Page 1
2026-08-03 05:52:22.697 | INFO     | api:get_file:84 - Loading File 126d519e-95f6-9843-e927-2ca3fc8ea743
2026-08-03 05:52:22.924 | INFO     | monitor:scan:273 - Reached Old Files
2026-08-03 05:52:22.924 | INFO     | monitor:scan:303 - No New Serial
2026-08-03 05:52:22.924 | INFO     | monitor:scan:325 - Nothing Changed
2026-08-03 05:52:22.925 | SUCCESS  | monitor:scan:331 - Scan Finished
2026-08-03 05:52:22.926 | INFO     | monitor:start:67 - Sleep 60 Seconds
2026-08-03 05:53:22.927 | INFO     | auth.login:ensure_login:354 - Checking Login...
2026-08-03 05:53:22.928 | SUCCESS  | auth.login:load_saved_token:192 - Saved Token Loaded
2026-08-03 05:53:22.928 | SUCCESS  | auth.login:ensure_login:362 - Using Saved Token
2026-08-03 05:53:22.929 | INFO     | monitor:scan:111 - Scanning Website...
2026-08-03 05:53:22.930 | INFO     | monitor:scan:125 - Loading Page 1
2026-08-03 05:53:22.930 | INFO     | api:get_files:60 - Loading Page 1
2026-08-03 05:53:24.405 | INFO     | api:get_file:84 - Loading File 126d519e-95f6-9843-e927-2ca3fc8ea743
2026-08-03 05:53:24.631 | INFO     | monitor:scan:273 - Reached Old Files
2026-08-03 05:53:24.631 | INFO     | monitor:scan:303 - No New Serial
2026-08-03 05:53:24.631 | INFO     | monitor:scan:325 - Nothing Changed
2026-08-03 05:53:24.631 | SUCCESS  | monitor:scan:331 - Scan Finished
2026-08-03 05:53:24.632 | INFO     | monitor:start:67 - Sleep 60 Seconds
2026-08-03 05:54:24.634 | INFO     | auth.login:ensure_login:354 - Checking Login...
2026-08-03 05:54:24.635 | SUCCESS  | auth.login:load_saved_token:192 - Saved Token Loaded
2026-08-03 05:54:24.635 | SUCCESS  | auth.login:ensure_login:362 - Using Saved Token
2026-08-03 05:54:24.635 | INFO     | monitor:scan:111 - Scanning Website...
2026-08-03 05:54:24.637 | INFO     | monitor:scan:125 - Loading Page 1
2026-08-03 05:54:24.637 | INFO     | api:get_files:60 - Loading Page 1
2026-08-03 05:54:26.223 | INFO     | api:get_file:84 - Loading File 126d519e-95f6-9843-e927-2ca3fc8ea743
2026-08-03 05:54:26.455 | INFO     | monitor:scan:273 - Reached Old Files
2026-08-03 05:54:26.458 | INFO     | monitor:scan:303 - No New Serial
2026-08-03 05:54:26.459 | INFO     | monitor:scan:325 - Nothing Changed
2026-08-03 05:54:26.459 | SUCCESS  | monitor:scan:331 - Scan Finished
2026-08-03 05:54:26.463 | INFO     | monitor:start:67 - Sleep 60 Seconds
2026-08-03 05:55:26.464 | INFO     | auth.login:ensure_login:354 - Checking Login...
2026-08-03 05:55:26.466 | SUCCESS  | auth.login:load_saved_token:192 - Saved Token Loaded
2026-08-03 05:55:26.467 | SUCCESS  | auth.login:ensure_login:362 - Using Saved Token
2026-08-03 05:55:26.467 | INFO     | monitor:scan:111 - Scanning Website...
2026-08-03 05:55:26.469 | INFO     | monitor:scan:125 - Loading Page 1
2026-08-03 05:55:26.471 | INFO     | api:get_files:60 - Loading Page 1
2026-08-03 05:55:26.918 | WARNING  | auth.login:get:411 - Access Token Expired
2026-08-03 05:55:26.919 | INFO     | auth.login:login:262 - Logging in...
2026-08-03 05:55:27.424 | SUCCESS  | auth.login:save_token:242 - Token Saved
2026-08-03 05:55:27.424 | SUCCESS  | auth.login:login:340 - Login Successful
2026-08-03 05:55:28.821 | INFO     | api:get_file:84 - Loading File 126d519e-95f6-9843-e927-2ca3fc8ea743
2026-08-03 05:55:29.052 | INFO     | monitor:scan:273 - Reached Old Files
2026-08-03 05:55:29.053 | INFO     | monitor:scan:303 - No New Serial
2026-08-03 05:55:29.054 | INFO     | monitor:scan:325 - Nothing Changed
2026-08-03 05:55:29.055 | SUCCESS  | monitor:scan:331 - Scan Finished
2026-08-03 05:55:29.055 | INFO     | monitor:start:67 - Sleep 60 Seconds
2026-08-03 05:56:29.057 | INFO     | auth.login:ensure_login:354 - Checking Login...
2026-08-03 05:56:29.071 | SUCCESS  | auth.login:load_saved_token:192 - Saved Token Loaded
2026-08-03 05:56:29.071 | SUCCESS  | auth.login:ensure_login:362 - Using Saved Token
2026-08-03 05:56:29.072 | INFO     | monitor:scan:111 - Scanning Website...
2026-08-03 05:56:29.072 | INFO     | monitor:scan:125 - Loading Page 1
2026-08-03 05:56:29.073 | INFO     | api:get_files:60 - Loading Page 1
2026-08-03 05:56:32.646 | INFO     | api:get_file:84 - Loading File 126d519e-95f6-9843-e927-2ca3fc8ea743
2026-08-03 05:56:32.878 | INFO     | monitor:scan:273 - Reached Old Files
2026-08-03 05:56:32.879 | INFO     | monitor:scan:303 - No New Serial
2026-08-03 05:56:32.879 | INFO     | monitor:scan:325 - Nothing Changed
2026-08-03 05:56:32.880 | SUCCESS  | monitor:scan:331 - Scan Finished
2026-08-03 05:56:32.882 | INFO     | monitor:start:67 - Sleep 60 Seconds
2026-08-03 05:57:32.883 | INFO     | auth.login:ensure_login:354 - Checking Login...
2026-08-03 05:57:32.884 | SUCCESS  | auth.login:load_saved_token:192 - Saved Token Loaded
2026-08-03 05:57:32.884 | SUCCESS  | auth.login:ensure_login:362 - Using Saved Token
2026-08-03 05:57:32.884 | INFO     | monitor:scan:111 - Scanning Website...
2026-08-03 05:57:32.885 | INFO     | monitor:scan:125 - Loading Page 1
2026-08-03 05:57:32.885 | INFO     | api:get_files:60 - Loading Page 1
2026-08-03 05:57:34.405 | INFO     | api:get_file:84 - Loading File 126d519e-95f6-9843-e927-2ca3fc8ea743
2026-08-03 05:57:34.636 | INFO     | monitor:scan:273 - Reached Old Files
2026-08-03 05:57:34.638 | INFO     | monitor:scan:303 - No New Serial
2026-08-03 05:57:34.640 | INFO     | monitor:scan:325 - Nothing Changed
2026-08-03 05:57:34.642 | SUCCESS  | monitor:scan:331 - Scan Finished
2026-08-03 05:57:34.643 | INFO     | monitor:start:67 - Sleep 60 Seconds
2026-08-03 05:58:34.644 | INFO     | auth.login:ensure_login:354 - Checking Login...
2026-08-03 05:58:34.648 | SUCCESS  | auth.login:load_saved_token:192 - Saved Token Loaded
2026-08-03 05:58:34.649 | SUCCESS  | auth.login:ensure_login:362 - Using Saved Token
2026-08-03 05:58:34.650 | INFO     | monitor:scan:111 - Scanning Website...
2026-08-03 05:58:34.653 | INFO     | monitor:scan:125 - Loading Page 1
2026-08-03 05:58:34.656 | INFO     | api:get_files:60 - Loading Page 1
2026-08-03 05:58:36.108 | INFO     | api:get_file:84 - Loading File 126d519e-95f6-9843-e927-2ca3fc8ea743
2026-08-03 05:58:36.328 | INFO     | monitor:scan:273 - Reached Old Files
2026-08-03 05:58:36.328 | INFO     | monitor:scan:303 - No New Serial
2026-08-03 05:58:36.328 | INFO     | monitor:scan:325 - Nothing Changed
2026-08-03 05:58:36.329 | SUCCESS  | monitor:scan:331 - Scan Finished
2026-08-03 05:58:36.329 | INFO     | monitor:start:67 - Sleep 60 Seconds
2026-08-03 05:59:36.330 | INFO     | auth.login:ensure_login:354 - Checking Login...
2026-08-03 05:59:36.333 | SUCCESS  | auth.login:load_saved_token:192 - Saved Token Loaded
2026-08-03 05:59:36.334 | SUCCESS  | auth.login:ensure_login:362 - Using Saved Token
2026-08-03 05:59:36.334 | INFO     | monitor:scan:111 - Scanning Website...
2026-08-03 05:59:36.336 | INFO     | monitor:scan:125 - Loading Page 1
2026-08-03 05:59:36.336 | INFO     | api:get_files:60 - Loading Page 1
2026-08-03 05:59:39.705 | INFO     | api:get_file:84 - Loading File 126d519e-95f6-9843-e927-2ca3fc8ea743
2026-08-03 05:59:39.933 | INFO     | monitor:scan:273 - Reached Old Files
2026-08-03 05:59:39.933 | INFO     | monitor:scan:303 - No New Serial
2026-08-03 05:59:39.934 | INFO     | monitor:scan:325 - Nothing Changed
2026-08-03 05:59:39.934 | SUCCESS  | monitor:scan:331 - Scan Finished
2026-08-03 05:59:39.934 | INFO     | monitor:start:67 - Sleep 60 Seconds
2026-08-03 06:00:39.934 | INFO     | auth.login:ensure_login:354 - Checking Login...
2026-08-03 06:00:39.937 | SUCCESS  | auth.login:load_saved_token:192 - Saved Token Loaded
2026-08-03 06:00:39.939 | SUCCESS  | auth.login:ensure_login:362 - Using Saved Token
2026-08-03 06:00:39.939 | INFO     | monitor:scan:111 - Scanning Website...
2026-08-03 06:00:39.942 | INFO     | monitor:scan:125 - Loading Page 1
2026-08-03 06:00:39.944 | INFO     | api:get_files:60 - Loading Page 1
2026-08-03 06:00:41.534 | INFO     | api:get_file:84 - Loading File 126d519e-95f6-9843-e927-2ca3fc8ea743
2026-08-03 06:00:41.765 | INFO     | monitor:scan:273 - Reached Old Files
2026-08-03 06:00:41.767 | INFO     | monitor:scan:303 - No New Serial
2026-08-03 06:00:41.768 | INFO     | monitor:scan:325 - Nothing Changed
2026-08-03 06:00:41.770 | SUCCESS  | monitor:scan:331 - Scan Finished
2026-08-03 06:00:41.772 | INFO     | monitor:start:67 - Sleep 60 Seconds
2026-08-03 06:01:41.773 | INFO     | auth.login:ensure_login:354 - Checking Login...
2026-08-03 06:01:41.778 | SUCCESS  | auth.login:load_saved_token:192 - Saved Token Loaded
2026-08-03 06:01:41.780 | SUCCESS  | auth.login:ensure_login:362 - Using Saved Token
2026-08-03 06:01:41.781 | INFO     | monitor:scan:111 - Scanning Website...
2026-08-03 06:01:41.785 | INFO     | monitor:scan:125 - Loading Page 1
2026-08-03 06:01:41.785 | INFO     | api:get_files:60 - Loading Page 1
2026-08-03 06:01:44.722 | INFO     | api:get_file:84 - Loading File 126d519e-95f6-9843-e927-2ca3fc8ea743
2026-08-03 06:01:44.953 | INFO     | monitor:scan:273 - Reached Old Files
2026-08-03 06:01:44.954 | INFO     | monitor:scan:303 - No New Serial
2026-08-03 06:01:44.957 | INFO     | monitor:scan:325 - Nothing Changed
2026-08-03 06:01:44.959 | SUCCESS  | monitor:scan:331 - Scan Finished
2026-08-03 06:01:44.962 | INFO     | monitor:start:67 - Sleep 60 Seconds
2026-08-03 06:02:44.964 | INFO     | auth.login:ensure_login:354 - Checking Login...
2026-08-03 06:02:44.965 | SUCCESS  | auth.login:load_saved_token:192 - Saved Token Loaded
2026-08-03 06:02:44.965 | SUCCESS  | auth.login:ensure_login:362 - Using Saved Token
2026-08-03 06:02:44.965 | INFO     | monitor:scan:111 - Scanning Website...
2026-08-03 06:02:44.966 | INFO     | monitor:scan:125 - Loading Page 1
2026-08-03 06:02:44.966 | INFO     | api:get_files:60 - Loading Page 1
2026-08-03 06:02:47.356 | INFO     | api:get_file:84 - Loading File 126d519e-95f6-9843-e927-2ca3fc8ea743
2026-08-03 06:02:47.568 | INFO     | monitor:scan:273 - Reached Old Files
2026-08-03 06:02:47.571 | INFO     | monitor:scan:303 - No New Serial
2026-08-03 06:02:47.572 | INFO     | monitor:scan:325 - Nothing Changed
2026-08-03 06:02:47.572 | SUCCESS  | monitor:scan:331 - Scan Finished
2026-08-03 06:02:47.572 | INFO     | monitor:start:67 - Sleep 60 Seconds
2026-08-03 06:03:47.573 | INFO     | auth.login:ensure_login:354 - Checking Login...
2026-08-03 06:03:47.575 | SUCCESS  | auth.login:load_saved_token:192 - Saved Token Loaded
2026-08-03 06:03:47.576 | SUCCESS  | auth.login:ensure_login:362 - Using Saved Token
2026-08-03 06:03:47.576 | INFO     | monitor:scan:111 - Scanning Website...
2026-08-03 06:03:47.578 | INFO     | monitor:scan:125 - Loading Page 1
2026-08-03 06:03:47.579 | INFO     | api:get_files:60 - Loading Page 1
2026-08-03 06:03:49.031 | INFO     | api:get_file:84 - Loading File 126d519e-95f6-9843-e927-2ca3fc8ea743
2026-08-03 06:03:49.257 | INFO     | monitor:scan:273 - Reached Old Files
2026-08-03 06:03:49.257 | INFO     | monitor:scan:303 - No New Serial
2026-08-03 06:03:49.257 | INFO     | monitor:scan:325 - Nothing Changed
2026-08-03 06:03:49.257 | SUCCESS  | monitor:scan:331 - Scan Finished
2026-08-03 06:03:49.257 | INFO     | monitor:start:67 - Sleep 60 Seconds
2026-08-03 06:04:49.258 | INFO     | auth.login:ensure_login:354 - Checking Login...
2026-08-03 06:04:49.259 | SUCCESS  | auth.login:load_saved_token:192 - Saved Token Loaded
2026-08-03 06:04:49.259 | SUCCESS  | auth.login:ensure_login:362 - Using Saved Token
2026-08-03 06:04:49.259 | INFO     | monitor:scan:111 - Scanning Website...
2026-08-03 06:04:49.260 | INFO     | monitor:scan:125 - Loading Page 1
2026-08-03 06:04:49.260 | INFO     | api:get_files:60 - Loading Page 1
2026-08-03 06:04:50.921 | INFO     | api:get_file:84 - Loading File 126d519e-95f6-9843-e927-2ca3fc8ea743
2026-08-03 06:04:51.145 | INFO     | monitor:scan:273 - Reached Old Files
2026-08-03 06:04:51.146 | INFO     | monitor:scan:303 - No New Serial
2026-08-03 06:04:51.146 | INFO     | monitor:scan:325 - Nothing Changed
2026-08-03 06:04:51.146 | SUCCESS  | monitor:scan:331 - Scan Finished
2026-08-03 06:04:51.147 | INFO     | monitor:start:67 - Sleep 60 Seconds
2026-08-03 06:05:51.148 | INFO     | auth.login:ensure_login:354 - Checking Login...
2026-08-03 06:05:51.153 | SUCCESS  | auth.login:load_saved_token:192 - Saved Token Loaded
2026-08-03 06:05:51.155 | SUCCESS  | auth.login:ensure_login:362 - Using Saved Token
2026-08-03 06:05:51.157 | INFO     | monitor:scan:111 - Scanning Website...
2026-08-03 06:05:51.161 | INFO     | monitor:scan:125 - Loading Page 1
2026-08-03 06:05:51.163 | INFO     | api:get_files:60 - Loading Page 1
2026-08-03 06:05:51.588 | WARNING  | auth.login:get:411 - Access Token Expired
2026-08-03 06:05:51.590 | INFO     | auth.login:login:262 - Logging in...
2026-08-03 06:05:52.096 | SUCCESS  | auth.login:save_token:242 - Token Saved
2026-08-03 06:05:52.098 | SUCCESS  | auth.login:login:340 - Login Successful
2026-08-03 06:05:53.401 | INFO     | api:get_file:84 - Loading File 126d519e-95f6-9843-e927-2ca3fc8ea743
2026-08-03 06:05:53.634 | INFO     | monitor:scan:273 - Reached Old Files
2026-08-03 06:05:53.636 | INFO     | monitor:scan:303 - No New Serial
2026-08-03 06:05:53.636 | INFO     | monitor:scan:325 - Nothing Changed
2026-08-03 06:05:53.636 | SUCCESS  | monitor:scan:331 - Scan Finished
2026-08-03 06:05:53.637 | INFO     | monitor:start:67 - Sleep 60 Seconds
2026-08-03 06:06:53.638 | INFO     | auth.login:ensure_login:354 - Checking Login...
2026-08-03 06:06:53.665 | SUCCESS  | auth.login:load_saved_token:192 - Saved Token Loaded
2026-08-03 06:06:53.666 | SUCCESS  | auth.login:ensure_login:362 - Using Saved Token
2026-08-03 06:06:53.667 | INFO     | monitor:scan:111 - Scanning Website...
2026-08-03 06:06:53.668 | INFO     | monitor:scan:125 - Loading Page 1
2026-08-03 06:06:53.668 | INFO     | api:get_files:60 - Loading Page 1
2026-08-03 06:06:55.268 | INFO     | api:get_file:84 - Loading File 126d519e-95f6-9843-e927-2ca3fc8ea743
2026-08-03 06:06:55.501 | INFO     | monitor:scan:273 - Reached Old Files
2026-08-03 06:06:55.502 | INFO     | monitor:scan:303 - No New Serial
2026-08-03 06:06:55.503 | INFO     | monitor:scan:325 - Nothing Changed
2026-08-03 06:06:55.503 | SUCCESS  | monitor:scan:331 - Scan Finished
2026-08-03 06:06:55.505 | INFO     | monitor:start:67 - Sleep 60 Seconds
2026-08-03 06:07:55.507 | INFO     | auth.login:ensure_login:354 - Checking Login...
2026-08-03 06:07:55.511 | SUCCESS  | auth.login:load_saved_token:192 - Saved Token Loaded
2026-08-03 06:07:55.512 | SUCCESS  | auth.login:ensure_login:362 - Using Saved Token
2026-08-03 06:07:55.513 | INFO     | monitor:scan:111 - Scanning Website...
2026-08-03 06:07:55.517 | INFO     | monitor:scan:125 - Loading Page 1
2026-08-03 06:07:55.518 | INFO     | api:get_files:60 - Loading Page 1
2026-08-03 06:07:57.170 | INFO     | api:get_file:84 - Loading File 126d519e-95f6-9843-e927-2ca3fc8ea743
2026-08-03 06:07:57.401 | INFO     | monitor:scan:273 - Reached Old Files
2026-08-03 06:07:57.403 | INFO     | monitor:scan:303 - No New Serial
2026-08-03 06:07:57.404 | INFO     | monitor:scan:325 - Nothing Changed
2026-08-03 06:07:57.405 | SUCCESS  | monitor:scan:331 - Scan Finished
2026-08-03 06:07:57.408 | INFO     | monitor:start:67 - Sleep 60 Seconds
2026-08-03 06:08:57.410 | INFO     | auth.login:ensure_login:354 - Checking Login...
2026-08-03 06:08:57.413 | SUCCESS  | auth.login:load_saved_token:192 - Saved Token Loaded
2026-08-03 06:08:57.413 | SUCCESS  | auth.login:ensure_login:362 - Using Saved Token
2026-08-03 06:08:57.413 | INFO     | monitor:scan:111 - Scanning Website...
2026-08-03 06:08:57.415 | INFO     | monitor:scan:125 - Loading Page 1
2026-08-03 06:08:57.417 | INFO     | api:get_files:60 - Loading Page 1
2026-08-03 06:08:59.027 | INFO     | api:get_file:84 - Loading File 126d519e-95f6-9843-e927-2ca3fc8ea743
2026-08-03 06:08:59.248 | INFO     | monitor:scan:273 - Reached Old Files
2026-08-03 06:08:59.250 | INFO     | monitor:scan:303 - No New Serial
2026-08-03 06:08:59.252 | INFO     | monitor:scan:325 - Nothing Changed
2026-08-03 06:08:59.255 | SUCCESS  | monitor:scan:331 - Scan Finished
2026-08-03 06:08:59.258 | INFO     | monitor:start:67 - Sleep 60 Seconds
2026-08-03 06:09:59.259 | INFO     | auth.login:ensure_login:354 - Checking Login...
2026-08-03 06:09:59.260 | SUCCESS  | auth.login:load_saved_token:192 - Saved Token Loaded
2026-08-03 06:09:59.260 | SUCCESS  | auth.login:ensure_login:362 - Using Saved Token
2026-08-03 06:09:59.260 | INFO     | monitor:scan:111 - Scanning Website...
2026-08-03 06:09:59.260 | INFO     | monitor:scan:125 - Loading Page 1
2026-08-03 06:09:59.261 | INFO     | api:get_files:60 - Loading Page 1
2026-08-03 06:10:00.806 | INFO     | api:get_file:84 - Loading File 126d519e-95f6-9843-e927-2ca3fc8ea743
2026-08-03 06:10:01.037 | INFO     | monitor:scan:273 - Reached Old Files
2026-08-03 06:10:01.039 | INFO     | monitor:scan:303 - No New Serial
2026-08-03 06:10:01.040 | INFO     | monitor:scan:325 - Nothing Changed
2026-08-03 06:10:01.040 | SUCCESS  | monitor:scan:331 - Scan Finished
2026-08-03 06:10:01.041 | INFO     | monitor:start:67 - Sleep 60 Seconds
2026-08-03 06:11:01.042 | INFO     | auth.login:ensure_login:354 - Checking Login...
2026-08-03 06:11:01.044 | SUCCESS  | auth.login:load_saved_token:192 - Saved Token Loaded
2026-08-03 06:11:01.044 | SUCCESS  | auth.login:ensure_login:362 - Using Saved Token
2026-08-03 06:11:01.045 | INFO     | monitor:scan:111 - Scanning Website...
2026-08-03 06:11:01.046 | INFO     | monitor:scan:125 - Loading Page 1
2026-08-03 06:11:01.046 | INFO     | api:get_files:60 - Loading Page 1
2026-08-03 06:11:04.539 | INFO     | api:get_file:84 - Loading File 126d519e-95f6-9843-e927-2ca3fc8ea743
2026-08-03 06:11:04.766 | INFO     | monitor:scan:273 - Reached Old Files
2026-08-03 06:11:04.767 | INFO     | monitor:scan:303 - No New Serial
2026-08-03 06:11:04.768 | INFO     | monitor:scan:325 - Nothing Changed
2026-08-03 06:11:04.768 | SUCCESS  | monitor:scan:331 - Scan Finished
2026-08-03 06:11:04.769 | INFO     | monitor:start:67 - Sleep 60 Seconds
2026-08-03 06:12:04.770 | INFO     | auth.login:ensure_login:354 - Checking Login...
2026-08-03 06:12:04.772 | SUCCESS  | auth.login:load_saved_token:192 - Saved Token Loaded
2026-08-03 06:12:04.773 | SUCCESS  | auth.login:ensure_login:362 - Using Saved Token
2026-08-03 06:12:04.774 | INFO     | monitor:scan:111 - Scanning Website...
2026-08-03 06:12:04.777 | INFO     | monitor:scan:125 - Loading Page 1
2026-08-03 06:12:04.777 | INFO     | api:get_files:60 - Loading Page 1
2026-08-03 06:12:07.872 | INFO     | api:get_file:84 - Loading File 126d519e-95f6-9843-e927-2ca3fc8ea743
2026-08-03 06:12:08.097 | INFO     | monitor:scan:273 - Reached Old Files
2026-08-03 06:12:08.098 | INFO     | monitor:scan:303 - No New Serial
2026-08-03 06:12:08.099 | INFO     | monitor:scan:325 - Nothing Changed
2026-08-03 06:12:08.099 | SUCCESS  | monitor:scan:331 - Scan Finished
2026-08-03 06:12:08.100 | INFO     | monitor:start:67 - Sleep 60 Seconds
2026-08-03 06:13:08.101 | INFO     | auth.login:ensure_login:354 - Checking Login...
2026-08-03 06:13:08.105 | SUCCESS  | auth.login:load_saved_token:192 - Saved Token Loaded
2026-08-03 06:13:08.107 | SUCCESS  | auth.login:ensure_login:362 - Using Saved Token
2026-08-03 06:13:08.109 | INFO     | monitor:scan:111 - Scanning Website...
2026-08-03 06:13:08.112 | INFO     | monitor:scan:125 - Loading Page 1
2026-08-03 06:13:08.112 | INFO     | api:get_files:60 - Loading Page 1
2026-08-03 06:13:09.632 | INFO     | api:get_file:84 - Loading File 126d519e-95f6-9843-e927-2ca3fc8ea743
2026-08-03 06:13:09.856 | INFO     | monitor:scan:273 - Reached Old Files
2026-08-03 06:13:09.857 | INFO     | monitor:scan:303 - No New Serial
2026-08-03 06:13:09.857 | INFO     | monitor:scan:325 - Nothing Changed
2026-08-03 06:13:09.857 | SUCCESS  | monitor:scan:331 - Scan Finished
2026-08-03 06:13:09.858 | INFO     | monitor:start:67 - Sleep 60 Seconds
2026-08-03 06:14:09.858 | INFO     | auth.login:ensure_login:354 - Checking Login...
2026-08-03 06:14:09.860 | SUCCESS  | auth.login:load_saved_token:192 - Saved Token Loaded
2026-08-03 06:14:09.861 | SUCCESS  | auth.login:ensure_login:362 - Using Saved Token
2026-08-03 06:14:09.862 | INFO     | monitor:scan:111 - Scanning Website...
2026-08-03 06:14:09.863 | INFO     | monitor:scan:125 - Loading Page 1
2026-08-03 06:14:09.863 | INFO     | api:get_files:60 - Loading Page 1
2026-08-03 06:14:11.346 | INFO     | api:get_file:84 - Loading File 126d519e-95f6-9843-e927-2ca3fc8ea743
2026-08-03 06:14:11.568 | INFO     | monitor:scan:273 - Reached Old Files
2026-08-03 06:14:11.570 | INFO     | monitor:scan:303 - No New Serial
2026-08-03 06:14:11.571 | INFO     | monitor:scan:325 - Nothing Changed
2026-08-03 06:14:11.573 | SUCCESS  | monitor:scan:331 - Scan Finished
2026-08-03 06:14:11.575 | INFO     | monitor:start:67 - Sleep 60 Seconds
2026-08-03 06:15:11.576 | INFO     | auth.login:ensure_login:354 - Checking Login...
2026-08-03 06:15:11.577 | SUCCESS  | auth.login:load_saved_token:192 - Saved Token Loaded
2026-08-03 06:15:11.577 | SUCCESS  | auth.login:ensure_login:362 - Using Saved Token
2026-08-03 06:15:11.577 | INFO     | monitor:scan:111 - Scanning Website...
2026-08-03 06:15:11.578 | INFO     | monitor:scan:125 - Loading Page 1
2026-08-03 06:15:11.578 | INFO     | api:get_files:60 - Loading Page 1
2026-08-03 06:15:13.853 | INFO     | api:get_file:84 - Loading File 126d519e-95f6-9843-e927-2ca3fc8ea743
2026-08-03 06:15:14.065 | INFO     | monitor:scan:273 - Reached Old Files
2026-08-03 06:15:14.066 | INFO     | monitor:scan:303 - No New Serial
2026-08-03 06:15:14.066 | INFO     | monitor:scan:325 - Nothing Changed
2026-08-03 06:15:14.067 | SUCCESS  | monitor:scan:331 - Scan Finished
2026-08-03 06:15:14.067 | INFO     | monitor:start:67 - Sleep 60 Seconds
2026-08-03 06:16:14.069 | INFO     | auth.login:ensure_login:354 - Checking Login...
2026-08-03 06:16:14.072 | SUCCESS  | auth.login:load_saved_token:192 - Saved Token Loaded
2026-08-03 06:16:14.073 | SUCCESS  | auth.login:ensure_login:362 - Using Saved Token
2026-08-03 06:16:14.073 | INFO     | monitor:scan:111 - Scanning Website...
2026-08-03 06:16:14.074 | INFO     | monitor:scan:125 - Loading Page 1
2026-08-03 06:16:14.075 | INFO     | api:get_files:60 - Loading Page 1
2026-08-03 06:16:14.490 | WARNING  | auth.login:get:411 - Access Token Expired
2026-08-03 06:16:14.490 | INFO     | auth.login:login:262 - Logging in...
2026-08-03 06:16:14.967 | SUCCESS  | auth.login:save_token:242 - Token Saved
2026-08-03 06:16:14.969 | SUCCESS  | auth.login:login:340 - Login Successful
2026-08-03 06:16:16.108 | INFO     | api:get_file:84 - Loading File 126d519e-95f6-9843-e927-2ca3fc8ea743
2026-08-03 06:16:16.332 | INFO     | monitor:scan:273 - Reached Old Files
2026-08-03 06:16:16.335 | INFO     | monitor:scan:303 - No New Serial
2026-08-03 06:16:16.337 | INFO     | monitor:scan:325 - Nothing Changed
2026-08-03 06:16:16.338 | SUCCESS  | monitor:scan:331 - Scan Finished
2026-08-03 06:16:16.339 | INFO     | monitor:start:67 - Sleep 60 Seconds
2026-08-03 06:17:16.340 | INFO     | auth.login:ensure_login:354 - Checking Login...
2026-08-03 06:17:16.359 | SUCCESS  | auth.login:load_saved_token:192 - Saved Token Loaded
2026-08-03 06:17:16.360 | SUCCESS  | auth.login:ensure_login:362 - Using Saved Token
2026-08-03 06:17:16.360 | INFO     | monitor:scan:111 - Scanning Website...
2026-08-03 06:17:16.361 | INFO     | monitor:scan:125 - Loading Page 1
2026-08-03 06:17:16.362 | INFO     | api:get_files:60 - Loading Page 1
2026-08-03 06:17:17.888 | INFO     | api:get_file:84 - Loading File 126d519e-95f6-9843-e927-2ca3fc8ea743
2026-08-03 06:17:18.116 | INFO     | monitor:scan:273 - Reached Old Files
2026-08-03 06:17:18.116 | INFO     | monitor:scan:303 - No New Serial
2026-08-03 06:17:18.116 | INFO     | monitor:scan:325 - Nothing Changed
2026-08-03 06:17:18.116 | SUCCESS  | monitor:scan:331 - Scan Finished
2026-08-03 06:17:18.116 | INFO     | monitor:start:67 - Sleep 60 Seconds
2026-08-03 06:18:18.117 | INFO     | auth.login:ensure_login:354 - Checking Login...
2026-08-03 06:18:18.123 | SUCCESS  | auth.login:load_saved_token:192 - Saved Token Loaded
2026-08-03 06:18:18.124 | SUCCESS  | auth.login:ensure_login:362 - Using Saved Token
2026-08-03 06:18:18.125 | INFO     | monitor:scan:111 - Scanning Website...
2026-08-03 06:18:18.127 | INFO     | monitor:scan:125 - Loading Page 1
2026-08-03 06:18:18.128 | INFO     | api:get_files:60 - Loading Page 1
2026-08-03 06:18:19.948 | INFO     | api:get_file:84 - Loading File 126d519e-95f6-9843-e927-2ca3fc8ea743
2026-08-03 06:18:20.181 | INFO     | monitor:scan:273 - Reached Old Files
2026-08-03 06:18:20.183 | INFO     | monitor:scan:303 - No New Serial
2026-08-03 06:18:20.184 | INFO     | monitor:scan:325 - Nothing Changed
2026-08-03 06:18:20.186 | SUCCESS  | monitor:scan:331 - Scan Finished
2026-08-03 06:18:20.187 | INFO     | monitor:start:67 - Sleep 60 Seconds
2026-08-03 06:19:20.188 | INFO     | auth.login:ensure_login:354 - Checking Login...
2026-08-03 06:19:20.194 | SUCCESS  | auth.login:load_saved_token:192 - Saved Token Loaded
2026-08-03 06:19:20.195 | SUCCESS  | auth.login:ensure_login:362 - Using Saved Token
2026-08-03 06:19:20.196 | INFO     | monitor:scan:111 - Scanning Website...
2026-08-03 06:19:20.201 | INFO     | monitor:scan:125 - Loading Page 1
2026-08-03 06:19:20.203 | INFO     | api:get_files:60 - Loading Page 1
2026-08-03 06:19:21.670 | INFO     | api:get_file:84 - Loading File 126d519e-95f6-9843-e927-2ca3fc8ea743
2026-08-03 06:19:21.887 | INFO     | monitor:scan:273 - Reached Old Files
2026-08-03 06:19:21.889 | INFO     | monitor:scan:303 - No New Serial
2026-08-03 06:19:21.890 | INFO     | monitor:scan:325 - Nothing Changed
2026-08-03 06:19:21.890 | SUCCESS  | monitor:scan:331 - Scan Finished
2026-08-03 06:19:21.892 | INFO     | monitor:start:67 - Sleep 60 Seconds
2026-08-03 06:20:21.894 | INFO     | auth.login:ensure_login:354 - Checking Login...
2026-08-03 06:20:21.897 | SUCCESS  | auth.login:load_saved_token:192 - Saved Token Loaded
2026-08-03 06:20:21.898 | SUCCESS  | auth.login:ensure_login:362 - Using Saved Token
2026-08-03 06:20:21.899 | INFO     | monitor:scan:111 - Scanning Website...
2026-08-03 06:20:21.902 | INFO     | monitor:scan:125 - Loading Page 1
2026-08-03 06:20:21.904 | INFO     | api:get_files:60 - Loading Page 1
2026-08-03 06:20:23.463 | INFO     | api:get_file:84 - Loading File 126d519e-95f6-9843-e927-2ca3fc8ea743
2026-08-03 06:20:23.692 | INFO     | monitor:scan:273 - Reached Old Files
2026-08-03 06:20:23.694 | INFO     | monitor:scan:303 - No New Serial
2026-08-03 06:20:23.697 | INFO     | monitor:scan:325 - Nothing Changed
2026-08-03 06:20:23.699 | SUCCESS  | monitor:scan:331 - Scan Finished
2026-08-03 06:20:23.700 | INFO     | monitor:start:67 - Sleep 60 Seconds
2026-08-03 06:21:23.702 | INFO     | auth.login:ensure_login:354 - Checking Login...
2026-08-03 06:21:23.704 | SUCCESS  | auth.login:load_saved_token:192 - Saved Token Loaded
2026-08-03 06:21:23.705 | SUCCESS  | auth.login:ensure_login:362 - Using Saved Token
2026-08-03 06:21:23.706 | INFO     | monitor:scan:111 - Scanning Website...
2026-08-03 06:21:23.707 | INFO     | monitor:scan:125 - Loading Page 1
2026-08-03 06:21:23.708 | INFO     | api:get_files:60 - Loading Page 1
2026-08-03 06:21:25.444 | INFO     | api:get_file:84 - Loading File 126d519e-95f6-9843-e927-2ca3fc8ea743
2026-08-03 06:21:25.665 | INFO     | monitor:scan:273 - Reached Old Files
2026-08-03 06:21:25.667 | INFO     | monitor:scan:303 - No New Serial
2026-08-03 06:21:25.668 | INFO     | monitor:scan:325 - Nothing Changed
2026-08-03 06:21:25.670 | SUCCESS  | monitor:scan:331 - Scan Finished
2026-08-03 06:21:25.673 | INFO     | monitor:start:67 - Sleep 60 Seconds
2026-08-03 06:22:25.675 | INFO     | auth.login:ensure_login:354 - Checking Login...
2026-08-03 06:22:25.676 | SUCCESS  | auth.login:load_saved_token:192 - Saved Token Loaded
2026-08-03 06:22:25.676 | SUCCESS  | auth.login:ensure_login:362 - Using Saved Token
2026-08-03 06:22:25.676 | INFO     | monitor:scan:111 - Scanning Website...
2026-08-03 06:22:25.677 | INFO     | monitor:scan:125 - Loading Page 1
2026-08-03 06:22:25.677 | INFO     | api:get_files:60 - Loading Page 1
2026-08-03 06:22:27.091 | INFO     | api:get_file:84 - Loading File 126d519e-95f6-9843-e927-2ca3fc8ea743
2026-08-03 06:22:27.307 | INFO     | monitor:scan:273 - Reached Old Files
2026-08-03 06:22:27.308 | INFO     | monitor:scan:303 - No New Serial
2026-08-03 06:22:27.309 | INFO     | monitor:scan:325 - Nothing Changed
2026-08-03 06:22:27.309 | SUCCESS  | monitor:scan:331 - Scan Finished
2026-08-03 06:22:27.311 | INFO     | monitor:start:67 - Sleep 60 Seconds
2026-08-03 06:23:27.312 | INFO     | auth.login:ensure_login:354 - Checking Login...
2026-08-03 06:23:27.314 | SUCCESS  | auth.login:load_saved_token:192 - Saved Token Loaded
2026-08-03 06:23:27.315 | SUCCESS  | auth.login:ensure_login:362 - Using Saved Token
2026-08-03 06:23:27.317 | INFO     | monitor:scan:111 - Scanning Website...
2026-08-03 06:23:27.319 | INFO     | monitor:scan:125 - Loading Page 1
2026-08-03 06:23:27.320 | INFO     | api:get_files:60 - Loading Page 1
2026-08-03 06:23:28.798 | INFO     | api:get_file:84 - Loading File 126d519e-95f6-9843-e927-2ca3fc8ea743
2026-08-03 06:23:29.017 | INFO     | monitor:scan:273 - Reached Old Files
2026-08-03 06:23:29.018 | INFO     | monitor:scan:303 - No New Serial
2026-08-03 06:23:29.019 | INFO     | monitor:scan:325 - Nothing Changed
2026-08-03 06:23:29.022 | SUCCESS  | monitor:scan:331 - Scan Finished
2026-08-03 06:23:29.023 | INFO     | monitor:start:67 - Sleep 60 Seconds
2026-08-03 06:24:29.024 | INFO     | auth.login:ensure_login:354 - Checking Login...
2026-08-03 06:24:29.025 | SUCCESS  | auth.login:load_saved_token:192 - Saved Token Loaded
2026-08-03 06:24:29.026 | SUCCESS  | auth.login:ensure_login:362 - Using Saved Token
2026-08-03 06:24:29.026 | INFO     | monitor:scan:111 - Scanning Website...
2026-08-03 06:24:29.027 | INFO     | monitor:scan:125 - Loading Page 1
2026-08-03 06:24:29.028 | INFO     | api:get_files:60 - Loading Page 1
2026-08-03 06:24:32.365 | INFO     | api:get_file:84 - Loading File 126d519e-95f6-9843-e927-2ca3fc8ea743
2026-08-03 06:24:32.800 | INFO     | monitor:scan:273 - Reached Old Files
2026-08-03 06:24:32.801 | INFO     | monitor:scan:303 - No New Serial
2026-08-03 06:24:32.801 | INFO     | monitor:scan:325 - Nothing Changed
2026-08-03 06:24:32.801 | SUCCESS  | monitor:scan:331 - Scan Finished
2026-08-03 06:24:32.801 | INFO     | monitor:start:67 - Sleep 60 Seconds
2026-08-03 06:25:32.802 | INFO     | auth.login:ensure_login:354 - Checking Login...
2026-08-03 06:25:32.805 | SUCCESS  | auth.login:load_saved_token:192 - Saved Token Loaded
2026-08-03 06:25:32.806 | SUCCESS  | auth.login:ensure_login:362 - Using Saved Token
2026-08-03 06:25:32.807 | INFO     | monitor:scan:111 - Scanning Website...
2026-08-03 06:25:32.810 | INFO     | monitor:scan:125 - Loading Page 1
2026-08-03 06:25:32.811 | INFO     | api:get_files:60 - Loading Page 1
2026-08-03 06:25:35.962 | INFO     | api:get_file:84 - Loading File 126d519e-95f6-9843-e927-2ca3fc8ea743
2026-08-03 06:25:36.177 | INFO     | monitor:scan:273 - Reached Old Files
2026-08-03 06:25:36.177 | INFO     | monitor:scan:303 - No New Serial
2026-08-03 06:25:36.178 | INFO     | monitor:scan:325 - Nothing Changed
2026-08-03 06:25:36.178 | SUCCESS  | monitor:scan:331 - Scan Finished
2026-08-03 06:25:36.179 | INFO     | monitor:start:67 - Sleep 60 Seconds
2026-08-03 06:26:36.180 | INFO     | auth.login:ensure_login:354 - Checking Login...
2026-08-03 06:26:36.181 | SUCCESS  | auth.login:load_saved_token:192 - Saved Token Loaded
2026-08-03 06:26:36.181 | SUCCESS  | auth.login:ensure_login:362 - Using Saved Token
2026-08-03 06:26:36.182 | INFO     | monitor:scan:111 - Scanning Website...
2026-08-03 06:26:36.183 | INFO     | monitor:scan:125 - Loading Page 1
2026-08-03 06:26:36.184 | INFO     | api:get_files:60 - Loading Page 1
2026-08-03 06:26:36.586 | WARNING  | auth.login:get:411 - Access Token Expired
2026-08-03 06:26:36.586 | INFO     | auth.login:login:262 - Logging in...
2026-08-03 06:26:37.048 | SUCCESS  | auth.login:save_token:242 - Token Saved
2026-08-03 06:26:37.048 | SUCCESS  | auth.login:login:340 - Login Successful
2026-08-03 06:26:39.781 | INFO     | api:get_file:84 - Loading File 126d519e-95f6-9843-e927-2ca3fc8ea743
2026-08-03 06:26:40.012 | INFO     | monitor:scan:273 - Reached Old Files
2026-08-03 06:26:40.014 | INFO     | monitor:scan:303 - No New Serial
2026-08-03 06:26:40.014 | INFO     | monitor:scan:325 - Nothing Changed
2026-08-03 06:26:40.014 | SUCCESS  | monitor:scan:331 - Scan Finished
2026-08-03 06:26:40.015 | INFO     | monitor:start:67 - Sleep 60 Seconds
2026-08-03 06:27:40.016 | INFO     | auth.login:ensure_login:354 - Checking Login...
2026-08-03 06:27:40.048 | SUCCESS  | auth.login:load_saved_token:192 - Saved Token Loaded
2026-08-03 06:27:40.049 | SUCCESS  | auth.login:ensure_login:362 - Using Saved Token
2026-08-03 06:27:40.049 | INFO     | monitor:scan:111 - Scanning Website...
2026-08-03 06:27:40.058 | INFO     | monitor:scan:125 - Loading Page 1
2026-08-03 06:27:40.059 | INFO     | api:get_files:60 - Loading Page 1
2026-08-03 06:27:41.540 | INFO     | api:get_file:84 - Loading File 126d519e-95f6-9843-e927-2ca3fc8ea743
2026-08-03 06:27:41.756 | INFO     | monitor:scan:273 - Reached Old Files
2026-08-03 06:27:41.757 | INFO     | monitor:scan:303 - No New Serial
2026-08-03 06:27:41.757 | INFO     | monitor:scan:325 - Nothing Changed
2026-08-03 06:27:41.758 | SUCCESS  | monitor:scan:331 - Scan Finished
2026-08-03 06:27:41.759 | INFO     | monitor:start:67 - Sleep 60 Seconds
2026-08-03 06:28:41.761 | INFO     | auth.login:ensure_login:354 - Checking Login...
2026-08-03 06:28:41.767 | SUCCESS  | auth.login:load_saved_token:192 - Saved Token Loaded
2026-08-03 06:28:41.768 | SUCCESS  | auth.login:ensure_login:362 - Using Saved Token
2026-08-03 06:28:41.769 | INFO     | monitor:scan:111 - Scanning Website...
2026-08-03 06:28:41.773 | INFO     | monitor:scan:125 - Loading Page 1
2026-08-03 06:28:41.774 | INFO     | api:get_files:60 - Loading Page 1
2026-08-03 06:28:43.388 | INFO     | api:get_file:84 - Loading File 126d519e-95f6-9843-e927-2ca3fc8ea743
2026-08-03 06:28:43.622 | INFO     | monitor:scan:273 - Reached Old Files
2026-08-03 06:28:43.622 | INFO     | monitor:scan:303 - No New Serial
2026-08-03 06:28:43.623 | INFO     | monitor:scan:325 - Nothing Changed
2026-08-03 06:28:43.623 | SUCCESS  | monitor:scan:331 - Scan Finished
2026-08-03 06:28:43.623 | INFO     | monitor:start:67 - Sleep 60 Seconds
2026-08-03 06:29:43.623 | INFO     | auth.login:ensure_login:354 - Checking Login...
2026-08-03 06:29:43.624 | SUCCESS  | auth.login:load_saved_token:192 - Saved Token Loaded
2026-08-03 06:29:43.624 | SUCCESS  | auth.login:ensure_login:362 - Using Saved Token
2026-08-03 06:29:43.624 | INFO     | monitor:scan:111 - Scanning Website...
2026-08-03 06:29:43.625 | INFO     | monitor:scan:125 - Loading Page 1
2026-08-03 06:29:43.625 | INFO     | api:get_files:60 - Loading Page 1
2026-08-03 06:29:45.129 | INFO     | api:get_file:84 - Loading File 126d519e-95f6-9843-e927-2ca3fc8ea743
2026-08-03 06:29:45.357 | INFO     | monitor:scan:273 - Reached Old Files
2026-08-03 06:29:45.357 | INFO     | monitor:scan:303 - No New Serial
2026-08-03 06:29:45.358 | INFO     | monitor:scan:325 - Nothing Changed
2026-08-03 06:29:45.358 | SUCCESS  | monitor:scan:331 - Scan Finished
2026-08-03 06:29:45.358 | INFO     | monitor:start:67 - Sleep 60 Seconds
2026-08-03 06:30:45.359 | INFO     | auth.login:ensure_login:354 - Checking Login...
2026-08-03 06:30:45.363 | SUCCESS  | auth.login:load_saved_token:192 - Saved Token Loaded
2026-08-03 06:30:45.365 | SUCCESS  | auth.login:ensure_login:362 - Using Saved Token
2026-08-03 06:30:45.367 | INFO     | monitor:scan:111 - Scanning Website...
2026-08-03 06:30:45.371 | INFO     | monitor:scan:125 - Loading Page 1
2026-08-03 06:30:45.374 | INFO     | api:get_files:60 - Loading Page 1
2026-08-03 06:30:48.657 | INFO     | api:get_file:84 - Loading File 126d519e-95f6-9843-e927-2ca3fc8ea743
2026-08-03 06:30:48.885 | INFO     | monitor:scan:273 - Reached Old Files
2026-08-03 06:30:48.886 | INFO     | monitor:scan:303 - No New Serial
2026-08-03 06:30:48.888 | INFO     | monitor:scan:325 - Nothing Changed
2026-08-03 06:30:48.888 | SUCCESS  | monitor:scan:331 - Scan Finished
2026-08-03 06:30:48.890 | INFO     | monitor:start:67 - Sleep 60 Seconds
2026-08-03 06:31:48.892 | INFO     | auth.login:ensure_login:354 - Checking Login...
2026-08-03 06:31:48.893 | SUCCESS  | auth.login:load_saved_token:192 - Saved Token Loaded
2026-08-03 06:31:48.893 | SUCCESS  | auth.login:ensure_login:362 - Using Saved Token
2026-08-03 06:31:48.893 | INFO     | monitor:scan:111 - Scanning Website...
2026-08-03 06:31:48.894 | INFO     | monitor:scan:125 - Loading Page 1
2026-08-03 06:31:48.895 | INFO     | api:get_files:60 - Loading Page 1
2026-08-03 06:31:52.342 | INFO     | api:get_file:84 - Loading File 126d519e-95f6-9843-e927-2ca3fc8ea743
2026-08-03 06:31:52.572 | INFO     | monitor:scan:273 - Reached Old Files
2026-08-03 06:31:52.575 | INFO     | monitor:scan:303 - No New Serial
2026-08-03 06:31:52.576 | INFO     | monitor:scan:325 - Nothing Changed
2026-08-03 06:31:52.577 | SUCCESS  | monitor:scan:331 - Scan Finished
2026-08-03 06:31:52.579 | INFO     | monitor:start:67 - Sleep 60 Seconds
2026-08-03 06:32:52.580 | INFO     | auth.login:ensure_login:354 - Checking Login...
2026-08-03 06:32:52.585 | SUCCESS  | auth.login:load_saved_token:192 - Saved Token Loaded
2026-08-03 06:32:52.586 | SUCCESS  | auth.login:ensure_login:362 - Using Saved Token
2026-08-03 06:32:52.588 | INFO     | monitor:scan:111 - Scanning Website...
2026-08-03 06:32:52.593 | INFO     | monitor:scan:125 - Loading Page 1
2026-08-03 06:32:52.594 | INFO     | api:get_files:60 - Loading Page 1
2026-08-03 06:32:54.122 | INFO     | api:get_file:84 - Loading File 126d519e-95f6-9843-e927-2ca3fc8ea743
2026-08-03 06:32:54.347 | INFO     | monitor:scan:273 - Reached Old Files
2026-08-03 06:32:54.348 | INFO     | monitor:scan:303 - No New Serial
2026-08-03 06:32:54.348 | INFO     | monitor:scan:325 - Nothing Changed
2026-08-03 06:32:54.348 | SUCCESS  | monitor:scan:331 - Scan Finished
2026-08-03 06:32:54.348 | INFO     | monitor:start:67 - Sleep 60 Seconds
2026-08-03 06:33:54.349 | INFO     | auth.login:ensure_login:354 - Checking Login...
2026-08-03 06:33:54.355 | SUCCESS  | auth.login:load_saved_token:192 - Saved Token Loaded
2026-08-03 06:33:54.357 | SUCCESS  | auth.login:ensure_login:362 - Using Saved Token
2026-08-03 06:33:54.359 | INFO     | monitor:scan:111 - Scanning Website...
2026-08-03 06:33:54.365 | INFO     | monitor:scan:125 - Loading Page 1
2026-08-03 06:33:54.366 | INFO     | api:get_files:60 - Loading Page 1
2026-08-03 06:33:56.055 | INFO     | api:get_file:84 - Loading File 126d519e-95f6-9843-e927-2ca3fc8ea743
2026-08-03 06:33:56.286 | INFO     | monitor:scan:273 - Reached Old Files
2026-08-03 06:33:56.289 | INFO     | monitor:scan:303 - No New Serial
2026-08-03 06:33:56.290 | INFO     | monitor:scan:325 - Nothing Changed
2026-08-03 06:33:56.291 | SUCCESS  | monitor:scan:331 - Scan Finished
2026-08-03 06:33:56.292 | INFO     | monitor:start:67 - Sleep 60 Seconds
2026-08-03 06:34:56.295 | INFO     | auth.login:ensure_login:354 - Checking Login...
2026-08-03 06:34:56.298 | SUCCESS  | auth.login:load_saved_token:192 - Saved Token Loaded
2026-08-03 06:34:56.299 | SUCCESS  | auth.login:ensure_login:362 - Using Saved Token
2026-08-03 06:34:56.299 | INFO     | monitor:scan:111 - Scanning Website...
2026-08-03 06:34:56.300 | INFO     | monitor:scan:125 - Loading Page 1
2026-08-03 06:34:56.301 | INFO     | api:get_files:60 - Loading Page 1
2026-08-03 06:34:59.283 | INFO     | api:get_file:84 - Loading File 126d519e-95f6-9843-e927-2ca3fc8ea743
2026-08-03 06:34:59.500 | INFO     | monitor:scan:273 - Reached Old Files
2026-08-03 06:34:59.503 | INFO     | monitor:scan:303 - No New Serial
2026-08-03 06:34:59.504 | INFO     | monitor:scan:325 - Nothing Changed
2026-08-03 06:34:59.505 | SUCCESS  | monitor:scan:331 - Scan Finished
2026-08-03 06:34:59.507 | INFO     | monitor:start:67 - Sleep 60 Seconds
2026-08-03 06:35:59.509 | INFO     | auth.login:ensure_login:354 - Checking Login...
2026-08-03 06:35:59.512 | SUCCESS  | auth.login:load_saved_token:192 - Saved Token Loaded
2026-08-03 06:35:59.514 | SUCCESS  | auth.login:ensure_login:362 - Using Saved Token
2026-08-03 06:35:59.516 | INFO     | monitor:scan:111 - Scanning Website...
2026-08-03 06:35:59.521 | INFO     | monitor:scan:125 - Loading Page 1
2026-08-03 06:35:59.522 | INFO     | api:get_files:60 - Loading Page 1
2026-08-03 06:36:01.176 | INFO     | api:get_file:84 - Loading File 126d519e-95f6-9843-e927-2ca3fc8ea743
2026-08-03 06:36:01.391 | INFO     | monitor:scan:273 - Reached Old Files
2026-08-03 06:36:01.391 | INFO     | monitor:scan:303 - No New Serial
2026-08-03 06:36:01.391 | INFO     | monitor:scan:325 - Nothing Changed
2026-08-03 06:36:01.391 | SUCCESS  | monitor:scan:331 - Scan Finished
2026-08-03 06:36:01.392 | INFO     | monitor:start:67 - Sleep 60 Seconds
2026-08-03 06:37:01.392 | INFO     | auth.login:ensure_login:354 - Checking Login...
2026-08-03 06:37:01.395 | SUCCESS  | auth.login:load_saved_token:192 - Saved Token Loaded
2026-08-03 06:37:01.395 | SUCCESS  | auth.login:ensure_login:362 - Using Saved Token
2026-08-03 06:37:01.395 | INFO     | monitor:scan:111 - Scanning Website...
2026-08-03 06:37:01.398 | INFO     | monitor:scan:125 - Loading Page 1
2026-08-03 06:37:01.398 | INFO     | api:get_files:60 - Loading Page 1
2026-08-03 06:37:01.833 | WARNING  | auth.login:get:411 - Access Token Expired
2026-08-03 06:37:01.834 | INFO     | auth.login:login:262 - Logging in...
2026-08-03 06:37:02.334 | SUCCESS  | auth.login:save_token:242 - Token Saved
2026-08-03 06:37:02.335 | SUCCESS  | auth.login:login:340 - Login Successful
2026-08-03 06:37:05.506 | INFO     | api:get_file:84 - Loading File 126d519e-95f6-9843-e927-2ca3fc8ea743
2026-08-03 06:37:05.735 | INFO     | monitor:scan:273 - Reached Old Files
2026-08-03 06:37:05.735 | INFO     | monitor:scan:303 - No New Serial
2026-08-03 06:37:05.737 | INFO     | monitor:scan:325 - Nothing Changed
2026-08-03 06:37:05.738 | SUCCESS  | monitor:scan:331 - Scan Finished
2026-08-03 06:37:05.738 | INFO     | monitor:start:67 - Sleep 60 Seconds
2026-08-03 06:38:05.738 | INFO     | auth.login:ensure_login:354 - Checking Login...
2026-08-03 06:38:05.763 | SUCCESS  | auth.login:load_saved_token:192 - Saved Token Loaded
2026-08-03 06:38:05.763 | SUCCESS  | auth.login:ensure_login:362 - Using Saved Token
2026-08-03 06:38:05.764 | INFO     | monitor:scan:111 - Scanning Website...
2026-08-03 06:38:05.765 | INFO     | monitor:scan:125 - Loading Page 1
2026-08-03 06:38:05.766 | INFO     | api:get_files:60 - Loading Page 1
2026-08-03 06:38:08.731 | INFO     | api:get_file:84 - Loading File 126d519e-95f6-9843-e927-2ca3fc8ea743
2026-08-03 06:38:08.937 | INFO     | monitor:scan:273 - Reached Old Files
2026-08-03 06:38:08.938 | INFO     | monitor:scan:303 - No New Serial
2026-08-03 06:38:08.939 | INFO     | monitor:scan:325 - Nothing Changed
2026-08-03 06:38:08.941 | SUCCESS  | monitor:scan:331 - Scan Finished
2026-08-03 06:38:08.943 | INFO     | monitor:start:67 - Sleep 60 Seconds
2026-08-03 06:39:08.943 | INFO     | auth.login:ensure_login:354 - Checking Login...
2026-08-03 06:39:08.946 | SUCCESS  | auth.login:load_saved_token:192 - Saved Token Loaded
2026-08-03 06:39:08.947 | SUCCESS  | auth.login:ensure_login:362 - Using Saved Token
2026-08-03 06:39:08.948 | INFO     | monitor:scan:111 - Scanning Website...
2026-08-03 06:39:08.950 | INFO     | monitor:scan:125 - Loading Page 1
2026-08-03 06:39:08.950 | INFO     | api:get_files:60 - Loading Page 1
2026-08-03 06:39:12.094 | INFO     | api:get_file:84 - Loading File 126d519e-95f6-9843-e927-2ca3fc8ea743
2026-08-03 06:39:12.295 | INFO     | monitor:scan:273 - Reached Old Files
2026-08-03 06:39:12.297 | INFO     | monitor:scan:303 - No New Serial
2026-08-03 06:39:12.297 | INFO     | monitor:scan:325 - Nothing Changed
2026-08-03 06:39:12.298 | SUCCESS  | monitor:scan:331 - Scan Finished
2026-08-03 06:39:12.300 | INFO     | monitor:start:67 - Sleep 60 Seconds
2026-08-03 06:40:12.303 | INFO     | auth.login:ensure_login:354 - Checking Login...
2026-08-03 06:40:12.307 | SUCCESS  | auth.login:load_saved_token:192 - Saved Token Loaded
2026-08-03 06:40:12.308 | SUCCESS  | auth.login:ensure_login:362 - Using Saved Token
2026-08-03 06:40:12.311 | INFO     | monitor:scan:111 - Scanning Website...
2026-08-03 06:40:12.314 | INFO     | monitor:scan:125 - Loading Page 1
2026-08-03 06:40:12.315 | INFO     | api:get_files:60 - Loading Page 1
2026-08-03 06:40:13.766 | INFO     | api:get_file:84 - Loading File 126d519e-95f6-9843-e927-2ca3fc8ea743
2026-08-03 06:40:13.994 | INFO     | monitor:scan:273 - Reached Old Files
2026-08-03 06:40:13.996 | INFO     | monitor:scan:303 - No New Serial
2026-08-03 06:40:13.997 | INFO     | monitor:scan:325 - Nothing Changed
2026-08-03 06:40:14.000 | SUCCESS  | monitor:scan:331 - Scan Finished
2026-08-03 06:40:14.002 | INFO     | monitor:start:67 - Sleep 60 Seconds
2026-08-03 06:41:14.003 | INFO     | auth.login:ensure_login:354 - Checking Login...
2026-08-03 06:41:14.005 | SUCCESS  | auth.login:load_saved_token:192 - Saved Token Loaded
2026-08-03 06:41:14.006 | SUCCESS  | auth.login:ensure_login:362 - Using Saved Token
2026-08-03 06:41:14.006 | INFO     | monitor:scan:111 - Scanning Website...
2026-08-03 06:41:14.007 | INFO     | monitor:scan:125 - Loading Page 1
2026-08-03 06:41:14.008 | INFO     | api:get_files:60 - Loading Page 1
2026-08-03 06:41:15.497 | INFO     | api:get_file:84 - Loading File 126d519e-95f6-9843-e927-2ca3fc8ea743
2026-08-03 06:41:15.725 | INFO     | monitor:scan:273 - Reached Old Files
2026-08-03 06:41:15.726 | INFO     | monitor:scan:303 - No New Serial
2026-08-03 06:41:15.727 | INFO     | monitor:scan:325 - Nothing Changed
2026-08-03 06:41:15.729 | SUCCESS  | monitor:scan:331 - Scan Finished
2026-08-03 06:41:15.732 | INFO     | monitor:start:67 - Sleep 60 Seconds
2026-08-03 06:42:15.733 | INFO     | auth.login:ensure_login:354 - Checking Login...
2026-08-03 06:42:15.735 | SUCCESS  | auth.login:load_saved_token:192 - Saved Token Loaded
2026-08-03 06:42:15.736 | SUCCESS  | auth.login:ensure_login:362 - Using Saved Token
2026-08-03 06:42:15.736 | INFO     | monitor:scan:111 - Scanning Website...
2026-08-03 06:42:15.737 | INFO     | monitor:scan:125 - Loading Page 1
2026-08-03 06:42:15.738 | INFO     | api:get_files:60 - Loading Page 1
2026-08-03 06:42:18.987 | INFO     | api:get_file:84 - Loading File 126d519e-95f6-9843-e927-2ca3fc8ea743
2026-08-03 06:42:19.194 | INFO     | monitor:scan:273 - Reached Old Files
2026-08-03 06:42:19.194 | INFO     | monitor:scan:303 - No New Serial
2026-08-03 06:42:19.194 | INFO     | monitor:scan:325 - Nothing Changed
2026-08-03 06:42:19.194 | SUCCESS  | monitor:scan:331 - Scan Finished
2026-08-03 06:42:19.195 | INFO     | monitor:start:67 - Sleep 60 Seconds
2026-08-03 06:43:19.195 | INFO     | auth.login:ensure_login:354 - Checking Login...
2026-08-03 06:43:19.196 | SUCCESS  | auth.login:load_saved_token:192 - Saved Token Loaded
2026-08-03 06:43:19.197 | SUCCESS  | auth.login:ensure_login:362 - Using Saved Token
2026-08-03 06:43:19.197 | INFO     | monitor:scan:111 - Scanning Website...
2026-08-03 06:43:19.197 | INFO     | monitor:scan:125 - Loading Page 1
2026-08-03 06:43:19.198 | INFO     | api:get_files:60 - Loading Page 1
2026-08-03 06:43:22.345 | INFO     | api:get_file:84 - Loading File 126d519e-95f6-9843-e927-2ca3fc8ea743
2026-08-03 06:43:22.559 | INFO     | monitor:scan:273 - Reached Old Files
2026-08-03 06:43:22.560 | INFO     | monitor:scan:303 - No New Serial
2026-08-03 06:43:22.560 | INFO     | monitor:scan:325 - Nothing Changed
2026-08-03 06:43:22.560 | SUCCESS  | monitor:scan:331 - Scan Finished
2026-08-03 06:43:22.560 | INFO     | monitor:start:67 - Sleep 60 Seconds
2026-08-03 06:44:22.561 | INFO     | auth.login:ensure_login:354 - Checking Login...
2026-08-03 06:44:22.563 | SUCCESS  | auth.login:load_saved_token:192 - Saved Token Loaded
2026-08-03 06:44:22.565 | SUCCESS  | auth.login:ensure_login:362 - Using Saved Token
2026-08-03 06:44:22.565 | INFO     | monitor:scan:111 - Scanning Website...
2026-08-03 06:44:22.568 | INFO     | monitor:scan:125 - Loading Page 1
2026-08-03 06:44:22.569 | INFO     | api:get_files:60 - Loading Page 1
2026-08-03 06:44:24.128 | INFO     | api:get_file:84 - Loading File 126d519e-95f6-9843-e927-2ca3fc8ea743
2026-08-03 06:44:24.356 | INFO     | monitor:scan:273 - Reached Old Files
2026-08-03 06:44:24.357 | INFO     | monitor:scan:303 - No New Serial
2026-08-03 06:44:24.357 | INFO     | monitor:scan:325 - Nothing Changed
2026-08-03 06:44:24.359 | SUCCESS  | monitor:scan:331 - Scan Finished
2026-08-03 06:44:24.365 | INFO     | monitor:start:67 - Sleep 60 Seconds
2026-08-03 06:45:24.367 | INFO     | auth.login:ensure_login:354 - Checking Login...
2026-08-03 06:45:24.370 | SUCCESS  | auth.login:load_saved_token:192 - Saved Token Loaded
2026-08-03 06:45:24.373 | SUCCESS  | auth.login:ensure_login:362 - Using Saved Token
2026-08-03 06:45:24.374 | INFO     | monitor:scan:111 - Scanning Website...
2026-08-03 06:45:24.376 | INFO     | monitor:scan:125 - Loading Page 1
2026-08-03 06:45:24.377 | INFO     | api:get_files:60 - Loading Page 1
2026-08-03 06:45:26.655 | INFO     | api:get_file:84 - Loading File 126d519e-95f6-9843-e927-2ca3fc8ea743
2026-08-03 06:45:26.882 | INFO     | monitor:scan:273 - Reached Old Files
2026-08-03 06:45:26.883 | INFO     | monitor:scan:303 - No New Serial
2026-08-03 06:45:26.885 | INFO     | monitor:scan:325 - Nothing Changed
2026-08-03 06:45:26.885 | SUCCESS  | monitor:scan:331 - Scan Finished
2026-08-03 06:45:26.886 | INFO     | monitor:start:67 - Sleep 60 Seconds
2026-08-03 06:46:26.887 | INFO     | auth.login:ensure_login:354 - Checking Login...
2026-08-03 06:46:26.888 | SUCCESS  | auth.login:load_saved_token:192 - Saved Token Loaded
2026-08-03 06:46:26.888 | SUCCESS  | auth.login:ensure_login:362 - Using Saved Token
2026-08-03 06:46:26.889 | INFO     | monitor:scan:111 - Scanning Website...
2026-08-03 06:46:26.889 | INFO     | monitor:scan:125 - Loading Page 1
2026-08-03 06:46:26.890 | INFO     | api:get_files:60 - Loading Page 1
2026-08-03 06:46:28.402 | INFO     | api:get_file:84 - Loading File 126d519e-95f6-9843-e927-2ca3fc8ea743
2026-08-03 06:46:28.624 | INFO     | monitor:scan:273 - Reached Old Files
2026-08-03 06:46:28.626 | INFO     | monitor:scan:303 - No New Serial
2026-08-03 06:46:28.628 | INFO     | monitor:scan:325 - Nothing Changed
2026-08-03 06:46:28.629 | SUCCESS  | monitor:scan:331 - Scan Finished
2026-08-03 06:46:28.630 | INFO     | monitor:start:67 - Sleep 60 Seconds
2026-08-03 06:47:28.631 | INFO     | auth.login:ensure_login:354 - Checking Login...
2026-08-03 06:47:28.635 | SUCCESS  | auth.login:load_saved_token:192 - Saved Token Loaded
2026-08-03 06:47:28.636 | SUCCESS  | auth.login:ensure_login:362 - Using Saved Token
2026-08-03 06:47:28.636 | INFO     | monitor:scan:111 - Scanning Website...
2026-08-03 06:47:28.638 | INFO     | monitor:scan:125 - Loading Page 1
2026-08-03 06:47:28.639 | INFO     | api:get_files:60 - Loading Page 1
2026-08-03 06:47:29.070 | WARNING  | auth.login:get:411 - Access Token Expired
2026-08-03 06:47:29.071 | INFO     | auth.login:login:262 - Logging in...
2026-08-03 06:47:29.586 | SUCCESS  | auth.login:save_token:242 - Token Saved
2026-08-03 06:47:29.588 | SUCCESS  | auth.login:login:340 - Login Successful
2026-08-03 06:47:30.939 | INFO     | api:get_file:84 - Loading File 126d519e-95f6-9843-e927-2ca3fc8ea743
2026-08-03 06:47:31.168 | INFO     | monitor:scan:273 - Reached Old Files
2026-08-03 06:47:31.169 | INFO     | monitor:scan:303 - No New Serial
2026-08-03 06:47:31.169 | INFO     | monitor:scan:325 - Nothing Changed
2026-08-03 06:47:31.170 | SUCCESS  | monitor:scan:331 - Scan Finished
2026-08-03 06:47:31.170 | INFO     | monitor:start:67 - Sleep 60 Seconds
2026-08-03 06:48:31.171 | INFO     | auth.login:ensure_login:354 - Checking Login...
2026-08-03 06:48:31.180 | SUCCESS  | auth.login:load_saved_token:192 - Saved Token Loaded
2026-08-03 06:48:31.180 | SUCCESS  | auth.login:ensure_login:362 - Using Saved Token
2026-08-03 06:48:31.181 | INFO     | monitor:scan:111 - Scanning Website...
2026-08-03 06:48:31.181 | INFO     | monitor:scan:125 - Loading Page 1
2026-08-03 06:48:31.182 | INFO     | api:get_files:60 - Loading Page 1
2026-08-03 06:48:33.110 | INFO     | api:get_file:84 - Loading File 126d519e-95f6-9843-e927-2ca3fc8ea743
2026-08-03 06:48:33.335 | INFO     | monitor:scan:273 - Reached Old Files
2026-08-03 06:48:33.335 | INFO     | monitor:scan:303 - No New Serial
2026-08-03 06:48:33.335 | INFO     | monitor:scan:325 - Nothing Changed
2026-08-03 06:48:33.336 | SUCCESS  | monitor:scan:331 - Scan Finished
2026-08-03 06:48:33.336 | INFO     | monitor:start:67 - Sleep 60 Seconds
2026-08-03 06:49:33.337 | INFO     | auth.login:ensure_login:354 - Checking Login...
2026-08-03 06:49:33.342 | SUCCESS  | auth.login:load_saved_token:192 - Saved Token Loaded
2026-08-03 06:49:33.344 | SUCCESS  | auth.login:ensure_login:362 - Using Saved Token
2026-08-03 06:49:33.346 | INFO     | monitor:scan:111 - Scanning Website...
2026-08-03 06:49:33.350 | INFO     | monitor:scan:125 - Loading Page 1
2026-08-03 06:49:33.351 | INFO     | api:get_files:60 - Loading Page 1
2026-08-03 06:49:36.618 | INFO     | api:get_file:84 - Loading File 126d519e-95f6-9843-e927-2ca3fc8ea743
2026-08-03 06:49:36.833 | INFO     | monitor:scan:273 - Reached Old Files
2026-08-03 06:49:36.833 | INFO     | monitor:scan:303 - No New Serial
2026-08-03 06:49:36.833 | INFO     | monitor:scan:325 - Nothing Changed
2026-08-03 06:49:36.833 | SUCCESS  | monitor:scan:331 - Scan Finished
2026-08-03 06:49:36.834 | INFO     | monitor:start:67 - Sleep 60 Seconds
2026-08-03 06:50:36.834 | INFO     | auth.login:ensure_login:354 - Checking Login...
2026-08-03 06:50:36.837 | SUCCESS  | auth.login:load_saved_token:192 - Saved Token Loaded
2026-08-03 06:50:36.839 | SUCCESS  | auth.login:ensure_login:362 - Using Saved Token
2026-08-03 06:50:36.841 | INFO     | monitor:scan:111 - Scanning Website...
2026-08-03 06:50:36.844 | INFO     | monitor:scan:125 - Loading Page 1
2026-08-03 06:50:36.844 | INFO     | api:get_files:60 - Loading Page 1
2026-08-03 06:50:39.880 | INFO     | api:get_file:84 - Loading File 126d519e-95f6-9843-e927-2ca3fc8ea743
2026-08-03 06:50:40.103 | INFO     | monitor:scan:273 - Reached Old Files
2026-08-03 06:50:40.104 | INFO     | monitor:scan:303 - No New Serial
2026-08-03 06:50:40.104 | INFO     | monitor:scan:325 - Nothing Changed
2026-08-03 06:50:40.105 | SUCCESS  | monitor:scan:331 - Scan Finished
2026-08-03 06:50:40.106 | INFO     | monitor:start:67 - Sleep 60 Seconds
2026-08-03 06:51:40.109 | INFO     | auth.login:ensure_login:354 - Checking Login...
2026-08-03 06:51:40.110 | SUCCESS  | auth.login:load_saved_token:192 - Saved Token Loaded
2026-08-03 06:51:40.111 | SUCCESS  | auth.login:ensure_login:362 - Using Saved Token
2026-08-03 06:51:40.111 | INFO     | monitor:scan:111 - Scanning Website...
2026-08-03 06:51:40.112 | INFO     | monitor:scan:125 - Loading Page 1
2026-08-03 06:51:40.112 | INFO     | api:get_files:60 - Loading Page 1
2026-08-03 06:51:43.389 | INFO     | api:get_file:84 - Loading File 126d519e-95f6-9843-e927-2ca3fc8ea743
2026-08-03 06:51:43.612 | INFO     | monitor:scan:273 - Reached Old Files
2026-08-03 06:51:43.612 | INFO     | monitor:scan:303 - No New Serial
2026-08-03 06:51:43.612 | INFO     | monitor:scan:325 - Nothing Changed
2026-08-03 06:51:43.613 | SUCCESS  | monitor:scan:331 - Scan Finished
2026-08-03 06:51:43.613 | INFO     | monitor:start:67 - Sleep 60 Seconds
2026-08-03 06:52:43.614 | INFO     | auth.login:ensure_login:354 - Checking Login...
2026-08-03 06:52:43.616 | SUCCESS  | auth.login:load_saved_token:192 - Saved Token Loaded
2026-08-03 06:52:43.618 | SUCCESS  | auth.login:ensure_login:362 - Using Saved Token
2026-08-03 06:52:43.619 | INFO     | monitor:scan:111 - Scanning Website...
2026-08-03 06:52:43.621 | INFO     | monitor:scan:125 - Loading Page 1
2026-08-03 06:52:43.622 | INFO     | api:get_files:60 - Loading Page 1
2026-08-03 06:52:45.425 | INFO     | api:get_file:84 - Loading File 126d519e-95f6-9843-e927-2ca3fc8ea743
2026-08-03 06:52:45.645 | INFO     | monitor:scan:273 - Reached Old Files
2026-08-03 06:52:45.646 | INFO     | monitor:scan:303 - No New Serial
2026-08-03 06:52:45.647 | INFO     | monitor:scan:325 - Nothing Changed
2026-08-03 06:52:45.648 | SUCCESS  | monitor:scan:331 - Scan Finished
2026-08-03 06:52:45.650 | INFO     | monitor:start:67 - Sleep 60 Seconds
2026-08-03 06:53:45.651 | INFO     | auth.login:ensure_login:354 - Checking Login...
2026-08-03 06:53:45.655 | SUCCESS  | auth.login:load_saved_token:192 - Saved Token Loaded
2026-08-03 06:53:45.658 | SUCCESS  | auth.login:ensure_login:362 - Using Saved Token
2026-08-03 06:53:45.659 | INFO     | monitor:scan:111 - Scanning Website...
2026-08-03 06:53:45.663 | INFO     | monitor:scan:125 - Loading Page 1
2026-08-03 06:53:45.665 | INFO     | api:get_files:60 - Loading Page 1
2026-08-03 06:53:47.334 | INFO     | api:get_file:84 - Loading File 126d519e-95f6-9843-e927-2ca3fc8ea743
2026-08-03 06:53:47.549 | INFO     | monitor:scan:273 - Reached Old Files
2026-08-03 06:53:47.550 | INFO     | monitor:scan:303 - No New Serial
2026-08-03 06:53:47.551 | INFO     | monitor:scan:325 - Nothing Changed
2026-08-03 06:53:47.552 | SUCCESS  | monitor:scan:331 - Scan Finished
2026-08-03 06:53:47.553 | INFO     | monitor:start:67 - Sleep 60 Seconds
2026-08-03 06:54:47.554 | INFO     | auth.login:ensure_login:354 - Checking Login...
2026-08-03 06:54:47.555 | SUCCESS  | auth.login:load_saved_token:192 - Saved Token Loaded
2026-08-03 06:54:47.556 | SUCCESS  | auth.login:ensure_login:362 - Using Saved Token
2026-08-03 06:54:47.556 | INFO     | monitor:scan:111 - Scanning Website...
2026-08-03 06:54:47.557 | INFO     | monitor:scan:125 - Loading Page 1
2026-08-03 06:54:47.558 | INFO     | api:get_files:60 - Loading Page 1
2026-08-03 06:54:49.037 | INFO     | api:get_file:84 - Loading File 126d519e-95f6-9843-e927-2ca3fc8ea743
2026-08-03 06:54:49.258 | INFO     | monitor:scan:273 - Reached Old Files
2026-08-03 06:54:49.259 | INFO     | monitor:scan:303 - No New Serial
2026-08-03 06:54:49.260 | INFO     | monitor:scan:325 - Nothing Changed
2026-08-03 06:54:49.261 | SUCCESS  | monitor:scan:331 - Scan Finished
2026-08-03 06:54:49.263 | INFO     | monitor:start:67 - Sleep 60 Seconds
2026-08-03 06:55:49.265 | INFO     | auth.login:ensure_login:354 - Checking Login...
2026-08-03 06:55:49.270 | SUCCESS  | auth.login:load_saved_token:192 - Saved Token Loaded
2026-08-03 06:55:49.272 | SUCCESS  | auth.login:ensure_login:362 - Using Saved Token
2026-08-03 06:55:49.275 | INFO     | monitor:scan:111 - Scanning Website...
2026-08-03 06:55:49.280 | INFO     | monitor:scan:125 - Loading Page 1
2026-08-03 06:55:49.282 | INFO     | api:get_files:60 - Loading Page 1
2026-08-03 06:55:50.915 | INFO     | api:get_file:84 - Loading File 126d519e-95f6-9843-e927-2ca3fc8ea743
2026-08-03 06:55:51.136 | INFO     | monitor:scan:273 - Reached Old Files
2026-08-03 06:55:51.137 | INFO     | monitor:scan:303 - No New Serial
2026-08-03 06:55:51.137 | INFO     | monitor:scan:325 - Nothing Changed
2026-08-03 06:55:51.137 | SUCCESS  | monitor:scan:331 - Scan Finished
2026-08-03 06:55:51.138 | INFO     | monitor:start:67 - Sleep 60 Seconds
2026-08-03 06:56:51.141 | INFO     | auth.login:ensure_login:354 - Checking Login...
2026-08-03 06:56:51.144 | SUCCESS  | auth.login:load_saved_token:192 - Saved Token Loaded
2026-08-03 06:56:51.145 | SUCCESS  | auth.login:ensure_login:362 - Using Saved Token
2026-08-03 06:56:51.147 | INFO     | monitor:scan:111 - Scanning Website...
2026-08-03 06:56:51.149 | INFO     | monitor:scan:125 - Loading Page 1
2026-08-03 06:56:51.150 | INFO     | api:get_files:60 - Loading Page 1
2026-08-03 06:56:54.056 | INFO     | api:get_file:84 - Loading File 126d519e-95f6-9843-e927-2ca3fc8ea743
2026-08-03 06:56:54.281 | INFO     | monitor:scan:273 - Reached Old Files
2026-08-03 06:56:54.282 | INFO     | monitor:scan:303 - No New Serial
2026-08-03 06:56:54.282 | INFO     | monitor:scan:325 - Nothing Changed
2026-08-03 06:56:54.282 | SUCCESS  | monitor:scan:331 - Scan Finished
2026-08-03 06:56:54.282 | INFO     | monitor:start:67 - Sleep 60 Seconds
2026-08-03 06:57:54.283 | INFO     | auth.login:ensure_login:354 - Checking Login...
2026-08-03 06:57:54.285 | SUCCESS  | auth.login:load_saved_token:192 - Saved Token Loaded
2026-08-03 06:57:54.287 | SUCCESS  | auth.login:ensure_login:362 - Using Saved Token
2026-08-03 06:57:54.287 | INFO     | monitor:scan:111 - Scanning Website...
2026-08-03 06:57:54.290 | INFO     | monitor:scan:125 - Loading Page 1
2026-08-03 06:57:54.291 | INFO     | api:get_files:60 - Loading Page 1
2026-08-03 06:57:54.707 | WARNING  | auth.login:get:411 - Access Token Expired
2026-08-03 06:57:54.708 | INFO     | auth.login:login:262 - Logging in...
2026-08-03 06:57:55.206 | SUCCESS  | auth.login:save_token:242 - Token Saved
2026-08-03 06:57:55.207 | SUCCESS  | auth.login:login:340 - Login Successful
2026-08-03 06:57:56.817 | INFO     | api:get_file:84 - Loading File 126d519e-95f6-9843-e927-2ca3fc8ea743
2026-08-03 06:57:57.049 | INFO     | monitor:scan:273 - Reached Old Files
2026-08-03 06:57:57.050 | INFO     | monitor:scan:303 - No New Serial
2026-08-03 06:57:57.051 | INFO     | monitor:scan:325 - Nothing Changed
2026-08-03 06:57:57.052 | SUCCESS  | monitor:scan:331 - Scan Finished
2026-08-03 06:57:57.053 | INFO     | monitor:start:67 - Sleep 60 Seconds
2026-08-03 06:58:57.054 | INFO     | auth.login:ensure_login:354 - Checking Login...
2026-08-03 06:58:57.070 | SUCCESS  | auth.login:load_saved_token:192 - Saved Token Loaded
2026-08-03 06:58:57.071 | SUCCESS  | auth.login:ensure_login:362 - Using Saved Token
2026-08-03 06:58:57.071 | INFO     | monitor:scan:111 - Scanning Website...
2026-08-03 06:58:57.071 | INFO     | monitor:scan:125 - Loading Page 1
2026-08-03 06:58:57.072 | INFO     | api:get_files:60 - Loading Page 1
2026-08-03 06:58:58.953 | INFO     | api:get_file:84 - Loading File 126d519e-95f6-9843-e927-2ca3fc8ea743
2026-08-03 06:58:59.183 | INFO     | monitor:scan:273 - Reached Old Files
2026-08-03 06:58:59.185 | INFO     | monitor:scan:303 - No New Serial
2026-08-03 06:58:59.188 | INFO     | monitor:scan:325 - Nothing Changed
2026-08-03 06:58:59.189 | SUCCESS  | monitor:scan:331 - Scan Finished
2026-08-03 06:58:59.192 | INFO     | monitor:start:67 - Sleep 60 Seconds
2026-08-03 06:59:59.195 | INFO     | auth.login:ensure_login:354 - Checking Login...
2026-08-03 06:59:59.200 | SUCCESS  | auth.login:load_saved_token:192 - Saved Token Loaded
2026-08-03 06:59:59.202 | SUCCESS  | auth.login:ensure_login:362 - Using Saved Token
2026-08-03 06:59:59.204 | INFO     | monitor:scan:111 - Scanning Website...
2026-08-03 06:59:59.207 | INFO     | monitor:scan:125 - Loading Page 1
2026-08-03 06:59:59.208 | INFO     | api:get_files:60 - Loading Page 1
2026-08-03 07:00:00.810 | INFO     | api:get_file:84 - Loading File 126d519e-95f6-9843-e927-2ca3fc8ea743
2026-08-03 07:00:01.030 | INFO     | monitor:scan:273 - Reached Old Files
2026-08-03 07:00:01.031 | INFO     | monitor:scan:303 - No New Serial
2026-08-03 07:00:01.031 | INFO     | monitor:scan:325 - Nothing Changed
2026-08-03 07:00:01.031 | SUCCESS  | monitor:scan:331 - Scan Finished
2026-08-03 07:00:01.031 | INFO     | monitor:start:67 - Sleep 60 Seconds
2026-08-03 07:01:01.032 | INFO     | auth.login:ensure_login:354 - Checking Login...
2026-08-03 07:01:01.035 | SUCCESS  | auth.login:load_saved_token:192 - Saved Token Loaded
2026-08-03 07:01:01.037 | SUCCESS  | auth.login:ensure_login:362 - Using Saved Token
2026-08-03 07:01:01.039 | INFO     | monitor:scan:111 - Scanning Website...
2026-08-03 07:01:01.041 | INFO     | monitor:scan:125 - Loading Page 1
2026-08-03 07:01:01.042 | INFO     | api:get_files:60 - Loading Page 1
2026-08-03 07:01:02.459 | INFO     | api:get_file:84 - Loading File 126d519e-95f6-9843-e927-2ca3fc8ea743
2026-08-03 07:01:02.703 | INFO     | monitor:scan:273 - Reached Old Files
2026-08-03 07:01:02.705 | INFO     | monitor:scan:303 - No New Serial
2026-08-03 07:01:02.707 | INFO     | monitor:scan:325 - Nothing Changed
2026-08-03 07:01:02.708 | SUCCESS  | monitor:scan:331 - Scan Finished
2026-08-03 07:01:02.712 | INFO     | monitor:start:67 - Sleep 60 Seconds
2026-08-03 07:02:02.713 | INFO     | auth.login:ensure_login:354 - Checking Login...
2026-08-03 07:02:02.716 | SUCCESS  | auth.login:load_saved_token:192 - Saved Token Loaded
2026-08-03 07:02:02.716 | SUCCESS  | auth.login:ensure_login:362 - Using Saved Token
2026-08-03 07:02:02.717 | INFO     | monitor:scan:111 - Scanning Website...
2026-08-03 07:02:02.720 | INFO     | monitor:scan:125 - Loading Page 1
2026-08-03 07:02:02.720 | INFO     | api:get_files:60 - Loading Page 1
2026-08-03 07:02:04.245 | INFO     | api:get_file:84 - Loading File 126d519e-95f6-9843-e927-2ca3fc8ea743
2026-08-03 07:02:04.504 | INFO     | monitor:scan:273 - Reached Old Files
2026-08-03 07:02:04.506 | INFO     | monitor:scan:303 - No New Serial
2026-08-03 07:02:04.507 | INFO     | monitor:scan:325 - Nothing Changed
2026-08-03 07:02:04.509 | SUCCESS  | monitor:scan:331 - Scan Finished
2026-08-03 07:02:04.510 | INFO     | monitor:start:67 - Sleep 60 Seconds
2026-08-03 07:03:04.512 | INFO     | auth.login:ensure_login:354 - Checking Login...
2026-08-03 07:03:04.516 | SUCCESS  | auth.login:load_saved_token:192 - Saved Token Loaded
2026-08-03 07:03:04.516 | SUCCESS  | auth.login:ensure_login:362 - Using Saved Token
2026-08-03 07:03:04.516 | INFO     | monitor:scan:111 - Scanning Website...
2026-08-03 07:03:04.519 | INFO     | monitor:scan:125 - Loading Page 1
2026-08-03 07:03:04.520 | INFO     | api:get_files:60 - Loading Page 1
2026-08-03 07:03:05.957 | INFO     | api:get_file:84 - Loading File 126d519e-95f6-9843-e927-2ca3fc8ea743
2026-08-03 07:03:06.176 | INFO     | monitor:scan:273 - Reached Old Files
2026-08-03 07:03:06.178 | INFO     | monitor:scan:303 - No New Serial
2026-08-03 07:03:06.179 | INFO     | monitor:scan:325 - Nothing Changed
2026-08-03 07:03:06.181 | SUCCESS  | monitor:scan:331 - Scan Finished
2026-08-03 07:03:06.183 | INFO     | monitor:start:67 - Sleep 60 Seconds
2026-08-03 07:04:06.185 | INFO     | auth.login:ensure_login:354 - Checking Login...
2026-08-03 07:04:06.190 | SUCCESS  | auth.login:load_saved_token:192 - Saved Token Loaded
2026-08-03 07:04:06.192 | SUCCESS  | auth.login:ensure_login:362 - Using Saved Token
2026-08-03 07:04:06.195 | INFO     | monitor:scan:111 - Scanning Website...
2026-08-03 07:04:06.199 | INFO     | monitor:scan:125 - Loading Page 1
2026-08-03 07:04:06.200 | INFO     | api:get_files:60 - Loading Page 1
2026-08-03 07:04:09.426 | INFO     | api:get_file:84 - Loading File 126d519e-95f6-9843-e927-2ca3fc8ea743
2026-08-03 07:04:09.675 | INFO     | monitor:scan:273 - Reached Old Files
2026-08-03 07:04:09.676 | INFO     | monitor:scan:303 - No New Serial
2026-08-03 07:04:09.676 | INFO     | monitor:scan:325 - Nothing Changed
2026-08-03 07:04:09.676 | SUCCESS  | monitor:scan:331 - Scan Finished
2026-08-03 07:04:09.676 | INFO     | monitor:start:67 - Sleep 60 Seconds
2026-08-03 07:05:09.678 | INFO     | auth.login:ensure_login:354 - Checking Login...
2026-08-03 07:05:09.683 | SUCCESS  | auth.login:load_saved_token:192 - Saved Token Loaded
2026-08-03 07:05:09.685 | SUCCESS  | auth.login:ensure_login:362 - Using Saved Token
2026-08-03 07:05:09.686 | INFO     | monitor:scan:111 - Scanning Website...
2026-08-03 07:05:09.689 | INFO     | monitor:scan:125 - Loading Page 1
2026-08-03 07:05:09.692 | INFO     | api:get_files:60 - Loading Page 1
2026-08-03 07:05:11.305 | INFO     | api:get_file:84 - Loading File 126d519e-95f6-9843-e927-2ca3fc8ea743
2026-08-03 07:05:11.540 | INFO     | monitor:scan:273 - Reached Old Files
2026-08-03 07:05:11.541 | INFO     | monitor:scan:303 - No New Serial
2026-08-03 07:05:11.541 | INFO     | monitor:scan:325 - Nothing Changed
2026-08-03 07:05:11.541 | SUCCESS  | monitor:scan:331 - Scan Finished
2026-08-03 07:05:11.541 | INFO     | monitor:start:67 - Sleep 60 Seconds
2026-08-03 07:06:11.542 | INFO     | auth.login:ensure_login:354 - Checking Login...
2026-08-03 07:06:11.546 | SUCCESS  | auth.login:load_saved_token:192 - Saved Token Loaded
2026-08-03 07:06:11.549 | SUCCESS  | auth.login:ensure_login:362 - Using Saved Token
2026-08-03 07:06:11.551 | INFO     | monitor:scan:111 - Scanning Website...
2026-08-03 07:06:11.556 | INFO     | monitor:scan:125 - Loading Page 1
2026-08-03 07:06:11.557 | INFO     | api:get_files:60 - Loading Page 1
2026-08-03 07:06:13.083 | INFO     | api:get_file:84 - Loading File 126d519e-95f6-9843-e927-2ca3fc8ea743
2026-08-03 07:06:13.302 | INFO     | monitor:scan:273 - Reached Old Files
2026-08-03 07:06:13.302 | INFO     | monitor:scan:303 - No New Serial
2026-08-03 07:06:13.302 | INFO     | monitor:scan:325 - Nothing Changed
2026-08-03 07:06:13.302 | SUCCESS  | monitor:scan:331 - Scan Finished
2026-08-03 07:06:13.303 | INFO     | monitor:start:67 - Sleep 60 Seconds
2026-08-03 07:07:13.303 | INFO     | auth.login:ensure_login:354 - Checking Login...
2026-08-03 07:07:13.304 | SUCCESS  | auth.login:load_saved_token:192 - Saved Token Loaded
2026-08-03 07:07:13.305 | SUCCESS  | auth.login:ensure_login:362 - Using Saved Token
2026-08-03 07:07:13.305 | INFO     | monitor:scan:111 - Scanning Website...
2026-08-03 07:07:13.307 | INFO     | monitor:scan:125 - Loading Page 1
2026-08-03 07:07:13.308 | INFO     | api:get_files:60 - Loading Page 1
2026-08-03 07:07:14.839 | INFO     | api:get_file:84 - Loading File 126d519e-95f6-9843-e927-2ca3fc8ea743
2026-08-03 07:07:15.079 | INFO     | monitor:scan:273 - Reached Old Files
2026-08-03 07:07:15.079 | INFO     | monitor:scan:303 - No New Serial
2026-08-03 07:07:15.079 | INFO     | monitor:scan:325 - Nothing Changed
2026-08-03 07:07:15.079 | SUCCESS  | monitor:scan:331 - Scan Finished
2026-08-03 07:07:15.080 | INFO     | monitor:start:67 - Sleep 60 Seconds
2026-08-03 07:08:15.080 | INFO     | auth.login:ensure_login:354 - Checking Login...
2026-08-03 07:08:15.082 | SUCCESS  | auth.login:load_saved_token:192 - Saved Token Loaded
2026-08-03 07:08:15.083 | SUCCESS  | auth.login:ensure_login:362 - Using Saved Token
2026-08-03 07:08:15.084 | INFO     | monitor:scan:111 - Scanning Website...
2026-08-03 07:08:15.085 | INFO     | monitor:scan:125 - Loading Page 1
2026-08-03 07:08:15.085 | INFO     | api:get_files:60 - Loading Page 1
2026-08-03 07:08:15.476 | WARNING  | auth.login:get:411 - Access Token Expired
2026-08-03 07:08:15.476 | INFO     | auth.login:login:262 - Logging in...
2026-08-03 07:08:15.962 | SUCCESS  | auth.login:save_token:242 - Token Saved
2026-08-03 07:08:15.963 | SUCCESS  | auth.login:login:340 - Login Successful
2026-08-03 07:08:17.093 | INFO     | api:get_file:84 - Loading File 126d519e-95f6-9843-e927-2ca3fc8ea743
2026-08-03 07:08:17.309 | INFO     | monitor:scan:273 - Reached Old Files
2026-08-03 07:08:17.311 | INFO     | monitor:scan:303 - No New Serial
2026-08-03 07:08:17.312 | INFO     | monitor:scan:325 - Nothing Changed
2026-08-03 07:08:17.313 | SUCCESS  | monitor:scan:331 - Scan Finished
2026-08-03 07:08:17.314 | INFO     | monitor:start:67 - Sleep 60 Seconds
2026-08-03 07:09:17.315 | INFO     | auth.login:ensure_login:354 - Checking Login...
2026-08-03 07:09:17.341 | SUCCESS  | auth.login:load_saved_token:192 - Saved Token Loaded
2026-08-03 07:09:17.341 | SUCCESS  | auth.login:ensure_login:362 - Using Saved Token
2026-08-03 07:09:17.341 | INFO     | monitor:scan:111 - Scanning Website...
2026-08-03 07:09:17.343 | INFO     | monitor:scan:125 - Loading Page 1
2026-08-03 07:09:17.343 | INFO     | api:get_files:60 - Loading Page 1
2026-08-03 07:09:18.814 | INFO     | api:get_file:84 - Loading File 126d519e-95f6-9843-e927-2ca3fc8ea743
2026-08-03 07:09:19.029 | INFO     | monitor:scan:273 - Reached Old Files
2026-08-03 07:09:19.029 | INFO     | monitor:scan:303 - No New Serial
2026-08-03 07:09:19.029 | INFO     | monitor:scan:325 - Nothing Changed
2026-08-03 07:09:19.029 | SUCCESS  | monitor:scan:331 - Scan Finished
2026-08-03 07:09:19.029 | INFO     | monitor:start:67 - Sleep 60 Seconds
2026-08-03 07:10:19.030 | INFO     | auth.login:ensure_login:354 - Checking Login...
2026-08-03 07:10:19.038 | SUCCESS  | auth.login:load_saved_token:192 - Saved Token Loaded
2026-08-03 07:10:19.038 | SUCCESS  | auth.login:ensure_login:362 - Using Saved Token
2026-08-03 07:10:19.038 | INFO     | monitor:scan:111 - Scanning Website...
2026-08-03 07:10:19.048 | INFO     | monitor:scan:125 - Loading Page 1
2026-08-03 07:10:19.048 | INFO     | api:get_files:60 - Loading Page 1
2026-08-03 07:10:20.562 | INFO     | api:get_file:84 - Loading File 126d519e-95f6-9843-e927-2ca3fc8ea743
2026-08-03 07:10:20.774 | INFO     | monitor:scan:273 - Reached Old Files
2026-08-03 07:10:20.775 | INFO     | monitor:scan:303 - No New Serial
2026-08-03 07:10:20.775 | INFO     | monitor:scan:325 - Nothing Changed
2026-08-03 07:10:20.775 | SUCCESS  | monitor:scan:331 - Scan Finished
2026-08-03 07:10:20.776 | INFO     | monitor:start:67 - Sleep 60 Seconds
2026-08-03 07:11:20.776 | INFO     | auth.login:ensure_login:354 - Checking Login...
2026-08-03 07:11:20.777 | SUCCESS  | auth.login:load_saved_token:192 - Saved Token Loaded
2026-08-03 07:11:20.777 | SUCCESS  | auth.login:ensure_login:362 - Using Saved Token
2026-08-03 07:11:20.777 | INFO     | monitor:scan:111 - Scanning Website...
2026-08-03 07:11:20.778 | INFO     | monitor:scan:125 - Loading Page 1
2026-08-03 07:11:20.778 | INFO     | api:get_files:60 - Loading Page 1
2026-08-03 07:11:22.369 | INFO     | api:get_file:84 - Loading File 126d519e-95f6-9843-e927-2ca3fc8ea743
2026-08-03 07:11:22.587 | INFO     | monitor:scan:273 - Reached Old Files
2026-08-03 07:11:22.587 | INFO     | monitor:scan:303 - No New Serial
2026-08-03 07:11:22.588 | INFO     | monitor:scan:325 - Nothing Changed
2026-08-03 07:11:22.588 | SUCCESS  | monitor:scan:331 - Scan Finished
2026-08-03 07:11:22.588 | INFO     | monitor:start:67 - Sleep 60 Seconds
2026-08-03 07:12:22.589 | INFO     | auth.login:ensure_login:354 - Checking Login...
2026-08-03 07:12:22.591 | SUCCESS  | auth.login:load_saved_token:192 - Saved Token Loaded
2026-08-03 07:12:22.591 | SUCCESS  | auth.login:ensure_login:362 - Using Saved Token
2026-08-03 07:12:22.593 | INFO     | monitor:scan:111 - Scanning Website...
2026-08-03 07:12:22.595 | INFO     | monitor:scan:125 - Loading Page 1
2026-08-03 07:12:22.595 | INFO     | api:get_files:60 - Loading Page 1
2026-08-03 07:12:24.281 | INFO     | api:get_file:84 - Loading File 126d519e-95f6-9843-e927-2ca3fc8ea743
2026-08-03 07:12:24.504 | INFO     | monitor:scan:273 - Reached Old Files
2026-08-03 07:12:24.505 | INFO     | monitor:scan:303 - No New Serial
2026-08-03 07:12:24.505 | INFO     | monitor:scan:325 - Nothing Changed
2026-08-03 07:12:24.506 | SUCCESS  | monitor:scan:331 - Scan Finished
2026-08-03 07:12:24.506 | INFO     | monitor:start:67 - Sleep 60 Seconds
2026-08-03 07:13:24.508 | INFO     | auth.login:ensure_login:354 - Checking Login...
2026-08-03 07:13:24.509 | SUCCESS  | auth.login:load_saved_token:192 - Saved Token Loaded
2026-08-03 07:13:24.510 | SUCCESS  | auth.login:ensure_login:362 - Using Saved Token
2026-08-03 07:13:24.510 | INFO     | monitor:scan:111 - Scanning Website...
2026-08-03 07:13:24.510 | INFO     | monitor:scan:125 - Loading Page 1
2026-08-03 07:13:24.511 | INFO     | api:get_files:60 - Loading Page 1
2026-08-03 07:13:27.741 | INFO     | api:get_file:84 - Loading File 126d519e-95f6-9843-e927-2ca3fc8ea743
2026-08-03 07:13:27.968 | INFO     | monitor:scan:273 - Reached Old Files
2026-08-03 07:13:27.969 | INFO     | monitor:scan:303 - No New Serial
2026-08-03 07:13:27.969 | INFO     | monitor:scan:325 - Nothing Changed
2026-08-03 07:13:27.970 | SUCCESS  | monitor:scan:331 - Scan Finished
2026-08-03 07:13:27.972 | INFO     | monitor:start:67 - Sleep 60 Seconds
2026-08-03 07:14:27.973 | INFO     | auth.login:ensure_login:354 - Checking Login...
2026-08-03 07:14:27.976 | SUCCESS  | auth.login:load_saved_token:192 - Saved Token Loaded
2026-08-03 07:14:27.979 | SUCCESS  | auth.login:ensure_login:362 - Using Saved Token
2026-08-03 07:14:27.980 | INFO     | monitor:scan:111 - Scanning Website...
2026-08-03 07:14:27.983 | INFO     | monitor:scan:125 - Loading Page 1
2026-08-03 07:14:27.985 | INFO     | api:get_files:60 - Loading Page 1
2026-08-03 07:14:29.477 | INFO     | api:get_file:84 - Loading File 126d519e-95f6-9843-e927-2ca3fc8ea743
2026-08-03 07:14:29.707 | INFO     | monitor:scan:273 - Reached Old Files
2026-08-03 07:14:29.708 | INFO     | monitor:scan:303 - No New Serial
2026-08-03 07:14:29.710 | INFO     | monitor:scan:325 - Nothing Changed
2026-08-03 07:14:29.712 | SUCCESS  | monitor:scan:331 - Scan Finished
2026-08-03 07:14:29.715 | INFO     | monitor:start:67 - Sleep 60 Seconds
2026-08-03 07:15:29.715 | INFO     | auth.login:ensure_login:354 - Checking Login...
2026-08-03 07:15:29.718 | SUCCESS  | auth.login:load_saved_token:192 - Saved Token Loaded
2026-08-03 07:15:29.719 | SUCCESS  | auth.login:ensure_login:362 - Using Saved Token
2026-08-03 07:15:29.720 | INFO     | monitor:scan:111 - Scanning Website...
2026-08-03 07:15:29.722 | INFO     | monitor:scan:125 - Loading Page 1
2026-08-03 07:15:29.723 | INFO     | api:get_files:60 - Loading Page 1
2026-08-03 07:15:31.766 | INFO     | api:get_file:84 - Loading File 126d519e-95f6-9843-e927-2ca3fc8ea743
2026-08-03 07:15:31.986 | INFO     | monitor:scan:273 - Reached Old Files
2026-08-03 07:15:31.987 | INFO     | monitor:scan:303 - No New Serial
2026-08-03 07:15:31.991 | INFO     | monitor:scan:325 - Nothing Changed
2026-08-03 07:15:31.993 | SUCCESS  | monitor:scan:331 - Scan Finished
2026-08-03 07:15:31.995 | INFO     | monitor:start:67 - Sleep 60 Seconds
2026-08-03 07:16:31.996 | INFO     | auth.login:ensure_login:354 - Checking Login...
2026-08-03 07:16:31.997 | SUCCESS  | auth.login:load_saved_token:192 - Saved Token Loaded
2026-08-03 07:16:31.997 | SUCCESS  | auth.login:ensure_login:362 - Using Saved Token
2026-08-03 07:16:31.997 | INFO     | monitor:scan:111 - Scanning Website...
2026-08-03 07:16:31.998 | INFO     | monitor:scan:125 - Loading Page 1
2026-08-03 07:16:31.998 | INFO     | api:get_files:60 - Loading Page 1
2026-08-03 07:16:35.333 | INFO     | api:get_file:84 - Loading File 126d519e-95f6-9843-e927-2ca3fc8ea743
2026-08-03 07:16:35.562 | INFO     | monitor:scan:273 - Reached Old Files
2026-08-03 07:16:35.563 | INFO     | monitor:scan:303 - No New Serial
2026-08-03 07:16:35.565 | INFO     | monitor:scan:325 - Nothing Changed
2026-08-03 07:16:35.566 | SUCCESS  | monitor:scan:331 - Scan Finished
2026-08-03 07:16:35.568 | INFO     | monitor:start:67 - Sleep 60 Seconds
2026-08-03 07:17:35.572 | INFO     | auth.login:ensure_login:354 - Checking Login...
2026-08-03 07:17:35.575 | SUCCESS  | auth.login:load_saved_token:192 - Saved Token Loaded
2026-08-03 07:17:35.577 | SUCCESS  | auth.login:ensure_login:362 - Using Saved Token
2026-08-03 07:17:35.579 | INFO     | monitor:scan:111 - Scanning Website...
2026-08-03 07:17:35.581 | INFO     | monitor:scan:125 - Loading Page 1
2026-08-03 07:17:35.582 | INFO     | api:get_files:60 - Loading Page 1
2026-08-03 07:17:37.146 | INFO     | api:get_file:84 - Loading File 126d519e-95f6-9843-e927-2ca3fc8ea743
2026-08-03 07:17:37.365 | INFO     | monitor:scan:273 - Reached Old Files
2026-08-03 07:17:37.367 | INFO     | monitor:scan:303 - No New Serial
2026-08-03 07:17:37.368 | INFO     | monitor:scan:325 - Nothing Changed
2026-08-03 07:17:37.368 | SUCCESS  | monitor:scan:331 - Scan Finished
2026-08-03 07:17:37.369 | INFO     | monitor:start:67 - Sleep 60 Seconds
2026-08-03 07:18:37.371 | INFO     | auth.login:ensure_login:354 - Checking Login...
2026-08-03 07:18:37.374 | SUCCESS  | auth.login:load_saved_token:192 - Saved Token Loaded
2026-08-03 07:18:37.375 | SUCCESS  | auth.login:ensure_login:362 - Using Saved Token
2026-08-03 07:18:37.376 | INFO     | monitor:scan:111 - Scanning Website...
2026-08-03 07:18:37.379 | INFO     | monitor:scan:125 - Loading Page 1
2026-08-03 07:18:37.379 | INFO     | api:get_files:60 - Loading Page 1
2026-08-03 07:18:37.819 | WARNING  | auth.login:get:411 - Access Token Expired
2026-08-03 07:18:37.820 | INFO     | auth.login:login:262 - Logging in...
2026-08-03 07:18:38.304 | SUCCESS  | auth.login:save_token:242 - Token Saved
2026-08-03 07:18:38.304 | SUCCESS  | auth.login:login:340 - Login Successful
2026-08-03 07:18:41.048 | INFO     | api:get_file:84 - Loading File 126d519e-95f6-9843-e927-2ca3fc8ea743
2026-08-03 07:18:41.278 | INFO     | monitor:scan:273 - Reached Old Files
2026-08-03 07:18:41.278 | INFO     | monitor:scan:303 - No New Serial
2026-08-03 07:18:41.279 | INFO     | monitor:scan:325 - Nothing Changed
2026-08-03 07:18:41.280 | SUCCESS  | monitor:scan:331 - Scan Finished
2026-08-03 07:18:41.281 | INFO     | monitor:start:67 - Sleep 60 Seconds
2026-08-03 07:19:41.282 | INFO     | auth.login:ensure_login:354 - Checking Login...
2026-08-03 07:19:41.310 | SUCCESS  | auth.login:load_saved_token:192 - Saved Token Loaded
2026-08-03 07:19:41.310 | SUCCESS  | auth.login:ensure_login:362 - Using Saved Token
2026-08-03 07:19:41.311 | INFO     | monitor:scan:111 - Scanning Website...
2026-08-03 07:19:41.311 | INFO     | monitor:scan:125 - Loading Page 1
2026-08-03 07:19:41.311 | INFO     | api:get_files:60 - Loading Page 1
2026-08-03 07:19:44.733 | INFO     | api:get_file:84 - Loading File 126d519e-95f6-9843-e927-2ca3fc8ea743
2026-08-03 07:19:44.962 | INFO     | monitor:scan:273 - Reached Old Files
2026-08-03 07:19:44.962 | INFO     | monitor:scan:303 - No New Serial
2026-08-03 07:19:44.963 | INFO     | monitor:scan:325 - Nothing Changed
2026-08-03 07:19:44.963 | SUCCESS  | monitor:scan:331 - Scan Finished
2026-08-03 07:19:44.963 | INFO     | monitor:start:67 - Sleep 60 Seconds
2026-08-03 07:20:44.964 | INFO     | auth.login:ensure_login:354 - Checking Login...
2026-08-03 07:20:44.967 | SUCCESS  | auth.login:load_saved_token:192 - Saved Token Loaded
2026-08-03 07:20:44.967 | SUCCESS  | auth.login:ensure_login:362 - Using Saved Token
2026-08-03 07:20:44.968 | INFO     | monitor:scan:111 - Scanning Website...
2026-08-03 07:20:44.971 | INFO     | monitor:scan:125 - Loading Page 1
2026-08-03 07:20:44.972 | INFO     | api:get_files:60 - Loading Page 1
2026-08-03 07:20:46.464 | INFO     | api:get_file:84 - Loading File 126d519e-95f6-9843-e927-2ca3fc8ea743
2026-08-03 07:20:46.687 | INFO     | monitor:scan:273 - Reached Old Files
2026-08-03 07:20:46.688 | INFO     | monitor:scan:303 - No New Serial
2026-08-03 07:20:46.689 | INFO     | monitor:scan:325 - Nothing Changed
2026-08-03 07:20:46.690 | SUCCESS  | monitor:scan:331 - Scan Finished
2026-08-03 07:20:46.690 | INFO     | monitor:start:67 - Sleep 60 Seconds
2026-08-03 07:21:46.691 | INFO     | auth.login:ensure_login:354 - Checking Login...
2026-08-03 07:21:46.696 | SUCCESS  | auth.login:load_saved_token:192 - Saved Token Loaded
2026-08-03 07:21:46.698 | SUCCESS  | auth.login:ensure_login:362 - Using Saved Token
2026-08-03 07:21:46.699 | INFO     | monitor:scan:111 - Scanning Website...
2026-08-03 07:21:46.700 | INFO     | monitor:scan:125 - Loading Page 1
2026-08-03 07:21:46.701 | INFO     | api:get_files:60 - Loading Page 1
2026-08-03 07:21:48.222 | INFO     | api:get_file:84 - Loading File 126d519e-95f6-9843-e927-2ca3fc8ea743
2026-08-03 07:21:48.448 | INFO     | monitor:scan:273 - Reached Old Files
2026-08-03 07:21:48.448 | INFO     | monitor:scan:303 - No New Serial
2026-08-03 07:21:48.449 | INFO     | monitor:scan:325 - Nothing Changed
2026-08-03 07:21:48.449 | SUCCESS  | monitor:scan:331 - Scan Finished
2026-08-03 07:21:48.450 | INFO     | monitor:start:67 - Sleep 60 Seconds
2026-08-03 07:22:48.450 | INFO     | auth.login:ensure_login:354 - Checking Login...
2026-08-03 07:22:48.451 | SUCCESS  | auth.login:load_saved_token:192 - Saved Token Loaded
2026-08-03 07:22:48.452 | SUCCESS  | auth.login:ensure_login:362 - Using Saved Token
2026-08-03 07:22:48.452 | INFO     | monitor:scan:111 - Scanning Website...
2026-08-03 07:22:48.452 | INFO     | monitor:scan:125 - Loading Page 1
2026-08-03 07:22:48.453 | INFO     | api:get_files:60 - Loading Page 1
2026-08-03 07:22:49.984 | INFO     | api:get_file:84 - Loading File 126d519e-95f6-9843-e927-2ca3fc8ea743
2026-08-03 07:22:50.211 | INFO     | monitor:scan:273 - Reached Old Files
2026-08-03 07:22:50.211 | INFO     | monitor:scan:303 - No New Serial
2026-08-03 07:22:50.212 | INFO     | monitor:scan:325 - Nothing Changed
2026-08-03 07:22:50.212 | SUCCESS  | monitor:scan:331 - Scan Finished
2026-08-03 07:22:50.212 | INFO     | monitor:start:67 - Sleep 60 Seconds
2026-08-03 07:23:50.213 | INFO     | auth.login:ensure_login:354 - Checking Login...
2026-08-03 07:23:50.216 | SUCCESS  | auth.login:load_saved_token:192 - Saved Token Loaded
2026-08-03 07:23:50.218 | SUCCESS  | auth.login:ensure_login:362 - Using Saved Token
2026-08-03 07:23:50.221 | INFO     | monitor:scan:111 - Scanning Website...
2026-08-03 07:23:50.226 | INFO     | monitor:scan:125 - Loading Page 1
2026-08-03 07:23:50.229 | INFO     | api:get_files:60 - Loading Page 1
2026-08-03 07:23:51.666 | INFO     | api:get_file:84 - Loading File 126d519e-95f6-9843-e927-2ca3fc8ea743
2026-08-03 07:23:51.883 | INFO     | monitor:scan:273 - Reached Old Files
2026-08-03 07:23:51.884 | INFO     | monitor:scan:303 - No New Serial
2026-08-03 07:23:51.884 | INFO     | monitor:scan:325 - Nothing Changed
2026-08-03 07:23:51.884 | SUCCESS  | monitor:scan:331 - Scan Finished
2026-08-03 07:23:51.885 | INFO     | monitor:start:67 - Sleep 60 Seconds
2026-08-03 07:24:51.887 | INFO     | auth.login:ensure_login:354 - Checking Login...
2026-08-03 07:24:51.890 | SUCCESS  | auth.login:load_saved_token:192 - Saved Token Loaded
2026-08-03 07:24:51.892 | SUCCESS  | auth.login:ensure_login:362 - Using Saved Token
2026-08-03 07:24:51.895 | INFO     | monitor:scan:111 - Scanning Website...
2026-08-03 07:24:51.898 | INFO     | monitor:scan:125 - Loading Page 1
2026-08-03 07:24:51.898 | INFO     | api:get_files:60 - Loading Page 1
2026-08-03 07:24:53.538 | INFO     | api:get_file:84 - Loading File 126d519e-95f6-9843-e927-2ca3fc8ea743
2026-08-03 07:24:53.766 | INFO     | monitor:scan:273 - Reached Old Files
2026-08-03 07:24:53.766 | INFO     | monitor:scan:303 - No New Serial
2026-08-03 07:24:53.766 | INFO     | monitor:scan:325 - Nothing Changed
2026-08-03 07:24:53.766 | SUCCESS  | monitor:scan:331 - Scan Finished
2026-08-03 07:24:53.766 | INFO     | monitor:start:67 - Sleep 60 Seconds
2026-08-03 07:25:53.767 | INFO     | auth.login:ensure_login:354 - Checking Login...
2026-08-03 07:25:53.771 | SUCCESS  | auth.login:load_saved_token:192 - Saved Token Loaded
2026-08-03 07:25:53.773 | SUCCESS  | auth.login:ensure_login:362 - Using Saved Token
2026-08-03 07:25:53.774 | INFO     | monitor:scan:111 - Scanning Website...
2026-08-03 07:25:53.775 | INFO     | monitor:scan:125 - Loading Page 1
2026-08-03 07:25:53.776 | INFO     | api:get_files:60 - Loading Page 1
2026-08-03 07:25:55.326 | INFO     | api:get_file:84 - Loading File 126d519e-95f6-9843-e927-2ca3fc8ea743
2026-08-03 07:25:55.554 | INFO     | monitor:scan:273 - Reached Old Files
2026-08-03 07:25:55.554 | INFO     | monitor:scan:303 - No New Serial
2026-08-03 07:25:55.554 | INFO     | monitor:scan:325 - Nothing Changed
2026-08-03 07:25:55.554 | SUCCESS  | monitor:scan:331 - Scan Finished
2026-08-03 07:25:55.555 | INFO     | monitor:start:67 - Sleep 60 Seconds
2026-08-03 07:26:55.555 | INFO     | auth.login:ensure_login:354 - Checking Login...
2026-08-03 07:26:55.557 | SUCCESS  | auth.login:load_saved_token:192 - Saved Token Loaded
2026-08-03 07:26:55.557 | SUCCESS  | auth.login:ensure_login:362 - Using Saved Token
2026-08-03 07:26:55.558 | INFO     | monitor:scan:111 - Scanning Website...
2026-08-03 07:26:55.560 | INFO     | monitor:scan:125 - Loading Page 1
2026-08-03 07:26:55.561 | INFO     | api:get_files:60 - Loading Page 1
2026-08-03 07:26:57.155 | INFO     | api:get_file:84 - Loading File 126d519e-95f6-9843-e927-2ca3fc8ea743
2026-08-03 07:26:57.387 | INFO     | monitor:scan:273 - Reached Old Files
2026-08-03 07:26:57.389 | INFO     | monitor:scan:303 - No New Serial
2026-08-03 07:26:57.391 | INFO     | monitor:scan:325 - Nothing Changed
2026-08-03 07:26:57.393 | SUCCESS  | monitor:scan:331 - Scan Finished
2026-08-03 07:26:57.394 | INFO     | monitor:start:67 - Sleep 60 Seconds
2026-08-03 07:27:57.395 | INFO     | auth.login:ensure_login:354 - Checking Login...
2026-08-03 07:27:57.397 | SUCCESS  | auth.login:load_saved_token:192 - Saved Token Loaded
2026-08-03 07:27:57.397 | SUCCESS  | auth.login:ensure_login:362 - Using Saved Token
2026-08-03 07:27:57.397 | INFO     | monitor:scan:111 - Scanning Website...
2026-08-03 07:27:57.398 | INFO     | monitor:scan:125 - Loading Page 1
2026-08-03 07:27:57.398 | INFO     | api:get_files:60 - Loading Page 1
2026-08-03 07:27:59.057 | INFO     | api:get_file:84 - Loading File 126d519e-95f6-9843-e927-2ca3fc8ea743
2026-08-03 07:27:59.285 | INFO     | monitor:scan:273 - Reached Old Files
2026-08-03 07:27:59.286 | INFO     | monitor:scan:303 - No New Serial
2026-08-03 07:27:59.286 | INFO     | monitor:scan:325 - Nothing Changed
2026-08-03 07:27:59.286 | SUCCESS  | monitor:scan:331 - Scan Finished
2026-08-03 07:27:59.286 | INFO     | monitor:start:67 - Sleep 60 Seconds
2026-08-03 07:28:59.287 | INFO     | auth.login:ensure_login:354 - Checking Login...
2026-08-03 07:28:59.288 | SUCCESS  | auth.login:load_saved_token:192 - Saved Token Loaded
2026-08-03 07:28:59.289 | SUCCESS  | auth.login:ensure_login:362 - Using Saved Token
2026-08-03 07:28:59.290 | INFO     | monitor:scan:111 - Scanning Website...
2026-08-03 07:28:59.292 | INFO     | monitor:scan:125 - Loading Page 1
2026-08-03 07:28:59.293 | INFO     | api:get_files:60 - Loading Page 1
2026-08-03 07:28:59.744 | WARNING  | auth.login:get:411 - Access Token Expired
2026-08-03 07:28:59.745 | INFO     | auth.login:login:262 - Logging in...
2026-08-03 07:29:00.223 | SUCCESS  | auth.login:save_token:242 - Token Saved
2026-08-03 07:29:00.224 | SUCCESS  | auth.login:login:340 - Login Successful
2026-08-03 07:29:01.490 | INFO     | api:get_file:84 - Loading File 126d519e-95f6-9843-e927-2ca3fc8ea743
2026-08-03 07:29:01.717 | INFO     | monitor:scan:273 - Reached Old Files
2026-08-03 07:29:01.717 | INFO     | monitor:scan:303 - No New Serial
2026-08-03 07:29:01.717 | INFO     | monitor:scan:325 - Nothing Changed
2026-08-03 07:29:01.717 | SUCCESS  | monitor:scan:331 - Scan Finished
2026-08-03 07:29:01.717 | INFO     | monitor:start:67 - Sleep 60 Seconds
2026-08-03 07:30:01.718 | INFO     | auth.login:ensure_login:354 - Checking Login...
2026-08-03 07:30:01.742 | SUCCESS  | auth.login:load_saved_token:192 - Saved Token Loaded
2026-08-03 07:30:01.744 | SUCCESS  | auth.login:ensure_login:362 - Using Saved Token
2026-08-03 07:30:01.744 | INFO     | monitor:scan:111 - Scanning Website...
2026-08-03 07:30:01.746 | INFO     | monitor:scan:125 - Loading Page 1
2026-08-03 07:30:01.746 | INFO     | api:get_files:60 - Loading Page 1
2026-08-03 07:30:05.049 | INFO     | api:get_file:84 - Loading File 126d519e-95f6-9843-e927-2ca3fc8ea743
2026-08-03 07:30:05.282 | INFO     | monitor:scan:273 - Reached Old Files
2026-08-03 07:30:05.283 | INFO     | monitor:scan:303 - No New Serial
2026-08-03 07:30:05.283 | INFO     | monitor:scan:325 - Nothing Changed
2026-08-03 07:30:05.283 | SUCCESS  | monitor:scan:331 - Scan Finished
2026-08-03 07:30:05.283 | INFO     | monitor:start:67 - Sleep 60 Seconds
2026-08-03 07:31:05.284 | INFO     | auth.login:ensure_login:354 - Checking Login...
2026-08-03 07:31:05.286 | SUCCESS  | auth.login:load_saved_token:192 - Saved Token Loaded
2026-08-03 07:31:05.287 | SUCCESS  | auth.login:ensure_login:362 - Using Saved Token
2026-08-03 07:31:05.288 | INFO     | monitor:scan:111 - Scanning Website...
2026-08-03 07:31:05.292 | INFO     | monitor:scan:125 - Loading Page 1
2026-08-03 07:31:05.294 | INFO     | api:get_files:60 - Loading Page 1
2026-08-03 07:31:07.004 | INFO     | api:get_file:84 - Loading File 126d519e-95f6-9843-e927-2ca3fc8ea743
2026-08-03 07:31:07.229 | INFO     | monitor:scan:273 - Reached Old Files
2026-08-03 07:31:07.232 | INFO     | monitor:scan:303 - No New Serial
2026-08-03 07:31:07.235 | INFO     | monitor:scan:325 - Nothing Changed
2026-08-03 07:31:07.236 | SUCCESS  | monitor:scan:331 - Scan Finished
2026-08-03 07:31:07.237 | INFO     | monitor:start:67 - Sleep 60 Seconds
2026-08-03 07:32:07.239 | INFO     | auth.login:ensure_login:354 - Checking Login...
2026-08-03 07:32:07.240 | SUCCESS  | auth.login:load_saved_token:192 - Saved Token Loaded
2026-08-03 07:32:07.240 | SUCCESS  | auth.login:ensure_login:362 - Using Saved Token
2026-08-03 07:32:07.241 | INFO     | monitor:scan:111 - Scanning Website...
2026-08-03 07:32:07.241 | INFO     | monitor:scan:125 - Loading Page 1
2026-08-03 07:32:07.242 | INFO     | api:get_files:60 - Loading Page 1
2026-08-03 07:32:10.728 | INFO     | api:get_file:84 - Loading File 126d519e-95f6-9843-e927-2ca3fc8ea743
2026-08-03 07:32:10.953 | INFO     | monitor:scan:273 - Reached Old Files
2026-08-03 07:32:10.954 | INFO     | monitor:scan:303 - No New Serial
2026-08-03 07:32:10.954 | INFO     | monitor:scan:325 - Nothing Changed
2026-08-03 07:32:10.954 | SUCCESS  | monitor:scan:331 - Scan Finished
2026-08-03 07:32:10.954 | INFO     | monitor:start:67 - Sleep 60 Seconds
2026-08-03 07:33:10.955 | INFO     | auth.login:ensure_login:354 - Checking Login...
2026-08-03 07:33:10.956 | SUCCESS  | auth.login:load_saved_token:192 - Saved Token Loaded
2026-08-03 07:33:10.956 | SUCCESS  | auth.login:ensure_login:362 - Using Saved Token
2026-08-03 07:33:10.956 | INFO     | monitor:scan:111 - Scanning Website...
2026-08-03 07:33:10.957 | INFO     | monitor:scan:125 - Loading Page 1
2026-08-03 07:33:10.957 | INFO     | api:get_files:60 - Loading Page 1
2026-08-03 07:33:12.547 | INFO     | api:get_file:84 - Loading File 126d519e-95f6-9843-e927-2ca3fc8ea743
2026-08-03 07:33:12.771 | INFO     | monitor:scan:273 - Reached Old Files
2026-08-03 07:33:12.771 | INFO     | monitor:scan:303 - No New Serial
2026-08-03 07:33:12.771 | INFO     | monitor:scan:325 - Nothing Changed
2026-08-03 07:33:12.772 | SUCCESS  | monitor:scan:331 - Scan Finished
2026-08-03 07:33:12.772 | INFO     | monitor:start:67 - Sleep 60 Seconds
2026-08-03 07:34:12.772 | INFO     | auth.login:ensure_login:354 - Checking Login...
2026-08-03 07:34:12.773 | SUCCESS  | auth.login:load_saved_token:192 - Saved Token Loaded
2026-08-03 07:34:12.773 | SUCCESS  | auth.login:ensure_login:362 - Using Saved Token
2026-08-03 07:34:12.773 | INFO     | monitor:scan:111 - Scanning Website...
2026-08-03 07:34:12.774 | INFO     | monitor:scan:125 - Loading Page 1
2026-08-03 07:34:12.774 | INFO     | api:get_files:60 - Loading Page 1
2026-08-03 07:34:14.441 | INFO     | api:get_file:84 - Loading File 126d519e-95f6-9843-e927-2ca3fc8ea743
2026-08-03 07:34:14.675 | INFO     | monitor:scan:273 - Reached Old Files
2026-08-03 07:34:14.676 | INFO     | monitor:scan:303 - No New Serial
2026-08-03 07:34:14.677 | INFO     | monitor:scan:325 - Nothing Changed
2026-08-03 07:34:14.677 | SUCCESS  | monitor:scan:331 - Scan Finished
2026-08-03 07:34:14.678 | INFO     | monitor:start:67 - Sleep 60 Seconds
2026-08-03 07:35:14.679 | INFO     | auth.login:ensure_login:354 - Checking Login...
2026-08-03 07:35:14.679 | SUCCESS  | auth.login:load_saved_token:192 - Saved Token Loaded
2026-08-03 07:35:14.679 | SUCCESS  | auth.login:ensure_login:362 - Using Saved Token
2026-08-03 07:35:14.680 | INFO     | monitor:scan:111 - Scanning Website...
2026-08-03 07:35:14.680 | INFO     | monitor:scan:125 - Loading Page 1
2026-08-03 07:35:14.681 | INFO     | api:get_files:60 - Loading Page 1
2026-08-03 07:35:16.224 | INFO     | api:get_file:84 - Loading File 126d519e-95f6-9843-e927-2ca3fc8ea743
2026-08-03 07:35:16.456 | INFO     | monitor:scan:273 - Reached Old Files
2026-08-03 07:35:16.456 | INFO     | monitor:scan:303 - No New Serial
2026-08-03 07:35:16.457 | INFO     | monitor:scan:325 - Nothing Changed
2026-08-03 07:35:16.457 | SUCCESS  | monitor:scan:331 - Scan Finished
2026-08-03 07:35:16.459 | INFO     | monitor:start:67 - Sleep 60 Seconds
2026-08-03 07:36:16.460 | INFO     | auth.login:ensure_login:354 - Checking Login...
2026-08-03 07:36:16.464 | SUCCESS  | auth.login:load_saved_token:192 - Saved Token Loaded
2026-08-03 07:36:16.464 | SUCCESS  | auth.login:ensure_login:362 - Using Saved Token
2026-08-03 07:36:16.466 | INFO     | monitor:scan:111 - Scanning Website...
2026-08-03 07:36:16.468 | INFO     | monitor:scan:125 - Loading Page 1
2026-08-03 07:36:16.469 | INFO     | api:get_files:60 - Loading Page 1
2026-08-03 07:36:18.109 | INFO     | api:get_file:84 - Loading File 126d519e-95f6-9843-e927-2ca3fc8ea743
2026-08-03 07:36:18.327 | INFO     | monitor:scan:273 - Reached Old Files
2026-08-03 07:36:18.327 | INFO     | monitor:scan:303 - No New Serial
2026-08-03 07:36:18.327 | INFO     | monitor:scan:325 - Nothing Changed
2026-08-03 07:36:18.328 | SUCCESS  | monitor:scan:331 - Scan Finished
2026-08-03 07:36:18.328 | INFO     | monitor:start:67 - Sleep 60 Seconds
2026-08-03 07:37:18.329 | INFO     | auth.login:ensure_login:354 - Checking Login...
2026-08-03 07:37:18.330 | SUCCESS  | auth.login:load_saved_token:192 - Saved Token Loaded
2026-08-03 07:37:18.330 | SUCCESS  | auth.login:ensure_login:362 - Using Saved Token
2026-08-03 07:37:18.330 | INFO     | monitor:scan:111 - Scanning Website...
2026-08-03 07:37:18.331 | INFO     | monitor:scan:125 - Loading Page 1
2026-08-03 07:37:18.331 | INFO     | api:get_files:60 - Loading Page 1
2026-08-03 07:37:19.832 | INFO     | api:get_file:84 - Loading File 126d519e-95f6-9843-e927-2ca3fc8ea743
2026-08-03 07:37:20.062 | INFO     | monitor:scan:273 - Reached Old Files
2026-08-03 07:37:20.064 | INFO     | monitor:scan:303 - No New Serial
2026-08-03 07:37:20.065 | INFO     | monitor:scan:325 - Nothing Changed
2026-08-03 07:37:20.066 | SUCCESS  | monitor:scan:331 - Scan Finished
2026-08-03 07:37:20.067 | INFO     | monitor:start:67 - Sleep 60 Seconds
2026-08-03 07:38:20.067 | INFO     | auth.login:ensure_login:354 - Checking Login...
2026-08-03 07:38:20.068 | SUCCESS  | auth.login:load_saved_token:192 - Saved Token Loaded
2026-08-03 07:38:20.068 | SUCCESS  | auth.login:ensure_login:362 - Using Saved Token
2026-08-03 07:38:20.068 | INFO     | monitor:scan:111 - Scanning Website...
2026-08-03 07:38:20.069 | INFO     | monitor:scan:125 - Loading Page 1
2026-08-03 07:38:20.069 | INFO     | api:get_files:60 - Loading Page 1
2026-08-03 07:38:21.518 | INFO     | api:get_file:84 - Loading File 126d519e-95f6-9843-e927-2ca3fc8ea743
2026-08-03 07:38:21.737 | INFO     | monitor:scan:273 - Reached Old Files
2026-08-03 07:38:21.738 | INFO     | monitor:scan:303 - No New Serial
2026-08-03 07:38:21.741 | INFO     | monitor:scan:325 - Nothing Changed
2026-08-03 07:38:21.742 | SUCCESS  | monitor:scan:331 - Scan Finished
2026-08-03 07:38:21.745 | INFO     | monitor:start:67 - Sleep 60 Seconds
2026-08-03 07:39:21.747 | INFO     | auth.login:ensure_login:354 - Checking Login...
2026-08-03 07:39:21.749 | SUCCESS  | auth.login:load_saved_token:192 - Saved Token Loaded
2026-08-03 07:39:21.750 | SUCCESS  | auth.login:ensure_login:362 - Using Saved Token
2026-08-03 07:39:21.751 | INFO     | monitor:scan:111 - Scanning Website...
2026-08-03 07:39:21.754 | INFO     | monitor:scan:125 - Loading Page 1
2026-08-03 07:39:21.755 | INFO     | api:get_files:60 - Loading Page 1
2026-08-03 07:39:22.166 | WARNING  | auth.login:get:411 - Access Token Expired
2026-08-03 07:39:22.167 | INFO     | auth.login:login:262 - Logging in...
2026-08-03 07:39:22.611 | SUCCESS  | auth.login:save_token:242 - Token Saved
2026-08-03 07:39:22.613 | SUCCESS  | auth.login:login:340 - Login Successful
2026-08-03 07:39:25.465 | INFO     | api:get_file:84 - Loading File 126d519e-95f6-9843-e927-2ca3fc8ea743
2026-08-03 07:39:25.695 | INFO     | monitor:scan:273 - Reached Old Files
2026-08-03 07:39:25.697 | INFO     | monitor:scan:303 - No New Serial
2026-08-03 07:39:25.699 | INFO     | monitor:scan:325 - Nothing Changed
2026-08-03 07:39:25.700 | SUCCESS  | monitor:scan:331 - Scan Finished
2026-08-03 07:39:25.702 | INFO     | monitor:start:67 - Sleep 60 Seconds
2026-08-03 07:40:25.705 | INFO     | auth.login:ensure_login:354 - Checking Login...
2026-08-03 07:40:25.714 | SUCCESS  | auth.login:load_saved_token:192 - Saved Token Loaded
2026-08-03 07:40:25.714 | SUCCESS  | auth.login:ensure_login:362 - Using Saved Token
2026-08-03 07:40:25.714 | INFO     | monitor:scan:111 - Scanning Website...
2026-08-03 07:40:25.715 | INFO     | monitor:scan:125 - Loading Page 1
2026-08-03 07:40:25.715 | INFO     | api:get_files:60 - Loading Page 1
2026-08-03 07:40:29.030 | INFO     | api:get_file:84 - Loading File 126d519e-95f6-9843-e927-2ca3fc8ea743
2026-08-03 07:40:29.256 | INFO     | monitor:scan:273 - Reached Old Files
2026-08-03 07:40:29.257 | INFO     | monitor:scan:303 - No New Serial
2026-08-03 07:40:29.258 | INFO     | monitor:scan:325 - Nothing Changed
2026-08-03 07:40:29.259 | SUCCESS  | monitor:scan:331 - Scan Finished
2026-08-03 07:40:29.260 | INFO     | monitor:start:67 - Sleep 60 Seconds
2026-08-03 07:41:29.262 | INFO     | auth.login:ensure_login:354 - Checking Login...
2026-08-03 07:41:29.265 | SUCCESS  | auth.login:load_saved_token:192 - Saved Token Loaded
2026-08-03 07:41:29.266 | SUCCESS  | auth.login:ensure_login:362 - Using Saved Token
2026-08-03 07:41:29.267 | INFO     | monitor:scan:111 - Scanning Website...
2026-08-03 07:41:29.271 | INFO     | monitor:scan:125 - Loading Page 1
2026-08-03 07:41:29.272 | INFO     | api:get_files:60 - Loading Page 1
2026-08-03 07:41:30.843 | INFO     | api:get_file:84 - Loading File 126d519e-95f6-9843-e927-2ca3fc8ea743
2026-08-03 07:41:31.059 | INFO     | monitor:scan:273 - Reached Old Files
2026-08-03 07:41:31.059 | INFO     | monitor:scan:303 - No New Serial
2026-08-03 07:41:31.059 | INFO     | monitor:scan:325 - Nothing Changed
2026-08-03 07:41:31.060 | SUCCESS  | monitor:scan:331 - Scan Finished
2026-08-03 07:41:31.060 | INFO     | monitor:start:67 - Sleep 60 Seconds
2026-08-03 07:42:31.061 | INFO     | auth.login:ensure_login:354 - Checking Login...
2026-08-03 07:42:31.062 | SUCCESS  | auth.login:load_saved_token:192 - Saved Token Loaded
2026-08-03 07:42:31.063 | SUCCESS  | auth.login:ensure_login:362 - Using Saved Token
2026-08-03 07:42:31.064 | INFO     | monitor:scan:111 - Scanning Website...
2026-08-03 07:42:31.066 | INFO     | monitor:scan:125 - Loading Page 1
2026-08-03 07:42:31.068 | INFO     | api:get_files:60 - Loading Page 1
2026-08-03 07:42:32.534 | INFO     | api:get_file:84 - Loading File 126d519e-95f6-9843-e927-2ca3fc8ea743
2026-08-03 07:42:32.761 | INFO     | monitor:scan:273 - Reached Old Files
2026-08-03 07:42:32.763 | INFO     | monitor:scan:303 - No New Serial
2026-08-03 07:42:32.764 | INFO     | monitor:scan:325 - Nothing Changed
2026-08-03 07:42:32.766 | SUCCESS  | monitor:scan:331 - Scan Finished
2026-08-03 07:42:32.768 | INFO     | monitor:start:67 - Sleep 60 Seconds
2026-08-03 07:43:32.769 | INFO     | auth.login:ensure_login:354 - Checking Login...
2026-08-03 07:43:32.772 | SUCCESS  | auth.login:load_saved_token:192 - Saved Token Loaded
2026-08-03 07:43:32.772 | SUCCESS  | auth.login:ensure_login:362 - Using Saved Token
2026-08-03 07:43:32.773 | INFO     | monitor:scan:111 - Scanning Website...
2026-08-03 07:43:32.775 | INFO     | monitor:scan:125 - Loading Page 1
2026-08-03 07:43:32.775 | INFO     | api:get_files:60 - Loading Page 1
2026-08-03 07:43:34.320 | INFO     | api:get_file:84 - Loading File 126d519e-95f6-9843-e927-2ca3fc8ea743
2026-08-03 07:43:34.549 | INFO     | monitor:scan:273 - Reached Old Files
2026-08-03 07:43:34.551 | INFO     | monitor:scan:303 - No New Serial
2026-08-03 07:43:34.552 | INFO     | monitor:scan:325 - Nothing Changed
2026-08-03 07:43:34.553 | SUCCESS  | monitor:scan:331 - Scan Finished
2026-08-03 07:43:34.554 | INFO     | monitor:start:67 - Sleep 60 Seconds
2026-08-03 07:44:34.556 | INFO     | auth.login:ensure_login:354 - Checking Login...
2026-08-03 07:44:34.561 | SUCCESS  | auth.login:load_saved_token:192 - Saved Token Loaded
2026-08-03 07:44:34.563 | SUCCESS  | auth.login:ensure_login:362 - Using Saved Token
2026-08-03 07:44:34.564 | INFO     | monitor:scan:111 - Scanning Website...
2026-08-03 07:44:34.568 | INFO     | monitor:scan:125 - Loading Page 1
2026-08-03 07:44:34.569 | INFO     | api:get_files:60 - Loading Page 1
2026-08-03 07:44:36.109 | INFO     | api:get_file:84 - Loading File 126d519e-95f6-9843-e927-2ca3fc8ea743
2026-08-03 07:44:36.330 | INFO     | monitor:scan:273 - Reached Old Files
2026-08-03 07:44:36.330 | INFO     | monitor:scan:303 - No New Serial
2026-08-03 07:44:36.330 | INFO     | monitor:scan:325 - Nothing Changed
2026-08-03 07:44:36.331 | SUCCESS  | monitor:scan:331 - Scan Finished
2026-08-03 07:44:36.331 | INFO     | monitor:start:67 - Sleep 60 Seconds
2026-08-03 07:45:36.331 | INFO     | auth.login:ensure_login:354 - Checking Login...
2026-08-03 07:45:36.334 | SUCCESS  | auth.login:load_saved_token:192 - Saved Token Loaded
2026-08-03 07:45:36.335 | SUCCESS  | auth.login:ensure_login:362 - Using Saved Token
2026-08-03 07:45:36.335 | INFO     | monitor:scan:111 - Scanning Website...
2026-08-03 07:45:36.338 | INFO     | monitor:scan:125 - Loading Page 1
2026-08-03 07:45:36.338 | INFO     | api:get_files:60 - Loading Page 1
2026-08-03 07:45:37.923 | INFO     | api:get_file:84 - Loading File 126d519e-95f6-9843-e927-2ca3fc8ea743
2026-08-03 07:45:38.151 | INFO     | monitor:scan:273 - Reached Old Files
2026-08-03 07:45:38.151 | INFO     | monitor:scan:303 - No New Serial
2026-08-03 07:45:38.152 | INFO     | monitor:scan:325 - Nothing Changed
2026-08-03 07:45:38.152 | SUCCESS  | monitor:scan:331 - Scan Finished
2026-08-03 07:45:38.153 | INFO     | monitor:start:67 - Sleep 60 Seconds
2026-08-03 07:46:38.154 | INFO     | auth.login:ensure_login:354 - Checking Login...
2026-08-03 07:46:38.155 | SUCCESS  | auth.login:load_saved_token:192 - Saved Token Loaded
2026-08-03 07:46:38.155 | SUCCESS  | auth.login:ensure_login:362 - Using Saved Token
2026-08-03 07:46:38.155 | INFO     | monitor:scan:111 - Scanning Website...
2026-08-03 07:46:38.156 | INFO     | monitor:scan:125 - Loading Page 1
2026-08-03 07:46:38.156 | INFO     | api:get_files:60 - Loading Page 1
2026-08-03 07:46:41.472 | INFO     | api:get_file:84 - Loading File 126d519e-95f6-9843-e927-2ca3fc8ea743
2026-08-03 07:46:41.703 | INFO     | monitor:scan:273 - Reached Old Files
2026-08-03 07:46:41.705 | INFO     | monitor:scan:303 - No New Serial
2026-08-03 07:46:41.707 | INFO     | monitor:scan:325 - Nothing Changed
2026-08-03 07:46:41.708 | SUCCESS  | monitor:scan:331 - Scan Finished
2026-08-03 07:46:41.711 | INFO     | monitor:start:67 - Sleep 60 Seconds
2026-08-03 07:47:41.712 | INFO     | auth.login:ensure_login:354 - Checking Login...
2026-08-03 07:47:41.716 | SUCCESS  | auth.login:load_saved_token:192 - Saved Token Loaded
2026-08-03 07:47:41.718 | SUCCESS  | auth.login:ensure_login:362 - Using Saved Token
2026-08-03 07:47:41.719 | INFO     | monitor:scan:111 - Scanning Website...
2026-08-03 07:47:41.722 | INFO     | monitor:scan:125 - Loading Page 1
2026-08-03 07:47:41.723 | INFO     | api:get_files:60 - Loading Page 1
2026-08-03 07:47:43.173 | INFO     | api:get_file:84 - Loading File 126d519e-95f6-9843-e927-2ca3fc8ea743
2026-08-03 07:47:43.394 | INFO     | monitor:scan:273 - Reached Old Files
2026-08-03 07:47:43.397 | INFO     | monitor:scan:303 - No New Serial
2026-08-03 07:47:43.398 | INFO     | monitor:scan:325 - Nothing Changed
2026-08-03 07:47:43.400 | SUCCESS  | monitor:scan:331 - Scan Finished
2026-08-03 07:47:43.402 | INFO     | monitor:start:67 - Sleep 60 Seconds
2026-08-03 07:48:43.403 | INFO     | auth.login:ensure_login:354 - Checking Login...
2026-08-03 07:48:43.406 | SUCCESS  | auth.login:load_saved_token:192 - Saved Token Loaded
2026-08-03 07:48:43.407 | SUCCESS  | auth.login:ensure_login:362 - Using Saved Token
2026-08-03 07:48:43.407 | INFO     | monitor:scan:111 - Scanning Website...
2026-08-03 07:48:43.409 | INFO     | monitor:scan:125 - Loading Page 1
2026-08-03 07:48:43.409 | INFO     | api:get_files:60 - Loading Page 1
2026-08-03 07:48:44.903 | INFO     | api:get_file:84 - Loading File 126d519e-95f6-9843-e927-2ca3fc8ea743
2026-08-03 07:48:45.123 | INFO     | monitor:scan:273 - Reached Old Files
2026-08-03 07:48:45.123 | INFO     | monitor:scan:303 - No New Serial
2026-08-03 07:48:45.124 | INFO     | monitor:scan:325 - Nothing Changed
2026-08-03 07:48:45.125 | SUCCESS  | monitor:scan:331 - Scan Finished
2026-08-03 07:48:45.126 | INFO     | monitor:start:67 - Sleep 60 Seconds
2026-08-03 07:49:45.127 | INFO     | auth.login:ensure_login:354 - Checking Login...
2026-08-03 07:49:45.131 | SUCCESS  | auth.login:load_saved_token:192 - Saved Token Loaded
2026-08-03 07:49:45.133 | SUCCESS  | auth.login:ensure_login:362 - Using Saved Token
2026-08-03 07:49:45.134 | INFO     | monitor:scan:111 - Scanning Website...
2026-08-03 07:49:45.137 | INFO     | monitor:scan:125 - Loading Page 1
2026-08-03 07:49:45.139 | INFO     | api:get_files:60 - Loading Page 1
2026-08-03 07:49:45.567 | WARNING  | auth.login:get:411 - Access Token Expired
2026-08-03 07:49:45.567 | INFO     | auth.login:login:262 - Logging in...
2026-08-03 07:49:46.064 | SUCCESS  | auth.login:save_token:242 - Token Saved
2026-08-03 07:49:46.065 | SUCCESS  | auth.login:login:340 - Login Successful
2026-08-03 07:49:47.256 | INFO     | api:get_file:84 - Loading File 126d519e-95f6-9843-e927-2ca3fc8ea743
2026-08-03 07:49:47.481 | INFO     | monitor:scan:273 - Reached Old Files
2026-08-03 07:49:47.481 | INFO     | monitor:scan:303 - No New Serial
2026-08-03 07:49:47.482 | INFO     | monitor:scan:325 - Nothing Changed
2026-08-03 07:49:47.482 | SUCCESS  | monitor:scan:331 - Scan Finished
2026-08-03 07:49:47.482 | INFO     | monitor:start:67 - Sleep 60 Seconds
2026-08-03 07:50:47.483 | INFO     | auth.login:ensure_login:354 - Checking Login...
2026-08-03 07:50:47.505 | SUCCESS  | auth.login:load_saved_token:192 - Saved Token Loaded
2026-08-03 07:50:47.506 | SUCCESS  | auth.login:ensure_login:362 - Using Saved Token
2026-08-03 07:50:47.507 | INFO     | monitor:scan:111 - Scanning Website...
2026-08-03 07:50:47.508 | INFO     | monitor:scan:125 - Loading Page 1
2026-08-03 07:50:47.509 | INFO     | api:get_files:60 - Loading Page 1
2026-08-03 07:50:50.657 | INFO     | api:get_file:84 - Loading File 126d519e-95f6-9843-e927-2ca3fc8ea743
2026-08-03 07:50:50.867 | INFO     | monitor:scan:273 - Reached Old Files
2026-08-03 07:50:50.868 | INFO     | monitor:scan:303 - No New Serial
2026-08-03 07:50:50.868 | INFO     | monitor:scan:325 - Nothing Changed
2026-08-03 07:50:50.869 | SUCCESS  | monitor:scan:331 - Scan Finished
2026-08-03 07:50:50.870 | INFO     | monitor:start:67 - Sleep 60 Seconds
2026-08-03 07:51:50.872 | INFO     | auth.login:ensure_login:354 - Checking Login...
2026-08-03 07:51:50.874 | SUCCESS  | auth.login:load_saved_token:192 - Saved Token Loaded
2026-08-03 07:51:50.874 | SUCCESS  | auth.login:ensure_login:362 - Using Saved Token
2026-08-03 07:51:50.875 | INFO     | monitor:scan:111 - Scanning Website...
2026-08-03 07:51:50.876 | INFO     | monitor:scan:125 - Loading Page 1
2026-08-03 07:51:50.876 | INFO     | api:get_files:60 - Loading Page 1
2026-08-03 07:51:52.348 | INFO     | api:get_file:84 - Loading File 126d519e-95f6-9843-e927-2ca3fc8ea743
2026-08-03 07:51:52.573 | INFO     | monitor:scan:273 - Reached Old Files
2026-08-03 07:51:52.575 | INFO     | monitor:scan:303 - No New Serial
2026-08-03 07:51:52.576 | INFO     | monitor:scan:325 - Nothing Changed
2026-08-03 07:51:52.577 | SUCCESS  | monitor:scan:331 - Scan Finished
2026-08-03 07:51:52.580 | INFO     | monitor:start:67 - Sleep 60 Seconds
2026-08-03 07:52:52.581 | INFO     | auth.login:ensure_login:354 - Checking Login...
2026-08-03 07:52:52.583 | SUCCESS  | auth.login:load_saved_token:192 - Saved Token Loaded
2026-08-03 07:52:52.584 | SUCCESS  | auth.login:ensure_login:362 - Using Saved Token
2026-08-03 07:52:52.585 | INFO     | monitor:scan:111 - Scanning Website...
2026-08-03 07:52:52.587 | INFO     | monitor:scan:125 - Loading Page 1
2026-08-03 07:52:52.588 | INFO     | api:get_files:60 - Loading Page 1
2026-08-03 07:52:54.104 | INFO     | api:get_file:84 - Loading File 126d519e-95f6-9843-e927-2ca3fc8ea743
2026-08-03 07:52:54.327 | INFO     | monitor:scan:273 - Reached Old Files
2026-08-03 07:52:54.328 | INFO     | monitor:scan:303 - No New Serial
2026-08-03 07:52:54.328 | INFO     | monitor:scan:325 - Nothing Changed
2026-08-03 07:52:54.328 | SUCCESS  | monitor:scan:331 - Scan Finished
2026-08-03 07:52:54.329 | INFO     | monitor:start:67 - Sleep 60 Seconds
2026-08-03 07:53:54.329 | INFO     | auth.login:ensure_login:354 - Checking Login...
2026-08-03 07:53:54.332 | SUCCESS  | auth.login:load_saved_token:192 - Saved Token Loaded
2026-08-03 07:53:54.333 | SUCCESS  | auth.login:ensure_login:362 - Using Saved Token
2026-08-03 07:53:54.334 | INFO     | monitor:scan:111 - Scanning Website...
2026-08-03 07:53:54.338 | INFO     | monitor:scan:125 - Loading Page 1
2026-08-03 07:53:54.338 | INFO     | api:get_files:60 - Loading Page 1
2026-08-03 07:53:55.969 | INFO     | api:get_file:84 - Loading File 126d519e-95f6-9843-e927-2ca3fc8ea743
2026-08-03 07:53:56.195 | INFO     | monitor:scan:273 - Reached Old Files
2026-08-03 07:53:56.195 | INFO     | monitor:scan:303 - No New Serial
2026-08-03 07:53:56.196 | INFO     | monitor:scan:325 - Nothing Changed
2026-08-03 07:53:56.196 | SUCCESS  | monitor:scan:331 - Scan Finished
2026-08-03 07:53:56.198 | INFO     | monitor:start:67 - Sleep 60 Seconds
2026-08-03 07:54:56.199 | INFO     | auth.login:ensure_login:354 - Checking Login...
2026-08-03 07:54:56.201 | SUCCESS  | auth.login:load_saved_token:192 - Saved Token Loaded
2026-08-03 07:54:56.202 | SUCCESS  | auth.login:ensure_login:362 - Using Saved Token
2026-08-03 07:54:56.204 | INFO     | monitor:scan:111 - Scanning Website...
2026-08-03 07:54:56.206 | INFO     | monitor:scan:125 - Loading Page 1
2026-08-03 07:54:56.207 | INFO     | api:get_files:60 - Loading Page 1
2026-08-03 07:54:59.093 | INFO     | api:get_file:84 - Loading File 126d519e-95f6-9843-e927-2ca3fc8ea743
2026-08-03 07:54:59.311 | INFO     | monitor:scan:273 - Reached Old Files
2026-08-03 07:54:59.313 | INFO     | monitor:scan:303 - No New Serial
2026-08-03 07:54:59.313 | INFO     | monitor:scan:325 - Nothing Changed
2026-08-03 07:54:59.314 | SUCCESS  | monitor:scan:331 - Scan Finished
2026-08-03 07:54:59.316 | INFO     | monitor:start:67 - Sleep 60 Seconds
2026-08-03 07:55:59.317 | INFO     | auth.login:ensure_login:354 - Checking Login...
2026-08-03 07:55:59.319 | SUCCESS  | auth.login:load_saved_token:192 - Saved Token Loaded
2026-08-03 07:55:59.319 | SUCCESS  | auth.login:ensure_login:362 - Using Saved Token
2026-08-03 07:55:59.319 | INFO     | monitor:scan:111 - Scanning Website...
2026-08-03 07:55:59.319 | INFO     | monitor:scan:125 - Loading Page 1
2026-08-03 07:55:59.319 | INFO     | api:get_files:60 - Loading Page 1
2026-08-03 07:56:02.479 | INFO     | api:get_file:84 - Loading File 126d519e-95f6-9843-e927-2ca3fc8ea743
2026-08-03 07:56:02.701 | INFO     | monitor:scan:273 - Reached Old Files
2026-08-03 07:56:02.701 | INFO     | monitor:scan:303 - No New Serial
2026-08-03 07:56:02.701 | INFO     | monitor:scan:325 - Nothing Changed
2026-08-03 07:56:02.702 | SUCCESS  | monitor:scan:331 - Scan Finished
2026-08-03 07:56:02.703 | INFO     | monitor:start:67 - Sleep 60 Seconds
2026-08-03 07:57:02.704 | INFO     | auth.login:ensure_login:354 - Checking Login...
2026-08-03 07:57:02.708 | SUCCESS  | auth.login:load_saved_token:192 - Saved Token Loaded
2026-08-03 07:57:02.710 | SUCCESS  | auth.login:ensure_login:362 - Using Saved Token
2026-08-03 07:57:02.712 | INFO     | monitor:scan:111 - Scanning Website...
2026-08-03 07:57:02.715 | INFO     | monitor:scan:125 - Loading Page 1
2026-08-03 07:57:02.717 | INFO     | api:get_files:60 - Loading Page 1
2026-08-03 07:57:04.771 | INFO     | api:get_file:84 - Loading File 126d519e-95f6-9843-e927-2ca3fc8ea743
2026-08-03 07:57:05.002 | INFO     | monitor:scan:273 - Reached Old Files
2026-08-03 07:57:05.003 | INFO     | monitor:scan:303 - No New Serial
2026-08-03 07:57:05.004 | INFO     | monitor:scan:325 - Nothing Changed
2026-08-03 07:57:05.006 | SUCCESS  | monitor:scan:331 - Scan Finished
2026-08-03 07:57:05.008 | INFO     | monitor:start:67 - Sleep 60 Seconds
2026-08-03 07:58:05.009 | INFO     | auth.login:ensure_login:354 - Checking Login...
2026-08-03 07:58:05.010 | SUCCESS  | auth.login:load_saved_token:192 - Saved Token Loaded
2026-08-03 07:58:05.010 | SUCCESS  | auth.login:ensure_login:362 - Using Saved Token
2026-08-03 07:58:05.010 | INFO     | monitor:scan:111 - Scanning Website...
2026-08-03 07:58:05.011 | INFO     | monitor:scan:125 - Loading Page 1
2026-08-03 07:58:05.011 | INFO     | api:get_files:60 - Loading Page 1
2026-08-03 07:58:06.603 | INFO     | api:get_file:84 - Loading File 126d519e-95f6-9843-e927-2ca3fc8ea743
2026-08-03 07:58:06.841 | INFO     | monitor:scan:273 - Reached Old Files
2026-08-03 07:58:06.842 | INFO     | monitor:scan:303 - No New Serial
2026-08-03 07:58:06.844 | INFO     | monitor:scan:325 - Nothing Changed
2026-08-03 07:58:06.846 | SUCCESS  | monitor:scan:331 - Scan Finished
2026-08-03 07:58:06.847 | INFO     | monitor:start:67 - Sleep 60 Seconds
2026-08-03 07:59:06.849 | INFO     | auth.login:ensure_login:354 - Checking Login...
2026-08-03 07:59:06.852 | SUCCESS  | auth.login:load_saved_token:192 - Saved Token Loaded
2026-08-03 07:59:06.853 | SUCCESS  | auth.login:ensure_login:362 - Using Saved Token
2026-08-03 07:59:06.855 | INFO     | monitor:scan:111 - Scanning Website...
2026-08-03 07:59:06.858 | INFO     | monitor:scan:125 - Loading Page 1
2026-08-03 07:59:06.859 | INFO     | api:get_files:60 - Loading Page 1
2026-08-03 07:59:08.474 | INFO     | api:get_file:84 - Loading File 126d519e-95f6-9843-e927-2ca3fc8ea743
2026-08-03 07:59:08.704 | INFO     | monitor:scan:273 - Reached Old Files
2026-08-03 07:59:08.706 | INFO     | monitor:scan:303 - No New Serial
2026-08-03 07:59:08.707 | INFO     | monitor:scan:325 - Nothing Changed
2026-08-03 07:59:08.709 | SUCCESS  | monitor:scan:331 - Scan Finished
2026-08-03 07:59:08.711 | INFO     | monitor:start:67 - Sleep 60 Seconds
2026-08-03 08:00:08.712 | INFO     | auth.login:ensure_login:354 - Checking Login...
2026-08-03 08:00:08.713 | SUCCESS  | auth.login:load_saved_token:192 - Saved Token Loaded
2026-08-03 08:00:08.713 | SUCCESS  | auth.login:ensure_login:362 - Using Saved Token
2026-08-03 08:00:08.713 | INFO     | monitor:scan:111 - Scanning Website...
2026-08-03 08:00:08.714 | INFO     | monitor:scan:125 - Loading Page 1
2026-08-03 08:00:08.714 | INFO     | api:get_files:60 - Loading Page 1
2026-08-03 08:00:09.154 | WARNING  | auth.login:get:411 - Access Token Expired
2026-08-03 08:00:09.154 | INFO     | auth.login:login:262 - Logging in...
2026-08-03 08:00:09.595 | SUCCESS  | auth.login:save_token:242 - Token Saved
2026-08-03 08:00:09.596 | SUCCESS  | auth.login:login:340 - Login Successful
2026-08-03 08:00:10.766 | INFO     | api:get_file:84 - Loading File 126d519e-95f6-9843-e927-2ca3fc8ea743
2026-08-03 08:00:10.993 | INFO     | monitor:scan:273 - Reached Old Files
2026-08-03 08:00:10.993 | INFO     | monitor:scan:303 - No New Serial
2026-08-03 08:00:10.993 | INFO     | monitor:scan:325 - Nothing Changed
2026-08-03 08:00:10.993 | SUCCESS  | monitor:scan:331 - Scan Finished
2026-08-03 08:00:10.994 | INFO     | monitor:start:67 - Sleep 60 Seconds
2026-08-03 08:01:10.994 | INFO     | auth.login:ensure_login:354 - Checking Login...
2026-08-03 08:01:11.008 | SUCCESS  | auth.login:load_saved_token:192 - Saved Token Loaded
2026-08-03 08:01:11.008 | SUCCESS  | auth.login:ensure_login:362 - Using Saved Token
2026-08-03 08:01:11.008 | INFO     | monitor:scan:111 - Scanning Website...
2026-08-03 08:01:11.008 | INFO     | monitor:scan:125 - Loading Page 1
2026-08-03 08:01:11.009 | INFO     | api:get_files:60 - Loading Page 1
2026-08-03 08:01:14.451 | INFO     | api:get_file:84 - Loading File 126d519e-95f6-9843-e927-2ca3fc8ea743
2026-08-03 08:01:14.677 | INFO     | monitor:scan:273 - Reached Old Files
2026-08-03 08:01:14.677 | INFO     | monitor:scan:303 - No New Serial
2026-08-03 08:01:14.677 | INFO     | monitor:scan:325 - Nothing Changed
2026-08-03 08:01:14.678 | SUCCESS  | monitor:scan:331 - Scan Finished
2026-08-03 08:01:14.678 | INFO     | monitor:start:67 - Sleep 60 Seconds
2026-08-03 08:02:14.678 | INFO     | auth.login:ensure_login:354 - Checking Login...
2026-08-03 08:02:14.680 | SUCCESS  | auth.login:load_saved_token:192 - Saved Token Loaded
2026-08-03 08:02:14.680 | SUCCESS  | auth.login:ensure_login:362 - Using Saved Token
2026-08-03 08:02:14.680 | INFO     | monitor:scan:111 - Scanning Website...
2026-08-03 08:02:14.681 | INFO     | monitor:scan:125 - Loading Page 1
2026-08-03 08:02:14.681 | INFO     | api:get_files:60 - Loading Page 1
2026-08-03 08:02:16.264 | INFO     | api:get_file:84 - Loading File 126d519e-95f6-9843-e927-2ca3fc8ea743
2026-08-03 08:02:16.493 | INFO     | monitor:scan:273 - Reached Old Files
2026-08-03 08:02:16.495 | INFO     | monitor:scan:303 - No New Serial
2026-08-03 08:02:16.497 | INFO     | monitor:scan:325 - Nothing Changed
2026-08-03 08:02:16.499 | SUCCESS  | monitor:scan:331 - Scan Finished
2026-08-03 08:02:16.500 | INFO     | monitor:start:67 - Sleep 60 Seconds
2026-08-03 08:03:16.501 | INFO     | auth.login:ensure_login:354 - Checking Login...
2026-08-03 08:03:16.501 | SUCCESS  | auth.login:load_saved_token:192 - Saved Token Loaded
2026-08-03 08:03:16.502 | SUCCESS  | auth.login:ensure_login:362 - Using Saved Token
2026-08-03 08:03:16.502 | INFO     | monitor:scan:111 - Scanning Website...
2026-08-03 08:03:16.502 | INFO     | monitor:scan:125 - Loading Page 1
2026-08-03 08:03:16.503 | INFO     | api:get_files:60 - Loading Page 1
2026-08-03 08:03:18.490 | INFO     | api:get_file:84 - Loading File 126d519e-95f6-9843-e927-2ca3fc8ea743
2026-08-03 08:03:18.718 | INFO     | monitor:scan:273 - Reached Old Files
2026-08-03 08:03:18.719 | INFO     | monitor:scan:303 - No New Serial
2026-08-03 08:03:18.719 | INFO     | monitor:scan:325 - Nothing Changed
2026-08-03 08:03:18.719 | SUCCESS  | monitor:scan:331 - Scan Finished
2026-08-03 08:03:18.720 | INFO     | monitor:start:67 - Sleep 60 Seconds
2026-08-03 08:04:18.721 | INFO     | auth.login:ensure_login:354 - Checking Login...
2026-08-03 08:04:18.721 | SUCCESS  | auth.login:load_saved_token:192 - Saved Token Loaded
2026-08-03 08:04:18.721 | SUCCESS  | auth.login:ensure_login:362 - Using Saved Token
2026-08-03 08:04:18.722 | INFO     | monitor:scan:111 - Scanning Website...
2026-08-03 08:04:18.722 | INFO     | monitor:scan:125 - Loading Page 1
2026-08-03 08:04:18.723 | INFO     | api:get_files:60 - Loading Page 1
2026-08-03 08:04:20.230 | INFO     | api:get_file:84 - Loading File 126d519e-95f6-9843-e927-2ca3fc8ea743
2026-08-03 08:04:20.457 | INFO     | monitor:scan:273 - Reached Old Files
2026-08-03 08:04:20.458 | INFO     | monitor:scan:303 - No New Serial
2026-08-03 08:04:20.458 | INFO     | monitor:scan:325 - Nothing Changed
2026-08-03 08:04:20.458 | SUCCESS  | monitor:scan:331 - Scan Finished
2026-08-03 08:04:20.458 | INFO     | monitor:start:67 - Sleep 60 Seconds
2026-08-03 08:05:20.459 | INFO     | auth.login:ensure_login:354 - Checking Login...
2026-08-03 08:05:20.460 | SUCCESS  | auth.login:load_saved_token:192 - Saved Token Loaded
2026-08-03 08:05:20.461 | SUCCESS  | auth.login:ensure_login:362 - Using Saved Token
2026-08-03 08:05:20.461 | INFO     | monitor:scan:111 - Scanning Website...
2026-08-03 08:05:20.462 | INFO     | monitor:scan:125 - Loading Page 1
2026-08-03 08:05:20.462 | INFO     | api:get_files:60 - Loading Page 1
2026-08-03 08:05:23.866 | INFO     | api:get_file:84 - Loading File 126d519e-95f6-9843-e927-2ca3fc8ea743
2026-08-03 08:05:24.089 | INFO     | monitor:scan:273 - Reached Old Files
2026-08-03 08:05:24.091 | INFO     | monitor:scan:303 - No New Serial
2026-08-03 08:05:24.092 | INFO     | monitor:scan:325 - Nothing Changed
2026-08-03 08:05:24.093 | SUCCESS  | monitor:scan:331 - Scan Finished
2026-08-03 08:05:24.095 | INFO     | monitor:start:67 - Sleep 60 Seconds
2026-08-03 08:06:24.098 | INFO     | auth.login:ensure_login:354 - Checking Login...
2026-08-03 08:06:24.101 | SUCCESS  | auth.login:load_saved_token:192 - Saved Token Loaded
2026-08-03 08:06:24.102 | SUCCESS  | auth.login:ensure_login:362 - Using Saved Token
2026-08-03 08:06:24.103 | INFO     | monitor:scan:111 - Scanning Website...
2026-08-03 08:06:24.106 | INFO     | monitor:scan:125 - Loading Page 1
2026-08-03 08:06:24.106 | INFO     | api:get_files:60 - Loading Page 1
2026-08-03 08:06:25.787 | INFO     | api:get_file:84 - Loading File 126d519e-95f6-9843-e927-2ca3fc8ea743
2026-08-03 08:06:26.019 | INFO     | monitor:scan:273 - Reached Old Files
2026-08-03 08:06:26.020 | INFO     | monitor:scan:303 - No New Serial
2026-08-03 08:06:26.023 | INFO     | monitor:scan:325 - Nothing Changed
2026-08-03 08:06:26.023 | SUCCESS  | monitor:scan:331 - Scan Finished
2026-08-03 08:06:26.025 | INFO     | monitor:start:67 - Sleep 60 Seconds
2026-08-03 08:07:26.026 | INFO     | auth.login:ensure_login:354 - Checking Login...
2026-08-03 08:07:26.027 | SUCCESS  | auth.login:load_saved_token:192 - Saved Token Loaded
2026-08-03 08:07:26.027 | SUCCESS  | auth.login:ensure_login:362 - Using Saved Token
2026-08-03 08:07:26.027 | INFO     | monitor:scan:111 - Scanning Website...
2026-08-03 08:07:26.028 | INFO     | monitor:scan:125 - Loading Page 1
2026-08-03 08:07:26.028 | INFO     | api:get_files:60 - Loading Page 1
2026-08-03 08:07:28.498 | INFO     | api:get_file:84 - Loading File 126d519e-95f6-9843-e927-2ca3fc8ea743
2026-08-03 08:07:28.723 | INFO     | monitor:scan:273 - Reached Old Files
2026-08-03 08:07:28.724 | INFO     | monitor:scan:303 - No New Serial
2026-08-03 08:07:28.724 | INFO     | monitor:scan:325 - Nothing Changed
2026-08-03 08:07:28.724 | SUCCESS  | monitor:scan:331 - Scan Finished
2026-08-03 08:07:28.725 | INFO     | monitor:start:67 - Sleep 60 Seconds
2026-08-03 08:08:28.726 | INFO     | auth.login:ensure_login:354 - Checking Login...
2026-08-03 08:08:28.729 | SUCCESS  | auth.login:load_saved_token:192 - Saved Token Loaded
2026-08-03 08:08:28.730 | SUCCESS  | auth.login:ensure_login:362 - Using Saved Token
2026-08-03 08:08:28.732 | INFO     | monitor:scan:111 - Scanning Website...
2026-08-03 08:08:28.735 | INFO     | monitor:scan:125 - Loading Page 1
2026-08-03 08:08:28.737 | INFO     | api:get_files:60 - Loading Page 1
2026-08-03 08:08:30.211 | INFO     | api:get_file:84 - Loading File 126d519e-95f6-9843-e927-2ca3fc8ea743
2026-08-03 08:08:30.428 | INFO     | monitor:scan:273 - Reached Old Files
2026-08-03 08:08:30.429 | INFO     | monitor:scan:303 - No New Serial
2026-08-03 08:08:30.430 | INFO     | monitor:scan:325 - Nothing Changed
2026-08-03 08:08:30.431 | SUCCESS  | monitor:scan:331 - Scan Finished
2026-08-03 08:08:30.432 | INFO     | monitor:start:67 - Sleep 60 Seconds
2026-08-03 08:09:30.433 | INFO     | auth.login:ensure_login:354 - Checking Login...
2026-08-03 08:09:30.435 | SUCCESS  | auth.login:load_saved_token:192 - Saved Token Loaded
2026-08-03 08:09:30.436 | SUCCESS  | auth.login:ensure_login:362 - Using Saved Token
2026-08-03 08:09:30.437 | INFO     | monitor:scan:111 - Scanning Website...
2026-08-03 08:09:30.439 | INFO     | monitor:scan:125 - Loading Page 1
2026-08-03 08:09:30.439 | INFO     | api:get_files:60 - Loading Page 1
2026-08-03 08:09:32.031 | INFO     | api:get_file:84 - Loading File 126d519e-95f6-9843-e927-2ca3fc8ea743
2026-08-03 08:09:32.256 | INFO     | monitor:scan:273 - Reached Old Files
2026-08-03 08:09:32.256 | INFO     | monitor:scan:303 - No New Serial
2026-08-03 08:09:32.257 | INFO     | monitor:scan:325 - Nothing Changed
2026-08-03 08:09:32.257 | SUCCESS  | monitor:scan:331 - Scan Finished
2026-08-03 08:09:32.257 | INFO     | monitor:start:67 - Sleep 60 Seconds
2026-08-03 08:10:32.258 | INFO     | auth.login:ensure_login:354 - Checking Login...
2026-08-03 08:10:32.262 | SUCCESS  | auth.login:load_saved_token:192 - Saved Token Loaded
2026-08-03 08:10:32.264 | SUCCESS  | auth.login:ensure_login:362 - Using Saved Token
2026-08-03 08:10:32.264 | INFO     | monitor:scan:111 - Scanning Website...
2026-08-03 08:10:32.268 | INFO     | monitor:scan:125 - Loading Page 1
2026-08-03 08:10:32.269 | INFO     | api:get_files:60 - Loading Page 1
2026-08-03 08:10:32.703 | WARNING  | auth.login:get:411 - Access Token Expired
2026-08-03 08:10:32.704 | INFO     | auth.login:login:262 - Logging in...
2026-08-03 08:10:33.079 | SUCCESS  | auth.login:save_token:242 - Token Saved
2026-08-03 08:10:33.081 | SUCCESS  | auth.login:login:340 - Login Successful
2026-08-03 08:10:34.314 | INFO     | api:get_file:84 - Loading File 126d519e-95f6-9843-e927-2ca3fc8ea743
2026-08-03 08:10:34.545 | INFO     | monitor:scan:273 - Reached Old Files
2026-08-03 08:10:34.547 | INFO     | monitor:scan:303 - No New Serial
2026-08-03 08:10:34.547 | INFO     | monitor:scan:325 - Nothing Changed
2026-08-03 08:10:34.549 | SUCCESS  | monitor:scan:331 - Scan Finished
2026-08-03 08:10:34.551 | INFO     | monitor:start:67 - Sleep 60 Seconds
2026-08-03 08:11:34.552 | INFO     | auth.login:ensure_login:354 - Checking Login...
2026-08-03 08:11:34.578 | SUCCESS  | auth.login:load_saved_token:192 - Saved Token Loaded
2026-08-03 08:11:34.578 | SUCCESS  | auth.login:ensure_login:362 - Using Saved Token
2026-08-03 08:11:34.578 | INFO     | monitor:scan:111 - Scanning Website...
2026-08-03 08:11:34.579 | INFO     | monitor:scan:125 - Loading Page 1
2026-08-03 08:11:34.579 | INFO     | api:get_files:60 - Loading Page 1
2026-08-03 08:11:36.089 | INFO     | api:get_file:84 - Loading File 126d519e-95f6-9843-e927-2ca3fc8ea743
2026-08-03 08:11:36.308 | INFO     | monitor:scan:273 - Reached Old Files
2026-08-03 08:11:36.310 | INFO     | monitor:scan:303 - No New Serial
2026-08-03 08:11:36.310 | INFO     | monitor:scan:325 - Nothing Changed
2026-08-03 08:11:36.311 | SUCCESS  | monitor:scan:331 - Scan Finished
2026-08-03 08:11:36.314 | INFO     | monitor:start:67 - Sleep 60 Seconds
2026-08-03 08:12:36.316 | INFO     | auth.login:ensure_login:354 - Checking Login...
2026-08-03 08:12:36.317 | SUCCESS  | auth.login:load_saved_token:192 - Saved Token Loaded
2026-08-03 08:12:36.318 | SUCCESS  | auth.login:ensure_login:362 - Using Saved Token
2026-08-03 08:12:36.319 | INFO     | monitor:scan:111 - Scanning Website...
2026-08-03 08:12:36.320 | INFO     | monitor:scan:125 - Loading Page 1
2026-08-03 08:12:36.320 | INFO     | api:get_files:60 - Loading Page 1
2026-08-03 08:12:37.783 | INFO     | api:get_file:84 - Loading File 126d519e-95f6-9843-e927-2ca3fc8ea743
2026-08-03 08:12:38.000 | INFO     | monitor:scan:273 - Reached Old Files
2026-08-03 08:12:38.000 | INFO     | monitor:scan:303 - No New Serial
2026-08-03 08:12:38.000 | INFO     | monitor:scan:325 - Nothing Changed
2026-08-03 08:12:38.000 | SUCCESS  | monitor:scan:331 - Scan Finished
2026-08-03 08:12:38.001 | INFO     | monitor:start:67 - Sleep 60 Seconds
2026-08-03 08:13:38.002 | INFO     | auth.login:ensure_login:354 - Checking Login...
2026-08-03 08:13:38.006 | SUCCESS  | auth.login:load_saved_token:192 - Saved Token Loaded
2026-08-03 08:13:38.007 | SUCCESS  | auth.login:ensure_login:362 - Using Saved Token
2026-08-03 08:13:38.008 | INFO     | monitor:scan:111 - Scanning Website...
2026-08-03 08:13:38.010 | INFO     | monitor:scan:125 - Loading Page 1
2026-08-03 08:13:38.010 | INFO     | api:get_files:60 - Loading Page 1
2026-08-03 08:13:39.437 | INFO     | api:get_file:84 - Loading File 126d519e-95f6-9843-e927-2ca3fc8ea743
2026-08-03 08:13:39.643 | INFO     | monitor:scan:273 - Reached Old Files
2026-08-03 08:13:39.646 | INFO     | monitor:scan:303 - No New Serial
2026-08-03 08:13:39.648 | INFO     | monitor:scan:325 - Nothing Changed
2026-08-03 08:13:39.649 | SUCCESS  | monitor:scan:331 - Scan Finished
2026-08-03 08:13:39.652 | INFO     | monitor:start:67 - Sleep 60 Seconds
2026-08-03 08:14:39.653 | INFO     | auth.login:ensure_login:354 - Checking Login...
2026-08-03 08:14:39.657 | SUCCESS  | auth.login:load_saved_token:192 - Saved Token Loaded
2026-08-03 08:14:39.659 | SUCCESS  | auth.login:ensure_login:362 - Using Saved Token
2026-08-03 08:14:39.660 | INFO     | monitor:scan:111 - Scanning Website...
2026-08-03 08:14:39.663 | INFO     | monitor:scan:125 - Loading Page 1
2026-08-03 08:14:39.664 | INFO     | api:get_files:60 - Loading Page 1
2026-08-03 08:14:43.335 | INFO     | api:get_file:84 - Loading File 126d519e-95f6-9843-e927-2ca3fc8ea743
2026-08-03 08:14:43.572 | INFO     | monitor:scan:273 - Reached Old Files
2026-08-03 08:14:43.572 | INFO     | monitor:scan:303 - No New Serial
2026-08-03 08:14:43.572 | INFO     | monitor:scan:325 - Nothing Changed
2026-08-03 08:14:43.572 | SUCCESS  | monitor:scan:331 - Scan Finished
2026-08-03 08:14:43.573 | INFO     | monitor:start:67 - Sleep 60 Seconds
2026-08-03 08:15:43.574 | INFO     | auth.login:ensure_login:354 - Checking Login...
2026-08-03 08:15:43.575 | SUCCESS  | auth.login:load_saved_token:192 - Saved Token Loaded
2026-08-03 08:15:43.575 | SUCCESS  | auth.login:ensure_login:362 - Using Saved Token
2026-08-03 08:15:43.575 | INFO     | monitor:scan:111 - Scanning Website...
2026-08-03 08:15:43.576 | INFO     | monitor:scan:125 - Loading Page 1
2026-08-03 08:15:43.576 | INFO     | api:get_files:60 - Loading Page 1
2026-08-03 08:15:45.238 | INFO     | api:get_file:84 - Loading File 126d519e-95f6-9843-e927-2ca3fc8ea743
2026-08-03 08:15:45.452 | INFO     | monitor:scan:273 - Reached Old Files
2026-08-03 08:15:45.452 | INFO     | monitor:scan:303 - No New Serial
2026-08-03 08:15:45.452 | INFO     | monitor:scan:325 - Nothing Changed
2026-08-03 08:15:45.453 | SUCCESS  | monitor:scan:331 - Scan Finished
2026-08-03 08:15:45.453 | INFO     | monitor:start:67 - Sleep 60 Seconds
2026-08-03 08:16:45.454 | INFO     | auth.login:ensure_login:354 - Checking Login...
2026-08-03 08:16:45.455 | SUCCESS  | auth.login:load_saved_token:192 - Saved Token Loaded
2026-08-03 08:16:45.457 | SUCCESS  | auth.login:ensure_login:362 - Using Saved Token
2026-08-03 08:16:45.457 | INFO     | monitor:scan:111 - Scanning Website...
2026-08-03 08:16:45.458 | INFO     | monitor:scan:125 - Loading Page 1
2026-08-03 08:16:45.460 | INFO     | api:get_files:60 - Loading Page 1
2026-08-03 08:16:46.969 | INFO     | api:get_file:84 - Loading File 126d519e-95f6-9843-e927-2ca3fc8ea743
2026-08-03 08:16:47.199 | INFO     | monitor:scan:273 - Reached Old Files
2026-08-03 08:16:47.199 | INFO     | monitor:scan:303 - No New Serial
2026-08-03 08:16:47.200 | INFO     | monitor:scan:325 - Nothing Changed
2026-08-03 08:16:47.200 | SUCCESS  | monitor:scan:331 - Scan Finished
2026-08-03 08:16:47.200 | INFO     | monitor:start:67 - Sleep 60 Seconds
2026-08-03 08:17:47.202 | INFO     | auth.login:ensure_login:354 - Checking Login...
2026-08-03 08:17:47.203 | SUCCESS  | auth.login:load_saved_token:192 - Saved Token Loaded
2026-08-03 08:17:47.203 | SUCCESS  | auth.login:ensure_login:362 - Using Saved Token
2026-08-03 08:17:47.203 | INFO     | monitor:scan:111 - Scanning Website...
2026-08-03 08:17:47.204 | INFO     | monitor:scan:125 - Loading Page 1
2026-08-03 08:17:47.205 | INFO     | api:get_files:60 - Loading Page 1
2026-08-03 08:17:50.557 | INFO     | api:get_file:84 - Loading File 126d519e-95f6-9843-e927-2ca3fc8ea743
2026-08-03 08:17:50.786 | INFO     | monitor:scan:273 - Reached Old Files
2026-08-03 08:17:50.787 | INFO     | monitor:scan:303 - No New Serial
2026-08-03 08:17:50.787 | INFO     | monitor:scan:325 - Nothing Changed
2026-08-03 08:17:50.788 | SUCCESS  | monitor:scan:331 - Scan Finished
2026-08-03 08:17:50.788 | INFO     | monitor:start:67 - Sleep 60 Seconds
2026-08-03 08:18:50.789 | INFO     | auth.login:ensure_login:354 - Checking Login...
2026-08-03 08:18:50.793 | SUCCESS  | auth.login:load_saved_token:192 - Saved Token Loaded
2026-08-03 08:18:50.795 | SUCCESS  | auth.login:ensure_login:362 - Using Saved Token
2026-08-03 08:18:50.796 | INFO     | monitor:scan:111 - Scanning Website...
2026-08-03 08:18:50.799 | INFO     | monitor:scan:125 - Loading Page 1
2026-08-03 08:18:50.800 | INFO     | api:get_files:60 - Loading Page 1
2026-08-03 08:18:52.446 | INFO     | api:get_file:84 - Loading File 126d519e-95f6-9843-e927-2ca3fc8ea743
2026-08-03 08:18:52.668 | INFO     | monitor:scan:273 - Reached Old Files
2026-08-03 08:18:52.670 | INFO     | monitor:scan:303 - No New Serial
2026-08-03 08:18:52.672 | INFO     | monitor:scan:325 - Nothing Changed
2026-08-03 08:18:52.673 | SUCCESS  | monitor:scan:331 - Scan Finished
2026-08-03 08:18:52.674 | INFO     | monitor:start:67 - Sleep 60 Seconds
2026-08-03 08:19:52.676 | INFO     | auth.login:ensure_login:354 - Checking Login...
2026-08-03 08:19:52.681 | SUCCESS  | auth.login:load_saved_token:192 - Saved Token Loaded
2026-08-03 08:19:52.683 | SUCCESS  | auth.login:ensure_login:362 - Using Saved Token
2026-08-03 08:19:52.684 | INFO     | monitor:scan:111 - Scanning Website...
2026-08-03 08:19:52.686 | INFO     | monitor:scan:125 - Loading Page 1
2026-08-03 08:19:52.687 | INFO     | api:get_files:60 - Loading Page 1
2026-08-03 08:19:55.096 | INFO     | api:get_file:84 - Loading File 126d519e-95f6-9843-e927-2ca3fc8ea743
2026-08-03 08:19:55.309 | INFO     | monitor:scan:273 - Reached Old Files
2026-08-03 08:19:55.309 | INFO     | monitor:scan:303 - No New Serial
2026-08-03 08:19:55.309 | INFO     | monitor:scan:325 - Nothing Changed
2026-08-03 08:19:55.310 | SUCCESS  | monitor:scan:331 - Scan Finished
2026-08-03 08:19:55.310 | INFO     | monitor:start:67 - Sleep 60 Seconds
2026-08-03 08:20:55.311 | INFO     | auth.login:ensure_login:354 - Checking Login...
2026-08-03 08:20:55.314 | SUCCESS  | auth.login:load_saved_token:192 - Saved Token Loaded
2026-08-03 08:20:55.315 | SUCCESS  | auth.login:ensure_login:362 - Using Saved Token
2026-08-03 08:20:55.316 | INFO     | monitor:scan:111 - Scanning Website...
2026-08-03 08:20:55.318 | INFO     | monitor:scan:125 - Loading Page 1
2026-08-03 08:20:55.320 | INFO     | api:get_files:60 - Loading Page 1
2026-08-03 08:20:55.711 | WARNING  | auth.login:get:411 - Access Token Expired
2026-08-03 08:20:55.711 | INFO     | auth.login:login:262 - Logging in...
2026-08-03 08:20:56.257 | SUCCESS  | auth.login:save_token:242 - Token Saved
2026-08-03 08:20:56.258 | SUCCESS  | auth.login:login:340 - Login Successful
2026-08-03 08:20:57.446 | INFO     | api:get_file:84 - Loading File 126d519e-95f6-9843-e927-2ca3fc8ea743
2026-08-03 08:20:57.658 | INFO     | monitor:scan:273 - Reached Old Files
2026-08-03 08:20:57.659 | INFO     | monitor:scan:303 - No New Serial
2026-08-03 08:20:57.659 | INFO     | monitor:scan:325 - Nothing Changed
2026-08-03 08:20:57.659 | SUCCESS  | monitor:scan:331 - Scan Finished
2026-08-03 08:20:57.659 | INFO     | monitor:start:67 - Sleep 60 Seconds
2026-08-03 08:21:57.660 | INFO     | auth.login:ensure_login:354 - Checking Login...
2026-08-03 08:21:57.682 | SUCCESS  | auth.login:load_saved_token:192 - Saved Token Loaded
2026-08-03 08:21:57.682 | SUCCESS  | auth.login:ensure_login:362 - Using Saved Token
2026-08-03 08:21:57.682 | INFO     | monitor:scan:111 - Scanning Website...
2026-08-03 08:21:57.683 | INFO     | monitor:scan:125 - Loading Page 1
2026-08-03 08:21:57.684 | INFO     | api:get_files:60 - Loading Page 1
2026-08-03 08:21:59.146 | INFO     | api:get_file:84 - Loading File 126d519e-95f6-9843-e927-2ca3fc8ea743
2026-08-03 08:21:59.359 | INFO     | monitor:scan:273 - Reached Old Files
2026-08-03 08:21:59.359 | INFO     | monitor:scan:303 - No New Serial
2026-08-03 08:21:59.359 | INFO     | monitor:scan:325 - Nothing Changed
2026-08-03 08:21:59.359 | SUCCESS  | monitor:scan:331 - Scan Finished
2026-08-03 08:21:59.360 | INFO     | monitor:start:67 - Sleep 60 Seconds
2026-08-03 08:22:59.360 | INFO     | auth.login:ensure_login:354 - Checking Login...
2026-08-03 08:22:59.361 | SUCCESS  | auth.login:load_saved_token:192 - Saved Token Loaded
2026-08-03 08:22:59.361 | SUCCESS  | auth.login:ensure_login:362 - Using Saved Token
2026-08-03 08:22:59.362 | INFO     | monitor:scan:111 - Scanning Website...
2026-08-03 08:22:59.363 | INFO     | monitor:scan:125 - Loading Page 1
2026-08-03 08:22:59.363 | INFO     | api:get_files:60 - Loading Page 1
2026-08-03 08:23:02.645 | INFO     | api:get_file:84 - Loading File 126d519e-95f6-9843-e927-2ca3fc8ea743
2026-08-03 08:23:02.875 | INFO     | monitor:scan:273 - Reached Old Files
2026-08-03 08:23:02.876 | INFO     | monitor:scan:303 - No New Serial
2026-08-03 08:23:02.877 | INFO     | monitor:scan:325 - Nothing Changed
2026-08-03 08:23:02.878 | SUCCESS  | monitor:scan:331 - Scan Finished
2026-08-03 08:23:02.879 | INFO     | monitor:start:67 - Sleep 60 Seconds
2026-08-03 08:24:02.881 | INFO     | auth.login:ensure_login:354 - Checking Login...
2026-08-03 08:24:02.881 | SUCCESS  | auth.login:load_saved_token:192 - Saved Token Loaded
2026-08-03 08:24:02.881 | SUCCESS  | auth.login:ensure_login:362 - Using Saved Token
2026-08-03 08:24:02.882 | INFO     | monitor:scan:111 - Scanning Website...
2026-08-03 08:24:02.883 | INFO     | monitor:scan:125 - Loading Page 1
2026-08-03 08:24:02.883 | INFO     | api:get_files:60 - Loading Page 1
2026-08-03 08:24:04.255 | INFO     | api:get_file:84 - Loading File 126d519e-95f6-9843-e927-2ca3fc8ea743
2026-08-03 08:24:04.467 | INFO     | monitor:scan:273 - Reached Old Files
2026-08-03 08:24:04.468 | INFO     | monitor:scan:303 - No New Serial
2026-08-03 08:24:04.469 | INFO     | monitor:scan:325 - Nothing Changed
2026-08-03 08:24:04.471 | SUCCESS  | monitor:scan:331 - Scan Finished
2026-08-03 08:24:04.472 | INFO     | monitor:start:67 - Sleep 60 Seconds
2026-08-03 08:25:04.474 | INFO     | auth.login:ensure_login:354 - Checking Login...
2026-08-03 08:25:04.474 | SUCCESS  | auth.login:load_saved_token:192 - Saved Token Loaded
2026-08-03 08:25:04.475 | SUCCESS  | auth.login:ensure_login:362 - Using Saved Token
2026-08-03 08:25:04.475 | INFO     | monitor:scan:111 - Scanning Website...
2026-08-03 08:25:04.475 | INFO     | monitor:scan:125 - Loading Page 1
2026-08-03 08:25:04.476 | INFO     | api:get_files:60 - Loading Page 1
2026-08-03 08:25:05.971 | INFO     | api:get_file:84 - Loading File 126d519e-95f6-9843-e927-2ca3fc8ea743
2026-08-03 08:25:06.188 | INFO     | monitor:scan:273 - Reached Old Files
2026-08-03 08:25:06.190 | INFO     | monitor:scan:303 - No New Serial
2026-08-03 08:25:06.192 | INFO     | monitor:scan:325 - Nothing Changed
2026-08-03 08:25:06.194 | SUCCESS  | monitor:scan:331 - Scan Finished
2026-08-03 08:25:06.195 | INFO     | monitor:start:67 - Sleep 60 Seconds
2026-08-03 08:26:06.197 | INFO     | auth.login:ensure_login:354 - Checking Login...
2026-08-03 08:26:06.202 | SUCCESS  | auth.login:load_saved_token:192 - Saved Token Loaded
2026-08-03 08:26:06.204 | SUCCESS  | auth.login:ensure_login:362 - Using Saved Token
2026-08-03 08:26:06.204 | INFO     | monitor:scan:111 - Scanning Website...
2026-08-03 08:26:06.208 | INFO     | monitor:scan:125 - Loading Page 1
2026-08-03 08:26:06.210 | INFO     | api:get_files:60 - Loading Page 1
2026-08-03 08:26:07.779 | INFO     | api:get_file:84 - Loading File 126d519e-95f6-9843-e927-2ca3fc8ea743
2026-08-03 08:26:08.013 | INFO     | monitor:scan:273 - Reached Old Files
2026-08-03 08:26:08.014 | INFO     | monitor:scan:303 - No New Serial
2026-08-03 08:26:08.015 | INFO     | monitor:scan:325 - Nothing Changed
2026-08-03 08:26:08.015 | SUCCESS  | monitor:scan:331 - Scan Finished
2026-08-03 08:26:08.016 | INFO     | monitor:start:67 - Sleep 60 Seconds
2026-08-03 08:27:08.016 | INFO     | auth.login:ensure_login:354 - Checking Login...
2026-08-03 08:27:08.017 | SUCCESS  | auth.login:load_saved_token:192 - Saved Token Loaded
2026-08-03 08:27:08.017 | SUCCESS  | auth.login:ensure_login:362 - Using Saved Token
2026-08-03 08:27:08.018 | INFO     | monitor:scan:111 - Scanning Website...
2026-08-03 08:27:08.019 | INFO     | monitor:scan:125 - Loading Page 1
2026-08-03 08:27:08.019 | INFO     | api:get_files:60 - Loading Page 1
2026-08-03 08:27:10.077 | INFO     | api:get_file:84 - Loading File 126d519e-95f6-9843-e927-2ca3fc8ea743
2026-08-03 08:27:10.302 | INFO     | monitor:scan:273 - Reached Old Files
2026-08-03 08:27:10.302 | INFO     | monitor:scan:303 - No New Serial
2026-08-03 08:27:10.303 | INFO     | monitor:scan:325 - Nothing Changed
2026-08-03 08:27:10.303 | SUCCESS  | monitor:scan:331 - Scan Finished
2026-08-03 08:27:10.303 | INFO     | monitor:start:67 - Sleep 60 Seconds
2026-08-03 08:28:10.304 | INFO     | auth.login:ensure_login:354 - Checking Login...
2026-08-03 08:28:10.306 | SUCCESS  | auth.login:load_saved_token:192 - Saved Token Loaded
2026-08-03 08:28:10.307 | SUCCESS  | auth.login:ensure_login:362 - Using Saved Token
2026-08-03 08:28:10.309 | INFO     | monitor:scan:111 - Scanning Website...
2026-08-03 08:28:10.310 | INFO     | monitor:scan:125 - Loading Page 1
2026-08-03 08:28:10.310 | INFO     | api:get_files:60 - Loading Page 1
2026-08-03 08:28:11.780 | INFO     | api:get_file:84 - Loading File 126d519e-95f6-9843-e927-2ca3fc8ea743
2026-08-03 08:28:11.998 | INFO     | monitor:scan:273 - Reached Old Files
2026-08-03 08:28:11.999 | INFO     | monitor:scan:303 - No New Serial
2026-08-03 08:28:12.000 | INFO     | monitor:scan:325 - Nothing Changed
2026-08-03 08:28:12.001 | SUCCESS  | monitor:scan:331 - Scan Finished
2026-08-03 08:28:12.003 | INFO     | monitor:start:67 - Sleep 60 Seconds
2026-08-03 08:29:12.004 | INFO     | auth.login:ensure_login:354 - Checking Login...
2026-08-03 08:29:12.008 | SUCCESS  | auth.login:load_saved_token:192 - Saved Token Loaded
2026-08-03 08:29:12.010 | SUCCESS  | auth.login:ensure_login:362 - Using Saved Token
2026-08-03 08:29:12.010 | INFO     | monitor:scan:111 - Scanning Website...
2026-08-03 08:29:12.017 | INFO     | monitor:scan:125 - Loading Page 1
2026-08-03 08:29:12.018 | INFO     | api:get_files:60 - Loading Page 1
2026-08-03 08:29:13.509 | INFO     | api:get_file:84 - Loading File 126d519e-95f6-9843-e927-2ca3fc8ea743
2026-08-03 08:29:13.729 | INFO     | monitor:scan:273 - Reached Old Files
2026-08-03 08:29:13.729 | INFO     | monitor:scan:303 - No New Serial
2026-08-03 08:29:13.729 | INFO     | monitor:scan:325 - Nothing Changed
2026-08-03 08:29:13.730 | SUCCESS  | monitor:scan:331 - Scan Finished
2026-08-03 08:29:13.730 | INFO     | monitor:start:67 - Sleep 60 Seconds
2026-08-03 08:30:13.730 | INFO     | auth.login:ensure_login:354 - Checking Login...
2026-08-03 08:30:13.731 | SUCCESS  | auth.login:load_saved_token:192 - Saved Token Loaded
2026-08-03 08:30:13.731 | SUCCESS  | auth.login:ensure_login:362 - Using Saved Token
2026-08-03 08:30:13.731 | INFO     | monitor:scan:111 - Scanning Website...
2026-08-03 08:30:13.732 | INFO     | monitor:scan:125 - Loading Page 1
2026-08-03 08:30:13.732 | INFO     | api:get_files:60 - Loading Page 1
2026-08-03 08:30:15.220 | INFO     | api:get_file:84 - Loading File 126d519e-95f6-9843-e927-2ca3fc8ea743
2026-08-03 08:30:15.450 | INFO     | monitor:scan:273 - Reached Old Files
2026-08-03 08:30:15.451 | INFO     | monitor:scan:303 - No New Serial
2026-08-03 08:30:15.451 | INFO     | monitor:scan:325 - Nothing Changed
2026-08-03 08:30:15.451 | SUCCESS  | monitor:scan:331 - Scan Finished
2026-08-03 08:30:15.451 | INFO     | monitor:start:67 - Sleep 60 Seconds
2026-08-03 08:31:15.452 | INFO     | auth.login:ensure_login:354 - Checking Login...
2026-08-03 08:31:15.456 | SUCCESS  | auth.login:load_saved_token:192 - Saved Token Loaded
2026-08-03 08:31:15.458 | SUCCESS  | auth.login:ensure_login:362 - Using Saved Token
2026-08-03 08:31:15.459 | INFO     | monitor:scan:111 - Scanning Website...
2026-08-03 08:31:15.461 | INFO     | monitor:scan:125 - Loading Page 1
2026-08-03 08:31:15.462 | INFO     | api:get_files:60 - Loading Page 1
2026-08-03 08:31:15.885 | WARNING  | auth.login:get:411 - Access Token Expired
2026-08-03 08:31:15.886 | INFO     | auth.login:login:262 - Logging in...
2026-08-03 08:31:16.409 | SUCCESS  | auth.login:save_token:242 - Token Saved
2026-08-03 08:31:16.411 | SUCCESS  | auth.login:login:340 - Login Successful
2026-08-03 08:31:17.654 | INFO     | api:get_file:84 - Loading File 126d519e-95f6-9843-e927-2ca3fc8ea743
2026-08-03 08:31:17.883 | INFO     | monitor:scan:273 - Reached Old Files
2026-08-03 08:31:17.885 | INFO     | monitor:scan:303 - No New Serial
2026-08-03 08:31:17.886 | INFO     | monitor:scan:325 - Nothing Changed
2026-08-03 08:31:17.888 | SUCCESS  | monitor:scan:331 - Scan Finished
2026-08-03 08:31:17.888 | INFO     | monitor:start:67 - Sleep 60 Seconds
2026-08-03 08:32:17.889 | INFO     | auth.login:ensure_login:354 - Checking Login...
2026-08-03 08:32:17.949 | SUCCESS  | auth.login:load_saved_token:192 - Saved Token Loaded
2026-08-03 08:32:17.949 | SUCCESS  | auth.login:ensure_login:362 - Using Saved Token
2026-08-03 08:32:17.951 | INFO     | monitor:scan:111 - Scanning Website...
2026-08-03 08:32:17.953 | INFO     | monitor:scan:125 - Loading Page 1
2026-08-03 08:32:17.954 | INFO     | api:get_files:60 - Loading Page 1
2026-08-03 08:32:21.250 | INFO     | api:get_file:84 - Loading File 126d519e-95f6-9843-e927-2ca3fc8ea743
2026-08-03 08:32:21.475 | INFO     | monitor:scan:273 - Reached Old Files
2026-08-03 08:32:21.476 | INFO     | monitor:scan:303 - No New Serial
2026-08-03 08:32:21.476 | INFO     | monitor:scan:325 - Nothing Changed
2026-08-03 08:32:21.476 | SUCCESS  | monitor:scan:331 - Scan Finished
2026-08-03 08:32:21.476 | INFO     | monitor:start:67 - Sleep 60 Seconds
2026-08-03 08:33:21.476 | INFO     | auth.login:ensure_login:354 - Checking Login...
2026-08-03 08:33:21.479 | SUCCESS  | auth.login:load_saved_token:192 - Saved Token Loaded
2026-08-03 08:33:21.481 | SUCCESS  | auth.login:ensure_login:362 - Using Saved Token
2026-08-03 08:33:21.482 | INFO     | monitor:scan:111 - Scanning Website...
2026-08-03 08:33:21.484 | INFO     | monitor:scan:125 - Loading Page 1
2026-08-03 08:33:21.484 | INFO     | api:get_files:60 - Loading Page 1
2026-08-03 08:33:22.962 | INFO     | api:get_file:84 - Loading File 126d519e-95f6-9843-e927-2ca3fc8ea743
2026-08-03 08:33:23.178 | INFO     | monitor:scan:273 - Reached Old Files
2026-08-03 08:33:23.179 | INFO     | monitor:scan:303 - No New Serial
2026-08-03 08:33:23.181 | INFO     | monitor:scan:325 - Nothing Changed
2026-08-03 08:33:23.182 | SUCCESS  | monitor:scan:331 - Scan Finished
2026-08-03 08:33:23.185 | INFO     | monitor:start:67 - Sleep 60 Seconds
2026-08-03 08:34:23.187 | INFO     | auth.login:ensure_login:354 - Checking Login...
2026-08-03 08:34:23.190 | SUCCESS  | auth.login:load_saved_token:192 - Saved Token Loaded
2026-08-03 08:34:23.192 | SUCCESS  | auth.login:ensure_login:362 - Using Saved Token
2026-08-03 08:34:23.193 | INFO     | monitor:scan:111 - Scanning Website...
2026-08-03 08:34:23.196 | INFO     | monitor:scan:125 - Loading Page 1
2026-08-03 08:34:23.197 | INFO     | api:get_files:60 - Loading Page 1
2026-08-03 08:34:26.374 | INFO     | api:get_file:84 - Loading File 126d519e-95f6-9843-e927-2ca3fc8ea743
2026-08-03 08:34:26.595 | INFO     | monitor:scan:273 - Reached Old Files
2026-08-03 08:34:26.595 | INFO     | monitor:scan:303 - No New Serial
2026-08-03 08:34:26.596 | INFO     | monitor:scan:325 - Nothing Changed
2026-08-03 08:34:26.596 | SUCCESS  | monitor:scan:331 - Scan Finished
2026-08-03 08:34:26.596 | INFO     | monitor:start:67 - Sleep 60 Seconds
2026-08-03 08:35:26.597 | INFO     | auth.login:ensure_login:354 - Checking Login...
2026-08-03 08:35:26.598 | SUCCESS  | auth.login:load_saved_token:192 - Saved Token Loaded
2026-08-03 08:35:26.598 | SUCCESS  | auth.login:ensure_login:362 - Using Saved Token
2026-08-03 08:35:26.598 | INFO     | monitor:scan:111 - Scanning Website...
2026-08-03 08:35:26.599 | INFO     | monitor:scan:125 - Loading Page 1
2026-08-03 08:35:26.599 | INFO     | api:get_files:60 - Loading Page 1
2026-08-03 08:35:29.273 | INFO     | api:get_file:84 - Loading File 126d519e-95f6-9843-e927-2ca3fc8ea743
2026-08-03 08:35:29.478 | INFO     | monitor:scan:273 - Reached Old Files
2026-08-03 08:35:29.478 | INFO     | monitor:scan:303 - No New Serial
2026-08-03 08:35:29.479 | INFO     | monitor:scan:325 - Nothing Changed
2026-08-03 08:35:29.479 | SUCCESS  | monitor:scan:331 - Scan Finished
2026-08-03 08:35:29.479 | INFO     | monitor:start:67 - Sleep 60 Seconds
2026-08-03 08:36:29.480 | INFO     | auth.login:ensure_login:354 - Checking Login...
2026-08-03 08:36:29.484 | SUCCESS  | auth.login:load_saved_token:192 - Saved Token Loaded
2026-08-03 08:36:29.485 | SUCCESS  | auth.login:ensure_login:362 - Using Saved Token
2026-08-03 08:36:29.487 | INFO     | monitor:scan:111 - Scanning Website...
2026-08-03 08:36:29.489 | INFO     | monitor:scan:125 - Loading Page 1
2026-08-03 08:36:29.489 | INFO     | api:get_files:60 - Loading Page 1
2026-08-03 08:36:30.927 | INFO     | api:get_file:84 - Loading File 126d519e-95f6-9843-e927-2ca3fc8ea743
2026-08-03 08:36:31.144 | INFO     | monitor:scan:273 - Reached Old Files
2026-08-03 08:36:31.144 | INFO     | monitor:scan:303 - No New Serial
2026-08-03 08:36:31.145 | INFO     | monitor:scan:325 - Nothing Changed
2026-08-03 08:36:31.145 | SUCCESS  | monitor:scan:331 - Scan Finished
2026-08-03 08:36:31.146 | INFO     | monitor:start:67 - Sleep 60 Seconds
2026-08-03 08:37:31.146 | INFO     | auth.login:ensure_login:354 - Checking Login...
2026-08-03 08:37:31.147 | SUCCESS  | auth.login:load_saved_token:192 - Saved Token Loaded
2026-08-03 08:37:31.147 | SUCCESS  | auth.login:ensure_login:362 - Using Saved Token
2026-08-03 08:37:31.147 | INFO     | monitor:scan:111 - Scanning Website...
2026-08-03 08:37:31.148 | INFO     | monitor:scan:125 - Loading Page 1
2026-08-03 08:37:31.148 | INFO     | api:get_files:60 - Loading Page 1
2026-08-03 08:37:32.549 | INFO     | api:get_file:84 - Loading File 126d519e-95f6-9843-e927-2ca3fc8ea743
2026-08-03 08:37:32.773 | INFO     | monitor:scan:273 - Reached Old Files
2026-08-03 08:37:32.775 | INFO     | monitor:scan:303 - No New Serial
2026-08-03 08:37:32.777 | INFO     | monitor:scan:325 - Nothing Changed
2026-08-03 08:37:32.778 | SUCCESS  | monitor:scan:331 - Scan Finished
2026-08-03 08:37:32.780 | INFO     | monitor:start:67 - Sleep 60 Seconds
2026-08-03 08:38:32.781 | INFO     | auth.login:ensure_login:354 - Checking Login...
2026-08-03 08:38:32.782 | SUCCESS  | auth.login:load_saved_token:192 - Saved Token Loaded
2026-08-03 08:38:32.782 | SUCCESS  | auth.login:ensure_login:362 - Using Saved Token
2026-08-03 08:38:32.783 | INFO     | monitor:scan:111 - Scanning Website...
2026-08-03 08:38:32.783 | INFO     | monitor:scan:125 - Loading Page 1
2026-08-03 08:38:32.783 | INFO     | api:get_files:60 - Loading Page 1
2026-08-03 08:38:35.947 | INFO     | api:get_file:84 - Loading File 126d519e-95f6-9843-e927-2ca3fc8ea743
2026-08-03 08:38:36.163 | INFO     | monitor:scan:273 - Reached Old Files
2026-08-03 08:38:36.163 | INFO     | monitor:scan:303 - No New Serial
2026-08-03 08:38:36.163 | INFO     | monitor:scan:325 - Nothing Changed
2026-08-03 08:38:36.163 | SUCCESS  | monitor:scan:331 - Scan Finished
2026-08-03 08:38:36.163 | INFO     | monitor:start:67 - Sleep 60 Seconds
2026-08-03 08:39:36.164 | INFO     | auth.login:ensure_login:354 - Checking Login...
2026-08-03 08:39:36.167 | SUCCESS  | auth.login:load_saved_token:192 - Saved Token Loaded
2026-08-03 08:39:36.167 | SUCCESS  | auth.login:ensure_login:362 - Using Saved Token
2026-08-03 08:39:36.168 | INFO     | monitor:scan:111 - Scanning Website...
2026-08-03 08:39:36.173 | INFO     | monitor:scan:125 - Loading Page 1
2026-08-03 08:39:36.174 | INFO     | api:get_files:60 - Loading Page 1
2026-08-03 08:39:39.270 | INFO     | api:get_file:84 - Loading File 126d519e-95f6-9843-e927-2ca3fc8ea743
2026-08-03 08:39:39.475 | INFO     | monitor:scan:273 - Reached Old Files
2026-08-03 08:39:39.475 | INFO     | monitor:scan:303 - No New Serial
2026-08-03 08:39:39.475 | INFO     | monitor:scan:325 - Nothing Changed
2026-08-03 08:39:39.475 | SUCCESS  | monitor:scan:331 - Scan Finished
2026-08-03 08:39:39.476 | INFO     | monitor:start:67 - Sleep 60 Seconds
2026-08-03 08:40:39.476 | INFO     | auth.login:ensure_login:354 - Checking Login...
2026-08-03 08:40:39.481 | SUCCESS  | auth.login:load_saved_token:192 - Saved Token Loaded
2026-08-03 08:40:39.482 | SUCCESS  | auth.login:ensure_login:362 - Using Saved Token
2026-08-03 08:40:39.484 | INFO     | monitor:scan:111 - Scanning Website...
2026-08-03 08:40:39.488 | INFO     | monitor:scan:125 - Loading Page 1
2026-08-03 08:40:39.490 | INFO     | api:get_files:60 - Loading Page 1
2026-08-03 08:40:41.591 | INFO     | api:get_file:84 - Loading File 126d519e-95f6-9843-e927-2ca3fc8ea743
2026-08-03 08:40:41.789 | INFO     | monitor:scan:273 - Reached Old Files
2026-08-03 08:40:41.790 | INFO     | monitor:scan:303 - No New Serial
2026-08-03 08:40:41.793 | INFO     | monitor:scan:325 - Nothing Changed
2026-08-03 08:40:41.796 | SUCCESS  | monitor:scan:331 - Scan Finished
2026-08-03 08:40:41.798 | INFO     | monitor:start:67 - Sleep 60 Seconds
2026-08-03 08:41:41.799 | INFO     | auth.login:ensure_login:354 - Checking Login...
2026-08-03 08:41:41.804 | SUCCESS  | auth.login:load_saved_token:192 - Saved Token Loaded
2026-08-03 08:41:41.806 | SUCCESS  | auth.login:ensure_login:362 - Using Saved Token
2026-08-03 08:41:41.807 | INFO     | monitor:scan:111 - Scanning Website...
2026-08-03 08:41:41.813 | INFO     | monitor:scan:125 - Loading Page 1
2026-08-03 08:41:41.814 | INFO     | api:get_files:60 - Loading Page 1
2026-08-03 08:41:42.231 | WARNING  | auth.login:get:411 - Access Token Expired
2026-08-03 08:41:42.232 | INFO     | auth.login:login:262 - Logging in...
2026-08-03 08:41:42.696 | SUCCESS  | auth.login:save_token:242 - Token Saved
2026-08-03 08:41:42.698 | SUCCESS  | auth.login:login:340 - Login Successful
2026-08-03 08:41:43.970 | INFO     | api:get_file:84 - Loading File 126d519e-95f6-9843-e927-2ca3fc8ea743
2026-08-03 08:41:44.199 | INFO     | monitor:scan:273 - Reached Old Files
2026-08-03 08:41:44.201 | INFO     | monitor:scan:303 - No New Serial
2026-08-03 08:41:44.203 | INFO     | monitor:scan:325 - Nothing Changed
2026-08-03 08:41:44.204 | SUCCESS  | monitor:scan:331 - Scan Finished
2026-08-03 08:41:44.206 | INFO     | monitor:start:67 - Sleep 60 Seconds
2026-08-03 08:42:44.208 | INFO     | auth.login:ensure_login:354 - Checking Login...
2026-08-03 08:42:44.244 | SUCCESS  | auth.login:load_saved_token:192 - Saved Token Loaded
2026-08-03 08:42:44.245 | SUCCESS  | auth.login:ensure_login:362 - Using Saved Token
2026-08-03 08:42:44.245 | INFO     | monitor:scan:111 - Scanning Website...
2026-08-03 08:42:44.246 | INFO     | monitor:scan:125 - Loading Page 1
2026-08-03 08:42:44.246 | INFO     | api:get_files:60 - Loading Page 1
2026-08-03 08:42:45.789 | INFO     | api:get_file:84 - Loading File 126d519e-95f6-9843-e927-2ca3fc8ea743
2026-08-03 08:42:45.998 | INFO     | monitor:scan:273 - Reached Old Files
2026-08-03 08:42:45.999 | INFO     | monitor:scan:303 - No New Serial
2026-08-03 08:42:45.999 | INFO     | monitor:scan:325 - Nothing Changed
2026-08-03 08:42:46.000 | SUCCESS  | monitor:scan:331 - Scan Finished
2026-08-03 08:42:46.001 | INFO     | monitor:start:67 - Sleep 60 Seconds
2026-08-03 08:43:46.003 | INFO     | auth.login:ensure_login:354 - Checking Login...
2026-08-03 08:43:46.004 | SUCCESS  | auth.login:load_saved_token:192 - Saved Token Loaded
2026-08-03 08:43:46.004 | SUCCESS  | auth.login:ensure_login:362 - Using Saved Token
2026-08-03 08:43:46.004 | INFO     | monitor:scan:111 - Scanning Website...
2026-08-03 08:43:46.005 | INFO     | monitor:scan:125 - Loading Page 1
2026-08-03 08:43:46.005 | INFO     | api:get_files:60 - Loading Page 1
2026-08-03 08:43:48.953 | INFO     | api:get_file:84 - Loading File 126d519e-95f6-9843-e927-2ca3fc8ea743
2026-08-03 08:43:49.179 | INFO     | monitor:scan:273 - Reached Old Files
2026-08-03 08:43:49.179 | INFO     | monitor:scan:303 - No New Serial
2026-08-03 08:43:49.179 | INFO     | monitor:scan:325 - Nothing Changed
2026-08-03 08:43:49.179 | SUCCESS  | monitor:scan:331 - Scan Finished
2026-08-03 08:43:49.179 | INFO     | monitor:start:67 - Sleep 60 Seconds
2026-08-03 08:44:49.180 | INFO     | auth.login:ensure_login:354 - Checking Login...
2026-08-03 08:44:49.185 | SUCCESS  | auth.login:load_saved_token:192 - Saved Token Loaded
2026-08-03 08:44:49.186 | SUCCESS  | auth.login:ensure_login:362 - Using Saved Token
2026-08-03 08:44:49.187 | INFO     | monitor:scan:111 - Scanning Website...
2026-08-03 08:44:49.188 | INFO     | monitor:scan:125 - Loading Page 1
2026-08-03 08:44:49.188 | INFO     | api:get_files:60 - Loading Page 1
2026-08-03 08:44:50.824 | INFO     | api:get_file:84 - Loading File 126d519e-95f6-9843-e927-2ca3fc8ea743
2026-08-03 08:44:51.048 | INFO     | monitor:scan:273 - Reached Old Files
2026-08-03 08:44:51.049 | INFO     | monitor:scan:303 - No New Serial
2026-08-03 08:44:51.049 | INFO     | monitor:scan:325 - Nothing Changed
2026-08-03 08:44:51.049 | SUCCESS  | monitor:scan:331 - Scan Finished
2026-08-03 08:44:51.049 | INFO     | monitor:start:67 - Sleep 60 Seconds
2026-08-03 08:45:51.050 | INFO     | auth.login:ensure_login:354 - Checking Login...
2026-08-03 08:45:51.052 | SUCCESS  | auth.login:load_saved_token:192 - Saved Token Loaded
2026-08-03 08:45:51.052 | SUCCESS  | auth.login:ensure_login:362 - Using Saved Token
2026-08-03 08:45:51.053 | INFO     | monitor:scan:111 - Scanning Website...
2026-08-03 08:45:51.054 | INFO     | monitor:scan:125 - Loading Page 1
2026-08-03 08:45:51.054 | INFO     | api:get_files:60 - Loading Page 1
2026-08-03 08:45:52.518 | INFO     | api:get_file:84 - Loading File 126d519e-95f6-9843-e927-2ca3fc8ea743
2026-08-03 08:45:52.741 | INFO     | monitor:scan:273 - Reached Old Files
2026-08-03 08:45:52.743 | INFO     | monitor:scan:303 - No New Serial
2026-08-03 08:45:52.744 | INFO     | monitor:scan:325 - Nothing Changed
2026-08-03 08:45:52.747 | SUCCESS  | monitor:scan:331 - Scan Finished
2026-08-03 08:45:52.749 | INFO     | monitor:start:67 - Sleep 60 Seconds
2026-08-03 08:46:52.750 | INFO     | auth.login:ensure_login:354 - Checking Login...
2026-08-03 08:46:52.754 | SUCCESS  | auth.login:load_saved_token:192 - Saved Token Loaded
2026-08-03 08:46:52.756 | SUCCESS  | auth.login:ensure_login:362 - Using Saved Token
2026-08-03 08:46:52.757 | INFO     | monitor:scan:111 - Scanning Website...
2026-08-03 08:46:52.760 | INFO     | monitor:scan:125 - Loading Page 1
2026-08-03 08:46:52.761 | INFO     | api:get_files:60 - Loading Page 1
2026-08-03 08:46:56.027 | INFO     | api:get_file:84 - Loading File 126d519e-95f6-9843-e927-2ca3fc8ea743
2026-08-03 08:46:56.246 | INFO     | monitor:scan:273 - Reached Old Files
2026-08-03 08:46:56.246 | INFO     | monitor:scan:303 - No New Serial
2026-08-03 08:46:56.246 | INFO     | monitor:scan:325 - Nothing Changed
2026-08-03 08:46:56.247 | SUCCESS  | monitor:scan:331 - Scan Finished
2026-08-03 08:46:56.247 | INFO     | monitor:start:67 - Sleep 60 Seconds
2026-08-03 08:47:56.248 | INFO     | auth.login:ensure_login:354 - Checking Login...
2026-08-03 08:47:56.249 | SUCCESS  | auth.login:load_saved_token:192 - Saved Token Loaded
2026-08-03 08:47:56.250 | SUCCESS  | auth.login:ensure_login:362 - Using Saved Token
2026-08-03 08:47:56.250 | INFO     | monitor:scan:111 - Scanning Website...
2026-08-03 08:47:56.252 | INFO     | monitor:scan:125 - Loading Page 1
2026-08-03 08:47:56.252 | INFO     | api:get_files:60 - Loading Page 1
2026-08-03 08:47:57.800 | INFO     | api:get_file:84 - Loading File 126d519e-95f6-9843-e927-2ca3fc8ea743
2026-08-03 08:47:58.025 | INFO     | monitor:scan:273 - Reached Old Files
2026-08-03 08:47:58.026 | INFO     | monitor:scan:303 - No New Serial
2026-08-03 08:47:58.027 | INFO     | monitor:scan:325 - Nothing Changed
2026-08-03 08:47:58.027 | SUCCESS  | monitor:scan:331 - Scan Finished
2026-08-03 08:47:58.028 | INFO     | monitor:start:67 - Sleep 60 Seconds
2026-08-03 08:48:58.029 | INFO     | auth.login:ensure_login:354 - Checking Login...
2026-08-03 08:48:58.031 | SUCCESS  | auth.login:load_saved_token:192 - Saved Token Loaded
2026-08-03 08:48:58.031 | SUCCESS  | auth.login:ensure_login:362 - Using Saved Token
2026-08-03 08:48:58.032 | INFO     | monitor:scan:111 - Scanning Website...
2026-08-03 08:48:58.033 | INFO     | monitor:scan:125 - Loading Page 1
2026-08-03 08:48:58.034 | INFO     | api:get_files:60 - Loading Page 1
2026-08-03 08:48:59.651 | INFO     | api:get_file:84 - Loading File 126d519e-95f6-9843-e927-2ca3fc8ea743
2026-08-03 08:48:59.881 | INFO     | monitor:scan:273 - Reached Old Files
2026-08-03 08:48:59.881 | INFO     | monitor:scan:303 - No New Serial
2026-08-03 08:48:59.881 | INFO     | monitor:scan:325 - Nothing Changed
2026-08-03 08:48:59.881 | SUCCESS  | monitor:scan:331 - Scan Finished
2026-08-03 08:48:59.882 | INFO     | monitor:start:67 - Sleep 60 Seconds
2026-08-03 08:49:59.882 | INFO     | auth.login:ensure_login:354 - Checking Login...
2026-08-03 08:49:59.885 | SUCCESS  | auth.login:load_saved_token:192 - Saved Token Loaded
2026-08-03 08:49:59.885 | SUCCESS  | auth.login:ensure_login:362 - Using Saved Token
2026-08-03 08:49:59.885 | INFO     | monitor:scan:111 - Scanning Website...
2026-08-03 08:49:59.885 | INFO     | monitor:scan:125 - Loading Page 1
2026-08-03 08:49:59.886 | INFO     | api:get_files:60 - Loading Page 1
2026-08-03 08:50:03.601 | INFO     | api:get_file:84 - Loading File 126d519e-95f6-9843-e927-2ca3fc8ea743
2026-08-03 08:50:03.828 | INFO     | monitor:scan:273 - Reached Old Files
2026-08-03 08:50:03.828 | INFO     | monitor:scan:303 - No New Serial
2026-08-03 08:50:03.828 | INFO     | monitor:scan:325 - Nothing Changed
2026-08-03 08:50:03.829 | SUCCESS  | monitor:scan:331 - Scan Finished
2026-08-03 08:50:03.829 | INFO     | monitor:start:67 - Sleep 60 Seconds
2026-08-03 08:51:03.829 | INFO     | auth.login:ensure_login:354 - Checking Login...
2026-08-03 08:51:03.832 | SUCCESS  | auth.login:load_saved_token:192 - Saved Token Loaded
2026-08-03 08:51:03.833 | SUCCESS  | auth.login:ensure_login:362 - Using Saved Token
2026-08-03 08:51:03.835 | INFO     | monitor:scan:111 - Scanning Website...
2026-08-03 08:51:03.840 | INFO     | monitor:scan:125 - Loading Page 1
2026-08-03 08:51:03.841 | INFO     | api:get_files:60 - Loading Page 1
2026-08-03 08:51:07.073 | INFO     | api:get_file:84 - Loading File 126d519e-95f6-9843-e927-2ca3fc8ea743
2026-08-03 08:51:07.299 | INFO     | monitor:scan:273 - Reached Old Files
2026-08-03 08:51:07.300 | INFO     | monitor:scan:303 - No New Serial
2026-08-03 08:51:07.302 | INFO     | monitor:scan:325 - Nothing Changed
2026-08-03 08:51:07.302 | SUCCESS  | monitor:scan:331 - Scan Finished
2026-08-03 08:51:07.304 | INFO     | monitor:start:67 - Sleep 60 Seconds
2026-08-03 08:52:07.304 | INFO     | auth.login:ensure_login:354 - Checking Login...
2026-08-03 08:52:07.307 | SUCCESS  | auth.login:load_saved_token:192 - Saved Token Loaded
2026-08-03 08:52:07.307 | SUCCESS  | auth.login:ensure_login:362 - Using Saved Token
2026-08-03 08:52:07.308 | INFO     | monitor:scan:111 - Scanning Website...
2026-08-03 08:52:07.310 | INFO     | monitor:scan:125 - Loading Page 1
2026-08-03 08:52:07.310 | INFO     | api:get_files:60 - Loading Page 1
2026-08-03 08:52:07.737 | WARNING  | auth.login:get:411 - Access Token Expired
2026-08-03 08:52:07.738 | INFO     | auth.login:login:262 - Logging in...
2026-08-03 08:52:08.189 | SUCCESS  | auth.login:save_token:242 - Token Saved
2026-08-03 08:52:08.190 | SUCCESS  | auth.login:login:340 - Login Successful
2026-08-03 08:52:09.377 | INFO     | api:get_file:84 - Loading File 126d519e-95f6-9843-e927-2ca3fc8ea743
2026-08-03 08:52:09.611 | INFO     | monitor:scan:273 - Reached Old Files
2026-08-03 08:52:09.612 | INFO     | monitor:scan:303 - No New Serial
2026-08-03 08:52:09.614 | INFO     | monitor:scan:325 - Nothing Changed
2026-08-03 08:52:09.615 | SUCCESS  | monitor:scan:331 - Scan Finished
2026-08-03 08:52:09.616 | INFO     | monitor:start:67 - Sleep 60 Seconds
2026-08-03 08:53:09.618 | INFO     | auth.login:ensure_login:354 - Checking Login...
2026-08-03 08:53:09.657 | SUCCESS  | auth.login:load_saved_token:192 - Saved Token Loaded
2026-08-03 08:53:09.657 | SUCCESS  | auth.login:ensure_login:362 - Using Saved Token
2026-08-03 08:53:09.658 | INFO     | monitor:scan:111 - Scanning Website...
2026-08-03 08:53:09.658 | INFO     | monitor:scan:125 - Loading Page 1
2026-08-03 08:53:09.658 | INFO     | api:get_files:60 - Loading Page 1
2026-08-03 08:53:13.122 | INFO     | api:get_file:84 - Loading File 126d519e-95f6-9843-e927-2ca3fc8ea743
2026-08-03 08:53:13.352 | INFO     | monitor:scan:273 - Reached Old Files
2026-08-03 08:53:13.352 | INFO     | monitor:scan:303 - No New Serial
2026-08-03 08:53:13.352 | INFO     | monitor:scan:325 - Nothing Changed
2026-08-03 08:53:13.353 | SUCCESS  | monitor:scan:331 - Scan Finished
2026-08-03 08:53:13.353 | INFO     | monitor:start:67 - Sleep 60 Seconds
2026-08-03 08:54:13.354 | INFO     | auth.login:ensure_login:354 - Checking Login...
2026-08-03 08:54:13.359 | SUCCESS  | auth.login:load_saved_token:192 - Saved Token Loaded
2026-08-03 08:54:13.361 | SUCCESS  | auth.login:ensure_login:362 - Using Saved Token
2026-08-03 08:54:13.362 | INFO     | monitor:scan:111 - Scanning Website...
2026-08-03 08:54:13.369 | INFO     | monitor:scan:125 - Loading Page 1
2026-08-03 08:54:13.372 | INFO     | api:get_files:60 - Loading Page 1
2026-08-03 08:54:14.926 | INFO     | api:get_file:84 - Loading File 126d519e-95f6-9843-e927-2ca3fc8ea743
2026-08-03 08:54:15.154 | INFO     | monitor:scan:273 - Reached Old Files
2026-08-03 08:54:15.156 | INFO     | monitor:scan:303 - No New Serial
2026-08-03 08:54:15.156 | INFO     | monitor:scan:325 - Nothing Changed
2026-08-03 08:54:15.157 | SUCCESS  | monitor:scan:331 - Scan Finished
2026-08-03 08:54:15.159 | INFO     | monitor:start:67 - Sleep 60 Seconds
2026-08-03 08:55:15.160 | INFO     | auth.login:ensure_login:354 - Checking Login...
2026-08-03 08:55:15.165 | SUCCESS  | auth.login:load_saved_token:192 - Saved Token Loaded
2026-08-03 08:55:15.166 | SUCCESS  | auth.login:ensure_login:362 - Using Saved Token
2026-08-03 08:55:15.167 | INFO     | monitor:scan:111 - Scanning Website...
2026-08-03 08:55:15.170 | INFO     | monitor:scan:125 - Loading Page 1
2026-08-03 08:55:15.171 | INFO     | api:get_files:60 - Loading Page 1
2026-08-03 08:55:16.789 | INFO     | api:get_file:84 - Loading File 126d519e-95f6-9843-e927-2ca3fc8ea743
2026-08-03 08:55:17.019 | INFO     | monitor:scan:273 - Reached Old Files
2026-08-03 08:55:17.021 | INFO     | monitor:scan:303 - No New Serial
2026-08-03 08:55:17.022 | INFO     | monitor:scan:325 - Nothing Changed
2026-08-03 08:55:17.023 | SUCCESS  | monitor:scan:331 - Scan Finished
2026-08-03 08:55:17.025 | INFO     | monitor:start:67 - Sleep 60 Seconds
2026-08-03 08:56:17.027 | INFO     | auth.login:ensure_login:354 - Checking Login...
2026-08-03 08:56:17.029 | SUCCESS  | auth.login:load_saved_token:192 - Saved Token Loaded
2026-08-03 08:56:17.030 | SUCCESS  | auth.login:ensure_login:362 - Using Saved Token
2026-08-03 08:56:17.030 | INFO     | monitor:scan:111 - Scanning Website...
2026-08-03 08:56:17.031 | INFO     | monitor:scan:125 - Loading Page 1
2026-08-03 08:56:17.032 | INFO     | api:get_files:60 - Loading Page 1
2026-08-03 08:56:19.314 | INFO     | api:get_file:84 - Loading File 126d519e-95f6-9843-e927-2ca3fc8ea743
2026-08-03 08:56:19.544 | INFO     | monitor:scan:273 - Reached Old Files
2026-08-03 08:56:19.544 | INFO     | monitor:scan:303 - No New Serial
2026-08-03 08:56:19.544 | INFO     | monitor:scan:325 - Nothing Changed
2026-08-03 08:56:19.546 | SUCCESS  | monitor:scan:331 - Scan Finished
2026-08-03 08:56:19.546 | INFO     | monitor:start:67 - Sleep 60 Seconds
2026-08-03 08:57:19.547 | INFO     | auth.login:ensure_login:354 - Checking Login...
2026-08-03 08:57:19.548 | SUCCESS  | auth.login:load_saved_token:192 - Saved Token Loaded
2026-08-03 08:57:19.548 | SUCCESS  | auth.login:ensure_login:362 - Using Saved Token
2026-08-03 08:57:19.548 | INFO     | monitor:scan:111 - Scanning Website...
2026-08-03 08:57:19.548 | INFO     | monitor:scan:125 - Loading Page 1
2026-08-03 08:57:19.548 | INFO     | api:get_files:60 - Loading Page 1
2026-08-03 08:57:21.123 | INFO     | api:get_file:84 - Loading File 126d519e-95f6-9843-e927-2ca3fc8ea743
2026-08-03 08:57:21.354 | INFO     | monitor:scan:273 - Reached Old Files
2026-08-03 08:57:21.356 | INFO     | monitor:scan:303 - No New Serial
2026-08-03 08:57:21.356 | INFO     | monitor:scan:325 - Nothing Changed
2026-08-03 08:57:21.357 | SUCCESS  | monitor:scan:331 - Scan Finished
2026-08-03 08:57:21.357 | INFO     | monitor:start:67 - Sleep 60 Seconds
2026-08-03 08:58:21.359 | INFO     | auth.login:ensure_login:354 - Checking Login...
2026-08-03 08:58:21.363 | SUCCESS  | auth.login:load_saved_token:192 - Saved Token Loaded
2026-08-03 08:58:21.364 | SUCCESS  | auth.login:ensure_login:362 - Using Saved Token
2026-08-03 08:58:21.365 | INFO     | monitor:scan:111 - Scanning Website...
2026-08-03 08:58:21.366 | INFO     | monitor:scan:125 - Loading Page 1
2026-08-03 08:58:21.367 | INFO     | api:get_files:60 - Loading Page 1
2026-08-03 08:58:22.850 | INFO     | api:get_file:84 - Loading File 126d519e-95f6-9843-e927-2ca3fc8ea743
2026-08-03 08:58:23.082 | INFO     | monitor:scan:273 - Reached Old Files
2026-08-03 08:58:23.084 | INFO     | monitor:scan:303 - No New Serial
2026-08-03 08:58:23.084 | INFO     | monitor:scan:325 - Nothing Changed
2026-08-03 08:58:23.085 | SUCCESS  | monitor:scan:331 - Scan Finished
2026-08-03 08:58:23.086 | INFO     | monitor:start:67 - Sleep 60 Seconds
2026-08-03 08:59:23.087 | INFO     | auth.login:ensure_login:354 - Checking Login...
2026-08-03 08:59:23.087 | SUCCESS  | auth.login:load_saved_token:192 - Saved Token Loaded
2026-08-03 08:59:23.088 | SUCCESS  | auth.login:ensure_login:362 - Using Saved Token
2026-08-03 08:59:23.088 | INFO     | monitor:scan:111 - Scanning Website...
2026-08-03 08:59:23.089 | INFO     | monitor:scan:125 - Loading Page 1
2026-08-03 08:59:23.089 | INFO     | api:get_files:60 - Loading Page 1
2026-08-03 08:59:24.595 | INFO     | api:get_file:84 - Loading File 126d519e-95f6-9843-e927-2ca3fc8ea743
2026-08-03 08:59:24.810 | INFO     | monitor:scan:273 - Reached Old Files
2026-08-03 08:59:24.811 | INFO     | monitor:scan:303 - No New Serial
2026-08-03 08:59:24.812 | INFO     | monitor:scan:325 - Nothing Changed
2026-08-03 08:59:24.814 | SUCCESS  | monitor:scan:331 - Scan Finished
2026-08-03 08:59:24.817 | INFO     | monitor:start:67 - Sleep 60 Seconds
2026-08-03 09:00:24.819 | INFO     | auth.login:ensure_login:354 - Checking Login...
2026-08-03 09:00:24.819 | SUCCESS  | auth.login:load_saved_token:192 - Saved Token Loaded
2026-08-03 09:00:24.819 | SUCCESS  | auth.login:ensure_login:362 - Using Saved Token
2026-08-03 09:00:24.820 | INFO     | monitor:scan:111 - Scanning Website...
2026-08-03 09:00:24.820 | INFO     | monitor:scan:125 - Loading Page 1
2026-08-03 09:00:24.820 | INFO     | api:get_files:60 - Loading Page 1
2026-08-03 09:00:26.330 | INFO     | api:get_file:84 - Loading File 126d519e-95f6-9843-e927-2ca3fc8ea743
2026-08-03 09:00:26.559 | INFO     | monitor:scan:273 - Reached Old Files
2026-08-03 09:00:26.561 | INFO     | monitor:scan:303 - No New Serial
2026-08-03 09:00:26.562 | INFO     | monitor:scan:325 - Nothing Changed
2026-08-03 09:00:26.563 | SUCCESS  | monitor:scan:331 - Scan Finished
2026-08-03 09:00:26.565 | INFO     | monitor:start:67 - Sleep 60 Seconds
2026-08-03 09:01:26.567 | INFO     | auth.login:ensure_login:354 - Checking Login...
2026-08-03 09:01:26.568 | SUCCESS  | auth.login:load_saved_token:192 - Saved Token Loaded
2026-08-03 09:01:26.569 | SUCCESS  | auth.login:ensure_login:362 - Using Saved Token
2026-08-03 09:01:26.569 | INFO     | monitor:scan:111 - Scanning Website...
2026-08-03 09:01:26.570 | INFO     | monitor:scan:125 - Loading Page 1
2026-08-03 09:01:26.570 | INFO     | api:get_files:60 - Loading Page 1
2026-08-03 09:01:29.879 | INFO     | api:get_file:84 - Loading File 126d519e-95f6-9843-e927-2ca3fc8ea743
2026-08-03 09:01:30.108 | INFO     | monitor:scan:273 - Reached Old Files
2026-08-03 09:01:30.108 | INFO     | monitor:scan:303 - No New Serial
2026-08-03 09:01:30.108 | INFO     | monitor:scan:325 - Nothing Changed
2026-08-03 09:01:30.109 | SUCCESS  | monitor:scan:331 - Scan Finished
2026-08-03 09:01:30.109 | INFO     | monitor:start:67 - Sleep 60 Seconds
2026-08-03 09:02:30.110 | INFO     | auth.login:ensure_login:354 - Checking Login...
2026-08-03 09:02:30.113 | SUCCESS  | auth.login:load_saved_token:192 - Saved Token Loaded
2026-08-03 09:02:30.113 | SUCCESS  | auth.login:ensure_login:362 - Using Saved Token
2026-08-03 09:02:30.114 | INFO     | monitor:scan:111 - Scanning Website...
2026-08-03 09:02:30.114 | INFO     | monitor:scan:125 - Loading Page 1
2026-08-03 09:02:30.115 | INFO     | api:get_files:60 - Loading Page 1
2026-08-03 09:02:30.541 | WARNING  | auth.login:get:411 - Access Token Expired
2026-08-03 09:02:30.542 | INFO     | auth.login:login:262 - Logging in...
2026-08-03 09:02:31.035 | SUCCESS  | auth.login:save_token:242 - Token Saved
2026-08-03 09:02:31.036 | SUCCESS  | auth.login:login:340 - Login Successful
2026-08-03 09:02:33.468 | INFO     | api:get_file:84 - Loading File 126d519e-95f6-9843-e927-2ca3fc8ea743
2026-08-03 09:02:33.696 | INFO     | monitor:scan:273 - Reached Old Files
2026-08-03 09:02:33.696 | INFO     | monitor:scan:303 - No New Serial
2026-08-03 09:02:33.697 | INFO     | monitor:scan:325 - Nothing Changed
2026-08-03 09:02:33.698 | SUCCESS  | monitor:scan:331 - Scan Finished
2026-08-03 09:02:33.699 | INFO     | monitor:start:67 - Sleep 60 Seconds
2026-08-03 09:03:33.701 | INFO     | auth.login:ensure_login:354 - Checking Login...
2026-08-03 09:03:33.739 | SUCCESS  | auth.login:load_saved_token:192 - Saved Token Loaded
2026-08-03 09:03:33.740 | SUCCESS  | auth.login:ensure_login:362 - Using Saved Token
2026-08-03 09:03:33.740 | INFO     | monitor:scan:111 - Scanning Website...
2026-08-03 09:03:33.742 | INFO     | monitor:scan:125 - Loading Page 1
2026-08-03 09:03:33.742 | INFO     | api:get_files:60 - Loading Page 1
2026-08-03 09:03:35.220 | INFO     | api:get_file:84 - Loading File 126d519e-95f6-9843-e927-2ca3fc8ea743
2026-08-03 09:03:35.433 | INFO     | monitor:scan:273 - Reached Old Files
2026-08-03 09:03:35.433 | INFO     | monitor:scan:303 - No New Serial
2026-08-03 09:03:35.433 | INFO     | monitor:scan:325 - Nothing Changed
2026-08-03 09:03:35.433 | SUCCESS  | monitor:scan:331 - Scan Finished
2026-08-03 09:03:35.434 | INFO     | monitor:start:67 - Sleep 60 Seconds
2026-08-03 09:04:35.435 | INFO     | auth.login:ensure_login:354 - Checking Login...
2026-08-03 09:04:35.435 | SUCCESS  | auth.login:load_saved_token:192 - Saved Token Loaded
2026-08-03 09:04:35.435 | SUCCESS  | auth.login:ensure_login:362 - Using Saved Token
2026-08-03 09:04:35.435 | INFO     | monitor:scan:111 - Scanning Website...
2026-08-03 09:04:35.436 | INFO     | monitor:scan:125 - Loading Page 1
2026-08-03 09:04:35.436 | INFO     | api:get_files:60 - Loading Page 1
2026-08-03 09:04:37.423 | INFO     | api:get_file:84 - Loading File 126d519e-95f6-9843-e927-2ca3fc8ea743
2026-08-03 09:04:37.639 | INFO     | monitor:scan:273 - Reached Old Files
2026-08-03 09:04:37.639 | INFO     | monitor:scan:303 - No New Serial
2026-08-03 09:04:37.639 | INFO     | monitor:scan:325 - Nothing Changed
2026-08-03 09:04:37.640 | SUCCESS  | monitor:scan:331 - Scan Finished
2026-08-03 09:04:37.640 | INFO     | monitor:start:67 - Sleep 60 Seconds
2026-08-03 09:05:37.640 | INFO     | auth.login:ensure_login:354 - Checking Login...
2026-08-03 09:05:37.643 | SUCCESS  | auth.login:load_saved_token:192 - Saved Token Loaded
2026-08-03 09:05:37.643 | SUCCESS  | auth.login:ensure_login:362 - Using Saved Token
2026-08-03 09:05:37.644 | INFO     | monitor:scan:111 - Scanning Website...
2026-08-03 09:05:37.648 | INFO     | monitor:scan:125 - Loading Page 1
2026-08-03 09:05:37.649 | INFO     | api:get_files:60 - Loading Page 1
2026-08-03 09:05:40.705 | INFO     | api:get_file:84 - Loading File 126d519e-95f6-9843-e927-2ca3fc8ea743
2026-08-03 09:05:40.930 | INFO     | monitor:scan:273 - Reached Old Files
2026-08-03 09:05:40.930 | INFO     | monitor:scan:303 - No New Serial
2026-08-03 09:05:40.931 | INFO     | monitor:scan:325 - Nothing Changed
2026-08-03 09:05:40.931 | SUCCESS  | monitor:scan:331 - Scan Finished
2026-08-03 09:05:40.931 | INFO     | monitor:start:67 - Sleep 60 Seconds
2026-08-03 09:06:40.932 | INFO     | auth.login:ensure_login:354 - Checking Login...
2026-08-03 09:06:40.935 | SUCCESS  | auth.login:load_saved_token:192 - Saved Token Loaded
2026-08-03 09:06:40.936 | SUCCESS  | auth.login:ensure_login:362 - Using Saved Token
2026-08-03 09:06:40.937 | INFO     | monitor:scan:111 - Scanning Website...
2026-08-03 09:06:40.939 | INFO     | monitor:scan:125 - Loading Page 1
2026-08-03 09:06:40.940 | INFO     | api:get_files:60 - Loading Page 1
2026-08-03 09:06:44.065 | INFO     | api:get_file:84 - Loading File 126d519e-95f6-9843-e927-2ca3fc8ea743
2026-08-03 09:06:44.294 | INFO     | monitor:scan:273 - Reached Old Files
2026-08-03 09:06:44.295 | INFO     | monitor:scan:303 - No New Serial
2026-08-03 09:06:44.295 | INFO     | monitor:scan:325 - Nothing Changed
2026-08-03 09:06:44.296 | SUCCESS  | monitor:scan:331 - Scan Finished
2026-08-03 09:06:44.296 | INFO     | monitor:start:67 - Sleep 60 Seconds
2026-08-03 09:07:44.298 | INFO     | auth.login:ensure_login:354 - Checking Login...
2026-08-03 09:07:44.301 | SUCCESS  | auth.login:load_saved_token:192 - Saved Token Loaded
2026-08-03 09:07:44.302 | SUCCESS  | auth.login:ensure_login:362 - Using Saved Token
2026-08-03 09:07:44.302 | INFO     | monitor:scan:111 - Scanning Website...
2026-08-03 09:07:44.304 | INFO     | monitor:scan:125 - Loading Page 1
2026-08-03 09:07:44.304 | INFO     | api:get_files:60 - Loading Page 1
2026-08-03 09:07:45.800 | INFO     | api:get_file:84 - Loading File 126d519e-95f6-9843-e927-2ca3fc8ea743
2026-08-03 09:07:46.025 | INFO     | monitor:scan:273 - Reached Old Files
2026-08-03 09:07:46.025 | INFO     | monitor:scan:303 - No New Serial
2026-08-03 09:07:46.026 | INFO     | monitor:scan:325 - Nothing Changed
2026-08-03 09:07:46.026 | SUCCESS  | monitor:scan:331 - Scan Finished
2026-08-03 09:07:46.027 | INFO     | monitor:start:67 - Sleep 60 Seconds
2026-08-03 09:08:46.027 | INFO     | auth.login:ensure_login:354 - Checking Login...
2026-08-03 09:08:46.032 | SUCCESS  | auth.login:load_saved_token:192 - Saved Token Loaded
2026-08-03 09:08:46.033 | SUCCESS  | auth.login:ensure_login:362 - Using Saved Token
2026-08-03 09:08:46.034 | INFO     | monitor:scan:111 - Scanning Website...
2026-08-03 09:08:46.035 | INFO     | monitor:scan:125 - Loading Page 1
2026-08-03 09:08:46.035 | INFO     | api:get_files:60 - Loading Page 1
2026-08-03 09:08:49.286 | INFO     | api:get_file:84 - Loading File 126d519e-95f6-9843-e927-2ca3fc8ea743
2026-08-03 09:08:49.512 | INFO     | monitor:scan:273 - Reached Old Files
2026-08-03 09:08:49.513 | INFO     | monitor:scan:303 - No New Serial
2026-08-03 09:08:49.514 | INFO     | monitor:scan:325 - Nothing Changed
2026-08-03 09:08:49.515 | SUCCESS  | monitor:scan:331 - Scan Finished
2026-08-03 09:08:49.517 | INFO     | monitor:start:67 - Sleep 60 Seconds
2026-08-03 09:09:49.519 | INFO     | auth.login:ensure_login:354 - Checking Login...
2026-08-03 09:09:49.524 | SUCCESS  | auth.login:load_saved_token:192 - Saved Token Loaded
2026-08-03 09:09:49.526 | SUCCESS  | auth.login:ensure_login:362 - Using Saved Token
2026-08-03 09:09:49.527 | INFO     | monitor:scan:111 - Scanning Website...
2026-08-03 09:09:49.531 | INFO     | monitor:scan:125 - Loading Page 1
2026-08-03 09:09:49.533 | INFO     | api:get_files:60 - Loading Page 1
2026-08-03 09:09:51.057 | INFO     | api:get_file:84 - Loading File 126d519e-95f6-9843-e927-2ca3fc8ea743
2026-08-03 09:09:51.286 | INFO     | monitor:scan:273 - Reached Old Files
2026-08-03 09:09:51.289 | INFO     | monitor:scan:303 - No New Serial
2026-08-03 09:09:51.289 | INFO     | monitor:scan:325 - Nothing Changed
2026-08-03 09:09:51.289 | SUCCESS  | monitor:scan:331 - Scan Finished
2026-08-03 09:09:51.289 | INFO     | monitor:start:67 - Sleep 60 Seconds
2026-08-03 09:10:51.291 | INFO     | auth.login:ensure_login:354 - Checking Login...
2026-08-03 09:10:51.293 | SUCCESS  | auth.login:load_saved_token:192 - Saved Token Loaded
2026-08-03 09:10:51.293 | SUCCESS  | auth.login:ensure_login:362 - Using Saved Token
2026-08-03 09:10:51.294 | INFO     | monitor:scan:111 - Scanning Website...
2026-08-03 09:10:51.294 | INFO     | monitor:scan:125 - Loading Page 1
2026-08-03 09:10:51.295 | INFO     | api:get_files:60 - Loading Page 1
2026-08-03 09:10:52.744 | INFO     | api:get_file:84 - Loading File 126d519e-95f6-9843-e927-2ca3fc8ea743
2026-08-03 09:10:52.968 | INFO     | monitor:scan:273 - Reached Old Files
2026-08-03 09:10:52.969 | INFO     | monitor:scan:303 - No New Serial
2026-08-03 09:10:52.969 | INFO     | monitor:scan:325 - Nothing Changed
2026-08-03 09:10:52.969 | SUCCESS  | monitor:scan:331 - Scan Finished
2026-08-03 09:10:52.969 | INFO     | monitor:start:67 - Sleep 60 Seconds
2026-08-03 09:11:52.970 | INFO     | auth.login:ensure_login:354 - Checking Login...
2026-08-03 09:11:52.971 | SUCCESS  | auth.login:load_saved_token:192 - Saved Token Loaded
2026-08-03 09:11:52.972 | SUCCESS  | auth.login:ensure_login:362 - Using Saved Token
2026-08-03 09:11:52.972 | INFO     | monitor:scan:111 - Scanning Website...
2026-08-03 09:11:52.973 | INFO     | monitor:scan:125 - Loading Page 1
2026-08-03 09:11:52.974 | INFO     | api:get_files:60 - Loading Page 1
2026-08-03 09:11:54.467 | INFO     | api:get_file:84 - Loading File 126d519e-95f6-9843-e927-2ca3fc8ea743
2026-08-03 09:11:54.691 | INFO     | monitor:scan:273 - Reached Old Files
2026-08-03 09:11:54.691 | INFO     | monitor:scan:303 - No New Serial
2026-08-03 09:11:54.692 | INFO     | monitor:scan:325 - Nothing Changed
2026-08-03 09:11:54.692 | SUCCESS  | monitor:scan:331 - Scan Finished
2026-08-03 09:11:54.692 | INFO     | monitor:start:67 - Sleep 60 Seconds
2026-08-03 09:12:54.693 | INFO     | auth.login:ensure_login:354 - Checking Login...
2026-08-03 09:12:54.696 | SUCCESS  | auth.login:load_saved_token:192 - Saved Token Loaded
2026-08-03 09:12:54.697 | SUCCESS  | auth.login:ensure_login:362 - Using Saved Token
2026-08-03 09:12:54.698 | INFO     | monitor:scan:111 - Scanning Website...
2026-08-03 09:12:54.702 | INFO     | monitor:scan:125 - Loading Page 1
2026-08-03 09:12:54.703 | INFO     | api:get_files:60 - Loading Page 1
2026-08-03 09:12:55.149 | WARNING  | auth.login:get:411 - Access Token Expired
2026-08-03 09:12:55.150 | INFO     | auth.login:login:262 - Logging in...
2026-08-03 09:12:55.650 | SUCCESS  | auth.login:save_token:242 - Token Saved
2026-08-03 09:12:55.651 | SUCCESS  | auth.login:login:340 - Login Successful
2026-08-03 09:12:57.120 | INFO     | api:get_file:84 - Loading File 126d519e-95f6-9843-e927-2ca3fc8ea743
2026-08-03 09:12:57.343 | INFO     | monitor:scan:273 - Reached Old Files
2026-08-03 09:12:57.345 | INFO     | monitor:scan:303 - No New Serial
2026-08-03 09:12:57.346 | INFO     | monitor:scan:325 - Nothing Changed
2026-08-03 09:12:57.346 | SUCCESS  | monitor:scan:331 - Scan Finished
2026-08-03 09:12:57.347 | INFO     | monitor:start:67 - Sleep 60 Seconds
2026-08-03 09:13:57.348 | INFO     | auth.login:ensure_login:354 - Checking Login...
2026-08-03 09:13:57.376 | SUCCESS  | auth.login:load_saved_token:192 - Saved Token Loaded
2026-08-03 09:13:57.376 | SUCCESS  | auth.login:ensure_login:362 - Using Saved Token
2026-08-03 09:13:57.376 | INFO     | monitor:scan:111 - Scanning Website...
2026-08-03 09:13:57.377 | INFO     | monitor:scan:125 - Loading Page 1
2026-08-03 09:13:57.377 | INFO     | api:get_files:60 - Loading Page 1
2026-08-03 09:13:58.905 | INFO     | api:get_file:84 - Loading File 126d519e-95f6-9843-e927-2ca3fc8ea743
2026-08-03 09:13:59.134 | INFO     | monitor:scan:273 - Reached Old Files
2026-08-03 09:13:59.136 | INFO     | monitor:scan:303 - No New Serial
2026-08-03 09:13:59.137 | INFO     | monitor:scan:325 - Nothing Changed
2026-08-03 09:13:59.137 | SUCCESS  | monitor:scan:331 - Scan Finished
2026-08-03 09:13:59.138 | INFO     | monitor:start:67 - Sleep 60 Seconds
2026-08-03 09:14:59.139 | INFO     | auth.login:ensure_login:354 - Checking Login...
2026-08-03 09:14:59.141 | SUCCESS  | auth.login:load_saved_token:192 - Saved Token Loaded
2026-08-03 09:14:59.142 | SUCCESS  | auth.login:ensure_login:362 - Using Saved Token
2026-08-03 09:14:59.144 | INFO     | monitor:scan:111 - Scanning Website...
2026-08-03 09:14:59.146 | INFO     | monitor:scan:125 - Loading Page 1
2026-08-03 09:14:59.147 | INFO     | api:get_files:60 - Loading Page 1
2026-08-03 09:15:02.280 | INFO     | api:get_file:84 - Loading File 126d519e-95f6-9843-e927-2ca3fc8ea743
2026-08-03 09:15:02.499 | INFO     | monitor:scan:273 - Reached Old Files
2026-08-03 09:15:02.500 | INFO     | monitor:scan:303 - No New Serial
2026-08-03 09:15:02.500 | INFO     | monitor:scan:325 - Nothing Changed
2026-08-03 09:15:02.500 | SUCCESS  | monitor:scan:331 - Scan Finished
2026-08-03 09:15:02.500 | INFO     | monitor:start:67 - Sleep 60 Seconds
2026-08-03 09:16:02.501 | INFO     | auth.login:ensure_login:354 - Checking Login...
2026-08-03 09:16:02.504 | SUCCESS  | auth.login:load_saved_token:192 - Saved Token Loaded
2026-08-03 09:16:02.505 | SUCCESS  | auth.login:ensure_login:362 - Using Saved Token
2026-08-03 09:16:02.506 | INFO     | monitor:scan:111 - Scanning Website...
2026-08-03 09:16:02.507 | INFO     | monitor:scan:125 - Loading Page 1
2026-08-03 09:16:02.508 | INFO     | api:get_files:60 - Loading Page 1
2026-08-03 09:16:04.190 | INFO     | api:get_file:84 - Loading File 126d519e-95f6-9843-e927-2ca3fc8ea743
2026-08-03 09:16:04.416 | INFO     | monitor:scan:273 - Reached Old Files
2026-08-03 09:16:04.417 | INFO     | monitor:scan:303 - No New Serial
2026-08-03 09:16:04.419 | INFO     | monitor:scan:325 - Nothing Changed
2026-08-03 09:16:04.420 | SUCCESS  | monitor:scan:331 - Scan Finished
2026-08-03 09:16:04.422 | INFO     | monitor:start:67 - Sleep 60 Seconds
2026-08-03 09:17:04.423 | INFO     | auth.login:ensure_login:354 - Checking Login...
2026-08-03 09:17:04.426 | SUCCESS  | auth.login:load_saved_token:192 - Saved Token Loaded
2026-08-03 09:17:04.428 | SUCCESS  | auth.login:ensure_login:362 - Using Saved Token
2026-08-03 09:17:04.429 | INFO     | monitor:scan:111 - Scanning Website...
2026-08-03 09:17:04.433 | INFO     | monitor:scan:125 - Loading Page 1
2026-08-03 09:17:04.434 | INFO     | api:get_files:60 - Loading Page 1
2026-08-03 09:17:05.991 | INFO     | api:get_file:84 - Loading File 126d519e-95f6-9843-e927-2ca3fc8ea743
2026-08-03 09:17:06.213 | INFO     | monitor:scan:273 - Reached Old Files
2026-08-03 09:17:06.214 | INFO     | monitor:scan:303 - No New Serial
2026-08-03 09:17:06.215 | INFO     | monitor:scan:325 - Nothing Changed
2026-08-03 09:17:06.216 | SUCCESS  | monitor:scan:331 - Scan Finished
2026-08-03 09:17:06.217 | INFO     | monitor:start:67 - Sleep 60 Seconds
2026-08-03 09:18:06.218 | INFO     | auth.login:ensure_login:354 - Checking Login...
2026-08-03 09:18:06.220 | SUCCESS  | auth.login:load_saved_token:192 - Saved Token Loaded
2026-08-03 09:18:06.220 | SUCCESS  | auth.login:ensure_login:362 - Using Saved Token
2026-08-03 09:18:06.221 | INFO     | monitor:scan:111 - Scanning Website...
2026-08-03 09:18:06.221 | INFO     | monitor:scan:125 - Loading Page 1
2026-08-03 09:18:06.221 | INFO     | api:get_files:60 - Loading Page 1
2026-08-03 09:18:07.665 | INFO     | api:get_file:84 - Loading File 126d519e-95f6-9843-e927-2ca3fc8ea743
2026-08-03 09:18:07.886 | INFO     | monitor:scan:273 - Reached Old Files
2026-08-03 09:18:07.888 | INFO     | monitor:scan:303 - No New Serial
2026-08-03 09:18:07.890 | INFO     | monitor:scan:325 - Nothing Changed
2026-08-03 09:18:07.893 | SUCCESS  | monitor:scan:331 - Scan Finished
2026-08-03 09:18:07.894 | INFO     | monitor:start:67 - Sleep 60 Seconds
2026-08-03 09:19:07.897 | INFO     | auth.login:ensure_login:354 - Checking Login...
2026-08-03 09:19:07.898 | SUCCESS  | auth.login:load_saved_token:192 - Saved Token Loaded
2026-08-03 09:19:07.898 | SUCCESS  | auth.login:ensure_login:362 - Using Saved Token
2026-08-03 09:19:07.898 | INFO     | monitor:scan:111 - Scanning Website...
2026-08-03 09:19:07.899 | INFO     | monitor:scan:125 - Loading Page 1
2026-08-03 09:19:07.899 | INFO     | api:get_files:60 - Loading Page 1
2026-08-03 09:19:11.336 | INFO     | api:get_file:84 - Loading File 126d519e-95f6-9843-e927-2ca3fc8ea743
2026-08-03 09:19:11.561 | INFO     | monitor:scan:273 - Reached Old Files
2026-08-03 09:19:11.561 | INFO     | monitor:scan:303 - No New Serial
2026-08-03 09:19:11.561 | INFO     | monitor:scan:325 - Nothing Changed
2026-08-03 09:19:11.562 | SUCCESS  | monitor:scan:331 - Scan Finished
2026-08-03 09:19:11.562 | INFO     | monitor:start:67 - Sleep 60 Seconds
2026-08-03 09:20:11.563 | INFO     | auth.login:ensure_login:354 - Checking Login...
2026-08-03 09:20:11.566 | SUCCESS  | auth.login:load_saved_token:192 - Saved Token Loaded
2026-08-03 09:20:11.566 | SUCCESS  | auth.login:ensure_login:362 - Using Saved Token
2026-08-03 09:20:11.567 | INFO     | monitor:scan:111 - Scanning Website...
2026-08-03 09:20:11.569 | INFO     | monitor:scan:125 - Loading Page 1
2026-08-03 09:20:11.569 | INFO     | api:get_files:60 - Loading Page 1
2026-08-03 09:20:13.022 | INFO     | api:get_file:84 - Loading File 126d519e-95f6-9843-e927-2ca3fc8ea743
2026-08-03 09:20:13.238 | INFO     | monitor:scan:273 - Reached Old Files
2026-08-03 09:20:13.239 | INFO     | monitor:scan:303 - No New Serial
2026-08-03 09:20:13.240 | INFO     | monitor:scan:325 - Nothing Changed
2026-08-03 09:20:13.241 | SUCCESS  | monitor:scan:331 - Scan Finished
2026-08-03 09:20:13.243 | INFO     | monitor:start:67 - Sleep 60 Seconds
2026-08-03 09:21:13.244 | INFO     | auth.login:ensure_login:354 - Checking Login...
2026-08-03 09:21:13.246 | SUCCESS  | auth.login:load_saved_token:192 - Saved Token Loaded
2026-08-03 09:21:13.247 | SUCCESS  | auth.login:ensure_login:362 - Using Saved Token
2026-08-03 09:21:13.247 | INFO     | monitor:scan:111 - Scanning Website...
2026-08-03 09:21:13.249 | INFO     | monitor:scan:125 - Loading Page 1
2026-08-03 09:21:13.250 | INFO     | api:get_files:60 - Loading Page 1
2026-08-03 09:21:14.741 | INFO     | api:get_file:84 - Loading File 126d519e-95f6-9843-e927-2ca3fc8ea743
2026-08-03 09:21:14.957 | INFO     | monitor:scan:273 - Reached Old Files
2026-08-03 09:21:14.957 | INFO     | monitor:scan:303 - No New Serial
2026-08-03 09:21:14.958 | INFO     | monitor:scan:325 - Nothing Changed
2026-08-03 09:21:14.959 | SUCCESS  | monitor:scan:331 - Scan Finished
2026-08-03 09:21:14.960 | INFO     | monitor:start:67 - Sleep 60 Seconds
2026-08-03 09:22:14.961 | INFO     | auth.login:ensure_login:354 - Checking Login...
2026-08-03 09:22:14.963 | SUCCESS  | auth.login:load_saved_token:192 - Saved Token Loaded
2026-08-03 09:22:14.964 | SUCCESS  | auth.login:ensure_login:362 - Using Saved Token
2026-08-03 09:22:14.964 | INFO     | monitor:scan:111 - Scanning Website...
2026-08-03 09:22:14.967 | INFO     | monitor:scan:125 - Loading Page 1
2026-08-03 09:22:14.968 | INFO     | api:get_files:60 - Loading Page 1
2026-08-03 09:22:16.530 | INFO     | api:get_file:84 - Loading File 126d519e-95f6-9843-e927-2ca3fc8ea743
2026-08-03 09:22:16.759 | INFO     | monitor:scan:273 - Reached Old Files
2026-08-03 09:22:16.760 | INFO     | monitor:scan:303 - No New Serial
2026-08-03 09:22:16.761 | INFO     | monitor:scan:325 - Nothing Changed
2026-08-03 09:22:16.761 | SUCCESS  | monitor:scan:331 - Scan Finished
2026-08-03 09:22:16.762 | INFO     | monitor:start:67 - Sleep 60 Seconds
2026-08-03 09:23:16.763 | INFO     | auth.login:ensure_login:354 - Checking Login...
2026-08-03 09:23:16.763 | SUCCESS  | auth.login:load_saved_token:192 - Saved Token Loaded
2026-08-03 09:23:16.763 | SUCCESS  | auth.login:ensure_login:362 - Using Saved Token
2026-08-03 09:23:16.764 | INFO     | monitor:scan:111 - Scanning Website...
2026-08-03 09:23:16.764 | INFO     | monitor:scan:125 - Loading Page 1
2026-08-03 09:23:16.764 | INFO     | api:get_files:60 - Loading Page 1
2026-08-03 09:23:17.186 | WARNING  | auth.login:get:411 - Access Token Expired
2026-08-03 09:23:17.187 | INFO     | auth.login:login:262 - Logging in...
2026-08-03 09:23:17.667 | SUCCESS  | auth.login:save_token:242 - Token Saved
2026-08-03 09:23:17.667 | SUCCESS  | auth.login:login:340 - Login Successful
2026-08-03 09:23:18.830 | INFO     | api:get_file:84 - Loading File 126d519e-95f6-9843-e927-2ca3fc8ea743
2026-08-03 09:23:19.058 | INFO     | monitor:scan:273 - Reached Old Files
2026-08-03 09:23:19.058 | INFO     | monitor:scan:303 - No New Serial
2026-08-03 09:23:19.058 | INFO     | monitor:scan:325 - Nothing Changed
2026-08-03 09:23:19.058 | SUCCESS  | monitor:scan:331 - Scan Finished
2026-08-03 09:23:19.059 | INFO     | monitor:start:67 - Sleep 60 Seconds
2026-08-03 09:24:19.059 | INFO     | auth.login:ensure_login:354 - Checking Login...
2026-08-03 09:24:19.066 | SUCCESS  | auth.login:load_saved_token:192 - Saved Token Loaded
2026-08-03 09:24:19.067 | SUCCESS  | auth.login:ensure_login:362 - Using Saved Token
2026-08-03 09:24:19.067 | INFO     | monitor:scan:111 - Scanning Website...
2026-08-03 09:24:19.068 | INFO     | monitor:scan:125 - Loading Page 1
2026-08-03 09:24:19.068 | INFO     | api:get_files:60 - Loading Page 1
2026-08-03 09:24:22.120 | INFO     | api:get_file:84 - Loading File 126d519e-95f6-9843-e927-2ca3fc8ea743
2026-08-03 09:24:22.348 | INFO     | monitor:scan:273 - Reached Old Files
2026-08-03 09:24:22.350 | INFO     | monitor:scan:303 - No New Serial
2026-08-03 09:24:22.352 | INFO     | monitor:scan:325 - Nothing Changed
2026-08-03 09:24:22.355 | SUCCESS  | monitor:scan:331 - Scan Finished
2026-08-03 09:24:22.358 | INFO     | monitor:start:67 - Sleep 60 Seconds
2026-08-03 09:25:22.358 | INFO     | auth.login:ensure_login:354 - Checking Login...
2026-08-03 09:25:22.360 | SUCCESS  | auth.login:load_saved_token:192 - Saved Token Loaded
2026-08-03 09:25:22.360 | SUCCESS  | auth.login:ensure_login:362 - Using Saved Token
2026-08-03 09:25:22.360 | INFO     | monitor:scan:111 - Scanning Website...
2026-08-03 09:25:22.361 | INFO     | monitor:scan:125 - Loading Page 1
2026-08-03 09:25:22.361 | INFO     | api:get_files:60 - Loading Page 1
2026-08-03 09:25:23.751 | INFO     | api:get_file:84 - Loading File 126d519e-95f6-9843-e927-2ca3fc8ea743
2026-08-03 09:25:23.958 | INFO     | monitor:scan:273 - Reached Old Files
2026-08-03 09:25:23.959 | INFO     | monitor:scan:303 - No New Serial
2026-08-03 09:25:23.960 | INFO     | monitor:scan:325 - Nothing Changed
2026-08-03 09:25:23.960 | SUCCESS  | monitor:scan:331 - Scan Finished
2026-08-03 09:25:23.961 | INFO     | monitor:start:67 - Sleep 60 Seconds
2026-08-03 09:26:23.962 | INFO     | auth.login:ensure_login:354 - Checking Login...
2026-08-03 09:26:23.967 | SUCCESS  | auth.login:load_saved_token:192 - Saved Token Loaded
2026-08-03 09:26:23.968 | SUCCESS  | auth.login:ensure_login:362 - Using Saved Token
2026-08-03 09:26:23.968 | INFO     | monitor:scan:111 - Scanning Website...
2026-08-03 09:26:23.971 | INFO     | monitor:scan:125 - Loading Page 1
2026-08-03 09:26:23.972 | INFO     | api:get_files:60 - Loading Page 1
2026-08-03 09:26:26.041 | INFO     | api:get_file:84 - Loading File 126d519e-95f6-9843-e927-2ca3fc8ea743
2026-08-03 09:26:26.269 | INFO     | monitor:scan:273 - Reached Old Files
2026-08-03 09:26:26.272 | INFO     | monitor:scan:303 - No New Serial
2026-08-03 09:26:26.273 | INFO     | monitor:scan:325 - Nothing Changed
2026-08-03 09:26:26.273 | SUCCESS  | monitor:scan:331 - Scan Finished
2026-08-03 09:26:26.276 | INFO     | monitor:start:67 - Sleep 60 Seconds
2026-08-03 09:27:26.277 | INFO     | auth.login:ensure_login:354 - Checking Login...
2026-08-03 09:27:26.280 | SUCCESS  | auth.login:load_saved_token:192 - Saved Token Loaded
2026-08-03 09:27:26.281 | SUCCESS  | auth.login:ensure_login:362 - Using Saved Token
2026-08-03 09:27:26.282 | INFO     | monitor:scan:111 - Scanning Website...
2026-08-03 09:27:26.285 | INFO     | monitor:scan:125 - Loading Page 1
2026-08-03 09:27:26.285 | INFO     | api:get_files:60 - Loading Page 1
2026-08-03 09:27:27.897 | INFO     | api:get_file:84 - Loading File 126d519e-95f6-9843-e927-2ca3fc8ea743
2026-08-03 09:27:28.127 | INFO     | monitor:scan:273 - Reached Old Files
2026-08-03 09:27:28.127 | INFO     | monitor:scan:303 - No New Serial
2026-08-03 09:27:28.128 | INFO     | monitor:scan:325 - Nothing Changed
2026-08-03 09:27:28.128 | SUCCESS  | monitor:scan:331 - Scan Finished
2026-08-03 09:27:28.128 | INFO     | monitor:start:67 - Sleep 60 Seconds
2026-08-03 09:28:28.130 | INFO     | auth.login:ensure_login:354 - Checking Login...
2026-08-03 09:28:28.133 | SUCCESS  | auth.login:load_saved_token:192 - Saved Token Loaded
2026-08-03 09:28:28.135 | SUCCESS  | auth.login:ensure_login:362 - Using Saved Token
2026-08-03 09:28:28.136 | INFO     | monitor:scan:111 - Scanning Website...
2026-08-03 09:28:28.139 | INFO     | monitor:scan:125 - Loading Page 1
2026-08-03 09:28:28.139 | INFO     | api:get_files:60 - Loading Page 1
2026-08-03 09:28:29.731 | INFO     | api:get_file:84 - Loading File 126d519e-95f6-9843-e927-2ca3fc8ea743
2026-08-03 09:28:29.958 | INFO     | monitor:scan:273 - Reached Old Files
2026-08-03 09:28:29.959 | INFO     | monitor:scan:303 - No New Serial
2026-08-03 09:28:29.961 | INFO     | monitor:scan:325 - Nothing Changed
2026-08-03 09:28:29.964 | SUCCESS  | monitor:scan:331 - Scan Finished
2026-08-03 09:28:29.967 | INFO     | monitor:start:67 - Sleep 60 Seconds
2026-08-03 09:29:29.968 | INFO     | auth.login:ensure_login:354 - Checking Login...
2026-08-03 09:29:29.969 | SUCCESS  | auth.login:load_saved_token:192 - Saved Token Loaded
2026-08-03 09:29:29.970 | SUCCESS  | auth.login:ensure_login:362 - Using Saved Token
2026-08-03 09:29:29.970 | INFO     | monitor:scan:111 - Scanning Website...
2026-08-03 09:29:29.970 | INFO     | monitor:scan:125 - Loading Page 1
2026-08-03 09:29:29.970 | INFO     | api:get_files:60 - Loading Page 1
2026-08-03 09:29:31.744 | INFO     | api:get_file:84 - Loading File 126d519e-95f6-9843-e927-2ca3fc8ea743
2026-08-03 09:29:31.972 | INFO     | monitor:scan:273 - Reached Old Files
2026-08-03 09:29:31.973 | INFO     | monitor:scan:303 - No New Serial
2026-08-03 09:29:31.974 | INFO     | monitor:scan:325 - Nothing Changed
2026-08-03 09:29:31.975 | SUCCESS  | monitor:scan:331 - Scan Finished
2026-08-03 09:29:31.975 | INFO     | monitor:start:67 - Sleep 60 Seconds
2026-08-03 09:30:31.977 | INFO     | auth.login:ensure_login:354 - Checking Login...
2026-08-03 09:30:31.979 | SUCCESS  | auth.login:load_saved_token:192 - Saved Token Loaded
2026-08-03 09:30:31.979 | SUCCESS  | auth.login:ensure_login:362 - Using Saved Token
2026-08-03 09:30:31.980 | INFO     | monitor:scan:111 - Scanning Website...
2026-08-03 09:30:31.981 | INFO     | monitor:scan:125 - Loading Page 1
2026-08-03 09:30:31.982 | INFO     | api:get_files:60 - Loading Page 1
2026-08-03 09:30:35.453 | INFO     | api:get_file:84 - Loading File 126d519e-95f6-9843-e927-2ca3fc8ea743
2026-08-03 09:30:35.680 | INFO     | monitor:scan:273 - Reached Old Files
2026-08-03 09:30:35.682 | INFO     | monitor:scan:303 - No New Serial
2026-08-03 09:30:35.683 | INFO     | monitor:scan:325 - Nothing Changed
2026-08-03 09:30:35.684 | SUCCESS  | monitor:scan:331 - Scan Finished
2026-08-03 09:30:35.687 | INFO     | monitor:start:67 - Sleep 60 Seconds
2026-08-03 09:31:35.690 | INFO     | auth.login:ensure_login:354 - Checking Login...
2026-08-03 09:31:35.694 | SUCCESS  | auth.login:load_saved_token:192 - Saved Token Loaded
2026-08-03 09:31:35.696 | SUCCESS  | auth.login:ensure_login:362 - Using Saved Token
2026-08-03 09:31:35.699 | INFO     | monitor:scan:111 - Scanning Website...
2026-08-03 09:31:35.703 | INFO     | monitor:scan:125 - Loading Page 1
2026-08-03 09:31:35.704 | INFO     | api:get_files:60 - Loading Page 1
2026-08-03 09:31:37.275 | INFO     | api:get_file:84 - Loading File 126d519e-95f6-9843-e927-2ca3fc8ea743
2026-08-03 09:31:37.504 | INFO     | monitor:scan:273 - Reached Old Files
2026-08-03 09:31:37.505 | INFO     | monitor:scan:303 - No New Serial
2026-08-03 09:31:37.506 | INFO     | monitor:scan:325 - Nothing Changed
2026-08-03 09:31:37.506 | SUCCESS  | monitor:scan:331 - Scan Finished
2026-08-03 09:31:37.506 | INFO     | monitor:start:67 - Sleep 60 Seconds
2026-08-03 09:32:37.507 | INFO     | auth.login:ensure_login:354 - Checking Login...
2026-08-03 09:32:37.510 | SUCCESS  | auth.login:load_saved_token:192 - Saved Token Loaded
2026-08-03 09:32:37.511 | SUCCESS  | auth.login:ensure_login:362 - Using Saved Token
2026-08-03 09:32:37.513 | INFO     | monitor:scan:111 - Scanning Website...
2026-08-03 09:32:37.516 | INFO     | monitor:scan:125 - Loading Page 1
2026-08-03 09:32:37.517 | INFO     | api:get_files:60 - Loading Page 1
2026-08-03 09:32:39.067 | INFO     | api:get_file:84 - Loading File 126d519e-95f6-9843-e927-2ca3fc8ea743
2026-08-03 09:32:39.297 | INFO     | monitor:scan:273 - Reached Old Files
2026-08-03 09:32:39.298 | INFO     | monitor:scan:303 - No New Serial
2026-08-03 09:32:39.300 | INFO     | monitor:scan:325 - Nothing Changed
2026-08-03 09:32:39.300 | SUCCESS  | monitor:scan:331 - Scan Finished
2026-08-03 09:32:39.301 | INFO     | monitor:start:67 - Sleep 60 Seconds
2026-08-03 09:33:39.304 | INFO     | auth.login:ensure_login:354 - Checking Login...
2026-08-03 09:33:39.306 | SUCCESS  | auth.login:load_saved_token:192 - Saved Token Loaded
2026-08-03 09:33:39.308 | SUCCESS  | auth.login:ensure_login:362 - Using Saved Token
2026-08-03 09:33:39.309 | INFO     | monitor:scan:111 - Scanning Website...
2026-08-03 09:33:39.311 | INFO     | monitor:scan:125 - Loading Page 1
2026-08-03 09:33:39.311 | INFO     | api:get_files:60 - Loading Page 1
2026-08-03 09:33:39.746 | WARNING  | auth.login:get:411 - Access Token Expired
2026-08-03 09:33:39.746 | INFO     | auth.login:login:262 - Logging in...
2026-08-03 09:33:40.183 | SUCCESS  | auth.login:save_token:242 - Token Saved
2026-08-03 09:33:40.184 | SUCCESS  | auth.login:login:340 - Login Successful
2026-08-03 09:33:41.367 | INFO     | api:get_file:84 - Loading File 126d519e-95f6-9843-e927-2ca3fc8ea743
2026-08-03 09:33:41.594 | INFO     | monitor:scan:273 - Reached Old Files
2026-08-03 09:33:41.595 | INFO     | monitor:scan:303 - No New Serial
2026-08-03 09:33:41.596 | INFO     | monitor:scan:325 - Nothing Changed
2026-08-03 09:33:41.597 | SUCCESS  | monitor:scan:331 - Scan Finished
2026-08-03 09:33:41.598 | INFO     | monitor:start:67 - Sleep 60 Seconds
2026-08-03 09:34:41.600 | INFO     | auth.login:ensure_login:354 - Checking Login...
2026-08-03 09:34:41.608 | SUCCESS  | auth.login:load_saved_token:192 - Saved Token Loaded
2026-08-03 09:34:41.608 | SUCCESS  | auth.login:ensure_login:362 - Using Saved Token
2026-08-03 09:34:41.609 | INFO     | monitor:scan:111 - Scanning Website...
2026-08-03 09:34:41.609 | INFO     | monitor:scan:125 - Loading Page 1
2026-08-03 09:34:41.610 | INFO     | api:get_files:60 - Loading Page 1
2026-08-03 09:34:43.216 | INFO     | api:get_file:84 - Loading File 126d519e-95f6-9843-e927-2ca3fc8ea743
2026-08-03 09:34:43.445 | INFO     | monitor:scan:273 - Reached Old Files
2026-08-03 09:34:43.446 | INFO     | monitor:scan:303 - No New Serial
2026-08-03 09:34:43.447 | INFO     | monitor:scan:325 - Nothing Changed
2026-08-03 09:34:43.448 | SUCCESS  | monitor:scan:331 - Scan Finished
2026-08-03 09:34:43.449 | INFO     | monitor:start:67 - Sleep 60 Seconds
2026-08-03 09:35:43.450 | INFO     | auth.login:ensure_login:354 - Checking Login...
2026-08-03 09:35:43.454 | SUCCESS  | auth.login:load_saved_token:192 - Saved Token Loaded
2026-08-03 09:35:43.455 | SUCCESS  | auth.login:ensure_login:362 - Using Saved Token
2026-08-03 09:35:43.456 | INFO     | monitor:scan:111 - Scanning Website...
2026-08-03 09:35:43.458 | INFO     | monitor:scan:125 - Loading Page 1
2026-08-03 09:35:43.460 | INFO     | api:get_files:60 - Loading Page 1
2026-08-03 09:35:44.962 | INFO     | api:get_file:84 - Loading File 126d519e-95f6-9843-e927-2ca3fc8ea743
2026-08-03 09:35:45.189 | INFO     | monitor:scan:273 - Reached Old Files
2026-08-03 09:35:45.189 | INFO     | monitor:scan:303 - No New Serial
2026-08-03 09:35:45.190 | INFO     | monitor:scan:325 - Nothing Changed
2026-08-03 09:35:45.192 | SUCCESS  | monitor:scan:331 - Scan Finished
2026-08-03 09:35:45.195 | INFO     | monitor:start:67 - Sleep 60 Seconds
2026-08-03 09:36:45.196 | INFO     | auth.login:ensure_login:354 - Checking Login...
2026-08-03 09:36:45.197 | SUCCESS  | auth.login:load_saved_token:192 - Saved Token Loaded
2026-08-03 09:36:45.197 | SUCCESS  | auth.login:ensure_login:362 - Using Saved Token
2026-08-03 09:36:45.197 | INFO     | monitor:scan:111 - Scanning Website...
2026-08-03 09:36:45.198 | INFO     | monitor:scan:125 - Loading Page 1
2026-08-03 09:36:45.198 | INFO     | api:get_files:60 - Loading Page 1
2026-08-03 09:36:47.605 | INFO     | api:get_file:84 - Loading File 126d519e-95f6-9843-e927-2ca3fc8ea743
2026-08-03 09:36:47.823 | INFO     | monitor:scan:273 - Reached Old Files
2026-08-03 09:36:47.823 | INFO     | monitor:scan:303 - No New Serial
2026-08-03 09:36:47.824 | INFO     | monitor:scan:325 - Nothing Changed
2026-08-03 09:36:47.824 | SUCCESS  | monitor:scan:331 - Scan Finished
2026-08-03 09:36:47.824 | INFO     | monitor:start:67 - Sleep 60 Seconds
2026-08-03 09:37:47.825 | INFO     | auth.login:ensure_login:354 - Checking Login...
2026-08-03 09:37:47.830 | SUCCESS  | auth.login:load_saved_token:192 - Saved Token Loaded
2026-08-03 09:37:47.832 | SUCCESS  | auth.login:ensure_login:362 - Using Saved Token
2026-08-03 09:37:47.833 | INFO     | monitor:scan:111 - Scanning Website...
2026-08-03 09:37:47.836 | INFO     | monitor:scan:125 - Loading Page 1
2026-08-03 09:37:47.838 | INFO     | api:get_files:60 - Loading Page 1
2026-08-03 09:37:49.405 | INFO     | api:get_file:84 - Loading File 126d519e-95f6-9843-e927-2ca3fc8ea743
2026-08-03 09:37:49.622 | INFO     | monitor:scan:273 - Reached Old Files
2026-08-03 09:37:49.624 | INFO     | monitor:scan:303 - No New Serial
2026-08-03 09:37:49.626 | INFO     | monitor:scan:325 - Nothing Changed
2026-08-03 09:37:49.628 | SUCCESS  | monitor:scan:331 - Scan Finished
2026-08-03 09:37:49.629 | INFO     | monitor:start:67 - Sleep 60 Seconds
2026-08-03 09:38:49.633 | INFO     | auth.login:ensure_login:354 - Checking Login...
2026-08-03 09:38:49.637 | SUCCESS  | auth.login:load_saved_token:192 - Saved Token Loaded
2026-08-03 09:38:49.637 | SUCCESS  | auth.login:ensure_login:362 - Using Saved Token
2026-08-03 09:38:49.638 | INFO     | monitor:scan:111 - Scanning Website...
2026-08-03 09:38:49.640 | INFO     | monitor:scan:125 - Loading Page 1
2026-08-03 09:38:49.641 | INFO     | api:get_files:60 - Loading Page 1
2026-08-03 09:38:52.900 | INFO     | api:get_file:84 - Loading File 126d519e-95f6-9843-e927-2ca3fc8ea743
2026-08-03 09:38:53.118 | INFO     | monitor:scan:273 - Reached Old Files
2026-08-03 09:38:53.119 | INFO     | monitor:scan:303 - No New Serial
2026-08-03 09:38:53.119 | INFO     | monitor:scan:325 - Nothing Changed
2026-08-03 09:38:53.121 | SUCCESS  | monitor:scan:331 - Scan Finished
2026-08-03 09:38:53.121 | INFO     | monitor:start:67 - Sleep 60 Seconds
2026-08-03 09:39:53.122 | INFO     | auth.login:ensure_login:354 - Checking Login...
2026-08-03 09:39:53.122 | SUCCESS  | auth.login:load_saved_token:192 - Saved Token Loaded
2026-08-03 09:39:53.123 | SUCCESS  | auth.login:ensure_login:362 - Using Saved Token
2026-08-03 09:39:53.123 | INFO     | monitor:scan:111 - Scanning Website...
2026-08-03 09:39:53.123 | INFO     | monitor:scan:125 - Loading Page 1
2026-08-03 09:39:53.124 | INFO     | api:get_files:60 - Loading Page 1
2026-08-03 09:39:55.196 | INFO     | api:get_file:84 - Loading File 126d519e-95f6-9843-e927-2ca3fc8ea743
2026-08-03 09:39:55.426 | INFO     | monitor:scan:273 - Reached Old Files
2026-08-03 09:39:55.428 | INFO     | monitor:scan:303 - No New Serial
2026-08-03 09:39:55.429 | INFO     | monitor:scan:325 - Nothing Changed
2026-08-03 09:39:55.430 | SUCCESS  | monitor:scan:331 - Scan Finished
2026-08-03 09:39:55.432 | INFO     | monitor:start:67 - Sleep 60 Seconds
2026-08-03 09:40:55.436 | INFO     | auth.login:ensure_login:354 - Checking Login...
2026-08-03 09:40:55.439 | SUCCESS  | auth.login:load_saved_token:192 - Saved Token Loaded
2026-08-03 09:40:55.440 | SUCCESS  | auth.login:ensure_login:362 - Using Saved Token
2026-08-03 09:40:55.443 | INFO     | monitor:scan:111 - Scanning Website...
2026-08-03 09:40:55.447 | INFO     | monitor:scan:125 - Loading Page 1
2026-08-03 09:40:55.448 | INFO     | api:get_files:60 - Loading Page 1
2026-08-03 09:40:58.942 | INFO     | api:get_file:84 - Loading File 126d519e-95f6-9843-e927-2ca3fc8ea743
2026-08-03 09:40:59.171 | INFO     | monitor:scan:273 - Reached Old Files
2026-08-03 09:40:59.171 | INFO     | monitor:scan:303 - No New Serial
2026-08-03 09:40:59.171 | INFO     | monitor:scan:325 - Nothing Changed
2026-08-03 09:40:59.172 | SUCCESS  | monitor:scan:331 - Scan Finished
2026-08-03 09:40:59.172 | INFO     | monitor:start:67 - Sleep 60 Seconds
2026-08-03 09:41:59.173 | INFO     | auth.login:ensure_login:354 - Checking Login...
2026-08-03 09:41:59.174 | SUCCESS  | auth.login:load_saved_token:192 - Saved Token Loaded
2026-08-03 09:41:59.174 | SUCCESS  | auth.login:ensure_login:362 - Using Saved Token
2026-08-03 09:41:59.174 | INFO     | monitor:scan:111 - Scanning Website...
2026-08-03 09:41:59.175 | INFO     | monitor:scan:125 - Loading Page 1
2026-08-03 09:41:59.175 | INFO     | api:get_files:60 - Loading Page 1
2026-08-03 09:42:01.088 | INFO     | api:get_file:84 - Loading File 126d519e-95f6-9843-e927-2ca3fc8ea743
2026-08-03 09:42:01.318 | INFO     | monitor:scan:273 - Reached Old Files
2026-08-03 09:42:01.319 | INFO     | monitor:scan:303 - No New Serial
2026-08-03 09:42:01.320 | INFO     | monitor:scan:325 - Nothing Changed
2026-08-03 09:42:01.321 | SUCCESS  | monitor:scan:331 - Scan Finished
2026-08-03 09:42:01.322 | INFO     | monitor:start:67 - Sleep 60 Seconds
2026-08-03 09:43:01.323 | INFO     | auth.login:ensure_login:354 - Checking Login...
2026-08-03 09:43:01.328 | SUCCESS  | auth.login:load_saved_token:192 - Saved Token Loaded
2026-08-03 09:43:01.331 | SUCCESS  | auth.login:ensure_login:362 - Using Saved Token
2026-08-03 09:43:01.333 | INFO     | monitor:scan:111 - Scanning Website...
2026-08-03 09:43:01.337 | INFO     | monitor:scan:125 - Loading Page 1
2026-08-03 09:43:01.338 | INFO     | api:get_files:60 - Loading Page 1
2026-08-03 09:43:02.820 | INFO     | api:get_file:84 - Loading File 126d519e-95f6-9843-e927-2ca3fc8ea743
2026-08-03 09:43:03.048 | INFO     | monitor:scan:273 - Reached Old Files
2026-08-03 09:43:03.049 | INFO     | monitor:scan:303 - No New Serial
2026-08-03 09:43:03.050 | INFO     | monitor:scan:325 - Nothing Changed
2026-08-03 09:43:03.051 | SUCCESS  | monitor:scan:331 - Scan Finished
2026-08-03 09:43:03.051 | INFO     | monitor:start:67 - Sleep 60 Seconds
2026-08-03 09:44:03.052 | INFO     | auth.login:ensure_login:354 - Checking Login...
2026-08-03 09:44:03.053 | SUCCESS  | auth.login:load_saved_token:192 - Saved Token Loaded
2026-08-03 09:44:03.054 | SUCCESS  | auth.login:ensure_login:362 - Using Saved Token
2026-08-03 09:44:03.054 | INFO     | monitor:scan:111 - Scanning Website...
2026-08-03 09:44:03.054 | INFO     | monitor:scan:125 - Loading Page 1
2026-08-03 09:44:03.056 | INFO     | api:get_files:60 - Loading Page 1
2026-08-03 09:44:03.501 | WARNING  | auth.login:get:411 - Access Token Expired
2026-08-03 09:44:03.501 | INFO     | auth.login:login:262 - Logging in...
2026-08-03 09:44:03.947 | SUCCESS  | auth.login:save_token:242 - Token Saved
2026-08-03 09:44:03.948 | SUCCESS  | auth.login:login:340 - Login Successful
2026-08-03 09:44:05.116 | INFO     | api:get_file:84 - Loading File 126d519e-95f6-9843-e927-2ca3fc8ea743
2026-08-03 09:44:05.345 | INFO     | monitor:scan:273 - Reached Old Files
2026-08-03 09:44:05.345 | INFO     | monitor:scan:303 - No New Serial
2026-08-03 09:44:05.345 | INFO     | monitor:scan:325 - Nothing Changed
2026-08-03 09:44:05.345 | SUCCESS  | monitor:scan:331 - Scan Finished
2026-08-03 09:44:05.346 | INFO     | monitor:start:67 - Sleep 60 Seconds
2026-08-03 09:45:05.346 | INFO     | auth.login:ensure_login:354 - Checking Login...
2026-08-03 09:45:05.368 | SUCCESS  | auth.login:load_saved_token:192 - Saved Token Loaded
2026-08-03 09:45:05.368 | SUCCESS  | auth.login:ensure_login:362 - Using Saved Token
2026-08-03 09:45:05.368 | INFO     | monitor:scan:111 - Scanning Website...
2026-08-03 09:45:05.369 | INFO     | monitor:scan:125 - Loading Page 1
2026-08-03 09:45:05.369 | INFO     | api:get_files:60 - Loading Page 1
2026-08-03 09:45:08.643 | INFO     | api:get_file:84 - Loading File 126d519e-95f6-9843-e927-2ca3fc8ea743
2026-08-03 09:45:08.868 | INFO     | monitor:scan:273 - Reached Old Files
2026-08-03 09:45:08.869 | INFO     | monitor:scan:303 - No New Serial
2026-08-03 09:45:08.869 | INFO     | monitor:scan:325 - Nothing Changed
2026-08-03 09:45:08.870 | SUCCESS  | monitor:scan:331 - Scan Finished
2026-08-03 09:45:08.870 | INFO     | monitor:start:67 - Sleep 60 Seconds
2026-08-03 09:46:08.871 | INFO     | auth.login:ensure_login:354 - Checking Login...
2026-08-03 09:46:08.872 | SUCCESS  | auth.login:load_saved_token:192 - Saved Token Loaded
2026-08-03 09:46:08.872 | SUCCESS  | auth.login:ensure_login:362 - Using Saved Token
2026-08-03 09:46:08.873 | INFO     | monitor:scan:111 - Scanning Website...
2026-08-03 09:46:08.874 | INFO     | monitor:scan:125 - Loading Page 1
2026-08-03 09:46:08.874 | INFO     | api:get_files:60 - Loading Page 1
2026-08-03 09:46:11.143 | INFO     | api:get_file:84 - Loading File 126d519e-95f6-9843-e927-2ca3fc8ea743
2026-08-03 09:46:11.371 | INFO     | monitor:scan:273 - Reached Old Files
2026-08-03 09:46:11.371 | INFO     | monitor:scan:303 - No New Serial
2026-08-03 09:46:11.371 | INFO     | monitor:scan:325 - Nothing Changed
2026-08-03 09:46:11.372 | SUCCESS  | monitor:scan:331 - Scan Finished
2026-08-03 09:46:11.372 | INFO     | monitor:start:67 - Sleep 60 Seconds
2026-08-03 09:47:11.372 | INFO     | auth.login:ensure_login:354 - Checking Login...
2026-08-03 09:47:11.375 | SUCCESS  | auth.login:load_saved_token:192 - Saved Token Loaded
2026-08-03 09:47:11.376 | SUCCESS  | auth.login:ensure_login:362 - Using Saved Token
2026-08-03 09:47:11.377 | INFO     | monitor:scan:111 - Scanning Website...
2026-08-03 09:47:11.381 | INFO     | monitor:scan:125 - Loading Page 1
2026-08-03 09:47:11.382 | INFO     | api:get_files:60 - Loading Page 1
2026-08-03 09:47:14.375 | INFO     | api:get_file:84 - Loading File 126d519e-95f6-9843-e927-2ca3fc8ea743
2026-08-03 09:47:14.591 | INFO     | monitor:scan:273 - Reached Old Files
2026-08-03 09:47:14.591 | INFO     | monitor:scan:303 - No New Serial
2026-08-03 09:47:14.592 | INFO     | monitor:scan:325 - Nothing Changed
2026-08-03 09:47:14.592 | SUCCESS  | monitor:scan:331 - Scan Finished
2026-08-03 09:47:14.593 | INFO     | monitor:start:67 - Sleep 60 Seconds
2026-08-03 09:48:14.593 | INFO     | auth.login:ensure_login:354 - Checking Login...
2026-08-03 09:48:14.599 | SUCCESS  | auth.login:load_saved_token:192 - Saved Token Loaded
2026-08-03 09:48:14.601 | SUCCESS  | auth.login:ensure_login:362 - Using Saved Token
2026-08-03 09:48:14.603 | INFO     | monitor:scan:111 - Scanning Website...
2026-08-03 09:48:14.606 | INFO     | monitor:scan:125 - Loading Page 1
2026-08-03 09:48:14.607 | INFO     | api:get_files:60 - Loading Page 1
2026-08-03 09:48:16.149 | INFO     | api:get_file:84 - Loading File 126d519e-95f6-9843-e927-2ca3fc8ea743
2026-08-03 09:48:16.377 | INFO     | monitor:scan:273 - Reached Old Files
2026-08-03 09:48:16.378 | INFO     | monitor:scan:303 - No New Serial
2026-08-03 09:48:16.380 | INFO     | monitor:scan:325 - Nothing Changed
2026-08-03 09:48:16.381 | SUCCESS  | monitor:scan:331 - Scan Finished
2026-08-03 09:48:16.382 | INFO     | monitor:start:67 - Sleep 60 Seconds
2026-08-03 09:49:16.383 | INFO     | auth.login:ensure_login:354 - Checking Login...
2026-08-03 09:49:16.384 | SUCCESS  | auth.login:load_saved_token:192 - Saved Token Loaded
2026-08-03 09:49:16.384 | SUCCESS  | auth.login:ensure_login:362 - Using Saved Token
2026-08-03 09:49:16.385 | INFO     | monitor:scan:111 - Scanning Website...
2026-08-03 09:49:16.386 | INFO     | monitor:scan:125 - Loading Page 1
2026-08-03 09:49:16.386 | INFO     | api:get_files:60 - Loading Page 1
2026-08-03 09:49:19.223 | INFO     | api:get_file:84 - Loading File 126d519e-95f6-9843-e927-2ca3fc8ea743
2026-08-03 09:49:19.449 | INFO     | monitor:scan:273 - Reached Old Files
2026-08-03 09:49:19.449 | INFO     | monitor:scan:303 - No New Serial
2026-08-03 09:49:19.450 | INFO     | monitor:scan:325 - Nothing Changed
2026-08-03 09:49:19.450 | SUCCESS  | monitor:scan:331 - Scan Finished
2026-08-03 09:49:19.450 | INFO     | monitor:start:67 - Sleep 60 Seconds
2026-08-03 09:50:19.451 | INFO     | auth.login:ensure_login:354 - Checking Login...
2026-08-03 09:50:19.452 | SUCCESS  | auth.login:load_saved_token:192 - Saved Token Loaded
2026-08-03 09:50:19.453 | SUCCESS  | auth.login:ensure_login:362 - Using Saved Token
2026-08-03 09:50:19.453 | INFO     | monitor:scan:111 - Scanning Website...
2026-08-03 09:50:19.454 | INFO     | monitor:scan:125 - Loading Page 1
2026-08-03 09:50:19.454 | INFO     | api:get_files:60 - Loading Page 1
2026-08-03 09:50:20.935 | INFO     | api:get_file:84 - Loading File 126d519e-95f6-9843-e927-2ca3fc8ea743
2026-08-03 09:50:21.150 | INFO     | monitor:scan:273 - Reached Old Files
2026-08-03 09:50:21.150 | INFO     | monitor:scan:303 - No New Serial
2026-08-03 09:50:21.150 | INFO     | monitor:scan:325 - Nothing Changed
2026-08-03 09:50:21.150 | SUCCESS  | monitor:scan:331 - Scan Finished
2026-08-03 09:50:21.151 | INFO     | monitor:start:67 - Sleep 60 Seconds
2026-08-03 09:51:21.151 | INFO     | auth.login:ensure_login:354 - Checking Login...
2026-08-03 09:51:21.152 | SUCCESS  | auth.login:load_saved_token:192 - Saved Token Loaded
2026-08-03 09:51:21.152 | SUCCESS  | auth.login:ensure_login:362 - Using Saved Token
2026-08-03 09:51:21.153 | INFO     | monitor:scan:111 - Scanning Website...
2026-08-03 09:51:21.153 | INFO     | monitor:scan:125 - Loading Page 1
2026-08-03 09:51:21.153 | INFO     | api:get_files:60 - Loading Page 1
2026-08-03 09:51:22.737 | INFO     | api:get_file:84 - Loading File 126d519e-95f6-9843-e927-2ca3fc8ea743
2026-08-03 09:51:22.963 | INFO     | monitor:scan:273 - Reached Old Files
2026-08-03 09:51:22.963 | INFO     | monitor:scan:303 - No New Serial
2026-08-03 09:51:22.963 | INFO     | monitor:scan:325 - Nothing Changed
2026-08-03 09:51:22.963 | SUCCESS  | monitor:scan:331 - Scan Finished
2026-08-03 09:51:22.963 | INFO     | monitor:start:67 - Sleep 60 Seconds
2026-08-03 09:52:22.963 | INFO     | auth.login:ensure_login:354 - Checking Login...
2026-08-03 09:52:22.964 | SUCCESS  | auth.login:load_saved_token:192 - Saved Token Loaded
2026-08-03 09:52:22.964 | SUCCESS  | auth.login:ensure_login:362 - Using Saved Token
2026-08-03 09:52:22.965 | INFO     | monitor:scan:111 - Scanning Website...
2026-08-03 09:52:22.966 | INFO     | monitor:scan:125 - Loading Page 1
2026-08-03 09:52:22.967 | INFO     | api:get_files:60 - Loading Page 1
2026-08-03 09:52:24.505 | INFO     | api:get_file:84 - Loading File 126d519e-95f6-9843-e927-2ca3fc8ea743
2026-08-03 09:52:24.728 | INFO     | monitor:scan:273 - Reached Old Files
2026-08-03 09:52:24.729 | INFO     | monitor:scan:303 - No New Serial
2026-08-03 09:52:24.729 | INFO     | monitor:scan:325 - Nothing Changed
2026-08-03 09:52:24.730 | SUCCESS  | monitor:scan:331 - Scan Finished
2026-08-03 09:52:24.732 | INFO     | monitor:start:67 - Sleep 60 Seconds
2026-08-03 09:53:24.732 | INFO     | auth.login:ensure_login:354 - Checking Login...
2026-08-03 09:53:24.737 | SUCCESS  | auth.login:load_saved_token:192 - Saved Token Loaded
2026-08-03 09:53:24.740 | SUCCESS  | auth.login:ensure_login:362 - Using Saved Token
2026-08-03 09:53:24.742 | INFO     | monitor:scan:111 - Scanning Website...
2026-08-03 09:53:24.746 | INFO     | monitor:scan:125 - Loading Page 1
2026-08-03 09:53:24.747 | INFO     | api:get_files:60 - Loading Page 1
2026-08-03 09:53:28.047 | INFO     | api:get_file:84 - Loading File 126d519e-95f6-9843-e927-2ca3fc8ea743
2026-08-03 09:53:28.265 | INFO     | monitor:scan:273 - Reached Old Files
2026-08-03 09:53:28.266 | INFO     | monitor:scan:303 - No New Serial
2026-08-03 09:53:28.267 | INFO     | monitor:scan:325 - Nothing Changed
2026-08-03 09:53:28.268 | SUCCESS  | monitor:scan:331 - Scan Finished
2026-08-03 09:53:28.269 | INFO     | monitor:start:67 - Sleep 60 Seconds
2026-08-03 09:54:28.270 | INFO     | auth.login:ensure_login:354 - Checking Login...
2026-08-03 09:54:28.274 | SUCCESS  | auth.login:load_saved_token:192 - Saved Token Loaded
2026-08-03 09:54:28.275 | SUCCESS  | auth.login:ensure_login:362 - Using Saved Token
2026-08-03 09:54:28.275 | INFO     | monitor:scan:111 - Scanning Website...
2026-08-03 09:54:28.276 | INFO     | monitor:scan:125 - Loading Page 1
2026-08-03 09:54:28.277 | INFO     | api:get_files:60 - Loading Page 1
2026-08-03 09:54:28.712 | WARNING  | auth.login:get:411 - Access Token Expired
2026-08-03 09:54:28.714 | INFO     | auth.login:login:262 - Logging in...
2026-08-03 09:54:29.172 | SUCCESS  | auth.login:save_token:242 - Token Saved
2026-08-03 09:54:29.173 | SUCCESS  | auth.login:login:340 - Login Successful
2026-08-03 09:54:30.587 | INFO     | api:get_file:84 - Loading File 126d519e-95f6-9843-e927-2ca3fc8ea743
2026-08-03 09:54:30.816 | INFO     | monitor:scan:273 - Reached Old Files
2026-08-03 09:54:30.817 | INFO     | monitor:scan:303 - No New Serial
2026-08-03 09:54:30.818 | INFO     | monitor:scan:325 - Nothing Changed
2026-08-03 09:54:30.818 | SUCCESS  | monitor:scan:331 - Scan Finished
2026-08-03 09:54:30.820 | INFO     | monitor:start:67 - Sleep 60 Seconds
2026-08-03 09:55:30.821 | INFO     | auth.login:ensure_login:354 - Checking Login...
2026-08-03 09:55:30.834 | SUCCESS  | auth.login:load_saved_token:192 - Saved Token Loaded
2026-08-03 09:55:30.834 | SUCCESS  | auth.login:ensure_login:362 - Using Saved Token
2026-08-03 09:55:30.834 | INFO     | monitor:scan:111 - Scanning Website...
2026-08-03 09:55:30.835 | INFO     | monitor:scan:125 - Loading Page 1
2026-08-03 09:55:30.835 | INFO     | api:get_files:60 - Loading Page 1
2026-08-03 09:55:32.404 | INFO     | api:get_file:84 - Loading File 126d519e-95f6-9843-e927-2ca3fc8ea743
2026-08-03 09:55:32.633 | INFO     | monitor:scan:273 - Reached Old Files
2026-08-03 09:55:32.634 | INFO     | monitor:scan:303 - No New Serial
2026-08-03 09:55:32.635 | INFO     | monitor:scan:325 - Nothing Changed
2026-08-03 09:55:32.636 | SUCCESS  | monitor:scan:331 - Scan Finished
2026-08-03 09:55:32.637 | INFO     | monitor:start:67 - Sleep 60 Seconds
2026-08-03 09:56:32.638 | INFO     | auth.login:ensure_login:354 - Checking Login...
2026-08-03 09:56:32.643 | SUCCESS  | auth.login:load_saved_token:192 - Saved Token Loaded
2026-08-03 09:56:32.645 | SUCCESS  | auth.login:ensure_login:362 - Using Saved Token
2026-08-03 09:56:32.646 | INFO     | monitor:scan:111 - Scanning Website...
2026-08-03 09:56:32.650 | INFO     | monitor:scan:125 - Loading Page 1
2026-08-03 09:56:32.652 | INFO     | api:get_files:60 - Loading Page 1
2026-08-03 09:56:35.826 | INFO     | api:get_file:84 - Loading File 126d519e-95f6-9843-e927-2ca3fc8ea743
2026-08-03 09:56:36.054 | INFO     | monitor:scan:273 - Reached Old Files
2026-08-03 09:56:36.056 | INFO     | monitor:scan:303 - No New Serial
2026-08-03 09:56:36.057 | INFO     | monitor:scan:325 - Nothing Changed
2026-08-03 09:56:36.058 | SUCCESS  | monitor:scan:331 - Scan Finished
2026-08-03 09:56:36.059 | INFO     | monitor:start:67 - Sleep 60 Seconds
2026-08-03 09:57:36.060 | INFO     | auth.login:ensure_login:354 - Checking Login...
2026-08-03 09:57:36.062 | SUCCESS  | auth.login:load_saved_token:192 - Saved Token Loaded
2026-08-03 09:57:36.062 | SUCCESS  | auth.login:ensure_login:362 - Using Saved Token
2026-08-03 09:57:36.063 | INFO     | monitor:scan:111 - Scanning Website...
2026-08-03 09:57:36.064 | INFO     | monitor:scan:125 - Loading Page 1
2026-08-03 09:57:36.065 | INFO     | api:get_files:60 - Loading Page 1
2026-08-03 09:57:37.720 | INFO     | api:get_file:84 - Loading File 126d519e-95f6-9843-e927-2ca3fc8ea743
2026-08-03 09:57:37.941 | INFO     | monitor:scan:273 - Reached Old Files
2026-08-03 09:57:37.942 | INFO     | monitor:scan:303 - No New Serial
2026-08-03 09:57:37.942 | INFO     | monitor:scan:325 - Nothing Changed
2026-08-03 09:57:37.943 | SUCCESS  | monitor:scan:331 - Scan Finished
2026-08-03 09:57:37.944 | INFO     | monitor:start:67 - Sleep 60 Seconds
2026-08-03 09:58:37.945 | INFO     | auth.login:ensure_login:354 - Checking Login...
2026-08-03 09:58:37.946 | SUCCESS  | auth.login:load_saved_token:192 - Saved Token Loaded
2026-08-03 09:58:37.946 | SUCCESS  | auth.login:ensure_login:362 - Using Saved Token
2026-08-03 09:58:37.946 | INFO     | monitor:scan:111 - Scanning Website...
2026-08-03 09:58:37.947 | INFO     | monitor:scan:125 - Loading Page 1
2026-08-03 09:58:37.947 | INFO     | api:get_files:60 - Loading Page 1
2026-08-03 09:58:41.200 | INFO     | api:get_file:84 - Loading File 126d519e-95f6-9843-e927-2ca3fc8ea743
2026-08-03 09:58:41.450 | INFO     | monitor:scan:273 - Reached Old Files
2026-08-03 09:58:41.452 | INFO     | monitor:scan:303 - No New Serial
2026-08-03 09:58:41.453 | INFO     | monitor:scan:325 - Nothing Changed
2026-08-03 09:58:41.453 | SUCCESS  | monitor:scan:331 - Scan Finished
2026-08-03 09:58:41.454 | INFO     | monitor:start:67 - Sleep 60 Seconds
2026-08-03 09:59:41.457 | INFO     | auth.login:ensure_login:354 - Checking Login...
2026-08-03 09:59:41.462 | SUCCESS  | auth.login:load_saved_token:192 - Saved Token Loaded
2026-08-03 09:59:41.464 | SUCCESS  | auth.login:ensure_login:362 - Using Saved Token
2026-08-03 09:59:41.466 | INFO     | monitor:scan:111 - Scanning Website...
2026-08-03 09:59:41.470 | INFO     | monitor:scan:125 - Loading Page 1
2026-08-03 09:59:41.472 | INFO     | api:get_files:60 - Loading Page 1
2026-08-03 09:59:43.547 | INFO     | api:get_file:84 - Loading File 126d519e-95f6-9843-e927-2ca3fc8ea743
2026-08-03 09:59:43.766 | INFO     | monitor:scan:273 - Reached Old Files
2026-08-03 09:59:43.768 | INFO     | monitor:scan:303 - No New Serial
2026-08-03 09:59:43.769 | INFO     | monitor:scan:325 - Nothing Changed
2026-08-03 09:59:43.770 | SUCCESS  | monitor:scan:331 - Scan Finished
2026-08-03 09:59:43.772 | INFO     | monitor:start:67 - Sleep 60 Seconds
2026-08-03 10:00:43.775 | INFO     | auth.login:ensure_login:354 - Checking Login...
2026-08-03 10:00:43.779 | SUCCESS  | auth.login:load_saved_token:192 - Saved Token Loaded
2026-08-03 10:00:43.780 | SUCCESS  | auth.login:ensure_login:362 - Using Saved Token
2026-08-03 10:00:43.781 | INFO     | monitor:scan:111 - Scanning Website...
2026-08-03 10:00:43.784 | INFO     | monitor:scan:125 - Loading Page 1
2026-08-03 10:00:43.785 | INFO     | api:get_files:60 - Loading Page 1
2026-08-03 10:00:46.736 | INFO     | api:get_file:84 - Loading File 126d519e-95f6-9843-e927-2ca3fc8ea743
2026-08-03 10:00:46.960 | INFO     | monitor:scan:273 - Reached Old Files
2026-08-03 10:00:46.960 | INFO     | monitor:scan:303 - No New Serial
2026-08-03 10:00:46.960 | INFO     | monitor:scan:325 - Nothing Changed
2026-08-03 10:00:46.961 | SUCCESS  | monitor:scan:331 - Scan Finished
2026-08-03 10:00:46.961 | INFO     | monitor:start:67 - Sleep 60 Seconds
2026-08-03 10:01:46.962 | INFO     | auth.login:ensure_login:354 - Checking Login...
2026-08-03 10:01:46.964 | SUCCESS  | auth.login:load_saved_token:192 - Saved Token Loaded
2026-08-03 10:01:46.965 | SUCCESS  | auth.login:ensure_login:362 - Using Saved Token
2026-08-03 10:01:46.965 | INFO     | monitor:scan:111 - Scanning Website...
2026-08-03 10:01:46.965 | INFO     | monitor:scan:125 - Loading Page 1
2026-08-03 10:01:46.966 | INFO     | api:get_files:60 - Loading Page 1
2026-08-03 10:01:48.518 | INFO     | api:get_file:84 - Loading File 126d519e-95f6-9843-e927-2ca3fc8ea743
2026-08-03 10:01:48.760 | INFO     | monitor:scan:273 - Reached Old Files
2026-08-03 10:01:48.761 | INFO     | monitor:scan:303 - No New Serial
2026-08-03 10:01:48.762 | INFO     | monitor:scan:325 - Nothing Changed
2026-08-03 10:01:48.762 | SUCCESS  | monitor:scan:331 - Scan Finished
2026-08-03 10:01:48.764 | INFO     | monitor:start:67 - Sleep 60 Seconds
2026-08-03 10:02:48.765 | INFO     | auth.login:ensure_login:354 - Checking Login...
2026-08-03 10:02:48.769 | SUCCESS  | auth.login:load_saved_token:192 - Saved Token Loaded
2026-08-03 10:02:48.770 | SUCCESS  | auth.login:ensure_login:362 - Using Saved Token
2026-08-03 10:02:48.770 | INFO     | monitor:scan:111 - Scanning Website...
2026-08-03 10:02:48.773 | INFO     | monitor:scan:125 - Loading Page 1
2026-08-03 10:02:48.774 | INFO     | api:get_files:60 - Loading Page 1
2026-08-03 10:02:50.651 | INFO     | api:get_file:84 - Loading File 126d519e-95f6-9843-e927-2ca3fc8ea743
2026-08-03 10:02:50.872 | INFO     | monitor:scan:273 - Reached Old Files
2026-08-03 10:02:50.872 | INFO     | monitor:scan:303 - No New Serial
2026-08-03 10:02:50.872 | INFO     | monitor:scan:325 - Nothing Changed
2026-08-03 10:02:50.872 | SUCCESS  | monitor:scan:331 - Scan Finished
2026-08-03 10:02:50.872 | INFO     | monitor:start:67 - Sleep 60 Seconds
2026-08-03 10:03:50.873 | INFO     | auth.login:ensure_login:354 - Checking Login...
2026-08-03 10:03:50.874 | SUCCESS  | auth.login:load_saved_token:192 - Saved Token Loaded
2026-08-03 10:03:50.874 | SUCCESS  | auth.login:ensure_login:362 - Using Saved Token
2026-08-03 10:03:50.874 | INFO     | monitor:scan:111 - Scanning Website...
2026-08-03 10:03:50.875 | INFO     | monitor:scan:125 - Loading Page 1
2026-08-03 10:03:50.875 | INFO     | api:get_files:60 - Loading Page 1
2026-08-03 10:03:54.209 | INFO     | api:get_file:84 - Loading File 126d519e-95f6-9843-e927-2ca3fc8ea743
2026-08-03 10:03:54.439 | INFO     | monitor:scan:273 - Reached Old Files
2026-08-03 10:03:54.441 | INFO     | monitor:scan:303 - No New Serial
2026-08-03 10:03:54.442 | INFO     | monitor:scan:325 - Nothing Changed
2026-08-03 10:03:54.443 | SUCCESS  | monitor:scan:331 - Scan Finished
2026-08-03 10:03:54.446 | INFO     | monitor:start:67 - Sleep 60 Seconds
2026-08-03 10:04:54.447 | INFO     | auth.login:ensure_login:354 - Checking Login...
2026-08-03 10:04:54.451 | SUCCESS  | auth.login:load_saved_token:192 - Saved Token Loaded
2026-08-03 10:04:54.452 | SUCCESS  | auth.login:ensure_login:362 - Using Saved Token
2026-08-03 10:04:54.453 | INFO     | monitor:scan:111 - Scanning Website...
2026-08-03 10:04:54.456 | INFO     | monitor:scan:125 - Loading Page 1
2026-08-03 10:04:54.457 | INFO     | api:get_files:60 - Loading Page 1
2026-08-03 10:04:54.887 | WARNING  | auth.login:get:411 - Access Token Expired
2026-08-03 10:04:54.889 | INFO     | auth.login:login:262 - Logging in...
2026-08-03 10:04:55.383 | SUCCESS  | auth.login:save_token:242 - Token Saved
2026-08-03 10:04:55.385 | SUCCESS  | auth.login:login:340 - Login Successful
2026-08-03 10:04:56.668 | INFO     | api:get_file:84 - Loading File 126d519e-95f6-9843-e927-2ca3fc8ea743
2026-08-03 10:04:56.893 | INFO     | monitor:scan:273 - Reached Old Files
2026-08-03 10:04:56.893 | INFO     | monitor:scan:303 - No New Serial
2026-08-03 10:04:56.893 | INFO     | monitor:scan:325 - Nothing Changed
2026-08-03 10:04:56.893 | SUCCESS  | monitor:scan:331 - Scan Finished
2026-08-03 10:04:56.894 | INFO     | monitor:start:67 - Sleep 60 Seconds
2026-08-03 10:05:56.895 | INFO     | auth.login:ensure_login:354 - Checking Login...
2026-08-03 10:05:56.917 | SUCCESS  | auth.login:load_saved_token:192 - Saved Token Loaded
2026-08-03 10:05:56.917 | SUCCESS  | auth.login:ensure_login:362 - Using Saved Token
2026-08-03 10:05:56.917 | INFO     | monitor:scan:111 - Scanning Website...
2026-08-03 10:05:56.918 | INFO     | monitor:scan:125 - Loading Page 1
2026-08-03 10:05:56.918 | INFO     | api:get_files:60 - Loading Page 1
2026-08-03 10:05:58.654 | INFO     | api:get_file:84 - Loading File 126d519e-95f6-9843-e927-2ca3fc8ea743
2026-08-03 10:05:58.880 | INFO     | monitor:scan:273 - Reached Old Files
2026-08-03 10:05:58.880 | INFO     | monitor:scan:303 - No New Serial
2026-08-03 10:05:58.880 | INFO     | monitor:scan:325 - Nothing Changed
2026-08-03 10:05:58.880 | SUCCESS  | monitor:scan:331 - Scan Finished
2026-08-03 10:05:58.881 | INFO     | monitor:start:67 - Sleep 60 Seconds
2026-08-03 10:06:58.882 | INFO     | auth.login:ensure_login:354 - Checking Login...
2026-08-03 10:06:58.887 | SUCCESS  | auth.login:load_saved_token:192 - Saved Token Loaded
2026-08-03 10:06:58.889 | SUCCESS  | auth.login:ensure_login:362 - Using Saved Token
2026-08-03 10:06:58.891 | INFO     | monitor:scan:111 - Scanning Website...
2026-08-03 10:06:58.892 | INFO     | monitor:scan:125 - Loading Page 1
2026-08-03 10:06:58.893 | INFO     | api:get_files:60 - Loading Page 1
2026-08-03 10:07:00.885 | INFO     | api:get_file:84 - Loading File 126d519e-95f6-9843-e927-2ca3fc8ea743
2026-08-03 10:07:01.116 | INFO     | monitor:scan:273 - Reached Old Files
2026-08-03 10:07:01.118 | INFO     | monitor:scan:303 - No New Serial
2026-08-03 10:07:01.118 | INFO     | monitor:scan:325 - Nothing Changed
2026-08-03 10:07:01.118 | SUCCESS  | monitor:scan:331 - Scan Finished
2026-08-03 10:07:01.119 | INFO     | monitor:start:67 - Sleep 60 Seconds
2026-08-03 10:08:01.119 | INFO     | auth.login:ensure_login:354 - Checking Login...
2026-08-03 10:08:01.125 | SUCCESS  | auth.login:load_saved_token:192 - Saved Token Loaded
2026-08-03 10:08:01.126 | SUCCESS  | auth.login:ensure_login:362 - Using Saved Token
2026-08-03 10:08:01.127 | INFO     | monitor:scan:111 - Scanning Website...
2026-08-03 10:08:01.130 | INFO     | monitor:scan:125 - Loading Page 1
2026-08-03 10:08:01.131 | INFO     | api:get_files:60 - Loading Page 1
2026-08-03 10:08:02.671 | INFO     | api:get_file:84 - Loading File 126d519e-95f6-9843-e927-2ca3fc8ea743
2026-08-03 10:08:02.883 | INFO     | monitor:scan:273 - Reached Old Files
2026-08-03 10:08:02.883 | INFO     | monitor:scan:303 - No New Serial
2026-08-03 10:08:02.884 | INFO     | monitor:scan:325 - Nothing Changed
2026-08-03 10:08:02.884 | SUCCESS  | monitor:scan:331 - Scan Finished
2026-08-03 10:08:02.884 | INFO     | monitor:start:67 - Sleep 60 Seconds
2026-08-03 10:09:02.885 | INFO     | auth.login:ensure_login:354 - Checking Login...
2026-08-03 10:09:02.887 | SUCCESS  | auth.login:load_saved_token:192 - Saved Token Loaded
2026-08-03 10:09:02.887 | SUCCESS  | auth.login:ensure_login:362 - Using Saved Token
2026-08-03 10:09:02.887 | INFO     | monitor:scan:111 - Scanning Website...
2026-08-03 10:09:02.889 | INFO     | monitor:scan:125 - Loading Page 1
2026-08-03 10:09:02.890 | INFO     | api:get_files:60 - Loading Page 1
2026-08-03 10:09:04.597 | INFO     | api:get_file:84 - Loading File 126d519e-95f6-9843-e927-2ca3fc8ea743
2026-08-03 10:09:04.820 | INFO     | monitor:scan:273 - Reached Old Files
2026-08-03 10:09:04.821 | INFO     | monitor:scan:303 - No New Serial
2026-08-03 10:09:04.821 | INFO     | monitor:scan:325 - Nothing Changed
2026-08-03 10:09:04.821 | SUCCESS  | monitor:scan:331 - Scan Finished
2026-08-03 10:09:04.823 | INFO     | monitor:start:67 - Sleep 60 Seconds
2026-08-03 10:10:04.824 | INFO     | auth.login:ensure_login:354 - Checking Login...
2026-08-03 10:10:04.826 | SUCCESS  | auth.login:load_saved_token:192 - Saved Token Loaded
2026-08-03 10:10:04.827 | SUCCESS  | auth.login:ensure_login:362 - Using Saved Token
2026-08-03 10:10:04.827 | INFO     | monitor:scan:111 - Scanning Website...
2026-08-03 10:10:04.830 | INFO     | monitor:scan:125 - Loading Page 1
2026-08-03 10:10:04.830 | INFO     | api:get_files:60 - Loading Page 1
2026-08-03 10:10:06.937 | INFO     | api:get_file:84 - Loading File 126d519e-95f6-9843-e927-2ca3fc8ea743
2026-08-03 10:10:07.160 | INFO     | monitor:scan:273 - Reached Old Files
2026-08-03 10:10:07.161 | INFO     | monitor:scan:303 - No New Serial
2026-08-03 10:10:07.163 | INFO     | monitor:scan:325 - Nothing Changed
2026-08-03 10:10:07.164 | SUCCESS  | monitor:scan:331 - Scan Finished
2026-08-03 10:10:07.166 | INFO     | monitor:start:67 - Sleep 60 Seconds
2026-08-03 10:11:07.169 | INFO     | auth.login:ensure_login:354 - Checking Login...
2026-08-03 10:11:07.173 | SUCCESS  | auth.login:load_saved_token:192 - Saved Token Loaded
2026-08-03 10:11:07.173 | SUCCESS  | auth.login:ensure_login:362 - Using Saved Token
2026-08-03 10:11:07.174 | INFO     | monitor:scan:111 - Scanning Website...
2026-08-03 10:11:07.176 | INFO     | monitor:scan:125 - Loading Page 1
2026-08-03 10:11:07.177 | INFO     | api:get_files:60 - Loading Page 1
2026-08-03 10:11:08.615 | INFO     | api:get_file:84 - Loading File 126d519e-95f6-9843-e927-2ca3fc8ea743
2026-08-03 10:11:08.818 | INFO     | monitor:scan:273 - Reached Old Files
2026-08-03 10:11:08.820 | INFO     | monitor:scan:303 - No New Serial
2026-08-03 10:11:08.821 | INFO     | monitor:scan:325 - Nothing Changed
2026-08-03 10:11:08.822 | SUCCESS  | monitor:scan:331 - Scan Finished
2026-08-03 10:11:08.823 | INFO     | monitor:start:67 - Sleep 60 Seconds
2026-08-03 10:12:08.824 | INFO     | auth.login:ensure_login:354 - Checking Login...
2026-08-03 10:12:08.825 | SUCCESS  | auth.login:load_saved_token:192 - Saved Token Loaded
2026-08-03 10:12:08.826 | SUCCESS  | auth.login:ensure_login:362 - Using Saved Token
2026-08-03 10:12:08.826 | INFO     | monitor:scan:111 - Scanning Website...
2026-08-03 10:12:08.827 | INFO     | monitor:scan:125 - Loading Page 1
2026-08-03 10:12:08.827 | INFO     | api:get_files:60 - Loading Page 1
2026-08-03 10:12:10.374 | INFO     | api:get_file:84 - Loading File 126d519e-95f6-9843-e927-2ca3fc8ea743
2026-08-03 10:12:10.608 | INFO     | monitor:scan:273 - Reached Old Files
2026-08-03 10:12:10.610 | INFO     | monitor:scan:303 - No New Serial
2026-08-03 10:12:10.611 | INFO     | monitor:scan:325 - Nothing Changed
2026-08-03 10:12:10.611 | SUCCESS  | monitor:scan:331 - Scan Finished
2026-08-03 10:12:10.612 | INFO     | monitor:start:67 - Sleep 60 Seconds
2026-08-03 10:13:10.613 | INFO     | auth.login:ensure_login:354 - Checking Login...
2026-08-03 10:13:10.617 | SUCCESS  | auth.login:load_saved_token:192 - Saved Token Loaded
2026-08-03 10:13:10.618 | SUCCESS  | auth.login:ensure_login:362 - Using Saved Token
2026-08-03 10:13:10.620 | INFO     | monitor:scan:111 - Scanning Website...
2026-08-03 10:13:10.622 | INFO     | monitor:scan:125 - Loading Page 1
2026-08-03 10:13:10.623 | INFO     | api:get_files:60 - Loading Page 1
2026-08-03 10:13:12.050 | INFO     | api:get_file:84 - Loading File 126d519e-95f6-9843-e927-2ca3fc8ea743
2026-08-03 10:13:12.265 | INFO     | monitor:scan:273 - Reached Old Files
2026-08-03 10:13:12.266 | INFO     | monitor:scan:303 - No New Serial
2026-08-03 10:13:12.266 | INFO     | monitor:scan:325 - Nothing Changed
2026-08-03 10:13:12.266 | SUCCESS  | monitor:scan:331 - Scan Finished
2026-08-03 10:13:12.267 | INFO     | monitor:start:67 - Sleep 60 Seconds
2026-08-03 10:14:12.269 | INFO     | auth.login:ensure_login:354 - Checking Login...
2026-08-03 10:14:12.273 | SUCCESS  | auth.login:load_saved_token:192 - Saved Token Loaded
2026-08-03 10:14:12.276 | SUCCESS  | auth.login:ensure_login:362 - Using Saved Token
2026-08-03 10:14:12.278 | INFO     | monitor:scan:111 - Scanning Website...
2026-08-03 10:14:12.280 | INFO     | monitor:scan:125 - Loading Page 1
2026-08-03 10:14:12.281 | INFO     | api:get_files:60 - Loading Page 1
2026-08-03 10:14:15.562 | INFO     | api:get_file:84 - Loading File 126d519e-95f6-9843-e927-2ca3fc8ea743
2026-08-03 10:14:15.788 | INFO     | monitor:scan:273 - Reached Old Files
2026-08-03 10:14:15.788 | INFO     | monitor:scan:303 - No New Serial
2026-08-03 10:14:15.788 | INFO     | monitor:scan:325 - Nothing Changed
2026-08-03 10:14:15.789 | SUCCESS  | monitor:scan:331 - Scan Finished
2026-08-03 10:14:15.789 | INFO     | monitor:start:67 - Sleep 60 Seconds
2026-08-03 10:15:15.790 | INFO     | auth.login:ensure_login:354 - Checking Login...
2026-08-03 10:15:15.793 | SUCCESS  | auth.login:load_saved_token:192 - Saved Token Loaded
2026-08-03 10:15:15.793 | SUCCESS  | auth.login:ensure_login:362 - Using Saved Token
2026-08-03 10:15:15.794 | INFO     | monitor:scan:111 - Scanning Website...
2026-08-03 10:15:15.795 | INFO     | monitor:scan:125 - Loading Page 1
2026-08-03 10:15:15.796 | INFO     | api:get_files:60 - Loading Page 1
2026-08-03 10:15:16.215 | WARNING  | auth.login:get:411 - Access Token Expired
2026-08-03 10:15:16.215 | INFO     | auth.login:login:262 - Logging in...
2026-08-03 10:15:16.665 | SUCCESS  | auth.login:save_token:242 - Token Saved
2026-08-03 10:15:16.666 | SUCCESS  | auth.login:login:340 - Login Successful
2026-08-03 10:15:19.330 | INFO     | api:get_file:84 - Loading File 126d519e-95f6-9843-e927-2ca3fc8ea743
2026-08-03 10:15:19.556 | INFO     | monitor:scan:273 - Reached Old Files
2026-08-03 10:15:19.557 | INFO     | monitor:scan:303 - No New Serial
2026-08-03 10:15:19.559 | INFO     | monitor:scan:325 - Nothing Changed
2026-08-03 10:15:19.561 | SUCCESS  | monitor:scan:331 - Scan Finished
2026-08-03 10:15:19.562 | INFO     | monitor:start:67 - Sleep 60 Seconds
2026-08-03 10:16:19.564 | INFO     | auth.login:ensure_login:354 - Checking Login...
2026-08-03 10:16:19.571 | SUCCESS  | auth.login:load_saved_token:192 - Saved Token Loaded
2026-08-03 10:16:19.571 | SUCCESS  | auth.login:ensure_login:362 - Using Saved Token
2026-08-03 10:16:19.571 | INFO     | monitor:scan:111 - Scanning Website...
2026-08-03 10:16:19.573 | INFO     | monitor:scan:125 - Loading Page 1
2026-08-03 10:16:19.574 | INFO     | api:get_files:60 - Loading Page 1
2026-08-03 10:16:21.453 | INFO     | api:get_file:84 - Loading File 126d519e-95f6-9843-e927-2ca3fc8ea743
2026-08-03 10:16:21.670 | INFO     | monitor:scan:273 - Reached Old Files
2026-08-03 10:16:21.670 | INFO     | monitor:scan:303 - No New Serial
2026-08-03 10:16:21.671 | INFO     | monitor:scan:325 - Nothing Changed
2026-08-03 10:16:21.671 | SUCCESS  | monitor:scan:331 - Scan Finished
2026-08-03 10:16:21.671 | INFO     | monitor:start:67 - Sleep 60 Seconds
2026-08-03 10:17:21.672 | INFO     | auth.login:ensure_login:354 - Checking Login...
2026-08-03 10:17:21.672 | SUCCESS  | auth.login:load_saved_token:192 - Saved Token Loaded
2026-08-03 10:17:21.672 | SUCCESS  | auth.login:ensure_login:362 - Using Saved Token
2026-08-03 10:17:21.672 | INFO     | monitor:scan:111 - Scanning Website...
2026-08-03 10:17:21.673 | INFO     | monitor:scan:125 - Loading Page 1
2026-08-03 10:17:21.673 | INFO     | api:get_files:60 - Loading Page 1
2026-08-03 10:17:23.371 | INFO     | api:get_file:84 - Loading File 126d519e-95f6-9843-e927-2ca3fc8ea743
2026-08-03 10:17:23.600 | INFO     | monitor:scan:273 - Reached Old Files
2026-08-03 10:17:23.602 | INFO     | monitor:scan:303 - No New Serial
2026-08-03 10:17:23.603 | INFO     | monitor:scan:325 - Nothing Changed
2026-08-03 10:17:23.605 | SUCCESS  | monitor:scan:331 - Scan Finished
2026-08-03 10:17:23.607 | INFO     | monitor:start:67 - Sleep 60 Seconds
2026-08-03 10:18:23.608 | INFO     | auth.login:ensure_login:354 - Checking Login...
2026-08-03 10:18:23.611 | SUCCESS  | auth.login:load_saved_token:192 - Saved Token Loaded
2026-08-03 10:18:23.614 | SUCCESS  | auth.login:ensure_login:362 - Using Saved Token
2026-08-03 10:18:23.615 | INFO     | monitor:scan:111 - Scanning Website...
2026-08-03 10:18:23.621 | INFO     | monitor:scan:125 - Loading Page 1
2026-08-03 10:18:23.622 | INFO     | api:get_files:60 - Loading Page 1
2026-08-03 10:18:26.790 | INFO     | api:get_file:84 - Loading File 126d519e-95f6-9843-e927-2ca3fc8ea743
2026-08-03 10:18:27.025 | INFO     | monitor:scan:273 - Reached Old Files
2026-08-03 10:18:27.026 | INFO     | monitor:scan:303 - No New Serial
2026-08-03 10:18:27.026 | INFO     | monitor:scan:325 - Nothing Changed
2026-08-03 10:18:27.027 | SUCCESS  | monitor:scan:331 - Scan Finished
2026-08-03 10:18:27.027 | INFO     | monitor:start:67 - Sleep 60 Seconds
2026-08-03 10:19:27.028 | INFO     | auth.login:ensure_login:354 - Checking Login...
2026-08-03 10:19:27.029 | SUCCESS  | auth.login:load_saved_token:192 - Saved Token Loaded
2026-08-03 10:19:27.029 | SUCCESS  | auth.login:ensure_login:362 - Using Saved Token
2026-08-03 10:19:27.029 | INFO     | monitor:scan:111 - Scanning Website...
2026-08-03 10:19:27.029 | INFO     | monitor:scan:125 - Loading Page 1
2026-08-03 10:19:27.030 | INFO     | api:get_files:60 - Loading Page 1
2026-08-03 10:19:28.500 | INFO     | api:get_file:84 - Loading File 126d519e-95f6-9843-e927-2ca3fc8ea743
2026-08-03 10:19:28.720 | INFO     | monitor:scan:273 - Reached Old Files
2026-08-03 10:19:28.722 | INFO     | monitor:scan:303 - No New Serial
2026-08-03 10:19:28.724 | INFO     | monitor:scan:325 - Nothing Changed
2026-08-03 10:19:28.725 | SUCCESS  | monitor:scan:331 - Scan Finished
2026-08-03 10:19:28.726 | INFO     | monitor:start:67 - Sleep 60 Seconds
2026-08-03 10:20:28.728 | INFO     | auth.login:ensure_login:354 - Checking Login...
2026-08-03 10:20:28.730 | SUCCESS  | auth.login:load_saved_token:192 - Saved Token Loaded
2026-08-03 10:20:28.731 | SUCCESS  | auth.login:ensure_login:362 - Using Saved Token
2026-08-03 10:20:28.731 | INFO     | monitor:scan:111 - Scanning Website...
2026-08-03 10:20:28.731 | INFO     | monitor:scan:125 - Loading Page 1
2026-08-03 10:20:28.732 | INFO     | api:get_files:60 - Loading Page 1
2026-08-03 10:20:30.104 | INFO     | api:get_file:84 - Loading File 126d519e-95f6-9843-e927-2ca3fc8ea743
2026-08-03 10:20:30.316 | INFO     | monitor:scan:273 - Reached Old Files
2026-08-03 10:20:30.317 | INFO     | monitor:scan:303 - No New Serial
2026-08-03 10:20:30.318 | INFO     | monitor:scan:325 - Nothing Changed
2026-08-03 10:20:30.319 | SUCCESS  | monitor:scan:331 - Scan Finished
2026-08-03 10:20:30.320 | INFO     | monitor:start:67 - Sleep 60 Seconds
2026-08-03 10:21:30.322 | INFO     | auth.login:ensure_login:354 - Checking Login...
2026-08-03 10:21:30.326 | SUCCESS  | auth.login:load_saved_token:192 - Saved Token Loaded
2026-08-03 10:21:30.328 | SUCCESS  | auth.login:ensure_login:362 - Using Saved Token
2026-08-03 10:21:30.330 | INFO     | monitor:scan:111 - Scanning Website...
2026-08-03 10:21:30.333 | INFO     | monitor:scan:125 - Loading Page 1
2026-08-03 10:21:30.334 | INFO     | api:get_files:60 - Loading Page 1
2026-08-03 10:21:31.995 | INFO     | api:get_file:84 - Loading File 126d519e-95f6-9843-e927-2ca3fc8ea743
2026-08-03 10:21:32.225 | INFO     | monitor:scan:273 - Reached Old Files
2026-08-03 10:21:32.226 | INFO     | monitor:scan:303 - No New Serial
2026-08-03 10:21:32.229 | INFO     | monitor:scan:325 - Nothing Changed
2026-08-03 10:21:32.230 | SUCCESS  | monitor:scan:331 - Scan Finished
2026-08-03 10:21:32.231 | INFO     | monitor:start:67 - Sleep 60 Seconds
2026-08-03 10:22:32.232 | INFO     | auth.login:ensure_login:354 - Checking Login...
2026-08-03 10:22:32.237 | SUCCESS  | auth.login:load_saved_token:192 - Saved Token Loaded
2026-08-03 10:22:32.239 | SUCCESS  | auth.login:ensure_login:362 - Using Saved Token
2026-08-03 10:22:32.240 | INFO     | monitor:scan:111 - Scanning Website...
2026-08-03 10:22:32.243 | INFO     | monitor:scan:125 - Loading Page 1
2026-08-03 10:22:32.244 | INFO     | api:get_files:60 - Loading Page 1
2026-08-03 10:22:33.717 | INFO     | api:get_file:84 - Loading File 126d519e-95f6-9843-e927-2ca3fc8ea743
2026-08-03 10:22:33.936 | INFO     | monitor:scan:273 - Reached Old Files
2026-08-03 10:22:33.938 | INFO     | monitor:scan:303 - No New Serial
2026-08-03 10:22:33.940 | INFO     | monitor:scan:325 - Nothing Changed
2026-08-03 10:22:33.941 | SUCCESS  | monitor:scan:331 - Scan Finished
2026-08-03 10:22:33.944 | INFO     | monitor:start:67 - Sleep 60 Seconds
2026-08-03 10:23:33.945 | INFO     | auth.login:ensure_login:354 - Checking Login...
2026-08-03 10:23:33.950 | SUCCESS  | auth.login:load_saved_token:192 - Saved Token Loaded
2026-08-03 10:23:33.950 | SUCCESS  | auth.login:ensure_login:362 - Using Saved Token
2026-08-03 10:23:33.951 | INFO     | monitor:scan:111 - Scanning Website...
2026-08-03 10:23:33.953 | INFO     | monitor:scan:125 - Loading Page 1
2026-08-03 10:23:33.953 | INFO     | api:get_files:60 - Loading Page 1
2026-08-03 10:23:36.315 | INFO     | api:get_file:84 - Loading File 126d519e-95f6-9843-e927-2ca3fc8ea743
2026-08-03 10:23:36.540 | INFO     | monitor:scan:273 - Reached Old Files
2026-08-03 10:23:36.542 | INFO     | monitor:scan:303 - No New Serial
2026-08-03 10:23:36.542 | INFO     | monitor:scan:325 - Nothing Changed
2026-08-03 10:23:36.542 | SUCCESS  | monitor:scan:331 - Scan Finished
2026-08-03 10:23:36.543 | INFO     | monitor:start:67 - Sleep 60 Seconds
2026-08-03 10:24:36.544 | INFO     | auth.login:ensure_login:354 - Checking Login...
2026-08-03 10:24:36.545 | SUCCESS  | auth.login:load_saved_token:192 - Saved Token Loaded
2026-08-03 10:24:36.545 | SUCCESS  | auth.login:ensure_login:362 - Using Saved Token
2026-08-03 10:24:36.545 | INFO     | monitor:scan:111 - Scanning Website...
2026-08-03 10:24:36.546 | INFO     | monitor:scan:125 - Loading Page 1
2026-08-03 10:24:36.546 | INFO     | api:get_files:60 - Loading Page 1
2026-08-03 10:24:38.023 | INFO     | api:get_file:84 - Loading File 126d519e-95f6-9843-e927-2ca3fc8ea743
2026-08-03 10:24:38.241 | INFO     | monitor:scan:273 - Reached Old Files
2026-08-03 10:24:38.243 | INFO     | monitor:scan:303 - No New Serial
2026-08-03 10:24:38.245 | INFO     | monitor:scan:325 - Nothing Changed
2026-08-03 10:24:38.246 | SUCCESS  | monitor:scan:331 - Scan Finished
2026-08-03 10:24:38.248 | INFO     | monitor:start:67 - Sleep 60 Seconds
2026-08-03 10:25:38.251 | INFO     | auth.login:ensure_login:354 - Checking Login...
2026-08-03 10:25:38.252 | SUCCESS  | auth.login:load_saved_token:192 - Saved Token Loaded
2026-08-03 10:25:38.252 | SUCCESS  | auth.login:ensure_login:362 - Using Saved Token
2026-08-03 10:25:38.252 | INFO     | monitor:scan:111 - Scanning Website...
2026-08-03 10:25:38.253 | INFO     | monitor:scan:125 - Loading Page 1
2026-08-03 10:25:38.254 | INFO     | api:get_files:60 - Loading Page 1
2026-08-03 10:25:38.668 | WARNING  | auth.login:get:411 - Access Token Expired
2026-08-03 10:25:38.669 | INFO     | auth.login:login:262 - Logging in...
2026-08-03 10:25:39.144 | SUCCESS  | auth.login:save_token:242 - Token Saved
2026-08-03 10:25:39.145 | SUCCESS  | auth.login:login:340 - Login Successful
2026-08-03 10:25:42.372 | INFO     | api:get_file:84 - Loading File 126d519e-95f6-9843-e927-2ca3fc8ea743
2026-08-03 10:25:42.615 | INFO     | monitor:scan:273 - Reached Old Files
2026-08-03 10:25:42.616 | INFO     | monitor:scan:303 - No New Serial
2026-08-03 10:25:42.617 | INFO     | monitor:scan:325 - Nothing Changed
2026-08-03 10:25:42.618 | SUCCESS  | monitor:scan:331 - Scan Finished
2026-08-03 10:25:42.620 | INFO     | monitor:start:67 - Sleep 60 Seconds
2026-08-03 10:26:42.622 | INFO     | auth.login:ensure_login:354 - Checking Login...
2026-08-03 10:26:42.629 | SUCCESS  | auth.login:load_saved_token:192 - Saved Token Loaded
2026-08-03 10:26:42.629 | SUCCESS  | auth.login:ensure_login:362 - Using Saved Token
2026-08-03 10:26:42.629 | INFO     | monitor:scan:111 - Scanning Website...
2026-08-03 10:26:42.630 | INFO     | monitor:scan:125 - Loading Page 1
2026-08-03 10:26:42.630 | INFO     | api:get_files:60 - Loading Page 1
2026-08-03 10:26:44.382 | INFO     | api:get_file:84 - Loading File 126d519e-95f6-9843-e927-2ca3fc8ea743
2026-08-03 10:26:44.593 | INFO     | monitor:scan:273 - Reached Old Files
2026-08-03 10:26:44.594 | INFO     | monitor:scan:303 - No New Serial
2026-08-03 10:26:44.594 | INFO     | monitor:scan:325 - Nothing Changed
2026-08-03 10:26:44.594 | SUCCESS  | monitor:scan:331 - Scan Finished
2026-08-03 10:26:44.594 | INFO     | monitor:start:67 - Sleep 60 Seconds
2026-08-03 10:27:44.595 | INFO     | auth.login:ensure_login:354 - Checking Login...
2026-08-03 10:27:44.596 | SUCCESS  | auth.login:load_saved_token:192 - Saved Token Loaded
2026-08-03 10:27:44.596 | SUCCESS  | auth.login:ensure_login:362 - Using Saved Token
2026-08-03 10:27:44.596 | INFO     | monitor:scan:111 - Scanning Website...
2026-08-03 10:27:44.597 | INFO     | monitor:scan:125 - Loading Page 1
2026-08-03 10:27:44.597 | INFO     | api:get_files:60 - Loading Page 1
2026-08-03 10:27:47.861 | INFO     | api:get_file:84 - Loading File 126d519e-95f6-9843-e927-2ca3fc8ea743
2026-08-03 10:27:48.079 | INFO     | monitor:scan:273 - Reached Old Files
2026-08-03 10:27:48.080 | INFO     | monitor:scan:303 - No New Serial
2026-08-03 10:27:48.080 | INFO     | monitor:scan:325 - Nothing Changed
2026-08-03 10:27:48.082 | SUCCESS  | monitor:scan:331 - Scan Finished
2026-08-03 10:27:48.084 | INFO     | monitor:start:67 - Sleep 60 Seconds
2026-08-03 10:28:48.085 | INFO     | auth.login:ensure_login:354 - Checking Login...
2026-08-03 10:28:48.087 | SUCCESS  | auth.login:load_saved_token:192 - Saved Token Loaded
2026-08-03 10:28:48.089 | SUCCESS  | auth.login:ensure_login:362 - Using Saved Token
2026-08-03 10:28:48.089 | INFO     | monitor:scan:111 - Scanning Website...
2026-08-03 10:28:48.089 | INFO     | monitor:scan:125 - Loading Page 1
2026-08-03 10:28:48.089 | INFO     | api:get_files:60 - Loading Page 1
2026-08-03 10:28:50.023 | INFO     | api:get_file:84 - Loading File 126d519e-95f6-9843-e927-2ca3fc8ea743
2026-08-03 10:28:50.251 | INFO     | monitor:scan:273 - Reached Old Files
2026-08-03 10:28:50.253 | INFO     | monitor:scan:303 - No New Serial
2026-08-03 10:28:50.253 | INFO     | monitor:scan:325 - Nothing Changed
2026-08-03 10:28:50.254 | SUCCESS  | monitor:scan:331 - Scan Finished
2026-08-03 10:28:50.256 | INFO     | monitor:start:67 - Sleep 60 Seconds
2026-08-03 10:29:50.258 | INFO     | auth.login:ensure_login:354 - Checking Login...
2026-08-03 10:29:50.258 | SUCCESS  | auth.login:load_saved_token:192 - Saved Token Loaded
2026-08-03 10:29:50.259 | SUCCESS  | auth.login:ensure_login:362 - Using Saved Token
2026-08-03 10:29:50.259 | INFO     | monitor:scan:111 - Scanning Website...
2026-08-03 10:29:50.259 | INFO     | monitor:scan:125 - Loading Page 1
2026-08-03 10:29:50.260 | INFO     | api:get_files:60 - Loading Page 1
2026-08-03 10:29:51.936 | INFO     | api:get_file:84 - Loading File 126d519e-95f6-9843-e927-2ca3fc8ea743
2026-08-03 10:29:52.161 | INFO     | monitor:scan:273 - Reached Old Files
2026-08-03 10:29:52.162 | INFO     | monitor:scan:303 - No New Serial
2026-08-03 10:29:52.163 | INFO     | monitor:scan:325 - Nothing Changed
2026-08-03 10:29:52.164 | SUCCESS  | monitor:scan:331 - Scan Finished
2026-08-03 10:29:52.164 | INFO     | monitor:start:67 - Sleep 60 Seconds
2026-08-03 10:30:52.165 | INFO     | auth.login:ensure_login:354 - Checking Login...
2026-08-03 10:30:52.168 | SUCCESS  | auth.login:load_saved_token:192 - Saved Token Loaded
2026-08-03 10:30:52.168 | SUCCESS  | auth.login:ensure_login:362 - Using Saved Token
2026-08-03 10:30:52.169 | INFO     | monitor:scan:111 - Scanning Website...
2026-08-03 10:30:52.170 | INFO     | monitor:scan:125 - Loading Page 1
2026-08-03 10:30:52.171 | INFO     | api:get_files:60 - Loading Page 1
2026-08-03 10:30:53.694 | INFO     | api:get_file:84 - Loading File 126d519e-95f6-9843-e927-2ca3fc8ea743
2026-08-03 10:30:53.915 | INFO     | monitor:scan:273 - Reached Old Files
2026-08-03 10:30:53.916 | INFO     | monitor:scan:303 - No New Serial
2026-08-03 10:30:53.916 | INFO     | monitor:scan:325 - Nothing Changed
2026-08-03 10:30:53.916 | SUCCESS  | monitor:scan:331 - Scan Finished
2026-08-03 10:30:53.917 | INFO     | monitor:start:67 - Sleep 60 Seconds
2026-08-03 10:31:53.918 | INFO     | auth.login:ensure_login:354 - Checking Login...
2026-08-03 10:31:53.920 | SUCCESS  | auth.login:load_saved_token:192 - Saved Token Loaded
2026-08-03 10:31:53.921 | SUCCESS  | auth.login:ensure_login:362 - Using Saved Token
2026-08-03 10:31:53.922 | INFO     | monitor:scan:111 - Scanning Website...
2026-08-03 10:31:53.924 | INFO     | monitor:scan:125 - Loading Page 1
2026-08-03 10:31:53.925 | INFO     | api:get_files:60 - Loading Page 1
2026-08-03 10:31:56.265 | INFO     | api:get_file:84 - Loading File 126d519e-95f6-9843-e927-2ca3fc8ea743
2026-08-03 10:31:56.481 | INFO     | monitor:scan:273 - Reached Old Files
2026-08-03 10:31:56.481 | INFO     | monitor:scan:303 - No New Serial
2026-08-03 10:31:56.481 | INFO     | monitor:scan:325 - Nothing Changed
2026-08-03 10:31:56.481 | SUCCESS  | monitor:scan:331 - Scan Finished
2026-08-03 10:31:56.482 | INFO     | monitor:start:67 - Sleep 60 Seconds
2026-08-03 10:32:56.482 | INFO     | auth.login:ensure_login:354 - Checking Login...
2026-08-03 10:32:56.484 | SUCCESS  | auth.login:load_saved_token:192 - Saved Token Loaded
2026-08-03 10:32:56.484 | SUCCESS  | auth.login:ensure_login:362 - Using Saved Token
2026-08-03 10:32:56.484 | INFO     | monitor:scan:111 - Scanning Website...
2026-08-03 10:32:56.485 | INFO     | monitor:scan:125 - Loading Page 1
2026-08-03 10:32:56.485 | INFO     | api:get_files:60 - Loading Page 1
2026-08-03 10:32:57.991 | INFO     | api:get_file:84 - Loading File 126d519e-95f6-9843-e927-2ca3fc8ea743
2026-08-03 10:32:58.212 | INFO     | monitor:scan:273 - Reached Old Files
2026-08-03 10:32:58.213 | INFO     | monitor:scan:303 - No New Serial
2026-08-03 10:32:58.216 | INFO     | monitor:scan:325 - Nothing Changed
2026-08-03 10:32:58.217 | SUCCESS  | monitor:scan:331 - Scan Finished
2026-08-03 10:32:58.218 | INFO     | monitor:start:67 - Sleep 60 Seconds
2026-08-03 10:33:58.221 | INFO     | auth.login:ensure_login:354 - Checking Login...
2026-08-03 10:33:58.224 | SUCCESS  | auth.login:load_saved_token:192 - Saved Token Loaded
2026-08-03 10:33:58.225 | SUCCESS  | auth.login:ensure_login:362 - Using Saved Token
2026-08-03 10:33:58.225 | INFO     | monitor:scan:111 - Scanning Website...
2026-08-03 10:33:58.228 | INFO     | monitor:scan:125 - Loading Page 1
2026-08-03 10:33:58.228 | INFO     | api:get_files:60 - Loading Page 1
2026-08-03 10:33:59.772 | INFO     | api:get_file:84 - Loading File 126d519e-95f6-9843-e927-2ca3fc8ea743
2026-08-03 10:33:59.999 | INFO     | monitor:scan:273 - Reached Old Files
2026-08-03 10:34:00.000 | INFO     | monitor:scan:303 - No New Serial
2026-08-03 10:34:00.000 | INFO     | monitor:scan:325 - Nothing Changed
2026-08-03 10:34:00.001 | SUCCESS  | monitor:scan:331 - Scan Finished
2026-08-03 10:34:00.002 | INFO     | monitor:start:67 - Sleep 60 Seconds
2026-08-03 10:35:00.003 | INFO     | auth.login:ensure_login:354 - Checking Login...
2026-08-03 10:35:00.004 | SUCCESS  | auth.login:load_saved_token:192 - Saved Token Loaded
2026-08-03 10:35:00.004 | SUCCESS  | auth.login:ensure_login:362 - Using Saved Token
2026-08-03 10:35:00.004 | INFO     | monitor:scan:111 - Scanning Website...
2026-08-03 10:35:00.005 | INFO     | monitor:scan:125 - Loading Page 1
2026-08-03 10:35:00.005 | INFO     | api:get_files:60 - Loading Page 1
2026-08-03 10:35:03.406 | INFO     | api:get_file:84 - Loading File 126d519e-95f6-9843-e927-2ca3fc8ea743
2026-08-03 10:35:03.646 | INFO     | monitor:scan:273 - Reached Old Files
2026-08-03 10:35:03.647 | INFO     | monitor:scan:303 - No New Serial
2026-08-03 10:35:03.649 | INFO     | monitor:scan:325 - Nothing Changed
2026-08-03 10:35:03.650 | SUCCESS  | monitor:scan:331 - Scan Finished
2026-08-03 10:35:03.651 | INFO     | monitor:start:67 - Sleep 60 Seconds
2026-08-03 10:36:03.652 | INFO     | auth.login:ensure_login:354 - Checking Login...
2026-08-03 10:36:03.655 | SUCCESS  | auth.login:load_saved_token:192 - Saved Token Loaded
2026-08-03 10:36:03.657 | SUCCESS  | auth.login:ensure_login:362 - Using Saved Token
2026-08-03 10:36:03.659 | INFO     | monitor:scan:111 - Scanning Website...
2026-08-03 10:36:03.661 | INFO     | monitor:scan:125 - Loading Page 1
2026-08-03 10:36:03.663 | INFO     | api:get_files:60 - Loading Page 1
2026-08-03 10:36:04.278 | WARNING  | auth.login:get:411 - Access Token Expired
2026-08-03 10:36:04.280 | INFO     | auth.login:login:262 - Logging in...
2026-08-03 10:36:04.760 | SUCCESS  | auth.login:save_token:242 - Token Saved
2026-08-03 10:36:04.763 | SUCCESS  | auth.login:login:340 - Login Successful
2026-08-03 10:36:07.583 | INFO     | api:get_file:84 - Loading File 126d519e-95f6-9843-e927-2ca3fc8ea743
2026-08-03 10:36:07.816 | INFO     | monitor:scan:273 - Reached Old Files
2026-08-03 10:36:07.818 | INFO     | monitor:scan:303 - No New Serial
2026-08-03 10:36:07.819 | INFO     | monitor:scan:325 - Nothing Changed
2026-08-03 10:36:07.820 | SUCCESS  | monitor:scan:331 - Scan Finished
2026-08-03 10:36:07.821 | INFO     | monitor:start:67 - Sleep 60 Seconds
2026-08-03 10:37:07.822 | INFO     | auth.login:ensure_login:354 - Checking Login...
2026-08-03 10:37:07.841 | SUCCESS  | auth.login:load_saved_token:192 - Saved Token Loaded
2026-08-03 10:37:07.841 | SUCCESS  | auth.login:ensure_login:362 - Using Saved Token
2026-08-03 10:37:07.841 | INFO     | monitor:scan:111 - Scanning Website...
2026-08-03 10:37:07.842 | INFO     | monitor:scan:125 - Loading Page 1
2026-08-03 10:37:07.842 | INFO     | api:get_files:60 - Loading Page 1
2026-08-03 10:37:09.420 | INFO     | api:get_file:84 - Loading File 126d519e-95f6-9843-e927-2ca3fc8ea743
2026-08-03 10:37:09.647 | INFO     | monitor:scan:273 - Reached Old Files
2026-08-03 10:37:09.648 | INFO     | monitor:scan:303 - No New Serial
2026-08-03 10:37:09.649 | INFO     | monitor:scan:325 - Nothing Changed
2026-08-03 10:37:09.650 | SUCCESS  | monitor:scan:331 - Scan Finished
2026-08-03 10:37:09.652 | INFO     | monitor:start:67 - Sleep 60 Seconds
2026-08-03 10:38:09.653 | INFO     | auth.login:ensure_login:354 - Checking Login...
2026-08-03 10:38:09.656 | SUCCESS  | auth.login:load_saved_token:192 - Saved Token Loaded
2026-08-03 10:38:09.657 | SUCCESS  | auth.login:ensure_login:362 - Using Saved Token
2026-08-03 10:38:09.659 | INFO     | monitor:scan:111 - Scanning Website...
2026-08-03 10:38:09.662 | INFO     | monitor:scan:125 - Loading Page 1
2026-08-03 10:38:09.663 | INFO     | api:get_files:60 - Loading Page 1
2026-08-03 10:38:11.106 | INFO     | api:get_file:84 - Loading File 126d519e-95f6-9843-e927-2ca3fc8ea743
2026-08-03 10:38:11.327 | INFO     | monitor:scan:273 - Reached Old Files
2026-08-03 10:38:11.328 | INFO     | monitor:scan:303 - No New Serial
2026-08-03 10:38:11.329 | INFO     | monitor:scan:325 - Nothing Changed
2026-08-03 10:38:11.330 | SUCCESS  | monitor:scan:331 - Scan Finished
2026-08-03 10:38:11.331 | INFO     | monitor:start:67 - Sleep 60 Seconds
2026-08-03 10:39:11.331 | INFO     | auth.login:ensure_login:354 - Checking Login...
2026-08-03 10:39:11.333 | SUCCESS  | auth.login:load_saved_token:192 - Saved Token Loaded
2026-08-03 10:39:11.334 | SUCCESS  | auth.login:ensure_login:362 - Using Saved Token
2026-08-03 10:39:11.336 | INFO     | monitor:scan:111 - Scanning Website...
2026-08-03 10:39:11.338 | INFO     | monitor:scan:125 - Loading Page 1
2026-08-03 10:39:11.339 | INFO     | api:get_files:60 - Loading Page 1
2026-08-03 10:39:13.078 | INFO     | api:get_file:84 - Loading File 126d519e-95f6-9843-e927-2ca3fc8ea743
2026-08-03 10:39:13.307 | INFO     | monitor:scan:273 - Reached Old Files
2026-08-03 10:39:13.308 | INFO     | monitor:scan:303 - No New Serial
2026-08-03 10:39:13.310 | INFO     | monitor:scan:325 - Nothing Changed
2026-08-03 10:39:13.313 | SUCCESS  | monitor:scan:331 - Scan Finished
2026-08-03 10:39:13.316 | INFO     | monitor:start:67 - Sleep 60 Seconds
2026-08-03 10:40:13.319 | INFO     | auth.login:ensure_login:354 - Checking Login...
2026-08-03 10:40:13.320 | SUCCESS  | auth.login:load_saved_token:192 - Saved Token Loaded
2026-08-03 10:40:13.320 | SUCCESS  | auth.login:ensure_login:362 - Using Saved Token
2026-08-03 10:40:13.321 | INFO     | monitor:scan:111 - Scanning Website...
2026-08-03 10:40:13.321 | INFO     | monitor:scan:125 - Loading Page 1
2026-08-03 10:40:13.321 | INFO     | api:get_files:60 - Loading Page 1
2026-08-03 10:40:14.695 | INFO     | api:get_file:84 - Loading File 126d519e-95f6-9843-e927-2ca3fc8ea743
2026-08-03 10:40:14.903 | INFO     | monitor:scan:273 - Reached Old Files
2026-08-03 10:40:14.903 | INFO     | monitor:scan:303 - No New Serial
2026-08-03 10:40:14.903 | INFO     | monitor:scan:325 - Nothing Changed
2026-08-03 10:40:14.904 | SUCCESS  | monitor:scan:331 - Scan Finished
2026-08-03 10:40:14.904 | INFO     | monitor:start:67 - Sleep 60 Seconds
2026-08-03 10:41:14.905 | INFO     | auth.login:ensure_login:354 - Checking Login...
2026-08-03 10:41:14.907 | SUCCESS  | auth.login:load_saved_token:192 - Saved Token Loaded
2026-08-03 10:41:14.909 | SUCCESS  | auth.login:ensure_login:362 - Using Saved Token
2026-08-03 10:41:14.910 | INFO     | monitor:scan:111 - Scanning Website...
2026-08-03 10:41:14.912 | INFO     | monitor:scan:125 - Loading Page 1
2026-08-03 10:41:14.913 | INFO     | api:get_files:60 - Loading Page 1
2026-08-03 10:41:18.207 | INFO     | api:get_file:84 - Loading File 126d519e-95f6-9843-e927-2ca3fc8ea743
2026-08-03 10:41:18.423 | INFO     | monitor:scan:273 - Reached Old Files
2026-08-03 10:41:18.423 | INFO     | monitor:scan:303 - No New Serial
2026-08-03 10:41:18.423 | INFO     | monitor:scan:325 - Nothing Changed
2026-08-03 10:41:18.423 | SUCCESS  | monitor:scan:331 - Scan Finished
2026-08-03 10:41:18.424 | INFO     | monitor:start:67 - Sleep 60 Seconds
2026-08-03 10:42:18.424 | INFO     | auth.login:ensure_login:354 - Checking Login...
2026-08-03 10:42:18.428 | SUCCESS  | auth.login:load_saved_token:192 - Saved Token Loaded
2026-08-03 10:42:18.430 | SUCCESS  | auth.login:ensure_login:362 - Using Saved Token
2026-08-03 10:42:18.432 | INFO     | monitor:scan:111 - Scanning Website...
2026-08-03 10:42:18.435 | INFO     | monitor:scan:125 - Loading Page 1
2026-08-03 10:42:18.435 | INFO     | api:get_files:60 - Loading Page 1
2026-08-03 10:42:20.090 | INFO     | api:get_file:84 - Loading File 126d519e-95f6-9843-e927-2ca3fc8ea743
2026-08-03 10:42:20.316 | INFO     | monitor:scan:273 - Reached Old Files
2026-08-03 10:42:20.316 | INFO     | monitor:scan:303 - No New Serial
2026-08-03 10:42:20.316 | INFO     | monitor:scan:325 - Nothing Changed
2026-08-03 10:42:20.317 | SUCCESS  | monitor:scan:331 - Scan Finished
2026-08-03 10:42:20.317 | INFO     | monitor:start:67 - Sleep 60 Seconds
2026-08-03 10:43:20.318 | INFO     | auth.login:ensure_login:354 - Checking Login...
2026-08-03 10:43:20.321 | SUCCESS  | auth.login:load_saved_token:192 - Saved Token Loaded
2026-08-03 10:43:20.322 | SUCCESS  | auth.login:ensure_login:362 - Using Saved Token
2026-08-03 10:43:20.323 | INFO     | monitor:scan:111 - Scanning Website...
2026-08-03 10:43:20.326 | INFO     | monitor:scan:125 - Loading Page 1
2026-08-03 10:43:20.327 | INFO     | api:get_files:60 - Loading Page 1
2026-08-03 10:43:21.743 | INFO     | api:get_file:84 - Loading File 126d519e-95f6-9843-e927-2ca3fc8ea743
2026-08-03 10:43:21.956 | INFO     | monitor:scan:273 - Reached Old Files
2026-08-03 10:43:21.957 | INFO     | monitor:scan:303 - No New Serial
2026-08-03 10:43:21.957 | INFO     | monitor:scan:325 - Nothing Changed
2026-08-03 10:43:21.957 | SUCCESS  | monitor:scan:331 - Scan Finished
2026-08-03 10:43:21.958 | INFO     | monitor:start:67 - Sleep 60 Seconds
2026-08-03 10:44:21.958 | INFO     | auth.login:ensure_login:354 - Checking Login...
2026-08-03 10:44:21.959 | SUCCESS  | auth.login:load_saved_token:192 - Saved Token Loaded
2026-08-03 10:44:21.959 | SUCCESS  | auth.login:ensure_login:362 - Using Saved Token
2026-08-03 10:44:21.959 | INFO     | monitor:scan:111 - Scanning Website...
2026-08-03 10:44:21.960 | INFO     | monitor:scan:125 - Loading Page 1
2026-08-03 10:44:21.960 | INFO     | api:get_files:60 - Loading Page 1
2026-08-03 10:44:24.792 | INFO     | api:get_file:84 - Loading File 126d519e-95f6-9843-e927-2ca3fc8ea743
2026-08-03 10:44:25.009 | INFO     | monitor:scan:273 - Reached Old Files
2026-08-03 10:44:25.010 | INFO     | monitor:scan:303 - No New Serial
2026-08-03 10:44:25.013 | INFO     | monitor:scan:325 - Nothing Changed
2026-08-03 10:44:25.014 | SUCCESS  | monitor:scan:331 - Scan Finished
2026-08-03 10:44:25.017 | INFO     | monitor:start:67 - Sleep 60 Seconds
2026-08-03 10:45:25.019 | INFO     | auth.login:ensure_login:354 - Checking Login...
2026-08-03 10:45:25.020 | SUCCESS  | auth.login:load_saved_token:192 - Saved Token Loaded
2026-08-03 10:45:25.020 | SUCCESS  | auth.login:ensure_login:362 - Using Saved Token
2026-08-03 10:45:25.020 | INFO     | monitor:scan:111 - Scanning Website...
2026-08-03 10:45:25.022 | INFO     | monitor:scan:125 - Loading Page 1
2026-08-03 10:45:25.023 | INFO     | api:get_files:60 - Loading Page 1
2026-08-03 10:45:26.787 | INFO     | api:get_file:84 - Loading File 126d519e-95f6-9843-e927-2ca3fc8ea743
2026-08-03 10:45:27.017 | INFO     | monitor:scan:273 - Reached Old Files
2026-08-03 10:45:27.017 | INFO     | monitor:scan:303 - No New Serial
2026-08-03 10:45:27.018 | INFO     | monitor:scan:325 - Nothing Changed
2026-08-03 10:45:27.018 | SUCCESS  | monitor:scan:331 - Scan Finished
2026-08-03 10:45:27.020 | INFO     | monitor:start:67 - Sleep 60 Seconds
2026-08-03 10:46:27.021 | INFO     | auth.login:ensure_login:354 - Checking Login...
2026-08-03 10:46:27.023 | SUCCESS  | auth.login:load_saved_token:192 - Saved Token Loaded
2026-08-03 10:46:27.023 | SUCCESS  | auth.login:ensure_login:362 - Using Saved Token
2026-08-03 10:46:27.023 | INFO     | monitor:scan:111 - Scanning Website...
2026-08-03 10:46:27.026 | INFO     | monitor:scan:125 - Loading Page 1
2026-08-03 10:46:27.026 | INFO     | api:get_files:60 - Loading Page 1
2026-08-03 10:46:27.427 | WARNING  | auth.login:get:411 - Access Token Expired
2026-08-03 10:46:27.427 | INFO     | auth.login:login:262 - Logging in...
2026-08-03 10:46:27.890 | SUCCESS  | auth.login:save_token:242 - Token Saved
2026-08-03 10:46:27.891 | SUCCESS  | auth.login:login:340 - Login Successful
2026-08-03 10:46:30.204 | INFO     | api:get_file:84 - Loading File 126d519e-95f6-9843-e927-2ca3fc8ea743
2026-08-03 10:46:30.424 | INFO     | monitor:scan:273 - Reached Old Files
2026-08-03 10:46:30.424 | INFO     | monitor:scan:303 - No New Serial
2026-08-03 10:46:30.424 | INFO     | monitor:scan:325 - Nothing Changed
2026-08-03 10:46:30.425 | SUCCESS  | monitor:scan:331 - Scan Finished
2026-08-03 10:46:30.426 | INFO     | monitor:start:67 - Sleep 60 Seconds
2026-08-03 10:47:30.427 | INFO     | auth.login:ensure_login:354 - Checking Login...
2026-08-03 10:47:30.462 | SUCCESS  | auth.login:load_saved_token:192 - Saved Token Loaded
2026-08-03 10:47:30.462 | SUCCESS  | auth.login:ensure_login:362 - Using Saved Token
2026-08-03 10:47:30.463 | INFO     | monitor:scan:111 - Scanning Website...
2026-08-03 10:47:30.464 | INFO     | monitor:scan:125 - Loading Page 1
2026-08-03 10:47:30.464 | INFO     | api:get_files:60 - Loading Page 1
2026-08-03 10:47:32.065 | INFO     | api:get_file:84 - Loading File 126d519e-95f6-9843-e927-2ca3fc8ea743
2026-08-03 10:47:32.296 | INFO     | monitor:scan:273 - Reached Old Files
2026-08-03 10:47:32.297 | INFO     | monitor:scan:303 - No New Serial
2026-08-03 10:47:32.298 | INFO     | monitor:scan:325 - Nothing Changed
2026-08-03 10:47:32.299 | SUCCESS  | monitor:scan:331 - Scan Finished
2026-08-03 10:47:32.300 | INFO     | monitor:start:67 - Sleep 60 Seconds
2026-08-03 10:48:32.303 | INFO     | auth.login:ensure_login:354 - Checking Login...
2026-08-03 10:48:32.305 | SUCCESS  | auth.login:load_saved_token:192 - Saved Token Loaded
2026-08-03 10:48:32.305 | SUCCESS  | auth.login:ensure_login:362 - Using Saved Token
2026-08-03 10:48:32.306 | INFO     | monitor:scan:111 - Scanning Website...
2026-08-03 10:48:32.306 | INFO     | monitor:scan:125 - Loading Page 1
2026-08-03 10:48:32.307 | INFO     | api:get_files:60 - Loading Page 1
2026-08-03 10:48:35.283 | INFO     | api:get_file:84 - Loading File 126d519e-95f6-9843-e927-2ca3fc8ea743
2026-08-03 10:48:35.508 | INFO     | monitor:scan:273 - Reached Old Files
2026-08-03 10:48:35.508 | INFO     | monitor:scan:303 - No New Serial
2026-08-03 10:48:35.508 | INFO     | monitor:scan:325 - Nothing Changed
2026-08-03 10:48:35.509 | SUCCESS  | monitor:scan:331 - Scan Finished
2026-08-03 10:48:35.509 | INFO     | monitor:start:67 - Sleep 60 Seconds
2026-08-03 10:49:35.510 | INFO     | auth.login:ensure_login:354 - Checking Login...
2026-08-03 10:49:35.512 | SUCCESS  | auth.login:load_saved_token:192 - Saved Token Loaded
2026-08-03 10:49:35.512 | SUCCESS  | auth.login:ensure_login:362 - Using Saved Token
2026-08-03 10:49:35.513 | INFO     | monitor:scan:111 - Scanning Website...
2026-08-03 10:49:35.514 | INFO     | monitor:scan:125 - Loading Page 1
2026-08-03 10:49:35.514 | INFO     | api:get_files:60 - Loading Page 1
2026-08-03 10:49:37.174 | INFO     | api:get_file:84 - Loading File 126d519e-95f6-9843-e927-2ca3fc8ea743
2026-08-03 10:49:37.388 | INFO     | monitor:scan:273 - Reached Old Files
2026-08-03 10:49:37.388 | INFO     | monitor:scan:303 - No New Serial
2026-08-03 10:49:37.388 | INFO     | monitor:scan:325 - Nothing Changed
2026-08-03 10:49:37.389 | SUCCESS  | monitor:scan:331 - Scan Finished
2026-08-03 10:49:37.389 | INFO     | monitor:start:67 - Sleep 60 Seconds
2026-08-03 10:50:37.389 | INFO     | auth.login:ensure_login:354 - Checking Login...
2026-08-03 10:50:37.391 | SUCCESS  | auth.login:load_saved_token:192 - Saved Token Loaded
2026-08-03 10:50:37.393 | SUCCESS  | auth.login:ensure_login:362 - Using Saved Token
2026-08-03 10:50:37.394 | INFO     | monitor:scan:111 - Scanning Website...
2026-08-03 10:50:37.396 | INFO     | monitor:scan:125 - Loading Page 1
2026-08-03 10:50:37.397 | INFO     | api:get_files:60 - Loading Page 1
2026-08-03 10:50:41.074 | INFO     | api:get_file:84 - Loading File 126d519e-95f6-9843-e927-2ca3fc8ea743
2026-08-03 10:50:41.296 | INFO     | monitor:scan:273 - Reached Old Files
2026-08-03 10:50:41.297 | INFO     | monitor:scan:303 - No New Serial
2026-08-03 10:50:41.298 | INFO     | monitor:scan:325 - Nothing Changed
2026-08-03 10:50:41.299 | SUCCESS  | monitor:scan:331 - Scan Finished
2026-08-03 10:50:41.300 | INFO     | monitor:start:67 - Sleep 60 Seconds
2026-08-03 10:51:41.301 | INFO     | auth.login:ensure_login:354 - Checking Login...
2026-08-03 10:51:41.302 | SUCCESS  | auth.login:load_saved_token:192 - Saved Token Loaded
2026-08-03 10:51:41.302 | SUCCESS  | auth.login:ensure_login:362 - Using Saved Token
2026-08-03 10:51:41.303 | INFO     | monitor:scan:111 - Scanning Website...
2026-08-03 10:51:41.303 | INFO     | monitor:scan:125 - Loading Page 1
2026-08-03 10:51:41.303 | INFO     | api:get_files:60 - Loading Page 1
2026-08-03 10:51:42.899 | INFO     | api:get_file:84 - Loading File 126d519e-95f6-9843-e927-2ca3fc8ea743
2026-08-03 10:51:43.122 | INFO     | monitor:scan:273 - Reached Old Files
2026-08-03 10:51:43.122 | INFO     | monitor:scan:303 - No New Serial
2026-08-03 10:51:43.122 | INFO     | monitor:scan:325 - Nothing Changed
2026-08-03 10:51:43.122 | SUCCESS  | monitor:scan:331 - Scan Finished
2026-08-03 10:51:43.122 | INFO     | monitor:start:67 - Sleep 60 Seconds
2026-08-03 10:52:43.122 | INFO     | auth.login:ensure_login:354 - Checking Login...
2026-08-03 10:52:43.123 | SUCCESS  | auth.login:load_saved_token:192 - Saved Token Loaded
2026-08-03 10:52:43.124 | SUCCESS  | auth.login:ensure_login:362 - Using Saved Token
2026-08-03 10:52:43.124 | INFO     | monitor:scan:111 - Scanning Website...
2026-08-03 10:52:43.124 | INFO     | monitor:scan:125 - Loading Page 1
2026-08-03 10:52:43.125 | INFO     | api:get_files:60 - Loading Page 1
2026-08-03 10:52:44.872 | INFO     | api:get_file:84 - Loading File 126d519e-95f6-9843-e927-2ca3fc8ea743
2026-08-03 10:52:45.102 | INFO     | monitor:scan:273 - Reached Old Files
2026-08-03 10:52:45.104 | INFO     | monitor:scan:303 - No New Serial
2026-08-03 10:52:45.104 | INFO     | monitor:scan:325 - Nothing Changed
2026-08-03 10:52:45.106 | SUCCESS  | monitor:scan:331 - Scan Finished
2026-08-03 10:52:45.109 | INFO     | monitor:start:67 - Sleep 60 Seconds
2026-08-03 10:53:45.110 | INFO     | auth.login:ensure_login:354 - Checking Login...
2026-08-03 10:53:45.116 | SUCCESS  | auth.login:load_saved_token:192 - Saved Token Loaded
2026-08-03 10:53:45.116 | SUCCESS  | auth.login:ensure_login:362 - Using Saved Token
2026-08-03 10:53:45.118 | INFO     | monitor:scan:111 - Scanning Website...
2026-08-03 10:53:45.120 | INFO     | monitor:scan:125 - Loading Page 1
2026-08-03 10:53:45.121 | INFO     | api:get_files:60 - Loading Page 1
2026-08-03 10:53:47.536 | INFO     | api:get_file:84 - Loading File 126d519e-95f6-9843-e927-2ca3fc8ea743
2026-08-03 10:53:47.763 | INFO     | monitor:scan:273 - Reached Old Files
2026-08-03 10:53:47.765 | INFO     | monitor:scan:303 - No New Serial
2026-08-03 10:53:47.765 | INFO     | monitor:scan:325 - Nothing Changed
2026-08-03 10:53:47.766 | SUCCESS  | monitor:scan:331 - Scan Finished
2026-08-03 10:53:47.767 | INFO     | monitor:start:67 - Sleep 60 Seconds
2026-08-03 10:54:47.769 | INFO     | auth.login:ensure_login:354 - Checking Login...
2026-08-03 10:54:47.774 | SUCCESS  | auth.login:load_saved_token:192 - Saved Token Loaded
2026-08-03 10:54:47.776 | SUCCESS  | auth.login:ensure_login:362 - Using Saved Token
2026-08-03 10:54:47.777 | INFO     | monitor:scan:111 - Scanning Website...
2026-08-03 10:54:47.782 | INFO     | monitor:scan:125 - Loading Page 1
2026-08-03 10:54:47.783 | INFO     | api:get_files:60 - Loading Page 1
2026-08-03 10:54:51.218 | INFO     | api:get_file:84 - Loading File 126d519e-95f6-9843-e927-2ca3fc8ea743
2026-08-03 10:54:51.447 | INFO     | monitor:scan:273 - Reached Old Files
2026-08-03 10:54:51.450 | INFO     | monitor:scan:303 - No New Serial
2026-08-03 10:54:51.453 | INFO     | monitor:scan:325 - Nothing Changed
2026-08-03 10:54:51.455 | SUCCESS  | monitor:scan:331 - Scan Finished
2026-08-03 10:54:51.457 | INFO     | monitor:start:67 - Sleep 60 Seconds
2026-08-03 10:55:51.458 | INFO     | auth.login:ensure_login:354 - Checking Login...
2026-08-03 10:55:51.460 | SUCCESS  | auth.login:load_saved_token:192 - Saved Token Loaded
2026-08-03 10:55:51.460 | SUCCESS  | auth.login:ensure_login:362 - Using Saved Token
2026-08-03 10:55:51.461 | INFO     | monitor:scan:111 - Scanning Website...
2026-08-03 10:55:51.462 | INFO     | monitor:scan:125 - Loading Page 1
2026-08-03 10:55:51.462 | INFO     | api:get_files:60 - Loading Page 1
2026-08-03 10:55:53.139 | INFO     | api:get_file:84 - Loading File 126d519e-95f6-9843-e927-2ca3fc8ea743
2026-08-03 10:55:53.366 | INFO     | monitor:scan:273 - Reached Old Files
2026-08-03 10:55:53.366 | INFO     | monitor:scan:303 - No New Serial
2026-08-03 10:55:53.366 | INFO     | monitor:scan:325 - Nothing Changed
2026-08-03 10:55:53.366 | SUCCESS  | monitor:scan:331 - Scan Finished
2026-08-03 10:55:53.367 | INFO     | monitor:start:67 - Sleep 60 Seconds
2026-08-03 10:56:53.367 | INFO     | auth.login:ensure_login:354 - Checking Login...
2026-08-03 10:56:53.370 | SUCCESS  | auth.login:load_saved_token:192 - Saved Token Loaded
2026-08-03 10:56:53.371 | SUCCESS  | auth.login:ensure_login:362 - Using Saved Token
2026-08-03 10:56:53.372 | INFO     | monitor:scan:111 - Scanning Website...
2026-08-03 10:56:53.375 | INFO     | monitor:scan:125 - Loading Page 1
2026-08-03 10:56:53.376 | INFO     | api:get_files:60 - Loading Page 1
2026-08-03 10:56:53.812 | WARNING  | auth.login:get:411 - Access Token Expired
2026-08-03 10:56:53.813 | INFO     | auth.login:login:262 - Logging in...
2026-08-03 10:56:54.268 | SUCCESS  | auth.login:save_token:242 - Token Saved
2026-08-03 10:56:54.269 | SUCCESS  | auth.login:login:340 - Login Successful
2026-08-03 10:56:55.866 | INFO     | api:get_file:84 - Loading File 126d519e-95f6-9843-e927-2ca3fc8ea743
2026-08-03 10:56:56.096 | INFO     | monitor:scan:273 - Reached Old Files
2026-08-03 10:56:56.097 | INFO     | monitor:scan:303 - No New Serial
2026-08-03 10:56:56.097 | INFO     | monitor:scan:325 - Nothing Changed
2026-08-03 10:56:56.097 | SUCCESS  | monitor:scan:331 - Scan Finished
2026-08-03 10:56:56.098 | INFO     | monitor:start:67 - Sleep 60 Seconds
2026-08-03 10:57:56.099 | INFO     | auth.login:ensure_login:354 - Checking Login...
2026-08-03 10:57:56.119 | SUCCESS  | auth.login:load_saved_token:192 - Saved Token Loaded
2026-08-03 10:57:56.119 | SUCCESS  | auth.login:ensure_login:362 - Using Saved Token
2026-08-03 10:57:56.120 | INFO     | monitor:scan:111 - Scanning Website...
2026-08-03 10:57:56.120 | INFO     | monitor:scan:125 - Loading Page 1
2026-08-03 10:57:56.120 | INFO     | api:get_files:60 - Loading Page 1
2026-08-03 10:57:57.634 | INFO     | api:get_file:84 - Loading File 126d519e-95f6-9843-e927-2ca3fc8ea743
2026-08-03 10:57:57.867 | INFO     | monitor:scan:273 - Reached Old Files
2026-08-03 10:57:57.868 | INFO     | monitor:scan:303 - No New Serial
2026-08-03 10:57:57.869 | INFO     | monitor:scan:325 - Nothing Changed
2026-08-03 10:57:57.870 | SUCCESS  | monitor:scan:331 - Scan Finished
2026-08-03 10:57:57.871 | INFO     | monitor:start:67 - Sleep 60 Seconds
2026-08-03 10:58:57.873 | INFO     | auth.login:ensure_login:354 - Checking Login...
2026-08-03 10:58:57.875 | SUCCESS  | auth.login:load_saved_token:192 - Saved Token Loaded
2026-08-03 10:58:57.876 | SUCCESS  | auth.login:ensure_login:362 - Using Saved Token
2026-08-03 10:58:57.877 | INFO     | monitor:scan:111 - Scanning Website...
2026-08-03 10:58:57.880 | INFO     | monitor:scan:125 - Loading Page 1
2026-08-03 10:58:57.881 | INFO     | api:get_files:60 - Loading Page 1
2026-08-03 10:58:59.391 | INFO     | api:get_file:84 - Loading File 126d519e-95f6-9843-e927-2ca3fc8ea743
2026-08-03 10:58:59.604 | INFO     | monitor:scan:273 - Reached Old Files
2026-08-03 10:58:59.604 | INFO     | monitor:scan:303 - No New Serial
2026-08-03 10:58:59.607 | INFO     | monitor:scan:325 - Nothing Changed
2026-08-03 10:58:59.608 | SUCCESS  | monitor:scan:331 - Scan Finished
2026-08-03 10:58:59.609 | INFO     | monitor:start:67 - Sleep 60 Seconds
2026-08-03 10:59:59.610 | INFO     | auth.login:ensure_login:354 - Checking Login...
2026-08-03 10:59:59.612 | SUCCESS  | auth.login:load_saved_token:192 - Saved Token Loaded
2026-08-03 10:59:59.614 | SUCCESS  | auth.login:ensure_login:362 - Using Saved Token
2026-08-03 10:59:59.615 | INFO     | monitor:scan:111 - Scanning Website...
2026-08-03 10:59:59.617 | INFO     | monitor:scan:125 - Loading Page 1
2026-08-03 10:59:59.618 | INFO     | api:get_files:60 - Loading Page 1
2026-08-03 11:00:01.392 | INFO     | api:get_file:84 - Loading File 126d519e-95f6-9843-e927-2ca3fc8ea743
2026-08-03 11:00:01.621 | INFO     | monitor:scan:273 - Reached Old Files
2026-08-03 11:00:01.621 | INFO     | monitor:scan:303 - No New Serial
2026-08-03 11:00:01.624 | INFO     | monitor:scan:325 - Nothing Changed
2026-08-03 11:00:01.625 | SUCCESS  | monitor:scan:331 - Scan Finished
2026-08-03 11:00:01.626 | INFO     | monitor:start:67 - Sleep 60 Seconds
2026-08-03 11:01:01.627 | INFO     | auth.login:ensure_login:354 - Checking Login...
2026-08-03 11:01:01.631 | SUCCESS  | auth.login:load_saved_token:192 - Saved Token Loaded
2026-08-03 11:01:01.633 | SUCCESS  | auth.login:ensure_login:362 - Using Saved Token
2026-08-03 11:01:01.635 | INFO     | monitor:scan:111 - Scanning Website...
2026-08-03 11:01:01.638 | INFO     | monitor:scan:125 - Loading Page 1
2026-08-03 11:01:01.639 | INFO     | api:get_files:60 - Loading Page 1
2026-08-03 11:01:03.331 | INFO     | api:get_file:84 - Loading File 126d519e-95f6-9843-e927-2ca3fc8ea743
2026-08-03 11:01:03.560 | INFO     | monitor:scan:273 - Reached Old Files
2026-08-03 11:01:03.561 | INFO     | monitor:scan:303 - No New Serial
2026-08-03 11:01:03.563 | INFO     | monitor:scan:325 - Nothing Changed
2026-08-03 11:01:03.563 | SUCCESS  | monitor:scan:331 - Scan Finished
2026-08-03 11:01:03.564 | INFO     | monitor:start:67 - Sleep 60 Seconds
2026-08-03 11:02:03.565 | INFO     | auth.login:ensure_login:354 - Checking Login...
2026-08-03 11:02:03.567 | SUCCESS  | auth.login:load_saved_token:192 - Saved Token Loaded
2026-08-03 11:02:03.569 | SUCCESS  | auth.login:ensure_login:362 - Using Saved Token
2026-08-03 11:02:03.570 | INFO     | monitor:scan:111 - Scanning Website...
2026-08-03 11:02:03.573 | INFO     | monitor:scan:125 - Loading Page 1
2026-08-03 11:02:03.574 | INFO     | api:get_files:60 - Loading Page 1
2026-08-03 11:02:04.995 | INFO     | api:get_file:84 - Loading File 126d519e-95f6-9843-e927-2ca3fc8ea743
2026-08-03 11:02:05.208 | INFO     | monitor:scan:273 - Reached Old Files
2026-08-03 11:02:05.209 | INFO     | monitor:scan:303 - No New Serial
2026-08-03 11:02:05.211 | INFO     | monitor:scan:325 - Nothing Changed
2026-08-03 11:02:05.212 | SUCCESS  | monitor:scan:331 - Scan Finished
2026-08-03 11:02:05.213 | INFO     | monitor:start:67 - Sleep 60 Seconds
2026-08-03 11:03:05.214 | INFO     | auth.login:ensure_login:354 - Checking Login...
2026-08-03 11:03:05.217 | SUCCESS  | auth.login:load_saved_token:192 - Saved Token Loaded
2026-08-03 11:03:05.219 | SUCCESS  | auth.login:ensure_login:362 - Using Saved Token
2026-08-03 11:03:05.220 | INFO     | monitor:scan:111 - Scanning Website...
2026-08-03 11:03:05.227 | INFO     | monitor:scan:125 - Loading Page 1
2026-08-03 11:03:05.229 | INFO     | api:get_files:60 - Loading Page 1
2026-08-03 11:03:08.245 | INFO     | api:get_file:84 - Loading File 126d519e-95f6-9843-e927-2ca3fc8ea743
2026-08-03 11:03:08.455 | INFO     | monitor:scan:273 - Reached Old Files
2026-08-03 11:03:08.456 | INFO     | monitor:scan:303 - No New Serial
2026-08-03 11:03:08.457 | INFO     | monitor:scan:325 - Nothing Changed
2026-08-03 11:03:08.459 | SUCCESS  | monitor:scan:331 - Scan Finished
2026-08-03 11:03:08.461 | INFO     | monitor:start:67 - Sleep 60 Seconds
2026-08-03 11:04:08.462 | INFO     | auth.login:ensure_login:354 - Checking Login...
2026-08-03 11:04:08.462 | SUCCESS  | auth.login:load_saved_token:192 - Saved Token Loaded
2026-08-03 11:04:08.462 | SUCCESS  | auth.login:ensure_login:362 - Using Saved Token
2026-08-03 11:04:08.463 | INFO     | monitor:scan:111 - Scanning Website...
2026-08-03 11:04:08.463 | INFO     | monitor:scan:125 - Loading Page 1
2026-08-03 11:04:08.464 | INFO     | api:get_files:60 - Loading Page 1
2026-08-03 11:04:11.040 | INFO     | api:get_file:84 - Loading File 126d519e-95f6-9843-e927-2ca3fc8ea743
2026-08-03 11:04:11.270 | INFO     | monitor:scan:273 - Reached Old Files
2026-08-03 11:04:11.271 | INFO     | monitor:scan:303 - No New Serial
2026-08-03 11:04:11.273 | INFO     | monitor:scan:325 - Nothing Changed
2026-08-03 11:04:11.273 | SUCCESS  | monitor:scan:331 - Scan Finished
2026-08-03 11:04:11.274 | INFO     | monitor:start:67 - Sleep 60 Seconds
2026-08-03 11:05:11.275 | INFO     | auth.login:ensure_login:354 - Checking Login...
2026-08-03 11:05:11.278 | SUCCESS  | auth.login:load_saved_token:192 - Saved Token Loaded
2026-08-03 11:05:11.279 | SUCCESS  | auth.login:ensure_login:362 - Using Saved Token
2026-08-03 11:05:11.280 | INFO     | monitor:scan:111 - Scanning Website...
2026-08-03 11:05:11.282 | INFO     | monitor:scan:125 - Loading Page 1
2026-08-03 11:05:11.284 | INFO     | api:get_files:60 - Loading Page 1
2026-08-03 11:05:14.991 | INFO     | api:get_file:84 - Loading File 126d519e-95f6-9843-e927-2ca3fc8ea743
2026-08-03 11:05:15.218 | INFO     | monitor:scan:273 - Reached Old Files
2026-08-03 11:05:15.218 | INFO     | monitor:scan:303 - No New Serial
2026-08-03 11:05:15.218 | INFO     | monitor:scan:325 - Nothing Changed
2026-08-03 11:05:15.219 | SUCCESS  | monitor:scan:331 - Scan Finished
2026-08-03 11:05:15.219 | INFO     | monitor:start:67 - Sleep 60 Seconds
2026-08-03 11:06:15.220 | INFO     | auth.login:ensure_login:354 - Checking Login...
2026-08-03 11:06:15.223 | SUCCESS  | auth.login:load_saved_token:192 - Saved Token Loaded
2026-08-03 11:06:15.224 | SUCCESS  | auth.login:ensure_login:362 - Using Saved Token
2026-08-03 11:06:15.225 | INFO     | monitor:scan:111 - Scanning Website...
2026-08-03 11:06:15.228 | INFO     | monitor:scan:125 - Loading Page 1
2026-08-03 11:06:15.229 | INFO     | api:get_files:60 - Loading Page 1
2026-08-03 11:06:16.770 | INFO     | api:get_file:84 - Loading File 126d519e-95f6-9843-e927-2ca3fc8ea743
2026-08-03 11:06:16.997 | INFO     | monitor:scan:273 - Reached Old Files
2026-08-03 11:06:16.998 | INFO     | monitor:scan:303 - No New Serial
2026-08-03 11:06:16.998 | INFO     | monitor:scan:325 - Nothing Changed
2026-08-03 11:06:16.999 | SUCCESS  | monitor:scan:331 - Scan Finished
2026-08-03 11:06:16.999 | INFO     | monitor:start:67 - Sleep 60 Seconds
2026-08-03 11:07:17.001 | INFO     | auth.login:ensure_login:354 - Checking Login...
2026-08-03 11:07:17.004 | SUCCESS  | auth.login:load_saved_token:192 - Saved Token Loaded
2026-08-03 11:07:17.005 | SUCCESS  | auth.login:ensure_login:362 - Using Saved Token
2026-08-03 11:07:17.008 | INFO     | monitor:scan:111 - Scanning Website...
2026-08-03 11:07:17.011 | INFO     | monitor:scan:125 - Loading Page 1
2026-08-03 11:07:17.012 | INFO     | api:get_files:60 - Loading Page 1
2026-08-03 11:07:17.450 | WARNING  | auth.login:get:411 - Access Token Expired
2026-08-03 11:07:17.451 | INFO     | auth.login:login:262 - Logging in...
2026-08-03 11:07:17.885 | SUCCESS  | auth.login:save_token:242 - Token Saved
2026-08-03 11:07:17.886 | SUCCESS  | auth.login:login:340 - Login Successful
2026-08-03 11:07:19.064 | INFO     | api:get_file:84 - Loading File 126d519e-95f6-9843-e927-2ca3fc8ea743
2026-08-03 11:07:19.290 | INFO     | monitor:scan:273 - Reached Old Files
2026-08-03 11:07:19.290 | INFO     | monitor:scan:303 - No New Serial
2026-08-03 11:07:19.290 | INFO     | monitor:scan:325 - Nothing Changed
2026-08-03 11:07:19.290 | SUCCESS  | monitor:scan:331 - Scan Finished
2026-08-03 11:07:19.290 | INFO     | monitor:start:67 - Sleep 60 Seconds
2026-08-03 11:08:19.291 | INFO     | auth.login:ensure_login:354 - Checking Login...
2026-08-03 11:08:19.311 | SUCCESS  | auth.login:load_saved_token:192 - Saved Token Loaded
2026-08-03 11:08:19.311 | SUCCESS  | auth.login:ensure_login:362 - Using Saved Token
2026-08-03 11:08:19.312 | INFO     | monitor:scan:111 - Scanning Website...
2026-08-03 11:08:19.312 | INFO     | monitor:scan:125 - Loading Page 1
2026-08-03 11:08:19.313 | INFO     | api:get_files:60 - Loading Page 1
2026-08-03 11:08:20.940 | INFO     | api:get_file:84 - Loading File 126d519e-95f6-9843-e927-2ca3fc8ea743
2026-08-03 11:08:21.168 | INFO     | monitor:scan:273 - Reached Old Files
2026-08-03 11:08:21.169 | INFO     | monitor:scan:303 - No New Serial
2026-08-03 11:08:21.172 | INFO     | monitor:scan:325 - Nothing Changed
2026-08-03 11:08:21.174 | SUCCESS  | monitor:scan:331 - Scan Finished
2026-08-03 11:08:21.176 | INFO     | monitor:start:67 - Sleep 60 Seconds
2026-08-03 11:09:21.177 | INFO     | auth.login:ensure_login:354 - Checking Login...
2026-08-03 11:09:21.179 | SUCCESS  | auth.login:load_saved_token:192 - Saved Token Loaded
2026-08-03 11:09:21.179 | SUCCESS  | auth.login:ensure_login:362 - Using Saved Token
2026-08-03 11:09:21.180 | INFO     | monitor:scan:111 - Scanning Website...
2026-08-03 11:09:21.182 | INFO     | monitor:scan:125 - Loading Page 1
2026-08-03 11:09:21.183 | INFO     | api:get_files:60 - Loading Page 1
2026-08-03 11:09:22.989 | INFO     | api:get_file:84 - Loading File 126d519e-95f6-9843-e927-2ca3fc8ea743
2026-08-03 11:09:23.221 | INFO     | monitor:scan:273 - Reached Old Files
2026-08-03 11:09:23.222 | INFO     | monitor:scan:303 - No New Serial
2026-08-03 11:09:23.223 | INFO     | monitor:scan:325 - Nothing Changed
2026-08-03 11:09:23.225 | SUCCESS  | monitor:scan:331 - Scan Finished
2026-08-03 11:09:23.226 | INFO     | monitor:start:67 - Sleep 60 Seconds
2026-08-03 11:10:23.227 | INFO     | auth.login:ensure_login:354 - Checking Login...
2026-08-03 11:10:23.229 | SUCCESS  | auth.login:load_saved_token:192 - Saved Token Loaded
2026-08-03 11:10:23.230 | SUCCESS  | auth.login:ensure_login:362 - Using Saved Token
2026-08-03 11:10:23.231 | INFO     | monitor:scan:111 - Scanning Website...
2026-08-03 11:10:23.233 | INFO     | monitor:scan:125 - Loading Page 1
2026-08-03 11:10:23.234 | INFO     | api:get_files:60 - Loading Page 1
2026-08-03 11:10:24.766 | INFO     | api:get_file:84 - Loading File 126d519e-95f6-9843-e927-2ca3fc8ea743
2026-08-03 11:10:24.991 | INFO     | monitor:scan:273 - Reached Old Files
2026-08-03 11:10:24.991 | INFO     | monitor:scan:303 - No New Serial
2026-08-03 11:10:24.991 | INFO     | monitor:scan:325 - Nothing Changed
2026-08-03 11:10:24.991 | SUCCESS  | monitor:scan:331 - Scan Finished
2026-08-03 11:10:24.992 | INFO     | monitor:start:67 - Sleep 60 Seconds
2026-08-03 11:11:24.992 | INFO     | auth.login:ensure_login:354 - Checking Login...
2026-08-03 11:11:24.994 | SUCCESS  | auth.login:load_saved_token:192 - Saved Token Loaded
2026-08-03 11:11:24.995 | SUCCESS  | auth.login:ensure_login:362 - Using Saved Token
2026-08-03 11:11:24.995 | INFO     | monitor:scan:111 - Scanning Website...
2026-08-03 11:11:24.995 | INFO     | monitor:scan:125 - Loading Page 1
2026-08-03 11:11:24.996 | INFO     | api:get_files:60 - Loading Page 1
2026-08-03 11:11:26.634 | INFO     | api:get_file:84 - Loading File 126d519e-95f6-9843-e927-2ca3fc8ea743
2026-08-03 11:11:26.849 | INFO     | monitor:scan:273 - Reached Old Files
2026-08-03 11:11:26.851 | INFO     | monitor:scan:303 - No New Serial
2026-08-03 11:11:26.852 | INFO     | monitor:scan:325 - Nothing Changed
2026-08-03 11:11:26.853 | SUCCESS  | monitor:scan:331 - Scan Finished
2026-08-03 11:11:26.853 | INFO     | monitor:start:67 - Sleep 60 Seconds
2026-08-03 11:12:26.854 | INFO     | auth.login:ensure_login:354 - Checking Login...
2026-08-03 11:12:26.858 | SUCCESS  | auth.login:load_saved_token:192 - Saved Token Loaded
2026-08-03 11:12:26.860 | SUCCESS  | auth.login:ensure_login:362 - Using Saved Token
2026-08-03 11:12:26.861 | INFO     | monitor:scan:111 - Scanning Website...
2026-08-03 11:12:26.864 | INFO     | monitor:scan:125 - Loading Page 1
2026-08-03 11:12:26.864 | INFO     | api:get_files:60 - Loading Page 1
2026-08-03 11:12:30.201 | INFO     | api:get_file:84 - Loading File 126d519e-95f6-9843-e927-2ca3fc8ea743
2026-08-03 11:12:30.427 | INFO     | monitor:scan:273 - Reached Old Files
2026-08-03 11:12:30.428 | INFO     | monitor:scan:303 - No New Serial
2026-08-03 11:12:30.428 | INFO     | monitor:scan:325 - Nothing Changed
2026-08-03 11:12:30.428 | SUCCESS  | monitor:scan:331 - Scan Finished
2026-08-03 11:12:30.429 | INFO     | monitor:start:67 - Sleep 60 Seconds
2026-08-03 11:13:30.429 | INFO     | auth.login:ensure_login:354 - Checking Login...
2026-08-03 11:13:30.430 | SUCCESS  | auth.login:load_saved_token:192 - Saved Token Loaded
2026-08-03 11:13:30.431 | SUCCESS  | auth.login:ensure_login:362 - Using Saved Token
2026-08-03 11:13:30.431 | INFO     | monitor:scan:111 - Scanning Website...
2026-08-03 11:13:30.432 | INFO     | monitor:scan:125 - Loading Page 1
2026-08-03 11:13:30.432 | INFO     | api:get_files:60 - Loading Page 1
2026-08-03 11:13:33.657 | INFO     | api:get_file:84 - Loading File 126d519e-95f6-9843-e927-2ca3fc8ea743
2026-08-03 11:13:33.886 | INFO     | monitor:scan:273 - Reached Old Files
2026-08-03 11:13:33.888 | INFO     | monitor:scan:303 - No New Serial
2026-08-03 11:13:33.889 | INFO     | monitor:scan:325 - Nothing Changed
2026-08-03 11:13:33.890 | SUCCESS  | monitor:scan:331 - Scan Finished
2026-08-03 11:13:33.891 | INFO     | monitor:start:67 - Sleep 60 Seconds
2026-08-03 11:14:33.892 | INFO     | auth.login:ensure_login:354 - Checking Login...
2026-08-03 11:14:33.895 | SUCCESS  | auth.login:load_saved_token:192 - Saved Token Loaded
2026-08-03 11:14:33.896 | SUCCESS  | auth.login:ensure_login:362 - Using Saved Token
2026-08-03 11:14:33.897 | INFO     | monitor:scan:111 - Scanning Website...
2026-08-03 11:14:33.898 | INFO     | monitor:scan:125 - Loading Page 1
2026-08-03 11:14:33.899 | INFO     | api:get_files:60 - Loading Page 1
2026-08-03 11:14:35.370 | INFO     | api:get_file:84 - Loading File 126d519e-95f6-9843-e927-2ca3fc8ea743
2026-08-03 11:14:35.589 | INFO     | monitor:scan:273 - Reached Old Files
2026-08-03 11:14:35.592 | INFO     | monitor:scan:303 - No New Serial
2026-08-03 11:14:35.594 | INFO     | monitor:scan:325 - Nothing Changed
2026-08-03 11:14:35.595 | SUCCESS  | monitor:scan:331 - Scan Finished
2026-08-03 11:14:35.597 | INFO     | monitor:start:67 - Sleep 60 Seconds
2026-08-03 11:15:35.598 | INFO     | auth.login:ensure_login:354 - Checking Login...
2026-08-03 11:15:35.601 | SUCCESS  | auth.login:load_saved_token:192 - Saved Token Loaded
2026-08-03 11:15:35.602 | SUCCESS  | auth.login:ensure_login:362 - Using Saved Token
2026-08-03 11:15:35.602 | INFO     | monitor:scan:111 - Scanning Website...
2026-08-03 11:15:35.606 | INFO     | monitor:scan:125 - Loading Page 1
2026-08-03 11:15:35.606 | INFO     | api:get_files:60 - Loading Page 1
2026-08-03 11:15:37.124 | INFO     | api:get_file:84 - Loading File 126d519e-95f6-9843-e927-2ca3fc8ea743
2026-08-03 11:15:37.355 | INFO     | monitor:scan:273 - Reached Old Files
2026-08-03 11:15:37.355 | INFO     | monitor:scan:303 - No New Serial
2026-08-03 11:15:37.358 | INFO     | monitor:scan:325 - Nothing Changed
2026-08-03 11:15:37.359 | SUCCESS  | monitor:scan:331 - Scan Finished
2026-08-03 11:15:37.360 | INFO     | monitor:start:67 - Sleep 60 Seconds
2026-08-03 11:16:37.361 | INFO     | auth.login:ensure_login:354 - Checking Login...
2026-08-03 11:16:37.365 | SUCCESS  | auth.login:load_saved_token:192 - Saved Token Loaded
2026-08-03 11:16:37.366 | SUCCESS  | auth.login:ensure_login:362 - Using Saved Token
2026-08-03 11:16:37.366 | INFO     | monitor:scan:111 - Scanning Website...
2026-08-03 11:16:37.369 | INFO     | monitor:scan:125 - Loading Page 1
2026-08-03 11:16:37.370 | INFO     | api:get_files:60 - Loading Page 1
2026-08-03 11:16:39.304 | INFO     | api:get_file:84 - Loading File 126d519e-95f6-9843-e927-2ca3fc8ea743
2026-08-03 11:16:39.752 | INFO     | monitor:scan:273 - Reached Old Files
2026-08-03 11:16:39.752 | INFO     | monitor:scan:303 - No New Serial
2026-08-03 11:16:39.753 | INFO     | monitor:scan:325 - Nothing Changed
2026-08-03 11:16:39.755 | SUCCESS  | monitor:scan:331 - Scan Finished
2026-08-03 11:16:39.755 | INFO     | monitor:start:67 - Sleep 60 Seconds
2026-08-03 11:17:39.756 | INFO     | auth.login:ensure_login:354 - Checking Login...
2026-08-03 11:17:39.760 | SUCCESS  | auth.login:load_saved_token:192 - Saved Token Loaded
2026-08-03 11:17:39.762 | SUCCESS  | auth.login:ensure_login:362 - Using Saved Token
2026-08-03 11:17:39.762 | INFO     | monitor:scan:111 - Scanning Website...
2026-08-03 11:17:39.762 | INFO     | monitor:scan:125 - Loading Page 1
2026-08-03 11:17:39.762 | INFO     | api:get_files:60 - Loading Page 1
2026-08-03 11:17:40.191 | WARNING  | auth.login:get:411 - Access Token Expired
2026-08-03 11:17:40.194 | INFO     | auth.login:login:262 - Logging in...
2026-08-03 11:17:40.653 | SUCCESS  | auth.login:save_token:242 - Token Saved
2026-08-03 11:17:40.654 | SUCCESS  | auth.login:login:340 - Login Successful
2026-08-03 11:17:41.875 | INFO     | api:get_file:84 - Loading File 126d519e-95f6-9843-e927-2ca3fc8ea743
2026-08-03 11:17:42.123 | INFO     | monitor:scan:273 - Reached Old Files
2026-08-03 11:17:42.123 | INFO     | monitor:scan:303 - No New Serial
2026-08-03 11:17:42.123 | INFO     | monitor:scan:325 - Nothing Changed
2026-08-03 11:17:42.124 | SUCCESS  | monitor:scan:331 - Scan Finished
2026-08-03 11:17:42.124 | INFO     | monitor:start:67 - Sleep 60 Seconds
2026-08-03 11:18:42.125 | INFO     | auth.login:ensure_login:354 - Checking Login...
2026-08-03 11:18:42.133 | SUCCESS  | auth.login:load_saved_token:192 - Saved Token Loaded
2026-08-03 11:18:42.133 | SUCCESS  | auth.login:ensure_login:362 - Using Saved Token
2026-08-03 11:18:42.133 | INFO     | monitor:scan:111 - Scanning Website...
2026-08-03 11:18:42.134 | INFO     | monitor:scan:125 - Loading Page 1
2026-08-03 11:18:42.134 | INFO     | api:get_files:60 - Loading Page 1
2026-08-03 11:18:43.989 | INFO     | api:get_file:84 - Loading File 126d519e-95f6-9843-e927-2ca3fc8ea743
2026-08-03 11:18:44.217 | INFO     | monitor:scan:273 - Reached Old Files
2026-08-03 11:18:44.217 | INFO     | monitor:scan:303 - No New Serial
2026-08-03 11:18:44.218 | INFO     | monitor:scan:325 - Nothing Changed
2026-08-03 11:18:44.218 | SUCCESS  | monitor:scan:331 - Scan Finished
2026-08-03 11:18:44.218 | INFO     | monitor:start:67 - Sleep 60 Seconds
2026-08-03 11:19:44.219 | INFO     | auth.login:ensure_login:354 - Checking Login...
2026-08-03 11:19:44.220 | SUCCESS  | auth.login:load_saved_token:192 - Saved Token Loaded
2026-08-03 11:19:44.220 | SUCCESS  | auth.login:ensure_login:362 - Using Saved Token
2026-08-03 11:19:44.220 | INFO     | monitor:scan:111 - Scanning Website...
2026-08-03 11:19:44.221 | INFO     | monitor:scan:125 - Loading Page 1
2026-08-03 11:19:44.222 | INFO     | api:get_files:60 - Loading Page 1
2026-08-03 11:19:45.898 | INFO     | api:get_file:84 - Loading File 126d519e-95f6-9843-e927-2ca3fc8ea743
2026-08-03 11:19:46.112 | INFO     | monitor:scan:273 - Reached Old Files
2026-08-03 11:19:46.113 | INFO     | monitor:scan:303 - No New Serial
2026-08-03 11:19:46.113 | INFO     | monitor:scan:325 - Nothing Changed
2026-08-03 11:19:46.114 | SUCCESS  | monitor:scan:331 - Scan Finished
2026-08-03 11:19:46.114 | INFO     | monitor:start:67 - Sleep 60 Seconds
2026-08-03 11:20:46.116 | INFO     | auth.login:ensure_login:354 - Checking Login...
2026-08-03 11:20:46.118 | SUCCESS  | auth.login:load_saved_token:192 - Saved Token Loaded
2026-08-03 11:20:46.119 | SUCCESS  | auth.login:ensure_login:362 - Using Saved Token
2026-08-03 11:20:46.119 | INFO     | monitor:scan:111 - Scanning Website...
2026-08-03 11:20:46.121 | INFO     | monitor:scan:125 - Loading Page 1
2026-08-03 11:20:46.123 | INFO     | api:get_files:60 - Loading Page 1
2026-08-03 11:20:47.620 | INFO     | api:get_file:84 - Loading File 126d519e-95f6-9843-e927-2ca3fc8ea743
2026-08-03 11:20:47.846 | INFO     | monitor:scan:273 - Reached Old Files
2026-08-03 11:20:47.847 | INFO     | monitor:scan:303 - No New Serial
2026-08-03 11:20:47.847 | INFO     | monitor:scan:325 - Nothing Changed
2026-08-03 11:20:47.847 | SUCCESS  | monitor:scan:331 - Scan Finished
2026-08-03 11:20:47.848 | INFO     | monitor:start:67 - Sleep 60 Seconds
2026-08-03 11:21:47.848 | INFO     | auth.login:ensure_login:354 - Checking Login...
2026-08-03 11:21:47.849 | SUCCESS  | auth.login:load_saved_token:192 - Saved Token Loaded
2026-08-03 11:21:47.850 | SUCCESS  | auth.login:ensure_login:362 - Using Saved Token
2026-08-03 11:21:47.850 | INFO     | monitor:scan:111 - Scanning Website...
2026-08-03 11:21:47.850 | INFO     | monitor:scan:125 - Loading Page 1
2026-08-03 11:21:47.851 | INFO     | api:get_files:60 - Loading Page 1
2026-08-03 11:21:51.384 | INFO     | api:get_file:84 - Loading File 126d519e-95f6-9843-e927-2ca3fc8ea743
2026-08-03 11:21:51.614 | INFO     | monitor:scan:273 - Reached Old Files
2026-08-03 11:21:51.616 | INFO     | monitor:scan:303 - No New Serial
2026-08-03 11:21:51.617 | INFO     | monitor:scan:325 - Nothing Changed
2026-08-03 11:21:51.618 | SUCCESS  | monitor:scan:331 - Scan Finished
2026-08-03 11:21:51.620 | INFO     | monitor:start:67 - Sleep 60 Seconds
2026-08-03 11:22:51.622 | INFO     | auth.login:ensure_login:354 - Checking Login...
2026-08-03 11:22:51.627 | SUCCESS  | auth.login:load_saved_token:192 - Saved Token Loaded
2026-08-03 11:22:51.629 | SUCCESS  | auth.login:ensure_login:362 - Using Saved Token
2026-08-03 11:22:51.632 | INFO     | monitor:scan:111 - Scanning Website...
2026-08-03 11:22:51.637 | INFO     | monitor:scan:125 - Loading Page 1
2026-08-03 11:22:51.638 | INFO     | api:get_files:60 - Loading Page 1
2026-08-03 11:22:53.170 | INFO     | api:get_file:84 - Loading File 126d519e-95f6-9843-e927-2ca3fc8ea743
2026-08-03 11:22:53.399 | INFO     | monitor:scan:273 - Reached Old Files
2026-08-03 11:22:53.400 | INFO     | monitor:scan:303 - No New Serial
2026-08-03 11:22:53.401 | INFO     | monitor:scan:325 - Nothing Changed
2026-08-03 11:22:53.402 | SUCCESS  | monitor:scan:331 - Scan Finished
2026-08-03 11:22:53.403 | INFO     | monitor:start:67 - Sleep 60 Seconds
2026-08-03 11:23:53.405 | INFO     | auth.login:ensure_login:354 - Checking Login...
2026-08-03 11:23:53.405 | SUCCESS  | auth.login:load_saved_token:192 - Saved Token Loaded
2026-08-03 11:23:53.405 | SUCCESS  | auth.login:ensure_login:362 - Using Saved Token
2026-08-03 11:23:53.406 | INFO     | monitor:scan:111 - Scanning Website...
2026-08-03 11:23:53.406 | INFO     | monitor:scan:125 - Loading Page 1
2026-08-03 11:23:53.407 | INFO     | api:get_files:60 - Loading Page 1
2026-08-03 11:23:56.174 | INFO     | api:get_file:84 - Loading File 126d519e-95f6-9843-e927-2ca3fc8ea743
2026-08-03 11:23:56.401 | INFO     | monitor:scan:273 - Reached Old Files
2026-08-03 11:23:56.402 | INFO     | monitor:scan:303 - No New Serial
2026-08-03 11:23:56.402 | INFO     | monitor:scan:325 - Nothing Changed
2026-08-03 11:23:56.403 | SUCCESS  | monitor:scan:331 - Scan Finished
2026-08-03 11:23:56.403 | INFO     | monitor:start:67 - Sleep 60 Seconds
2026-08-03 11:24:56.404 | INFO     | auth.login:ensure_login:354 - Checking Login...
2026-08-03 11:24:56.409 | SUCCESS  | auth.login:load_saved_token:192 - Saved Token Loaded
2026-08-03 11:24:56.412 | SUCCESS  | auth.login:ensure_login:362 - Using Saved Token
2026-08-03 11:24:56.412 | INFO     | monitor:scan:111 - Scanning Website...
2026-08-03 11:24:56.413 | INFO     | monitor:scan:125 - Loading Page 1
2026-08-03 11:24:56.414 | INFO     | api:get_files:60 - Loading Page 1
2026-08-03 11:24:57.968 | INFO     | api:get_file:84 - Loading File 126d519e-95f6-9843-e927-2ca3fc8ea743
2026-08-03 11:24:58.198 | INFO     | monitor:scan:273 - Reached Old Files
2026-08-03 11:24:58.200 | INFO     | monitor:scan:303 - No New Serial
2026-08-03 11:24:58.201 | INFO     | monitor:scan:325 - Nothing Changed
2026-08-03 11:24:58.202 | SUCCESS  | monitor:scan:331 - Scan Finished
2026-08-03 11:24:58.203 | INFO     | monitor:start:67 - Sleep 60 Seconds
2026-08-03 11:25:58.204 | INFO     | auth.login:ensure_login:354 - Checking Login...
2026-08-03 11:25:58.208 | SUCCESS  | auth.login:load_saved_token:192 - Saved Token Loaded
2026-08-03 11:25:58.210 | SUCCESS  | auth.login:ensure_login:362 - Using Saved Token
2026-08-03 11:25:58.211 | INFO     | monitor:scan:111 - Scanning Website...
2026-08-03 11:25:58.214 | INFO     | monitor:scan:125 - Loading Page 1
2026-08-03 11:25:58.214 | INFO     | api:get_files:60 - Loading Page 1
2026-08-03 11:26:01.454 | INFO     | api:get_file:84 - Loading File 126d519e-95f6-9843-e927-2ca3fc8ea743
2026-08-03 11:26:01.670 | INFO     | monitor:scan:273 - Reached Old Files
2026-08-03 11:26:01.672 | INFO     | monitor:scan:303 - No New Serial
2026-08-03 11:26:01.674 | INFO     | monitor:scan:325 - Nothing Changed
2026-08-03 11:26:01.675 | SUCCESS  | monitor:scan:331 - Scan Finished
2026-08-03 11:26:01.678 | INFO     | monitor:start:67 - Sleep 60 Seconds
2026-08-03 11:27:01.680 | INFO     | auth.login:ensure_login:354 - Checking Login...
2026-08-03 11:27:01.680 | SUCCESS  | auth.login:load_saved_token:192 - Saved Token Loaded
2026-08-03 11:27:01.681 | SUCCESS  | auth.login:ensure_login:362 - Using Saved Token
2026-08-03 11:27:01.681 | INFO     | monitor:scan:111 - Scanning Website...
2026-08-03 11:27:01.682 | INFO     | monitor:scan:125 - Loading Page 1
2026-08-03 11:27:01.682 | INFO     | api:get_files:60 - Loading Page 1
2026-08-03 11:27:03.337 | INFO     | api:get_file:84 - Loading File 126d519e-95f6-9843-e927-2ca3fc8ea743
2026-08-03 11:27:03.562 | INFO     | monitor:scan:273 - Reached Old Files
2026-08-03 11:27:03.562 | INFO     | monitor:scan:303 - No New Serial
2026-08-03 11:27:03.562 | INFO     | monitor:scan:325 - Nothing Changed
2026-08-03 11:27:03.563 | SUCCESS  | monitor:scan:331 - Scan Finished
2026-08-03 11:27:03.563 | INFO     | monitor:start:67 - Sleep 60 Seconds
2026-08-03 11:28:03.564 | INFO     | auth.login:ensure_login:354 - Checking Login...
2026-08-03 11:28:03.566 | SUCCESS  | auth.login:load_saved_token:192 - Saved Token Loaded
2026-08-03 11:28:03.567 | SUCCESS  | auth.login:ensure_login:362 - Using Saved Token
2026-08-03 11:28:03.568 | INFO     | monitor:scan:111 - Scanning Website...
2026-08-03 11:28:03.569 | INFO     | monitor:scan:125 - Loading Page 1
2026-08-03 11:28:03.570 | INFO     | api:get_files:60 - Loading Page 1
2026-08-03 11:28:04.002 | WARNING  | auth.login:get:411 - Access Token Expired
2026-08-03 11:28:04.004 | INFO     | auth.login:login:262 - Logging in...
2026-08-03 11:28:04.489 | SUCCESS  | auth.login:save_token:242 - Token Saved
2026-08-03 11:28:04.491 | SUCCESS  | auth.login:login:340 - Login Successful
2026-08-03 11:28:07.161 | INFO     | api:get_file:84 - Loading File 126d519e-95f6-9843-e927-2ca3fc8ea743
2026-08-03 11:28:07.391 | INFO     | monitor:scan:273 - Reached Old Files
2026-08-03 11:28:07.392 | INFO     | monitor:scan:303 - No New Serial
2026-08-03 11:28:07.393 | INFO     | monitor:scan:325 - Nothing Changed
2026-08-03 11:28:07.394 | SUCCESS  | monitor:scan:331 - Scan Finished
2026-08-03 11:28:07.396 | INFO     | monitor:start:67 - Sleep 60 Seconds
2026-08-03 11:29:07.398 | INFO     | auth.login:ensure_login:354 - Checking Login...
2026-08-03 11:29:07.405 | SUCCESS  | auth.login:load_saved_token:192 - Saved Token Loaded
2026-08-03 11:29:07.405 | SUCCESS  | auth.login:ensure_login:362 - Using Saved Token
2026-08-03 11:29:07.405 | INFO     | monitor:scan:111 - Scanning Website...
2026-08-03 11:29:07.406 | INFO     | monitor:scan:125 - Loading Page 1
2026-08-03 11:29:07.406 | INFO     | api:get_files:60 - Loading Page 1
2026-08-03 11:29:08.965 | INFO     | api:get_file:84 - Loading File 126d519e-95f6-9843-e927-2ca3fc8ea743
2026-08-03 11:29:09.191 | INFO     | monitor:scan:273 - Reached Old Files
2026-08-03 11:29:09.192 | INFO     | monitor:scan:303 - No New Serial
2026-08-03 11:29:09.192 | INFO     | monitor:scan:325 - Nothing Changed
2026-08-03 11:29:09.194 | SUCCESS  | monitor:scan:331 - Scan Finished
2026-08-03 11:29:09.195 | INFO     | monitor:start:67 - Sleep 60 Seconds
2026-08-03 11:30:09.199 | INFO     | auth.login:ensure_login:354 - Checking Login...
2026-08-03 11:30:09.202 | SUCCESS  | auth.login:load_saved_token:192 - Saved Token Loaded
2026-08-03 11:30:09.203 | SUCCESS  | auth.login:ensure_login:362 - Using Saved Token
2026-08-03 11:30:09.204 | INFO     | monitor:scan:111 - Scanning Website...
2026-08-03 11:30:09.209 | INFO     | monitor:scan:125 - Loading Page 1
2026-08-03 11:30:09.210 | INFO     | api:get_files:60 - Loading Page 1
2026-08-03 11:30:10.960 | INFO     | api:get_file:84 - Loading File 126d519e-95f6-9843-e927-2ca3fc8ea743
2026-08-03 11:30:11.182 | INFO     | monitor:scan:273 - Reached Old Files
2026-08-03 11:30:11.182 | INFO     | monitor:scan:303 - No New Serial
2026-08-03 11:30:11.182 | INFO     | monitor:scan:325 - Nothing Changed
2026-08-03 11:30:11.182 | SUCCESS  | monitor:scan:331 - Scan Finished
2026-08-03 11:30:11.182 | INFO     | monitor:start:67 - Sleep 60 Seconds
2026-08-03 11:31:11.183 | INFO     | auth.login:ensure_login:354 - Checking Login...
2026-08-03 11:31:11.184 | SUCCESS  | auth.login:load_saved_token:192 - Saved Token Loaded
2026-08-03 11:31:11.184 | SUCCESS  | auth.login:ensure_login:362 - Using Saved Token
2026-08-03 11:31:11.184 | INFO     | monitor:scan:111 - Scanning Website...
2026-08-03 11:31:11.184 | INFO     | monitor:scan:125 - Loading Page 1
2026-08-03 11:31:11.185 | INFO     | api:get_files:60 - Loading Page 1
2026-08-03 11:31:14.655 | INFO     | api:get_file:84 - Loading File 126d519e-95f6-9843-e927-2ca3fc8ea743
2026-08-03 11:31:14.887 | INFO     | monitor:scan:273 - Reached Old Files
2026-08-03 11:31:14.890 | INFO     | monitor:scan:303 - No New Serial
2026-08-03 11:31:14.891 | INFO     | monitor:scan:325 - Nothing Changed
2026-08-03 11:31:14.892 | SUCCESS  | monitor:scan:331 - Scan Finished
2026-08-03 11:31:14.894 | INFO     | monitor:start:67 - Sleep 60 Seconds
2026-08-03 11:32:14.896 | INFO     | auth.login:ensure_login:354 - Checking Login...
2026-08-03 11:32:14.900 | SUCCESS  | auth.login:load_saved_token:192 - Saved Token Loaded
2026-08-03 11:32:14.903 | SUCCESS  | auth.login:ensure_login:362 - Using Saved Token
2026-08-03 11:32:14.904 | INFO     | monitor:scan:111 - Scanning Website...
2026-08-03 11:32:14.907 | INFO     | monitor:scan:125 - Loading Page 1
2026-08-03 11:32:14.908 | INFO     | api:get_files:60 - Loading Page 1
2026-08-03 11:32:18.342 | INFO     | api:get_file:84 - Loading File 126d519e-95f6-9843-e927-2ca3fc8ea743
2026-08-03 11:32:18.572 | INFO     | monitor:scan:273 - Reached Old Files
2026-08-03 11:32:18.573 | INFO     | monitor:scan:303 - No New Serial
2026-08-03 11:32:18.575 | INFO     | monitor:scan:325 - Nothing Changed
2026-08-03 11:32:18.575 | SUCCESS  | monitor:scan:331 - Scan Finished
2026-08-03 11:32:18.575 | INFO     | monitor:start:67 - Sleep 60 Seconds
2026-08-03 11:33:18.576 | INFO     | auth.login:ensure_login:354 - Checking Login...
2026-08-03 11:33:18.578 | SUCCESS  | auth.login:load_saved_token:192 - Saved Token Loaded
2026-08-03 11:33:18.579 | SUCCESS  | auth.login:ensure_login:362 - Using Saved Token
2026-08-03 11:33:18.579 | INFO     | monitor:scan:111 - Scanning Website...
2026-08-03 11:33:18.580 | INFO     | monitor:scan:125 - Loading Page 1
2026-08-03 11:33:18.580 | INFO     | api:get_files:60 - Loading Page 1
2026-08-03 11:33:23.657 | INFO     | api:get_file:84 - Loading File 126d519e-95f6-9843-e927-2ca3fc8ea743
2026-08-03 11:33:23.886 | INFO     | monitor:scan:273 - Reached Old Files
2026-08-03 11:33:23.887 | INFO     | monitor:scan:303 - No New Serial
2026-08-03 11:33:23.888 | INFO     | monitor:scan:325 - Nothing Changed
2026-08-03 11:33:23.889 | SUCCESS  | monitor:scan:331 - Scan Finished
2026-08-03 11:33:23.890 | INFO     | monitor:start:67 - Sleep 60 Seconds
2026-08-03 11:34:23.891 | INFO     | auth.login:ensure_login:354 - Checking Login...
2026-08-03 11:34:23.891 | SUCCESS  | auth.login:load_saved_token:192 - Saved Token Loaded
2026-08-03 11:34:23.892 | SUCCESS  | auth.login:ensure_login:362 - Using Saved Token
2026-08-03 11:34:23.892 | INFO     | monitor:scan:111 - Scanning Website...
2026-08-03 11:34:23.892 | INFO     | monitor:scan:125 - Loading Page 1
2026-08-03 11:34:23.892 | INFO     | api:get_files:60 - Loading Page 1
2026-08-03 11:34:25.575 | INFO     | api:get_file:84 - Loading File 126d519e-95f6-9843-e927-2ca3fc8ea743
2026-08-03 11:34:25.803 | INFO     | monitor:scan:273 - Reached Old Files
2026-08-03 11:34:25.804 | INFO     | monitor:scan:303 - No New Serial
2026-08-03 11:34:25.805 | INFO     | monitor:scan:325 - Nothing Changed
2026-08-03 11:34:25.807 | SUCCESS  | monitor:scan:331 - Scan Finished
2026-08-03 11:34:25.808 | INFO     | monitor:start:67 - Sleep 60 Seconds
2026-08-03 11:35:25.809 | INFO     | auth.login:ensure_login:354 - Checking Login...
2026-08-03 11:35:25.810 | SUCCESS  | auth.login:load_saved_token:192 - Saved Token Loaded
2026-08-03 11:35:25.810 | SUCCESS  | auth.login:ensure_login:362 - Using Saved Token
2026-08-03 11:35:25.810 | INFO     | monitor:scan:111 - Scanning Website...
2026-08-03 11:35:25.811 | INFO     | monitor:scan:125 - Loading Page 1
2026-08-03 11:35:25.811 | INFO     | api:get_files:60 - Loading Page 1
2026-08-03 11:35:27.308 | INFO     | api:get_file:84 - Loading File 126d519e-95f6-9843-e927-2ca3fc8ea743
2026-08-03 11:35:27.576 | INFO     | monitor:scan:273 - Reached Old Files
2026-08-03 11:35:27.576 | INFO     | monitor:scan:303 - No New Serial
2026-08-03 11:35:27.576 | INFO     | monitor:scan:325 - Nothing Changed
2026-08-03 11:35:27.576 | SUCCESS  | monitor:scan:331 - Scan Finished
2026-08-03 11:35:27.577 | INFO     | monitor:start:67 - Sleep 60 Seconds
2026-08-03 11:36:27.578 | INFO     | auth.login:ensure_login:354 - Checking Login...
2026-08-03 11:36:27.583 | SUCCESS  | auth.login:load_saved_token:192 - Saved Token Loaded
2026-08-03 11:36:27.584 | SUCCESS  | auth.login:ensure_login:362 - Using Saved Token
2026-08-03 11:36:27.585 | INFO     | monitor:scan:111 - Scanning Website...
2026-08-03 11:36:27.589 | INFO     | monitor:scan:125 - Loading Page 1
2026-08-03 11:36:27.590 | INFO     | api:get_files:60 - Loading Page 1
2026-08-03 11:36:31.049 | INFO     | api:get_file:84 - Loading File 126d519e-95f6-9843-e927-2ca3fc8ea743
2026-08-03 11:36:31.280 | INFO     | monitor:scan:273 - Reached Old Files
2026-08-03 11:36:31.282 | INFO     | monitor:scan:303 - No New Serial
2026-08-03 11:36:31.283 | INFO     | monitor:scan:325 - Nothing Changed
2026-08-03 11:36:31.285 | SUCCESS  | monitor:scan:331 - Scan Finished
2026-08-03 11:36:31.286 | INFO     | monitor:start:67 - Sleep 60 Seconds
2026-08-03 11:37:31.288 | INFO     | auth.login:ensure_login:354 - Checking Login...
2026-08-03 11:37:31.290 | SUCCESS  | auth.login:load_saved_token:192 - Saved Token Loaded
2026-08-03 11:37:31.290 | SUCCESS  | auth.login:ensure_login:362 - Using Saved Token
2026-08-03 11:37:31.291 | INFO     | monitor:scan:111 - Scanning Website...
2026-08-03 11:37:31.293 | INFO     | monitor:scan:125 - Loading Page 1
2026-08-03 11:37:31.294 | INFO     | api:get_files:60 - Loading Page 1
2026-08-03 11:37:34.566 | INFO     | api:get_file:84 - Loading File 126d519e-95f6-9843-e927-2ca3fc8ea743
2026-08-03 11:37:34.775 | INFO     | monitor:scan:273 - Reached Old Files
2026-08-03 11:37:34.776 | INFO     | monitor:scan:303 - No New Serial
2026-08-03 11:37:34.776 | INFO     | monitor:scan:325 - Nothing Changed
2026-08-03 11:37:34.776 | SUCCESS  | monitor:scan:331 - Scan Finished
2026-08-03 11:37:34.777 | INFO     | monitor:start:67 - Sleep 60 Seconds
2026-08-03 11:38:34.778 | INFO     | auth.login:ensure_login:354 - Checking Login...
2026-08-03 11:38:34.784 | SUCCESS  | auth.login:load_saved_token:192 - Saved Token Loaded
2026-08-03 11:38:34.785 | SUCCESS  | auth.login:ensure_login:362 - Using Saved Token
2026-08-03 11:38:34.787 | INFO     | monitor:scan:111 - Scanning Website...
2026-08-03 11:38:34.789 | INFO     | monitor:scan:125 - Loading Page 1
2026-08-03 11:38:34.790 | INFO     | api:get_files:60 - Loading Page 1
2026-08-03 11:38:35.195 | WARNING  | auth.login:get:411 - Access Token Expired
2026-08-03 11:38:35.197 | INFO     | auth.login:login:262 - Logging in...
2026-08-03 11:38:35.874 | SUCCESS  | auth.login:save_token:242 - Token Saved
2026-08-03 11:38:35.874 | SUCCESS  | auth.login:login:340 - Login Successful
2026-08-03 11:38:39.269 | INFO     | api:get_file:84 - Loading File 126d519e-95f6-9843-e927-2ca3fc8ea743
2026-08-03 11:38:39.500 | INFO     | monitor:scan:273 - Reached Old Files
2026-08-03 11:38:39.502 | INFO     | monitor:scan:303 - No New Serial
2026-08-03 11:38:39.504 | INFO     | monitor:scan:325 - Nothing Changed
2026-08-03 11:38:39.505 | SUCCESS  | monitor:scan:331 - Scan Finished
2026-08-03 11:38:39.508 | INFO     | monitor:start:67 - Sleep 60 Seconds
2026-08-03 11:39:39.510 | INFO     | auth.login:ensure_login:354 - Checking Login...
2026-08-03 11:39:39.539 | SUCCESS  | auth.login:load_saved_token:192 - Saved Token Loaded
2026-08-03 11:39:39.539 | SUCCESS  | auth.login:ensure_login:362 - Using Saved Token
2026-08-03 11:39:39.539 | INFO     | monitor:scan:111 - Scanning Website...
2026-08-03 11:39:39.540 | INFO     | monitor:scan:125 - Loading Page 1
2026-08-03 11:39:39.540 | INFO     | api:get_files:60 - Loading Page 1
2026-08-03 11:39:41.221 | INFO     | api:get_file:84 - Loading File 126d519e-95f6-9843-e927-2ca3fc8ea743
2026-08-03 11:39:41.448 | INFO     | monitor:scan:273 - Reached Old Files
2026-08-03 11:39:41.450 | INFO     | monitor:scan:303 - No New Serial
2026-08-03 11:39:41.451 | INFO     | monitor:scan:325 - Nothing Changed
2026-08-03 11:39:41.453 | SUCCESS  | monitor:scan:331 - Scan Finished
2026-08-03 11:39:41.454 | INFO     | monitor:start:67 - Sleep 60 Seconds
2026-08-03 11:40:41.457 | INFO     | auth.login:ensure_login:354 - Checking Login...
2026-08-03 11:40:41.461 | SUCCESS  | auth.login:load_saved_token:192 - Saved Token Loaded
2026-08-03 11:40:41.463 | SUCCESS  | auth.login:ensure_login:362 - Using Saved Token
2026-08-03 11:40:41.465 | INFO     | monitor:scan:111 - Scanning Website...
2026-08-03 11:40:41.469 | INFO     | monitor:scan:125 - Loading Page 1
2026-08-03 11:40:41.470 | INFO     | api:get_files:60 - Loading Page 1
2026-08-03 11:40:44.959 | INFO     | api:get_file:84 - Loading File 126d519e-95f6-9843-e927-2ca3fc8ea743
2026-08-03 11:40:45.183 | INFO     | monitor:scan:273 - Reached Old Files
2026-08-03 11:40:45.184 | INFO     | monitor:scan:303 - No New Serial
2026-08-03 11:40:45.185 | INFO     | monitor:scan:325 - Nothing Changed
2026-08-03 11:40:45.185 | SUCCESS  | monitor:scan:331 - Scan Finished
2026-08-03 11:40:45.186 | INFO     | monitor:start:67 - Sleep 60 Seconds
2026-08-03 11:41:45.187 | INFO     | auth.login:ensure_login:354 - Checking Login...
2026-08-03 11:41:45.191 | SUCCESS  | auth.login:load_saved_token:192 - Saved Token Loaded
2026-08-03 11:41:45.192 | SUCCESS  | auth.login:ensure_login:362 - Using Saved Token
2026-08-03 11:41:45.193 | INFO     | monitor:scan:111 - Scanning Website...
2026-08-03 11:41:45.196 | INFO     | monitor:scan:125 - Loading Page 1
2026-08-03 11:41:45.198 | INFO     | api:get_files:60 - Loading Page 1
2026-08-03 11:41:46.806 | INFO     | api:get_file:84 - Loading File 126d519e-95f6-9843-e927-2ca3fc8ea743
2026-08-03 11:41:47.033 | INFO     | monitor:scan:273 - Reached Old Files
2026-08-03 11:41:47.034 | INFO     | monitor:scan:303 - No New Serial
2026-08-03 11:41:47.034 | INFO     | monitor:scan:325 - Nothing Changed
2026-08-03 11:41:47.034 | SUCCESS  | monitor:scan:331 - Scan Finished
2026-08-03 11:41:47.035 | INFO     | monitor:start:67 - Sleep 60 Seconds
2026-08-03 11:42:47.036 | INFO     | auth.login:ensure_login:354 - Checking Login...
2026-08-03 11:42:47.038 | SUCCESS  | auth.login:load_saved_token:192 - Saved Token Loaded
2026-08-03 11:42:47.039 | SUCCESS  | auth.login:ensure_login:362 - Using Saved Token
2026-08-03 11:42:47.040 | INFO     | monitor:scan:111 - Scanning Website...
2026-08-03 11:42:47.042 | INFO     | monitor:scan:125 - Loading Page 1
2026-08-03 11:42:47.043 | INFO     | api:get_files:60 - Loading Page 1
2026-08-03 11:42:50.343 | INFO     | api:get_file:84 - Loading File 126d519e-95f6-9843-e927-2ca3fc8ea743
2026-08-03 11:42:50.572 | INFO     | monitor:scan:273 - Reached Old Files
2026-08-03 11:42:50.572 | INFO     | monitor:scan:303 - No New Serial
2026-08-03 11:42:50.573 | INFO     | monitor:scan:325 - Nothing Changed
2026-08-03 11:42:50.573 | SUCCESS  | monitor:scan:331 - Scan Finished
2026-08-03 11:42:50.574 | INFO     | monitor:start:67 - Sleep 60 Seconds
2026-08-03 11:43:50.575 | INFO     | auth.login:ensure_login:354 - Checking Login...
2026-08-03 11:43:50.576 | SUCCESS  | auth.login:load_saved_token:192 - Saved Token Loaded
2026-08-03 11:43:50.576 | SUCCESS  | auth.login:ensure_login:362 - Using Saved Token
2026-08-03 11:43:50.576 | INFO     | monitor:scan:111 - Scanning Website...
2026-08-03 11:43:50.577 | INFO     | monitor:scan:125 - Loading Page 1
2026-08-03 11:43:50.577 | INFO     | api:get_files:60 - Loading Page 1
2026-08-03 11:43:52.143 | INFO     | api:get_file:84 - Loading File 126d519e-95f6-9843-e927-2ca3fc8ea743
2026-08-03 11:43:52.368 | INFO     | monitor:scan:273 - Reached Old Files
2026-08-03 11:43:52.369 | INFO     | monitor:scan:303 - No New Serial
2026-08-03 11:43:52.370 | INFO     | monitor:scan:325 - Nothing Changed
2026-08-03 11:43:52.371 | SUCCESS  | monitor:scan:331 - Scan Finished
2026-08-03 11:43:52.374 | INFO     | monitor:start:67 - Sleep 60 Seconds
2026-08-03 11:44:52.376 | INFO     | auth.login:ensure_login:354 - Checking Login...
2026-08-03 11:44:52.377 | SUCCESS  | auth.login:load_saved_token:192 - Saved Token Loaded
2026-08-03 11:44:52.378 | SUCCESS  | auth.login:ensure_login:362 - Using Saved Token
2026-08-03 11:44:52.378 | INFO     | monitor:scan:111 - Scanning Website...
2026-08-03 11:44:52.379 | INFO     | monitor:scan:125 - Loading Page 1
2026-08-03 11:44:52.379 | INFO     | api:get_files:60 - Loading Page 1
2026-08-03 11:44:53.894 | INFO     | api:get_file:84 - Loading File 126d519e-95f6-9843-e927-2ca3fc8ea743
2026-08-03 11:44:54.128 | INFO     | monitor:scan:273 - Reached Old Files
2026-08-03 11:44:54.129 | INFO     | monitor:scan:303 - No New Serial
2026-08-03 11:44:54.130 | INFO     | monitor:scan:325 - Nothing Changed
2026-08-03 11:44:54.131 | SUCCESS  | monitor:scan:331 - Scan Finished
2026-08-03 11:44:54.132 | INFO     | monitor:start:67 - Sleep 60 Seconds
2026-08-03 11:45:54.134 | INFO     | auth.login:ensure_login:354 - Checking Login...
2026-08-03 11:45:54.135 | SUCCESS  | auth.login:load_saved_token:192 - Saved Token Loaded
2026-08-03 11:45:54.135 | SUCCESS  | auth.login:ensure_login:362 - Using Saved Token
2026-08-03 11:45:54.135 | INFO     | monitor:scan:111 - Scanning Website...
2026-08-03 11:45:54.135 | INFO     | monitor:scan:125 - Loading Page 1
2026-08-03 11:45:54.136 | INFO     | api:get_files:60 - Loading Page 1
2026-08-03 11:45:55.636 | INFO     | api:get_file:84 - Loading File 126d519e-95f6-9843-e927-2ca3fc8ea743
2026-08-03 11:45:55.865 | INFO     | monitor:scan:273 - Reached Old Files
2026-08-03 11:45:55.866 | INFO     | monitor:scan:303 - No New Serial
2026-08-03 11:45:55.867 | INFO     | monitor:scan:325 - Nothing Changed
2026-08-03 11:45:55.867 | SUCCESS  | monitor:scan:331 - Scan Finished
2026-08-03 11:45:55.868 | INFO     | monitor:start:67 - Sleep 60 Seconds
2026-08-03 11:46:55.870 | INFO     | auth.login:ensure_login:354 - Checking Login...
2026-08-03 11:46:55.872 | SUCCESS  | auth.login:load_saved_token:192 - Saved Token Loaded
2026-08-03 11:46:55.872 | SUCCESS  | auth.login:ensure_login:362 - Using Saved Token
2026-08-03 11:46:55.873 | INFO     | monitor:scan:111 - Scanning Website...
2026-08-03 11:46:55.874 | INFO     | monitor:scan:125 - Loading Page 1
2026-08-03 11:46:55.875 | INFO     | api:get_files:60 - Loading Page 1
2026-08-03 11:46:59.564 | INFO     | api:get_file:84 - Loading File 126d519e-95f6-9843-e927-2ca3fc8ea743
2026-08-03 11:46:59.788 | INFO     | monitor:scan:273 - Reached Old Files
2026-08-03 11:46:59.790 | INFO     | monitor:scan:303 - No New Serial
2026-08-03 11:46:59.792 | INFO     | monitor:scan:325 - Nothing Changed
2026-08-03 11:46:59.794 | SUCCESS  | monitor:scan:331 - Scan Finished
2026-08-03 11:46:59.795 | INFO     | monitor:start:67 - Sleep 60 Seconds
2026-08-03 11:47:59.796 | INFO     | auth.login:ensure_login:354 - Checking Login...
2026-08-03 11:47:59.798 | SUCCESS  | auth.login:load_saved_token:192 - Saved Token Loaded
2026-08-03 11:47:59.799 | SUCCESS  | auth.login:ensure_login:362 - Using Saved Token
2026-08-03 11:47:59.800 | INFO     | monitor:scan:111 - Scanning Website...
2026-08-03 11:47:59.802 | INFO     | monitor:scan:125 - Loading Page 1
2026-08-03 11:47:59.802 | INFO     | api:get_files:60 - Loading Page 1
2026-08-03 11:48:01.299 | INFO     | api:get_file:84 - Loading File 126d519e-95f6-9843-e927-2ca3fc8ea743
2026-08-03 11:48:01.535 | INFO     | monitor:scan:273 - Reached Old Files
2026-08-03 11:48:01.537 | INFO     | monitor:scan:303 - No New Serial
2026-08-03 11:48:01.539 | INFO     | monitor:scan:325 - Nothing Changed
2026-08-03 11:48:01.540 | SUCCESS  | monitor:scan:331 - Scan Finished
2026-08-03 11:48:01.542 | INFO     | monitor:start:67 - Sleep 60 Seconds
