2026-07-27 13:29:16.560 | SUCCESS  | logger:setup:41 - Logger Initialized
2026-07-27 13:29:16.684 | INFO     | __main__:main:28 - Loading Config...
2026-07-27 13:35:08.151 | SUCCESS  | logger:setup:41 - Logger Initialized
2026-07-27 13:35:08.151 | INFO     | __main__:main:28 - Loading Config...
2026-07-27 13:35:09.047 | SUCCESS  | auth.login:__init__:98 - Login Manager Ready
2026-07-27 15:30:11.728 | SUCCESS  | logger:setup:41 - Logger Initialized
2026-07-27 15:30:11.728 | INFO     | __main__:main:28 - Loading Config...
2026-07-27 15:34:09.279 | SUCCESS  | logger:setup:41 - Logger Initialized
2026-07-27 15:34:09.279 | INFO     | __main__:main:28 - Loading Config...
2026-07-27 15:34:09.533 | SUCCESS  | auth.login:__init__:99 - Login Manager Ready
2026-07-27 15:34:09.534 | SUCCESS  | monitor:start:51 - Alborz Monitor Started
2026-07-27 15:34:09.534 | INFO     | auth.login:ensure_login:354 - Checking Login...
2026-07-27 15:34:09.534 | INFO     | auth.login:load_saved_token:147 - No saved token found.
2026-07-27 15:34:09.534 | INFO     | auth.login:ensure_login:370 - No Valid Token. Logging In...
2026-07-27 15:34:09.535 | INFO     | auth.login:login:262 - Logging in...
2026-07-27 15:34:10.376 | SUCCESS  | auth.login:save_token:242 - Token Saved
2026-07-27 15:34:10.376 | SUCCESS  | auth.login:login:340 - Login Successful
2026-07-27 15:34:10.377 | INFO     | monitor:scan:111 - Scanning Website...
2026-07-27 15:34:10.377 | INFO     | monitor:scan:125 - Loading Page 1
2026-07-27 15:34:10.377 | INFO     | api:get_files:60 - Loading Page 1
2026-07-27 15:34:14.844 | INFO     | monitor:scan:197 - Checking 771919
2026-07-27 15:34:14.845 | INFO     | api:get_file:84 - Loading File 126d5170-aeda-170b-a26a-5ee18b267f4a
2026-07-27 15:34:15.066 | SUCCESS  | monitor:scan:235 - Changed : 771919
2026-07-27 15:34:15.067 | INFO     | storage:add_property:113 - Added Property 771919
2026-07-27 15:34:15.069 | SUCCESS  | storage:save_day:81 - 1405-05-05.json Saved
2026-07-27 15:34:15.070 | INFO     | state_manager:save:61 - State Saved
2026-07-27 15:34:15.071 | INFO     | monitor:scan:197 - Checking 771917
2026-07-27 15:34:15.071 | INFO     | api:get_file:84 - Loading File 126d5162-bc2b-47ba-d88e-c34be81c8443
2026-07-27 15:34:15.465 | SUCCESS  | monitor:scan:235 - Changed : 771917
2026-07-27 15:34:15.476 | INFO     | storage:add_property:113 - Added Property 771917
2026-07-27 15:34:15.477 | SUCCESS  | storage:save_day:81 - 1405-05-05.json Saved
2026-07-27 15:34:15.478 | INFO     | state_manager:save:61 - State Saved
2026-07-27 15:34:15.478 | INFO     | monitor:scan:197 - Checking 771912
2026-07-27 15:34:15.478 | INFO     | api:get_file:84 - Loading File 126d5161-4979-2715-3257-206af611924a
2026-07-27 15:34:15.695 | SUCCESS  | monitor:scan:235 - Changed : 771912
2026-07-27 15:34:15.703 | INFO     | storage:add_property:113 - Added Property 771912
2026-07-27 15:34:15.704 | SUCCESS  | storage:save_day:81 - 1405-05-05.json Saved
2026-07-27 15:34:15.704 | INFO     | state_manager:save:61 - State Saved
2026-07-27 15:34:15.705 | INFO     | monitor:scan:197 - Checking 771911
2026-07-27 15:34:15.705 | INFO     | api:get_file:84 - Loading File 126d5170-cc2f-51c8-2932-3728b0d51d4d
2026-07-27 15:34:16.095 | SUCCESS  | monitor:scan:235 - Changed : 771911
2026-07-27 15:34:16.113 | INFO     | storage:add_property:113 - Added Property 771911
2026-07-27 15:34:16.114 | SUCCESS  | storage:save_day:81 - 1405-05-05.json Saved
2026-07-27 15:34:16.115 | INFO     | state_manager:save:61 - State Saved
2026-07-27 15:34:16.115 | INFO     | monitor:scan:197 - Checking 771909
2026-07-27 15:34:16.115 | INFO     | api:get_file:84 - Loading File 126d5170-8b3f-8876-1489-ec3ec8c68a4a
2026-07-27 15:34:16.505 | SUCCESS  | monitor:scan:235 - Changed : 771909
2026-07-27 15:34:16.515 | INFO     | storage:add_property:113 - Added Property 771909
2026-07-27 15:34:16.516 | SUCCESS  | storage:save_day:81 - 1405-05-05.json Saved
2026-07-27 15:34:16.517 | INFO     | state_manager:save:61 - State Saved
2026-07-27 15:34:16.517 | INFO     | monitor:scan:197 - Checking 771903
2026-07-27 15:34:16.517 | INFO     | api:get_file:84 - Loading File 126d5162-9391-27ab-1343-b6e3c545124b
2026-07-27 15:34:17.079 | SUCCESS  | monitor:scan:235 - Changed : 771903
2026-07-27 15:34:17.089 | INFO     | storage:add_property:113 - Added Property 771903
2026-07-27 15:34:17.091 | SUCCESS  | storage:save_day:81 - 1405-05-05.json Saved
2026-07-27 15:34:17.091 | INFO     | state_manager:save:61 - State Saved
2026-07-27 15:34:17.092 | INFO     | monitor:scan:197 - Checking 771901
2026-07-27 15:34:17.092 | INFO     | api:get_file:84 - Loading File 126d5170-9ed6-96b5-3a1d-f478f7a48c47
2026-07-27 15:34:17.306 | SUCCESS  | monitor:scan:235 - Changed : 771901
2026-07-27 15:34:17.316 | INFO     | storage:add_property:113 - Added Property 771901
2026-07-27 15:34:17.317 | SUCCESS  | storage:save_day:81 - 1405-05-05.json Saved
2026-07-27 15:34:17.318 | INFO     | state_manager:save:61 - State Saved
2026-07-27 15:34:17.318 | INFO     | monitor:scan:197 - Checking 771898
2026-07-27 15:34:17.318 | INFO     | api:get_file:84 - Loading File 126d5161-97ec-8b2c-0f57-8bcc5ac98a4a
2026-07-27 15:34:17.707 | SUCCESS  | monitor:scan:235 - Changed : 771898
2026-07-27 15:34:17.716 | INFO     | storage:add_property:113 - Added Property 771898
2026-07-27 15:34:17.718 | SUCCESS  | storage:save_day:81 - 1405-05-05.json Saved
2026-07-27 15:34:17.718 | INFO     | state_manager:save:61 - State Saved
2026-07-27 15:34:17.718 | INFO     | monitor:scan:197 - Checking 771897
2026-07-27 15:34:17.719 | INFO     | api:get_file:84 - Loading File 126d5162-80d1-19c3-4d20-fae9febff247
2026-07-27 15:34:18.112 | SUCCESS  | monitor:scan:235 - Changed : 771897
2026-07-27 15:34:18.121 | INFO     | storage:add_property:113 - Added Property 771897
2026-07-27 15:34:18.122 | SUCCESS  | storage:save_day:81 - 1405-05-05.json Saved
2026-07-27 15:34:18.123 | INFO     | state_manager:save:61 - State Saved
2026-07-27 15:34:18.123 | INFO     | monitor:scan:197 - Checking 771896
2026-07-27 15:34:18.123 | INFO     | api:get_file:84 - Loading File 126d5170-b01e-7e81-3cff-7ff787c8d54b
2026-07-27 15:34:18.338 | SUCCESS  | monitor:scan:235 - Changed : 771896
2026-07-27 15:34:18.347 | INFO     | storage:add_property:113 - Added Property 771896
2026-07-27 15:34:18.348 | SUCCESS  | storage:save_day:81 - 1405-05-05.json Saved
2026-07-27 15:34:18.349 | INFO     | state_manager:save:61 - State Saved
2026-07-27 15:34:18.349 | INFO     | monitor:scan:197 - Checking 771894
2026-07-27 15:34:18.349 | INFO     | api:get_file:84 - Loading File 1b0a45f6-01d8-e436-df7a-ae6dd8782e4d
2026-07-27 15:34:18.566 | SUCCESS  | monitor:scan:235 - Changed : 771894
2026-07-27 15:34:18.576 | INFO     | storage:add_property:113 - Added Property 771894
2026-07-27 15:34:18.577 | SUCCESS  | storage:save_day:81 - 1405-05-05.json Saved
2026-07-27 15:34:18.578 | INFO     | state_manager:save:61 - State Saved
2026-07-27 15:34:18.578 | INFO     | monitor:scan:197 - Checking 771891
2026-07-27 15:34:18.578 | INFO     | api:get_file:84 - Loading File 126d5170-a008-54a1-59e6-753391a45344
2026-07-27 15:34:18.967 | SUCCESS  | monitor:scan:235 - Changed : 771891
2026-07-27 15:34:18.981 | INFO     | storage:add_property:113 - Added Property 771891
2026-07-27 15:34:18.984 | SUCCESS  | storage:save_day:81 - 1405-05-05.json Saved
2026-07-27 15:34:18.984 | INFO     | state_manager:save:61 - State Saved
2026-07-27 15:34:18.984 | INFO     | monitor:scan:197 - Checking 771890
2026-07-27 15:34:18.984 | INFO     | api:get_file:84 - Loading File 126d5162-9b48-29f5-0da4-047266973145
2026-07-27 15:34:19.203 | SUCCESS  | monitor:scan:235 - Changed : 771890
2026-07-27 15:34:19.210 | INFO     | storage:add_property:113 - Added Property 771890
2026-07-27 15:34:19.212 | SUCCESS  | storage:save_day:81 - 1405-05-05.json Saved
2026-07-27 15:34:19.213 | INFO     | state_manager:save:61 - State Saved
2026-07-27 15:34:19.213 | INFO     | monitor:scan:197 - Checking 771889
2026-07-27 15:34:19.213 | INFO     | api:get_file:84 - Loading File 126d5162-805b-19d8-91fc-8773a65aef4b
2026-07-27 15:34:19.600 | SUCCESS  | monitor:scan:235 - Changed : 771889
2026-07-27 15:34:19.611 | INFO     | storage:add_property:113 - Added Property 771889
2026-07-27 15:34:19.612 | SUCCESS  | storage:save_day:81 - 1405-05-05.json Saved
2026-07-27 15:34:19.613 | INFO     | state_manager:save:61 - State Saved
2026-07-27 15:34:19.613 | INFO     | monitor:scan:197 - Checking 771884
2026-07-27 15:34:19.613 | INFO     | api:get_file:84 - Loading File 126d5162-9cd0-51df-6e06-975f0b5e9e49
2026-07-27 15:34:19.831 | SUCCESS  | monitor:scan:235 - Changed : 771884
2026-07-27 15:34:19.844 | INFO     | storage:add_property:113 - Added Property 771884
2026-07-27 15:34:19.846 | SUCCESS  | storage:save_day:81 - 1405-05-05.json Saved
2026-07-27 15:34:19.846 | INFO     | state_manager:save:61 - State Saved
2026-07-27 15:34:19.846 | INFO     | monitor:scan:197 - Checking 771883
2026-07-27 15:34:19.847 | INFO     | api:get_file:84 - Loading File 126d5170-ae81-3a2b-3a2f-5135e38b4549
2026-07-27 15:34:20.063 | SUCCESS  | monitor:scan:235 - Changed : 771883
2026-07-27 15:34:20.074 | INFO     | storage:add_property:113 - Added Property 771883
2026-07-27 15:34:20.076 | SUCCESS  | storage:save_day:81 - 1405-05-05.json Saved
2026-07-27 15:34:20.076 | INFO     | state_manager:save:61 - State Saved
2026-07-27 15:34:20.077 | INFO     | monitor:scan:197 - Checking 771882
2026-07-27 15:34:20.077 | INFO     | api:get_file:84 - Loading File 1b0a45ff-01bc-3ae9-7ac1-5214b6b8ed43
2026-07-27 15:34:20.299 | SUCCESS  | monitor:scan:235 - Changed : 771882
2026-07-27 15:34:20.310 | INFO     | storage:add_property:113 - Added Property 771882
2026-07-27 15:34:20.312 | SUCCESS  | storage:save_day:81 - 1405-05-05.json Saved
2026-07-27 15:34:20.313 | INFO     | state_manager:save:61 - State Saved
2026-07-27 15:34:20.313 | INFO     | monitor:scan:197 - Checking 771878
2026-07-27 15:34:20.313 | INFO     | api:get_file:84 - Loading File 1b0a45f6-050a-938d-52f9-7f0857e75d45
2026-07-27 15:34:20.527 | SUCCESS  | monitor:scan:235 - Changed : 771878
2026-07-27 15:34:20.538 | INFO     | storage:add_property:113 - Added Property 771878
2026-07-27 15:34:20.540 | SUCCESS  | storage:save_day:81 - 1405-05-05.json Saved
2026-07-27 15:34:20.541 | INFO     | state_manager:save:61 - State Saved
2026-07-27 15:34:20.541 | INFO     | monitor:scan:197 - Checking 771877
2026-07-27 15:34:20.541 | INFO     | api:get_file:84 - Loading File 126d5162-a717-bac5-9340-497ddcef844b
2026-07-27 15:34:20.762 | SUCCESS  | monitor:scan:235 - Changed : 771877
2026-07-27 15:34:20.776 | INFO     | storage:add_property:113 - Added Property 771877
2026-07-27 15:34:20.778 | SUCCESS  | storage:save_day:81 - 1405-05-05.json Saved
2026-07-27 15:34:20.778 | INFO     | state_manager:save:61 - State Saved
2026-07-27 15:34:20.779 | INFO     | monitor:scan:197 - Checking 771873
2026-07-27 15:34:20.779 | INFO     | api:get_file:84 - Loading File 126d5170-a070-4ed5-ada4-6b2ff5832345
2026-07-27 15:34:21.004 | SUCCESS  | monitor:scan:235 - Changed : 771873
2026-07-27 15:34:21.012 | INFO     | storage:add_property:113 - Added Property 771873
2026-07-27 15:34:21.015 | SUCCESS  | storage:save_day:81 - 1405-05-05.json Saved
2026-07-27 15:34:21.015 | INFO     | state_manager:save:61 - State Saved
2026-07-27 15:34:21.015 | INFO     | monitor:scan:197 - Checking 771869
2026-07-27 15:34:21.015 | INFO     | api:get_file:84 - Loading File 126d5170-86a2-2d41-20de-94de105c1845
2026-07-27 15:34:21.462 | SUCCESS  | monitor:scan:235 - Changed : 771869
2026-07-27 15:34:21.478 | INFO     | storage:add_property:113 - Added Property 771869
2026-07-27 15:34:21.480 | SUCCESS  | storage:save_day:81 - 1405-05-05.json Saved
2026-07-27 15:34:21.481 | INFO     | state_manager:save:61 - State Saved
2026-07-27 15:34:21.481 | INFO     | monitor:scan:197 - Checking 771866
2026-07-27 15:34:21.481 | INFO     | api:get_file:84 - Loading File 126d5162-5c26-7247-53a6-254e42abaa47
2026-07-27 15:34:21.694 | SUCCESS  | monitor:scan:235 - Changed : 771866
2026-07-27 15:34:21.705 | INFO     | storage:add_property:113 - Added Property 771866
2026-07-27 15:34:21.708 | SUCCESS  | storage:save_day:81 - 1405-05-05.json Saved
2026-07-27 15:34:21.709 | INFO     | state_manager:save:61 - State Saved
2026-07-27 15:34:21.709 | INFO     | monitor:scan:197 - Checking 771864
2026-07-27 15:34:21.709 | INFO     | api:get_file:84 - Loading File 1b0a45f6-00de-ffd8-a8b4-5d09e6732844
2026-07-27 15:34:21.930 | SUCCESS  | monitor:scan:235 - Changed : 771864
2026-07-27 15:34:21.942 | INFO     | storage:add_property:113 - Added Property 771864
2026-07-27 15:34:21.945 | SUCCESS  | storage:save_day:81 - 1405-05-05.json Saved
2026-07-27 15:34:21.945 | INFO     | state_manager:save:61 - State Saved
2026-07-27 15:34:21.945 | INFO     | monitor:scan:197 - Checking 758775
2026-07-27 15:34:21.946 | INFO     | api:get_file:84 - Loading File 126d4ad2-e759-6c3b-d798-3edef8bd7743
2026-07-27 15:34:22.166 | SUCCESS  | monitor:scan:235 - Changed : 758775
2026-07-27 15:34:22.175 | INFO     | storage:add_property:113 - Added Property 758775
2026-07-27 15:34:22.177 | SUCCESS  | storage:save_day:81 - 1405-05-05.json Saved
2026-07-27 15:34:22.178 | INFO     | state_manager:save:61 - State Saved
2026-07-27 15:34:22.178 | INFO     | monitor:scan:197 - Checking 757359
2026-07-27 15:34:22.178 | INFO     | api:get_file:84 - Loading File 126d49fd-6d78-1dc3-114a-6a5e78905042
2026-07-27 15:34:22.395 | SUCCESS  | monitor:scan:235 - Changed : 757359
2026-07-27 15:34:22.402 | INFO     | storage:add_property:113 - Added Property 757359
2026-07-27 15:34:22.405 | SUCCESS  | storage:save_day:81 - 1405-05-05.json Saved
2026-07-27 15:34:22.406 | INFO     | state_manager:save:61 - State Saved
2026-07-27 15:34:22.406 | INFO     | monitor:scan:197 - Checking 757234
2026-07-27 15:34:22.406 | INFO     | api:get_file:84 - Loading File 126d49ee-0980-67e2-cc0b-8219f255ef4f
2026-07-27 15:34:22.796 | SUCCESS  | monitor:scan:235 - Changed : 757234
2026-07-27 15:34:22.814 | INFO     | storage:add_property:113 - Added Property 757234
2026-07-27 15:34:22.816 | SUCCESS  | storage:save_day:81 - 1405-05-05.json Saved
2026-07-27 15:34:22.817 | INFO     | state_manager:save:61 - State Saved
2026-07-27 15:34:22.817 | INFO     | monitor:scan:197 - Checking 756986
2026-07-27 15:34:22.817 | INFO     | api:get_file:84 - Loading File 126d4593-fcbf-2831-1fd8-0d3a7e436141
2026-07-27 15:34:23.206 | SUCCESS  | monitor:scan:235 - Changed : 756986
2026-07-27 15:34:23.213 | INFO     | storage:add_property:113 - Added Property 756986
2026-07-27 15:34:23.216 | SUCCESS  | storage:save_day:81 - 1405-05-05.json Saved
2026-07-27 15:34:23.216 | INFO     | state_manager:save:61 - State Saved
2026-07-27 15:34:23.216 | INFO     | monitor:scan:197 - Checking 756258
2026-07-27 15:34:23.217 | INFO     | api:get_file:84 - Loading File 126d451a-2160-18d9-205f-0f729bae6427
2026-07-27 15:34:23.428 | SUCCESS  | monitor:scan:235 - Changed : 756258
2026-07-27 15:34:23.439 | INFO     | storage:add_property:113 - Added Property 756258
2026-07-27 15:34:23.442 | SUCCESS  | storage:save_day:81 - 1405-05-05.json Saved
2026-07-27 15:34:23.443 | INFO     | state_manager:save:61 - State Saved
2026-07-27 15:34:23.443 | INFO     | monitor:scan:197 - Checking 731889
2026-07-27 15:34:23.443 | INFO     | api:get_file:84 - Loading File 1b0a45f6-06e4-fa03-33cf-05019ae3de49
2026-07-27 15:34:23.838 | SUCCESS  | monitor:scan:235 - Changed : 731889
2026-07-27 15:34:23.855 | INFO     | storage:add_property:113 - Added Property 731889
2026-07-27 15:34:23.858 | SUCCESS  | storage:save_day:81 - 1405-05-05.json Saved
2026-07-27 15:34:23.858 | INFO     | state_manager:save:61 - State Saved
2026-07-27 15:34:23.859 | INFO     | monitor:scan:197 - Checking 717441
2026-07-27 15:34:23.859 | INFO     | api:get_file:84 - Loading File 126b19d3-19de-229b-910f-5973ed6b234d
2026-07-27 15:34:24.255 | SUCCESS  | monitor:scan:235 - Changed : 717441
2026-07-27 15:34:24.262 | INFO     | storage:add_property:113 - Added Property 717441
2026-07-27 15:34:24.265 | SUCCESS  | storage:save_day:81 - 1405-05-05.json Saved
2026-07-27 15:34:24.266 | INFO     | state_manager:save:61 - State Saved
2026-07-27 15:34:24.266 | INFO     | monitor:scan:197 - Checking 716834
2026-07-27 15:34:24.266 | INFO     | api:get_file:84 - Loading File 126b151f-0736-6a26-dcd4-514e7e9ff649
2026-07-27 15:34:24.661 | SUCCESS  | monitor:scan:235 - Changed : 716834
2026-07-27 15:34:24.672 | INFO     | storage:add_property:113 - Added Property 716834
2026-07-27 15:34:24.675 | SUCCESS  | storage:save_day:81 - 1405-05-05.json Saved
2026-07-27 15:34:24.676 | INFO     | state_manager:save:61 - State Saved
2026-07-27 15:34:24.676 | INFO     | monitor:scan:197 - Checking 715786
2026-07-27 15:34:24.676 | INFO     | api:get_file:84 - Loading File 126b1439-2dce-93d7-4caf-9cd7cfd7784e
2026-07-27 15:34:24.894 | SUCCESS  | monitor:scan:235 - Changed : 715786
2026-07-27 15:34:24.909 | INFO     | storage:add_property:113 - Added Property 715786
2026-07-27 15:34:24.912 | SUCCESS  | storage:save_day:81 - 1405-05-05.json Saved
2026-07-27 15:34:24.912 | INFO     | state_manager:save:61 - State Saved
2026-07-27 15:34:24.912 | INFO     | monitor:scan:197 - Checking 714308
2026-07-27 15:34:24.912 | INFO     | api:get_file:84 - Loading File 126b0edc-cf36-1fc7-4341-be0dcc5a5b4f
2026-07-27 15:34:25.132 | SUCCESS  | monitor:scan:235 - Changed : 714308
2026-07-27 15:34:25.143 | INFO     | storage:add_property:113 - Added Property 714308
2026-07-27 15:34:25.146 | SUCCESS  | storage:save_day:81 - 1405-05-05.json Saved
2026-07-27 15:34:25.146 | INFO     | state_manager:save:61 - State Saved
2026-07-27 15:34:25.146 | INFO     | monitor:scan:197 - Checking 712792
2026-07-27 15:34:25.147 | INFO     | api:get_file:84 - Loading File 126b0970-2861-47db-af43-30148618614a
2026-07-27 15:34:25.367 | SUCCESS  | monitor:scan:235 - Changed : 712792
2026-07-27 15:34:25.376 | INFO     | storage:add_property:113 - Added Property 712792
2026-07-27 15:34:25.379 | SUCCESS  | storage:save_day:81 - 1405-05-05.json Saved
2026-07-27 15:34:25.380 | INFO     | state_manager:save:61 - State Saved
2026-07-27 15:34:25.380 | INFO     | monitor:scan:197 - Checking 693049
2026-07-27 15:34:25.380 | INFO     | api:get_file:84 - Loading File 126af15a-8470-195a-7b89-36f08e674b4a
2026-07-27 15:34:25.600 | SUCCESS  | monitor:scan:235 - Changed : 693049
2026-07-27 15:34:25.610 | INFO     | storage:add_property:113 - Added Property 693049
2026-07-27 15:34:25.614 | SUCCESS  | storage:save_day:81 - 1405-05-05.json Saved
2026-07-27 15:34:25.614 | INFO     | state_manager:save:61 - State Saved
2026-07-27 15:34:25.614 | INFO     | monitor:scan:197 - Checking 691997
2026-07-27 15:34:25.614 | INFO     | api:get_file:84 - Loading File 1b0a45f6-0353-f446-be65-036536bb5948
2026-07-27 15:34:25.832 | SUCCESS  | monitor:scan:235 - Changed : 691997
2026-07-27 15:34:25.845 | INFO     | storage:add_property:113 - Added Property 691997
2026-07-27 15:34:25.849 | SUCCESS  | storage:save_day:81 - 1405-05-05.json Saved
2026-07-27 15:34:25.849 | INFO     | state_manager:save:61 - State Saved
2026-07-27 15:34:25.850 | INFO     | monitor:scan:197 - Checking 688612
2026-07-27 15:34:25.850 | INFO     | api:get_file:84 - Loading File 1b0a45f6-028b-471b-8632-3a95e7ea3b42
2026-07-27 15:34:26.068 | SUCCESS  | monitor:scan:235 - Changed : 688612
2026-07-27 15:34:26.079 | INFO     | storage:add_property:113 - Added Property 688612
2026-07-27 15:34:26.082 | SUCCESS  | storage:save_day:81 - 1405-05-05.json Saved
2026-07-27 15:34:26.083 | INFO     | state_manager:save:61 - State Saved
2026-07-27 15:34:26.083 | INFO     | monitor:scan:197 - Checking 687684
2026-07-27 15:34:26.083 | INFO     | api:get_file:84 - Loading File 126aea9e-62ff-5809-3a7c-ae6aea46f445
2026-07-27 15:34:26.309 | SUCCESS  | monitor:scan:235 - Changed : 687684
2026-07-27 15:34:26.321 | INFO     | storage:add_property:113 - Added Property 687684
2026-07-27 15:34:26.325 | SUCCESS  | storage:save_day:81 - 1405-05-05.json Saved
2026-07-27 15:34:26.325 | INFO     | state_manager:save:61 - State Saved
2026-07-27 15:34:26.326 | INFO     | monitor:scan:197 - Checking 686324
2026-07-27 15:34:26.326 | INFO     | api:get_file:84 - Loading File 1b0a45f6-1813-14a9-a64e-a2557b086844
2026-07-27 15:34:26.545 | SUCCESS  | monitor:scan:235 - Changed : 686324
2026-07-27 15:34:26.557 | INFO     | storage:add_property:113 - Added Property 686324
2026-07-27 15:34:26.560 | SUCCESS  | storage:save_day:81 - 1405-05-05.json Saved
2026-07-27 15:34:26.561 | INFO     | state_manager:save:61 - State Saved
2026-07-27 15:34:26.561 | INFO     | monitor:scan:197 - Checking 684462
2026-07-27 15:34:26.561 | INFO     | api:get_file:84 - Loading File 1b0a45f6-0149-c457-5be6-bd27c2830f4a
2026-07-27 15:34:26.782 | SUCCESS  | monitor:scan:235 - Changed : 684462
2026-07-27 15:34:26.795 | INFO     | storage:add_property:113 - Added Property 684462
2026-07-27 15:34:26.799 | SUCCESS  | storage:save_day:81 - 1405-05-05.json Saved
2026-07-27 15:34:26.800 | INFO     | state_manager:save:61 - State Saved
2026-07-27 15:34:26.800 | INFO     | monitor:scan:197 - Checking 771830
2026-07-27 15:34:26.800 | INFO     | api:get_file:84 - Loading File 126d5161-4664-8ada-ee1f-5ce0e99f5441
2026-07-27 15:34:27.019 | SUCCESS  | monitor:scan:235 - Changed : 771830
2026-07-27 15:34:27.019 | INFO     | storage:add_property:113 - Added Property 771830
2026-07-27 15:34:27.021 | SUCCESS  | storage:save_day:81 - 1405-05-04.json Saved
2026-07-27 15:34:27.022 | INFO     | state_manager:save:61 - State Saved
2026-07-27 15:34:27.022 | INFO     | monitor:scan:197 - Checking 771827
2026-07-27 15:34:27.022 | INFO     | api:get_file:84 - Loading File 126d5161-a9fd-3839-3f9d-240a2c8f8f4d
2026-07-27 15:34:27.587 | SUCCESS  | monitor:scan:235 - Changed : 771827
2026-07-27 15:34:27.599 | INFO     | storage:add_property:113 - Added Property 771827
2026-07-27 15:34:27.599 | SUCCESS  | storage:save_day:81 - 1405-05-04.json Saved
2026-07-27 15:34:27.600 | INFO     | state_manager:save:61 - State Saved
2026-07-27 15:34:27.600 | INFO     | monitor:scan:197 - Checking 771824
2026-07-27 15:34:27.600 | INFO     | api:get_file:84 - Loading File 126d5161-4b24-749c-4ea8-b07568ffcf4e
2026-07-27 15:34:27.995 | SUCCESS  | monitor:scan:235 - Changed : 771824
2026-07-27 15:34:28.001 | INFO     | storage:add_property:113 - Added Property 771824
2026-07-27 15:34:28.002 | SUCCESS  | storage:save_day:81 - 1405-05-04.json Saved
2026-07-27 15:34:28.003 | INFO     | state_manager:save:61 - State Saved
2026-07-27 15:34:28.003 | INFO     | monitor:scan:197 - Checking 771823
2026-07-27 15:34:28.004 | INFO     | api:get_file:84 - Loading File 126d5152-73c3-9601-4111-22116a146a4d
2026-07-27 15:34:28.569 | SUCCESS  | monitor:scan:235 - Changed : 771823
2026-07-27 15:34:28.582 | INFO     | storage:add_property:113 - Added Property 771823
2026-07-27 15:34:28.583 | SUCCESS  | storage:save_day:81 - 1405-05-04.json Saved
2026-07-27 15:34:28.583 | INFO     | state_manager:save:61 - State Saved
2026-07-27 15:34:28.583 | INFO     | monitor:scan:197 - Checking 771818
2026-07-27 15:34:28.583 | INFO     | api:get_file:84 - Loading File 1b0a45f6-03bc-4be8-94e4-1c27549ab94c
2026-07-27 15:34:28.807 | SUCCESS  | monitor:scan:235 - Changed : 771818
2026-07-27 15:34:28.820 | INFO     | storage:add_property:113 - Added Property 771818
2026-07-27 15:34:28.822 | SUCCESS  | storage:save_day:81 - 1405-05-04.json Saved
2026-07-27 15:34:28.822 | INFO     | state_manager:save:61 - State Saved
2026-07-27 15:34:28.822 | INFO     | monitor:scan:197 - Checking 771813
2026-07-27 15:34:28.822 | INFO     | api:get_file:84 - Loading File 126d5161-8eaa-6854-99c2-06e3a7695a4f
2026-07-27 15:34:29.251 | SUCCESS  | monitor:scan:235 - Changed : 771813
2026-07-27 15:34:29.262 | INFO     | storage:add_property:113 - Added Property 771813
2026-07-27 15:34:29.263 | SUCCESS  | storage:save_day:81 - 1405-05-04.json Saved
2026-07-27 15:34:29.264 | INFO     | state_manager:save:61 - State Saved
2026-07-27 15:34:29.264 | INFO     | monitor:scan:197 - Checking 771810
2026-07-27 15:34:29.264 | INFO     | api:get_file:84 - Loading File 126d5153-2e23-5898-df28-32ed08b47248
2026-07-27 15:34:29.662 | SUCCESS  | monitor:scan:235 - Changed : 771810
2026-07-27 15:34:29.672 | INFO     | storage:add_property:113 - Added Property 771810
2026-07-27 15:34:29.674 | SUCCESS  | storage:save_day:81 - 1405-05-04.json Saved
2026-07-27 15:34:29.675 | INFO     | state_manager:save:61 - State Saved
2026-07-27 15:34:29.675 | INFO     | monitor:scan:197 - Checking 771806
2026-07-27 15:34:29.675 | INFO     | api:get_file:84 - Loading File 1b0a45ff-00d4-92a2-da31-3ade3e637f4e
2026-07-27 15:34:30.060 | SUCCESS  | monitor:scan:235 - Changed : 771806
2026-07-27 15:34:30.071 | INFO     | storage:add_property:113 - Added Property 771806
2026-07-27 15:34:30.073 | SUCCESS  | storage:save_day:81 - 1405-05-04.json Saved
2026-07-27 15:34:30.073 | INFO     | state_manager:save:61 - State Saved
2026-07-27 15:34:30.073 | INFO     | monitor:scan:197 - Checking 771805
2026-07-27 15:34:30.073 | INFO     | api:get_file:84 - Loading File 1b0a45f6-026d-65d3-5c35-5636063b614d
2026-07-27 15:34:30.294 | SUCCESS  | monitor:scan:235 - Changed : 771805
2026-07-27 15:34:30.303 | INFO     | storage:add_property:113 - Added Property 771805
2026-07-27 15:34:30.304 | SUCCESS  | storage:save_day:81 - 1405-05-04.json Saved
2026-07-27 15:34:30.305 | INFO     | state_manager:save:61 - State Saved
2026-07-27 15:34:30.305 | INFO     | monitor:scan:197 - Checking 771791
2026-07-27 15:34:30.305 | INFO     | api:get_file:84 - Loading File 126b088b-402e-59dc-ebac-5ea3547d7e4e
2026-07-27 15:34:30.693 | SUCCESS  | monitor:scan:235 - Changed : 771791
2026-07-27 15:34:30.701 | INFO     | storage:add_property:113 - Added Property 771791
2026-07-27 15:34:30.703 | SUCCESS  | storage:save_day:81 - 1405-05-04.json Saved
2026-07-27 15:34:30.703 | INFO     | state_manager:save:61 - State Saved
2026-07-27 15:34:30.704 | INFO     | monitor:scan:197 - Checking 771788
2026-07-27 15:34:30.704 | INFO     | api:get_file:84 - Loading File 126d5161-6d19-8270-7b58-f968b8f2bf43
2026-07-27 15:34:30.928 | SUCCESS  | monitor:scan:235 - Changed : 771788
2026-07-27 15:34:30.941 | INFO     | storage:add_property:113 - Added Property 771788
2026-07-27 15:34:30.943 | SUCCESS  | storage:save_day:81 - 1405-05-04.json Saved
2026-07-27 15:34:30.944 | INFO     | state_manager:save:61 - State Saved
2026-07-27 15:34:30.944 | INFO     | monitor:scan:197 - Checking 771787
2026-07-27 15:34:30.944 | INFO     | api:get_file:84 - Loading File 126d5152-7241-5a6e-b098-10710f62d845
2026-07-27 15:34:31.163 | SUCCESS  | monitor:scan:235 - Changed : 771787
2026-07-27 15:34:31.173 | INFO     | storage:add_property:113 - Added Property 771787
2026-07-27 15:34:31.174 | SUCCESS  | storage:save_day:81 - 1405-05-04.json Saved
2026-07-27 15:34:31.175 | INFO     | state_manager:save:61 - State Saved
2026-07-27 15:34:31.175 | INFO     | monitor:scan:197 - Checking 771781
2026-07-27 15:34:31.176 | INFO     | api:get_file:84 - Loading File 126d5152-6a29-9730-e2df-dab40f19864d
2026-07-27 15:34:31.562 | SUCCESS  | monitor:scan:235 - Changed : 771781
2026-07-27 15:34:31.571 | INFO     | storage:add_property:113 - Added Property 771781
2026-07-27 15:34:31.574 | SUCCESS  | storage:save_day:81 - 1405-05-04.json Saved
2026-07-27 15:34:31.574 | INFO     | state_manager:save:61 - State Saved
2026-07-27 15:34:31.575 | INFO     | monitor:scan:197 - Checking 771780
2026-07-27 15:34:31.575 | INFO     | api:get_file:84 - Loading File 126d5153-3eaa-8473-ff3d-7b1a77b48e44
2026-07-27 15:34:31.792 | SUCCESS  | monitor:scan:235 - Changed : 771780
2026-07-27 15:34:31.805 | INFO     | storage:add_property:113 - Added Property 771780
2026-07-27 15:34:31.807 | SUCCESS  | storage:save_day:81 - 1405-05-04.json Saved
2026-07-27 15:34:31.807 | INFO     | state_manager:save:61 - State Saved
2026-07-27 15:34:31.807 | INFO     | monitor:scan:197 - Checking 771778
2026-07-27 15:34:31.807 | INFO     | api:get_file:84 - Loading File 126d5161-5e46-387f-33ae-9d019fde704b
2026-07-27 15:34:32.022 | SUCCESS  | monitor:scan:235 - Changed : 771778
2026-07-27 15:34:32.032 | INFO     | storage:add_property:113 - Added Property 771778
2026-07-27 15:34:32.034 | SUCCESS  | storage:save_day:81 - 1405-05-04.json Saved
2026-07-27 15:34:32.035 | INFO     | state_manager:save:61 - State Saved
2026-07-27 15:34:32.035 | INFO     | monitor:scan:197 - Checking 771776
2026-07-27 15:34:32.035 | INFO     | api:get_file:84 - Loading File 126d5151-f929-18d6-12e8-a0608c58dd40
2026-07-27 15:34:32.254 | SUCCESS  | monitor:scan:235 - Changed : 771776
2026-07-27 15:34:32.262 | INFO     | storage:add_property:113 - Added Property 771776
2026-07-27 15:34:32.264 | SUCCESS  | storage:save_day:81 - 1405-05-04.json Saved
2026-07-27 15:34:32.265 | INFO     | state_manager:save:61 - State Saved
2026-07-27 15:34:32.265 | INFO     | monitor:scan:197 - Checking 771774
2026-07-27 15:34:32.265 | INFO     | api:get_file:84 - Loading File 1b0a45ff-0f5d-f267-c384-a25531cbf949
2026-07-27 15:34:32.484 | SUCCESS  | monitor:scan:235 - Changed : 771774
2026-07-27 15:34:32.494 | INFO     | storage:add_property:113 - Added Property 771774
2026-07-27 15:34:32.496 | SUCCESS  | storage:save_day:81 - 1405-05-04.json Saved
2026-07-27 15:34:32.497 | INFO     | state_manager:save:61 - State Saved
2026-07-27 15:34:32.497 | INFO     | monitor:scan:197 - Checking 758669
2026-07-27 15:34:32.497 | INFO     | api:get_file:84 - Loading File 126d4ac3-a27b-8d34-ed98-edd31363e545
2026-07-27 15:34:32.711 | SUCCESS  | monitor:scan:235 - Changed : 758669
2026-07-27 15:34:32.721 | INFO     | storage:add_property:113 - Added Property 758669
2026-07-27 15:34:32.723 | SUCCESS  | storage:save_day:81 - 1405-05-04.json Saved
2026-07-27 15:34:32.724 | INFO     | state_manager:save:61 - State Saved
2026-07-27 15:34:32.724 | INFO     | monitor:scan:197 - Checking 758449
2026-07-27 15:34:32.724 | INFO     | api:get_file:84 - Loading File 126d4aa5-564b-5675-ca58-730f788c994d
2026-07-27 15:34:32.946 | SUCCESS  | monitor:scan:235 - Changed : 758449
2026-07-27 15:34:32.962 | INFO     | storage:add_property:113 - Added Property 758449
2026-07-27 15:34:32.965 | SUCCESS  | storage:save_day:81 - 1405-05-04.json Saved
2026-07-27 15:34:32.965 | INFO     | state_manager:save:61 - State Saved
2026-07-27 15:34:32.966 | INFO     | monitor:scan:197 - Checking 757671
2026-07-27 15:34:32.966 | INFO     | api:get_file:84 - Loading File 126d4a3a-885d-969c-7cd1-eadccc449c46
2026-07-27 15:34:33.188 | SUCCESS  | monitor:scan:235 - Changed : 757671
2026-07-27 15:34:33.197 | INFO     | storage:add_property:113 - Added Property 757671
2026-07-27 15:34:33.200 | SUCCESS  | storage:save_day:81 - 1405-05-04.json Saved
2026-07-27 15:34:33.200 | INFO     | state_manager:save:61 - State Saved
2026-07-27 15:34:33.200 | INFO     | monitor:scan:197 - Checking 757653
2026-07-27 15:34:33.201 | INFO     | api:get_file:84 - Loading File 126d4a3a-86d4-3f19-c1ca-5e86d230dd47
2026-07-27 15:34:33.419 | SUCCESS  | monitor:scan:235 - Changed : 757653
2026-07-27 15:34:33.427 | INFO     | storage:add_property:113 - Added Property 757653
2026-07-27 15:34:33.429 | SUCCESS  | storage:save_day:81 - 1405-05-04.json Saved
2026-07-27 15:34:33.430 | INFO     | state_manager:save:61 - State Saved
2026-07-27 15:34:33.430 | INFO     | monitor:scan:197 - Checking 757262
2026-07-27 15:34:33.430 | INFO     | api:get_file:84 - Loading File 1b0a45f6-0c3c-18e1-5c8f-224fc2636847
2026-07-27 15:34:33.646 | SUCCESS  | monitor:scan:235 - Changed : 757262
2026-07-27 15:34:33.657 | INFO     | storage:add_property:113 - Added Property 757262
2026-07-27 15:34:33.659 | SUCCESS  | storage:save_day:81 - 1405-05-04.json Saved
2026-07-27 15:34:33.660 | INFO     | state_manager:save:61 - State Saved
2026-07-27 15:34:33.660 | INFO     | monitor:scan:197 - Checking 757118
2026-07-27 15:34:33.660 | INFO     | api:get_file:84 - Loading File 1b0a45f6-1242-5006-d51d-66e0c2d6ee4e
2026-07-27 15:34:33.877 | SUCCESS  | monitor:scan:235 - Changed : 757118
2026-07-27 15:34:33.892 | INFO     | storage:add_property:113 - Added Property 757118
2026-07-27 15:34:33.894 | SUCCESS  | storage:save_day:81 - 1405-05-04.json Saved
2026-07-27 15:34:33.895 | INFO     | state_manager:save:61 - State Saved
2026-07-27 15:34:33.895 | INFO     | monitor:scan:197 - Checking 756799
2026-07-27 15:34:33.895 | INFO     | api:get_file:84 - Loading File 126d4575-7b6e-634b-85bb-173b5f10514e
2026-07-27 15:34:34.111 | SUCCESS  | monitor:scan:235 - Changed : 756799
2026-07-27 15:34:34.122 | INFO     | storage:add_property:113 - Added Property 756799
2026-07-27 15:34:34.125 | SUCCESS  | storage:save_day:81 - 1405-05-04.json Saved
2026-07-27 15:34:34.125 | INFO     | state_manager:save:61 - State Saved
2026-07-27 15:34:34.126 | INFO     | monitor:scan:197 - Checking 756549
2026-07-27 15:34:34.126 | INFO     | api:get_file:84 - Loading File 126d4547-bc11-88a4-85bf-351d75509451
2026-07-27 15:34:34.342 | SUCCESS  | monitor:scan:235 - Changed : 756549
2026-07-27 15:34:34.351 | INFO     | storage:add_property:113 - Added Property 756549
2026-07-27 15:34:34.354 | SUCCESS  | storage:save_day:81 - 1405-05-04.json Saved
2026-07-27 15:34:34.355 | INFO     | state_manager:save:61 - State Saved
2026-07-27 15:34:34.355 | INFO     | monitor:scan:197 - Checking 742921
2026-07-27 15:34:34.355 | INFO     | api:get_file:84 - Loading File 126d3e3f-4fbb-70d5-2eec-2ea475799244
2026-07-27 15:34:34.570 | SUCCESS  | monitor:scan:235 - Changed : 742921
2026-07-27 15:34:34.578 | INFO     | storage:add_property:113 - Added Property 742921
2026-07-27 15:34:34.580 | SUCCESS  | storage:save_day:81 - 1405-05-04.json Saved
2026-07-27 15:34:34.581 | INFO     | state_manager:save:61 - State Saved
2026-07-27 15:34:34.581 | INFO     | monitor:scan:197 - Checking 720982
2026-07-27 15:34:34.582 | INFO     | api:get_file:84 - Loading File 126d2dcc-0612-941b-f5c9-32a63209184d
2026-07-27 15:34:34.803 | SUCCESS  | monitor:scan:235 - Changed : 720982
2026-07-27 15:34:34.818 | INFO     | storage:add_property:113 - Added Property 720982
2026-07-27 15:34:34.821 | SUCCESS  | storage:save_day:81 - 1405-05-04.json Saved
2026-07-27 15:34:34.821 | INFO     | state_manager:save:61 - State Saved
2026-07-27 15:34:34.822 | INFO     | monitor:scan:197 - Checking 720205
2026-07-27 15:34:34.822 | INFO     | api:get_file:84 - Loading File 126d2d25-1d2e-3ddd-7d23-5c284051d425
2026-07-27 15:34:35.216 | SUCCESS  | monitor:scan:235 - Changed : 720205
2026-07-27 15:34:35.224 | INFO     | storage:add_property:113 - Added Property 720205
2026-07-27 15:34:35.226 | SUCCESS  | storage:save_day:81 - 1405-05-04.json Saved
2026-07-27 15:34:35.227 | INFO     | state_manager:save:61 - State Saved
2026-07-27 15:34:35.227 | INFO     | monitor:scan:197 - Checking 717040
2026-07-27 15:34:35.227 | INFO     | api:get_file:84 - Loading File 1b0a45f6-0442-5b92-117c-c34012134044
2026-07-27 15:34:35.673 | SUCCESS  | monitor:scan:235 - Changed : 717040
2026-07-27 15:34:35.683 | INFO     | storage:add_property:113 - Added Property 717040
2026-07-27 15:34:35.686 | SUCCESS  | storage:save_day:81 - 1405-05-04.json Saved
2026-07-27 15:34:35.687 | INFO     | state_manager:save:61 - State Saved
2026-07-27 15:34:35.687 | INFO     | monitor:scan:197 - Checking 699896
2026-07-27 15:34:35.687 | INFO     | api:get_file:84 - Loading File 126b033c-6701-61b4-576f-913e1115bc48
2026-07-27 15:34:36.071 | SUCCESS  | monitor:scan:235 - Changed : 699896
2026-07-27 15:34:36.082 | INFO     | storage:add_property:113 - Added Property 699896
2026-07-27 15:34:36.084 | SUCCESS  | storage:save_day:81 - 1405-05-04.json Saved
2026-07-27 15:34:36.085 | INFO     | state_manager:save:61 - State Saved
2026-07-27 15:34:36.085 | INFO     | monitor:scan:197 - Checking 696636
2026-07-27 15:34:36.085 | INFO     | api:get_file:84 - Loading File 126afd18-838b-7059-1b48-c1b4a4261f41
2026-07-27 15:34:36.683 | SUCCESS  | monitor:scan:235 - Changed : 696636
2026-07-27 15:34:36.693 | INFO     | storage:add_property:113 - Added Property 696636
2026-07-27 15:34:36.696 | SUCCESS  | storage:save_day:81 - 1405-05-04.json Saved
2026-07-27 15:34:36.697 | INFO     | state_manager:save:61 - State Saved
2026-07-27 15:34:36.697 | INFO     | monitor:scan:197 - Checking 692281
2026-07-27 15:34:36.697 | INFO     | api:get_file:84 - Loading File 126af16a-f064-96a3-b35b-5e15fa4f1044
2026-07-27 15:34:36.914 | SUCCESS  | monitor:scan:235 - Changed : 692281
2026-07-27 15:34:36.928 | INFO     | storage:add_property:113 - Added Property 692281
2026-07-27 15:34:36.931 | SUCCESS  | storage:save_day:81 - 1405-05-04.json Saved
2026-07-27 15:34:36.932 | INFO     | state_manager:save:61 - State Saved
2026-07-27 15:34:36.932 | INFO     | monitor:scan:197 - Checking 687798
2026-07-27 15:34:36.932 | INFO     | api:get_file:84 - Loading File 1b0a45f6-12eb-9b5a-4283-07878df37a49
2026-07-27 15:34:37.150 | SUCCESS  | monitor:scan:235 - Changed : 687798
2026-07-27 15:34:37.162 | INFO     | storage:add_property:113 - Added Property 687798
2026-07-27 15:34:37.165 | SUCCESS  | storage:save_day:81 - 1405-05-04.json Saved
2026-07-27 15:34:37.166 | INFO     | state_manager:save:61 - State Saved
2026-07-27 15:34:37.166 | INFO     | monitor:scan:197 - Checking 685306
2026-07-27 15:34:37.166 | INFO     | api:get_file:84 - Loading File 1b0a45f6-04d3-1401-3c96-063ca3f6414c
2026-07-27 15:34:37.380 | SUCCESS  | monitor:scan:235 - Changed : 685306
2026-07-27 15:34:37.388 | INFO     | storage:add_property:113 - Added Property 685306
2026-07-27 15:34:37.391 | SUCCESS  | storage:save_day:81 - 1405-05-04.json Saved
2026-07-27 15:34:37.392 | INFO     | state_manager:save:61 - State Saved
2026-07-27 15:34:37.392 | INFO     | monitor:scan:197 - Checking 683653
2026-07-27 15:34:37.392 | INFO     | api:get_file:84 - Loading File 126ade29-7964-8fa8-000f-bf96f0b5134c
2026-07-27 15:34:37.607 | SUCCESS  | monitor:scan:235 - Changed : 683653
2026-07-27 15:34:37.618 | INFO     | storage:add_property:113 - Added Property 683653
2026-07-27 15:34:37.622 | SUCCESS  | storage:save_day:81 - 1405-05-04.json Saved
2026-07-27 15:34:37.622 | INFO     | state_manager:save:61 - State Saved
2026-07-27 15:34:37.622 | INFO     | monitor:scan:197 - Checking 683629
2026-07-27 15:34:37.622 | INFO     | api:get_file:84 - Loading File 1b0a45f6-0675-3488-e691-40322a05f947
2026-07-27 15:34:38.011 | SUCCESS  | monitor:scan:235 - Changed : 683629
2026-07-27 15:34:38.021 | INFO     | storage:add_property:113 - Added Property 683629
2026-07-27 15:34:38.024 | SUCCESS  | storage:save_day:81 - 1405-05-04.json Saved
2026-07-27 15:34:38.025 | INFO     | state_manager:save:61 - State Saved
2026-07-27 15:34:38.025 | INFO     | monitor:scan:197 - Checking 771688
2026-07-27 15:34:38.025 | INFO     | api:get_file:84 - Loading File 126d5152-40a0-3e70-fe0e-3b79f3764147
2026-07-27 15:34:38.411 | SUCCESS  | monitor:scan:235 - Changed : 771688
2026-07-27 15:34:38.412 | INFO     | storage:add_property:113 - Added Property 771688
2026-07-27 15:34:38.422 | SUCCESS  | storage:save_day:81 - 1405-05-03.json Saved
2026-07-27 15:34:38.424 | INFO     | state_manager:save:61 - State Saved
2026-07-27 15:34:38.424 | INFO     | monitor:scan:197 - Checking 771685
2026-07-27 15:34:38.424 | INFO     | api:get_file:84 - Loading File 126d5152-41b5-833d-c310-c3cb3b2e3041
2026-07-27 15:34:38.640 | SUCCESS  | monitor:scan:235 - Changed : 771685
2026-07-27 15:34:38.650 | INFO     | storage:add_property:113 - Added Property 771685
2026-07-27 15:34:38.651 | SUCCESS  | storage:save_day:81 - 1405-05-03.json Saved
2026-07-27 15:34:38.652 | INFO     | state_manager:save:61 - State Saved
2026-07-27 15:34:38.652 | INFO     | monitor:scan:197 - Checking 771682
2026-07-27 15:34:38.652 | INFO     | api:get_file:84 - Loading File 126d5152-6c7b-678b-00b6-2bd790fcb743
2026-07-27 15:34:38.865 | SUCCESS  | monitor:scan:235 - Changed : 771682
2026-07-27 15:34:38.871 | INFO     | storage:add_property:113 - Added Property 771682
2026-07-27 15:34:38.872 | SUCCESS  | storage:save_day:81 - 1405-05-03.json Saved
2026-07-27 15:34:38.872 | INFO     | state_manager:save:61 - State Saved
2026-07-27 15:34:38.872 | INFO     | monitor:scan:197 - Checking 771681
2026-07-27 15:34:38.873 | INFO     | api:get_file:84 - Loading File 126d5152-4f70-213c-409b-3f48a5147f48
2026-07-27 15:34:39.093 | SUCCESS  | monitor:scan:235 - Changed : 771681
2026-07-27 15:34:39.103 | INFO     | storage:add_property:113 - Added Property 771681
2026-07-27 15:34:39.104 | SUCCESS  | storage:save_day:81 - 1405-05-03.json Saved
2026-07-27 15:34:39.105 | INFO     | state_manager:save:61 - State Saved
2026-07-27 15:34:39.105 | INFO     | monitor:scan:197 - Checking 771675
2026-07-27 15:34:39.105 | INFO     | api:get_file:84 - Loading File 126d5152-4d85-6c38-880d-5828efa7e240
2026-07-27 15:34:39.325 | SUCCESS  | monitor:scan:235 - Changed : 771675
2026-07-27 15:34:39.334 | INFO     | storage:add_property:113 - Added Property 771675
2026-07-27 15:34:39.335 | SUCCESS  | storage:save_day:81 - 1405-05-03.json Saved
2026-07-27 15:34:39.336 | INFO     | state_manager:save:61 - State Saved
2026-07-27 15:34:39.336 | INFO     | monitor:scan:197 - Checking 771673
2026-07-27 15:34:39.336 | INFO     | api:get_file:84 - Loading File 126d5152-2e9e-d46c-5b0e-3862f00cf4f7
2026-07-27 15:34:39.552 | SUCCESS  | monitor:scan:235 - Changed : 771673
2026-07-27 15:34:39.560 | INFO     | storage:add_property:113 - Added Property 771673
2026-07-27 15:34:39.562 | SUCCESS  | storage:save_day:81 - 1405-05-03.json Saved
2026-07-27 15:34:39.562 | INFO     | state_manager:save:61 - State Saved
2026-07-27 15:34:39.562 | INFO     | monitor:scan:197 - Checking 771668
2026-07-27 15:34:39.562 | INFO     | api:get_file:84 - Loading File 126d5152-23db-2bf5-b68b-3cdde1bd4c4d
2026-07-27 15:34:39.779 | SUCCESS  | monitor:scan:235 - Changed : 771668
2026-07-27 15:34:39.788 | INFO     | storage:add_property:113 - Added Property 771668
2026-07-27 15:34:39.790 | SUCCESS  | storage:save_day:81 - 1405-05-03.json Saved
2026-07-27 15:34:39.790 | INFO     | state_manager:save:61 - State Saved
2026-07-27 15:34:39.790 | INFO     | monitor:scan:197 - Checking 771663
2026-07-27 15:34:39.791 | INFO     | api:get_file:84 - Loading File 126d5134-a7fb-2a21-2ba2-ad21cadda64d
2026-07-27 15:34:40.009 | SUCCESS  | monitor:scan:235 - Changed : 771663
2026-07-27 15:34:40.017 | INFO     | storage:add_property:113 - Added Property 771663
2026-07-27 15:34:40.018 | SUCCESS  | storage:save_day:81 - 1405-05-03.json Saved
2026-07-27 15:34:40.019 | INFO     | state_manager:save:61 - State Saved
2026-07-27 15:34:40.019 | INFO     | monitor:scan:197 - Checking 771662
2026-07-27 15:34:40.019 | INFO     | api:get_file:84 - Loading File 126d5152-2a7a-3373-a48c-3719242dd946
2026-07-27 15:34:40.241 | SUCCESS  | monitor:scan:235 - Changed : 771662
2026-07-27 15:34:40.250 | INFO     | storage:add_property:113 - Added Property 771662
2026-07-27 15:34:40.252 | SUCCESS  | storage:save_day:81 - 1405-05-03.json Saved
2026-07-27 15:34:40.252 | INFO     | state_manager:save:61 - State Saved
2026-07-27 15:34:40.252 | INFO     | monitor:scan:197 - Checking 771661
2026-07-27 15:34:40.252 | INFO     | api:get_file:84 - Loading File 126d5152-4bad-3a9e-f010-93288b78c94d
2026-07-27 15:34:40.643 | SUCCESS  | monitor:scan:235 - Changed : 771661
2026-07-27 15:34:40.654 | INFO     | storage:add_property:113 - Added Property 771661
2026-07-27 15:34:40.655 | SUCCESS  | storage:save_day:81 - 1405-05-03.json Saved
2026-07-27 15:34:40.656 | INFO     | state_manager:save:61 - State Saved
2026-07-27 15:34:40.656 | INFO     | monitor:scan:197 - Checking 771659
2026-07-27 15:34:40.656 | INFO     | api:get_file:84 - Loading File 126d5151-f97b-96fb-00a5-46feba22bf4f
2026-07-27 15:34:40.893 | SUCCESS  | monitor:scan:235 - Changed : 771659
2026-07-27 15:34:40.906 | INFO     | storage:add_property:113 - Added Property 771659
2026-07-27 15:34:40.908 | SUCCESS  | storage:save_day:81 - 1405-05-03.json Saved
2026-07-27 15:34:40.908 | INFO     | state_manager:save:61 - State Saved
2026-07-27 15:34:40.908 | INFO     | monitor:scan:197 - Checking 771656
2026-07-27 15:34:40.909 | INFO     | api:get_file:84 - Loading File 126d5151-fa07-2bd1-e087-229d0f9d7a45
2026-07-27 15:34:41.127 | SUCCESS  | monitor:scan:235 - Changed : 771656
2026-07-27 15:34:41.136 | INFO     | storage:add_property:113 - Added Property 771656
2026-07-27 15:34:41.138 | SUCCESS  | storage:save_day:81 - 1405-05-03.json Saved
2026-07-27 15:34:41.138 | INFO     | state_manager:save:61 - State Saved
2026-07-27 15:34:41.139 | INFO     | monitor:scan:197 - Checking 771650
2026-07-27 15:34:41.139 | INFO     | api:get_file:84 - Loading File 126d5152-2e4f-2ac5-28bd-8305fb2d4848
2026-07-27 15:34:41.528 | SUCCESS  | monitor:scan:235 - Changed : 771650
2026-07-27 15:34:41.538 | INFO     | storage:add_property:113 - Added Property 771650
2026-07-27 15:34:41.539 | SUCCESS  | storage:save_day:81 - 1405-05-03.json Saved
2026-07-27 15:34:41.540 | INFO     | state_manager:save:61 - State Saved
2026-07-27 15:34:41.540 | INFO     | monitor:scan:197 - Checking 771648
2026-07-27 15:34:41.540 | INFO     | api:get_file:84 - Loading File 126d5133-9ba0-503e-4c9f-116a7f6d0c4d
2026-07-27 15:34:41.758 | SUCCESS  | monitor:scan:235 - Changed : 771648
2026-07-27 15:34:41.771 | INFO     | storage:add_property:113 - Added Property 771648
2026-07-27 15:34:41.773 | SUCCESS  | storage:save_day:81 - 1405-05-03.json Saved
2026-07-27 15:34:41.774 | INFO     | state_manager:save:61 - State Saved
2026-07-27 15:34:41.774 | INFO     | monitor:scan:197 - Checking 771645
2026-07-27 15:34:41.774 | INFO     | api:get_file:84 - Loading File 126d5152-240c-6804-1f65-7381aacd5435
2026-07-27 15:34:41.989 | SUCCESS  | monitor:scan:235 - Changed : 771645
2026-07-27 15:34:41.997 | INFO     | storage:add_property:113 - Added Property 771645
2026-07-27 15:34:41.998 | SUCCESS  | storage:save_day:81 - 1405-05-03.json Saved
2026-07-27 15:34:41.999 | INFO     | state_manager:save:61 - State Saved
2026-07-27 15:34:41.999 | INFO     | monitor:scan:197 - Checking 771638
2026-07-27 15:34:41.999 | INFO     | api:get_file:84 - Loading File 126d5152-0342-3f98-291d-a0911049d745
2026-07-27 15:34:42.217 | SUCCESS  | monitor:scan:235 - Changed : 771638
2026-07-27 15:34:42.224 | INFO     | storage:add_property:113 - Added Property 771638
2026-07-27 15:34:42.226 | SUCCESS  | storage:save_day:81 - 1405-05-03.json Saved
2026-07-27 15:34:42.227 | INFO     | state_manager:save:61 - State Saved
2026-07-27 15:34:42.227 | INFO     | monitor:scan:197 - Checking 771637
2026-07-27 15:34:42.227 | INFO     | api:get_file:84 - Loading File 126d5152-2ab8-2af3-9475-58256303d843
2026-07-27 15:34:42.443 | SUCCESS  | monitor:scan:235 - Changed : 771637
2026-07-27 15:34:42.451 | INFO     | storage:add_property:113 - Added Property 771637
2026-07-27 15:34:42.454 | SUCCESS  | storage:save_day:81 - 1405-05-03.json Saved
2026-07-27 15:34:42.454 | INFO     | state_manager:save:61 - State Saved
2026-07-27 15:34:42.454 | INFO     | monitor:scan:197 - Checking 771636
2026-07-27 15:34:42.454 | INFO     | api:get_file:84 - Loading File 126d5125-8d3a-8d61-0277-9dda073a3a47
2026-07-27 15:34:42.846 | SUCCESS  | monitor:scan:235 - Changed : 771636
2026-07-27 15:34:42.859 | INFO     | storage:add_property:113 - Added Property 771636
2026-07-27 15:34:42.861 | SUCCESS  | storage:save_day:81 - 1405-05-03.json Saved
2026-07-27 15:34:42.861 | INFO     | state_manager:save:61 - State Saved
2026-07-27 15:34:42.862 | INFO     | monitor:scan:197 - Checking 771635
2026-07-27 15:34:42.862 | INFO     | api:get_file:84 - Loading File 126d5152-3fd2-5f61-8d4a-a54bd3c73b4a
2026-07-27 15:34:43.257 | SUCCESS  | monitor:scan:235 - Changed : 771635
2026-07-27 15:34:43.265 | INFO     | storage:add_property:113 - Added Property 771635
2026-07-27 15:34:43.267 | SUCCESS  | storage:save_day:81 - 1405-05-03.json Saved
2026-07-27 15:34:43.267 | INFO     | state_manager:save:61 - State Saved
2026-07-27 15:34:43.267 | INFO     | monitor:scan:197 - Checking 771634
2026-07-27 15:34:43.268 | INFO     | api:get_file:84 - Loading File 126d5152-6b4e-7b28-74d8-83585b34b746
2026-07-27 15:34:43.653 | SUCCESS  | monitor:scan:235 - Changed : 771634
2026-07-27 15:34:43.663 | INFO     | storage:add_property:113 - Added Property 771634
2026-07-27 15:34:43.666 | SUCCESS  | storage:save_day:81 - 1405-05-03.json Saved
2026-07-27 15:34:43.666 | INFO     | state_manager:save:61 - State Saved
2026-07-27 15:34:43.666 | INFO     | monitor:scan:197 - Checking 771627
2026-07-27 15:34:43.667 | INFO     | api:get_file:84 - Loading File 126d5152-7003-7c4c-eb46-dce8deb2b04c
2026-07-27 15:34:44.047 | SUCCESS  | monitor:scan:235 - Changed : 771627
2026-07-27 15:34:44.061 | INFO     | storage:add_property:113 - Added Property 771627
2026-07-27 15:34:44.063 | SUCCESS  | storage:save_day:81 - 1405-05-03.json Saved
2026-07-27 15:34:44.063 | INFO     | state_manager:save:61 - State Saved
2026-07-27 15:34:44.064 | INFO     | monitor:scan:197 - Checking 771626
2026-07-27 15:34:44.064 | INFO     | api:get_file:84 - Loading File 126d5152-50f1-8eca-da1d-47d12096034f
2026-07-27 15:34:44.284 | SUCCESS  | monitor:scan:235 - Changed : 771626
2026-07-27 15:34:44.292 | INFO     | storage:add_property:113 - Added Property 771626
2026-07-27 15:34:44.294 | SUCCESS  | storage:save_day:81 - 1405-05-03.json Saved
2026-07-27 15:34:44.295 | INFO     | state_manager:save:61 - State Saved
2026-07-27 15:34:44.295 | INFO     | monitor:scan:197 - Checking 770435
2026-07-27 15:34:44.295 | INFO     | api:get_file:84 - Loading File 126d505e-54d7-369b-e94c-afe70cea5b46
2026-07-27 15:34:44.686 | SUCCESS  | monitor:scan:235 - Changed : 770435
2026-07-27 15:34:44.694 | INFO     | storage:add_property:113 - Added Property 770435
2026-07-27 15:34:44.697 | SUCCESS  | storage:save_day:81 - 1405-05-03.json Saved
2026-07-27 15:34:44.697 | INFO     | state_manager:save:61 - State Saved
2026-07-27 15:34:44.697 | INFO     | monitor:scan:197 - Checking 755344
2026-07-27 15:34:44.698 | INFO     | api:get_file:84 - Loading File 126d4481-5c16-82f1-1b82-df8a5e6444d4
2026-07-27 15:34:44.915 | SUCCESS  | monitor:scan:235 - Changed : 755344
2026-07-27 15:34:44.929 | INFO     | storage:add_property:113 - Added Property 755344
2026-07-27 15:34:44.931 | SUCCESS  | storage:save_day:81 - 1405-05-03.json Saved
2026-07-27 15:34:44.932 | INFO     | state_manager:save:61 - State Saved
2026-07-27 15:34:44.932 | INFO     | monitor:scan:125 - Loading Page 2
2026-07-27 15:34:44.932 | INFO     | api:get_files:60 - Loading Page 2
2026-07-27 15:34:48.282 | INFO     | monitor:scan:197 - Checking 745001
2026-07-27 15:34:48.282 | INFO     | api:get_file:84 - Loading File 126d4416-af7f-d5d2-122a-dcdeb0a7e440
2026-07-27 15:34:48.505 | SUCCESS  | monitor:scan:235 - Changed : 745001
2026-07-27 15:34:48.515 | INFO     | storage:add_property:113 - Added Property 745001
2026-07-27 15:34:48.518 | SUCCESS  | storage:save_day:81 - 1405-05-03.json Saved
2026-07-27 15:34:48.519 | INFO     | state_manager:save:61 - State Saved
2026-07-27 15:34:48.519 | INFO     | monitor:scan:197 - Checking 743663
2026-07-27 15:34:48.519 | INFO     | api:get_file:84 - Loading File 126d3eba-e1db-9f59-8854-fd4eb8c2e468
2026-07-27 15:34:48.962 | SUCCESS  | monitor:scan:235 - Changed : 743663
2026-07-27 15:34:48.973 | INFO     | storage:add_property:113 - Added Property 743663
2026-07-27 15:34:48.976 | SUCCESS  | storage:save_day:81 - 1405-05-03.json Saved
2026-07-27 15:34:48.977 | INFO     | state_manager:save:61 - State Saved
2026-07-27 15:34:48.977 | INFO     | monitor:scan:197 - Checking 717479
2026-07-27 15:34:48.977 | INFO     | api:get_file:84 - Loading File 126b19f1-e9f6-597f-55b4-fd750a21024e
2026-07-27 15:34:49.360 | SUCCESS  | monitor:scan:235 - Changed : 717479
2026-07-27 15:34:49.372 | INFO     | storage:add_property:113 - Added Property 717479
2026-07-27 15:34:49.375 | SUCCESS  | storage:save_day:81 - 1405-05-03.json Saved
2026-07-27 15:34:49.375 | INFO     | state_manager:save:61 - State Saved
2026-07-27 15:34:49.375 | INFO     | monitor:scan:197 - Checking 715695
2026-07-27 15:34:49.376 | INFO     | api:get_file:84 - Loading File 126b13ec-e35f-1c1f-f9f1-1a4286377046
2026-07-27 15:34:49.590 | SUCCESS  | monitor:scan:235 - Changed : 715695
2026-07-27 15:34:49.601 | INFO     | storage:add_property:113 - Added Property 715695
2026-07-27 15:34:49.603 | SUCCESS  | storage:save_day:81 - 1405-05-03.json Saved
2026-07-27 15:34:49.604 | INFO     | state_manager:save:61 - State Saved
2026-07-27 15:34:49.604 | INFO     | monitor:scan:197 - Checking 711488
2026-07-27 15:34:49.605 | INFO     | api:get_file:84 - Loading File 126b088a-1e00-56bf-e8c0-6801aca2f94c
2026-07-27 15:34:49.988 | SUCCESS  | monitor:scan:235 - Changed : 711488
2026-07-27 15:34:49.999 | INFO     | storage:add_property:113 - Added Property 711488
2026-07-27 15:34:50.002 | SUCCESS  | storage:save_day:81 - 1405-05-03.json Saved
2026-07-27 15:34:50.002 | INFO     | state_manager:save:61 - State Saved
2026-07-27 15:34:50.002 | INFO     | monitor:scan:197 - Checking 700147
2026-07-27 15:34:50.003 | INFO     | api:get_file:84 - Loading File 126b035a-fbde-8bdc-5059-5196ac95694a
2026-07-27 15:34:50.400 | SUCCESS  | monitor:scan:235 - Changed : 700147
2026-07-27 15:34:50.410 | INFO     | storage:add_property:113 - Added Property 700147
2026-07-27 15:34:50.413 | SUCCESS  | storage:save_day:81 - 1405-05-03.json Saved
2026-07-27 15:34:50.414 | INFO     | state_manager:save:61 - State Saved
2026-07-27 15:34:50.414 | INFO     | monitor:scan:197 - Checking 698833
2026-07-27 15:34:50.414 | INFO     | api:get_file:84 - Loading File 126b0258-50b6-6626-9e44-cf4c7040f14f
2026-07-27 15:34:50.983 | SUCCESS  | monitor:scan:235 - Changed : 698833
2026-07-27 15:34:50.998 | INFO     | storage:add_property:113 - Added Property 698833
2026-07-27 15:34:51.002 | SUCCESS  | storage:save_day:81 - 1405-05-03.json Saved
2026-07-27 15:34:51.002 | INFO     | state_manager:save:61 - State Saved
2026-07-27 15:34:51.002 | INFO     | monitor:scan:197 - Checking 697397
2026-07-27 15:34:51.002 | INFO     | api:get_file:84 - Loading File 126afd75-2289-6465-1f07-8acf57b53f48
2026-07-27 15:34:51.400 | SUCCESS  | monitor:scan:235 - Changed : 697397
2026-07-27 15:34:51.411 | INFO     | storage:add_property:113 - Added Property 697397
2026-07-27 15:34:51.414 | SUCCESS  | storage:save_day:81 - 1405-05-03.json Saved
2026-07-27 15:34:51.415 | INFO     | state_manager:save:61 - State Saved
2026-07-27 15:34:51.415 | INFO     | monitor:scan:197 - Checking 697230
2026-07-27 15:34:51.416 | INFO     | api:get_file:84 - Loading File 126afd74-0355-8da5-a269-ccf6208b174e
2026-07-27 15:34:51.633 | SUCCESS  | monitor:scan:235 - Changed : 697230
2026-07-27 15:34:51.645 | INFO     | storage:add_property:113 - Added Property 697230
2026-07-27 15:34:51.648 | SUCCESS  | storage:save_day:81 - 1405-05-03.json Saved
2026-07-27 15:34:51.648 | INFO     | state_manager:save:61 - State Saved
2026-07-27 15:34:51.649 | INFO     | monitor:scan:197 - Checking 694928
2026-07-27 15:34:51.649 | INFO     | api:get_file:84 - Loading File 126afbe7-6867-47d6-418e-3c9805a90f46
2026-07-27 15:34:52.028 | SUCCESS  | monitor:scan:235 - Changed : 694928
2026-07-27 15:34:52.038 | INFO     | storage:add_property:113 - Added Property 694928
2026-07-27 15:34:52.041 | SUCCESS  | storage:save_day:81 - 1405-05-03.json Saved
2026-07-27 15:34:52.041 | INFO     | state_manager:save:61 - State Saved
2026-07-27 15:34:52.041 | INFO     | monitor:scan:197 - Checking 692594
2026-07-27 15:34:52.042 | INFO     | api:get_file:84 - Loading File 1b0a45f6-0d24-df27-8c8f-660432792442
2026-07-27 15:34:52.440 | SUCCESS  | monitor:scan:235 - Changed : 692594
2026-07-27 15:34:52.452 | INFO     | storage:add_property:113 - Added Property 692594
2026-07-27 15:34:52.456 | SUCCESS  | storage:save_day:81 - 1405-05-03.json Saved
2026-07-27 15:34:52.457 | INFO     | state_manager:save:61 - State Saved
2026-07-27 15:34:52.457 | INFO     | monitor:scan:197 - Checking 688460
2026-07-27 15:34:52.457 | INFO     | api:get_file:84 - Loading File 1b0a45f6-0c2d-ffc8-3049-848cf4c31c46
2026-07-27 15:34:52.673 | SUCCESS  | monitor:scan:235 - Changed : 688460
2026-07-27 15:34:52.685 | INFO     | storage:add_property:113 - Added Property 688460
2026-07-27 15:34:52.689 | SUCCESS  | storage:save_day:81 - 1405-05-03.json Saved
2026-07-27 15:34:52.689 | INFO     | state_manager:save:61 - State Saved
2026-07-27 15:34:52.690 | INFO     | monitor:scan:197 - Checking 687305
2026-07-27 15:34:52.690 | INFO     | api:get_file:84 - Loading File 126aea52-1aff-6a2b-b98a-702dd709064d
2026-07-27 15:34:52.904 | SUCCESS  | monitor:scan:235 - Changed : 687305
2026-07-27 15:34:52.925 | INFO     | storage:add_property:113 - Added Property 687305
2026-07-27 15:34:52.929 | SUCCESS  | storage:save_day:81 - 1405-05-03.json Saved
2026-07-27 15:34:52.929 | INFO     | state_manager:save:61 - State Saved
2026-07-27 15:34:52.929 | INFO     | monitor:scan:197 - Checking 684087
2026-07-27 15:34:52.929 | INFO     | api:get_file:84 - Loading File 1b0a45f6-066e-1d38-c49d-50b682fbad48
2026-07-27 15:34:53.311 | SUCCESS  | monitor:scan:235 - Changed : 684087
2026-07-27 15:34:53.322 | INFO     | storage:add_property:113 - Added Property 684087
2026-07-27 15:34:53.325 | SUCCESS  | storage:save_day:81 - 1405-05-03.json Saved
2026-07-27 15:34:53.326 | INFO     | state_manager:save:61 - State Saved
2026-07-27 15:34:53.326 | INFO     | monitor:scan:197 - Checking 771519
2026-07-27 15:34:53.327 | INFO     | api:get_file:84 - Loading File 126d5116-483b-27ee-8e34-1436437214c4
2026-07-27 15:34:53.717 | SUCCESS  | monitor:scan:235 - Changed : 771519
2026-07-27 15:34:53.717 | INFO     | storage:add_property:113 - Added Property 771519
2026-07-27 15:34:53.718 | SUCCESS  | storage:save_day:81 - 1405-04-31.json Saved
2026-07-27 15:34:53.719 | INFO     | state_manager:save:61 - State Saved
2026-07-27 15:34:53.719 | INFO     | monitor:scan:197 - Checking 771518
2026-07-27 15:34:53.719 | INFO     | api:get_file:84 - Loading File 126d5116-58cd-7c8e-9093-34f59a4c254c
2026-07-27 15:34:54.108 | SUCCESS  | monitor:scan:235 - Changed : 771518
2026-07-27 15:34:54.120 | INFO     | storage:add_property:113 - Added Property 771518
2026-07-27 15:34:54.121 | SUCCESS  | storage:save_day:81 - 1405-04-31.json Saved
2026-07-27 15:34:54.122 | INFO     | state_manager:save:61 - State Saved
2026-07-27 15:34:54.122 | INFO     | monitor:scan:197 - Checking 771514
2026-07-27 15:34:54.122 | INFO     | api:get_file:84 - Loading File 126d5116-07c8-321c-80f1-2414c90edf4f
2026-07-27 15:34:54.511 | SUCCESS  | monitor:scan:235 - Changed : 771514
2026-07-27 15:34:54.520 | INFO     | storage:add_property:113 - Added Property 771514
2026-07-27 15:34:54.521 | SUCCESS  | storage:save_day:81 - 1405-04-31.json Saved
2026-07-27 15:34:54.522 | INFO     | state_manager:save:61 - State Saved
2026-07-27 15:34:54.522 | INFO     | monitor:scan:197 - Checking 771505
2026-07-27 15:34:54.522 | INFO     | api:get_file:84 - Loading File 126d5124-cfc5-444e-54e3-0d14171c504a
2026-07-27 15:34:54.907 | SUCCESS  | monitor:scan:235 - Changed : 771505
2026-07-27 15:34:54.925 | INFO     | storage:add_property:113 - Added Property 771505
2026-07-27 15:34:54.927 | SUCCESS  | storage:save_day:81 - 1405-04-31.json Saved
2026-07-27 15:34:54.927 | INFO     | state_manager:save:61 - State Saved
2026-07-27 15:34:54.928 | INFO     | monitor:scan:197 - Checking 771503
2026-07-27 15:34:54.928 | INFO     | api:get_file:84 - Loading File 126d5124-7b6b-67d5-38d9-112a23967a4d
2026-07-27 15:34:55.144 | SUCCESS  | monitor:scan:235 - Changed : 771503
2026-07-27 15:34:55.156 | INFO     | storage:add_property:113 - Added Property 771503
2026-07-27 15:34:55.157 | SUCCESS  | storage:save_day:81 - 1405-04-31.json Saved
2026-07-27 15:34:55.158 | INFO     | state_manager:save:61 - State Saved
2026-07-27 15:34:55.158 | INFO     | monitor:scan:197 - Checking 771502
2026-07-27 15:34:55.158 | INFO     | api:get_file:84 - Loading File 1b0a45f6-0e4a-772d-c2d7-4dac47b64445
2026-07-27 15:34:55.372 | SUCCESS  | monitor:scan:235 - Changed : 771502
2026-07-27 15:34:55.383 | INFO     | storage:add_property:113 - Added Property 771502
2026-07-27 15:34:55.385 | SUCCESS  | storage:save_day:81 - 1405-04-31.json Saved
2026-07-27 15:34:55.385 | INFO     | state_manager:save:61 - State Saved
2026-07-27 15:34:55.386 | INFO     | monitor:scan:197 - Checking 771497
2026-07-27 15:34:55.386 | INFO     | api:get_file:84 - Loading File 126d5116-334e-40d7-0e96-5a220b4d8545
2026-07-27 15:34:55.772 | SUCCESS  | monitor:scan:235 - Changed : 771497
2026-07-27 15:34:55.780 | INFO     | storage:add_property:113 - Added Property 771497
2026-07-27 15:34:55.781 | SUCCESS  | storage:save_day:81 - 1405-04-31.json Saved
2026-07-27 15:34:55.782 | INFO     | state_manager:save:61 - State Saved
2026-07-27 15:34:55.782 | INFO     | monitor:scan:197 - Checking 771494
2026-07-27 15:34:55.782 | INFO     | api:get_file:84 - Loading File 126d5116-0e17-c1c2-7922-e6926b68e446
2026-07-27 15:34:56.172 | SUCCESS  | monitor:scan:235 - Changed : 771494
2026-07-27 15:34:56.183 | INFO     | storage:add_property:113 - Added Property 771494
2026-07-27 15:34:56.184 | SUCCESS  | storage:save_day:81 - 1405-04-31.json Saved
2026-07-27 15:34:56.185 | INFO     | state_manager:save:61 - State Saved
2026-07-27 15:34:56.185 | INFO     | monitor:scan:197 - Checking 771492
2026-07-27 15:34:56.185 | INFO     | api:get_file:84 - Loading File 126d5124-802f-12d4-06d8-bf6b69a28346
2026-07-27 15:34:56.400 | SUCCESS  | monitor:scan:235 - Changed : 771492
2026-07-27 15:34:56.409 | INFO     | storage:add_property:113 - Added Property 771492
2026-07-27 15:34:56.410 | SUCCESS  | storage:save_day:81 - 1405-04-31.json Saved
2026-07-27 15:34:56.411 | INFO     | state_manager:save:61 - State Saved
2026-07-27 15:34:56.411 | INFO     | monitor:scan:197 - Checking 771491
2026-07-27 15:34:56.411 | INFO     | api:get_file:84 - Loading File 126d5115-3a74-42aa-b125-3811bb6cba41
2026-07-27 15:34:56.798 | SUCCESS  | monitor:scan:235 - Changed : 771491
2026-07-27 15:34:56.806 | INFO     | storage:add_property:113 - Added Property 771491
2026-07-27 15:34:56.808 | SUCCESS  | storage:save_day:81 - 1405-04-31.json Saved
2026-07-27 15:34:56.809 | INFO     | state_manager:save:61 - State Saved
2026-07-27 15:34:56.809 | INFO     | monitor:scan:197 - Checking 771489
2026-07-27 15:34:56.809 | INFO     | api:get_file:84 - Loading File 126d5115-127b-648b-762a-523e7c864f4c
2026-07-27 15:34:57.027 | SUCCESS  | monitor:scan:235 - Changed : 771489
2026-07-27 15:34:57.035 | INFO     | storage:add_property:113 - Added Property 771489
2026-07-27 15:34:57.036 | SUCCESS  | storage:save_day:81 - 1405-04-31.json Saved
2026-07-27 15:34:57.037 | INFO     | state_manager:save:61 - State Saved
2026-07-27 15:34:57.037 | INFO     | monitor:scan:197 - Checking 771485
2026-07-27 15:34:57.037 | INFO     | api:get_file:84 - Loading File 126d5124-7f76-68ac-c27a-8dbe199f9646
2026-07-27 15:34:57.259 | SUCCESS  | monitor:scan:235 - Changed : 771485
2026-07-27 15:34:57.266 | INFO     | storage:add_property:113 - Added Property 771485
2026-07-27 15:34:57.268 | SUCCESS  | storage:save_day:81 - 1405-04-31.json Saved
2026-07-27 15:34:57.268 | INFO     | state_manager:save:61 - State Saved
2026-07-27 15:34:57.268 | INFO     | monitor:scan:197 - Checking 771483
2026-07-27 15:34:57.269 | INFO     | api:get_file:84 - Loading File 1b0a45f6-01d6-3c3c-8a23-e9fc468f7d46
2026-07-27 15:34:57.485 | SUCCESS  | monitor:scan:235 - Changed : 771483
2026-07-27 15:34:57.492 | INFO     | storage:add_property:113 - Added Property 771483
2026-07-27 15:34:57.494 | SUCCESS  | storage:save_day:81 - 1405-04-31.json Saved
2026-07-27 15:34:57.495 | INFO     | state_manager:save:61 - State Saved
2026-07-27 15:34:57.495 | INFO     | monitor:scan:197 - Checking 771481
2026-07-27 15:34:57.495 | INFO     | api:get_file:84 - Loading File 126d5116-0af3-2425-cc8a-1a0b50619a43
2026-07-27 15:34:57.714 | SUCCESS  | monitor:scan:235 - Changed : 771481
2026-07-27 15:34:57.722 | INFO     | storage:add_property:113 - Added Property 771481
2026-07-27 15:34:57.724 | SUCCESS  | storage:save_day:81 - 1405-04-31.json Saved
2026-07-27 15:34:57.725 | INFO     | state_manager:save:61 - State Saved
2026-07-27 15:34:57.725 | INFO     | monitor:scan:197 - Checking 771478
2026-07-27 15:34:57.725 | INFO     | api:get_file:84 - Loading File 126d5124-8fd0-6e9a-b165-0434fbb80f41
2026-07-27 15:34:57.942 | SUCCESS  | monitor:scan:235 - Changed : 771478
2026-07-27 15:34:57.952 | INFO     | storage:add_property:113 - Added Property 771478
2026-07-27 15:34:57.954 | SUCCESS  | storage:save_day:81 - 1405-04-31.json Saved
2026-07-27 15:34:57.954 | INFO     | state_manager:save:61 - State Saved
2026-07-27 15:34:57.955 | INFO     | monitor:scan:197 - Checking 771477
2026-07-27 15:34:57.955 | INFO     | api:get_file:84 - Loading File 126d5116-5d03-7a54-cbcf-b08b58c02f43
2026-07-27 15:34:58.174 | SUCCESS  | monitor:scan:235 - Changed : 771477
2026-07-27 15:34:58.181 | INFO     | storage:add_property:113 - Added Property 771477
2026-07-27 15:34:58.184 | SUCCESS  | storage:save_day:81 - 1405-04-31.json Saved
2026-07-27 15:34:58.185 | INFO     | state_manager:save:61 - State Saved
2026-07-27 15:34:58.185 | INFO     | monitor:scan:197 - Checking 771476
2026-07-27 15:34:58.185 | INFO     | api:get_file:84 - Loading File 126d5124-3bb8-3e43-593c-257b27c0fd4e
2026-07-27 15:34:58.400 | SUCCESS  | monitor:scan:235 - Changed : 771476
2026-07-27 15:34:58.407 | INFO     | storage:add_property:113 - Added Property 771476
2026-07-27 15:34:58.409 | SUCCESS  | storage:save_day:81 - 1405-04-31.json Saved
2026-07-27 15:34:58.410 | INFO     | state_manager:save:61 - State Saved
2026-07-27 15:34:58.410 | INFO     | monitor:scan:197 - Checking 771475
2026-07-27 15:34:58.410 | INFO     | api:get_file:84 - Loading File 126d5116-1075-1cf7-8c1c-45f65c02d242
2026-07-27 15:34:58.626 | SUCCESS  | monitor:scan:235 - Changed : 771475
2026-07-27 15:34:58.633 | INFO     | storage:add_property:113 - Added Property 771475
2026-07-27 15:34:58.635 | SUCCESS  | storage:save_day:81 - 1405-04-31.json Saved
2026-07-27 15:34:58.636 | INFO     | state_manager:save:61 - State Saved
2026-07-27 15:34:58.636 | INFO     | monitor:scan:197 - Checking 758868
2026-07-27 15:34:58.636 | INFO     | api:get_file:84 - Loading File 126d4ad3-fc71-82c3-1e50-cb58eb30714e
2026-07-27 15:34:58.851 | SUCCESS  | monitor:scan:235 - Changed : 758868
2026-07-27 15:34:58.859 | INFO     | storage:add_property:113 - Added Property 758868
2026-07-27 15:34:58.861 | SUCCESS  | storage:save_day:81 - 1405-04-31.json Saved
2026-07-27 15:34:58.862 | INFO     | state_manager:save:61 - State Saved
2026-07-27 15:34:58.862 | INFO     | monitor:scan:197 - Checking 745144
2026-07-27 15:34:58.862 | INFO     | api:get_file:84 - Loading File 126d4436-6c8b-4515-f45e-51ea0cda354a
2026-07-27 15:34:59.261 | SUCCESS  | monitor:scan:235 - Changed : 745144
2026-07-27 15:34:59.268 | INFO     | storage:add_property:113 - Added Property 745144
2026-07-27 15:34:59.271 | SUCCESS  | storage:save_day:81 - 1405-04-31.json Saved
2026-07-27 15:34:59.272 | INFO     | state_manager:save:61 - State Saved
2026-07-27 15:34:59.272 | INFO     | monitor:scan:197 - Checking 744862
2026-07-27 15:34:59.272 | INFO     | api:get_file:84 - Loading File 126d4408-76d4-257c-5e63-2bb98a645a47
2026-07-27 15:34:59.495 | SUCCESS  | monitor:scan:235 - Changed : 744862
2026-07-27 15:34:59.502 | INFO     | storage:add_property:113 - Added Property 744862
2026-07-27 15:34:59.505 | SUCCESS  | storage:save_day:81 - 1405-04-31.json Saved
2026-07-27 15:34:59.506 | INFO     | state_manager:save:61 - State Saved
2026-07-27 15:34:59.506 | INFO     | monitor:scan:197 - Checking 744472
2026-07-27 15:34:59.506 | INFO     | api:get_file:84 - Loading File 126d3f8e-e8a7-331f-b1d2-4c39080f24f0
2026-07-27 15:34:59.724 | SUCCESS  | monitor:scan:235 - Changed : 744472
2026-07-27 15:34:59.731 | INFO     | storage:add_property:113 - Added Property 744472
2026-07-27 15:34:59.734 | SUCCESS  | storage:save_day:81 - 1405-04-31.json Saved
2026-07-27 15:34:59.735 | INFO     | state_manager:save:61 - State Saved
2026-07-27 15:34:59.735 | INFO     | monitor:scan:197 - Checking 718309
2026-07-27 15:34:59.735 | INFO     | api:get_file:84 - Loading File 1b0a45f6-0e0a-49c0-4682-0958a1621947
2026-07-27 15:34:59.950 | SUCCESS  | monitor:scan:235 - Changed : 718309
2026-07-27 15:34:59.959 | INFO     | storage:add_property:113 - Added Property 718309
2026-07-27 15:34:59.961 | SUCCESS  | storage:save_day:81 - 1405-04-31.json Saved
2026-07-27 15:34:59.962 | INFO     | state_manager:save:61 - State Saved
2026-07-27 15:34:59.962 | INFO     | monitor:scan:197 - Checking 717032
2026-07-27 15:34:59.962 | INFO     | api:get_file:84 - Loading File 126b156a-5468-8677-92ea-6b6e0eaccd4f
2026-07-27 15:35:00.356 | SUCCESS  | monitor:scan:235 - Changed : 717032
2026-07-27 15:35:00.364 | INFO     | storage:add_property:113 - Added Property 717032
2026-07-27 15:35:00.367 | SUCCESS  | storage:save_day:81 - 1405-04-31.json Saved
2026-07-27 15:35:00.368 | INFO     | state_manager:save:61 - State Saved
2026-07-27 15:35:00.368 | INFO     | monitor:scan:197 - Checking 711801
2026-07-27 15:35:00.368 | INFO     | api:get_file:84 - Loading File 1b0a45f6-127e-17aa-5532-405be9f88e42
2026-07-27 15:35:00.584 | SUCCESS  | monitor:scan:235 - Changed : 711801
2026-07-27 15:35:00.591 | INFO     | storage:add_property:113 - Added Property 711801
2026-07-27 15:35:00.594 | SUCCESS  | storage:save_day:81 - 1405-04-31.json Saved
2026-07-27 15:35:00.595 | INFO     | state_manager:save:61 - State Saved
2026-07-27 15:35:00.595 | INFO     | monitor:scan:197 - Checking 711705
2026-07-27 15:35:00.595 | INFO     | api:get_file:84 - Loading File 126b08a8-9042-82b9-4559-bc66a53d7242
2026-07-27 15:35:00.816 | SUCCESS  | monitor:scan:235 - Changed : 711705
2026-07-27 15:35:00.823 | INFO     | storage:add_property:113 - Added Property 711705
2026-07-27 15:35:00.826 | SUCCESS  | storage:save_day:81 - 1405-04-31.json Saved
2026-07-27 15:35:00.827 | INFO     | state_manager:save:61 - State Saved
2026-07-27 15:35:00.827 | INFO     | monitor:scan:197 - Checking 698346
2026-07-27 15:35:00.827 | INFO     | api:get_file:84 - Loading File 1b0a45f6-0066-82e7-01c5-fa7f07b02144
2026-07-27 15:35:01.047 | SUCCESS  | monitor:scan:235 - Changed : 698346
2026-07-27 15:35:01.055 | INFO     | storage:add_property:113 - Added Property 698346
2026-07-27 15:35:01.058 | SUCCESS  | storage:save_day:81 - 1405-04-31.json Saved
2026-07-27 15:35:01.059 | INFO     | state_manager:save:61 - State Saved
2026-07-27 15:35:01.059 | INFO     | monitor:scan:197 - Checking 697657
2026-07-27 15:35:01.059 | INFO     | api:get_file:84 - Loading File 1b0a45f6-0411-a892-ddc0-218432e17d4a
2026-07-27 15:35:01.278 | SUCCESS  | monitor:scan:235 - Changed : 697657
2026-07-27 15:35:01.287 | INFO     | storage:add_property:113 - Added Property 697657
2026-07-27 15:35:01.291 | SUCCESS  | storage:save_day:81 - 1405-04-31.json Saved
2026-07-27 15:35:01.292 | INFO     | state_manager:save:61 - State Saved
2026-07-27 15:35:01.293 | INFO     | monitor:scan:197 - Checking 694173
2026-07-27 15:35:01.294 | INFO     | api:get_file:84 - Loading File 126af713-304b-89b6-87c8-ef30623d164e
2026-07-27 15:35:01.679 | SUCCESS  | monitor:scan:235 - Changed : 694173
2026-07-27 15:35:01.687 | INFO     | storage:add_property:113 - Added Property 694173
2026-07-27 15:35:01.690 | SUCCESS  | storage:save_day:81 - 1405-04-31.json Saved
2026-07-27 15:35:01.691 | INFO     | state_manager:save:61 - State Saved
2026-07-27 15:35:01.691 | INFO     | monitor:scan:197 - Checking 693720
2026-07-27 15:35:01.691 | INFO     | api:get_file:84 - Loading File 126af67b-0d0c-1f42-d1c1-773682c38840
2026-07-27 15:35:02.101 | SUCCESS  | monitor:scan:235 - Changed : 693720
2026-07-27 15:35:02.110 | INFO     | storage:add_property:113 - Added Property 693720
2026-07-27 15:35:02.113 | SUCCESS  | storage:save_day:81 - 1405-04-31.json Saved
2026-07-27 15:35:02.114 | INFO     | state_manager:save:61 - State Saved
2026-07-27 15:35:02.114 | INFO     | monitor:scan:197 - Checking 692006
2026-07-27 15:35:02.114 | INFO     | api:get_file:84 - Loading File 126af15a-9d72-371a-a8ef-31d471456044
2026-07-27 15:35:02.354 | SUCCESS  | monitor:scan:235 - Changed : 692006
2026-07-27 15:35:02.363 | INFO     | storage:add_property:113 - Added Property 692006
2026-07-27 15:35:02.367 | SUCCESS  | storage:save_day:81 - 1405-04-31.json Saved
2026-07-27 15:35:02.368 | INFO     | state_manager:save:61 - State Saved
2026-07-27 15:35:02.369 | INFO     | monitor:scan:197 - Checking 690189
2026-07-27 15:35:02.369 | INFO     | api:get_file:84 - Loading File 1b0a45f6-01cd-ae6a-f397-eef1fda6b848
2026-07-27 15:35:02.581 | SUCCESS  | monitor:scan:235 - Changed : 690189
2026-07-27 15:35:02.589 | INFO     | storage:add_property:113 - Added Property 690189
2026-07-27 15:35:02.592 | SUCCESS  | storage:save_day:81 - 1405-04-31.json Saved
2026-07-27 15:35:02.593 | INFO     | state_manager:save:61 - State Saved
2026-07-27 15:35:02.593 | INFO     | monitor:scan:197 - Checking 684741
2026-07-27 15:35:02.593 | INFO     | api:get_file:84 - Loading File 1b0a45f6-06b4-ee62-0d27-228c6de43343
2026-07-27 15:35:02.814 | SUCCESS  | monitor:scan:235 - Changed : 684741
2026-07-27 15:35:02.821 | INFO     | storage:add_property:113 - Added Property 684741
2026-07-27 15:35:02.825 | SUCCESS  | storage:save_day:81 - 1405-04-31.json Saved
2026-07-27 15:35:02.825 | INFO     | state_manager:save:61 - State Saved
2026-07-27 15:35:02.826 | INFO     | monitor:scan:197 - Checking 684573
2026-07-27 15:35:02.826 | INFO     | api:get_file:84 - Loading File 1b0a45f6-0c26-b847-2fc9-326f0f493d44
2026-07-27 15:35:03.217 | SUCCESS  | monitor:scan:235 - Changed : 684573
2026-07-27 15:35:03.225 | INFO     | storage:add_property:113 - Added Property 684573
2026-07-27 15:35:03.228 | SUCCESS  | storage:save_day:81 - 1405-04-31.json Saved
2026-07-27 15:35:03.229 | INFO     | state_manager:save:61 - State Saved
2026-07-27 15:35:03.229 | INFO     | monitor:scan:197 - Checking 771435
2026-07-27 15:35:03.229 | INFO     | api:get_file:84 - Loading File 126d5115-241d-7f7e-8aff-0699bd49d54e
2026-07-27 15:35:03.447 | SUCCESS  | monitor:scan:235 - Changed : 771435
2026-07-27 15:35:03.448 | INFO     | storage:add_property:113 - Added Property 771435
2026-07-27 15:35:03.449 | SUCCESS  | storage:save_day:81 - 1405-04-30.json Saved
2026-07-27 15:35:03.450 | INFO     | state_manager:save:61 - State Saved
2026-07-27 15:35:03.450 | INFO     | monitor:scan:197 - Checking 771433
2026-07-27 15:35:03.451 | INFO     | api:get_file:84 - Loading File 126d5106-cbcd-95ec-8ff4-5014d1ef824d
2026-07-27 15:35:03.666 | SUCCESS  | monitor:scan:235 - Changed : 771433
2026-07-27 15:35:03.674 | INFO     | storage:add_property:113 - Added Property 771433
2026-07-27 15:35:03.675 | SUCCESS  | storage:save_day:81 - 1405-04-30.json Saved
2026-07-27 15:35:03.675 | INFO     | state_manager:save:61 - State Saved
2026-07-27 15:35:03.676 | INFO     | monitor:scan:197 - Checking 771430
2026-07-27 15:35:03.676 | INFO     | api:get_file:84 - Loading File 126d5115-1924-759b-3589-22ae3a39a946
2026-07-27 15:35:04.078 | SUCCESS  | monitor:scan:235 - Changed : 771430
2026-07-27 15:35:04.093 | INFO     | storage:add_property:113 - Added Property 771430
2026-07-27 15:35:04.094 | SUCCESS  | storage:save_day:81 - 1405-04-30.json Saved
2026-07-27 15:35:04.095 | INFO     | state_manager:save:61 - State Saved
2026-07-27 15:35:04.095 | INFO     | monitor:scan:197 - Checking 771427
2026-07-27 15:35:04.095 | INFO     | api:get_file:84 - Loading File 126d5115-4c4e-8e5d-3260-4d67c9a4f64f
2026-07-27 15:35:04.481 | SUCCESS  | monitor:scan:235 - Changed : 771427
2026-07-27 15:35:04.491 | INFO     | storage:add_property:113 - Added Property 771427
2026-07-27 15:35:04.492 | SUCCESS  | storage:save_day:81 - 1405-04-30.json Saved
2026-07-27 15:35:04.493 | INFO     | state_manager:save:61 - State Saved
2026-07-27 15:35:04.493 | INFO     | monitor:scan:197 - Checking 771421
2026-07-27 15:35:04.493 | INFO     | api:get_file:84 - Loading File 126d5106-ec41-1881-7c9a-079878152847
2026-07-27 15:35:05.089 | SUCCESS  | monitor:scan:235 - Changed : 771421
2026-07-27 15:35:05.098 | INFO     | storage:add_property:113 - Added Property 771421
2026-07-27 15:35:05.099 | SUCCESS  | storage:save_day:81 - 1405-04-30.json Saved
2026-07-27 15:35:05.100 | INFO     | state_manager:save:61 - State Saved
2026-07-27 15:35:05.100 | INFO     | monitor:scan:197 - Checking 771417
2026-07-27 15:35:05.100 | INFO     | api:get_file:84 - Loading File 126d5115-158e-213a-ef53-148be92b7343
2026-07-27 15:35:05.494 | SUCCESS  | monitor:scan:235 - Changed : 771417
2026-07-27 15:35:05.504 | INFO     | storage:add_property:113 - Added Property 771417
2026-07-27 15:35:05.505 | SUCCESS  | storage:save_day:81 - 1405-04-30.json Saved
2026-07-27 15:35:05.506 | INFO     | state_manager:save:61 - State Saved
2026-07-27 15:35:05.506 | INFO     | monitor:scan:197 - Checking 771415
2026-07-27 15:35:05.506 | INFO     | api:get_file:84 - Loading File 126d5115-1a57-5fc2-82c0-72de74af7442
2026-07-27 15:35:05.899 | SUCCESS  | monitor:scan:235 - Changed : 771415
2026-07-27 15:35:05.913 | INFO     | storage:add_property:113 - Added Property 771415
2026-07-27 15:35:05.914 | SUCCESS  | storage:save_day:81 - 1405-04-30.json Saved
2026-07-27 15:35:05.915 | INFO     | state_manager:save:61 - State Saved
2026-07-27 15:35:05.915 | INFO     | monitor:scan:197 - Checking 771411
2026-07-27 15:35:05.915 | INFO     | api:get_file:84 - Loading File 126d5115-1b80-3fc5-0f61-5ba13409694c
2026-07-27 15:35:06.132 | SUCCESS  | monitor:scan:235 - Changed : 771411
2026-07-27 15:35:06.142 | INFO     | storage:add_property:113 - Added Property 771411
2026-07-27 15:35:06.143 | SUCCESS  | storage:save_day:81 - 1405-04-30.json Saved
2026-07-27 15:35:06.144 | INFO     | state_manager:save:61 - State Saved
2026-07-27 15:35:06.144 | INFO     | monitor:scan:197 - Checking 771409
2026-07-27 15:35:06.144 | INFO     | api:get_file:84 - Loading File 126d5106-f47a-fbd0-8a14-692af8768405
2026-07-27 15:35:06.710 | SUCCESS  | monitor:scan:235 - Changed : 771409
2026-07-27 15:35:06.717 | INFO     | storage:add_property:113 - Added Property 771409
2026-07-27 15:35:06.719 | SUCCESS  | storage:save_day:81 - 1405-04-30.json Saved
2026-07-27 15:35:06.719 | INFO     | state_manager:save:61 - State Saved
2026-07-27 15:35:06.719 | INFO     | monitor:scan:197 - Checking 771407
2026-07-27 15:35:06.720 | INFO     | api:get_file:84 - Loading File 126d5115-1998-8cf5-5da0-0021541abb41
2026-07-27 15:35:07.112 | SUCCESS  | monitor:scan:235 - Changed : 771407
2026-07-27 15:35:07.123 | INFO     | storage:add_property:113 - Added Property 771407
2026-07-27 15:35:07.124 | SUCCESS  | storage:save_day:81 - 1405-04-30.json Saved
2026-07-27 15:35:07.125 | INFO     | state_manager:save:61 - State Saved
2026-07-27 15:35:07.125 | INFO     | monitor:scan:197 - Checking 771404
2026-07-27 15:35:07.125 | INFO     | api:get_file:84 - Loading File 126d5115-414e-880f-fa43-25398b4dc345
2026-07-27 15:35:07.542 | SUCCESS  | monitor:scan:235 - Changed : 771404
2026-07-27 15:35:07.553 | INFO     | storage:add_property:113 - Added Property 771404
2026-07-27 15:35:07.555 | SUCCESS  | storage:save_day:81 - 1405-04-30.json Saved
2026-07-27 15:35:07.556 | INFO     | state_manager:save:61 - State Saved
2026-07-27 15:35:07.556 | INFO     | monitor:scan:197 - Checking 771399
2026-07-27 15:35:07.556 | INFO     | api:get_file:84 - Loading File 126d5107-0c44-1947-f2a1-20a83d57421c
2026-07-27 15:35:08.173 | SUCCESS  | monitor:scan:235 - Changed : 771399
2026-07-27 15:35:08.179 | INFO     | storage:add_property:113 - Added Property 771399
2026-07-27 15:35:08.181 | SUCCESS  | storage:save_day:81 - 1405-04-30.json Saved
2026-07-27 15:35:08.182 | INFO     | state_manager:save:61 - State Saved
2026-07-27 15:35:08.182 | INFO     | monitor:scan:197 - Checking 771398
2026-07-27 15:35:08.182 | INFO     | api:get_file:84 - Loading File 126d5115-19f6-2249-6e1c-c947e039744a
2026-07-27 15:35:08.566 | SUCCESS  | monitor:scan:235 - Changed : 771398
2026-07-27 15:35:08.577 | INFO     | storage:add_property:113 - Added Property 771398
2026-07-27 15:35:08.578 | SUCCESS  | storage:save_day:81 - 1405-04-30.json Saved
2026-07-27 15:35:08.579 | INFO     | state_manager:save:61 - State Saved
2026-07-27 15:35:08.579 | INFO     | monitor:scan:197 - Checking 771391
2026-07-27 15:35:08.579 | INFO     | api:get_file:84 - Loading File 126d5115-5fe9-1bfc-119f-7be9c4d7c541
2026-07-27 15:35:08.970 | SUCCESS  | monitor:scan:235 - Changed : 771391
2026-07-27 15:35:08.980 | INFO     | storage:add_property:113 - Added Property 771391
2026-07-27 15:35:08.984 | SUCCESS  | storage:save_day:81 - 1405-04-30.json Saved
2026-07-27 15:35:08.985 | INFO     | state_manager:save:61 - State Saved
2026-07-27 15:35:08.985 | INFO     | monitor:scan:197 - Checking 758923
2026-07-27 15:35:08.985 | INFO     | api:get_file:84 - Loading File 126d4ad4-274e-3d6b-f929-367d95e8a346
2026-07-27 15:35:09.371 | SUCCESS  | monitor:scan:235 - Changed : 758923
2026-07-27 15:35:09.384 | INFO     | storage:add_property:113 - Added Property 758923
2026-07-27 15:35:09.386 | SUCCESS  | storage:save_day:81 - 1405-04-30.json Saved
2026-07-27 15:35:09.387 | INFO     | state_manager:save:61 - State Saved
2026-07-27 15:35:09.387 | INFO     | monitor:scan:197 - Checking 758880
2026-07-27 15:35:09.387 | INFO     | api:get_file:84 - Loading File 126d4ae2-57c1-94d9-e2d5-9111da1f934b
2026-07-27 15:35:09.603 | SUCCESS  | monitor:scan:235 - Changed : 758880
2026-07-27 15:35:09.614 | INFO     | storage:add_property:113 - Added Property 758880
2026-07-27 15:35:09.616 | SUCCESS  | storage:save_day:81 - 1405-04-30.json Saved
2026-07-27 15:35:09.617 | INFO     | state_manager:save:61 - State Saved
2026-07-27 15:35:09.617 | INFO     | monitor:scan:197 - Checking 757635
2026-07-27 15:35:09.617 | INFO     | api:get_file:84 - Loading File 126d4a0d-97ca-5f19-62eb-36bb69d3dc4f
2026-07-27 15:35:10.006 | SUCCESS  | monitor:scan:235 - Changed : 757635
2026-07-27 15:35:10.013 | INFO     | storage:add_property:113 - Added Property 757635
2026-07-27 15:35:10.016 | SUCCESS  | storage:save_day:81 - 1405-04-30.json Saved
2026-07-27 15:35:10.017 | INFO     | state_manager:save:61 - State Saved
2026-07-27 15:35:10.017 | INFO     | monitor:scan:197 - Checking 756556
2026-07-27 15:35:10.017 | INFO     | api:get_file:84 - Loading File 126d4529-3653-1eab-a054-b9a75e4bfa44
2026-07-27 15:35:10.239 | SUCCESS  | monitor:scan:235 - Changed : 756556
2026-07-27 15:35:10.247 | INFO     | storage:add_property:113 - Added Property 756556
2026-07-27 15:35:10.250 | SUCCESS  | storage:save_day:81 - 1405-04-30.json Saved
2026-07-27 15:35:10.251 | INFO     | state_manager:save:61 - State Saved
2026-07-27 15:35:10.251 | INFO     | monitor:scan:197 - Checking 743606
2026-07-27 15:35:10.251 | INFO     | api:get_file:84 - Loading File 126d3ed7-e5d5-30c4-5130-e08952696424
2026-07-27 15:35:10.646 | SUCCESS  | monitor:scan:235 - Changed : 743606
2026-07-27 15:35:10.654 | INFO     | storage:add_property:113 - Added Property 743606
2026-07-27 15:35:10.656 | SUCCESS  | storage:save_day:81 - 1405-04-30.json Saved
2026-07-27 15:35:10.657 | INFO     | state_manager:save:61 - State Saved
2026-07-27 15:35:10.657 | INFO     | monitor:scan:197 - Checking 721148
2026-07-27 15:35:10.657 | INFO     | api:get_file:84 - Loading File 126d3225-c85c-9638-bb3b-bfdedaaf574d
2026-07-27 15:35:11.042 | SUCCESS  | monitor:scan:235 - Changed : 721148
2026-07-27 15:35:11.050 | INFO     | storage:add_property:113 - Added Property 721148
2026-07-27 15:35:11.052 | SUCCESS  | storage:save_day:81 - 1405-04-30.json Saved
2026-07-27 15:35:11.053 | INFO     | state_manager:save:61 - State Saved
2026-07-27 15:35:11.053 | INFO     | monitor:scan:197 - Checking 718673
2026-07-27 15:35:11.053 | INFO     | api:get_file:84 - Loading File 1b0a45f6-0f6c-12fe-ddc3-1c3bb21a514f
2026-07-27 15:35:11.621 | SUCCESS  | monitor:scan:235 - Changed : 718673
2026-07-27 15:35:11.630 | INFO     | storage:add_property:113 - Added Property 718673
2026-07-27 15:35:11.632 | SUCCESS  | storage:save_day:81 - 1405-04-30.json Saved
2026-07-27 15:35:11.633 | INFO     | state_manager:save:61 - State Saved
2026-07-27 15:35:11.633 | INFO     | monitor:scan:197 - Checking 717289
2026-07-27 15:35:11.633 | INFO     | api:get_file:84 - Loading File 126b19c3-eac2-2f30-93e8-4788f8adba4d
2026-07-27 15:35:11.853 | SUCCESS  | monitor:scan:235 - Changed : 717289
2026-07-27 15:35:11.862 | INFO     | storage:add_property:113 - Added Property 717289
2026-07-27 15:35:11.864 | SUCCESS  | storage:save_day:81 - 1405-04-30.json Saved
2026-07-27 15:35:11.865 | INFO     | state_manager:save:61 - State Saved
2026-07-27 15:35:11.865 | INFO     | monitor:scan:197 - Checking 716749
2026-07-27 15:35:11.865 | INFO     | api:get_file:84 - Loading File 126b151d-c1c7-852b-8e02-b4df63080d44
2026-07-27 15:35:12.086 | SUCCESS  | monitor:scan:235 - Changed : 716749
2026-07-27 15:35:12.094 | INFO     | storage:add_property:113 - Added Property 716749
2026-07-27 15:35:12.096 | SUCCESS  | storage:save_day:81 - 1405-04-30.json Saved
2026-07-27 15:35:12.097 | INFO     | state_manager:save:61 - State Saved
2026-07-27 15:35:12.097 | INFO     | monitor:scan:197 - Checking 712842
2026-07-27 15:35:12.097 | INFO     | api:get_file:84 - Loading File 1b0a45f6-12cd-93dd-7198-81bc44994640
2026-07-27 15:35:12.483 | SUCCESS  | monitor:scan:235 - Changed : 712842
2026-07-27 15:35:12.491 | INFO     | storage:add_property:113 - Added Property 712842
2026-07-27 15:35:12.494 | SUCCESS  | storage:save_day:81 - 1405-04-30.json Saved
2026-07-27 15:35:12.495 | INFO     | state_manager:save:61 - State Saved
2026-07-27 15:35:12.495 | INFO     | monitor:scan:197 - Checking 712022
2026-07-27 15:35:12.495 | INFO     | api:get_file:84 - Loading File 1b0a45f6-18d4-eaa4-f826-e0132389df40
2026-07-27 15:35:12.727 | SUCCESS  | monitor:scan:235 - Changed : 712022
2026-07-27 15:35:12.737 | INFO     | storage:add_property:113 - Added Property 712022
2026-07-27 15:35:12.739 | SUCCESS  | storage:save_day:81 - 1405-04-30.json Saved
2026-07-27 15:35:12.740 | INFO     | state_manager:save:61 - State Saved
2026-07-27 15:35:12.740 | INFO     | monitor:scan:197 - Checking 699303
2026-07-27 15:35:12.740 | INFO     | api:get_file:84 - Loading File 126b02b3-e928-698d-cdfd-02a0435d5b45
2026-07-27 15:35:12.978 | SUCCESS  | monitor:scan:235 - Changed : 699303
2026-07-27 15:35:12.985 | INFO     | storage:add_property:113 - Added Property 699303
2026-07-27 15:35:12.988 | SUCCESS  | storage:save_day:81 - 1405-04-30.json Saved
2026-07-27 15:35:12.989 | INFO     | state_manager:save:61 - State Saved
2026-07-27 15:35:12.990 | INFO     | monitor:scan:197 - Checking 697667
2026-07-27 15:35:12.990 | INFO     | api:get_file:84 - Loading File 1b0a45ff-0d46-a97c-af52-3bc567814746
2026-07-27 15:35:13.205 | SUCCESS  | monitor:scan:235 - Changed : 697667
2026-07-27 15:35:13.212 | INFO     | storage:add_property:113 - Added Property 697667
2026-07-27 15:35:13.216 | SUCCESS  | storage:save_day:81 - 1405-04-30.json Saved
2026-07-27 15:35:13.217 | INFO     | state_manager:save:61 - State Saved
2026-07-27 15:35:13.217 | INFO     | monitor:scan:197 - Checking 695889
2026-07-27 15:35:13.217 | INFO     | api:get_file:84 - Loading File 1b0a45f6-06e2-17f1-6951-946aa204b742
2026-07-27 15:35:13.602 | SUCCESS  | monitor:scan:235 - Changed : 695889
2026-07-27 15:35:13.609 | INFO     | storage:add_property:113 - Added Property 695889
2026-07-27 15:35:13.612 | SUCCESS  | storage:save_day:81 - 1405-04-30.json Saved
2026-07-27 15:35:13.613 | INFO     | state_manager:save:61 - State Saved
2026-07-27 15:35:13.613 | INFO     | monitor:scan:197 - Checking 695678
2026-07-27 15:35:13.613 | INFO     | api:get_file:84 - Loading File 126afc80-f68c-3712-39b3-b80908f6ad4b
2026-07-27 15:35:13.832 | SUCCESS  | monitor:scan:235 - Changed : 695678
2026-07-27 15:35:13.842 | INFO     | storage:add_property:113 - Added Property 695678
2026-07-27 15:35:13.846 | SUCCESS  | storage:save_day:81 - 1405-04-30.json Saved
2026-07-27 15:35:13.847 | INFO     | state_manager:save:61 - State Saved
2026-07-27 15:35:13.847 | INFO     | monitor:scan:197 - Checking 695526
2026-07-27 15:35:13.847 | INFO     | api:get_file:84 - Loading File 1b0a45f6-0242-2782-d466-bf5c0cee264a
2026-07-27 15:35:14.066 | SUCCESS  | monitor:scan:235 - Changed : 695526
2026-07-27 15:35:14.074 | INFO     | storage:add_property:113 - Added Property 695526
2026-07-27 15:35:14.077 | SUCCESS  | storage:save_day:81 - 1405-04-30.json Saved
2026-07-27 15:35:14.078 | INFO     | state_manager:save:61 - State Saved
2026-07-27 15:35:14.078 | INFO     | monitor:scan:197 - Checking 694288
2026-07-27 15:35:14.078 | INFO     | api:get_file:84 - Loading File 1b0a45f6-0e46-f9a4-8b2a-1ad83d17f549
2026-07-27 15:35:14.299 | SUCCESS  | monitor:scan:235 - Changed : 694288
2026-07-27 15:35:14.307 | INFO     | storage:add_property:113 - Added Property 694288
2026-07-27 15:35:14.310 | SUCCESS  | storage:save_day:81 - 1405-04-30.json Saved
2026-07-27 15:35:14.311 | INFO     | state_manager:save:61 - State Saved
2026-07-27 15:35:14.311 | INFO     | monitor:scan:197 - Checking 690505
2026-07-27 15:35:14.311 | INFO     | api:get_file:84 - Loading File 126af084-b999-6263-8514-1d543df45f43
2026-07-27 15:35:14.526 | SUCCESS  | monitor:scan:235 - Changed : 690505
2026-07-27 15:35:14.534 | INFO     | storage:add_property:113 - Added Property 690505
2026-07-27 15:35:14.539 | SUCCESS  | storage:save_day:81 - 1405-04-30.json Saved
2026-07-27 15:35:14.540 | INFO     | state_manager:save:61 - State Saved
2026-07-27 15:35:14.541 | INFO     | monitor:scan:197 - Checking 688095
2026-07-27 15:35:14.541 | INFO     | api:get_file:84 - Loading File 1b0a45f6-07ea-3f40-4ee3-880e6716a643
2026-07-27 15:35:14.977 | SUCCESS  | monitor:scan:235 - Changed : 688095
2026-07-27 15:35:14.986 | INFO     | storage:add_property:113 - Added Property 688095
2026-07-27 15:35:14.989 | SUCCESS  | storage:save_day:81 - 1405-04-30.json Saved
2026-07-27 15:35:14.990 | INFO     | state_manager:save:61 - State Saved
2026-07-27 15:35:14.990 | INFO     | monitor:scan:197 - Checking 687271
2026-07-27 15:35:14.990 | INFO     | api:get_file:84 - Loading File 1b0a45f6-04a4-5dd4-cfdf-cb957a607441
2026-07-27 15:35:15.207 | SUCCESS  | monitor:scan:235 - Changed : 687271
2026-07-27 15:35:15.215 | INFO     | storage:add_property:113 - Added Property 687271
2026-07-27 15:35:15.219 | SUCCESS  | storage:save_day:81 - 1405-04-30.json Saved
2026-07-27 15:35:15.220 | INFO     | state_manager:save:61 - State Saved
2026-07-27 15:35:15.220 | INFO     | monitor:scan:197 - Checking 771335
2026-07-27 15:35:15.220 | INFO     | api:get_file:84 - Loading File 126d50f7-c834-6cab-cef2-a326f6b54540
2026-07-27 15:35:15.783 | SUCCESS  | monitor:scan:235 - Changed : 771335
2026-07-27 15:35:15.783 | INFO     | storage:add_property:113 - Added Property 771335
2026-07-27 15:35:15.784 | SUCCESS  | storage:save_day:81 - 1405-04-29.json Saved
2026-07-27 15:35:15.785 | INFO     | state_manager:save:61 - State Saved
2026-07-27 15:35:15.785 | INFO     | monitor:scan:197 - Checking 771330
2026-07-27 15:35:15.785 | INFO     | api:get_file:84 - Loading File 126d5105-b106-3b14-af5e-de9e93a7a94a
2026-07-27 15:35:16.000 | SUCCESS  | monitor:scan:235 - Changed : 771330
2026-07-27 15:35:16.008 | INFO     | storage:add_property:113 - Added Property 771330
2026-07-27 15:35:16.009 | SUCCESS  | storage:save_day:81 - 1405-04-29.json Saved
2026-07-27 15:35:16.010 | INFO     | state_manager:save:61 - State Saved
2026-07-27 15:35:16.011 | INFO     | monitor:scan:197 - Checking 771329
2026-07-27 15:35:16.011 | INFO     | api:get_file:84 - Loading File 126d5105-d091-831e-40e8-b5d16d93b940
2026-07-27 15:35:16.450 | SUCCESS  | monitor:scan:235 - Changed : 771329
2026-07-27 15:35:16.456 | INFO     | storage:add_property:113 - Added Property 771329
2026-07-27 15:35:16.457 | SUCCESS  | storage:save_day:81 - 1405-04-29.json Saved
2026-07-27 15:35:16.458 | INFO     | state_manager:save:61 - State Saved
2026-07-27 15:35:16.458 | INFO     | monitor:scan:197 - Checking 771327
2026-07-27 15:35:16.458 | INFO     | api:get_file:84 - Loading File 126d5106-05bd-92e0-ce62-65caa1ba7e4a
2026-07-27 15:35:16.847 | SUCCESS  | monitor:scan:235 - Changed : 771327
2026-07-27 15:35:16.854 | INFO     | storage:add_property:113 - Added Property 771327
2026-07-27 15:35:16.855 | SUCCESS  | storage:save_day:81 - 1405-04-29.json Saved
2026-07-27 15:35:16.856 | INFO     | state_manager:save:61 - State Saved
2026-07-27 15:35:16.856 | INFO     | monitor:scan:197 - Checking 771324
2026-07-27 15:35:16.856 | INFO     | api:get_file:84 - Loading File 126d50f7-8a54-342a-b6c6-46bf281a4e40
2026-07-27 15:35:17.242 | SUCCESS  | monitor:scan:235 - Changed : 771324
2026-07-27 15:35:17.251 | INFO     | storage:add_property:113 - Added Property 771324
2026-07-27 15:35:17.252 | SUCCESS  | storage:save_day:81 - 1405-04-29.json Saved
2026-07-27 15:35:17.253 | INFO     | state_manager:save:61 - State Saved
2026-07-27 15:35:17.253 | INFO     | monitor:scan:197 - Checking 771322
2026-07-27 15:35:17.253 | INFO     | api:get_file:84 - Loading File 126d5105-dd95-379e-19ef-5146c4b14743
2026-07-27 15:35:17.632 | SUCCESS  | monitor:scan:235 - Changed : 771322
2026-07-27 15:35:17.639 | INFO     | storage:add_property:113 - Added Property 771322
2026-07-27 15:35:17.640 | SUCCESS  | storage:save_day:81 - 1405-04-29.json Saved
2026-07-27 15:35:17.641 | INFO     | state_manager:save:61 - State Saved
2026-07-27 15:35:17.642 | INFO     | monitor:scan:197 - Checking 771321
2026-07-27 15:35:17.642 | INFO     | api:get_file:84 - Loading File 126d5105-95cf-4677-3952-be0f5f962e42
2026-07-27 15:35:17.861 | SUCCESS  | monitor:scan:235 - Changed : 771321
2026-07-27 15:35:17.868 | INFO     | storage:add_property:113 - Added Property 771321
2026-07-27 15:35:17.869 | SUCCESS  | storage:save_day:81 - 1405-04-29.json Saved
2026-07-27 15:35:17.870 | INFO     | state_manager:save:61 - State Saved
2026-07-27 15:35:17.870 | INFO     | monitor:scan:197 - Checking 771315
2026-07-27 15:35:17.870 | INFO     | api:get_file:84 - Loading File 126d50f6-c6b7-ce00-301d-867abbfca4df
2026-07-27 15:35:18.464 | SUCCESS  | monitor:scan:235 - Changed : 771315
2026-07-27 15:35:18.474 | INFO     | storage:add_property:113 - Added Property 771315
2026-07-27 15:35:18.475 | SUCCESS  | storage:save_day:81 - 1405-04-29.json Saved
2026-07-27 15:35:18.476 | INFO     | state_manager:save:61 - State Saved
2026-07-27 15:35:18.476 | INFO     | monitor:scan:197 - Checking 771314
2026-07-27 15:35:18.476 | INFO     | api:get_file:84 - Loading File 126d5106-26ac-83a0-13ef-93f4dd929241
2026-07-27 15:35:18.923 | SUCCESS  | monitor:scan:235 - Changed : 771314
2026-07-27 15:35:18.942 | INFO     | storage:add_property:113 - Added Property 771314
2026-07-27 15:35:18.943 | SUCCESS  | storage:save_day:81 - 1405-04-29.json Saved
2026-07-27 15:35:18.944 | INFO     | state_manager:save:61 - State Saved
2026-07-27 15:35:18.944 | INFO     | monitor:scan:197 - Checking 771311
2026-07-27 15:35:18.944 | INFO     | api:get_file:84 - Loading File 126d5106-24be-40f0-183c-e5415d3afd4e
2026-07-27 15:35:19.329 | SUCCESS  | monitor:scan:235 - Changed : 771311
2026-07-27 15:35:19.342 | INFO     | storage:add_property:113 - Added Property 771311
2026-07-27 15:35:19.344 | SUCCESS  | storage:save_day:81 - 1405-04-29.json Saved
2026-07-27 15:35:19.345 | INFO     | state_manager:save:61 - State Saved
2026-07-27 15:35:19.345 | INFO     | monitor:scan:197 - Checking 771307
2026-07-27 15:35:19.345 | INFO     | api:get_file:84 - Loading File 126d50f7-00c7-222e-9555-1f5e85c77b48
2026-07-27 15:35:19.735 | SUCCESS  | monitor:scan:235 - Changed : 771307
2026-07-27 15:35:19.745 | INFO     | storage:add_property:113 - Added Property 771307
2026-07-27 15:35:19.746 | SUCCESS  | storage:save_day:81 - 1405-04-29.json Saved
2026-07-27 15:35:19.747 | INFO     | state_manager:save:61 - State Saved
2026-07-27 15:35:19.747 | INFO     | monitor:scan:197 - Checking 771303
2026-07-27 15:35:19.747 | INFO     | api:get_file:84 - Loading File 126d5105-ff22-20ba-39bd-287542a734e7
2026-07-27 15:35:19.968 | SUCCESS  | monitor:scan:235 - Changed : 771303
2026-07-27 15:35:19.981 | INFO     | storage:add_property:113 - Added Property 771303
2026-07-27 15:35:19.982 | SUCCESS  | storage:save_day:81 - 1405-04-29.json Saved
2026-07-27 15:35:19.983 | INFO     | state_manager:save:61 - State Saved
2026-07-27 15:35:19.983 | INFO     | monitor:scan:197 - Checking 771300
2026-07-27 15:35:19.983 | INFO     | api:get_file:84 - Loading File 126d5106-00ae-2b1b-858d-89e817a92b44
2026-07-27 15:35:20.389 | SUCCESS  | monitor:scan:235 - Changed : 771300
2026-07-27 15:35:20.400 | INFO     | storage:add_property:113 - Added Property 771300
2026-07-27 15:35:20.402 | SUCCESS  | storage:save_day:81 - 1405-04-29.json Saved
2026-07-27 15:35:20.403 | INFO     | state_manager:save:61 - State Saved
2026-07-27 15:35:20.403 | INFO     | monitor:scan:197 - Checking 771295
2026-07-27 15:35:20.403 | INFO     | api:get_file:84 - Loading File 126d50f7-c878-1e0a-e4d8-f6a920710545
2026-07-27 15:35:20.795 | SUCCESS  | monitor:scan:235 - Changed : 771295
2026-07-27 15:35:20.805 | INFO     | storage:add_property:113 - Added Property 771295
2026-07-27 15:35:20.807 | SUCCESS  | storage:save_day:81 - 1405-04-29.json Saved
2026-07-27 15:35:20.808 | INFO     | state_manager:save:61 - State Saved
2026-07-27 15:35:20.808 | INFO     | monitor:scan:197 - Checking 771294
2026-07-27 15:35:20.808 | INFO     | api:get_file:84 - Loading File 126d5105-d60d-473f-9b9d-e53b3dcbf34f
2026-07-27 15:35:21.027 | SUCCESS  | monitor:scan:235 - Changed : 771294
2026-07-27 15:35:21.035 | INFO     | storage:add_property:113 - Added Property 771294
2026-07-27 15:35:21.037 | SUCCESS  | storage:save_day:81 - 1405-04-29.json Saved
2026-07-27 15:35:21.037 | INFO     | state_manager:save:61 - State Saved
2026-07-27 15:35:21.038 | INFO     | monitor:scan:197 - Checking 771291
2026-07-27 15:35:21.038 | INFO     | api:get_file:84 - Loading File 126d5105-ab49-3a79-a549-37260dccb4c9
2026-07-27 15:35:21.434 | SUCCESS  | monitor:scan:235 - Changed : 771291
2026-07-27 15:35:21.446 | INFO     | storage:add_property:113 - Added Property 771291
2026-07-27 15:35:21.448 | SUCCESS  | storage:save_day:81 - 1405-04-29.json Saved
2026-07-27 15:35:21.449 | INFO     | state_manager:save:61 - State Saved
2026-07-27 15:35:21.449 | INFO     | monitor:scan:197 - Checking 771290
2026-07-27 15:35:21.449 | INFO     | api:get_file:84 - Loading File 126d5105-b7a1-3b2c-4585-23dd0fdbfd44
2026-07-27 15:35:21.842 | SUCCESS  | monitor:scan:235 - Changed : 771290
2026-07-27 15:35:21.857 | INFO     | storage:add_property:113 - Added Property 771290
2026-07-27 15:35:21.860 | SUCCESS  | storage:save_day:81 - 1405-04-29.json Saved
2026-07-27 15:35:21.861 | INFO     | state_manager:save:61 - State Saved
2026-07-27 15:35:21.861 | INFO     | monitor:scan:197 - Checking 771287
2026-07-27 15:35:21.862 | INFO     | api:get_file:84 - Loading File 126d50ba-bf91-523a-7749-52e614dca04e
2026-07-27 15:35:22.082 | SUCCESS  | monitor:scan:235 - Changed : 771287
2026-07-27 15:35:22.093 | INFO     | storage:add_property:113 - Added Property 771287
2026-07-27 15:35:22.095 | SUCCESS  | storage:save_day:81 - 1405-04-29.json Saved
2026-07-27 15:35:22.096 | INFO     | state_manager:save:61 - State Saved
2026-07-27 15:35:22.096 | INFO     | monitor:scan:125 - Loading Page 3
2026-07-27 15:35:22.096 | INFO     | api:get_files:60 - Loading Page 3
2026-07-27 15:35:25.555 | INFO     | monitor:scan:197 - Checking 771286
2026-07-27 15:35:25.556 | INFO     | api:get_file:84 - Loading File 126d5105-f628-1035-bdb5-526d9e8b5243
2026-07-27 15:35:25.775 | SUCCESS  | monitor:scan:235 - Changed : 771286
2026-07-27 15:35:25.792 | INFO     | storage:add_property:113 - Added Property 771286
2026-07-27 15:35:25.794 | SUCCESS  | storage:save_day:81 - 1405-04-29.json Saved
2026-07-27 15:35:25.795 | INFO     | state_manager:save:61 - State Saved
2026-07-27 15:35:25.795 | INFO     | monitor:scan:197 - Checking 771285
2026-07-27 15:35:25.795 | INFO     | api:get_file:84 - Loading File 126d50f7-c5d9-9846-f334-092b453004c3
2026-07-27 15:35:26.013 | SUCCESS  | monitor:scan:235 - Changed : 771285
2026-07-27 15:35:26.023 | INFO     | storage:add_property:113 - Added Property 771285
2026-07-27 15:35:26.025 | SUCCESS  | storage:save_day:81 - 1405-04-29.json Saved
2026-07-27 15:35:26.026 | INFO     | state_manager:save:61 - State Saved
2026-07-27 15:35:26.026 | INFO     | monitor:scan:197 - Checking 755609
2026-07-27 15:35:26.026 | INFO     | api:get_file:84 - Loading File 126d44a0-09f9-1aaf-3b88-84e2cbeb9348
2026-07-27 15:35:26.242 | SUCCESS  | monitor:scan:235 - Changed : 755609
2026-07-27 15:35:26.250 | INFO     | storage:add_property:113 - Added Property 755609
2026-07-27 15:35:26.252 | SUCCESS  | storage:save_day:81 - 1405-04-29.json Saved
2026-07-27 15:35:26.253 | INFO     | state_manager:save:61 - State Saved
2026-07-27 15:35:26.253 | INFO     | monitor:scan:197 - Checking 755394
2026-07-27 15:35:26.253 | INFO     | api:get_file:84 - Loading File 126d4481-8373-12eb-a53d-7599af8dac4f
2026-07-27 15:35:26.467 | SUCCESS  | monitor:scan:235 - Changed : 755394
2026-07-27 15:35:26.475 | INFO     | storage:add_property:113 - Added Property 755394
2026-07-27 15:35:26.478 | SUCCESS  | storage:save_day:81 - 1405-04-29.json Saved
2026-07-27 15:35:26.479 | INFO     | state_manager:save:61 - State Saved
2026-07-27 15:35:26.479 | INFO     | monitor:scan:197 - Checking 755372
2026-07-27 15:35:26.479 | INFO     | api:get_file:84 - Loading File 1b0a45f6-010a-e556-2683-93e640b7d642
2026-07-27 15:35:26.695 | SUCCESS  | monitor:scan:235 - Changed : 755372
2026-07-27 15:35:26.704 | INFO     | storage:add_property:113 - Added Property 755372
2026-07-27 15:35:26.706 | SUCCESS  | storage:save_day:81 - 1405-04-29.json Saved
2026-07-27 15:35:26.707 | INFO     | state_manager:save:61 - State Saved
2026-07-27 15:35:26.707 | INFO     | monitor:scan:197 - Checking 745150
2026-07-27 15:35:26.708 | INFO     | api:get_file:84 - Loading File 1b0a45f6-0b9f-4ec6-6a56-54ddd1945649
2026-07-27 15:35:26.924 | SUCCESS  | monitor:scan:235 - Changed : 745150
2026-07-27 15:35:26.934 | INFO     | storage:add_property:113 - Added Property 745150
2026-07-27 15:35:26.936 | SUCCESS  | storage:save_day:81 - 1405-04-29.json Saved
2026-07-27 15:35:26.937 | INFO     | state_manager:save:61 - State Saved
2026-07-27 15:35:26.937 | INFO     | monitor:scan:197 - Checking 745090
2026-07-27 15:35:26.937 | INFO     | api:get_file:84 - Loading File 126d4435-591c-754b-26b6-b5e940f0834b
2026-07-27 15:35:27.384 | SUCCESS  | monitor:scan:235 - Changed : 745090
2026-07-27 15:35:27.393 | INFO     | storage:add_property:113 - Added Property 745090
2026-07-27 15:35:27.396 | SUCCESS  | storage:save_day:81 - 1405-04-29.json Saved
2026-07-27 15:35:27.397 | INFO     | state_manager:save:61 - State Saved
2026-07-27 15:35:27.397 | INFO     | monitor:scan:197 - Checking 744787
2026-07-27 15:35:27.397 | INFO     | api:get_file:84 - Loading File 126d4407-bfea-6915-7810-21974037204b
2026-07-27 15:35:27.784 | SUCCESS  | monitor:scan:235 - Changed : 744787
2026-07-27 15:35:27.791 | INFO     | storage:add_property:113 - Added Property 744787
2026-07-27 15:35:27.795 | SUCCESS  | storage:save_day:81 - 1405-04-29.json Saved
2026-07-27 15:35:27.796 | INFO     | state_manager:save:61 - State Saved
2026-07-27 15:35:27.796 | INFO     | monitor:scan:197 - Checking 720401
2026-07-27 15:35:27.796 | INFO     | api:get_file:84 - Loading File 126d2d52-17e4-8cb0-a715-61317903b84d
2026-07-27 15:35:28.183 | SUCCESS  | monitor:scan:235 - Changed : 720401
2026-07-27 15:35:28.191 | INFO     | storage:add_property:113 - Added Property 720401
2026-07-27 15:35:28.194 | SUCCESS  | storage:save_day:81 - 1405-04-29.json Saved
2026-07-27 15:35:28.195 | INFO     | state_manager:save:61 - State Saved
2026-07-27 15:35:28.195 | INFO     | monitor:scan:197 - Checking 719272
2026-07-27 15:35:28.195 | INFO     | api:get_file:84 - Loading File 126d2c4e-95a1-4d33-a948-a14f10080640
2026-07-27 15:35:28.583 | SUCCESS  | monitor:scan:235 - Changed : 719272
2026-07-27 15:35:28.595 | INFO     | storage:add_property:113 - Added Property 719272
2026-07-27 15:35:28.597 | SUCCESS  | storage:save_day:81 - 1405-04-29.json Saved
2026-07-27 15:35:28.598 | INFO     | state_manager:save:61 - State Saved
2026-07-27 15:35:28.598 | INFO     | monitor:scan:197 - Checking 716308
2026-07-27 15:35:28.598 | INFO     | api:get_file:84 - Loading File 1b0a45f6-18dc-2305-3d06-cd82176ff84c
2026-07-27 15:35:28.983 | SUCCESS  | monitor:scan:235 - Changed : 716308
2026-07-27 15:35:28.995 | INFO     | storage:add_property:113 - Added Property 716308
2026-07-27 15:35:28.998 | SUCCESS  | storage:save_day:81 - 1405-04-29.json Saved
2026-07-27 15:35:28.999 | INFO     | state_manager:save:61 - State Saved
2026-07-27 15:35:28.999 | INFO     | monitor:scan:197 - Checking 715242
2026-07-27 15:35:28.999 | INFO     | api:get_file:84 - Loading File 126b13be-ec21-e341-af16-59b7f0a2e4c6
2026-07-27 15:35:29.394 | SUCCESS  | monitor:scan:235 - Changed : 715242
2026-07-27 15:35:29.405 | INFO     | storage:add_property:113 - Added Property 715242
2026-07-27 15:35:29.408 | SUCCESS  | storage:save_day:81 - 1405-04-29.json Saved
2026-07-27 15:35:29.409 | INFO     | state_manager:save:61 - State Saved
2026-07-27 15:35:29.409 | INFO     | monitor:scan:197 - Checking 712316
2026-07-27 15:35:29.409 | INFO     | api:get_file:84 - Loading File 126b0922-e56a-c956-bb27-a98f2810544d
2026-07-27 15:35:29.804 | SUCCESS  | monitor:scan:235 - Changed : 712316
2026-07-27 15:35:29.819 | INFO     | storage:add_property:113 - Added Property 712316
2026-07-27 15:35:29.822 | SUCCESS  | storage:save_day:81 - 1405-04-29.json Saved
2026-07-27 15:35:29.823 | INFO     | state_manager:save:61 - State Saved
2026-07-27 15:35:29.823 | INFO     | monitor:scan:197 - Checking 692275
2026-07-27 15:35:29.823 | INFO     | api:get_file:84 - Loading File 1b0a45ff-07f3-112c-0a4f-d2ca876e3b44
2026-07-27 15:35:30.208 | SUCCESS  | monitor:scan:235 - Changed : 692275
2026-07-27 15:35:30.216 | INFO     | storage:add_property:113 - Added Property 692275
2026-07-27 15:35:30.219 | SUCCESS  | storage:save_day:81 - 1405-04-29.json Saved
2026-07-27 15:35:30.220 | INFO     | state_manager:save:61 - State Saved
2026-07-27 15:35:30.220 | INFO     | monitor:scan:197 - Checking 690147
2026-07-27 15:35:30.220 | INFO     | api:get_file:84 - Loading File 126af047-fc32-41ab-461c-b25efa9a6047
2026-07-27 15:35:30.612 | SUCCESS  | monitor:scan:235 - Changed : 690147
2026-07-27 15:35:30.620 | INFO     | storage:add_property:113 - Added Property 690147
2026-07-27 15:35:30.623 | SUCCESS  | storage:save_day:81 - 1405-04-29.json Saved
2026-07-27 15:35:30.624 | INFO     | state_manager:save:61 - State Saved
2026-07-27 15:35:30.624 | INFO     | monitor:scan:197 - Checking 686643
2026-07-27 15:35:30.624 | INFO     | api:get_file:84 - Loading File 126ae4d6-7ecf-4f3a-f8a7-700ee504c94b
2026-07-27 15:35:31.019 | SUCCESS  | monitor:scan:235 - Changed : 686643
2026-07-27 15:35:31.028 | INFO     | storage:add_property:113 - Added Property 686643
2026-07-27 15:35:31.032 | SUCCESS  | storage:save_day:81 - 1405-04-29.json Saved
2026-07-27 15:35:31.033 | INFO     | state_manager:save:61 - State Saved
2026-07-27 15:35:31.033 | INFO     | monitor:scan:197 - Checking 771233
2026-07-27 15:35:31.033 | INFO     | api:get_file:84 - Loading File 126d50f6-9145-8af1-9e8f-061a5ce80641
2026-07-27 15:35:31.422 | SUCCESS  | monitor:scan:235 - Changed : 771233
2026-07-27 15:35:31.423 | INFO     | storage:add_property:113 - Added Property 771233
2026-07-27 15:35:31.425 | SUCCESS  | storage:save_day:81 - 1405-04-28.json Saved
2026-07-27 15:35:31.427 | INFO     | state_manager:save:61 - State Saved
2026-07-27 15:35:31.427 | INFO     | monitor:scan:197 - Checking 771230
2026-07-27 15:35:31.427 | INFO     | api:get_file:84 - Loading File 126d50e8-845e-a8e8-6dfc-3cd75168f417
2026-07-27 15:35:31.824 | SUCCESS  | monitor:scan:235 - Changed : 771230
2026-07-27 15:35:31.840 | INFO     | storage:add_property:113 - Added Property 771230
2026-07-27 15:35:31.841 | SUCCESS  | storage:save_day:81 - 1405-04-28.json Saved
2026-07-27 15:35:31.842 | INFO     | state_manager:save:61 - State Saved
2026-07-27 15:35:31.842 | INFO     | monitor:scan:197 - Checking 771228
2026-07-27 15:35:31.842 | INFO     | api:get_file:84 - Loading File 126d50f6-9d3b-722c-885d-e5ade2d604ae
2026-07-27 15:35:32.256 | SUCCESS  | monitor:scan:235 - Changed : 771228
2026-07-27 15:35:32.268 | INFO     | storage:add_property:113 - Added Property 771228
2026-07-27 15:35:32.269 | SUCCESS  | storage:save_day:81 - 1405-04-28.json Saved
2026-07-27 15:35:32.270 | INFO     | state_manager:save:61 - State Saved
2026-07-27 15:35:32.270 | INFO     | monitor:scan:197 - Checking 771226
2026-07-27 15:35:32.270 | INFO     | api:get_file:84 - Loading File 126d50f6-c69b-58ec-5dec-274e89ab0342
2026-07-27 15:35:32.833 | SUCCESS  | monitor:scan:235 - Changed : 771226
2026-07-27 15:35:32.848 | INFO     | storage:add_property:113 - Added Property 771226
2026-07-27 15:35:32.849 | SUCCESS  | storage:save_day:81 - 1405-04-28.json Saved
2026-07-27 15:35:32.849 | INFO     | state_manager:save:61 - State Saved
2026-07-27 15:35:32.849 | INFO     | monitor:scan:197 - Checking 771221
2026-07-27 15:35:32.849 | INFO     | api:get_file:84 - Loading File 1b0a45f6-0279-e4aa-83d1-7fcc866dca41
2026-07-27 15:35:33.072 | SUCCESS  | monitor:scan:235 - Changed : 771221
2026-07-27 15:35:33.084 | INFO     | storage:add_property:113 - Added Property 771221
2026-07-27 15:35:33.085 | SUCCESS  | storage:save_day:81 - 1405-04-28.json Saved
2026-07-27 15:35:33.085 | INFO     | state_manager:save:61 - State Saved
2026-07-27 15:35:33.086 | INFO     | monitor:scan:197 - Checking 771218
2026-07-27 15:35:33.086 | INFO     | api:get_file:84 - Loading File 126d50c8-c5a1-777f-a388-175a4691154c
2026-07-27 15:35:33.477 | SUCCESS  | monitor:scan:235 - Changed : 771218
2026-07-27 15:35:33.492 | INFO     | storage:add_property:113 - Added Property 771218
2026-07-27 15:35:33.493 | SUCCESS  | storage:save_day:81 - 1405-04-28.json Saved
2026-07-27 15:35:33.494 | INFO     | state_manager:save:61 - State Saved
2026-07-27 15:35:33.494 | INFO     | monitor:scan:197 - Checking 771213
2026-07-27 15:35:33.495 | INFO     | api:get_file:84 - Loading File 126d50e8-64b8-2104-020a-2e2e0f500249
2026-07-27 15:35:33.883 | SUCCESS  | monitor:scan:235 - Changed : 771213
2026-07-27 15:35:33.901 | INFO     | storage:add_property:113 - Added Property 771213
2026-07-27 15:35:33.902 | SUCCESS  | storage:save_day:81 - 1405-04-28.json Saved
2026-07-27 15:35:33.903 | INFO     | state_manager:save:61 - State Saved
2026-07-27 15:35:33.903 | INFO     | monitor:scan:197 - Checking 771212
2026-07-27 15:35:33.903 | INFO     | api:get_file:84 - Loading File 126d50e7-bfc4-4b11-e217-6b77ae01ff43
2026-07-27 15:35:34.540 | SUCCESS  | monitor:scan:235 - Changed : 771212
2026-07-27 15:35:34.552 | INFO     | storage:add_property:113 - Added Property 771212
2026-07-27 15:35:34.553 | SUCCESS  | storage:save_day:81 - 1405-04-28.json Saved
2026-07-27 15:35:34.554 | INFO     | state_manager:save:61 - State Saved
2026-07-27 15:35:34.554 | INFO     | monitor:scan:197 - Checking 771208
2026-07-27 15:35:34.554 | INFO     | api:get_file:84 - Loading File 126d50f6-b3df-476d-d2be-f41e7194b649
2026-07-27 15:35:34.776 | SUCCESS  | monitor:scan:235 - Changed : 771208
2026-07-27 15:35:34.788 | INFO     | storage:add_property:113 - Added Property 771208
2026-07-27 15:35:34.789 | SUCCESS  | storage:save_day:81 - 1405-04-28.json Saved
2026-07-27 15:35:34.790 | INFO     | state_manager:save:61 - State Saved
2026-07-27 15:35:34.790 | INFO     | monitor:scan:197 - Checking 771203
2026-07-27 15:35:34.790 | INFO     | api:get_file:84 - Loading File 126d50f6-e6d1-6f4c-8645-9f0563726441
2026-07-27 15:35:35.181 | SUCCESS  | monitor:scan:235 - Changed : 771203
2026-07-27 15:35:35.192 | INFO     | storage:add_property:113 - Added Property 771203
2026-07-27 15:35:35.193 | SUCCESS  | storage:save_day:81 - 1405-04-28.json Saved
2026-07-27 15:35:35.194 | INFO     | state_manager:save:61 - State Saved
2026-07-27 15:35:35.194 | INFO     | monitor:scan:197 - Checking 771202
2026-07-27 15:35:35.195 | INFO     | api:get_file:84 - Loading File 126d50f6-a07c-5b05-11d9-c88337742d46
2026-07-27 15:35:35.581 | SUCCESS  | monitor:scan:235 - Changed : 771202
2026-07-27 15:35:35.593 | INFO     | storage:add_property:113 - Added Property 771202
2026-07-27 15:35:35.595 | SUCCESS  | storage:save_day:81 - 1405-04-28.json Saved
2026-07-27 15:35:35.596 | INFO     | state_manager:save:61 - State Saved
2026-07-27 15:35:35.596 | INFO     | monitor:scan:197 - Checking 771201
2026-07-27 15:35:35.596 | INFO     | api:get_file:84 - Loading File 1b0a45ff-fe04-6e75-20ac-a547e6d5924b
2026-07-27 15:35:35.813 | SUCCESS  | monitor:scan:235 - Changed : 771201
2026-07-27 15:35:35.826 | INFO     | storage:add_property:113 - Added Property 771201
2026-07-27 15:35:35.828 | SUCCESS  | storage:save_day:81 - 1405-04-28.json Saved
2026-07-27 15:35:35.829 | INFO     | state_manager:save:61 - State Saved
2026-07-27 15:35:35.829 | INFO     | monitor:scan:197 - Checking 771187
2026-07-27 15:35:35.829 | INFO     | api:get_file:84 - Loading File 126d50f6-6f80-7d22-e68a-782abd8b024e
2026-07-27 15:35:36.445 | SUCCESS  | monitor:scan:235 - Changed : 771187
2026-07-27 15:35:36.457 | INFO     | storage:add_property:113 - Added Property 771187
2026-07-27 15:35:36.459 | SUCCESS  | storage:save_day:81 - 1405-04-28.json Saved
2026-07-27 15:35:36.459 | INFO     | state_manager:save:61 - State Saved
2026-07-27 15:35:36.460 | INFO     | monitor:scan:197 - Checking 771185
2026-07-27 15:35:36.460 | INFO     | api:get_file:84 - Loading File 126d50e8-5d96-6c3b-d5ce-d8f1adf52d42
2026-07-27 15:35:36.677 | SUCCESS  | monitor:scan:235 - Changed : 771185
2026-07-27 15:35:36.685 | INFO     | storage:add_property:113 - Added Property 771185
2026-07-27 15:35:36.687 | SUCCESS  | storage:save_day:81 - 1405-04-28.json Saved
2026-07-27 15:35:36.688 | INFO     | state_manager:save:61 - State Saved
2026-07-27 15:35:36.688 | INFO     | monitor:scan:197 - Checking 771177
2026-07-27 15:35:36.688 | INFO     | api:get_file:84 - Loading File 1b0a45ff-0132-8914-0684-7c7efd23d947
2026-07-27 15:35:36.911 | SUCCESS  | monitor:scan:235 - Changed : 771177
2026-07-27 15:35:36.923 | INFO     | storage:add_property:113 - Added Property 771177
2026-07-27 15:35:36.925 | SUCCESS  | storage:save_day:81 - 1405-04-28.json Saved
2026-07-27 15:35:36.926 | INFO     | state_manager:save:61 - State Saved
2026-07-27 15:35:36.926 | INFO     | monitor:scan:197 - Checking 771176
2026-07-27 15:35:36.926 | INFO     | api:get_file:84 - Loading File 126d50e7-9eac-1815-4f3f-0b312acab241
2026-07-27 15:35:37.312 | SUCCESS  | monitor:scan:235 - Changed : 771176
2026-07-27 15:35:37.319 | INFO     | storage:add_property:113 - Added Property 771176
2026-07-27 15:35:37.321 | SUCCESS  | storage:save_day:81 - 1405-04-28.json Saved
2026-07-27 15:35:37.322 | INFO     | state_manager:save:61 - State Saved
2026-07-27 15:35:37.322 | INFO     | monitor:scan:197 - Checking 771172
2026-07-27 15:35:37.322 | INFO     | api:get_file:84 - Loading File 126d50e8-87dd-6f8a-9b85-f71a772f14ef
2026-07-27 15:35:37.736 | SUCCESS  | monitor:scan:235 - Changed : 771172
2026-07-27 15:35:37.744 | INFO     | storage:add_property:113 - Added Property 771172
2026-07-27 15:35:37.746 | SUCCESS  | storage:save_day:81 - 1405-04-28.json Saved
2026-07-27 15:35:37.746 | INFO     | state_manager:save:61 - State Saved
2026-07-27 15:35:37.747 | INFO     | monitor:scan:197 - Checking 771170
2026-07-27 15:35:37.747 | INFO     | api:get_file:84 - Loading File 126d50e8-832a-2bc8-8138-2f024da91143
2026-07-27 15:35:38.142 | SUCCESS  | monitor:scan:235 - Changed : 771170
2026-07-27 15:35:38.153 | INFO     | storage:add_property:113 - Added Property 771170
2026-07-27 15:35:38.155 | SUCCESS  | storage:save_day:81 - 1405-04-28.json Saved
2026-07-27 15:35:38.156 | INFO     | state_manager:save:61 - State Saved
2026-07-27 15:35:38.156 | INFO     | monitor:scan:197 - Checking 758663
2026-07-27 15:35:38.156 | INFO     | api:get_file:84 - Loading File 126d4ac4-033f-2e77-e07f-13c614a8c64e
2026-07-27 15:35:38.554 | SUCCESS  | monitor:scan:235 - Changed : 758663
2026-07-27 15:35:38.565 | INFO     | storage:add_property:113 - Added Property 758663
2026-07-27 15:35:38.567 | SUCCESS  | storage:save_day:81 - 1405-04-28.json Saved
2026-07-27 15:35:38.568 | INFO     | state_manager:save:61 - State Saved
2026-07-27 15:35:38.568 | INFO     | monitor:scan:197 - Checking 757713
2026-07-27 15:35:38.568 | INFO     | api:get_file:84 - Loading File 126d4a3a-57fd-654d-039f-b2b5f6d04a4f
2026-07-27 15:35:38.962 | SUCCESS  | monitor:scan:235 - Changed : 757713
2026-07-27 15:35:38.971 | INFO     | storage:add_property:113 - Added Property 757713
2026-07-27 15:35:38.973 | SUCCESS  | storage:save_day:81 - 1405-04-28.json Saved
2026-07-27 15:35:38.974 | INFO     | state_manager:save:61 - State Saved
2026-07-27 15:35:38.974 | INFO     | monitor:scan:197 - Checking 756248
2026-07-27 15:35:38.974 | INFO     | api:get_file:84 - Loading File 126d450b-eb73-67c4-133c-7295020ad94a
2026-07-27 15:35:39.542 | SUCCESS  | monitor:scan:235 - Changed : 756248
2026-07-27 15:35:39.552 | INFO     | storage:add_property:113 - Added Property 756248
2026-07-27 15:35:39.555 | SUCCESS  | storage:save_day:81 - 1405-04-28.json Saved
2026-07-27 15:35:39.556 | INFO     | state_manager:save:61 - State Saved
2026-07-27 15:35:39.556 | INFO     | monitor:scan:197 - Checking 755985
2026-07-27 15:35:39.556 | INFO     | api:get_file:84 - Loading File 126d44ec-6c9e-75b4-8b06-8ceb4b8ee440
2026-07-27 15:35:39.947 | SUCCESS  | monitor:scan:235 - Changed : 755985
2026-07-27 15:35:39.956 | INFO     | storage:add_property:113 - Added Property 755985
2026-07-27 15:35:39.958 | SUCCESS  | storage:save_day:81 - 1405-04-28.json Saved
2026-07-27 15:35:39.959 | INFO     | state_manager:save:61 - State Saved
2026-07-27 15:35:39.959 | INFO     | monitor:scan:197 - Checking 755505
2026-07-27 15:35:39.959 | INFO     | api:get_file:84 - Loading File 126d4490-935b-49f8-3c2e-bd98a17b0d40
2026-07-27 15:35:40.525 | SUCCESS  | monitor:scan:235 - Changed : 755505
2026-07-27 15:35:40.537 | INFO     | storage:add_property:113 - Added Property 755505
2026-07-27 15:35:40.540 | SUCCESS  | storage:save_day:81 - 1405-04-28.json Saved
2026-07-27 15:35:40.541 | INFO     | state_manager:save:61 - State Saved
2026-07-27 15:35:40.541 | INFO     | monitor:scan:197 - Checking 744877
2026-07-27 15:35:40.541 | INFO     | api:get_file:84 - Loading File 126d4416-fb59-d678-9796-fec518215486
2026-07-27 15:35:40.928 | SUCCESS  | monitor:scan:235 - Changed : 744877
2026-07-27 15:35:40.946 | INFO     | storage:add_property:113 - Added Property 744877
2026-07-27 15:35:40.949 | SUCCESS  | storage:save_day:81 - 1405-04-28.json Saved
2026-07-27 15:35:40.950 | INFO     | state_manager:save:61 - State Saved
2026-07-27 15:35:40.950 | INFO     | monitor:scan:197 - Checking 744783
2026-07-27 15:35:40.950 | INFO     | api:get_file:84 - Loading File 126d4407-9565-5ac4-25f2-ea186ef2da42
2026-07-27 15:35:41.365 | SUCCESS  | monitor:scan:235 - Changed : 744783
2026-07-27 15:35:41.375 | INFO     | storage:add_property:113 - Added Property 744783
2026-07-27 15:35:41.377 | SUCCESS  | storage:save_day:81 - 1405-04-28.json Saved
2026-07-27 15:35:41.378 | INFO     | state_manager:save:61 - State Saved
2026-07-27 15:35:41.378 | INFO     | monitor:scan:197 - Checking 742902
2026-07-27 15:35:41.378 | INFO     | api:get_file:84 - Loading File 126d3e3f-97b8-3d4e-ea5c-89dc916184cc
2026-07-27 15:35:41.773 | SUCCESS  | monitor:scan:235 - Changed : 742902
2026-07-27 15:35:41.788 | INFO     | storage:add_property:113 - Added Property 742902
2026-07-27 15:35:41.791 | SUCCESS  | storage:save_day:81 - 1405-04-28.json Saved
2026-07-27 15:35:41.792 | INFO     | state_manager:save:61 - State Saved
2026-07-27 15:35:41.792 | INFO     | monitor:scan:197 - Checking 731400
2026-07-27 15:35:41.792 | INFO     | api:get_file:84 - Loading File 126d3272-1012-8b16-4dbf-801828d68e4f
2026-07-27 15:35:42.191 | SUCCESS  | monitor:scan:235 - Changed : 731400
2026-07-27 15:35:42.202 | INFO     | storage:add_property:113 - Added Property 731400
2026-07-27 15:35:42.205 | SUCCESS  | storage:save_day:81 - 1405-04-28.json Saved
2026-07-27 15:35:42.206 | INFO     | state_manager:save:61 - State Saved
2026-07-27 15:35:42.206 | INFO     | monitor:scan:197 - Checking 716303
2026-07-27 15:35:42.206 | INFO     | api:get_file:84 - Loading File 126b14b2-d057-49a2-330e-f3001c1eb54e
2026-07-27 15:35:42.427 | SUCCESS  | monitor:scan:235 - Changed : 716303
2026-07-27 15:35:42.436 | INFO     | storage:add_property:113 - Added Property 716303
2026-07-27 15:35:42.439 | SUCCESS  | storage:save_day:81 - 1405-04-28.json Saved
2026-07-27 15:35:42.440 | INFO     | state_manager:save:61 - State Saved
2026-07-27 15:35:42.440 | INFO     | monitor:scan:197 - Checking 714713
2026-07-27 15:35:42.440 | INFO     | api:get_file:84 - Loading File 1b0a45f6-06cb-70d8-50ed-5b64edcf9d46
2026-07-27 15:35:42.663 | SUCCESS  | monitor:scan:235 - Changed : 714713
2026-07-27 15:35:42.674 | INFO     | storage:add_property:113 - Added Property 714713
2026-07-27 15:35:42.678 | SUCCESS  | storage:save_day:81 - 1405-04-28.json Saved
2026-07-27 15:35:42.678 | INFO     | state_manager:save:61 - State Saved
2026-07-27 15:35:42.679 | INFO     | monitor:scan:197 - Checking 711582
2026-07-27 15:35:42.679 | INFO     | api:get_file:84 - Loading File 1b0a45f6-0fb2-091e-a6a0-b07177e73042
2026-07-27 15:35:42.883 | SUCCESS  | monitor:scan:235 - Changed : 711582
2026-07-27 15:35:42.897 | INFO     | storage:add_property:113 - Added Property 711582
2026-07-27 15:35:42.900 | SUCCESS  | storage:save_day:81 - 1405-04-28.json Saved
2026-07-27 15:35:42.901 | INFO     | state_manager:save:61 - State Saved
2026-07-27 15:35:42.901 | INFO     | monitor:scan:197 - Checking 700293
2026-07-27 15:35:42.901 | INFO     | api:get_file:84 - Loading File 126b0388-9752-6d0f-2629-9b40bdb3a547
2026-07-27 15:35:43.111 | SUCCESS  | monitor:scan:235 - Changed : 700293
2026-07-27 15:35:43.121 | INFO     | storage:add_property:113 - Added Property 700293
2026-07-27 15:35:43.124 | SUCCESS  | storage:save_day:81 - 1405-04-28.json Saved
2026-07-27 15:35:43.125 | INFO     | state_manager:save:61 - State Saved
2026-07-27 15:35:43.125 | INFO     | monitor:scan:197 - Checking 700140
2026-07-27 15:35:43.125 | INFO     | api:get_file:84 - Loading File 126b035a-a13b-4901-02eb-6f44eae19048
2026-07-27 15:35:43.529 | SUCCESS  | monitor:scan:235 - Changed : 700140
2026-07-27 15:35:43.541 | INFO     | storage:add_property:113 - Added Property 700140
2026-07-27 15:35:43.544 | SUCCESS  | storage:save_day:81 - 1405-04-28.json Saved
2026-07-27 15:35:43.545 | INFO     | state_manager:save:61 - State Saved
2026-07-27 15:35:43.545 | INFO     | monitor:scan:197 - Checking 697226
2026-07-27 15:35:43.545 | INFO     | api:get_file:84 - Loading File 126afd74-4c53-173a-1343-f1a6142fb545
2026-07-27 15:35:43.763 | SUCCESS  | monitor:scan:235 - Changed : 697226
2026-07-27 15:35:43.776 | INFO     | storage:add_property:113 - Added Property 697226
2026-07-27 15:35:43.780 | SUCCESS  | storage:save_day:81 - 1405-04-28.json Saved
2026-07-27 15:35:43.781 | INFO     | state_manager:save:61 - State Saved
2026-07-27 15:35:43.781 | INFO     | monitor:scan:197 - Checking 695740
2026-07-27 15:35:43.781 | INFO     | api:get_file:84 - Loading File 1b0a45f6-0428-8e6c-ef31-d1a77eb09e4e
2026-07-27 15:35:43.998 | SUCCESS  | monitor:scan:235 - Changed : 695740
2026-07-27 15:35:44.007 | INFO     | storage:add_property:113 - Added Property 695740
2026-07-27 15:35:44.011 | SUCCESS  | storage:save_day:81 - 1405-04-28.json Saved
2026-07-27 15:35:44.011 | INFO     | state_manager:save:61 - State Saved
2026-07-27 15:35:44.012 | INFO     | monitor:scan:197 - Checking 692864
2026-07-27 15:35:44.012 | INFO     | api:get_file:84 - Loading File 1b0a45f6-04e8-f340-ba18-0477040e9145
2026-07-27 15:35:44.214 | SUCCESS  | monitor:scan:235 - Changed : 692864
2026-07-27 15:35:44.221 | INFO     | storage:add_property:113 - Added Property 692864
2026-07-27 15:35:44.225 | SUCCESS  | storage:save_day:81 - 1405-04-28.json Saved
2026-07-27 15:35:44.226 | INFO     | state_manager:save:61 - State Saved
2026-07-27 15:35:44.226 | INFO     | monitor:scan:197 - Checking 690904
2026-07-27 15:35:44.226 | INFO     | api:get_file:84 - Loading File 1b0a45f6-051e-91a2-36f9-f0a201ad2f42
2026-07-27 15:35:44.613 | SUCCESS  | monitor:scan:235 - Changed : 690904
2026-07-27 15:35:44.622 | INFO     | storage:add_property:113 - Added Property 690904
2026-07-27 15:35:44.625 | SUCCESS  | storage:save_day:81 - 1405-04-28.json Saved
2026-07-27 15:35:44.626 | INFO     | state_manager:save:61 - State Saved
2026-07-27 15:35:44.626 | INFO     | monitor:scan:197 - Checking 688996
2026-07-27 15:35:44.627 | INFO     | api:get_file:84 - Loading File 1b0a45f6-0451-fb1a-8fb6-1f5989360b41
2026-07-27 15:35:44.833 | SUCCESS  | monitor:scan:235 - Changed : 688996
2026-07-27 15:35:44.850 | INFO     | storage:add_property:113 - Added Property 688996
2026-07-27 15:35:44.853 | SUCCESS  | storage:save_day:81 - 1405-04-28.json Saved
2026-07-27 15:35:44.854 | INFO     | state_manager:save:61 - State Saved
2026-07-27 15:35:44.854 | INFO     | monitor:scan:197 - Checking 688988
2026-07-27 15:35:44.854 | INFO     | api:get_file:84 - Loading File 1b0a45ff-064c-0e41-1cd6-33e422cafa45
2026-07-27 15:35:45.069 | SUCCESS  | monitor:scan:235 - Changed : 688988
2026-07-27 15:35:45.077 | INFO     | storage:add_property:113 - Added Property 688988
2026-07-27 15:35:45.082 | SUCCESS  | storage:save_day:81 - 1405-04-28.json Saved
2026-07-27 15:35:45.083 | INFO     | state_manager:save:61 - State Saved
2026-07-27 15:35:45.083 | INFO     | monitor:scan:197 - Checking 686557
2026-07-27 15:35:45.083 | INFO     | api:get_file:84 - Loading File 1b0a45f6-00d0-f26f-2f88-a7bedcbd0944
2026-07-27 15:35:45.301 | SUCCESS  | monitor:scan:235 - Changed : 686557
2026-07-27 15:35:45.311 | INFO     | storage:add_property:113 - Added Property 686557
2026-07-27 15:35:45.314 | SUCCESS  | storage:save_day:81 - 1405-04-28.json Saved
2026-07-27 15:35:45.315 | INFO     | state_manager:save:61 - State Saved
2026-07-27 15:35:45.316 | INFO     | monitor:scan:197 - Checking 686318
2026-07-27 15:35:45.316 | INFO     | api:get_file:84 - Loading File 1b0a45f6-02c7-7a0e-cac9-7b18ff64b041
2026-07-27 15:35:45.534 | SUCCESS  | monitor:scan:235 - Changed : 686318
2026-07-27 15:35:45.543 | INFO     | storage:add_property:113 - Added Property 686318
2026-07-27 15:35:45.547 | SUCCESS  | storage:save_day:81 - 1405-04-28.json Saved
2026-07-27 15:35:45.549 | INFO     | state_manager:save:61 - State Saved
2026-07-27 15:35:45.549 | INFO     | monitor:scan:197 - Checking 771100
2026-07-27 15:35:45.549 | INFO     | api:get_file:84 - Loading File 126d50e7-9746-14ff-3cfd-9dd9fb82d540
2026-07-27 15:35:45.927 | SUCCESS  | monitor:scan:235 - Changed : 771100
2026-07-27 15:35:45.930 | INFO     | storage:add_property:113 - Added Property 771100
2026-07-27 15:35:45.934 | SUCCESS  | storage:save_day:81 - 1405-04-27.json Saved
2026-07-27 15:35:45.936 | INFO     | state_manager:save:61 - State Saved
2026-07-27 15:35:45.937 | INFO     | monitor:scan:197 - Checking 771099
2026-07-27 15:35:45.937 | INFO     | api:get_file:84 - Loading File 126d50e7-4bb0-7577-18b6-f84809efee46
2026-07-27 15:35:46.337 | SUCCESS  | monitor:scan:235 - Changed : 771099
2026-07-27 15:35:46.349 | INFO     | storage:add_property:113 - Added Property 771099
2026-07-27 15:35:46.349 | SUCCESS  | storage:save_day:81 - 1405-04-27.json Saved
2026-07-27 15:35:46.350 | INFO     | state_manager:save:61 - State Saved
2026-07-27 15:35:46.351 | INFO     | monitor:scan:197 - Checking 771096
2026-07-27 15:35:46.351 | INFO     | api:get_file:84 - Loading File 1b0a45f6-0ed9-5f48-b8e7-532740beee43
2026-07-27 15:35:46.574 | SUCCESS  | monitor:scan:235 - Changed : 771096
2026-07-27 15:35:46.586 | INFO     | storage:add_property:113 - Added Property 771096
2026-07-27 15:35:46.587 | SUCCESS  | storage:save_day:81 - 1405-04-27.json Saved
2026-07-27 15:35:46.589 | INFO     | state_manager:save:61 - State Saved
2026-07-27 15:35:46.589 | INFO     | monitor:scan:197 - Checking 771095
2026-07-27 15:35:46.589 | INFO     | api:get_file:84 - Loading File 126d50b9-e388-3bd1-6da6-b353de328c42
2026-07-27 15:35:47.033 | SUCCESS  | monitor:scan:235 - Changed : 771095
2026-07-27 15:35:47.045 | INFO     | storage:add_property:113 - Added Property 771095
2026-07-27 15:35:47.046 | SUCCESS  | storage:save_day:81 - 1405-04-27.json Saved
2026-07-27 15:35:47.047 | INFO     | state_manager:save:61 - State Saved
2026-07-27 15:35:47.047 | INFO     | monitor:scan:197 - Checking 771092
2026-07-27 15:35:47.047 | INFO     | api:get_file:84 - Loading File 1b0a45f6-03ea-d0a0-7cf4-c0ef0a857249
2026-07-27 15:35:47.492 | SUCCESS  | monitor:scan:235 - Changed : 771092
2026-07-27 15:35:47.507 | INFO     | storage:add_property:113 - Added Property 771092
2026-07-27 15:35:47.508 | SUCCESS  | storage:save_day:81 - 1405-04-27.json Saved
2026-07-27 15:35:47.509 | INFO     | state_manager:save:61 - State Saved
2026-07-27 15:35:47.509 | INFO     | monitor:scan:197 - Checking 771091
2026-07-27 15:35:47.509 | INFO     | api:get_file:84 - Loading File 126d50e7-a340-426a-e3b2-85a3aee3bf44
2026-07-27 15:35:47.895 | SUCCESS  | monitor:scan:235 - Changed : 771091
2026-07-27 15:35:47.915 | INFO     | storage:add_property:113 - Added Property 771091
2026-07-27 15:35:47.916 | SUCCESS  | storage:save_day:81 - 1405-04-27.json Saved
2026-07-27 15:35:47.917 | INFO     | state_manager:save:61 - State Saved
2026-07-27 15:35:47.917 | INFO     | monitor:scan:197 - Checking 771080
2026-07-27 15:35:47.917 | INFO     | api:get_file:84 - Loading File 126d50e7-4f07-2ee8-e82e-4bafa9b53941
2026-07-27 15:35:48.307 | SUCCESS  | monitor:scan:235 - Changed : 771080
2026-07-27 15:35:48.317 | INFO     | storage:add_property:113 - Added Property 771080
2026-07-27 15:35:48.319 | SUCCESS  | storage:save_day:81 - 1405-04-27.json Saved
2026-07-27 15:35:48.320 | INFO     | state_manager:save:61 - State Saved
2026-07-27 15:35:48.320 | INFO     | monitor:scan:197 - Checking 771072
2026-07-27 15:35:48.320 | INFO     | api:get_file:84 - Loading File 126d50e7-a528-5ac7-81c5-9085e770f942
2026-07-27 15:35:48.541 | SUCCESS  | monitor:scan:235 - Changed : 771072
2026-07-27 15:35:48.551 | INFO     | storage:add_property:113 - Added Property 771072
2026-07-27 15:35:48.552 | SUCCESS  | storage:save_day:81 - 1405-04-27.json Saved
2026-07-27 15:35:48.553 | INFO     | state_manager:save:61 - State Saved
2026-07-27 15:35:48.553 | INFO     | monitor:scan:197 - Checking 771071
2026-07-27 15:35:48.553 | INFO     | api:get_file:84 - Loading File 126d50e7-7bc7-8c7d-8c4a-17926cfc3c4b
2026-07-27 15:35:48.937 | SUCCESS  | monitor:scan:235 - Changed : 771071
2026-07-27 15:35:48.953 | INFO     | storage:add_property:113 - Added Property 771071
2026-07-27 15:35:48.955 | SUCCESS  | storage:save_day:81 - 1405-04-27.json Saved
2026-07-27 15:35:48.956 | INFO     | state_manager:save:61 - State Saved
2026-07-27 15:35:48.956 | INFO     | monitor:scan:197 - Checking 771068
2026-07-27 15:35:48.956 | INFO     | api:get_file:84 - Loading File 126d50ba-a1b2-279b-fd64-2540b1b4024b
2026-07-27 15:35:49.349 | SUCCESS  | monitor:scan:235 - Changed : 771068
2026-07-27 15:35:49.356 | INFO     | storage:add_property:113 - Added Property 771068
2026-07-27 15:35:49.357 | SUCCESS  | storage:save_day:81 - 1405-04-27.json Saved
2026-07-27 15:35:49.358 | INFO     | state_manager:save:61 - State Saved
2026-07-27 15:35:49.358 | INFO     | monitor:scan:197 - Checking 771067
2026-07-27 15:35:49.358 | INFO     | api:get_file:84 - Loading File 1b0a45f6-0714-993d-4ec6-95f6c5d59248
2026-07-27 15:35:49.579 | SUCCESS  | monitor:scan:235 - Changed : 771067
2026-07-27 15:35:49.589 | INFO     | storage:add_property:113 - Added Property 771067
2026-07-27 15:35:49.591 | SUCCESS  | storage:save_day:81 - 1405-04-27.json Saved
2026-07-27 15:35:49.591 | INFO     | state_manager:save:61 - State Saved
2026-07-27 15:35:49.592 | INFO     | monitor:scan:197 - Checking 771065
2026-07-27 15:35:49.592 | INFO     | api:get_file:84 - Loading File 126d50e7-9aa2-2bc1-be55-3faa6337d84f
2026-07-27 15:35:49.992 | SUCCESS  | monitor:scan:235 - Changed : 771065
2026-07-27 15:35:50.003 | INFO     | storage:add_property:113 - Added Property 771065
2026-07-27 15:35:50.005 | SUCCESS  | storage:save_day:81 - 1405-04-27.json Saved
2026-07-27 15:35:50.006 | INFO     | state_manager:save:61 - State Saved
2026-07-27 15:35:50.006 | INFO     | monitor:scan:197 - Checking 771062
2026-07-27 15:35:50.006 | INFO     | api:get_file:84 - Loading File 126d50e7-a8ca-429e-e40f-095373ce049a
2026-07-27 15:35:50.392 | SUCCESS  | monitor:scan:235 - Changed : 771062
2026-07-27 15:35:50.405 | INFO     | storage:add_property:113 - Added Property 771062
2026-07-27 15:35:50.408 | SUCCESS  | storage:save_day:81 - 1405-04-27.json Saved
2026-07-27 15:35:50.409 | INFO     | state_manager:save:61 - State Saved
2026-07-27 15:35:50.409 | INFO     | monitor:scan:197 - Checking 771060
2026-07-27 15:35:50.409 | INFO     | api:get_file:84 - Loading File 126d50b9-e46b-79a1-cac9-1ebc5be66d47
2026-07-27 15:35:50.798 | SUCCESS  | monitor:scan:235 - Changed : 771060
2026-07-27 15:35:50.810 | INFO     | storage:add_property:113 - Added Property 771060
2026-07-27 15:35:50.812 | SUCCESS  | storage:save_day:81 - 1405-04-27.json Saved
2026-07-27 15:35:50.813 | INFO     | state_manager:save:61 - State Saved
2026-07-27 15:35:50.813 | INFO     | monitor:scan:197 - Checking 771055
2026-07-27 15:35:50.814 | INFO     | api:get_file:84 - Loading File 1b0a45f6-0c7f-5680-4031-f42c74810c4b
2026-07-27 15:35:51.207 | SUCCESS  | monitor:scan:235 - Changed : 771055
2026-07-27 15:35:51.214 | INFO     | storage:add_property:113 - Added Property 771055
2026-07-27 15:35:51.217 | SUCCESS  | storage:save_day:81 - 1405-04-27.json Saved
2026-07-27 15:35:51.218 | INFO     | state_manager:save:61 - State Saved
2026-07-27 15:35:51.218 | INFO     | monitor:scan:197 - Checking 771048
2026-07-27 15:35:51.218 | INFO     | api:get_file:84 - Loading File 1b0a45ff-0a03-1d36-d8f8-498269796a4c
2026-07-27 15:35:51.442 | SUCCESS  | monitor:scan:235 - Changed : 771048
2026-07-27 15:35:51.450 | INFO     | storage:add_property:113 - Added Property 771048
2026-07-27 15:35:51.452 | SUCCESS  | storage:save_day:81 - 1405-04-27.json Saved
2026-07-27 15:35:51.453 | INFO     | state_manager:save:61 - State Saved
2026-07-27 15:35:51.453 | INFO     | monitor:scan:197 - Checking 771046
2026-07-27 15:35:51.453 | INFO     | api:get_file:84 - Loading File 126d50e7-54d0-6875-6f73-e91403d40545
2026-07-27 15:35:51.672 | SUCCESS  | monitor:scan:235 - Changed : 771046
2026-07-27 15:35:51.680 | INFO     | storage:add_property:113 - Added Property 771046
2026-07-27 15:35:51.682 | SUCCESS  | storage:save_day:81 - 1405-04-27.json Saved
2026-07-27 15:35:51.683 | INFO     | state_manager:save:61 - State Saved
2026-07-27 15:35:51.683 | INFO     | monitor:scan:197 - Checking 771045
2026-07-27 15:35:51.683 | INFO     | api:get_file:84 - Loading File 126d50e7-5850-48f7-abcb-9409c13b7142
2026-07-27 15:35:52.083 | SUCCESS  | monitor:scan:235 - Changed : 771045
2026-07-27 15:35:52.093 | INFO     | storage:add_property:113 - Added Property 771045
2026-07-27 15:35:52.095 | SUCCESS  | storage:save_day:81 - 1405-04-27.json Saved
2026-07-27 15:35:52.095 | INFO     | state_manager:save:61 - State Saved
2026-07-27 15:35:52.096 | INFO     | monitor:scan:197 - Checking 771042
2026-07-27 15:35:52.096 | INFO     | api:get_file:84 - Loading File 126d50ca-0d0c-6493-88e3-cc7d34af244e
2026-07-27 15:35:52.489 | SUCCESS  | monitor:scan:235 - Changed : 771042
2026-07-27 15:35:52.497 | INFO     | storage:add_property:113 - Added Property 771042
2026-07-27 15:35:52.500 | SUCCESS  | storage:save_day:81 - 1405-04-27.json Saved
2026-07-27 15:35:52.501 | INFO     | state_manager:save:61 - State Saved
2026-07-27 15:35:52.501 | INFO     | monitor:scan:197 - Checking 771041
2026-07-27 15:35:52.501 | INFO     | api:get_file:84 - Loading File 1b0a45f6-05c2-2641-3e19-22a9efa69b45
2026-07-27 15:35:52.725 | SUCCESS  | monitor:scan:235 - Changed : 771041
2026-07-27 15:35:52.737 | INFO     | storage:add_property:113 - Added Property 771041
2026-07-27 15:35:52.739 | SUCCESS  | storage:save_day:81 - 1405-04-27.json Saved
2026-07-27 15:35:52.740 | INFO     | state_manager:save:61 - State Saved
2026-07-27 15:35:52.741 | INFO     | monitor:scan:197 - Checking 771040
2026-07-27 15:35:52.741 | INFO     | api:get_file:84 - Loading File 126d50c8-f629-4c27-31ff-b98a21b2d449
2026-07-27 15:35:53.140 | SUCCESS  | monitor:scan:235 - Changed : 771040
2026-07-27 15:35:53.150 | INFO     | storage:add_property:113 - Added Property 771040
2026-07-27 15:35:53.152 | SUCCESS  | storage:save_day:81 - 1405-04-27.json Saved
2026-07-27 15:35:53.153 | INFO     | state_manager:save:61 - State Saved
2026-07-27 15:35:53.153 | INFO     | monitor:scan:197 - Checking 771035
2026-07-27 15:35:53.153 | INFO     | api:get_file:84 - Loading File 1b0a45f6-04b8-42e9-8c5a-0983a1c4504b
2026-07-27 15:35:53.375 | SUCCESS  | monitor:scan:235 - Changed : 771035
2026-07-27 15:35:53.387 | INFO     | storage:add_property:113 - Added Property 771035
2026-07-27 15:35:53.389 | SUCCESS  | storage:save_day:81 - 1405-04-27.json Saved
2026-07-27 15:35:53.390 | INFO     | state_manager:save:61 - State Saved
2026-07-27 15:35:53.390 | INFO     | monitor:scan:197 - Checking 757686
2026-07-27 15:35:53.390 | INFO     | api:get_file:84 - Loading File 126d4a3a-ad2d-8689-31bd-eaffa4f7114e
2026-07-27 15:35:53.611 | SUCCESS  | monitor:scan:235 - Changed : 757686
2026-07-27 15:35:53.621 | INFO     | storage:add_property:113 - Added Property 757686
2026-07-27 15:35:53.624 | SUCCESS  | storage:save_day:81 - 1405-04-27.json Saved
2026-07-27 15:35:53.625 | INFO     | state_manager:save:61 - State Saved
2026-07-27 15:35:53.625 | INFO     | monitor:scan:197 - Checking 756089
2026-07-27 15:35:53.625 | INFO     | api:get_file:84 - Loading File 126d44ed-668c-8641-f106-9fa4a7f32844
2026-07-27 15:35:54.019 | SUCCESS  | monitor:scan:235 - Changed : 756089
2026-07-27 15:35:54.029 | INFO     | storage:add_property:113 - Added Property 756089
2026-07-27 15:35:54.032 | SUCCESS  | storage:save_day:81 - 1405-04-27.json Saved
2026-07-27 15:35:54.033 | INFO     | state_manager:save:61 - State Saved
2026-07-27 15:35:54.033 | INFO     | monitor:scan:197 - Checking 755591
2026-07-27 15:35:54.033 | INFO     | api:get_file:84 - Loading File 126d44a0-362e-6c18-cc7a-0c86fcd05546
2026-07-27 15:35:54.603 | SUCCESS  | monitor:scan:235 - Changed : 755591
2026-07-27 15:35:54.611 | INFO     | storage:add_property:113 - Added Property 755591
2026-07-27 15:35:54.614 | SUCCESS  | storage:save_day:81 - 1405-04-27.json Saved
2026-07-27 15:35:54.614 | INFO     | state_manager:save:61 - State Saved
2026-07-27 15:35:54.615 | INFO     | monitor:scan:197 - Checking 744876
2026-07-27 15:35:54.615 | INFO     | api:get_file:84 - Loading File 126d4416-a6e5-c562-d2b0-0d09ebc2c447
2026-07-27 15:35:55.007 | SUCCESS  | monitor:scan:235 - Changed : 744876
2026-07-27 15:35:55.018 | INFO     | storage:add_property:113 - Added Property 744876
2026-07-27 15:35:55.020 | SUCCESS  | storage:save_day:81 - 1405-04-27.json Saved
2026-07-27 15:35:55.021 | INFO     | state_manager:save:61 - State Saved
2026-07-27 15:35:55.022 | INFO     | monitor:scan:197 - Checking 716246
2026-07-27 15:35:55.022 | INFO     | api:get_file:84 - Loading File 126b14a3-ab86-3a20-d263-c30fc8729c42
2026-07-27 15:35:55.423 | SUCCESS  | monitor:scan:235 - Changed : 716246
2026-07-27 15:35:55.436 | INFO     | storage:add_property:113 - Added Property 716246
2026-07-27 15:35:55.440 | SUCCESS  | storage:save_day:81 - 1405-04-27.json Saved
2026-07-27 15:35:55.441 | INFO     | state_manager:save:61 - State Saved
2026-07-27 15:35:55.441 | INFO     | monitor:scan:197 - Checking 712294
2026-07-27 15:35:55.442 | INFO     | api:get_file:84 - Loading File 1b0a45ff-0fdc-6320-73b4-a320fa345c4f
2026-07-27 15:35:55.850 | SUCCESS  | monitor:scan:235 - Changed : 712294
2026-07-27 15:35:55.870 | INFO     | storage:add_property:113 - Added Property 712294
2026-07-27 15:35:55.873 | SUCCESS  | storage:save_day:81 - 1405-04-27.json Saved
2026-07-27 15:35:55.874 | INFO     | state_manager:save:61 - State Saved
2026-07-27 15:35:55.874 | INFO     | monitor:scan:197 - Checking 699074
2026-07-27 15:35:55.874 | INFO     | api:get_file:84 - Loading File 1b0a45f6-129a-e58c-884e-293a6e13244d
2026-07-27 15:35:56.261 | SUCCESS  | monitor:scan:235 - Changed : 699074
2026-07-27 15:35:56.268 | INFO     | storage:add_property:113 - Added Property 699074
2026-07-27 15:35:56.271 | SUCCESS  | storage:save_day:81 - 1405-04-27.json Saved
2026-07-27 15:35:56.272 | INFO     | state_manager:save:61 - State Saved
2026-07-27 15:35:56.272 | INFO     | monitor:scan:197 - Checking 696941
2026-07-27 15:35:56.272 | INFO     | api:get_file:84 - Loading File 126afd37-4633-72a4-697c-39a8d3abd043
2026-07-27 15:35:56.665 | SUCCESS  | monitor:scan:235 - Changed : 696941
2026-07-27 15:35:56.677 | INFO     | storage:add_property:113 - Added Property 696941
2026-07-27 15:35:56.680 | SUCCESS  | storage:save_day:81 - 1405-04-27.json Saved
2026-07-27 15:35:56.681 | INFO     | state_manager:save:61 - State Saved
2026-07-27 15:35:56.681 | INFO     | monitor:scan:197 - Checking 694449
2026-07-27 15:35:56.681 | INFO     | api:get_file:84 - Loading File 1b0a45ff-0172-d033-7512-22e1c731c444
2026-07-27 15:35:57.298 | SUCCESS  | monitor:scan:235 - Changed : 694449
2026-07-27 15:35:57.310 | INFO     | storage:add_property:113 - Added Property 694449
2026-07-27 15:35:57.314 | SUCCESS  | storage:save_day:81 - 1405-04-27.json Saved
2026-07-27 15:35:57.315 | INFO     | state_manager:save:61 - State Saved
2026-07-27 15:35:57.315 | INFO     | monitor:scan:197 - Checking 694439
2026-07-27 15:35:57.315 | INFO     | api:get_file:84 - Loading File 1b0a45f6-0ede-7668-eef7-f3ac0ae3f646
2026-07-27 15:35:57.711 | SUCCESS  | monitor:scan:235 - Changed : 694439
2026-07-27 15:35:57.720 | INFO     | storage:add_property:113 - Added Property 694439
2026-07-27 15:35:57.724 | SUCCESS  | storage:save_day:81 - 1405-04-27.json Saved
2026-07-27 15:35:57.725 | INFO     | state_manager:save:61 - State Saved
2026-07-27 15:35:57.725 | INFO     | monitor:scan:197 - Checking 693357
2026-07-27 15:35:57.725 | INFO     | api:get_file:84 - Loading File 1b0a585d-f948-cf51-e8bf-98dabbacee47
2026-07-27 15:35:57.947 | SUCCESS  | monitor:scan:235 - Changed : 693357
2026-07-27 15:35:57.959 | INFO     | storage:add_property:113 - Added Property 693357
2026-07-27 15:35:57.962 | SUCCESS  | storage:save_day:81 - 1405-04-27.json Saved
2026-07-27 15:35:57.963 | INFO     | state_manager:save:61 - State Saved
2026-07-27 15:35:57.963 | INFO     | monitor:scan:197 - Checking 692247
2026-07-27 15:35:57.963 | INFO     | api:get_file:84 - Loading File 1b0a45f6-1272-1142-3f35-4b3e996a5a43
2026-07-27 15:35:58.350 | SUCCESS  | monitor:scan:235 - Changed : 692247
2026-07-27 15:35:58.358 | INFO     | storage:add_property:113 - Added Property 692247
2026-07-27 15:35:58.361 | SUCCESS  | storage:save_day:81 - 1405-04-27.json Saved
2026-07-27 15:35:58.362 | INFO     | state_manager:save:61 - State Saved
2026-07-27 15:35:58.362 | INFO     | monitor:scan:197 - Checking 692170
2026-07-27 15:35:58.362 | INFO     | api:get_file:84 - Loading File 1b0a45f6-0115-3c0b-14c1-73efb0c60441
2026-07-27 15:35:58.915 | SUCCESS  | monitor:scan:235 - Changed : 692170
2026-07-27 15:35:58.928 | INFO     | storage:add_property:113 - Added Property 692170
2026-07-27 15:35:58.932 | SUCCESS  | storage:save_day:81 - 1405-04-27.json Saved
2026-07-27 15:35:58.933 | INFO     | state_manager:save:61 - State Saved
2026-07-27 15:35:58.933 | INFO     | monitor:scan:197 - Checking 686909
2026-07-27 15:35:58.933 | INFO     | api:get_file:84 - Loading File 1b0a45f6-0058-86ce-08e0-54630f33cd41
2026-07-27 15:35:59.155 | SUCCESS  | monitor:scan:235 - Changed : 686909
2026-07-27 15:35:59.165 | INFO     | storage:add_property:113 - Added Property 686909
2026-07-27 15:35:59.168 | SUCCESS  | storage:save_day:81 - 1405-04-27.json Saved
2026-07-27 15:35:59.169 | INFO     | state_manager:save:61 - State Saved
2026-07-27 15:35:59.169 | INFO     | monitor:scan:197 - Checking 685862
2026-07-27 15:35:59.169 | INFO     | api:get_file:84 - Loading File 1b0a45f6-0e78-a32f-3bd0-897dddf71040
2026-07-27 15:35:59.558 | SUCCESS  | monitor:scan:235 - Changed : 685862
2026-07-27 15:35:59.568 | INFO     | storage:add_property:113 - Added Property 685862
2026-07-27 15:35:59.571 | SUCCESS  | storage:save_day:81 - 1405-04-27.json Saved
2026-07-27 15:35:59.572 | INFO     | state_manager:save:61 - State Saved
2026-07-27 15:35:59.572 | INFO     | monitor:scan:197 - Checking 685386
2026-07-27 15:35:59.572 | INFO     | api:get_file:84 - Loading File 1b0a45f6-12d7-ff4a-a1ca-0d6497507747
2026-07-27 15:35:59.950 | SUCCESS  | monitor:scan:235 - Changed : 685386
2026-07-27 15:35:59.960 | INFO     | storage:add_property:113 - Added Property 685386
2026-07-27 15:35:59.963 | SUCCESS  | storage:save_day:81 - 1405-04-27.json Saved
2026-07-27 15:35:59.964 | INFO     | state_manager:save:61 - State Saved
2026-07-27 15:35:59.964 | INFO     | monitor:scan:197 - Checking 770898
2026-07-27 15:35:59.965 | INFO     | api:get_file:84 - Loading File 126d50aa-4e39-3958-967c-f0b9f82c0b46
2026-07-27 15:36:00.423 | SUCCESS  | monitor:scan:235 - Changed : 770898
2026-07-27 15:36:00.424 | INFO     | storage:add_property:113 - Added Property 770898
2026-07-27 15:36:00.426 | SUCCESS  | storage:save_day:81 - 1405-04-24.json Saved
2026-07-27 15:36:00.428 | INFO     | state_manager:save:61 - State Saved
2026-07-27 15:36:00.428 | INFO     | monitor:scan:197 - Checking 770897
2026-07-27 15:36:00.428 | INFO     | api:get_file:84 - Loading File 1b0a45ff-0afb-63da-ab74-bc0157f83f44
2026-07-27 15:36:00.650 | SUCCESS  | monitor:scan:235 - Changed : 770897
2026-07-27 15:36:00.659 | INFO     | storage:add_property:113 - Added Property 770897
2026-07-27 15:36:00.660 | SUCCESS  | storage:save_day:81 - 1405-04-24.json Saved
2026-07-27 15:36:00.661 | INFO     | state_manager:save:61 - State Saved
2026-07-27 15:36:00.661 | INFO     | monitor:scan:197 - Checking 770896
2026-07-27 15:36:00.661 | INFO     | api:get_file:84 - Loading File 126d50b9-aedd-786c-afa5-a109f346244f
2026-07-27 15:36:01.051 | SUCCESS  | monitor:scan:235 - Changed : 770896
2026-07-27 15:36:01.062 | INFO     | storage:add_property:113 - Added Property 770896
2026-07-27 15:36:01.063 | SUCCESS  | storage:save_day:81 - 1405-04-24.json Saved
2026-07-27 15:36:01.064 | INFO     | state_manager:save:61 - State Saved
2026-07-27 15:36:01.064 | INFO     | monitor:scan:197 - Checking 770890
2026-07-27 15:36:01.065 | INFO     | api:get_file:84 - Loading File 126d50ab-3578-8147-2a5d-f0abc718a448
2026-07-27 15:36:01.291 | SUCCESS  | monitor:scan:235 - Changed : 770890
2026-07-27 15:36:01.301 | INFO     | storage:add_property:113 - Added Property 770890
2026-07-27 15:36:01.302 | SUCCESS  | storage:save_day:81 - 1405-04-24.json Saved
2026-07-27 15:36:01.303 | INFO     | state_manager:save:61 - State Saved
2026-07-27 15:36:01.303 | INFO     | monitor:scan:197 - Checking 770887
2026-07-27 15:36:01.304 | INFO     | api:get_file:84 - Loading File 126d50b9-aaf8-3f58-83b0-30ad8a07a84b
2026-07-27 15:36:01.526 | SUCCESS  | monitor:scan:235 - Changed : 770887
2026-07-27 15:36:01.535 | INFO     | storage:add_property:113 - Added Property 770887
2026-07-27 15:36:01.536 | SUCCESS  | storage:save_day:81 - 1405-04-24.json Saved
2026-07-27 15:36:01.537 | INFO     | state_manager:save:61 - State Saved
2026-07-27 15:36:01.537 | INFO     | monitor:scan:197 - Checking 770886
2026-07-27 15:36:01.537 | INFO     | api:get_file:84 - Loading File 126d50b9-8893-5058-4bbb-24c756096a4a
2026-07-27 15:36:01.756 | SUCCESS  | monitor:scan:235 - Changed : 770886
2026-07-27 15:36:01.766 | INFO     | storage:add_property:113 - Added Property 770886
2026-07-27 15:36:01.767 | SUCCESS  | storage:save_day:81 - 1405-04-24.json Saved
2026-07-27 15:36:01.768 | INFO     | state_manager:save:61 - State Saved
2026-07-27 15:36:01.768 | INFO     | monitor:scan:125 - Loading Page 4
2026-07-27 15:36:01.768 | INFO     | api:get_files:60 - Loading Page 4
2026-07-27 15:36:05.242 | INFO     | monitor:scan:197 - Checking 770877
2026-07-27 15:36:05.242 | INFO     | api:get_file:84 - Loading File 126d50b9-ba42-5f0d-ba3f-99162e492b4c
2026-07-27 15:36:05.464 | SUCCESS  | monitor:scan:235 - Changed : 770877
2026-07-27 15:36:05.476 | INFO     | storage:add_property:113 - Added Property 770877
2026-07-27 15:36:05.477 | SUCCESS  | storage:save_day:81 - 1405-04-24.json Saved
2026-07-27 15:36:05.478 | INFO     | state_manager:save:61 - State Saved
2026-07-27 15:36:05.478 | INFO     | monitor:scan:197 - Checking 770876
2026-07-27 15:36:05.478 | INFO     | api:get_file:84 - Loading File 126d50ab-3639-6c69-2a65-c0e5e8ccd844
2026-07-27 15:36:05.871 | SUCCESS  | monitor:scan:235 - Changed : 770876
2026-07-27 15:36:05.887 | INFO     | storage:add_property:113 - Added Property 770876
2026-07-27 15:36:05.889 | SUCCESS  | storage:save_day:81 - 1405-04-24.json Saved
2026-07-27 15:36:05.890 | INFO     | state_manager:save:61 - State Saved
2026-07-27 15:36:05.890 | INFO     | monitor:scan:197 - Checking 770874
2026-07-27 15:36:05.890 | INFO     | api:get_file:84 - Loading File 126d50b9-b3e6-97d4-fc3e-4385d8b1ed4f
2026-07-27 15:36:06.282 | SUCCESS  | monitor:scan:235 - Changed : 770874
2026-07-27 15:36:06.293 | INFO     | storage:add_property:113 - Added Property 770874
2026-07-27 15:36:06.295 | SUCCESS  | storage:save_day:81 - 1405-04-24.json Saved
2026-07-27 15:36:06.295 | INFO     | state_manager:save:61 - State Saved
2026-07-27 15:36:06.295 | INFO     | monitor:scan:197 - Checking 770872
2026-07-27 15:36:06.296 | INFO     | api:get_file:84 - Loading File 126d50b9-d461-8512-c1dd-3982ce132040
2026-07-27 15:36:06.519 | SUCCESS  | monitor:scan:235 - Changed : 770872
2026-07-27 15:36:06.532 | INFO     | storage:add_property:113 - Added Property 770872
2026-07-27 15:36:06.534 | SUCCESS  | storage:save_day:81 - 1405-04-24.json Saved
2026-07-27 15:36:06.535 | INFO     | state_manager:save:61 - State Saved
2026-07-27 15:36:06.535 | INFO     | monitor:scan:197 - Checking 770868
2026-07-27 15:36:06.535 | INFO     | api:get_file:84 - Loading File 126d50b9-adc5-807d-e96d-383507e1954e
2026-07-27 15:36:06.753 | SUCCESS  | monitor:scan:235 - Changed : 770868
2026-07-27 15:36:06.760 | INFO     | storage:add_property:113 - Added Property 770868
2026-07-27 15:36:06.761 | SUCCESS  | storage:save_day:81 - 1405-04-24.json Saved
2026-07-27 15:36:06.762 | INFO     | state_manager:save:61 - State Saved
2026-07-27 15:36:06.762 | INFO     | monitor:scan:197 - Checking 770860
2026-07-27 15:36:06.762 | INFO     | api:get_file:84 - Loading File 1b0a45ff-0532-c2e9-e6f6-c991ea17d649
2026-07-27 15:36:06.983 | SUCCESS  | monitor:scan:235 - Changed : 770860
2026-07-27 15:36:06.990 | INFO     | storage:add_property:113 - Added Property 770860
2026-07-27 15:36:06.992 | SUCCESS  | storage:save_day:81 - 1405-04-24.json Saved
2026-07-27 15:36:06.993 | INFO     | state_manager:save:61 - State Saved
2026-07-27 15:36:06.993 | INFO     | monitor:scan:197 - Checking 770859
2026-07-27 15:36:06.993 | INFO     | api:get_file:84 - Loading File 1b0a45f6-1272-2b05-7476-040fb03abf40
2026-07-27 15:36:07.203 | SUCCESS  | monitor:scan:235 - Changed : 770859
2026-07-27 15:36:07.212 | INFO     | storage:add_property:113 - Added Property 770859
2026-07-27 15:36:07.214 | SUCCESS  | storage:save_day:81 - 1405-04-24.json Saved
2026-07-27 15:36:07.215 | INFO     | state_manager:save:61 - State Saved
2026-07-27 15:36:07.215 | INFO     | monitor:scan:197 - Checking 770857
2026-07-27 15:36:07.215 | INFO     | api:get_file:84 - Loading File 126d50b9-be90-4053-cac8-cec297b66645
2026-07-27 15:36:07.611 | SUCCESS  | monitor:scan:235 - Changed : 770857
2026-07-27 15:36:07.624 | INFO     | storage:add_property:113 - Added Property 770857
2026-07-27 15:36:07.626 | SUCCESS  | storage:save_day:81 - 1405-04-24.json Saved
2026-07-27 15:36:07.627 | INFO     | state_manager:save:61 - State Saved
2026-07-27 15:36:07.628 | INFO     | monitor:scan:197 - Checking 770851
2026-07-27 15:36:07.628 | INFO     | api:get_file:84 - Loading File 1b0a45ff-0520-4a73-bc15-3677522ba246
2026-07-27 15:36:07.850 | SUCCESS  | monitor:scan:235 - Changed : 770851
2026-07-27 15:36:07.864 | INFO     | storage:add_property:113 - Added Property 770851
2026-07-27 15:36:07.866 | SUCCESS  | storage:save_day:81 - 1405-04-24.json Saved
2026-07-27 15:36:07.867 | INFO     | state_manager:save:61 - State Saved
2026-07-27 15:36:07.867 | INFO     | monitor:scan:197 - Checking 770850
2026-07-27 15:36:07.867 | INFO     | api:get_file:84 - Loading File 126d50ab-3554-2386-167e-d0aaee5e2344
2026-07-27 15:36:08.083 | SUCCESS  | monitor:scan:235 - Changed : 770850
2026-07-27 15:36:08.094 | INFO     | storage:add_property:113 - Added Property 770850
2026-07-27 15:36:08.096 | SUCCESS  | storage:save_day:81 - 1405-04-24.json Saved
2026-07-27 15:36:08.097 | INFO     | state_manager:save:61 - State Saved
2026-07-27 15:36:08.097 | INFO     | monitor:scan:197 - Checking 770849
2026-07-27 15:36:08.097 | INFO     | api:get_file:84 - Loading File 126d50ab-37c4-7708-129d-30ff81a5b34b
2026-07-27 15:36:08.489 | SUCCESS  | monitor:scan:235 - Changed : 770849
2026-07-27 15:36:08.501 | INFO     | storage:add_property:113 - Added Property 770849
2026-07-27 15:36:08.503 | SUCCESS  | storage:save_day:81 - 1405-04-24.json Saved
2026-07-27 15:36:08.504 | INFO     | state_manager:save:61 - State Saved
2026-07-27 15:36:08.504 | INFO     | monitor:scan:197 - Checking 770846
2026-07-27 15:36:08.504 | INFO     | api:get_file:84 - Loading File 126d50ab-7d2e-829b-794f-b885dfef654a
2026-07-27 15:36:08.947 | SUCCESS  | monitor:scan:235 - Changed : 770846
2026-07-27 15:36:08.965 | INFO     | storage:add_property:113 - Added Property 770846
2026-07-27 15:36:08.967 | SUCCESS  | storage:save_day:81 - 1405-04-24.json Saved
2026-07-27 15:36:08.968 | INFO     | state_manager:save:61 - State Saved
2026-07-27 15:36:08.968 | INFO     | monitor:scan:197 - Checking 770845
2026-07-27 15:36:08.968 | INFO     | api:get_file:84 - Loading File 126d50b9-8719-1091-68f2-47a14b373847
2026-07-27 15:36:09.184 | SUCCESS  | monitor:scan:235 - Changed : 770845
2026-07-27 15:36:09.194 | INFO     | storage:add_property:113 - Added Property 770845
2026-07-27 15:36:09.196 | SUCCESS  | storage:save_day:81 - 1405-04-24.json Saved
2026-07-27 15:36:09.197 | INFO     | state_manager:save:61 - State Saved
2026-07-27 15:36:09.197 | INFO     | monitor:scan:197 - Checking 770844
2026-07-27 15:36:09.197 | INFO     | api:get_file:84 - Loading File 1b0a45f6-003c-b883-3fcd-0c2532ad1a44
2026-07-27 15:36:09.584 | SUCCESS  | monitor:scan:235 - Changed : 770844
2026-07-27 15:36:09.594 | INFO     | storage:add_property:113 - Added Property 770844
2026-07-27 15:36:09.596 | SUCCESS  | storage:save_day:81 - 1405-04-24.json Saved
2026-07-27 15:36:09.597 | INFO     | state_manager:save:61 - State Saved
2026-07-27 15:36:09.597 | INFO     | monitor:scan:197 - Checking 770843
2026-07-27 15:36:09.597 | INFO     | api:get_file:84 - Loading File 126d50ab-7db8-2c7a-6e06-ff25b4465149
2026-07-27 15:36:09.986 | SUCCESS  | monitor:scan:235 - Changed : 770843
2026-07-27 15:36:09.996 | INFO     | storage:add_property:113 - Added Property 770843
2026-07-27 15:36:09.998 | SUCCESS  | storage:save_day:81 - 1405-04-24.json Saved
2026-07-27 15:36:09.999 | INFO     | state_manager:save:61 - State Saved
2026-07-27 15:36:09.999 | INFO     | monitor:scan:197 - Checking 770838
2026-07-27 15:36:09.999 | INFO     | api:get_file:84 - Loading File 126d50aa-6aae-6086-6bfe-3f1fc87e9741
2026-07-27 15:36:10.379 | SUCCESS  | monitor:scan:235 - Changed : 770838
2026-07-27 15:36:10.389 | INFO     | storage:add_property:113 - Added Property 770838
2026-07-27 15:36:10.391 | SUCCESS  | storage:save_day:81 - 1405-04-24.json Saved
2026-07-27 15:36:10.392 | INFO     | state_manager:save:61 - State Saved
2026-07-27 15:36:10.392 | INFO     | monitor:scan:197 - Checking 742677
2026-07-27 15:36:10.393 | INFO     | api:get_file:84 - Loading File 126d3393-f66d-7536-c9e9-c49fb2e56749
2026-07-27 15:36:10.784 | SUCCESS  | monitor:scan:235 - Changed : 742677
2026-07-27 15:36:10.799 | INFO     | storage:add_property:113 - Added Property 742677
2026-07-27 15:36:10.801 | SUCCESS  | storage:save_day:81 - 1405-04-24.json Saved
2026-07-27 15:36:10.802 | INFO     | state_manager:save:61 - State Saved
2026-07-27 15:36:10.802 | INFO     | monitor:scan:197 - Checking 731928
2026-07-27 15:36:10.803 | INFO     | api:get_file:84 - Loading File 126d32ec-0b5c-56db-b058-3f0fec0b784f
2026-07-27 15:36:11.186 | SUCCESS  | monitor:scan:235 - Changed : 731928
2026-07-27 15:36:11.199 | INFO     | storage:add_property:113 - Added Property 731928
2026-07-27 15:36:11.203 | SUCCESS  | storage:save_day:81 - 1405-04-24.json Saved
2026-07-27 15:36:11.204 | INFO     | state_manager:save:61 - State Saved
2026-07-27 15:36:11.204 | INFO     | monitor:scan:197 - Checking 721069
2026-07-27 15:36:11.204 | INFO     | api:get_file:84 - Loading File 126d2deb-9dd9-4e72-d4e1-91f0a350aa4b
2026-07-27 15:36:11.423 | SUCCESS  | monitor:scan:235 - Changed : 721069
2026-07-27 15:36:11.435 | INFO     | storage:add_property:113 - Added Property 721069
2026-07-27 15:36:11.438 | SUCCESS  | storage:save_day:81 - 1405-04-24.json Saved
2026-07-27 15:36:11.439 | INFO     | state_manager:save:61 - State Saved
2026-07-27 15:36:11.440 | INFO     | monitor:scan:197 - Checking 719578
2026-07-27 15:36:11.440 | INFO     | api:get_file:84 - Loading File 126d2c7c-16c5-5e1e-2db9-ea37931d704a
2026-07-27 15:36:11.839 | SUCCESS  | monitor:scan:235 - Changed : 719578
2026-07-27 15:36:11.858 | INFO     | storage:add_property:113 - Added Property 719578
2026-07-27 15:36:11.861 | SUCCESS  | storage:save_day:81 - 1405-04-24.json Saved
2026-07-27 15:36:11.862 | INFO     | state_manager:save:61 - State Saved
2026-07-27 15:36:11.862 | INFO     | monitor:scan:197 - Checking 719099
2026-07-27 15:36:11.862 | INFO     | api:get_file:84 - Loading File 126b1b5f-f526-17f4-b386-51fbf8c35841
2026-07-27 15:36:12.256 | SUCCESS  | monitor:scan:235 - Changed : 719099
2026-07-27 15:36:12.269 | INFO     | storage:add_property:113 - Added Property 719099
2026-07-27 15:36:12.271 | SUCCESS  | storage:save_day:81 - 1405-04-24.json Saved
2026-07-27 15:36:12.272 | INFO     | state_manager:save:61 - State Saved
2026-07-27 15:36:12.273 | INFO     | monitor:scan:197 - Checking 717439
2026-07-27 15:36:12.273 | INFO     | api:get_file:84 - Loading File 126b19d3-384f-6c10-030e-02e9319d0e44
2026-07-27 15:36:12.672 | SUCCESS  | monitor:scan:235 - Changed : 717439
2026-07-27 15:36:12.683 | INFO     | storage:add_property:113 - Added Property 717439
2026-07-27 15:36:12.686 | SUCCESS  | storage:save_day:81 - 1405-04-24.json Saved
2026-07-27 15:36:12.687 | INFO     | state_manager:save:61 - State Saved
2026-07-27 15:36:12.688 | INFO     | monitor:scan:197 - Checking 714700
2026-07-27 15:36:12.688 | INFO     | api:get_file:84 - Loading File 126b0f37-01dc-2000-a1dd-a847187e9f4d
2026-07-27 15:36:12.907 | SUCCESS  | monitor:scan:235 - Changed : 714700
2026-07-27 15:36:12.922 | INFO     | storage:add_property:113 - Added Property 714700
2026-07-27 15:36:12.925 | SUCCESS  | storage:save_day:81 - 1405-04-24.json Saved
2026-07-27 15:36:12.926 | INFO     | state_manager:save:61 - State Saved
2026-07-27 15:36:12.926 | INFO     | monitor:scan:197 - Checking 688468
2026-07-27 15:36:12.926 | INFO     | api:get_file:84 - Loading File 1b0a45f6-1281-d590-1e85-638e7089624a
2026-07-27 15:36:13.143 | SUCCESS  | monitor:scan:235 - Changed : 688468
2026-07-27 15:36:13.156 | INFO     | storage:add_property:113 - Added Property 688468
2026-07-27 15:36:13.159 | SUCCESS  | storage:save_day:81 - 1405-04-24.json Saved
2026-07-27 15:36:13.160 | INFO     | state_manager:save:61 - State Saved
2026-07-27 15:36:13.160 | INFO     | monitor:scan:197 - Checking 687516
2026-07-27 15:36:13.160 | INFO     | api:get_file:84 - Loading File 1b0a45f6-1203-997d-0c14-124593ed0944
2026-07-27 15:36:13.375 | SUCCESS  | monitor:scan:235 - Changed : 687516
2026-07-27 15:36:13.386 | INFO     | storage:add_property:113 - Added Property 687516
2026-07-27 15:36:13.390 | SUCCESS  | storage:save_day:81 - 1405-04-24.json Saved
2026-07-27 15:36:13.391 | INFO     | state_manager:save:61 - State Saved
2026-07-27 15:36:13.391 | INFO     | monitor:scan:197 - Checking 687278
2026-07-27 15:36:13.391 | INFO     | api:get_file:84 - Loading File 1b0a45f6-0330-19a5-78b1-0a742c14414d
2026-07-27 15:36:13.604 | SUCCESS  | monitor:scan:235 - Changed : 687278
2026-07-27 15:36:13.614 | INFO     | storage:add_property:113 - Added Property 687278
2026-07-27 15:36:13.618 | SUCCESS  | storage:save_day:81 - 1405-04-24.json Saved
2026-07-27 15:36:13.619 | INFO     | state_manager:save:61 - State Saved
2026-07-27 15:36:13.619 | INFO     | monitor:scan:197 - Checking 685863
2026-07-27 15:36:13.619 | INFO     | api:get_file:84 - Loading File 1b0a45f6-01af-bb84-6ebe-e884a900f34c
2026-07-27 15:36:13.838 | SUCCESS  | monitor:scan:235 - Changed : 685863
2026-07-27 15:36:13.851 | INFO     | storage:add_property:113 - Added Property 685863
2026-07-27 15:36:13.855 | SUCCESS  | storage:save_day:81 - 1405-04-24.json Saved
2026-07-27 15:36:13.856 | INFO     | state_manager:save:61 - State Saved
2026-07-27 15:36:13.856 | INFO     | monitor:scan:197 - Checking 685326
2026-07-27 15:36:13.856 | INFO     | api:get_file:84 - Loading File 1b0a45f6-066e-2e8c-d433-3c2ed7c97c45
2026-07-27 15:36:14.074 | SUCCESS  | monitor:scan:235 - Changed : 685326
2026-07-27 15:36:14.085 | INFO     | storage:add_property:113 - Added Property 685326
2026-07-27 15:36:14.088 | SUCCESS  | storage:save_day:81 - 1405-04-24.json Saved
2026-07-27 15:36:14.089 | INFO     | state_manager:save:61 - State Saved
2026-07-27 15:36:14.090 | INFO     | monitor:scan:197 - Checking 684895
2026-07-27 15:36:14.090 | INFO     | api:get_file:84 - Loading File 1b0a45f6-1813-8b50-0bdf-086b4fc3894e
2026-07-27 15:36:14.307 | SUCCESS  | monitor:scan:235 - Changed : 684895
2026-07-27 15:36:14.316 | INFO     | storage:add_property:113 - Added Property 684895
2026-07-27 15:36:14.319 | SUCCESS  | storage:save_day:81 - 1405-04-24.json Saved
2026-07-27 15:36:14.320 | INFO     | state_manager:save:61 - State Saved
2026-07-27 15:36:14.320 | INFO     | monitor:scan:197 - Checking 684866
2026-07-27 15:36:14.321 | INFO     | api:get_file:84 - Loading File 1b0a45ff-0465-fb92-dfcc-a1d0f9c5a240
2026-07-27 15:36:14.537 | SUCCESS  | monitor:scan:235 - Changed : 684866
2026-07-27 15:36:14.545 | INFO     | storage:add_property:113 - Added Property 684866
2026-07-27 15:36:14.549 | SUCCESS  | storage:save_day:81 - 1405-04-24.json Saved
2026-07-27 15:36:14.550 | INFO     | state_manager:save:61 - State Saved
2026-07-27 15:36:14.550 | INFO     | monitor:scan:197 - Checking 770807
2026-07-27 15:36:14.550 | INFO     | api:get_file:84 - Loading File 126d50aa-2c26-7b21-8530-db9b8051db4f
2026-07-27 15:36:14.771 | SUCCESS  | monitor:scan:235 - Changed : 770807
2026-07-27 15:36:14.772 | INFO     | storage:add_property:113 - Added Property 770807
2026-07-27 15:36:14.773 | SUCCESS  | storage:save_day:81 - 1405-04-23.json Saved
2026-07-27 15:36:14.775 | INFO     | state_manager:save:61 - State Saved
2026-07-27 15:36:14.775 | INFO     | monitor:scan:197 - Checking 770806
2026-07-27 15:36:14.775 | INFO     | api:get_file:84 - Loading File 126d50aa-9212-5dfa-230c-142aa906934c
2026-07-27 15:36:14.993 | SUCCESS  | monitor:scan:235 - Changed : 770806
2026-07-27 15:36:15.007 | INFO     | storage:add_property:113 - Added Property 770806
2026-07-27 15:36:15.008 | SUCCESS  | storage:save_day:81 - 1405-04-23.json Saved
2026-07-27 15:36:15.009 | INFO     | state_manager:save:61 - State Saved
2026-07-27 15:36:15.009 | INFO     | monitor:scan:197 - Checking 770804
2026-07-27 15:36:15.009 | INFO     | api:get_file:84 - Loading File 126d50aa-9093-586b-4a52-83eb4da4c546
2026-07-27 15:36:15.228 | SUCCESS  | monitor:scan:235 - Changed : 770804
2026-07-27 15:36:15.236 | INFO     | storage:add_property:113 - Added Property 770804
2026-07-27 15:36:15.237 | SUCCESS  | storage:save_day:81 - 1405-04-23.json Saved
2026-07-27 15:36:15.238 | INFO     | state_manager:save:61 - State Saved
2026-07-27 15:36:15.238 | INFO     | monitor:scan:197 - Checking 770798
2026-07-27 15:36:15.238 | INFO     | api:get_file:84 - Loading File 126d50aa-4aeb-3a1e-75a0-647d79c5fa44
2026-07-27 15:36:15.457 | SUCCESS  | monitor:scan:235 - Changed : 770798
2026-07-27 15:36:15.471 | INFO     | storage:add_property:113 - Added Property 770798
2026-07-27 15:36:15.472 | SUCCESS  | storage:save_day:81 - 1405-04-23.json Saved
2026-07-27 15:36:15.473 | INFO     | state_manager:save:61 - State Saved
2026-07-27 15:36:15.473 | INFO     | monitor:scan:197 - Checking 770789
2026-07-27 15:36:15.473 | INFO     | api:get_file:84 - Loading File 126d50aa-43a9-4e56-e378-64deae866b45
2026-07-27 15:36:15.858 | SUCCESS  | monitor:scan:235 - Changed : 770789
2026-07-27 15:36:15.869 | INFO     | storage:add_property:113 - Added Property 770789
2026-07-27 15:36:15.870 | SUCCESS  | storage:save_day:81 - 1405-04-23.json Saved
2026-07-27 15:36:15.871 | INFO     | state_manager:save:61 - State Saved
2026-07-27 15:36:15.871 | INFO     | monitor:scan:197 - Checking 770779
2026-07-27 15:36:15.871 | INFO     | api:get_file:84 - Loading File 126d50aa-7736-66a3-d739-79768ce3843d
2026-07-27 15:36:16.086 | SUCCESS  | monitor:scan:235 - Changed : 770779
2026-07-27 15:36:16.096 | INFO     | storage:add_property:113 - Added Property 770779
2026-07-27 15:36:16.098 | SUCCESS  | storage:save_day:81 - 1405-04-23.json Saved
2026-07-27 15:36:16.099 | INFO     | state_manager:save:61 - State Saved
2026-07-27 15:36:16.099 | INFO     | monitor:scan:197 - Checking 756423
2026-07-27 15:36:16.099 | INFO     | api:get_file:84 - Loading File 1b0a45f6-0185-f7ea-d144-1838db820248
2026-07-27 15:36:16.320 | SUCCESS  | monitor:scan:235 - Changed : 756423
2026-07-27 15:36:16.333 | INFO     | storage:add_property:113 - Added Property 756423
2026-07-27 15:36:16.334 | SUCCESS  | storage:save_day:81 - 1405-04-23.json Saved
2026-07-27 15:36:16.335 | INFO     | state_manager:save:61 - State Saved
2026-07-27 15:36:16.335 | INFO     | monitor:scan:197 - Checking 756272
2026-07-27 15:36:16.335 | INFO     | api:get_file:84 - Loading File 126d451a-59a5-792a-aca1-6182c8debd4d
2026-07-27 15:36:16.552 | SUCCESS  | monitor:scan:235 - Changed : 756272
2026-07-27 15:36:16.564 | INFO     | storage:add_property:113 - Added Property 756272
2026-07-27 15:36:16.566 | SUCCESS  | storage:save_day:81 - 1405-04-23.json Saved
2026-07-27 15:36:16.567 | INFO     | state_manager:save:61 - State Saved
2026-07-27 15:36:16.567 | INFO     | monitor:scan:197 - Checking 755698
2026-07-27 15:36:16.567 | INFO     | api:get_file:84 - Loading File 1b0a45ff-0422-febc-2055-db0aeb962e4f
2026-07-27 15:36:16.787 | SUCCESS  | monitor:scan:235 - Changed : 755698
2026-07-27 15:36:16.795 | INFO     | storage:add_property:113 - Added Property 755698
2026-07-27 15:36:16.796 | SUCCESS  | storage:save_day:81 - 1405-04-23.json Saved
2026-07-27 15:36:16.797 | INFO     | state_manager:save:61 - State Saved
2026-07-27 15:36:16.797 | INFO     | monitor:scan:197 - Checking 745009
2026-07-27 15:36:16.797 | INFO     | api:get_file:84 - Loading File 126d4425-fb73-3206-6d07-563ea0e7cb44
2026-07-27 15:36:17.214 | SUCCESS  | monitor:scan:235 - Changed : 745009
2026-07-27 15:36:17.221 | INFO     | storage:add_property:113 - Added Property 745009
2026-07-27 15:36:17.223 | SUCCESS  | storage:save_day:81 - 1405-04-23.json Saved
2026-07-27 15:36:17.224 | INFO     | state_manager:save:61 - State Saved
2026-07-27 15:36:17.224 | INFO     | monitor:scan:197 - Checking 744234
2026-07-27 15:36:17.224 | INFO     | api:get_file:84 - Loading File 126d3f43-c583-65eb-ee2f-89dc6a801944
2026-07-27 15:36:17.611 | SUCCESS  | monitor:scan:235 - Changed : 744234
2026-07-27 15:36:17.625 | INFO     | storage:add_property:113 - Added Property 744234
2026-07-27 15:36:17.626 | SUCCESS  | storage:save_day:81 - 1405-04-23.json Saved
2026-07-27 15:36:17.627 | INFO     | state_manager:save:61 - State Saved
2026-07-27 15:36:17.627 | INFO     | monitor:scan:197 - Checking 743864
2026-07-27 15:36:17.628 | INFO     | api:get_file:84 - Loading File 126d3f14-edd0-55e8-e40d-361d08027146
2026-07-27 15:36:18.013 | SUCCESS  | monitor:scan:235 - Changed : 743864
2026-07-27 15:36:18.023 | INFO     | storage:add_property:113 - Added Property 743864
2026-07-27 15:36:18.025 | SUCCESS  | storage:save_day:81 - 1405-04-23.json Saved
2026-07-27 15:36:18.026 | INFO     | state_manager:save:61 - State Saved
2026-07-27 15:36:18.026 | INFO     | monitor:scan:197 - Checking 719567
2026-07-27 15:36:18.026 | INFO     | api:get_file:84 - Loading File 126d2c7c-6812-8d07-2bb5-f225b4ff8040
2026-07-27 15:36:18.247 | SUCCESS  | monitor:scan:235 - Changed : 719567
2026-07-27 15:36:18.256 | INFO     | storage:add_property:113 - Added Property 719567
2026-07-27 15:36:18.258 | SUCCESS  | storage:save_day:81 - 1405-04-23.json Saved
2026-07-27 15:36:18.259 | INFO     | state_manager:save:61 - State Saved
2026-07-27 15:36:18.259 | INFO     | monitor:scan:197 - Checking 719498
2026-07-27 15:36:18.259 | INFO     | api:get_file:84 - Loading File 126d2c6c-b098-92ab-3619-18b33db7af49
2026-07-27 15:36:18.649 | SUCCESS  | monitor:scan:235 - Changed : 719498
2026-07-27 15:36:18.660 | INFO     | storage:add_property:113 - Added Property 719498
2026-07-27 15:36:18.662 | SUCCESS  | storage:save_day:81 - 1405-04-23.json Saved
2026-07-27 15:36:18.663 | INFO     | state_manager:save:61 - State Saved
2026-07-27 15:36:18.663 | INFO     | monitor:scan:197 - Checking 716311
2026-07-27 15:36:18.663 | INFO     | api:get_file:84 - Loading File 126b14a4-cafe-36e2-7969-0fee76b34d4e
2026-07-27 15:36:19.060 | SUCCESS  | monitor:scan:235 - Changed : 716311
2026-07-27 15:36:19.073 | INFO     | storage:add_property:113 - Added Property 716311
2026-07-27 15:36:19.075 | SUCCESS  | storage:save_day:81 - 1405-04-23.json Saved
2026-07-27 15:36:19.076 | INFO     | state_manager:save:61 - State Saved
2026-07-27 15:36:19.076 | INFO     | monitor:scan:197 - Checking 714345
2026-07-27 15:36:19.076 | INFO     | api:get_file:84 - Loading File 1b0a45f6-033a-842d-50ed-130475fc7d4d
2026-07-27 15:36:19.464 | SUCCESS  | monitor:scan:235 - Changed : 714345
2026-07-27 15:36:19.474 | INFO     | storage:add_property:113 - Added Property 714345
2026-07-27 15:36:19.476 | SUCCESS  | storage:save_day:81 - 1405-04-23.json Saved
2026-07-27 15:36:19.476 | INFO     | state_manager:save:61 - State Saved
2026-07-27 15:36:19.477 | INFO     | monitor:scan:197 - Checking 711965
2026-07-27 15:36:19.477 | INFO     | api:get_file:84 - Loading File 1b0a45f6-057c-94c4-ad8b-31b82fdb974b
2026-07-27 15:36:19.697 | SUCCESS  | monitor:scan:235 - Changed : 711965
2026-07-27 15:36:19.709 | INFO     | storage:add_property:113 - Added Property 711965
2026-07-27 15:36:19.711 | SUCCESS  | storage:save_day:81 - 1405-04-23.json Saved
2026-07-27 15:36:19.712 | INFO     | state_manager:save:61 - State Saved
2026-07-27 15:36:19.712 | INFO     | monitor:scan:197 - Checking 700560
2026-07-27 15:36:19.712 | INFO     | api:get_file:84 - Loading File 126b07d3-3f93-8b5b-59f1-9b0647f39241
2026-07-27 15:36:19.930 | SUCCESS  | monitor:scan:235 - Changed : 700560
2026-07-27 15:36:19.944 | INFO     | storage:add_property:113 - Added Property 700560
2026-07-27 15:36:19.946 | SUCCESS  | storage:save_day:81 - 1405-04-23.json Saved
2026-07-27 15:36:19.947 | INFO     | state_manager:save:61 - State Saved
2026-07-27 15:36:19.947 | INFO     | monitor:scan:197 - Checking 697508
2026-07-27 15:36:19.947 | INFO     | api:get_file:84 - Loading File 126afd55-b202-35b9-88f3-0f5f1a0e754b
2026-07-27 15:36:20.164 | SUCCESS  | monitor:scan:235 - Changed : 697508
2026-07-27 15:36:20.174 | INFO     | storage:add_property:113 - Added Property 697508
2026-07-27 15:36:20.176 | SUCCESS  | storage:save_day:81 - 1405-04-23.json Saved
2026-07-27 15:36:20.177 | INFO     | state_manager:save:61 - State Saved
2026-07-27 15:36:20.177 | INFO     | monitor:scan:197 - Checking 695654
2026-07-27 15:36:20.177 | INFO     | api:get_file:84 - Loading File 1b0a45f6-0103-99ad-4be3-f15ee3524e47
2026-07-27 15:36:20.400 | SUCCESS  | monitor:scan:235 - Changed : 695654
2026-07-27 15:36:20.410 | INFO     | storage:add_property:113 - Added Property 695654
2026-07-27 15:36:20.413 | SUCCESS  | storage:save_day:81 - 1405-04-23.json Saved
2026-07-27 15:36:20.414 | INFO     | state_manager:save:61 - State Saved
2026-07-27 15:36:20.414 | INFO     | monitor:scan:197 - Checking 695002
2026-07-27 15:36:20.414 | INFO     | api:get_file:84 - Loading File 1b0a45f6-0671-8164-ffb1-63ceb594524f
2026-07-27 15:36:20.633 | SUCCESS  | monitor:scan:235 - Changed : 695002
2026-07-27 15:36:20.644 | INFO     | storage:add_property:113 - Added Property 695002
2026-07-27 15:36:20.646 | SUCCESS  | storage:save_day:81 - 1405-04-23.json Saved
2026-07-27 15:36:20.647 | INFO     | state_manager:save:61 - State Saved
2026-07-27 15:36:20.647 | INFO     | monitor:scan:197 - Checking 693890
2026-07-27 15:36:20.647 | INFO     | api:get_file:84 - Loading File 1b0a45f6-07a1-53cf-d073-ea0cfe212149
2026-07-27 15:36:21.028 | SUCCESS  | monitor:scan:235 - Changed : 693890
2026-07-27 15:36:21.042 | INFO     | storage:add_property:113 - Added Property 693890
2026-07-27 15:36:21.044 | SUCCESS  | storage:save_day:81 - 1405-04-23.json Saved
2026-07-27 15:36:21.045 | INFO     | state_manager:save:61 - State Saved
2026-07-27 15:36:21.046 | INFO     | monitor:scan:197 - Checking 692905
2026-07-27 15:36:21.046 | INFO     | api:get_file:84 - Loading File 126af5f1-6d59-5dac-56c0-c6ce763ed840
2026-07-27 15:36:21.445 | SUCCESS  | monitor:scan:235 - Changed : 692905
2026-07-27 15:36:21.456 | INFO     | storage:add_property:113 - Added Property 692905
2026-07-27 15:36:21.459 | SUCCESS  | storage:save_day:81 - 1405-04-23.json Saved
2026-07-27 15:36:21.460 | INFO     | state_manager:save:61 - State Saved
2026-07-27 15:36:21.460 | INFO     | monitor:scan:197 - Checking 687929
2026-07-27 15:36:21.460 | INFO     | api:get_file:84 - Loading File 1b0a45f6-07e2-8a26-3791-4321ea3cb343
2026-07-27 15:36:22.018 | SUCCESS  | monitor:scan:235 - Changed : 687929
2026-07-27 15:36:22.028 | INFO     | storage:add_property:113 - Added Property 687929
2026-07-27 15:36:22.030 | SUCCESS  | storage:save_day:81 - 1405-04-23.json Saved
2026-07-27 15:36:22.031 | INFO     | state_manager:save:61 - State Saved
2026-07-27 15:36:22.032 | INFO     | monitor:scan:197 - Checking 687571
2026-07-27 15:36:22.032 | INFO     | api:get_file:84 - Loading File 1b0a45f6-1201-3d63-a1c7-cd0834306445
2026-07-27 15:36:22.252 | SUCCESS  | monitor:scan:235 - Changed : 687571
2026-07-27 15:36:22.260 | INFO     | storage:add_property:113 - Added Property 687571
2026-07-27 15:36:22.263 | SUCCESS  | storage:save_day:81 - 1405-04-23.json Saved
2026-07-27 15:36:22.264 | INFO     | state_manager:save:61 - State Saved
2026-07-27 15:36:22.264 | INFO     | monitor:scan:197 - Checking 686484
2026-07-27 15:36:22.264 | INFO     | api:get_file:84 - Loading File 1b0a45f6-0dd7-ac14-d991-217f07d5fd4e
2026-07-27 15:36:22.480 | SUCCESS  | monitor:scan:235 - Changed : 686484
2026-07-27 15:36:22.490 | INFO     | storage:add_property:113 - Added Property 686484
2026-07-27 15:36:22.493 | SUCCESS  | storage:save_day:81 - 1405-04-23.json Saved
2026-07-27 15:36:22.494 | INFO     | state_manager:save:61 - State Saved
2026-07-27 15:36:22.494 | INFO     | monitor:scan:197 - Checking 686395
2026-07-27 15:36:22.494 | INFO     | api:get_file:84 - Loading File 1b0a45f6-124f-d06a-6c33-c32d08a2bd4d
2026-07-27 15:36:22.878 | SUCCESS  | monitor:scan:235 - Changed : 686395
2026-07-27 15:36:22.892 | INFO     | storage:add_property:113 - Added Property 686395
2026-07-27 15:36:22.895 | SUCCESS  | storage:save_day:81 - 1405-04-23.json Saved
2026-07-27 15:36:22.896 | INFO     | state_manager:save:61 - State Saved
2026-07-27 15:36:22.897 | INFO     | monitor:scan:197 - Checking 686096
2026-07-27 15:36:22.897 | INFO     | api:get_file:84 - Loading File 126ae420-1f7a-7bc4-2e0a-070225aaf4e4
2026-07-27 15:36:23.296 | SUCCESS  | monitor:scan:235 - Changed : 686096
2026-07-27 15:36:23.309 | INFO     | storage:add_property:113 - Added Property 686096
2026-07-27 15:36:23.312 | SUCCESS  | storage:save_day:81 - 1405-04-23.json Saved
2026-07-27 15:36:23.313 | INFO     | state_manager:save:61 - State Saved
2026-07-27 15:36:23.313 | INFO     | monitor:scan:197 - Checking 684398
2026-07-27 15:36:23.313 | INFO     | api:get_file:84 - Loading File 126adeb3-9855-29ea-f692-dbbff5d3804e
2026-07-27 15:36:23.530 | SUCCESS  | monitor:scan:235 - Changed : 684398
2026-07-27 15:36:23.537 | INFO     | storage:add_property:113 - Added Property 684398
2026-07-27 15:36:23.541 | SUCCESS  | storage:save_day:81 - 1405-04-23.json Saved
2026-07-27 15:36:23.542 | INFO     | state_manager:save:61 - State Saved
2026-07-27 15:36:23.542 | INFO     | monitor:scan:197 - Checking 770732
2026-07-27 15:36:23.542 | INFO     | api:get_file:84 - Loading File 1b0a45f6-0283-1e58-5882-781af6558243
2026-07-27 15:36:23.753 | SUCCESS  | monitor:scan:235 - Changed : 770732
2026-07-27 15:36:23.753 | INFO     | storage:add_property:113 - Added Property 770732
2026-07-27 15:36:23.755 | SUCCESS  | storage:save_day:81 - 1405-04-22.json Saved
2026-07-27 15:36:23.757 | INFO     | state_manager:save:61 - State Saved
2026-07-27 15:36:23.757 | INFO     | monitor:scan:197 - Checking 770730
2026-07-27 15:36:23.757 | INFO     | api:get_file:84 - Loading File 126d508c-d665-88e4-9635-26b720a2914c
2026-07-27 15:36:23.974 | SUCCESS  | monitor:scan:235 - Changed : 770730
2026-07-27 15:36:23.981 | INFO     | storage:add_property:113 - Added Property 770730
2026-07-27 15:36:23.982 | SUCCESS  | storage:save_day:81 - 1405-04-22.json Saved
2026-07-27 15:36:23.983 | INFO     | state_manager:save:61 - State Saved
2026-07-27 15:36:23.983 | INFO     | monitor:scan:197 - Checking 770724
2026-07-27 15:36:23.983 | INFO     | api:get_file:84 - Loading File 126d509b-2eec-4d04-11e6-bd99334c8944
2026-07-27 15:36:24.197 | SUCCESS  | monitor:scan:235 - Changed : 770724
2026-07-27 15:36:24.204 | INFO     | storage:add_property:113 - Added Property 770724
2026-07-27 15:36:24.205 | SUCCESS  | storage:save_day:81 - 1405-04-22.json Saved
2026-07-27 15:36:24.206 | INFO     | state_manager:save:61 - State Saved
2026-07-27 15:36:24.206 | INFO     | monitor:scan:197 - Checking 770718
2026-07-27 15:36:24.206 | INFO     | api:get_file:84 - Loading File 126d509b-60b5-6f38-bf6d-bb600a6b7b45
2026-07-27 15:36:24.585 | SUCCESS  | monitor:scan:235 - Changed : 770718
2026-07-27 15:36:24.598 | INFO     | storage:add_property:113 - Added Property 770718
2026-07-27 15:36:24.599 | SUCCESS  | storage:save_day:81 - 1405-04-22.json Saved
2026-07-27 15:36:24.600 | INFO     | state_manager:save:61 - State Saved
2026-07-27 15:36:24.600 | INFO     | monitor:scan:197 - Checking 770715
2026-07-27 15:36:24.600 | INFO     | api:get_file:84 - Loading File 126d509b-30ac-3267-649f-0ffb7984ee49
2026-07-27 15:36:24.995 | SUCCESS  | monitor:scan:235 - Changed : 770715
2026-07-27 15:36:25.006 | INFO     | storage:add_property:113 - Added Property 770715
2026-07-27 15:36:25.007 | SUCCESS  | storage:save_day:81 - 1405-04-22.json Saved
2026-07-27 15:36:25.008 | INFO     | state_manager:save:61 - State Saved
2026-07-27 15:36:25.008 | INFO     | monitor:scan:197 - Checking 770714
2026-07-27 15:36:25.008 | INFO     | api:get_file:84 - Loading File 126d509b-5731-4a07-0512-9dc4c0b1994b
2026-07-27 15:36:25.462 | SUCCESS  | monitor:scan:235 - Changed : 770714
2026-07-27 15:36:25.476 | INFO     | storage:add_property:113 - Added Property 770714
2026-07-27 15:36:25.477 | SUCCESS  | storage:save_day:81 - 1405-04-22.json Saved
2026-07-27 15:36:25.478 | INFO     | state_manager:save:61 - State Saved
2026-07-27 15:36:25.478 | INFO     | monitor:scan:197 - Checking 770712
2026-07-27 15:36:25.478 | INFO     | api:get_file:84 - Loading File 126d509b-36c2-57b7-6463-e1226b7ad54e
2026-07-27 15:36:26.051 | SUCCESS  | monitor:scan:235 - Changed : 770712
2026-07-27 15:36:26.060 | INFO     | storage:add_property:113 - Added Property 770712
2026-07-27 15:36:26.062 | SUCCESS  | storage:save_day:81 - 1405-04-22.json Saved
2026-07-27 15:36:26.063 | INFO     | state_manager:save:61 - State Saved
2026-07-27 15:36:26.063 | INFO     | monitor:scan:197 - Checking 770711
2026-07-27 15:36:26.063 | INFO     | api:get_file:84 - Loading File 126d508c-e086-4c81-7ded-cbac8176c949
2026-07-27 15:36:26.467 | SUCCESS  | monitor:scan:235 - Changed : 770711
2026-07-27 15:36:26.478 | INFO     | storage:add_property:113 - Added Property 770711
2026-07-27 15:36:26.479 | SUCCESS  | storage:save_day:81 - 1405-04-22.json Saved
2026-07-27 15:36:26.480 | INFO     | state_manager:save:61 - State Saved
2026-07-27 15:36:26.480 | INFO     | monitor:scan:197 - Checking 770709
2026-07-27 15:36:26.481 | INFO     | api:get_file:84 - Loading File 126d508c-b65b-3b2c-1bdc-43404a26f34d
2026-07-27 15:36:26.871 | SUCCESS  | monitor:scan:235 - Changed : 770709
2026-07-27 15:36:26.886 | INFO     | storage:add_property:113 - Added Property 770709
2026-07-27 15:36:26.888 | SUCCESS  | storage:save_day:81 - 1405-04-22.json Saved
2026-07-27 15:36:26.889 | INFO     | state_manager:save:61 - State Saved
2026-07-27 15:36:26.889 | INFO     | monitor:scan:197 - Checking 770707
2026-07-27 15:36:26.889 | INFO     | api:get_file:84 - Loading File 126d509b-2945-5af0-0d6e-096b04ed9a45
2026-07-27 15:36:27.299 | SUCCESS  | monitor:scan:235 - Changed : 770707
2026-07-27 15:36:27.309 | INFO     | storage:add_property:113 - Added Property 770707
2026-07-27 15:36:27.311 | SUCCESS  | storage:save_day:81 - 1405-04-22.json Saved
2026-07-27 15:36:27.312 | INFO     | state_manager:save:61 - State Saved
2026-07-27 15:36:27.312 | INFO     | monitor:scan:197 - Checking 770702
2026-07-27 15:36:27.312 | INFO     | api:get_file:84 - Loading File 126d509b-0911-91e2-2abe-f2529f06f04b
2026-07-27 15:36:27.697 | SUCCESS  | monitor:scan:235 - Changed : 770702
2026-07-27 15:36:27.707 | INFO     | storage:add_property:113 - Added Property 770702
2026-07-27 15:36:27.708 | SUCCESS  | storage:save_day:81 - 1405-04-22.json Saved
2026-07-27 15:36:27.709 | INFO     | state_manager:save:61 - State Saved
2026-07-27 15:36:27.709 | INFO     | monitor:scan:197 - Checking 770698
2026-07-27 15:36:27.710 | INFO     | api:get_file:84 - Loading File 126d509b-0e52-caa3-8070-4a12055864b9
2026-07-27 15:36:27.925 | SUCCESS  | monitor:scan:235 - Changed : 770698
2026-07-27 15:36:27.932 | INFO     | storage:add_property:113 - Added Property 770698
2026-07-27 15:36:27.934 | SUCCESS  | storage:save_day:81 - 1405-04-22.json Saved
2026-07-27 15:36:27.935 | INFO     | state_manager:save:61 - State Saved
2026-07-27 15:36:27.935 | INFO     | monitor:scan:197 - Checking 770697
2026-07-27 15:36:27.935 | INFO     | api:get_file:84 - Loading File 126d508c-19bb-926d-35f4-68183ed5354a
2026-07-27 15:36:28.151 | SUCCESS  | monitor:scan:235 - Changed : 770697
2026-07-27 15:36:28.158 | INFO     | storage:add_property:113 - Added Property 770697
2026-07-27 15:36:28.160 | SUCCESS  | storage:save_day:81 - 1405-04-22.json Saved
2026-07-27 15:36:28.161 | INFO     | state_manager:save:61 - State Saved
2026-07-27 15:36:28.161 | INFO     | monitor:scan:197 - Checking 770695
2026-07-27 15:36:28.162 | INFO     | api:get_file:84 - Loading File 1b0a45f6-0714-6005-cddd-fcdcae035645
2026-07-27 15:36:28.573 | SUCCESS  | monitor:scan:235 - Changed : 770695
2026-07-27 15:36:28.580 | INFO     | storage:add_property:113 - Added Property 770695
2026-07-27 15:36:28.582 | SUCCESS  | storage:save_day:81 - 1405-04-22.json Saved
2026-07-27 15:36:28.583 | INFO     | state_manager:save:61 - State Saved
2026-07-27 15:36:28.583 | INFO     | monitor:scan:197 - Checking 758022
2026-07-27 15:36:28.584 | INFO     | api:get_file:84 - Loading File 126d4a4a-8d89-147c-ca44-b9c3b16e8248
2026-07-27 15:36:28.804 | SUCCESS  | monitor:scan:235 - Changed : 758022
2026-07-27 15:36:28.813 | INFO     | storage:add_property:113 - Added Property 758022
2026-07-27 15:36:28.815 | SUCCESS  | storage:save_day:81 - 1405-04-22.json Saved
2026-07-27 15:36:28.816 | INFO     | state_manager:save:61 - State Saved
2026-07-27 15:36:28.816 | INFO     | monitor:scan:197 - Checking 757125
2026-07-27 15:36:28.817 | INFO     | api:get_file:84 - Loading File 126d4595-3528-71f2-d41c-ca6ba458c540
2026-07-27 15:36:29.207 | SUCCESS  | monitor:scan:235 - Changed : 757125
2026-07-27 15:36:29.214 | INFO     | storage:add_property:113 - Added Property 757125
2026-07-27 15:36:29.216 | SUCCESS  | storage:save_day:81 - 1405-04-22.json Saved
2026-07-27 15:36:29.217 | INFO     | state_manager:save:61 - State Saved
2026-07-27 15:36:29.218 | INFO     | monitor:scan:197 - Checking 756153
2026-07-27 15:36:29.218 | INFO     | api:get_file:84 - Loading File 126d44fc-a614-7a7b-76ce-3ff056454f4d
2026-07-27 15:36:29.779 | SUCCESS  | monitor:scan:235 - Changed : 756153
2026-07-27 15:36:29.791 | INFO     | storage:add_property:113 - Added Property 756153
2026-07-27 15:36:29.793 | SUCCESS  | storage:save_day:81 - 1405-04-22.json Saved
2026-07-27 15:36:29.794 | INFO     | state_manager:save:61 - State Saved
2026-07-27 15:36:29.794 | INFO     | monitor:scan:197 - Checking 744793
2026-07-27 15:36:29.794 | INFO     | api:get_file:84 - Loading File 126d4407-dbc4-5264-74a6-2596bc76a64b
2026-07-27 15:36:30.018 | SUCCESS  | monitor:scan:235 - Changed : 744793
2026-07-27 15:36:30.025 | INFO     | storage:add_property:113 - Added Property 744793
2026-07-27 15:36:30.027 | SUCCESS  | storage:save_day:81 - 1405-04-22.json Saved
2026-07-27 15:36:30.028 | INFO     | state_manager:save:61 - State Saved
2026-07-27 15:36:30.029 | INFO     | monitor:scan:197 - Checking 732275
2026-07-27 15:36:30.029 | INFO     | api:get_file:84 - Loading File 126d3347-bf2f-6a6a-d354-cd1ff208ed44
2026-07-27 15:36:30.412 | SUCCESS  | monitor:scan:235 - Changed : 732275
2026-07-27 15:36:30.419 | INFO     | storage:add_property:113 - Added Property 732275
2026-07-27 15:36:30.421 | SUCCESS  | storage:save_day:81 - 1405-04-22.json Saved
2026-07-27 15:36:30.422 | INFO     | state_manager:save:61 - State Saved
2026-07-27 15:36:30.422 | INFO     | monitor:scan:197 - Checking 720230
2026-07-27 15:36:30.423 | INFO     | api:get_file:84 - Loading File 126d2d23-dbf1-96b3-8ed6-14d1c3ba4b4a
2026-07-27 15:36:30.639 | SUCCESS  | monitor:scan:235 - Changed : 720230
2026-07-27 15:36:30.647 | INFO     | storage:add_property:113 - Added Property 720230
2026-07-27 15:36:30.649 | SUCCESS  | storage:save_day:81 - 1405-04-22.json Saved
2026-07-27 15:36:30.650 | INFO     | state_manager:save:61 - State Saved
2026-07-27 15:36:30.651 | INFO     | monitor:scan:197 - Checking 719105
2026-07-27 15:36:30.651 | INFO     | api:get_file:84 - Loading File 126b1b60-3b71-8c3e-1bcf-a67e4442824e
2026-07-27 15:36:30.865 | SUCCESS  | monitor:scan:235 - Changed : 719105
2026-07-27 15:36:30.874 | INFO     | storage:add_property:113 - Added Property 719105
2026-07-27 15:36:30.876 | SUCCESS  | storage:save_day:81 - 1405-04-22.json Saved
2026-07-27 15:36:30.877 | INFO     | state_manager:save:61 - State Saved
2026-07-27 15:36:30.877 | INFO     | monitor:scan:197 - Checking 718445
2026-07-27 15:36:30.877 | INFO     | api:get_file:84 - Loading File 126b1ac8-706d-98cf-6275-8d4154174799
2026-07-27 15:36:31.271 | SUCCESS  | monitor:scan:235 - Changed : 718445
2026-07-27 15:36:31.280 | INFO     | storage:add_property:113 - Added Property 718445
2026-07-27 15:36:31.283 | SUCCESS  | storage:save_day:81 - 1405-04-22.json Saved
2026-07-27 15:36:31.285 | INFO     | state_manager:save:61 - State Saved
2026-07-27 15:36:31.285 | INFO     | monitor:scan:197 - Checking 711393
2026-07-27 15:36:31.285 | INFO     | api:get_file:84 - Loading File 126b085c-8173-564f-c231-b6604a4e4749
2026-07-27 15:36:31.680 | SUCCESS  | monitor:scan:235 - Changed : 711393
2026-07-27 15:36:31.687 | INFO     | storage:add_property:113 - Added Property 711393
2026-07-27 15:36:31.690 | SUCCESS  | storage:save_day:81 - 1405-04-22.json Saved
2026-07-27 15:36:31.691 | INFO     | state_manager:save:61 - State Saved
2026-07-27 15:36:31.691 | INFO     | monitor:scan:197 - Checking 711085
2026-07-27 15:36:31.691 | INFO     | api:get_file:84 - Loading File 126b082e-ba07-4607-a90b-39ce2ecc2f45
2026-07-27 15:36:32.072 | SUCCESS  | monitor:scan:235 - Changed : 711085
2026-07-27 15:36:32.081 | INFO     | storage:add_property:113 - Added Property 711085
2026-07-27 15:36:32.083 | SUCCESS  | storage:save_day:81 - 1405-04-22.json Saved
2026-07-27 15:36:32.084 | INFO     | state_manager:save:61 - State Saved
2026-07-27 15:36:32.085 | INFO     | monitor:scan:197 - Checking 698571
2026-07-27 15:36:32.085 | INFO     | api:get_file:84 - Loading File 1b0a45f6-05df-ad09-5b95-a5c7c9c8e34a
2026-07-27 15:36:32.303 | SUCCESS  | monitor:scan:235 - Changed : 698571
2026-07-27 15:36:32.310 | INFO     | storage:add_property:113 - Added Property 698571
2026-07-27 15:36:32.313 | SUCCESS  | storage:save_day:81 - 1405-04-22.json Saved
2026-07-27 15:36:32.314 | INFO     | state_manager:save:61 - State Saved
2026-07-27 15:36:32.314 | INFO     | monitor:scan:197 - Checking 696379
2026-07-27 15:36:32.315 | INFO     | api:get_file:84 - Loading File 1b0a45f6-0678-94f2-3886-a6a60ba9ff4e
2026-07-27 15:36:32.708 | SUCCESS  | monitor:scan:235 - Changed : 696379
2026-07-27 15:36:32.715 | INFO     | storage:add_property:113 - Added Property 696379
2026-07-27 15:36:32.718 | SUCCESS  | storage:save_day:81 - 1405-04-22.json Saved
2026-07-27 15:36:32.719 | INFO     | state_manager:save:61 - State Saved
2026-07-27 15:36:32.719 | INFO     | monitor:scan:197 - Checking 692774
2026-07-27 15:36:32.719 | INFO     | api:get_file:84 - Loading File 1b0a45f6-06a1-f562-04fd-e41e0c290048
2026-07-27 15:36:32.935 | SUCCESS  | monitor:scan:235 - Changed : 692774
2026-07-27 15:36:32.944 | INFO     | storage:add_property:113 - Added Property 692774
2026-07-27 15:36:32.947 | SUCCESS  | storage:save_day:81 - 1405-04-22.json Saved
2026-07-27 15:36:32.947 | INFO     | state_manager:save:61 - State Saved
2026-07-27 15:36:32.948 | INFO     | monitor:scan:197 - Checking 690768
2026-07-27 15:36:32.948 | INFO     | api:get_file:84 - Loading File 1b0a45f6-0fb2-a067-9b8f-057d1cbc2b4f
2026-07-27 15:36:33.163 | SUCCESS  | monitor:scan:235 - Changed : 690768
2026-07-27 15:36:33.172 | INFO     | storage:add_property:113 - Added Property 690768
2026-07-27 15:36:33.175 | SUCCESS  | storage:save_day:81 - 1405-04-22.json Saved
2026-07-27 15:36:33.176 | INFO     | state_manager:save:61 - State Saved
2026-07-27 15:36:33.176 | INFO     | monitor:scan:197 - Checking 688485
2026-07-27 15:36:33.176 | INFO     | api:get_file:84 - Loading File 1b0a45f6-063e-c10f-ed83-d78da7a87d4b
2026-07-27 15:36:33.569 | SUCCESS  | monitor:scan:235 - Changed : 688485
2026-07-27 15:36:33.577 | INFO     | storage:add_property:113 - Added Property 688485
2026-07-27 15:36:33.580 | SUCCESS  | storage:save_day:81 - 1405-04-22.json Saved
2026-07-27 15:36:33.581 | INFO     | state_manager:save:61 - State Saved
2026-07-27 15:36:33.581 | INFO     | monitor:scan:197 - Checking 687092
2026-07-27 15:36:33.581 | INFO     | api:get_file:84 - Loading File 1b0a45f6-07df-b90e-a3b3-26175d514346
2026-07-27 15:36:33.799 | SUCCESS  | monitor:scan:235 - Changed : 687092
2026-07-27 15:36:33.807 | INFO     | storage:add_property:113 - Added Property 687092
2026-07-27 15:36:33.810 | SUCCESS  | storage:save_day:81 - 1405-04-22.json Saved
2026-07-27 15:36:33.811 | INFO     | state_manager:save:61 - State Saved
2026-07-27 15:36:33.811 | INFO     | monitor:scan:197 - Checking 686744
2026-07-27 15:36:33.811 | INFO     | api:get_file:84 - Loading File 1b0a45ff-00d3-e498-a859-6e96ab69094b
2026-07-27 15:36:34.030 | SUCCESS  | monitor:scan:235 - Changed : 686744
2026-07-27 15:36:34.038 | INFO     | storage:add_property:113 - Added Property 686744
2026-07-27 15:36:34.041 | SUCCESS  | storage:save_day:81 - 1405-04-22.json Saved
2026-07-27 15:36:34.043 | INFO     | state_manager:save:61 - State Saved
2026-07-27 15:36:34.043 | INFO     | monitor:scan:197 - Checking 686035
2026-07-27 15:36:34.043 | INFO     | api:get_file:84 - Loading File 1b0a45f6-044d-e537-230d-96cc9af15e4e
2026-07-27 15:36:34.262 | SUCCESS  | monitor:scan:235 - Changed : 686035
2026-07-27 15:36:34.270 | INFO     | storage:add_property:113 - Added Property 686035
2026-07-27 15:36:34.273 | SUCCESS  | storage:save_day:81 - 1405-04-22.json Saved
2026-07-27 15:36:34.274 | INFO     | state_manager:save:61 - State Saved
2026-07-27 15:36:34.274 | INFO     | monitor:scan:197 - Checking 685612
2026-07-27 15:36:34.274 | INFO     | api:get_file:84 - Loading File 1b0a45f6-0dd6-1445-7a4c-cb139689b844
2026-07-27 15:36:34.665 | SUCCESS  | monitor:scan:235 - Changed : 685612
2026-07-27 15:36:34.674 | INFO     | storage:add_property:113 - Added Property 685612
2026-07-27 15:36:34.677 | SUCCESS  | storage:save_day:81 - 1405-04-22.json Saved
2026-07-27 15:36:34.678 | INFO     | state_manager:save:61 - State Saved
2026-07-27 15:36:34.678 | INFO     | monitor:scan:197 - Checking 684809
2026-07-27 15:36:34.678 | INFO     | api:get_file:84 - Loading File 1b0a45f6-1213-6665-4521-f83cd4e48449
2026-07-27 15:36:34.902 | SUCCESS  | monitor:scan:235 - Changed : 684809
2026-07-27 15:36:34.910 | INFO     | storage:add_property:113 - Added Property 684809
2026-07-27 15:36:34.913 | SUCCESS  | storage:save_day:81 - 1405-04-22.json Saved
2026-07-27 15:36:34.914 | INFO     | state_manager:save:61 - State Saved
2026-07-27 15:36:34.914 | INFO     | monitor:scan:197 - Checking 684701
2026-07-27 15:36:34.914 | INFO     | api:get_file:84 - Loading File 126adf0e-4e44-2f15-5477-32870c9c2a41
2026-07-27 15:36:35.133 | SUCCESS  | monitor:scan:235 - Changed : 684701
2026-07-27 15:36:35.140 | INFO     | storage:add_property:113 - Added Property 684701
2026-07-27 15:36:35.143 | SUCCESS  | storage:save_day:81 - 1405-04-22.json Saved
2026-07-27 15:36:35.144 | INFO     | state_manager:save:61 - State Saved
2026-07-27 15:36:35.145 | INFO     | monitor:scan:197 - Checking 683350
2026-07-27 15:36:35.145 | INFO     | api:get_file:84 - Loading File 126ad9c0-6e0c-2b5c-cf1e-48fabc0d054d
2026-07-27 15:36:35.362 | SUCCESS  | monitor:scan:235 - Changed : 683350
2026-07-27 15:36:35.371 | INFO     | storage:add_property:113 - Added Property 683350
2026-07-27 15:36:35.374 | SUCCESS  | storage:save_day:81 - 1405-04-22.json Saved
2026-07-27 15:36:35.375 | INFO     | state_manager:save:61 - State Saved
2026-07-27 15:36:35.375 | INFO     | monitor:scan:197 - Checking 770622
2026-07-27 15:36:35.376 | INFO     | api:get_file:84 - Loading File 1b0a45f6-0429-5e61-aa3f-7d31f4f8f04d
2026-07-27 15:36:35.770 | SUCCESS  | monitor:scan:235 - Changed : 770622
2026-07-27 15:36:35.771 | INFO     | storage:add_property:113 - Added Property 770622
2026-07-27 15:36:35.771 | SUCCESS  | storage:save_day:81 - 1405-04-21.json Saved
2026-07-27 15:36:35.772 | INFO     | state_manager:save:61 - State Saved
2026-07-27 15:36:35.772 | INFO     | monitor:scan:197 - Checking 770613
2026-07-27 15:36:35.773 | INFO     | api:get_file:84 - Loading File 126d508b-ec44-2450-8fcd-36f4868af842
2026-07-27 15:36:36.169 | SUCCESS  | monitor:scan:235 - Changed : 770613
2026-07-27 15:36:36.176 | INFO     | storage:add_property:113 - Added Property 770613
2026-07-27 15:36:36.177 | SUCCESS  | storage:save_day:81 - 1405-04-21.json Saved
2026-07-27 15:36:36.179 | INFO     | state_manager:save:61 - State Saved
2026-07-27 15:36:36.179 | INFO     | monitor:scan:197 - Checking 770609
2026-07-27 15:36:36.179 | INFO     | api:get_file:84 - Loading File 126d508b-e669-6f7d-b589-b29a6fd7d14a
2026-07-27 15:36:36.572 | SUCCESS  | monitor:scan:235 - Changed : 770609
2026-07-27 15:36:36.580 | INFO     | storage:add_property:113 - Added Property 770609
2026-07-27 15:36:36.581 | SUCCESS  | storage:save_day:81 - 1405-04-21.json Saved
2026-07-27 15:36:36.582 | INFO     | state_manager:save:61 - State Saved
2026-07-27 15:36:36.582 | INFO     | monitor:scan:197 - Checking 770607
2026-07-27 15:36:36.582 | INFO     | api:get_file:84 - Loading File 126d508b-c3a8-1de3-a266-b821c60af042
2026-07-27 15:36:36.970 | SUCCESS  | monitor:scan:235 - Changed : 770607
2026-07-27 15:36:36.977 | INFO     | storage:add_property:113 - Added Property 770607
2026-07-27 15:36:36.979 | SUCCESS  | storage:save_day:81 - 1405-04-21.json Saved
2026-07-27 15:36:36.980 | INFO     | state_manager:save:61 - State Saved
2026-07-27 15:36:36.981 | INFO     | monitor:scan:197 - Checking 770605
2026-07-27 15:36:36.981 | INFO     | api:get_file:84 - Loading File 126d508b-c5b7-68b9-61e4-d7f2ce730949
2026-07-27 15:36:37.196 | SUCCESS  | monitor:scan:235 - Changed : 770605
2026-07-27 15:36:37.203 | INFO     | storage:add_property:113 - Added Property 770605
2026-07-27 15:36:37.205 | SUCCESS  | storage:save_day:81 - 1405-04-21.json Saved
2026-07-27 15:36:37.205 | INFO     | state_manager:save:61 - State Saved
2026-07-27 15:36:37.206 | INFO     | monitor:scan:125 - Loading Page 5
2026-07-27 15:36:37.206 | INFO     | api:get_files:60 - Loading Page 5
2026-07-27 15:36:40.858 | INFO     | monitor:scan:197 - Checking 770597
2026-07-27 15:36:40.858 | INFO     | api:get_file:84 - Loading File 1b0a45f6-0237-e12a-abb5-095f9ee38842
2026-07-27 15:36:41.081 | SUCCESS  | monitor:scan:235 - Changed : 770597
2026-07-27 15:36:41.088 | INFO     | storage:add_property:113 - Added Property 770597
2026-07-27 15:36:41.090 | SUCCESS  | storage:save_day:81 - 1405-04-21.json Saved
2026-07-27 15:36:41.091 | INFO     | state_manager:save:61 - State Saved
2026-07-27 15:36:41.091 | INFO     | monitor:scan:197 - Checking 770591
2026-07-27 15:36:41.091 | INFO     | api:get_file:84 - Loading File 126d505f-06ee-22c7-1452-9c29c5558b42
2026-07-27 15:36:41.474 | SUCCESS  | monitor:scan:235 - Changed : 770591
2026-07-27 15:36:41.482 | INFO     | storage:add_property:113 - Added Property 770591
2026-07-27 15:36:41.483 | SUCCESS  | storage:save_day:81 - 1405-04-21.json Saved
2026-07-27 15:36:41.484 | INFO     | state_manager:save:61 - State Saved
2026-07-27 15:36:41.484 | INFO     | monitor:scan:197 - Checking 770590
2026-07-27 15:36:41.484 | INFO     | api:get_file:84 - Loading File 1b0a45f6-0a6a-e1d4-6881-bd4cdabf1a4b
2026-07-27 15:36:41.703 | SUCCESS  | monitor:scan:235 - Changed : 770590
2026-07-27 15:36:41.711 | INFO     | storage:add_property:113 - Added Property 770590
2026-07-27 15:36:41.712 | SUCCESS  | storage:save_day:81 - 1405-04-21.json Saved
2026-07-27 15:36:41.713 | INFO     | state_manager:save:61 - State Saved
2026-07-27 15:36:41.714 | INFO     | monitor:scan:197 - Checking 770587
2026-07-27 15:36:41.714 | INFO     | api:get_file:84 - Loading File 1b0a45f6-0152-194c-90e1-5ab4e9c8cf45
2026-07-27 15:36:42.135 | SUCCESS  | monitor:scan:235 - Changed : 770587
2026-07-27 15:36:42.142 | INFO     | storage:add_property:113 - Added Property 770587
2026-07-27 15:36:42.144 | SUCCESS  | storage:save_day:81 - 1405-04-21.json Saved
2026-07-27 15:36:42.145 | INFO     | state_manager:save:61 - State Saved
2026-07-27 15:36:42.145 | INFO     | monitor:scan:197 - Checking 770584
2026-07-27 15:36:42.145 | INFO     | api:get_file:84 - Loading File 1b0a45f6-0759-935a-c068-b1e3486fd34c
2026-07-27 15:36:42.364 | SUCCESS  | monitor:scan:235 - Changed : 770584
2026-07-27 15:36:42.371 | INFO     | storage:add_property:113 - Added Property 770584
2026-07-27 15:36:42.373 | SUCCESS  | storage:save_day:81 - 1405-04-21.json Saved
2026-07-27 15:36:42.374 | INFO     | state_manager:save:61 - State Saved
2026-07-27 15:36:42.374 | INFO     | monitor:scan:197 - Checking 770582
2026-07-27 15:36:42.374 | INFO     | api:get_file:84 - Loading File 126d508b-cff2-2a90-c3ca-b9322ca12047
2026-07-27 15:36:42.769 | SUCCESS  | monitor:scan:235 - Changed : 770582
2026-07-27 15:36:42.778 | INFO     | storage:add_property:113 - Added Property 770582
2026-07-27 15:36:42.780 | SUCCESS  | storage:save_day:81 - 1405-04-21.json Saved
2026-07-27 15:36:42.781 | INFO     | state_manager:save:61 - State Saved
2026-07-27 15:36:42.781 | INFO     | monitor:scan:197 - Checking 770580
2026-07-27 15:36:42.781 | INFO     | api:get_file:84 - Loading File 126d504f-d9f7-38ba-8fff-7f723d01854a
2026-07-27 15:36:43.001 | SUCCESS  | monitor:scan:235 - Changed : 770580
2026-07-27 15:36:43.010 | INFO     | storage:add_property:113 - Added Property 770580
2026-07-27 15:36:43.012 | SUCCESS  | storage:save_day:81 - 1405-04-21.json Saved
2026-07-27 15:36:43.013 | INFO     | state_manager:save:61 - State Saved
2026-07-27 15:36:43.013 | INFO     | monitor:scan:197 - Checking 770578
2026-07-27 15:36:43.013 | INFO     | api:get_file:84 - Loading File 126d507d-9f81-86ad-00f9-8b14dad7464e
2026-07-27 15:36:43.597 | SUCCESS  | monitor:scan:235 - Changed : 770578
2026-07-27 15:36:43.607 | INFO     | storage:add_property:113 - Added Property 770578
2026-07-27 15:36:43.608 | SUCCESS  | storage:save_day:81 - 1405-04-21.json Saved
2026-07-27 15:36:43.609 | INFO     | state_manager:save:61 - State Saved
2026-07-27 15:36:43.610 | INFO     | monitor:scan:197 - Checking 770573
2026-07-27 15:36:43.610 | INFO     | api:get_file:84 - Loading File 126d508c-16ff-13e5-2e57-f0cb5ab92e46
2026-07-27 15:36:44.226 | SUCCESS  | monitor:scan:235 - Changed : 770573
2026-07-27 15:36:44.234 | INFO     | storage:add_property:113 - Added Property 770573
2026-07-27 15:36:44.236 | SUCCESS  | storage:save_day:81 - 1405-04-21.json Saved
2026-07-27 15:36:44.237 | INFO     | state_manager:save:61 - State Saved
2026-07-27 15:36:44.237 | INFO     | monitor:scan:197 - Checking 770572
2026-07-27 15:36:44.237 | INFO     | api:get_file:84 - Loading File 1b0a45f6-0100-a2bd-8569-f1811462e14a
2026-07-27 15:36:44.453 | SUCCESS  | monitor:scan:235 - Changed : 770572
2026-07-27 15:36:44.462 | INFO     | storage:add_property:113 - Added Property 770572
2026-07-27 15:36:44.464 | SUCCESS  | storage:save_day:81 - 1405-04-21.json Saved
2026-07-27 15:36:44.465 | INFO     | state_manager:save:61 - State Saved
2026-07-27 15:36:44.465 | INFO     | monitor:scan:197 - Checking 770570
2026-07-27 15:36:44.465 | INFO     | api:get_file:84 - Loading File 1b0a45f6-0d1b-c35c-a752-482c8a6cef4a
2026-07-27 15:36:44.684 | SUCCESS  | monitor:scan:235 - Changed : 770570
2026-07-27 15:36:44.694 | INFO     | storage:add_property:113 - Added Property 770570
2026-07-27 15:36:44.696 | SUCCESS  | storage:save_day:81 - 1405-04-21.json Saved
2026-07-27 15:36:44.697 | INFO     | state_manager:save:61 - State Saved
2026-07-27 15:36:44.698 | INFO     | monitor:scan:197 - Checking 770568
2026-07-27 15:36:44.698 | INFO     | api:get_file:84 - Loading File 126d508b-e448-7a16-d08c-ce323344ff4d
2026-07-27 15:36:45.096 | SUCCESS  | monitor:scan:235 - Changed : 770568
2026-07-27 15:36:45.107 | INFO     | storage:add_property:113 - Added Property 770568
2026-07-27 15:36:45.109 | SUCCESS  | storage:save_day:81 - 1405-04-21.json Saved
2026-07-27 15:36:45.110 | INFO     | state_manager:save:61 - State Saved
2026-07-27 15:36:45.110 | INFO     | monitor:scan:197 - Checking 770566
2026-07-27 15:36:45.110 | INFO     | api:get_file:84 - Loading File 126d507c-b585-2bc0-5188-91eef1dd9748
2026-07-27 15:36:45.509 | SUCCESS  | monitor:scan:235 - Changed : 770566
2026-07-27 15:36:45.522 | INFO     | storage:add_property:113 - Added Property 770566
2026-07-27 15:36:45.524 | SUCCESS  | storage:save_day:81 - 1405-04-21.json Saved
2026-07-27 15:36:45.525 | INFO     | state_manager:save:61 - State Saved
2026-07-27 15:36:45.525 | INFO     | monitor:scan:197 - Checking 758236
2026-07-27 15:36:45.526 | INFO     | api:get_file:84 - Loading File 126d4a58-ddf4-ac2c-199b-df73c4804624
2026-07-27 15:36:45.924 | SUCCESS  | monitor:scan:235 - Changed : 758236
2026-07-27 15:36:45.936 | INFO     | storage:add_property:113 - Added Property 758236
2026-07-27 15:36:45.938 | SUCCESS  | storage:save_day:81 - 1405-04-21.json Saved
2026-07-27 15:36:45.939 | INFO     | state_manager:save:61 - State Saved
2026-07-27 15:36:45.939 | INFO     | monitor:scan:197 - Checking 756084
2026-07-27 15:36:45.939 | INFO     | api:get_file:84 - Loading File 126d44ed-8205-5c03-0bde-fd2ee1040f4a
2026-07-27 15:36:46.336 | SUCCESS  | monitor:scan:235 - Changed : 756084
2026-07-27 15:36:46.347 | INFO     | storage:add_property:113 - Added Property 756084
2026-07-27 15:36:46.349 | SUCCESS  | storage:save_day:81 - 1405-04-21.json Saved
2026-07-27 15:36:46.351 | INFO     | state_manager:save:61 - State Saved
2026-07-27 15:36:46.351 | INFO     | monitor:scan:197 - Checking 744229
2026-07-27 15:36:46.351 | INFO     | api:get_file:84 - Loading File 126d3f70-cdfa-411f-d848-4d4dd9fc0c4c
2026-07-27 15:36:46.576 | SUCCESS  | monitor:scan:235 - Changed : 744229
2026-07-27 15:36:46.588 | INFO     | storage:add_property:113 - Added Property 744229
2026-07-27 15:36:46.591 | SUCCESS  | storage:save_day:81 - 1405-04-21.json Saved
2026-07-27 15:36:46.592 | INFO     | state_manager:save:61 - State Saved
2026-07-27 15:36:46.592 | INFO     | monitor:scan:197 - Checking 743450
2026-07-27 15:36:46.592 | INFO     | api:get_file:84 - Loading File 126d3e9c-16f0-7ee8-5ce9-45289a6de04c
2026-07-27 15:36:46.991 | SUCCESS  | monitor:scan:235 - Changed : 743450
2026-07-27 15:36:47.002 | INFO     | storage:add_property:113 - Added Property 743450
2026-07-27 15:36:47.005 | SUCCESS  | storage:save_day:81 - 1405-04-21.json Saved
2026-07-27 15:36:47.006 | INFO     | state_manager:save:61 - State Saved
2026-07-27 15:36:47.006 | INFO     | monitor:scan:197 - Checking 732455
2026-07-27 15:36:47.007 | INFO     | api:get_file:84 - Loading File 126d3366-3545-f643-624b-bebd83fc4428
2026-07-27 15:36:47.582 | SUCCESS  | monitor:scan:235 - Changed : 732455
2026-07-27 15:36:47.593 | INFO     | storage:add_property:113 - Added Property 732455
2026-07-27 15:36:47.595 | SUCCESS  | storage:save_day:81 - 1405-04-21.json Saved
2026-07-27 15:36:47.597 | INFO     | state_manager:save:61 - State Saved
2026-07-27 15:36:47.597 | INFO     | monitor:scan:197 - Checking 732148
2026-07-27 15:36:47.597 | INFO     | api:get_file:84 - Loading File 126d330b-bd56-37ec-8d6a-da9ccda25745
2026-07-27 15:36:47.982 | SUCCESS  | monitor:scan:235 - Changed : 732148
2026-07-27 15:36:47.992 | INFO     | storage:add_property:113 - Added Property 732148
2026-07-27 15:36:47.995 | SUCCESS  | storage:save_day:81 - 1405-04-21.json Saved
2026-07-27 15:36:47.996 | INFO     | state_manager:save:61 - State Saved
2026-07-27 15:36:47.997 | INFO     | monitor:scan:197 - Checking 721177
2026-07-27 15:36:47.997 | INFO     | api:get_file:84 - Loading File 126d3225-fa53-33f5-0b99-723f2bdd5140
2026-07-27 15:36:48.391 | SUCCESS  | monitor:scan:235 - Changed : 721177
2026-07-27 15:36:48.398 | INFO     | storage:add_property:113 - Added Property 721177
2026-07-27 15:36:48.401 | SUCCESS  | storage:save_day:81 - 1405-04-21.json Saved
2026-07-27 15:36:48.402 | INFO     | state_manager:save:61 - State Saved
2026-07-27 15:36:48.402 | INFO     | monitor:scan:197 - Checking 719428
2026-07-27 15:36:48.402 | INFO     | api:get_file:84 - Loading File 126d2c5d-dae1-345e-d95e-0aa19a3f034c
2026-07-27 15:36:48.798 | SUCCESS  | monitor:scan:235 - Changed : 719428
2026-07-27 15:36:48.817 | INFO     | storage:add_property:113 - Added Property 719428
2026-07-27 15:36:48.820 | SUCCESS  | storage:save_day:81 - 1405-04-21.json Saved
2026-07-27 15:36:48.821 | INFO     | state_manager:save:61 - State Saved
2026-07-27 15:36:48.821 | INFO     | monitor:scan:197 - Checking 718220
2026-07-27 15:36:48.821 | INFO     | api:get_file:84 - Loading File 126b1a99-770b-5942-a8da-d02fa599df4d
2026-07-27 15:36:49.035 | SUCCESS  | monitor:scan:235 - Changed : 718220
2026-07-27 15:36:49.044 | INFO     | storage:add_property:113 - Added Property 718220
2026-07-27 15:36:49.047 | SUCCESS  | storage:save_day:81 - 1405-04-21.json Saved
2026-07-27 15:36:49.048 | INFO     | state_manager:save:61 - State Saved
2026-07-27 15:36:49.048 | INFO     | monitor:scan:197 - Checking 715160
2026-07-27 15:36:49.048 | INFO     | api:get_file:84 - Loading File 126b13be-d756-3bab-b00a-4e023ee6d444
2026-07-27 15:36:49.437 | SUCCESS  | monitor:scan:235 - Changed : 715160
2026-07-27 15:36:49.448 | INFO     | storage:add_property:113 - Added Property 715160
2026-07-27 15:36:49.451 | SUCCESS  | storage:save_day:81 - 1405-04-21.json Saved
2026-07-27 15:36:49.452 | INFO     | state_manager:save:61 - State Saved
2026-07-27 15:36:49.453 | INFO     | monitor:scan:197 - Checking 714797
2026-07-27 15:36:49.453 | INFO     | api:get_file:84 - Loading File 126b0f38-7c50-4516-a853-99f99538cb4f
2026-07-27 15:36:49.841 | SUCCESS  | monitor:scan:235 - Changed : 714797
2026-07-27 15:36:49.859 | INFO     | storage:add_property:113 - Added Property 714797
2026-07-27 15:36:49.861 | SUCCESS  | storage:save_day:81 - 1405-04-21.json Saved
2026-07-27 15:36:49.862 | INFO     | state_manager:save:61 - State Saved
2026-07-27 15:36:49.863 | INFO     | monitor:scan:197 - Checking 713280
2026-07-27 15:36:49.863 | INFO     | api:get_file:84 - Loading File 1b0a45f6-0f01-a0b0-ebe6-3f1f84ad8143
2026-07-27 15:36:50.256 | SUCCESS  | monitor:scan:235 - Changed : 713280
2026-07-27 15:36:50.266 | INFO     | storage:add_property:113 - Added Property 713280
2026-07-27 15:36:50.269 | SUCCESS  | storage:save_day:81 - 1405-04-21.json Saved
2026-07-27 15:36:50.270 | INFO     | state_manager:save:61 - State Saved
2026-07-27 15:36:50.270 | INFO     | monitor:scan:197 - Checking 692781
2026-07-27 15:36:50.270 | INFO     | api:get_file:84 - Loading File 126af5e2-327b-86c7-b55c-55ce11ae7147
2026-07-27 15:36:50.488 | SUCCESS  | monitor:scan:235 - Changed : 692781
2026-07-27 15:36:50.502 | INFO     | storage:add_property:113 - Added Property 692781
2026-07-27 15:36:50.505 | SUCCESS  | storage:save_day:81 - 1405-04-21.json Saved
2026-07-27 15:36:50.506 | INFO     | state_manager:save:61 - State Saved
2026-07-27 15:36:50.506 | INFO     | monitor:scan:197 - Checking 689875
2026-07-27 15:36:50.506 | INFO     | api:get_file:84 - Loading File 126af029-5692-73b9-dac1-b6e5351ffa45
2026-07-27 15:36:50.952 | SUCCESS  | monitor:scan:235 - Changed : 689875
2026-07-27 15:36:50.972 | INFO     | storage:add_property:113 - Added Property 689875
2026-07-27 15:36:50.975 | SUCCESS  | storage:save_day:81 - 1405-04-21.json Saved
2026-07-27 15:36:50.976 | INFO     | state_manager:save:61 - State Saved
2026-07-27 15:36:50.976 | INFO     | monitor:scan:197 - Checking 689177
2026-07-27 15:36:50.976 | INFO     | api:get_file:84 - Loading File 1b0a45f6-0039-4faa-43e2-a08fbbc4454b
2026-07-27 15:36:51.377 | SUCCESS  | monitor:scan:235 - Changed : 689177
2026-07-27 15:36:51.384 | INFO     | storage:add_property:113 - Added Property 689177
2026-07-27 15:36:51.387 | SUCCESS  | storage:save_day:81 - 1405-04-21.json Saved
2026-07-27 15:36:51.388 | INFO     | state_manager:save:61 - State Saved
2026-07-27 15:36:51.389 | INFO     | monitor:scan:197 - Checking 770509
2026-07-27 15:36:51.389 | INFO     | api:get_file:84 - Loading File 126d505e-4535-2c0c-a818-a5afd3e1ff40
2026-07-27 15:36:51.978 | SUCCESS  | monitor:scan:235 - Changed : 770509
2026-07-27 15:36:51.978 | INFO     | storage:add_property:113 - Added Property 770509
2026-07-27 15:36:51.979 | SUCCESS  | storage:save_day:81 - 1405-04-20.json Saved
2026-07-27 15:36:51.980 | INFO     | state_manager:save:61 - State Saved
2026-07-27 15:36:51.980 | INFO     | monitor:scan:197 - Checking 770508
2026-07-27 15:36:51.980 | INFO     | api:get_file:84 - Loading File 1b0a45f6-041f-42af-dde9-804b9166ee4a
2026-07-27 15:36:52.368 | SUCCESS  | monitor:scan:235 - Changed : 770508
2026-07-27 15:36:52.376 | INFO     | storage:add_property:113 - Added Property 770508
2026-07-27 15:36:52.377 | SUCCESS  | storage:save_day:81 - 1405-04-20.json Saved
2026-07-27 15:36:52.378 | INFO     | state_manager:save:61 - State Saved
2026-07-27 15:36:52.378 | INFO     | monitor:scan:197 - Checking 770503
2026-07-27 15:36:52.379 | INFO     | api:get_file:84 - Loading File 126d507c-aa95-45be-3049-98a73e30dd45
2026-07-27 15:36:52.770 | SUCCESS  | monitor:scan:235 - Changed : 770503
2026-07-27 15:36:52.782 | INFO     | storage:add_property:113 - Added Property 770503
2026-07-27 15:36:52.783 | SUCCESS  | storage:save_day:81 - 1405-04-20.json Saved
2026-07-27 15:36:52.784 | INFO     | state_manager:save:61 - State Saved
2026-07-27 15:36:52.784 | INFO     | monitor:scan:197 - Checking 770502
2026-07-27 15:36:52.785 | INFO     | api:get_file:84 - Loading File 126d504f-eca9-1605-4916-302290a80743
2026-07-27 15:36:53.182 | SUCCESS  | monitor:scan:235 - Changed : 770502
2026-07-27 15:36:53.193 | INFO     | storage:add_property:113 - Added Property 770502
2026-07-27 15:36:53.194 | SUCCESS  | storage:save_day:81 - 1405-04-20.json Saved
2026-07-27 15:36:53.195 | INFO     | state_manager:save:61 - State Saved
2026-07-27 15:36:53.196 | INFO     | monitor:scan:197 - Checking 770498
2026-07-27 15:36:53.196 | INFO     | api:get_file:84 - Loading File 126d504f-f2ef-2124-45b8-5eb114e6ad48
2026-07-27 15:36:53.592 | SUCCESS  | monitor:scan:235 - Changed : 770498
2026-07-27 15:36:53.599 | INFO     | storage:add_property:113 - Added Property 770498
2026-07-27 15:36:53.600 | SUCCESS  | storage:save_day:81 - 1405-04-20.json Saved
2026-07-27 15:36:53.602 | INFO     | state_manager:save:61 - State Saved
2026-07-27 15:36:53.602 | INFO     | monitor:scan:197 - Checking 770497
2026-07-27 15:36:53.602 | INFO     | api:get_file:84 - Loading File 126d507c-7f30-402a-1a88-aeb3adf5e244
2026-07-27 15:36:53.998 | SUCCESS  | monitor:scan:235 - Changed : 770497
2026-07-27 15:36:54.005 | INFO     | storage:add_property:113 - Added Property 770497
2026-07-27 15:36:54.006 | SUCCESS  | storage:save_day:81 - 1405-04-20.json Saved
2026-07-27 15:36:54.007 | INFO     | state_manager:save:61 - State Saved
2026-07-27 15:36:54.007 | INFO     | monitor:scan:197 - Checking 770496
2026-07-27 15:36:54.008 | INFO     | api:get_file:84 - Loading File 126d507c-58de-70f1-386d-63c0970bd14a
2026-07-27 15:36:54.404 | SUCCESS  | monitor:scan:235 - Changed : 770496
2026-07-27 15:36:54.414 | INFO     | storage:add_property:113 - Added Property 770496
2026-07-27 15:36:54.416 | SUCCESS  | storage:save_day:81 - 1405-04-20.json Saved
2026-07-27 15:36:54.417 | INFO     | state_manager:save:61 - State Saved
2026-07-27 15:36:54.417 | INFO     | monitor:scan:197 - Checking 770490
2026-07-27 15:36:54.417 | INFO     | api:get_file:84 - Loading File 126d507c-cd42-3011-5ce8-39f7de72c947
2026-07-27 15:36:55.160 | SUCCESS  | monitor:scan:235 - Changed : 770490
2026-07-27 15:36:55.170 | INFO     | storage:add_property:113 - Added Property 770490
2026-07-27 15:36:55.172 | SUCCESS  | storage:save_day:81 - 1405-04-20.json Saved
2026-07-27 15:36:55.173 | INFO     | state_manager:save:61 - State Saved
2026-07-27 15:36:55.173 | INFO     | monitor:scan:197 - Checking 770489
2026-07-27 15:36:55.173 | INFO     | api:get_file:84 - Loading File 1b0a45ff-06e9-6984-b734-e570971c6346
2026-07-27 15:36:55.557 | SUCCESS  | monitor:scan:235 - Changed : 770489
2026-07-27 15:36:55.566 | INFO     | storage:add_property:113 - Added Property 770489
2026-07-27 15:36:55.567 | SUCCESS  | storage:save_day:81 - 1405-04-20.json Saved
2026-07-27 15:36:55.568 | INFO     | state_manager:save:61 - State Saved
2026-07-27 15:36:55.569 | INFO     | monitor:scan:197 - Checking 770486
2026-07-27 15:36:55.569 | INFO     | api:get_file:84 - Loading File 126d507c-cb52-115c-f92b-0cdd40de7a41
2026-07-27 15:36:56.139 | SUCCESS  | monitor:scan:235 - Changed : 770486
2026-07-27 15:36:56.153 | INFO     | storage:add_property:113 - Added Property 770486
2026-07-27 15:36:56.154 | SUCCESS  | storage:save_day:81 - 1405-04-20.json Saved
2026-07-27 15:36:56.155 | INFO     | state_manager:save:61 - State Saved
2026-07-27 15:36:56.155 | INFO     | monitor:scan:197 - Checking 770483
2026-07-27 15:36:56.155 | INFO     | api:get_file:84 - Loading File 126d505f-06a3-1678-d572-683a1ff00149
2026-07-27 15:36:56.552 | SUCCESS  | monitor:scan:235 - Changed : 770483
2026-07-27 15:36:56.565 | INFO     | storage:add_property:113 - Added Property 770483
2026-07-27 15:36:56.567 | SUCCESS  | storage:save_day:81 - 1405-04-20.json Saved
2026-07-27 15:36:56.568 | INFO     | state_manager:save:61 - State Saved
2026-07-27 15:36:56.568 | INFO     | monitor:scan:197 - Checking 770477
2026-07-27 15:36:56.568 | INFO     | api:get_file:84 - Loading File 126d507c-5801-833f-8739-29913d6e0c43
2026-07-27 15:36:56.968 | SUCCESS  | monitor:scan:235 - Changed : 770477
2026-07-27 15:36:56.980 | INFO     | storage:add_property:113 - Added Property 770477
2026-07-27 15:36:56.981 | SUCCESS  | storage:save_day:81 - 1405-04-20.json Saved
2026-07-27 15:36:56.982 | INFO     | state_manager:save:61 - State Saved
2026-07-27 15:36:56.982 | INFO     | monitor:scan:197 - Checking 770474
2026-07-27 15:36:56.983 | INFO     | api:get_file:84 - Loading File 126d507c-d717-32e2-13b7-3389a74fa74c
2026-07-27 15:36:57.376 | SUCCESS  | monitor:scan:235 - Changed : 770474
2026-07-27 15:36:57.385 | INFO     | storage:add_property:113 - Added Property 770474
2026-07-27 15:36:57.387 | SUCCESS  | storage:save_day:81 - 1405-04-20.json Saved
2026-07-27 15:36:57.388 | INFO     | state_manager:save:61 - State Saved
2026-07-27 15:36:57.388 | INFO     | monitor:scan:197 - Checking 770472
2026-07-27 15:36:57.388 | INFO     | api:get_file:84 - Loading File 126d505e-f5c7-7cfa-82c2-089b9fffb547
2026-07-27 15:36:57.770 | SUCCESS  | monitor:scan:235 - Changed : 770472
2026-07-27 15:36:57.779 | INFO     | storage:add_property:113 - Added Property 770472
2026-07-27 15:36:57.781 | SUCCESS  | storage:save_day:81 - 1405-04-20.json Saved
2026-07-27 15:36:57.782 | INFO     | state_manager:save:61 - State Saved
2026-07-27 15:36:57.782 | INFO     | monitor:scan:197 - Checking 770467
2026-07-27 15:36:57.782 | INFO     | api:get_file:84 - Loading File 126d504f-d206-3214-8e78-4b95cbd29941
2026-07-27 15:36:58.178 | SUCCESS  | monitor:scan:235 - Changed : 770467
2026-07-27 15:36:58.188 | INFO     | storage:add_property:113 - Added Property 770467
2026-07-27 15:36:58.190 | SUCCESS  | storage:save_day:81 - 1405-04-20.json Saved
2026-07-27 15:36:58.191 | INFO     | state_manager:save:61 - State Saved
2026-07-27 15:36:58.191 | INFO     | monitor:scan:197 - Checking 770466
2026-07-27 15:36:58.191 | INFO     | api:get_file:84 - Loading File 126d507c-af4e-49f7-4823-1e9fdec1a744
2026-07-27 15:36:58.586 | SUCCESS  | monitor:scan:235 - Changed : 770466
2026-07-27 15:36:58.595 | INFO     | storage:add_property:113 - Added Property 770466
2026-07-27 15:36:58.596 | SUCCESS  | storage:save_day:81 - 1405-04-20.json Saved
2026-07-27 15:36:58.597 | INFO     | state_manager:save:61 - State Saved
2026-07-27 15:36:58.598 | INFO     | monitor:scan:197 - Checking 770463
2026-07-27 15:36:58.598 | INFO     | api:get_file:84 - Loading File 126d507c-cba6-433e-1fd2-7b499b9be74e
2026-07-27 15:36:58.816 | SUCCESS  | monitor:scan:235 - Changed : 770463
2026-07-27 15:36:58.824 | INFO     | storage:add_property:113 - Added Property 770463
2026-07-27 15:36:58.826 | SUCCESS  | storage:save_day:81 - 1405-04-20.json Saved
2026-07-27 15:36:58.827 | INFO     | state_manager:save:61 - State Saved
2026-07-27 15:36:58.827 | INFO     | monitor:scan:197 - Checking 770462
2026-07-27 15:36:58.827 | INFO     | api:get_file:84 - Loading File 1b0a45f6-0683-8444-74ac-bd3d2bf9b347
2026-07-27 15:36:59.045 | SUCCESS  | monitor:scan:235 - Changed : 770462
2026-07-27 15:36:59.054 | INFO     | storage:add_property:113 - Added Property 770462
2026-07-27 15:36:59.057 | SUCCESS  | storage:save_day:81 - 1405-04-20.json Saved
2026-07-27 15:36:59.058 | INFO     | state_manager:save:61 - State Saved
2026-07-27 15:36:59.058 | INFO     | monitor:scan:197 - Checking 770461
2026-07-27 15:36:59.058 | INFO     | api:get_file:84 - Loading File 126d504f-f13e-2837-515c-2bbfd2ce1489
2026-07-27 15:36:59.276 | SUCCESS  | monitor:scan:235 - Changed : 770461
2026-07-27 15:36:59.286 | INFO     | storage:add_property:113 - Added Property 770461
2026-07-27 15:36:59.288 | SUCCESS  | storage:save_day:81 - 1405-04-20.json Saved
2026-07-27 15:36:59.289 | INFO     | state_manager:save:61 - State Saved
2026-07-27 15:36:59.289 | INFO     | monitor:scan:197 - Checking 770460
2026-07-27 15:36:59.289 | INFO     | api:get_file:84 - Loading File 1b0a45ff-0223-60fe-440c-f9ac8c98484f
2026-07-27 15:36:59.513 | SUCCESS  | monitor:scan:235 - Changed : 770460
2026-07-27 15:36:59.522 | INFO     | storage:add_property:113 - Added Property 770460
2026-07-27 15:36:59.525 | SUCCESS  | storage:save_day:81 - 1405-04-20.json Saved
2026-07-27 15:36:59.526 | INFO     | state_manager:save:61 - State Saved
2026-07-27 15:36:59.526 | INFO     | monitor:scan:197 - Checking 770459
2026-07-27 15:36:59.526 | INFO     | api:get_file:84 - Loading File 1b0a45f6-0238-0e7c-466e-02f4d0f77b4c
2026-07-27 15:36:59.745 | SUCCESS  | monitor:scan:235 - Changed : 770459
2026-07-27 15:36:59.762 | INFO     | storage:add_property:113 - Added Property 770459
2026-07-27 15:36:59.764 | SUCCESS  | storage:save_day:81 - 1405-04-20.json Saved
2026-07-27 15:36:59.765 | INFO     | state_manager:save:61 - State Saved
2026-07-27 15:36:59.765 | INFO     | monitor:scan:197 - Checking 770458
2026-07-27 15:36:59.765 | INFO     | api:get_file:84 - Loading File 126d507c-ca3b-3d21-ff63-bf3739abc54a
2026-07-27 15:36:59.985 | SUCCESS  | monitor:scan:235 - Changed : 770458
2026-07-27 15:36:59.994 | INFO     | storage:add_property:113 - Added Property 770458
2026-07-27 15:36:59.996 | SUCCESS  | storage:save_day:81 - 1405-04-20.json Saved
2026-07-27 15:36:59.998 | INFO     | state_manager:save:61 - State Saved
2026-07-27 15:36:59.998 | INFO     | monitor:scan:197 - Checking 770453
2026-07-27 15:36:59.998 | INFO     | api:get_file:84 - Loading File 126d504f-d661-50b6-09de-9a016e823d49
2026-07-27 15:37:00.218 | SUCCESS  | monitor:scan:235 - Changed : 770453
2026-07-27 15:37:00.225 | INFO     | storage:add_property:113 - Added Property 770453
2026-07-27 15:37:00.227 | SUCCESS  | storage:save_day:81 - 1405-04-20.json Saved
2026-07-27 15:37:00.228 | INFO     | state_manager:save:61 - State Saved
2026-07-27 15:37:00.229 | INFO     | monitor:scan:197 - Checking 770450
2026-07-27 15:37:00.229 | INFO     | api:get_file:84 - Loading File 126d505f-09d4-514f-055a-32553575324b
2026-07-27 15:37:00.625 | SUCCESS  | monitor:scan:235 - Changed : 770450
2026-07-27 15:37:00.636 | INFO     | storage:add_property:113 - Added Property 770450
2026-07-27 15:37:00.639 | SUCCESS  | storage:save_day:81 - 1405-04-20.json Saved
2026-07-27 15:37:00.640 | INFO     | state_manager:save:61 - State Saved
2026-07-27 15:37:00.640 | INFO     | monitor:scan:197 - Checking 770449
2026-07-27 15:37:00.640 | INFO     | api:get_file:84 - Loading File 1b0a45ff-05d5-51c3-424c-829f68352f4d
2026-07-27 15:37:00.857 | SUCCESS  | monitor:scan:235 - Changed : 770449
2026-07-27 15:37:00.865 | INFO     | storage:add_property:113 - Added Property 770449
2026-07-27 15:37:00.868 | SUCCESS  | storage:save_day:81 - 1405-04-20.json Saved
2026-07-27 15:37:00.869 | INFO     | state_manager:save:61 - State Saved
2026-07-27 15:37:00.869 | INFO     | monitor:scan:197 - Checking 770448
2026-07-27 15:37:00.869 | INFO     | api:get_file:84 - Loading File 126d507c-b5ef-d9a9-f5d3-2b5538bdc48f
2026-07-27 15:37:01.262 | SUCCESS  | monitor:scan:235 - Changed : 770448
2026-07-27 15:37:01.274 | INFO     | storage:add_property:113 - Added Property 770448
2026-07-27 15:37:01.277 | SUCCESS  | storage:save_day:81 - 1405-04-20.json Saved
2026-07-27 15:37:01.278 | INFO     | state_manager:save:61 - State Saved
2026-07-27 15:37:01.278 | INFO     | monitor:scan:197 - Checking 770446
2026-07-27 15:37:01.278 | INFO     | api:get_file:84 - Loading File 126d507c-5b21-415a-3001-ae0b95be8840
2026-07-27 15:37:01.496 | SUCCESS  | monitor:scan:235 - Changed : 770446
2026-07-27 15:37:01.507 | INFO     | storage:add_property:113 - Added Property 770446
2026-07-27 15:37:01.510 | SUCCESS  | storage:save_day:81 - 1405-04-20.json Saved
2026-07-27 15:37:01.511 | INFO     | state_manager:save:61 - State Saved
2026-07-27 15:37:01.511 | INFO     | monitor:scan:197 - Checking 770445
2026-07-27 15:37:01.511 | INFO     | api:get_file:84 - Loading File 126d507c-80a9-2b6c-bee0-a78d16955d48
2026-07-27 15:37:01.763 | SUCCESS  | monitor:scan:235 - Changed : 770445
2026-07-27 15:37:01.777 | INFO     | storage:add_property:113 - Added Property 770445
2026-07-27 15:37:01.780 | SUCCESS  | storage:save_day:81 - 1405-04-20.json Saved
2026-07-27 15:37:01.781 | INFO     | state_manager:save:61 - State Saved
2026-07-27 15:37:01.781 | INFO     | monitor:scan:197 - Checking 770441
2026-07-27 15:37:01.781 | INFO     | api:get_file:84 - Loading File 126d507c-8eb2-2ba7-3000-2b61d9dc1344
2026-07-27 15:37:01.998 | SUCCESS  | monitor:scan:235 - Changed : 770441
2026-07-27 15:37:02.012 | INFO     | storage:add_property:113 - Added Property 770441
2026-07-27 15:37:02.015 | SUCCESS  | storage:save_day:81 - 1405-04-20.json Saved
2026-07-27 15:37:02.016 | INFO     | state_manager:save:61 - State Saved
2026-07-27 15:37:02.016 | INFO     | monitor:scan:197 - Checking 770436
2026-07-27 15:37:02.016 | INFO     | api:get_file:84 - Loading File 1b0a45f6-0e47-ff8b-9b03-20c2e1e1f040
2026-07-27 15:37:02.237 | SUCCESS  | monitor:scan:235 - Changed : 770436
2026-07-27 15:37:02.245 | INFO     | storage:add_property:113 - Added Property 770436
2026-07-27 15:37:02.248 | SUCCESS  | storage:save_day:81 - 1405-04-20.json Saved
2026-07-27 15:37:02.249 | INFO     | state_manager:save:61 - State Saved
2026-07-27 15:37:02.249 | INFO     | monitor:scan:197 - Checking 757371
2026-07-27 15:37:02.249 | INFO     | api:get_file:84 - Loading File 126d49ee-6426-5321-4cc2-a638a8a4eb48
2026-07-27 15:37:02.637 | SUCCESS  | monitor:scan:235 - Changed : 757371
2026-07-27 15:37:02.648 | INFO     | storage:add_property:113 - Added Property 757371
2026-07-27 15:37:02.652 | SUCCESS  | storage:save_day:81 - 1405-04-20.json Saved
2026-07-27 15:37:02.653 | INFO     | state_manager:save:61 - State Saved
2026-07-27 15:37:02.653 | INFO     | monitor:scan:197 - Checking 742910
2026-07-27 15:37:02.653 | INFO     | api:get_file:84 - Loading File 126d3e3f-8477-4515-91ae-84f4a76bd140
2026-07-27 15:37:03.040 | SUCCESS  | monitor:scan:235 - Changed : 742910
2026-07-27 15:37:03.053 | INFO     | storage:add_property:113 - Added Property 742910
2026-07-27 15:37:03.056 | SUCCESS  | storage:save_day:81 - 1405-04-20.json Saved
2026-07-27 15:37:03.058 | INFO     | state_manager:save:61 - State Saved
2026-07-27 15:37:03.058 | INFO     | monitor:scan:197 - Checking 715066
2026-07-27 15:37:03.058 | INFO     | api:get_file:84 - Loading File 1b0a45f6-0e1c-9dfe-f3d9-3d96bddb9140
2026-07-27 15:37:03.276 | SUCCESS  | monitor:scan:235 - Changed : 715066
2026-07-27 15:37:03.288 | INFO     | storage:add_property:113 - Added Property 715066
2026-07-27 15:37:03.291 | SUCCESS  | storage:save_day:81 - 1405-04-20.json Saved
2026-07-27 15:37:03.293 | INFO     | state_manager:save:61 - State Saved
2026-07-27 15:37:03.293 | INFO     | monitor:scan:197 - Checking 698940
2026-07-27 15:37:03.293 | INFO     | api:get_file:84 - Loading File 1b0a45ff-06b9-de73-a4f4-9f3c0f1fd541
2026-07-27 15:37:03.680 | SUCCESS  | monitor:scan:235 - Changed : 698940
2026-07-27 15:37:03.696 | INFO     | storage:add_property:113 - Added Property 698940
2026-07-27 15:37:03.700 | SUCCESS  | storage:save_day:81 - 1405-04-20.json Saved
2026-07-27 15:37:03.701 | INFO     | state_manager:save:61 - State Saved
2026-07-27 15:37:03.701 | INFO     | monitor:scan:197 - Checking 697390
2026-07-27 15:37:03.702 | INFO     | api:get_file:84 - Loading File 126afd56-9702-1caf-d706-343fbdda0d40
2026-07-27 15:37:04.097 | SUCCESS  | monitor:scan:235 - Changed : 697390
2026-07-27 15:37:04.110 | INFO     | storage:add_property:113 - Added Property 697390
2026-07-27 15:37:04.114 | SUCCESS  | storage:save_day:81 - 1405-04-20.json Saved
2026-07-27 15:37:04.115 | INFO     | state_manager:save:61 - State Saved
2026-07-27 15:37:04.115 | INFO     | monitor:scan:197 - Checking 696335
2026-07-27 15:37:04.115 | INFO     | api:get_file:84 - Loading File 126afcfa-3ff5-3338-ebc0-eb08a8c2894a
2026-07-27 15:37:04.572 | SUCCESS  | monitor:scan:235 - Changed : 696335
2026-07-27 15:37:04.584 | INFO     | storage:add_property:113 - Added Property 696335
2026-07-27 15:37:04.588 | SUCCESS  | storage:save_day:81 - 1405-04-20.json Saved
2026-07-27 15:37:04.589 | INFO     | state_manager:save:61 - State Saved
2026-07-27 15:37:04.589 | INFO     | monitor:scan:197 - Checking 760396
2026-07-27 15:37:04.589 | INFO     | api:get_file:84 - Loading File 126d504e-a1de-73b1-9a95-c015c287664d
2026-07-27 15:37:04.814 | SUCCESS  | monitor:scan:235 - Changed : 760396
2026-07-27 15:37:04.815 | INFO     | storage:add_property:113 - Added Property 760396
2026-07-27 15:37:04.819 | SUCCESS  | storage:save_day:81 - 1405-04-17.json Saved
2026-07-27 15:37:04.823 | INFO     | state_manager:save:61 - State Saved
2026-07-27 15:37:04.823 | INFO     | monitor:scan:197 - Checking 760394
2026-07-27 15:37:04.824 | INFO     | api:get_file:84 - Loading File 1b0a45f6-0b1b-819d-62b7-c9bdf2ffc64f
2026-07-27 15:37:05.040 | SUCCESS  | monitor:scan:235 - Changed : 760394
2026-07-27 15:37:05.049 | INFO     | storage:add_property:113 - Added Property 760394
2026-07-27 15:37:05.050 | SUCCESS  | storage:save_day:81 - 1405-04-17.json Saved
2026-07-27 15:37:05.052 | INFO     | state_manager:save:61 - State Saved
2026-07-27 15:37:05.052 | INFO     | monitor:scan:197 - Checking 760389
2026-07-27 15:37:05.052 | INFO     | api:get_file:84 - Loading File 126d504e-b74e-504e-764e-ebb29b6ae042
2026-07-27 15:37:05.440 | SUCCESS  | monitor:scan:235 - Changed : 760389
2026-07-27 15:37:05.452 | INFO     | storage:add_property:113 - Added Property 760389
2026-07-27 15:37:05.453 | SUCCESS  | storage:save_day:81 - 1405-04-17.json Saved
2026-07-27 15:37:05.454 | INFO     | state_manager:save:61 - State Saved
2026-07-27 15:37:05.454 | INFO     | monitor:scan:197 - Checking 760388
2026-07-27 15:37:05.454 | INFO     | api:get_file:84 - Loading File 126d5040-82f8-a318-9dc3-ade5ee07840c
2026-07-27 15:37:06.029 | SUCCESS  | monitor:scan:235 - Changed : 760388
2026-07-27 15:37:06.035 | INFO     | storage:add_property:113 - Added Property 760388
2026-07-27 15:37:06.037 | SUCCESS  | storage:save_day:81 - 1405-04-17.json Saved
2026-07-27 15:37:06.038 | INFO     | state_manager:save:61 - State Saved
2026-07-27 15:37:06.038 | INFO     | monitor:scan:197 - Checking 760380
2026-07-27 15:37:06.038 | INFO     | api:get_file:84 - Loading File 126d5040-b1cc-351a-0936-311e427db243
2026-07-27 15:37:06.432 | SUCCESS  | monitor:scan:235 - Changed : 760380
2026-07-27 15:37:06.438 | INFO     | storage:add_property:113 - Added Property 760380
2026-07-27 15:37:06.440 | SUCCESS  | storage:save_day:81 - 1405-04-17.json Saved
2026-07-27 15:37:06.441 | INFO     | state_manager:save:61 - State Saved
2026-07-27 15:37:06.441 | INFO     | monitor:scan:197 - Checking 760379
2026-07-27 15:37:06.442 | INFO     | api:get_file:84 - Loading File 126d504f-0685-943c-fe98-88a7bc2cfd4a
2026-07-27 15:37:06.845 | SUCCESS  | monitor:scan:235 - Changed : 760379
2026-07-27 15:37:06.858 | INFO     | storage:add_property:113 - Added Property 760379
2026-07-27 15:37:06.859 | SUCCESS  | storage:save_day:81 - 1405-04-17.json Saved
2026-07-27 15:37:06.860 | INFO     | state_manager:save:61 - State Saved
2026-07-27 15:37:06.860 | INFO     | monitor:scan:197 - Checking 760371
2026-07-27 15:37:06.860 | INFO     | api:get_file:84 - Loading File 126d5040-b5a7-4762-28dc-ca94f17d7548
2026-07-27 15:37:07.259 | SUCCESS  | monitor:scan:235 - Changed : 760371
2026-07-27 15:37:07.270 | INFO     | storage:add_property:113 - Added Property 760371
2026-07-27 15:37:07.271 | SUCCESS  | storage:save_day:81 - 1405-04-17.json Saved
2026-07-27 15:37:07.272 | INFO     | state_manager:save:61 - State Saved
2026-07-27 15:37:07.273 | INFO     | monitor:scan:197 - Checking 760370
2026-07-27 15:37:07.273 | INFO     | api:get_file:84 - Loading File 126d5040-654d-3e23-50d2-c9cd5d1e5e40
2026-07-27 15:37:07.662 | SUCCESS  | monitor:scan:235 - Changed : 760370
2026-07-27 15:37:07.671 | INFO     | storage:add_property:113 - Added Property 760370
2026-07-27 15:37:07.673 | SUCCESS  | storage:save_day:81 - 1405-04-17.json Saved
2026-07-27 15:37:07.674 | INFO     | state_manager:save:61 - State Saved
2026-07-27 15:37:07.674 | INFO     | monitor:scan:197 - Checking 760369
2026-07-27 15:37:07.674 | INFO     | api:get_file:84 - Loading File 126d504e-b2e7-611f-6040-8ad729787d4a
2026-07-27 15:37:08.076 | SUCCESS  | monitor:scan:235 - Changed : 760369
2026-07-27 15:37:08.086 | INFO     | storage:add_property:113 - Added Property 760369
2026-07-27 15:37:08.087 | SUCCESS  | storage:save_day:81 - 1405-04-17.json Saved
2026-07-27 15:37:08.088 | INFO     | state_manager:save:61 - State Saved
2026-07-27 15:37:08.088 | INFO     | monitor:scan:197 - Checking 760363
2026-07-27 15:37:08.089 | INFO     | api:get_file:84 - Loading File 126d5040-ab09-89fb-9faf-c419e556e84f
2026-07-27 15:37:08.499 | SUCCESS  | monitor:scan:235 - Changed : 760363
2026-07-27 15:37:08.507 | INFO     | storage:add_property:113 - Added Property 760363
2026-07-27 15:37:08.509 | SUCCESS  | storage:save_day:81 - 1405-04-17.json Saved
2026-07-27 15:37:08.510 | INFO     | state_manager:save:61 - State Saved
2026-07-27 15:37:08.510 | INFO     | monitor:scan:197 - Checking 760362
2026-07-27 15:37:08.510 | INFO     | api:get_file:84 - Loading File 126d503f-a44d-8925-297c-c099dc1c7144
2026-07-27 15:37:08.729 | SUCCESS  | monitor:scan:235 - Changed : 760362
2026-07-27 15:37:08.739 | INFO     | storage:add_property:113 - Added Property 760362
2026-07-27 15:37:08.741 | SUCCESS  | storage:save_day:81 - 1405-04-17.json Saved
2026-07-27 15:37:08.742 | INFO     | state_manager:save:61 - State Saved
2026-07-27 15:37:08.742 | INFO     | monitor:scan:197 - Checking 760359
2026-07-27 15:37:08.742 | INFO     | api:get_file:84 - Loading File 126d504e-ec78-3f84-93a8-9af6ac0f334c
2026-07-27 15:37:09.132 | SUCCESS  | monitor:scan:235 - Changed : 760359
2026-07-27 15:37:09.144 | INFO     | storage:add_property:113 - Added Property 760359
2026-07-27 15:37:09.146 | SUCCESS  | storage:save_day:81 - 1405-04-17.json Saved
2026-07-27 15:37:09.147 | INFO     | state_manager:save:61 - State Saved
2026-07-27 15:37:09.148 | INFO     | monitor:scan:197 - Checking 760357
2026-07-27 15:37:09.148 | INFO     | api:get_file:84 - Loading File 126d5021-e949-931b-90a5-420aad41a14a
2026-07-27 15:37:09.370 | SUCCESS  | monitor:scan:235 - Changed : 760357
2026-07-27 15:37:09.380 | INFO     | storage:add_property:113 - Added Property 760357
2026-07-27 15:37:09.382 | SUCCESS  | storage:save_day:81 - 1405-04-17.json Saved
2026-07-27 15:37:09.383 | INFO     | state_manager:save:61 - State Saved
2026-07-27 15:37:09.383 | INFO     | monitor:scan:197 - Checking 760355
2026-07-27 15:37:09.384 | INFO     | api:get_file:84 - Loading File 126d503f-c6b8-64d7-f3bf-4fdaf76e4648
2026-07-27 15:37:09.779 | SUCCESS  | monitor:scan:235 - Changed : 760355
2026-07-27 15:37:09.792 | INFO     | storage:add_property:113 - Added Property 760355
2026-07-27 15:37:09.794 | SUCCESS  | storage:save_day:81 - 1405-04-17.json Saved
2026-07-27 15:37:09.795 | INFO     | state_manager:save:61 - State Saved
2026-07-27 15:37:09.795 | INFO     | monitor:scan:197 - Checking 760354
2026-07-27 15:37:09.795 | INFO     | api:get_file:84 - Loading File 126d5040-7150-950a-1fd1-7629759f4463
2026-07-27 15:37:10.361 | SUCCESS  | monitor:scan:235 - Changed : 760354
2026-07-27 15:37:10.374 | INFO     | storage:add_property:113 - Added Property 760354
2026-07-27 15:37:10.376 | SUCCESS  | storage:save_day:81 - 1405-04-17.json Saved
2026-07-27 15:37:10.377 | INFO     | state_manager:save:61 - State Saved
2026-07-27 15:37:10.377 | INFO     | monitor:scan:197 - Checking 760353
2026-07-27 15:37:10.377 | INFO     | api:get_file:84 - Loading File 126d504e-e091-9883-4969-1358a66bd348
2026-07-27 15:37:10.780 | SUCCESS  | monitor:scan:235 - Changed : 760353
2026-07-27 15:37:10.795 | INFO     | storage:add_property:113 - Added Property 760353
2026-07-27 15:37:10.797 | SUCCESS  | storage:save_day:81 - 1405-04-17.json Saved
2026-07-27 15:37:10.798 | INFO     | state_manager:save:61 - State Saved
2026-07-27 15:37:10.798 | INFO     | monitor:scan:197 - Checking 760352
2026-07-27 15:37:10.798 | INFO     | api:get_file:84 - Loading File 126d504f-09a1-29ea-734b-8ca0dab5d743
2026-07-27 15:37:11.378 | SUCCESS  | monitor:scan:235 - Changed : 760352
2026-07-27 15:37:11.390 | INFO     | storage:add_property:113 - Added Property 760352
2026-07-27 15:37:11.392 | SUCCESS  | storage:save_day:81 - 1405-04-17.json Saved
2026-07-27 15:37:11.393 | INFO     | state_manager:save:61 - State Saved
2026-07-27 15:37:11.394 | INFO     | monitor:scan:197 - Checking 760349
2026-07-27 15:37:11.394 | INFO     | api:get_file:84 - Loading File 126d504e-97e8-679d-55c0-b3b8e425294e
2026-07-27 15:37:11.788 | SUCCESS  | monitor:scan:235 - Changed : 760349
2026-07-27 15:37:11.805 | INFO     | storage:add_property:113 - Added Property 760349
2026-07-27 15:37:11.807 | SUCCESS  | storage:save_day:81 - 1405-04-17.json Saved
2026-07-27 15:37:11.808 | INFO     | state_manager:save:61 - State Saved
2026-07-27 15:37:11.808 | INFO     | monitor:scan:197 - Checking 760348
2026-07-27 15:37:11.808 | INFO     | api:get_file:84 - Loading File 126d5021-1854-3b38-1413-308016787845
2026-07-27 15:37:12.198 | SUCCESS  | monitor:scan:235 - Changed : 760348
2026-07-27 15:37:12.205 | INFO     | storage:add_property:113 - Added Property 760348
2026-07-27 15:37:12.207 | SUCCESS  | storage:save_day:81 - 1405-04-17.json Saved
2026-07-27 15:37:12.208 | INFO     | state_manager:save:61 - State Saved
2026-07-27 15:37:12.208 | INFO     | monitor:scan:197 - Checking 760346
2026-07-27 15:37:12.208 | INFO     | api:get_file:84 - Loading File 1b0a45f6-18d7-9c8b-f861-8fff6465dd49
2026-07-27 15:37:12.590 | SUCCESS  | monitor:scan:235 - Changed : 760346
2026-07-27 15:37:12.603 | INFO     | storage:add_property:113 - Added Property 760346
2026-07-27 15:37:12.605 | SUCCESS  | storage:save_day:81 - 1405-04-17.json Saved
2026-07-27 15:37:12.607 | INFO     | state_manager:save:61 - State Saved
2026-07-27 15:37:12.607 | INFO     | monitor:scan:197 - Checking 758561
2026-07-27 15:37:12.607 | INFO     | api:get_file:84 - Loading File 126d4a78-6be2-55ff-fdaf-157aa7b13a48
2026-07-27 15:37:13.014 | SUCCESS  | monitor:scan:235 - Changed : 758561
2026-07-27 15:37:13.023 | INFO     | storage:add_property:113 - Added Property 758561
2026-07-27 15:37:13.026 | SUCCESS  | storage:save_day:81 - 1405-04-17.json Saved
2026-07-27 15:37:13.027 | INFO     | state_manager:save:61 - State Saved
2026-07-27 15:37:13.027 | INFO     | monitor:scan:197 - Checking 745096
2026-07-27 15:37:13.027 | INFO     | api:get_file:84 - Loading File 126d4435-3838-95c9-c6f7-b53295633044
2026-07-27 15:37:13.426 | SUCCESS  | monitor:scan:235 - Changed : 745096
2026-07-27 15:37:13.434 | INFO     | storage:add_property:113 - Added Property 745096
2026-07-27 15:37:13.437 | SUCCESS  | storage:save_day:81 - 1405-04-17.json Saved
2026-07-27 15:37:13.438 | INFO     | state_manager:save:61 - State Saved
2026-07-27 15:37:13.438 | INFO     | monitor:scan:197 - Checking 731998
2026-07-27 15:37:13.438 | INFO     | api:get_file:84 - Loading File 126d32fb-b693-563d-357e-98b00d1a084e
2026-07-27 15:37:13.829 | SUCCESS  | monitor:scan:235 - Changed : 731998
2026-07-27 15:37:13.844 | INFO     | storage:add_property:113 - Added Property 731998
2026-07-27 15:37:13.847 | SUCCESS  | storage:save_day:81 - 1405-04-17.json Saved
2026-07-27 15:37:13.848 | INFO     | state_manager:save:61 - State Saved
2026-07-27 15:37:13.848 | INFO     | monitor:scan:197 - Checking 720311
2026-07-27 15:37:13.848 | INFO     | api:get_file:84 - Loading File 126d2d34-865a-7a34-8b42-701098a2e241
2026-07-27 15:37:14.248 | SUCCESS  | monitor:scan:235 - Changed : 720311
2026-07-27 15:37:14.256 | INFO     | storage:add_property:113 - Added Property 720311
2026-07-27 15:37:14.259 | SUCCESS  | storage:save_day:81 - 1405-04-17.json Saved
2026-07-27 15:37:14.260 | INFO     | state_manager:save:61 - State Saved
2026-07-27 15:37:14.260 | INFO     | monitor:scan:197 - Checking 719271
2026-07-27 15:37:14.260 | INFO     | api:get_file:84 - Loading File 126d2c4e-45f3-2022-97ef-6878a4a794e1
2026-07-27 15:37:14.475 | SUCCESS  | monitor:scan:235 - Changed : 719271
2026-07-27 15:37:14.486 | INFO     | storage:add_property:113 - Added Property 719271
2026-07-27 15:37:14.489 | SUCCESS  | storage:save_day:81 - 1405-04-17.json Saved
2026-07-27 15:37:14.490 | INFO     | state_manager:save:61 - State Saved
2026-07-27 15:37:14.490 | INFO     | monitor:scan:197 - Checking 718202
2026-07-27 15:37:14.490 | INFO     | api:get_file:84 - Loading File 126b1a99-fd4a-8649-289d-726cec6e2d4b
2026-07-27 15:37:14.710 | SUCCESS  | monitor:scan:235 - Changed : 718202
2026-07-27 15:37:14.723 | INFO     | storage:add_property:113 - Added Property 718202
2026-07-27 15:37:14.726 | SUCCESS  | storage:save_day:81 - 1405-04-17.json Saved
2026-07-27 15:37:14.728 | INFO     | state_manager:save:61 - State Saved
2026-07-27 15:37:14.728 | INFO     | monitor:scan:197 - Checking 715174
2026-07-27 15:37:14.728 | INFO     | api:get_file:84 - Loading File 126b13af-6062-6994-0351-0e78c05c8f4b
2026-07-27 15:37:15.305 | SUCCESS  | monitor:scan:235 - Changed : 715174
2026-07-27 15:37:15.318 | INFO     | storage:add_property:113 - Added Property 715174
2026-07-27 15:37:15.321 | SUCCESS  | storage:save_day:81 - 1405-04-17.json Saved
2026-07-27 15:37:15.322 | INFO     | state_manager:save:61 - State Saved
2026-07-27 15:37:15.322 | INFO     | monitor:scan:197 - Checking 699650
2026-07-27 15:37:15.322 | INFO     | api:get_file:84 - Loading File 126b02ef-ccfa-60ac-6429-3f39d78ee94b
2026-07-27 15:37:15.540 | SUCCESS  | monitor:scan:235 - Changed : 699650
2026-07-27 15:37:15.547 | INFO     | storage:add_property:113 - Added Property 699650
2026-07-27 15:37:15.550 | SUCCESS  | storage:save_day:81 - 1405-04-17.json Saved
2026-07-27 15:37:15.551 | INFO     | state_manager:save:61 - State Saved
2026-07-27 15:37:15.551 | INFO     | monitor:scan:197 - Checking 694320
2026-07-27 15:37:15.551 | INFO     | api:get_file:84 - Loading File 1b0a45f6-0e9f-5b57-fa42-4cbf9579044c
2026-07-27 15:37:15.951 | SUCCESS  | monitor:scan:235 - Changed : 694320
2026-07-27 15:37:15.968 | INFO     | storage:add_property:113 - Added Property 694320
2026-07-27 15:37:15.972 | SUCCESS  | storage:save_day:81 - 1405-04-17.json Saved
2026-07-27 15:37:15.973 | INFO     | state_manager:save:61 - State Saved
2026-07-27 15:37:15.973 | INFO     | monitor:scan:197 - Checking 693287
2026-07-27 15:37:15.973 | INFO     | api:get_file:84 - Loading File 126af620-66c6-389c-e290-5336e4d96e42
2026-07-27 15:37:16.364 | SUCCESS  | monitor:scan:235 - Changed : 693287
2026-07-27 15:37:16.374 | INFO     | storage:add_property:113 - Added Property 693287
2026-07-27 15:37:16.377 | SUCCESS  | storage:save_day:81 - 1405-04-17.json Saved
2026-07-27 15:37:16.378 | INFO     | state_manager:save:61 - State Saved
2026-07-27 15:37:16.379 | INFO     | monitor:scan:197 - Checking 692157
2026-07-27 15:37:16.379 | INFO     | api:get_file:84 - Loading File 1b0a45f6-06fe-71b4-5821-8b05e452b344
2026-07-27 15:37:16.770 | SUCCESS  | monitor:scan:235 - Changed : 692157
2026-07-27 15:37:16.778 | INFO     | storage:add_property:113 - Added Property 692157
2026-07-27 15:37:16.781 | SUCCESS  | storage:save_day:81 - 1405-04-17.json Saved
2026-07-27 15:37:16.783 | INFO     | state_manager:save:61 - State Saved
2026-07-27 15:37:16.783 | INFO     | monitor:scan:197 - Checking 691895
2026-07-27 15:37:16.783 | INFO     | api:get_file:84 - Loading File 126af14b-1806-4402-9384-e94c17d6bc4b
2026-07-27 15:37:17.181 | SUCCESS  | monitor:scan:235 - Changed : 691895
2026-07-27 15:37:17.190 | INFO     | storage:add_property:113 - Added Property 691895
2026-07-27 15:37:17.194 | SUCCESS  | storage:save_day:81 - 1405-04-17.json Saved
2026-07-27 15:37:17.196 | INFO     | state_manager:save:61 - State Saved
2026-07-27 15:37:17.196 | INFO     | monitor:scan:197 - Checking 690816
2026-07-27 15:37:17.196 | INFO     | api:get_file:84 - Loading File 1b0a45f6-0c28-1066-0ca2-5aabf63c5442
2026-07-27 15:37:17.412 | SUCCESS  | monitor:scan:235 - Changed : 690816
2026-07-27 15:37:17.422 | INFO     | storage:add_property:113 - Added Property 690816
2026-07-27 15:37:17.425 | SUCCESS  | storage:save_day:81 - 1405-04-17.json Saved
2026-07-27 15:37:17.427 | INFO     | state_manager:save:61 - State Saved
2026-07-27 15:37:17.427 | INFO     | monitor:scan:197 - Checking 690286
2026-07-27 15:37:17.427 | INFO     | api:get_file:84 - Loading File 126af075-ba76-43d7-8442-f0f245985e44
2026-07-27 15:37:17.640 | SUCCESS  | monitor:scan:235 - Changed : 690286
2026-07-27 15:37:17.647 | INFO     | storage:add_property:113 - Added Property 690286
2026-07-27 15:37:17.651 | SUCCESS  | storage:save_day:81 - 1405-04-17.json Saved
2026-07-27 15:37:17.652 | INFO     | state_manager:save:61 - State Saved
2026-07-27 15:37:17.652 | INFO     | monitor:scan:197 - Checking 689125
2026-07-27 15:37:17.652 | INFO     | api:get_file:84 - Loading File 1b0a45f6-1229-45e7-00a9-8473355f7141
2026-07-27 15:37:17.869 | SUCCESS  | monitor:scan:235 - Changed : 689125
2026-07-27 15:37:17.886 | INFO     | storage:add_property:113 - Added Property 689125
2026-07-27 15:37:17.889 | SUCCESS  | storage:save_day:81 - 1405-04-17.json Saved
2026-07-27 15:37:17.891 | INFO     | state_manager:save:61 - State Saved
2026-07-27 15:37:17.891 | INFO     | monitor:scan:197 - Checking 686671
2026-07-27 15:37:17.891 | INFO     | api:get_file:84 - Loading File 1b0a45f6-0416-6917-bc1c-56093e109247
2026-07-27 15:37:18.284 | SUCCESS  | monitor:scan:235 - Changed : 686671
2026-07-27 15:37:18.297 | INFO     | storage:add_property:113 - Added Property 686671
2026-07-27 15:37:18.301 | SUCCESS  | storage:save_day:81 - 1405-04-17.json Saved
2026-07-27 15:37:18.302 | INFO     | state_manager:save:61 - State Saved
2026-07-27 15:37:18.302 | INFO     | monitor:scan:125 - Loading Page 6
2026-07-27 15:37:18.303 | INFO     | api:get_files:60 - Loading Page 6
2026-07-27 15:37:21.765 | INFO     | monitor:scan:197 - Checking 684106
2026-07-27 15:37:21.765 | INFO     | api:get_file:84 - Loading File 1b0a45f6-02e6-3dca-f3b5-a365ec7af84d
2026-07-27 15:37:21.990 | SUCCESS  | monitor:scan:235 - Changed : 684106
2026-07-27 15:37:22.000 | INFO     | storage:add_property:113 - Added Property 684106
2026-07-27 15:37:22.004 | SUCCESS  | storage:save_day:81 - 1405-04-17.json Saved
2026-07-27 15:37:22.005 | INFO     | state_manager:save:61 - State Saved
2026-07-27 15:37:22.006 | INFO     | monitor:scan:197 - Checking 684049
2026-07-27 15:37:22.006 | INFO     | api:get_file:84 - Loading File 1b0a45f6-03e5-cc49-01db-6df0ade98440
2026-07-27 15:37:22.228 | SUCCESS  | monitor:scan:235 - Changed : 684049
2026-07-27 15:37:22.235 | INFO     | storage:add_property:113 - Added Property 684049
2026-07-27 15:37:22.239 | SUCCESS  | storage:save_day:81 - 1405-04-17.json Saved
2026-07-27 15:37:22.240 | INFO     | state_manager:save:61 - State Saved
2026-07-27 15:37:22.240 | INFO     | monitor:scan:197 - Checking 760296
2026-07-27 15:37:22.240 | INFO     | api:get_file:84 - Loading File 126d503f-79a8-9413-2099-29d51714bc4c
2026-07-27 15:37:22.459 | SUCCESS  | monitor:scan:235 - Changed : 760296
2026-07-27 15:37:22.460 | INFO     | storage:add_property:113 - Added Property 760296
2026-07-27 15:37:22.461 | SUCCESS  | storage:save_day:81 - 1405-04-16.json Saved
2026-07-27 15:37:22.463 | INFO     | state_manager:save:61 - State Saved
2026-07-27 15:37:22.463 | INFO     | monitor:scan:197 - Checking 760294
2026-07-27 15:37:22.463 | INFO     | api:get_file:84 - Loading File 126d503f-7641-5d35-f608-2acccfb73a4b
2026-07-27 15:37:22.684 | SUCCESS  | monitor:scan:235 - Changed : 760294
2026-07-27 15:37:22.691 | INFO     | storage:add_property:113 - Added Property 760294
2026-07-27 15:37:22.692 | SUCCESS  | storage:save_day:81 - 1405-04-16.json Saved
2026-07-27 15:37:22.693 | INFO     | state_manager:save:61 - State Saved
2026-07-27 15:37:22.693 | INFO     | monitor:scan:197 - Checking 760292
2026-07-27 15:37:22.693 | INFO     | api:get_file:84 - Loading File 1b0a45ff-064b-ba98-84db-c2bb8955ec4a
2026-07-27 15:37:22.909 | SUCCESS  | monitor:scan:235 - Changed : 760292
2026-07-27 15:37:22.915 | INFO     | storage:add_property:113 - Added Property 760292
2026-07-27 15:37:22.916 | SUCCESS  | storage:save_day:81 - 1405-04-16.json Saved
2026-07-27 15:37:22.918 | INFO     | state_manager:save:61 - State Saved
2026-07-27 15:37:22.918 | INFO     | monitor:scan:197 - Checking 760289
2026-07-27 15:37:22.918 | INFO     | api:get_file:84 - Loading File 126d5022-2916-518e-b1ea-194542fa124e
2026-07-27 15:37:23.353 | SUCCESS  | monitor:scan:235 - Changed : 760289
2026-07-27 15:37:23.364 | INFO     | storage:add_property:113 - Added Property 760289
2026-07-27 15:37:23.365 | SUCCESS  | storage:save_day:81 - 1405-04-16.json Saved
2026-07-27 15:37:23.366 | INFO     | state_manager:save:61 - State Saved
2026-07-27 15:37:23.366 | INFO     | monitor:scan:197 - Checking 760287
2026-07-27 15:37:23.366 | INFO     | api:get_file:84 - Loading File 126d503f-9890-1f77-939e-29546dbe7b41
2026-07-27 15:37:23.754 | SUCCESS  | monitor:scan:235 - Changed : 760287
2026-07-27 15:37:23.761 | INFO     | storage:add_property:113 - Added Property 760287
2026-07-27 15:37:23.762 | SUCCESS  | storage:save_day:81 - 1405-04-16.json Saved
2026-07-27 15:37:23.763 | INFO     | state_manager:save:61 - State Saved
2026-07-27 15:37:23.763 | INFO     | monitor:scan:197 - Checking 760286
2026-07-27 15:37:23.763 | INFO     | api:get_file:84 - Loading File 126d5022-03f7-33a8-797b-c88cd98fb45b
2026-07-27 15:37:24.210 | SUCCESS  | monitor:scan:235 - Changed : 760286
2026-07-27 15:37:24.218 | INFO     | storage:add_property:113 - Added Property 760286
2026-07-27 15:37:24.219 | SUCCESS  | storage:save_day:81 - 1405-04-16.json Saved
2026-07-27 15:37:24.221 | INFO     | state_manager:save:61 - State Saved
2026-07-27 15:37:24.221 | INFO     | monitor:scan:197 - Checking 760281
2026-07-27 15:37:24.221 | INFO     | api:get_file:84 - Loading File 126d5021-e51d-2517-04e2-97f643ed1c4b
2026-07-27 15:37:24.438 | SUCCESS  | monitor:scan:235 - Changed : 760281
2026-07-27 15:37:24.448 | INFO     | storage:add_property:113 - Added Property 760281
2026-07-27 15:37:24.449 | SUCCESS  | storage:save_day:81 - 1405-04-16.json Saved
2026-07-27 15:37:24.450 | INFO     | state_manager:save:61 - State Saved
2026-07-27 15:37:24.450 | INFO     | monitor:scan:197 - Checking 760276
2026-07-27 15:37:24.451 | INFO     | api:get_file:84 - Loading File 126d503f-56e1-7566-7bee-83a4c2c6e4ce
2026-07-27 15:37:24.838 | SUCCESS  | monitor:scan:235 - Changed : 760276
2026-07-27 15:37:24.856 | INFO     | storage:add_property:113 - Added Property 760276
2026-07-27 15:37:24.858 | SUCCESS  | storage:save_day:81 - 1405-04-16.json Saved
2026-07-27 15:37:24.859 | INFO     | state_manager:save:61 - State Saved
2026-07-27 15:37:24.859 | INFO     | monitor:scan:197 - Checking 760275
2026-07-27 15:37:24.859 | INFO     | api:get_file:84 - Loading File 126d503f-c004-6b61-fa78-a853e8d00a42
2026-07-27 15:37:25.075 | SUCCESS  | monitor:scan:235 - Changed : 760275
2026-07-27 15:37:25.086 | INFO     | storage:add_property:113 - Added Property 760275
2026-07-27 15:37:25.087 | SUCCESS  | storage:save_day:81 - 1405-04-16.json Saved
2026-07-27 15:37:25.088 | INFO     | state_manager:save:61 - State Saved
2026-07-27 15:37:25.088 | INFO     | monitor:scan:197 - Checking 760274
2026-07-27 15:37:25.088 | INFO     | api:get_file:84 - Loading File 126d503f-744d-2bc2-1141-086436bbcd49
2026-07-27 15:37:25.304 | SUCCESS  | monitor:scan:235 - Changed : 760274
2026-07-27 15:37:25.314 | INFO     | storage:add_property:113 - Added Property 760274
2026-07-27 15:37:25.316 | SUCCESS  | storage:save_day:81 - 1405-04-16.json Saved
2026-07-27 15:37:25.317 | INFO     | state_manager:save:61 - State Saved
2026-07-27 15:37:25.317 | INFO     | monitor:scan:197 - Checking 760273
2026-07-27 15:37:25.317 | INFO     | api:get_file:84 - Loading File 1b0a45f6-06c0-d4c0-8846-bf782a1f7844
2026-07-27 15:37:25.704 | SUCCESS  | monitor:scan:235 - Changed : 760273
2026-07-27 15:37:25.712 | INFO     | storage:add_property:113 - Added Property 760273
2026-07-27 15:37:25.714 | SUCCESS  | storage:save_day:81 - 1405-04-16.json Saved
2026-07-27 15:37:25.715 | INFO     | state_manager:save:61 - State Saved
2026-07-27 15:37:25.715 | INFO     | monitor:scan:197 - Checking 760272
2026-07-27 15:37:25.716 | INFO     | api:get_file:84 - Loading File 126d503f-5f01-707f-fffb-fc5b71908c45
2026-07-27 15:37:25.933 | SUCCESS  | monitor:scan:235 - Changed : 760272
2026-07-27 15:37:25.949 | INFO     | storage:add_property:113 - Added Property 760272
2026-07-27 15:37:25.951 | SUCCESS  | storage:save_day:81 - 1405-04-16.json Saved
2026-07-27 15:37:25.952 | INFO     | state_manager:save:61 - State Saved
2026-07-27 15:37:25.952 | INFO     | monitor:scan:197 - Checking 760265
2026-07-27 15:37:25.952 | INFO     | api:get_file:84 - Loading File 126d503f-aa2f-91aa-a464-6b4cf888b44c
2026-07-27 15:37:26.348 | SUCCESS  | monitor:scan:235 - Changed : 760265
2026-07-27 15:37:26.361 | INFO     | storage:add_property:113 - Added Property 760265
2026-07-27 15:37:26.363 | SUCCESS  | storage:save_day:81 - 1405-04-16.json Saved
2026-07-27 15:37:26.364 | INFO     | state_manager:save:61 - State Saved
2026-07-27 15:37:26.364 | INFO     | monitor:scan:197 - Checking 760259
2026-07-27 15:37:26.365 | INFO     | api:get_file:84 - Loading File 1b0a45f6-0712-77d4-2848-96a0c2d76f43
2026-07-27 15:37:26.755 | SUCCESS  | monitor:scan:235 - Changed : 760259
2026-07-27 15:37:26.768 | INFO     | storage:add_property:113 - Added Property 760259
2026-07-27 15:37:26.770 | SUCCESS  | storage:save_day:81 - 1405-04-16.json Saved
2026-07-27 15:37:26.771 | INFO     | state_manager:save:61 - State Saved
2026-07-27 15:37:26.771 | INFO     | monitor:scan:197 - Checking 760255
2026-07-27 15:37:26.771 | INFO     | api:get_file:84 - Loading File 126d5021-2801-8a73-83cf-4ed51ca5154f
2026-07-27 15:37:27.397 | SUCCESS  | monitor:scan:235 - Changed : 760255
2026-07-27 15:37:27.409 | INFO     | storage:add_property:113 - Added Property 760255
2026-07-27 15:37:27.411 | SUCCESS  | storage:save_day:81 - 1405-04-16.json Saved
2026-07-27 15:37:27.413 | INFO     | state_manager:save:61 - State Saved
2026-07-27 15:37:27.413 | INFO     | monitor:scan:197 - Checking 760253
2026-07-27 15:37:27.413 | INFO     | api:get_file:84 - Loading File 126d4ff4-2293-43c3-d801-55056fea1a45
2026-07-27 15:37:27.807 | SUCCESS  | monitor:scan:235 - Changed : 760253
2026-07-27 15:37:27.814 | INFO     | storage:add_property:113 - Added Property 760253
2026-07-27 15:37:27.816 | SUCCESS  | storage:save_day:81 - 1405-04-16.json Saved
2026-07-27 15:37:27.817 | INFO     | state_manager:save:61 - State Saved
2026-07-27 15:37:27.818 | INFO     | monitor:scan:197 - Checking 760249
2026-07-27 15:37:27.818 | INFO     | api:get_file:84 - Loading File 126d503f-5ebe-3a91-9138-3328b96cd247
2026-07-27 15:37:28.204 | SUCCESS  | monitor:scan:235 - Changed : 760249
2026-07-27 15:37:28.212 | INFO     | storage:add_property:113 - Added Property 760249
2026-07-27 15:37:28.215 | SUCCESS  | storage:save_day:81 - 1405-04-16.json Saved
2026-07-27 15:37:28.216 | INFO     | state_manager:save:61 - State Saved
2026-07-27 15:37:28.217 | INFO     | monitor:scan:197 - Checking 760246
2026-07-27 15:37:28.217 | INFO     | api:get_file:84 - Loading File 126d503f-c0d7-87ba-b1a2-2899f06ee04e
2026-07-27 15:37:28.612 | SUCCESS  | monitor:scan:235 - Changed : 760246
2026-07-27 15:37:28.625 | INFO     | storage:add_property:113 - Added Property 760246
2026-07-27 15:37:28.627 | SUCCESS  | storage:save_day:81 - 1405-04-16.json Saved
2026-07-27 15:37:28.628 | INFO     | state_manager:save:61 - State Saved
2026-07-27 15:37:28.628 | INFO     | monitor:scan:197 - Checking 760244
2026-07-27 15:37:28.628 | INFO     | api:get_file:84 - Loading File 126d503f-9fa0-1ca0-fa09-683401827b4d
2026-07-27 15:37:29.018 | SUCCESS  | monitor:scan:235 - Changed : 760244
2026-07-27 15:37:29.025 | INFO     | storage:add_property:113 - Added Property 760244
2026-07-27 15:37:29.027 | SUCCESS  | storage:save_day:81 - 1405-04-16.json Saved
2026-07-27 15:37:29.028 | INFO     | state_manager:save:61 - State Saved
2026-07-27 15:37:29.029 | INFO     | monitor:scan:197 - Checking 760243
2026-07-27 15:37:29.029 | INFO     | api:get_file:84 - Loading File 126d503f-5250-3a13-bd30-7d2c2fbd7440
2026-07-27 15:37:29.246 | SUCCESS  | monitor:scan:235 - Changed : 760243
2026-07-27 15:37:29.254 | INFO     | storage:add_property:113 - Added Property 760243
2026-07-27 15:37:29.256 | SUCCESS  | storage:save_day:81 - 1405-04-16.json Saved
2026-07-27 15:37:29.258 | INFO     | state_manager:save:61 - State Saved
2026-07-27 15:37:29.258 | INFO     | monitor:scan:197 - Checking 760242
2026-07-27 15:37:29.258 | INFO     | api:get_file:84 - Loading File 126d503f-ad9c-4284-90e5-c989869b2645
2026-07-27 15:37:29.653 | SUCCESS  | monitor:scan:235 - Changed : 760242
2026-07-27 15:37:29.666 | INFO     | storage:add_property:113 - Added Property 760242
2026-07-27 15:37:29.669 | SUCCESS  | storage:save_day:81 - 1405-04-16.json Saved
2026-07-27 15:37:29.670 | INFO     | state_manager:save:61 - State Saved
2026-07-27 15:37:29.670 | INFO     | monitor:scan:197 - Checking 760235
2026-07-27 15:37:29.670 | INFO     | api:get_file:84 - Loading File 126d503f-8638-8dc7-0abe-4f6a88750b41
2026-07-27 15:37:29.886 | SUCCESS  | monitor:scan:235 - Changed : 760235
2026-07-27 15:37:29.900 | INFO     | storage:add_property:113 - Added Property 760235
2026-07-27 15:37:29.902 | SUCCESS  | storage:save_day:81 - 1405-04-16.json Saved
2026-07-27 15:37:29.903 | INFO     | state_manager:save:61 - State Saved
2026-07-27 15:37:29.903 | INFO     | monitor:scan:197 - Checking 760232
2026-07-27 15:37:29.903 | INFO     | api:get_file:84 - Loading File 126d503f-8741-171c-40a7-eb157093bd4c
2026-07-27 15:37:30.122 | SUCCESS  | monitor:scan:235 - Changed : 760232
2026-07-27 15:37:30.132 | INFO     | storage:add_property:113 - Added Property 760232
2026-07-27 15:37:30.134 | SUCCESS  | storage:save_day:81 - 1405-04-16.json Saved
2026-07-27 15:37:30.135 | INFO     | state_manager:save:61 - State Saved
2026-07-27 15:37:30.135 | INFO     | monitor:scan:197 - Checking 760229
2026-07-27 15:37:30.136 | INFO     | api:get_file:84 - Loading File 126d503f-71ec-4e66-fe89-9a243ebd84e4
2026-07-27 15:37:30.532 | SUCCESS  | monitor:scan:235 - Changed : 760229
2026-07-27 15:37:30.540 | INFO     | storage:add_property:113 - Added Property 760229
2026-07-27 15:37:30.543 | SUCCESS  | storage:save_day:81 - 1405-04-16.json Saved
2026-07-27 15:37:30.544 | INFO     | state_manager:save:61 - State Saved
2026-07-27 15:37:30.544 | INFO     | monitor:scan:197 - Checking 760228
2026-07-27 15:37:30.544 | INFO     | api:get_file:84 - Loading File 126d503f-c3c8-108d-70d0-a24321943f45
2026-07-27 15:37:30.945 | SUCCESS  | monitor:scan:235 - Changed : 760228
2026-07-27 15:37:30.953 | INFO     | storage:add_property:113 - Added Property 760228
2026-07-27 15:37:30.956 | SUCCESS  | storage:save_day:81 - 1405-04-16.json Saved
2026-07-27 15:37:30.957 | INFO     | state_manager:save:61 - State Saved
2026-07-27 15:37:30.957 | INFO     | monitor:scan:197 - Checking 760227
2026-07-27 15:37:30.957 | INFO     | api:get_file:84 - Loading File 1b0a45ff-05f7-cb93-30fc-667302f78e43
2026-07-27 15:37:31.181 | SUCCESS  | monitor:scan:235 - Changed : 760227
2026-07-27 15:37:31.189 | INFO     | storage:add_property:113 - Added Property 760227
2026-07-27 15:37:31.192 | SUCCESS  | storage:save_day:81 - 1405-04-16.json Saved
2026-07-27 15:37:31.193 | INFO     | state_manager:save:61 - State Saved
2026-07-27 15:37:31.193 | INFO     | monitor:scan:197 - Checking 756262
2026-07-27 15:37:31.194 | INFO     | api:get_file:84 - Loading File 126d451a-1e43-8a3d-3104-a378f9dd714b
2026-07-27 15:37:31.420 | SUCCESS  | monitor:scan:235 - Changed : 756262
2026-07-27 15:37:31.431 | INFO     | storage:add_property:113 - Added Property 756262
2026-07-27 15:37:31.433 | SUCCESS  | storage:save_day:81 - 1405-04-16.json Saved
2026-07-27 15:37:31.435 | INFO     | state_manager:save:61 - State Saved
2026-07-27 15:37:31.435 | INFO     | monitor:scan:197 - Checking 755373
2026-07-27 15:37:31.435 | INFO     | api:get_file:84 - Loading File 1b0a45f6-01de-d270-52e5-aebd8c18df40
2026-07-27 15:37:31.823 | SUCCESS  | monitor:scan:235 - Changed : 755373
2026-07-27 15:37:31.840 | INFO     | storage:add_property:113 - Added Property 755373
2026-07-27 15:37:31.843 | SUCCESS  | storage:save_day:81 - 1405-04-16.json Saved
2026-07-27 15:37:31.844 | INFO     | state_manager:save:61 - State Saved
2026-07-27 15:37:31.844 | INFO     | monitor:scan:197 - Checking 720196
2026-07-27 15:37:31.845 | INFO     | api:get_file:84 - Loading File 126d2d24-5130-4377-bcd8-812329bc5443
2026-07-27 15:37:32.234 | SUCCESS  | monitor:scan:235 - Changed : 720196
2026-07-27 15:37:32.244 | INFO     | storage:add_property:113 - Added Property 720196
2026-07-27 15:37:32.250 | SUCCESS  | storage:save_day:81 - 1405-04-16.json Saved
2026-07-27 15:37:32.252 | INFO     | state_manager:save:61 - State Saved
2026-07-27 15:37:32.252 | INFO     | monitor:scan:197 - Checking 717906
2026-07-27 15:37:32.252 | INFO     | api:get_file:84 - Loading File 126b1a5c-d772-2403-09cc-5cf6eeda3846
2026-07-27 15:37:32.651 | SUCCESS  | monitor:scan:235 - Changed : 717906
2026-07-27 15:37:32.660 | INFO     | storage:add_property:113 - Added Property 717906
2026-07-27 15:37:32.664 | SUCCESS  | storage:save_day:81 - 1405-04-16.json Saved
2026-07-27 15:37:32.665 | INFO     | state_manager:save:61 - State Saved
2026-07-27 15:37:32.665 | INFO     | monitor:scan:197 - Checking 717609
2026-07-27 15:37:32.665 | INFO     | api:get_file:84 - Loading File 126b1a10-6f4b-48be-4096-e18fbf94cb46
2026-07-27 15:37:32.886 | SUCCESS  | monitor:scan:235 - Changed : 717609
2026-07-27 15:37:32.899 | INFO     | storage:add_property:113 - Added Property 717609
2026-07-27 15:37:32.903 | SUCCESS  | storage:save_day:81 - 1405-04-16.json Saved
2026-07-27 15:37:32.904 | INFO     | state_manager:save:61 - State Saved
2026-07-27 15:37:32.904 | INFO     | monitor:scan:197 - Checking 700326
2026-07-27 15:37:32.904 | INFO     | api:get_file:84 - Loading File 126b0388-4362-7116-f937-d104b579af44
2026-07-27 15:37:33.120 | SUCCESS  | monitor:scan:235 - Changed : 700326
2026-07-27 15:37:33.131 | INFO     | storage:add_property:113 - Added Property 700326
2026-07-27 15:37:33.134 | SUCCESS  | storage:save_day:81 - 1405-04-16.json Saved
2026-07-27 15:37:33.136 | INFO     | state_manager:save:61 - State Saved
2026-07-27 15:37:33.136 | INFO     | monitor:scan:197 - Checking 698769
2026-07-27 15:37:33.136 | INFO     | api:get_file:84 - Loading File 1b0a45ff-0696-d3e4-3347-a1ca0e7f3541
2026-07-27 15:37:33.356 | SUCCESS  | monitor:scan:235 - Changed : 698769
2026-07-27 15:37:33.369 | INFO     | storage:add_property:113 - Added Property 698769
2026-07-27 15:37:33.372 | SUCCESS  | storage:save_day:81 - 1405-04-16.json Saved
2026-07-27 15:37:33.374 | INFO     | state_manager:save:61 - State Saved
2026-07-27 15:37:33.374 | INFO     | monitor:scan:197 - Checking 694441
2026-07-27 15:37:33.374 | INFO     | api:get_file:84 - Loading File 126af77e-69ce-9080-886c-6d9f658634a2
2026-07-27 15:37:33.781 | SUCCESS  | monitor:scan:235 - Changed : 694441
2026-07-27 15:37:33.793 | INFO     | storage:add_property:113 - Added Property 694441
2026-07-27 15:37:33.797 | SUCCESS  | storage:save_day:81 - 1405-04-16.json Saved
2026-07-27 15:37:33.798 | INFO     | state_manager:save:61 - State Saved
2026-07-27 15:37:33.798 | INFO     | monitor:scan:197 - Checking 691990
2026-07-27 15:37:33.798 | INFO     | api:get_file:84 - Loading File 126af15a-a422-3bde-ca0b-b22f361b5d4f
2026-07-27 15:37:34.192 | SUCCESS  | monitor:scan:235 - Changed : 691990
2026-07-27 15:37:34.200 | INFO     | storage:add_property:113 - Added Property 691990
2026-07-27 15:37:34.204 | SUCCESS  | storage:save_day:81 - 1405-04-16.json Saved
2026-07-27 15:37:34.205 | INFO     | state_manager:save:61 - State Saved
2026-07-27 15:37:34.205 | INFO     | monitor:scan:197 - Checking 691078
2026-07-27 15:37:34.205 | INFO     | api:get_file:84 - Loading File 1b0a45f6-0225-b14e-4a41-85ce0d96254e
2026-07-27 15:37:34.600 | SUCCESS  | monitor:scan:235 - Changed : 691078
2026-07-27 15:37:34.614 | INFO     | storage:add_property:113 - Added Property 691078
2026-07-27 15:37:34.618 | SUCCESS  | storage:save_day:81 - 1405-04-16.json Saved
2026-07-27 15:37:34.619 | INFO     | state_manager:save:61 - State Saved
2026-07-27 15:37:34.619 | INFO     | monitor:scan:197 - Checking 689227
2026-07-27 15:37:34.619 | INFO     | api:get_file:84 - Loading File 1b0a45f6-0d24-cf0a-c35c-74e2c6a8ea43
2026-07-27 15:37:35.189 | SUCCESS  | monitor:scan:235 - Changed : 689227
2026-07-27 15:37:35.196 | INFO     | storage:add_property:113 - Added Property 689227
2026-07-27 15:37:35.200 | SUCCESS  | storage:save_day:81 - 1405-04-16.json Saved
2026-07-27 15:37:35.201 | INFO     | state_manager:save:61 - State Saved
2026-07-27 15:37:35.201 | INFO     | monitor:scan:197 - Checking 684928
2026-07-27 15:37:35.201 | INFO     | api:get_file:84 - Loading File 1b0a45f6-181b-7a41-f267-df89c9283146
2026-07-27 15:37:35.587 | SUCCESS  | monitor:scan:235 - Changed : 684928
2026-07-27 15:37:35.595 | INFO     | storage:add_property:113 - Added Property 684928
2026-07-27 15:37:35.599 | SUCCESS  | storage:save_day:81 - 1405-04-16.json Saved
2026-07-27 15:37:35.600 | INFO     | state_manager:save:61 - State Saved
2026-07-27 15:37:35.600 | INFO     | monitor:scan:197 - Checking 760163
2026-07-27 15:37:35.601 | INFO     | api:get_file:84 - Loading File 126d5020-db10-48c8-40d6-c368a387b468
2026-07-27 15:37:35.997 | SUCCESS  | monitor:scan:235 - Changed : 760163
2026-07-27 15:37:35.997 | INFO     | storage:add_property:113 - Added Property 760163
2026-07-27 15:37:35.999 | SUCCESS  | storage:save_day:81 - 1405-04-14.json Saved
2026-07-27 15:37:36.000 | INFO     | state_manager:save:61 - State Saved
2026-07-27 15:37:36.001 | INFO     | monitor:scan:197 - Checking 760162
2026-07-27 15:37:36.001 | INFO     | api:get_file:84 - Loading File 1b0a45f6-0f23-598f-5bc2-7b1479b9664c
2026-07-27 15:37:36.386 | SUCCESS  | monitor:scan:235 - Changed : 760162
2026-07-27 15:37:36.394 | INFO     | storage:add_property:113 - Added Property 760162
2026-07-27 15:37:36.395 | SUCCESS  | storage:save_day:81 - 1405-04-14.json Saved
2026-07-27 15:37:36.396 | INFO     | state_manager:save:61 - State Saved
2026-07-27 15:37:36.396 | INFO     | monitor:scan:197 - Checking 760157
2026-07-27 15:37:36.396 | INFO     | api:get_file:84 - Loading File 126d5020-d8a0-8747-a0e4-e108004b5345
2026-07-27 15:37:36.794 | SUCCESS  | monitor:scan:235 - Changed : 760157
2026-07-27 15:37:36.802 | INFO     | storage:add_property:113 - Added Property 760157
2026-07-27 15:37:36.803 | SUCCESS  | storage:save_day:81 - 1405-04-14.json Saved
2026-07-27 15:37:36.804 | INFO     | state_manager:save:61 - State Saved
2026-07-27 15:37:36.804 | INFO     | monitor:scan:197 - Checking 760151
2026-07-27 15:37:36.805 | INFO     | api:get_file:84 - Loading File 126d5021-2094-33fa-4de0-47cdffe7a455
2026-07-27 15:37:37.023 | SUCCESS  | monitor:scan:235 - Changed : 760151
2026-07-27 15:37:37.030 | INFO     | storage:add_property:113 - Added Property 760151
2026-07-27 15:37:37.031 | SUCCESS  | storage:save_day:81 - 1405-04-14.json Saved
2026-07-27 15:37:37.032 | INFO     | state_manager:save:61 - State Saved
2026-07-27 15:37:37.032 | INFO     | monitor:scan:197 - Checking 760149
2026-07-27 15:37:37.032 | INFO     | api:get_file:84 - Loading File 126d5021-1336-336d-4b9e-f2c2f67a5e44
2026-07-27 15:37:37.251 | SUCCESS  | monitor:scan:235 - Changed : 760149
2026-07-27 15:37:37.258 | INFO     | storage:add_property:113 - Added Property 760149
2026-07-27 15:37:37.259 | SUCCESS  | storage:save_day:81 - 1405-04-14.json Saved
2026-07-27 15:37:37.260 | INFO     | state_manager:save:61 - State Saved
2026-07-27 15:37:37.260 | INFO     | monitor:scan:197 - Checking 760147
2026-07-27 15:37:37.261 | INFO     | api:get_file:84 - Loading File 126d4ff3-2d46-6c93-fea7-51dd7abebd46
2026-07-27 15:37:37.480 | SUCCESS  | monitor:scan:235 - Changed : 760147
2026-07-27 15:37:37.488 | INFO     | storage:add_property:113 - Added Property 760147
2026-07-27 15:37:37.489 | SUCCESS  | storage:save_day:81 - 1405-04-14.json Saved
2026-07-27 15:37:37.490 | INFO     | state_manager:save:61 - State Saved
2026-07-27 15:37:37.491 | INFO     | monitor:scan:197 - Checking 760140
2026-07-27 15:37:37.491 | INFO     | api:get_file:84 - Loading File 126d5020-f85f-8256-cc2e-2354f6be6744
2026-07-27 15:37:37.871 | SUCCESS  | monitor:scan:235 - Changed : 760140
2026-07-27 15:37:37.879 | INFO     | storage:add_property:113 - Added Property 760140
2026-07-27 15:37:37.880 | SUCCESS  | storage:save_day:81 - 1405-04-14.json Saved
2026-07-27 15:37:37.881 | INFO     | state_manager:save:61 - State Saved
2026-07-27 15:37:37.881 | INFO     | monitor:scan:197 - Checking 760138
2026-07-27 15:37:37.881 | INFO     | api:get_file:84 - Loading File 126d5020-d539-41da-2ffd-22344438a044
2026-07-27 15:37:38.096 | SUCCESS  | monitor:scan:235 - Changed : 760138
2026-07-27 15:37:38.102 | INFO     | storage:add_property:113 - Added Property 760138
2026-07-27 15:37:38.103 | SUCCESS  | storage:save_day:81 - 1405-04-14.json Saved
2026-07-27 15:37:38.105 | INFO     | state_manager:save:61 - State Saved
2026-07-27 15:37:38.105 | INFO     | monitor:scan:197 - Checking 760136
2026-07-27 15:37:38.105 | INFO     | api:get_file:84 - Loading File 126d5020-d150-4ce7-2214-61639f1e2546
2026-07-27 15:37:38.499 | SUCCESS  | monitor:scan:235 - Changed : 760136
2026-07-27 15:37:38.506 | INFO     | storage:add_property:113 - Added Property 760136
2026-07-27 15:37:38.507 | SUCCESS  | storage:save_day:81 - 1405-04-14.json Saved
2026-07-27 15:37:38.509 | INFO     | state_manager:save:61 - State Saved
2026-07-27 15:37:38.509 | INFO     | monitor:scan:197 - Checking 760131
2026-07-27 15:37:38.509 | INFO     | api:get_file:84 - Loading File 1b0a45ff-010d-c052-10a1-84f54c535c45
2026-07-27 15:37:38.731 | SUCCESS  | monitor:scan:235 - Changed : 760131
2026-07-27 15:37:38.737 | INFO     | storage:add_property:113 - Added Property 760131
2026-07-27 15:37:38.739 | SUCCESS  | storage:save_day:81 - 1405-04-14.json Saved
2026-07-27 15:37:38.740 | INFO     | state_manager:save:61 - State Saved
2026-07-27 15:37:38.740 | INFO     | monitor:scan:197 - Checking 760130
2026-07-27 15:37:38.740 | INFO     | api:get_file:84 - Loading File 126d5021-2670-9516-8b64-1046c0afc493
2026-07-27 15:37:38.959 | SUCCESS  | monitor:scan:235 - Changed : 760130
2026-07-27 15:37:38.965 | INFO     | storage:add_property:113 - Added Property 760130
2026-07-27 15:37:38.967 | SUCCESS  | storage:save_day:81 - 1405-04-14.json Saved
2026-07-27 15:37:38.968 | INFO     | state_manager:save:61 - State Saved
2026-07-27 15:37:38.969 | INFO     | monitor:scan:197 - Checking 760127
2026-07-27 15:37:38.969 | INFO     | api:get_file:84 - Loading File 126d5011-ac01-7d8f-9879-3c8a763c5545
2026-07-27 15:37:39.187 | SUCCESS  | monitor:scan:235 - Changed : 760127
2026-07-27 15:37:39.194 | INFO     | storage:add_property:113 - Added Property 760127
2026-07-27 15:37:39.196 | SUCCESS  | storage:save_day:81 - 1405-04-14.json Saved
2026-07-27 15:37:39.197 | INFO     | state_manager:save:61 - State Saved
2026-07-27 15:37:39.197 | INFO     | monitor:scan:197 - Checking 760125
2026-07-27 15:37:39.197 | INFO     | api:get_file:84 - Loading File 126d5020-f5a2-9bf1-099d-5d7a8d15d492
2026-07-27 15:37:39.415 | SUCCESS  | monitor:scan:235 - Changed : 760125
2026-07-27 15:37:39.422 | INFO     | storage:add_property:113 - Added Property 760125
2026-07-27 15:37:39.425 | SUCCESS  | storage:save_day:81 - 1405-04-14.json Saved
2026-07-27 15:37:39.426 | INFO     | state_manager:save:61 - State Saved
2026-07-27 15:37:39.426 | INFO     | monitor:scan:197 - Checking 760124
2026-07-27 15:37:39.426 | INFO     | api:get_file:84 - Loading File 126d5012-d1a5-8ed8-ddea-252f26970f46
2026-07-27 15:37:39.647 | SUCCESS  | monitor:scan:235 - Changed : 760124
2026-07-27 15:37:39.655 | INFO     | storage:add_property:113 - Added Property 760124
2026-07-27 15:37:39.657 | SUCCESS  | storage:save_day:81 - 1405-04-14.json Saved
2026-07-27 15:37:39.659 | INFO     | state_manager:save:61 - State Saved
2026-07-27 15:37:39.659 | INFO     | monitor:scan:197 - Checking 760118
2026-07-27 15:37:39.659 | INFO     | api:get_file:84 - Loading File 126d5020-fdca-26d8-8074-fe35f2b01e4f
2026-07-27 15:37:39.875 | SUCCESS  | monitor:scan:235 - Changed : 760118
2026-07-27 15:37:39.882 | INFO     | storage:add_property:113 - Added Property 760118
2026-07-27 15:37:39.883 | SUCCESS  | storage:save_day:81 - 1405-04-14.json Saved
2026-07-27 15:37:39.886 | INFO     | state_manager:save:61 - State Saved
2026-07-27 15:37:39.886 | INFO     | monitor:scan:197 - Checking 760116
2026-07-27 15:37:39.886 | INFO     | api:get_file:84 - Loading File 126d4ff3-0d35-2941-d01f-caf7d8778c46
2026-07-27 15:37:40.120 | SUCCESS  | monitor:scan:235 - Changed : 760116
2026-07-27 15:37:40.126 | INFO     | storage:add_property:113 - Added Property 760116
2026-07-27 15:37:40.128 | SUCCESS  | storage:save_day:81 - 1405-04-14.json Saved
2026-07-27 15:37:40.130 | INFO     | state_manager:save:61 - State Saved
2026-07-27 15:37:40.130 | INFO     | monitor:scan:197 - Checking 759182
2026-07-27 15:37:40.130 | INFO     | api:get_file:84 - Loading File 126d4af1-a045-5ade-204c-de7738225849
2026-07-27 15:37:40.350 | SUCCESS  | monitor:scan:235 - Changed : 759182
2026-07-27 15:37:40.357 | INFO     | storage:add_property:113 - Added Property 759182
2026-07-27 15:37:40.359 | SUCCESS  | storage:save_day:81 - 1405-04-14.json Saved
2026-07-27 15:37:40.360 | INFO     | state_manager:save:61 - State Saved
2026-07-27 15:37:40.361 | INFO     | monitor:scan:197 - Checking 758652
2026-07-27 15:37:40.361 | INFO     | api:get_file:84 - Loading File 126d4ac3-ae41-a233-fdaf-c7e7af5784b1
2026-07-27 15:37:40.752 | SUCCESS  | monitor:scan:235 - Changed : 758652
2026-07-27 15:37:40.760 | INFO     | storage:add_property:113 - Added Property 758652
2026-07-27 15:37:40.762 | SUCCESS  | storage:save_day:81 - 1405-04-14.json Saved
2026-07-27 15:37:40.764 | INFO     | state_manager:save:61 - State Saved
2026-07-27 15:37:40.764 | INFO     | monitor:scan:197 - Checking 758384
2026-07-27 15:37:40.764 | INFO     | api:get_file:84 - Loading File 126d4a87-9755-54a8-90f9-709b1bd83241
2026-07-27 15:37:41.151 | SUCCESS  | monitor:scan:235 - Changed : 758384
2026-07-27 15:37:41.160 | INFO     | storage:add_property:113 - Added Property 758384
2026-07-27 15:37:41.162 | SUCCESS  | storage:save_day:81 - 1405-04-14.json Saved
2026-07-27 15:37:41.163 | INFO     | state_manager:save:61 - State Saved
2026-07-27 15:37:41.164 | INFO     | monitor:scan:197 - Checking 743749
2026-07-27 15:37:41.164 | INFO     | api:get_file:84 - Loading File 126d3ee8-368e-7ecf-a6d4-487e378fbd46
2026-07-27 15:37:41.547 | SUCCESS  | monitor:scan:235 - Changed : 743749
2026-07-27 15:37:41.556 | INFO     | storage:add_property:113 - Added Property 743749
2026-07-27 15:37:41.559 | SUCCESS  | storage:save_day:81 - 1405-04-14.json Saved
2026-07-27 15:37:41.560 | INFO     | state_manager:save:61 - State Saved
2026-07-27 15:37:41.560 | INFO     | monitor:scan:197 - Checking 731598
2026-07-27 15:37:41.561 | INFO     | api:get_file:84 - Loading File 1b0a45f6-0598-e6f2-9a80-0ae67dec5a48
2026-07-27 15:37:42.480 | SUCCESS  | monitor:scan:235 - Changed : 731598
2026-07-27 15:37:42.488 | INFO     | storage:add_property:113 - Added Property 731598
2026-07-27 15:37:42.491 | SUCCESS  | storage:save_day:81 - 1405-04-14.json Saved
2026-07-27 15:37:42.492 | INFO     | state_manager:save:61 - State Saved
2026-07-27 15:37:42.492 | INFO     | monitor:scan:197 - Checking 731367
2026-07-27 15:37:42.492 | INFO     | api:get_file:84 - Loading File 1b0a45f6-0367-cc0e-b279-c80d7381f749
2026-07-27 15:37:43.061 | SUCCESS  | monitor:scan:235 - Changed : 731367
2026-07-27 15:37:43.068 | INFO     | storage:add_property:113 - Added Property 731367
2026-07-27 15:37:43.071 | SUCCESS  | storage:save_day:81 - 1405-04-14.json Saved
2026-07-27 15:37:43.072 | INFO     | state_manager:save:61 - State Saved
2026-07-27 15:37:43.072 | INFO     | monitor:scan:197 - Checking 718919
2026-07-27 15:37:43.072 | INFO     | api:get_file:84 - Loading File 126b1b41-b5c3-8a55-9e08-bb93ef50a946
2026-07-27 15:37:43.472 | SUCCESS  | monitor:scan:235 - Changed : 718919
2026-07-27 15:37:43.480 | INFO     | storage:add_property:113 - Added Property 718919
2026-07-27 15:37:43.483 | SUCCESS  | storage:save_day:81 - 1405-04-14.json Saved
2026-07-27 15:37:43.484 | INFO     | state_manager:save:61 - State Saved
2026-07-27 15:37:43.484 | INFO     | monitor:scan:197 - Checking 713035
2026-07-27 15:37:43.485 | INFO     | api:get_file:84 - Loading File 1b0a45f6-180b-03c6-f925-988248493944
2026-07-27 15:37:43.879 | SUCCESS  | monitor:scan:235 - Changed : 713035
2026-07-27 15:37:43.892 | INFO     | storage:add_property:113 - Added Property 713035
2026-07-27 15:37:43.895 | SUCCESS  | storage:save_day:81 - 1405-04-14.json Saved
2026-07-27 15:37:43.896 | INFO     | state_manager:save:61 - State Saved
2026-07-27 15:37:43.897 | INFO     | monitor:scan:197 - Checking 711484
2026-07-27 15:37:43.897 | INFO     | api:get_file:84 - Loading File 126b085c-8a67-7e87-5dff-022d9c19284a
2026-07-27 15:37:44.295 | SUCCESS  | monitor:scan:235 - Changed : 711484
2026-07-27 15:37:44.302 | INFO     | storage:add_property:113 - Added Property 711484
2026-07-27 15:37:44.305 | SUCCESS  | storage:save_day:81 - 1405-04-14.json Saved
2026-07-27 15:37:44.306 | INFO     | state_manager:save:61 - State Saved
2026-07-27 15:37:44.306 | INFO     | monitor:scan:197 - Checking 700567
2026-07-27 15:37:44.306 | INFO     | api:get_file:84 - Loading File 1b0a45f6-0675-8fde-56b3-e2b01e69de45
2026-07-27 15:37:44.697 | SUCCESS  | monitor:scan:235 - Changed : 700567
2026-07-27 15:37:44.708 | INFO     | storage:add_property:113 - Added Property 700567
2026-07-27 15:37:44.711 | SUCCESS  | storage:save_day:81 - 1405-04-14.json Saved
2026-07-27 15:37:44.713 | INFO     | state_manager:save:61 - State Saved
2026-07-27 15:37:44.713 | INFO     | monitor:scan:197 - Checking 699796
2026-07-27 15:37:44.713 | INFO     | api:get_file:84 - Loading File 126b031e-08df-30dd-959f-a5647453b047
2026-07-27 15:37:45.098 | SUCCESS  | monitor:scan:235 - Changed : 699796
2026-07-27 15:37:45.108 | INFO     | storage:add_property:113 - Added Property 699796
2026-07-27 15:37:45.110 | SUCCESS  | storage:save_day:81 - 1405-04-14.json Saved
2026-07-27 15:37:45.112 | INFO     | state_manager:save:61 - State Saved
2026-07-27 15:37:45.112 | INFO     | monitor:scan:197 - Checking 699530
2026-07-27 15:37:45.112 | INFO     | api:get_file:84 - Loading File 126b02e0-9732-8831-8739-5a0835ce6d4f
2026-07-27 15:37:45.539 | SUCCESS  | monitor:scan:235 - Changed : 699530
2026-07-27 15:37:45.546 | INFO     | storage:add_property:113 - Added Property 699530
2026-07-27 15:37:45.551 | SUCCESS  | storage:save_day:81 - 1405-04-14.json Saved
2026-07-27 15:37:45.552 | INFO     | state_manager:save:61 - State Saved
2026-07-27 15:37:45.553 | INFO     | monitor:scan:197 - Checking 691234
2026-07-27 15:37:45.553 | INFO     | api:get_file:84 - Loading File 126af0ef-d8a7-1285-9da2-ba0b045d8443
2026-07-27 15:37:45.930 | SUCCESS  | monitor:scan:235 - Changed : 691234
2026-07-27 15:37:45.943 | INFO     | storage:add_property:113 - Added Property 691234
2026-07-27 15:37:45.946 | SUCCESS  | storage:save_day:81 - 1405-04-14.json Saved
2026-07-27 15:37:45.947 | INFO     | state_manager:save:61 - State Saved
2026-07-27 15:37:45.948 | INFO     | monitor:scan:197 - Checking 688510
2026-07-27 15:37:45.948 | INFO     | api:get_file:84 - Loading File 1b0a45f6-0097-e533-4437-6cfed240844f
2026-07-27 15:37:46.168 | SUCCESS  | monitor:scan:235 - Changed : 688510
2026-07-27 15:37:46.177 | INFO     | storage:add_property:113 - Added Property 688510
2026-07-27 15:37:46.180 | SUCCESS  | storage:save_day:81 - 1405-04-14.json Saved
2026-07-27 15:37:46.181 | INFO     | state_manager:save:61 - State Saved
2026-07-27 15:37:46.181 | INFO     | monitor:scan:197 - Checking 684174
2026-07-27 15:37:46.181 | INFO     | api:get_file:84 - Loading File 126adea3-593d-31d8-23bd-ed70b63e64b2
2026-07-27 15:37:46.401 | SUCCESS  | monitor:scan:235 - Changed : 684174
2026-07-27 15:37:46.414 | INFO     | storage:add_property:113 - Added Property 684174
2026-07-27 15:37:46.417 | SUCCESS  | storage:save_day:81 - 1405-04-14.json Saved
2026-07-27 15:37:46.419 | INFO     | state_manager:save:61 - State Saved
2026-07-27 15:37:46.419 | INFO     | monitor:scan:197 - Checking 760085
2026-07-27 15:37:46.419 | INFO     | api:get_file:84 - Loading File 126d4ff4-6e5b-16d1-3140-2866d5cd2542
2026-07-27 15:37:46.805 | SUCCESS  | monitor:scan:235 - Changed : 760085
2026-07-27 15:37:46.807 | INFO     | storage:add_property:113 - Added Property 760085
2026-07-27 15:37:46.810 | SUCCESS  | storage:save_day:81 - 1405-04-13.json Saved
2026-07-27 15:37:46.811 | INFO     | state_manager:save:61 - State Saved
2026-07-27 15:37:46.811 | INFO     | monitor:scan:197 - Checking 760083
2026-07-27 15:37:46.812 | INFO     | api:get_file:84 - Loading File 126d5011-deab-28cc-6086-e9d0cba43e46
2026-07-27 15:37:47.256 | SUCCESS  | monitor:scan:235 - Changed : 760083
2026-07-27 15:37:47.266 | INFO     | storage:add_property:113 - Added Property 760083
2026-07-27 15:37:47.267 | SUCCESS  | storage:save_day:81 - 1405-04-13.json Saved
2026-07-27 15:37:47.269 | INFO     | state_manager:save:61 - State Saved
2026-07-27 15:37:47.269 | INFO     | monitor:scan:197 - Checking 760077
2026-07-27 15:37:47.269 | INFO     | api:get_file:84 - Loading File 126d4af2-82cc-79dd-6949-c0eb65adf143
2026-07-27 15:37:47.693 | SUCCESS  | monitor:scan:235 - Changed : 760077
2026-07-27 15:37:47.705 | INFO     | storage:add_property:113 - Added Property 760077
2026-07-27 15:37:47.706 | SUCCESS  | storage:save_day:81 - 1405-04-13.json Saved
2026-07-27 15:37:47.708 | INFO     | state_manager:save:61 - State Saved
2026-07-27 15:37:47.708 | INFO     | monitor:scan:197 - Checking 760076
2026-07-27 15:37:47.708 | INFO     | api:get_file:84 - Loading File 126d5011-e1c1-4dd2-759b-6a83f26db345
2026-07-27 15:37:48.096 | SUCCESS  | monitor:scan:235 - Changed : 760076
2026-07-27 15:37:48.108 | INFO     | storage:add_property:113 - Added Property 760076
2026-07-27 15:37:48.109 | SUCCESS  | storage:save_day:81 - 1405-04-13.json Saved
2026-07-27 15:37:48.110 | INFO     | state_manager:save:61 - State Saved
2026-07-27 15:37:48.110 | INFO     | monitor:scan:197 - Checking 760073
2026-07-27 15:37:48.110 | INFO     | api:get_file:84 - Loading File 126d5011-d743-1df9-b49c-4da09ab36c43
2026-07-27 15:37:48.334 | SUCCESS  | monitor:scan:235 - Changed : 760073
2026-07-27 15:37:48.346 | INFO     | storage:add_property:113 - Added Property 760073
2026-07-27 15:37:48.347 | SUCCESS  | storage:save_day:81 - 1405-04-13.json Saved
2026-07-27 15:37:48.348 | INFO     | state_manager:save:61 - State Saved
2026-07-27 15:37:48.349 | INFO     | monitor:scan:197 - Checking 760070
2026-07-27 15:37:48.349 | INFO     | api:get_file:84 - Loading File 126d5011-b499-43c6-51b9-f15d5410c94e
2026-07-27 15:37:48.570 | SUCCESS  | monitor:scan:235 - Changed : 760070
2026-07-27 15:37:48.582 | INFO     | storage:add_property:113 - Added Property 760070
2026-07-27 15:37:48.583 | SUCCESS  | storage:save_day:81 - 1405-04-13.json Saved
2026-07-27 15:37:48.584 | INFO     | state_manager:save:61 - State Saved
2026-07-27 15:37:48.585 | INFO     | monitor:scan:197 - Checking 760069
2026-07-27 15:37:48.585 | INFO     | api:get_file:84 - Loading File 126d5011-d2db-6804-e676-32540e18074a
2026-07-27 15:37:48.805 | SUCCESS  | monitor:scan:235 - Changed : 760069
2026-07-27 15:37:48.820 | INFO     | storage:add_property:113 - Added Property 760069
2026-07-27 15:37:48.821 | SUCCESS  | storage:save_day:81 - 1405-04-13.json Saved
2026-07-27 15:37:48.822 | INFO     | state_manager:save:61 - State Saved
2026-07-27 15:37:48.823 | INFO     | monitor:scan:197 - Checking 760066
2026-07-27 15:37:48.823 | INFO     | api:get_file:84 - Loading File 126d4ff3-5f9b-1fbf-22cf-6080ed238042
2026-07-27 15:37:49.045 | SUCCESS  | monitor:scan:235 - Changed : 760066
2026-07-27 15:37:49.060 | INFO     | storage:add_property:113 - Added Property 760066
2026-07-27 15:37:49.062 | SUCCESS  | storage:save_day:81 - 1405-04-13.json Saved
2026-07-27 15:37:49.063 | INFO     | state_manager:save:61 - State Saved
2026-07-27 15:37:49.064 | INFO     | monitor:scan:197 - Checking 760065
2026-07-27 15:37:49.064 | INFO     | api:get_file:84 - Loading File 126d5011-bb30-2b5b-8f4d-a6d1a791c54a
2026-07-27 15:37:49.466 | SUCCESS  | monitor:scan:235 - Changed : 760065
2026-07-27 15:37:49.480 | INFO     | storage:add_property:113 - Added Property 760065
2026-07-27 15:37:49.482 | SUCCESS  | storage:save_day:81 - 1405-04-13.json Saved
2026-07-27 15:37:49.483 | INFO     | state_manager:save:61 - State Saved
2026-07-27 15:37:49.483 | INFO     | monitor:scan:197 - Checking 760063
2026-07-27 15:37:49.483 | INFO     | api:get_file:84 - Loading File 1b0a45f6-014b-a07a-fb50-64955ca9e140
2026-07-27 15:37:49.694 | SUCCESS  | monitor:scan:235 - Changed : 760063
2026-07-27 15:37:49.703 | INFO     | storage:add_property:113 - Added Property 760063
2026-07-27 15:37:49.704 | SUCCESS  | storage:save_day:81 - 1405-04-13.json Saved
2026-07-27 15:37:49.706 | INFO     | state_manager:save:61 - State Saved
2026-07-27 15:37:49.706 | INFO     | monitor:scan:197 - Checking 760062
2026-07-27 15:37:49.706 | INFO     | api:get_file:84 - Loading File 126d4ff3-fc5f-4227-edbb-19c7bc749844
2026-07-27 15:37:50.151 | SUCCESS  | monitor:scan:235 - Changed : 760062
2026-07-27 15:37:50.160 | INFO     | storage:add_property:113 - Added Property 760062
2026-07-27 15:37:50.161 | SUCCESS  | storage:save_day:81 - 1405-04-13.json Saved
2026-07-27 15:37:50.163 | INFO     | state_manager:save:61 - State Saved
2026-07-27 15:37:50.163 | INFO     | monitor:scan:197 - Checking 760056
2026-07-27 15:37:50.163 | INFO     | api:get_file:84 - Loading File 126d5011-b210-6bc2-3903-5ff69146f24b
2026-07-27 15:37:50.368 | SUCCESS  | monitor:scan:235 - Changed : 760056
2026-07-27 15:37:50.383 | INFO     | storage:add_property:113 - Added Property 760056
2026-07-27 15:37:50.384 | SUCCESS  | storage:save_day:81 - 1405-04-13.json Saved
2026-07-27 15:37:50.386 | INFO     | state_manager:save:61 - State Saved
2026-07-27 15:37:50.386 | INFO     | monitor:scan:197 - Checking 760055
2026-07-27 15:37:50.386 | INFO     | api:get_file:84 - Loading File 126d5011-feab-3bd8-c5ae-a266947bc548
2026-07-27 15:37:50.785 | SUCCESS  | monitor:scan:235 - Changed : 760055
2026-07-27 15:37:50.797 | INFO     | storage:add_property:113 - Added Property 760055
2026-07-27 15:37:50.799 | SUCCESS  | storage:save_day:81 - 1405-04-13.json Saved
2026-07-27 15:37:50.800 | INFO     | state_manager:save:61 - State Saved
2026-07-27 15:37:50.800 | INFO     | monitor:scan:197 - Checking 760054
2026-07-27 15:37:50.800 | INFO     | api:get_file:84 - Loading File 1b0a45f6-06e1-b7ae-6890-0f697902ab4e
2026-07-27 15:37:51.038 | SUCCESS  | monitor:scan:235 - Changed : 760054
2026-07-27 15:37:51.053 | INFO     | storage:add_property:113 - Added Property 760054
2026-07-27 15:37:51.055 | SUCCESS  | storage:save_day:81 - 1405-04-13.json Saved
2026-07-27 15:37:51.056 | INFO     | state_manager:save:61 - State Saved
2026-07-27 15:37:51.056 | INFO     | monitor:scan:197 - Checking 760053
2026-07-27 15:37:51.056 | INFO     | api:get_file:84 - Loading File 126d5011-b028-88ab-50e9-e7cc694c3f49
2026-07-27 15:37:51.450 | SUCCESS  | monitor:scan:235 - Changed : 760053
2026-07-27 15:37:51.460 | INFO     | storage:add_property:113 - Added Property 760053
2026-07-27 15:37:51.462 | SUCCESS  | storage:save_day:81 - 1405-04-13.json Saved
2026-07-27 15:37:51.463 | INFO     | state_manager:save:61 - State Saved
2026-07-27 15:37:51.463 | INFO     | monitor:scan:197 - Checking 760052
2026-07-27 15:37:51.464 | INFO     | api:get_file:84 - Loading File 126d4ff4-3685-57fe-cb14-d6066a7fc54a
2026-07-27 15:37:51.863 | SUCCESS  | monitor:scan:235 - Changed : 760052
2026-07-27 15:37:51.871 | INFO     | storage:add_property:113 - Added Property 760052
2026-07-27 15:37:51.873 | SUCCESS  | storage:save_day:81 - 1405-04-13.json Saved
2026-07-27 15:37:51.874 | INFO     | state_manager:save:61 - State Saved
2026-07-27 15:37:51.875 | INFO     | monitor:scan:197 - Checking 760050
2026-07-27 15:37:51.875 | INFO     | api:get_file:84 - Loading File 126d4fe4-f9c6-7674-0db8-6350057ab84f
2026-07-27 15:37:52.250 | SUCCESS  | monitor:scan:235 - Changed : 760050
2026-07-27 15:37:52.260 | INFO     | storage:add_property:113 - Added Property 760050
2026-07-27 15:37:52.262 | SUCCESS  | storage:save_day:81 - 1405-04-13.json Saved
2026-07-27 15:37:52.264 | INFO     | state_manager:save:61 - State Saved
2026-07-27 15:37:52.264 | INFO     | monitor:scan:197 - Checking 760047
2026-07-27 15:37:52.264 | INFO     | api:get_file:84 - Loading File 126d4ff4-2080-1027-756d-5ab295ff5044
2026-07-27 15:37:52.662 | SUCCESS  | monitor:scan:235 - Changed : 760047
2026-07-27 15:37:52.672 | INFO     | storage:add_property:113 - Added Property 760047
2026-07-27 15:37:52.674 | SUCCESS  | storage:save_day:81 - 1405-04-13.json Saved
2026-07-27 15:37:52.675 | INFO     | state_manager:save:61 - State Saved
2026-07-27 15:37:52.676 | INFO     | monitor:scan:197 - Checking 760046
2026-07-27 15:37:52.676 | INFO     | api:get_file:84 - Loading File 126d5011-d822-227a-2c3b-d8cf498d4746
2026-07-27 15:37:53.075 | SUCCESS  | monitor:scan:235 - Changed : 760046
2026-07-27 15:37:53.092 | INFO     | storage:add_property:113 - Added Property 760046
2026-07-27 15:37:53.094 | SUCCESS  | storage:save_day:81 - 1405-04-13.json Saved
2026-07-27 15:37:53.095 | INFO     | state_manager:save:61 - State Saved
2026-07-27 15:37:53.095 | INFO     | monitor:scan:197 - Checking 760042
2026-07-27 15:37:53.096 | INFO     | api:get_file:84 - Loading File 126d4fe5-239c-5dd9-5bb6-1e5c217e4a47
2026-07-27 15:37:53.492 | SUCCESS  | monitor:scan:235 - Changed : 760042
2026-07-27 15:37:53.501 | INFO     | storage:add_property:113 - Added Property 760042
2026-07-27 15:37:53.504 | SUCCESS  | storage:save_day:81 - 1405-04-13.json Saved
2026-07-27 15:37:53.505 | INFO     | state_manager:save:61 - State Saved
2026-07-27 15:37:53.505 | INFO     | monitor:scan:197 - Checking 760041
2026-07-27 15:37:53.506 | INFO     | api:get_file:84 - Loading File 1b0a45ff-0652-46ae-6b7f-9ecfee820c42
2026-07-27 15:37:53.900 | SUCCESS  | monitor:scan:235 - Changed : 760041
2026-07-27 15:37:53.912 | INFO     | storage:add_property:113 - Added Property 760041
2026-07-27 15:37:53.914 | SUCCESS  | storage:save_day:81 - 1405-04-13.json Saved
2026-07-27 15:37:53.916 | INFO     | state_manager:save:61 - State Saved
2026-07-27 15:37:53.916 | INFO     | monitor:scan:197 - Checking 760040
2026-07-27 15:37:53.916 | INFO     | api:get_file:84 - Loading File 126d4ff3-febd-8665-d674-0410006a9b40
2026-07-27 15:37:54.312 | SUCCESS  | monitor:scan:235 - Changed : 760040
2026-07-27 15:37:54.322 | INFO     | storage:add_property:113 - Added Property 760040
2026-07-27 15:37:54.325 | SUCCESS  | storage:save_day:81 - 1405-04-13.json Saved
2026-07-27 15:37:54.326 | INFO     | state_manager:save:61 - State Saved
2026-07-27 15:37:54.326 | INFO     | monitor:scan:197 - Checking 760039
2026-07-27 15:37:54.326 | INFO     | api:get_file:84 - Loading File 126d5011-d61d-1b99-6d49-d8f605c7cf45
2026-07-27 15:37:54.553 | SUCCESS  | monitor:scan:235 - Changed : 760039
2026-07-27 15:37:54.565 | INFO     | storage:add_property:113 - Added Property 760039
2026-07-27 15:37:54.567 | SUCCESS  | storage:save_day:81 - 1405-04-13.json Saved
2026-07-27 15:37:54.568 | INFO     | state_manager:save:61 - State Saved
2026-07-27 15:37:54.569 | INFO     | monitor:scan:197 - Checking 760036
2026-07-27 15:37:54.569 | INFO     | api:get_file:84 - Loading File 126d4ff3-f651-7a27-67f6-45fb35085746
2026-07-27 15:37:54.967 | SUCCESS  | monitor:scan:235 - Changed : 760036
2026-07-27 15:37:54.977 | INFO     | storage:add_property:113 - Added Property 760036
2026-07-27 15:37:54.980 | SUCCESS  | storage:save_day:81 - 1405-04-13.json Saved
2026-07-27 15:37:54.981 | INFO     | state_manager:save:61 - State Saved
2026-07-27 15:37:54.981 | INFO     | monitor:scan:197 - Checking 760035
2026-07-27 15:37:54.982 | INFO     | api:get_file:84 - Loading File 126d4ff3-31fb-731c-794b-c2f27b80dd47
2026-07-27 15:37:55.203 | SUCCESS  | monitor:scan:235 - Changed : 760035
2026-07-27 15:37:55.210 | INFO     | storage:add_property:113 - Added Property 760035
2026-07-27 15:37:55.212 | SUCCESS  | storage:save_day:81 - 1405-04-13.json Saved
2026-07-27 15:37:55.214 | INFO     | state_manager:save:61 - State Saved
2026-07-27 15:37:55.214 | INFO     | monitor:scan:197 - Checking 760033
2026-07-27 15:37:55.214 | INFO     | api:get_file:84 - Loading File 126d5011-ad61-231f-04f6-8733fdcb2147
2026-07-27 15:37:55.429 | SUCCESS  | monitor:scan:235 - Changed : 760033
2026-07-27 15:37:55.438 | INFO     | storage:add_property:113 - Added Property 760033
2026-07-27 15:37:55.441 | SUCCESS  | storage:save_day:81 - 1405-04-13.json Saved
2026-07-27 15:37:55.442 | INFO     | state_manager:save:61 - State Saved
2026-07-27 15:37:55.442 | INFO     | monitor:scan:197 - Checking 760032
2026-07-27 15:37:55.443 | INFO     | api:get_file:84 - Loading File 126d4ff3-fb99-7fa4-80c2-40e0bfcf1343
2026-07-27 15:37:55.831 | SUCCESS  | monitor:scan:235 - Changed : 760032
2026-07-27 15:37:55.847 | INFO     | storage:add_property:113 - Added Property 760032
2026-07-27 15:37:55.850 | SUCCESS  | storage:save_day:81 - 1405-04-13.json Saved
2026-07-27 15:37:55.851 | INFO     | state_manager:save:61 - State Saved
2026-07-27 15:37:55.851 | INFO     | monitor:scan:197 - Checking 760031
2026-07-27 15:37:55.851 | INFO     | api:get_file:84 - Loading File 126d5011-999c-6c89-666d-91a31cc2474d
2026-07-27 15:37:56.068 | SUCCESS  | monitor:scan:235 - Changed : 760031
2026-07-27 15:37:56.082 | INFO     | storage:add_property:113 - Added Property 760031
2026-07-27 15:37:56.085 | SUCCESS  | storage:save_day:81 - 1405-04-13.json Saved
2026-07-27 15:37:56.086 | INFO     | state_manager:save:61 - State Saved
2026-07-27 15:37:56.086 | INFO     | monitor:scan:197 - Checking 760028
2026-07-27 15:37:56.086 | INFO     | api:get_file:84 - Loading File 126d5011-dbd7-7006-f77d-a5b1849a174b
2026-07-27 15:37:56.308 | SUCCESS  | monitor:scan:235 - Changed : 760028
2026-07-27 15:37:56.316 | INFO     | storage:add_property:113 - Added Property 760028
2026-07-27 15:37:56.319 | SUCCESS  | storage:save_day:81 - 1405-04-13.json Saved
2026-07-27 15:37:56.322 | INFO     | state_manager:save:61 - State Saved
2026-07-27 15:37:56.322 | INFO     | monitor:scan:125 - Loading Page 7
2026-07-27 15:37:56.323 | INFO     | api:get_files:60 - Loading Page 7
2026-07-27 15:37:59.720 | INFO     | monitor:scan:197 - Checking 760026
2026-07-27 15:37:59.721 | INFO     | api:get_file:84 - Loading File 126d5011-b476-961b-d51e-716f8bca1247
2026-07-27 15:37:59.939 | SUCCESS  | monitor:scan:235 - Changed : 760026
2026-07-27 15:37:59.951 | INFO     | storage:add_property:113 - Added Property 760026
2026-07-27 15:37:59.954 | SUCCESS  | storage:save_day:81 - 1405-04-13.json Saved
2026-07-27 15:37:59.955 | INFO     | state_manager:save:61 - State Saved
2026-07-27 15:37:59.955 | INFO     | monitor:scan:197 - Checking 760025
2026-07-27 15:37:59.955 | INFO     | api:get_file:84 - Loading File 1b0a45f6-0ec8-7f87-f3b6-9f4030f1f141
2026-07-27 15:38:00.171 | SUCCESS  | monitor:scan:235 - Changed : 760025
2026-07-27 15:38:00.182 | INFO     | storage:add_property:113 - Added Property 760025
2026-07-27 15:38:00.185 | SUCCESS  | storage:save_day:81 - 1405-04-13.json Saved
2026-07-27 15:38:00.187 | INFO     | state_manager:save:61 - State Saved
2026-07-27 15:38:00.187 | INFO     | monitor:scan:197 - Checking 760022
2026-07-27 15:38:00.187 | INFO     | api:get_file:84 - Loading File 126d4ff4-122a-43b3-1afe-1370cd88374a
2026-07-27 15:38:00.404 | SUCCESS  | monitor:scan:235 - Changed : 760022
2026-07-27 15:38:00.412 | INFO     | storage:add_property:113 - Added Property 760022
2026-07-27 15:38:00.416 | SUCCESS  | storage:save_day:81 - 1405-04-13.json Saved
2026-07-27 15:38:00.417 | INFO     | state_manager:save:61 - State Saved
2026-07-27 15:38:00.417 | INFO     | monitor:scan:197 - Checking 760021
2026-07-27 15:38:00.418 | INFO     | api:get_file:84 - Loading File 126d4fe5-1e7d-5967-3fcc-9ee342b33d4b
2026-07-27 15:38:00.642 | SUCCESS  | monitor:scan:235 - Changed : 760021
2026-07-27 15:38:00.651 | INFO     | storage:add_property:113 - Added Property 760021
2026-07-27 15:38:00.655 | SUCCESS  | storage:save_day:81 - 1405-04-13.json Saved
2026-07-27 15:38:00.656 | INFO     | state_manager:save:61 - State Saved
2026-07-27 15:38:00.656 | INFO     | monitor:scan:197 - Checking 760018
2026-07-27 15:38:00.656 | INFO     | api:get_file:84 - Loading File 126d4ff3-3019-5fd3-6434-d90e3665844e
2026-07-27 15:38:01.072 | SUCCESS  | monitor:scan:235 - Changed : 760018
2026-07-27 15:38:01.081 | INFO     | storage:add_property:113 - Added Property 760018
2026-07-27 15:38:01.084 | SUCCESS  | storage:save_day:81 - 1405-04-13.json Saved
2026-07-27 15:38:01.086 | INFO     | state_manager:save:61 - State Saved
2026-07-27 15:38:01.086 | INFO     | monitor:scan:197 - Checking 760011
2026-07-27 15:38:01.086 | INFO     | api:get_file:84 - Loading File 126d5011-c047-3656-e952-fb0987736d41
2026-07-27 15:38:01.476 | SUCCESS  | monitor:scan:235 - Changed : 760011
2026-07-27 15:38:01.490 | INFO     | storage:add_property:113 - Added Property 760011
2026-07-27 15:38:01.493 | SUCCESS  | storage:save_day:81 - 1405-04-13.json Saved
2026-07-27 15:38:01.495 | INFO     | state_manager:save:61 - State Saved
2026-07-27 15:38:01.495 | INFO     | monitor:scan:197 - Checking 760010
2026-07-27 15:38:01.495 | INFO     | api:get_file:84 - Loading File 126d5012-054f-556b-6d0e-08030dd3bf46
2026-07-27 15:38:01.716 | SUCCESS  | monitor:scan:235 - Changed : 760010
2026-07-27 15:38:01.726 | INFO     | storage:add_property:113 - Added Property 760010
2026-07-27 15:38:01.729 | SUCCESS  | storage:save_day:81 - 1405-04-13.json Saved
2026-07-27 15:38:01.731 | INFO     | state_manager:save:61 - State Saved
2026-07-27 15:38:01.731 | INFO     | monitor:scan:197 - Checking 743491
2026-07-27 15:38:01.731 | INFO     | api:get_file:84 - Loading File 126d3eab-305a-7fad-027d-c0a3e70c7d4b
2026-07-27 15:38:02.126 | SUCCESS  | monitor:scan:235 - Changed : 743491
2026-07-27 15:38:02.136 | INFO     | storage:add_property:113 - Added Property 743491
2026-07-27 15:38:02.140 | SUCCESS  | storage:save_day:81 - 1405-04-13.json Saved
2026-07-27 15:38:02.141 | INFO     | state_manager:save:61 - State Saved
2026-07-27 15:38:02.141 | INFO     | monitor:scan:197 - Checking 717494
2026-07-27 15:38:02.142 | INFO     | api:get_file:84 - Loading File 126b19f2-016e-3dbb-a464-e6d14fa9be48
2026-07-27 15:38:02.356 | SUCCESS  | monitor:scan:235 - Changed : 717494
2026-07-27 15:38:02.365 | INFO     | storage:add_property:113 - Added Property 717494
2026-07-27 15:38:02.369 | SUCCESS  | storage:save_day:81 - 1405-04-13.json Saved
2026-07-27 15:38:02.370 | INFO     | state_manager:save:61 - State Saved
2026-07-27 15:38:02.370 | INFO     | monitor:scan:197 - Checking 714446
2026-07-27 15:38:02.371 | INFO     | api:get_file:84 - Loading File 1b0a45f6-0eca-f928-5138-f281cd81cd4c
2026-07-27 15:38:03.083 | SUCCESS  | monitor:scan:235 - Changed : 714446
2026-07-27 15:38:03.092 | INFO     | storage:add_property:113 - Added Property 714446
2026-07-27 15:38:03.095 | SUCCESS  | storage:save_day:81 - 1405-04-13.json Saved
2026-07-27 15:38:03.097 | INFO     | state_manager:save:61 - State Saved
2026-07-27 15:38:03.097 | INFO     | monitor:scan:197 - Checking 713715
2026-07-27 15:38:03.097 | INFO     | api:get_file:84 - Loading File 126b0e62-9a81-78b7-23a8-c6d8252a3f41
2026-07-27 15:38:03.693 | SUCCESS  | monitor:scan:235 - Changed : 713715
2026-07-27 15:38:03.707 | INFO     | storage:add_property:113 - Added Property 713715
2026-07-27 15:38:03.711 | SUCCESS  | storage:save_day:81 - 1405-04-13.json Saved
2026-07-27 15:38:03.712 | INFO     | state_manager:save:61 - State Saved
2026-07-27 15:38:03.712 | INFO     | monitor:scan:197 - Checking 694437
2026-07-27 15:38:03.712 | INFO     | api:get_file:84 - Loading File 126af75f-ac68-77cb-318a-3ddf54535046
2026-07-27 15:38:04.098 | SUCCESS  | monitor:scan:235 - Changed : 694437
2026-07-27 15:38:04.106 | INFO     | storage:add_property:113 - Added Property 694437
2026-07-27 15:38:04.110 | SUCCESS  | storage:save_day:81 - 1405-04-13.json Saved
2026-07-27 15:38:04.112 | INFO     | state_manager:save:61 - State Saved
2026-07-27 15:38:04.112 | INFO     | monitor:scan:197 - Checking 694306
2026-07-27 15:38:04.112 | INFO     | api:get_file:84 - Loading File 126af750-3a82-260b-f499-925aa476b747
2026-07-27 15:38:04.546 | SUCCESS  | monitor:scan:235 - Changed : 694306
2026-07-27 15:38:04.556 | INFO     | storage:add_property:113 - Added Property 694306
2026-07-27 15:38:04.560 | SUCCESS  | storage:save_day:81 - 1405-04-13.json Saved
2026-07-27 15:38:04.561 | INFO     | state_manager:save:61 - State Saved
2026-07-27 15:38:04.561 | INFO     | monitor:scan:197 - Checking 693884
2026-07-27 15:38:04.561 | INFO     | api:get_file:84 - Loading File 126af68a-04ff-727c-d2a9-dc957bbb4c4e
2026-07-27 15:38:04.779 | SUCCESS  | monitor:scan:235 - Changed : 693884
2026-07-27 15:38:04.787 | INFO     | storage:add_property:113 - Added Property 693884
2026-07-27 15:38:04.791 | SUCCESS  | storage:save_day:81 - 1405-04-13.json Saved
2026-07-27 15:38:04.793 | INFO     | state_manager:save:61 - State Saved
2026-07-27 15:38:04.793 | INFO     | monitor:scan:197 - Checking 692616
2026-07-27 15:38:04.793 | INFO     | api:get_file:84 - Loading File 126af1b5-eb44-3ebf-3036-02390f129844
2026-07-27 15:38:05.037 | SUCCESS  | monitor:scan:235 - Changed : 692616
2026-07-27 15:38:05.044 | INFO     | storage:add_property:113 - Added Property 692616
2026-07-27 15:38:05.048 | SUCCESS  | storage:save_day:81 - 1405-04-13.json Saved
2026-07-27 15:38:05.049 | INFO     | state_manager:save:61 - State Saved
2026-07-27 15:38:05.049 | INFO     | monitor:scan:197 - Checking 689248
2026-07-27 15:38:05.049 | INFO     | api:get_file:84 - Loading File 1b0a45f6-06e0-7c01-e9c5-1dcbd77a1d46
2026-07-27 15:38:05.270 | SUCCESS  | monitor:scan:235 - Changed : 689248
2026-07-27 15:38:05.281 | INFO     | storage:add_property:113 - Added Property 689248
2026-07-27 15:38:05.285 | SUCCESS  | storage:save_day:81 - 1405-04-13.json Saved
2026-07-27 15:38:05.287 | INFO     | state_manager:save:61 - State Saved
2026-07-27 15:38:05.287 | INFO     | monitor:scan:197 - Checking 685785
2026-07-27 15:38:05.287 | INFO     | api:get_file:84 - Loading File 126ae40f-ce22-8d17-a71e-c6f29be95f47
2026-07-27 15:38:05.677 | SUCCESS  | monitor:scan:235 - Changed : 685785
2026-07-27 15:38:05.688 | INFO     | storage:add_property:113 - Added Property 685785
2026-07-27 15:38:05.694 | SUCCESS  | storage:save_day:81 - 1405-04-13.json Saved
2026-07-27 15:38:05.696 | INFO     | state_manager:save:61 - State Saved
2026-07-27 15:38:05.696 | INFO     | monitor:scan:197 - Checking 759940
2026-07-27 15:38:05.696 | INFO     | api:get_file:84 - Loading File 1b0a45f6-00e8-7a9d-5b3c-c5f022dbfe47
2026-07-27 15:38:06.085 | SUCCESS  | monitor:scan:235 - Changed : 759940
2026-07-27 15:38:06.085 | INFO     | storage:add_property:113 - Added Property 759940
2026-07-27 15:38:06.087 | SUCCESS  | storage:save_day:81 - 1405-04-10.json Saved
2026-07-27 15:38:06.088 | INFO     | state_manager:save:61 - State Saved
2026-07-27 15:38:06.088 | INFO     | monitor:scan:197 - Checking 759939
2026-07-27 15:38:06.088 | INFO     | api:get_file:84 - Loading File 126d4fe3-f40b-3d26-69dd-e6542b7fa34d
2026-07-27 15:38:06.483 | SUCCESS  | monitor:scan:235 - Changed : 759939
2026-07-27 15:38:06.491 | INFO     | storage:add_property:113 - Added Property 759939
2026-07-27 15:38:06.493 | SUCCESS  | storage:save_day:81 - 1405-04-10.json Saved
2026-07-27 15:38:06.495 | INFO     | state_manager:save:61 - State Saved
2026-07-27 15:38:06.495 | INFO     | monitor:scan:197 - Checking 759931
2026-07-27 15:38:06.496 | INFO     | api:get_file:84 - Loading File 126d4ba8-662f-3984-8379-08b8911c1b4b
2026-07-27 15:38:06.713 | SUCCESS  | monitor:scan:235 - Changed : 759931
2026-07-27 15:38:06.721 | INFO     | storage:add_property:113 - Added Property 759931
2026-07-27 15:38:06.722 | SUCCESS  | storage:save_day:81 - 1405-04-10.json Saved
2026-07-27 15:38:06.724 | INFO     | state_manager:save:61 - State Saved
2026-07-27 15:38:06.724 | INFO     | monitor:scan:197 - Checking 759929
2026-07-27 15:38:06.725 | INFO     | api:get_file:84 - Loading File 126d4ba8-8fee-c134-8af4-1d19f1770422
2026-07-27 15:38:06.946 | SUCCESS  | monitor:scan:235 - Changed : 759929
2026-07-27 15:38:06.956 | INFO     | storage:add_property:113 - Added Property 759929
2026-07-27 15:38:06.958 | SUCCESS  | storage:save_day:81 - 1405-04-10.json Saved
2026-07-27 15:38:06.961 | INFO     | state_manager:save:61 - State Saved
2026-07-27 15:38:06.962 | INFO     | monitor:scan:197 - Checking 759928
2026-07-27 15:38:06.962 | INFO     | api:get_file:84 - Loading File 126d4ba9-9f75-7c0d-132d-35de2dceb542
2026-07-27 15:38:07.177 | SUCCESS  | monitor:scan:235 - Changed : 759928
2026-07-27 15:38:07.185 | INFO     | storage:add_property:113 - Added Property 759928
2026-07-27 15:38:07.186 | SUCCESS  | storage:save_day:81 - 1405-04-10.json Saved
2026-07-27 15:38:07.189 | INFO     | state_manager:save:61 - State Saved
2026-07-27 15:38:07.189 | INFO     | monitor:scan:197 - Checking 759925
2026-07-27 15:38:07.189 | INFO     | api:get_file:84 - Loading File 126d4ba9-8102-33ea-3d35-31c8040ed340
2026-07-27 15:38:07.410 | SUCCESS  | monitor:scan:235 - Changed : 759925
2026-07-27 15:38:07.417 | INFO     | storage:add_property:113 - Added Property 759925
2026-07-27 15:38:07.419 | SUCCESS  | storage:save_day:81 - 1405-04-10.json Saved
2026-07-27 15:38:07.421 | INFO     | state_manager:save:61 - State Saved
2026-07-27 15:38:07.421 | INFO     | monitor:scan:197 - Checking 759923
2026-07-27 15:38:07.421 | INFO     | api:get_file:84 - Loading File 126d4fe3-f016-4d09-9c3c-c16b46343d44
2026-07-27 15:38:07.643 | SUCCESS  | monitor:scan:235 - Changed : 759923
2026-07-27 15:38:07.651 | INFO     | storage:add_property:113 - Added Property 759923
2026-07-27 15:38:07.653 | SUCCESS  | storage:save_day:81 - 1405-04-10.json Saved
2026-07-27 15:38:07.656 | INFO     | state_manager:save:61 - State Saved
2026-07-27 15:38:07.657 | INFO     | monitor:scan:197 - Checking 759922
2026-07-27 15:38:07.657 | INFO     | api:get_file:84 - Loading File 126d4fe4-5f78-3176-d9fa-3f045ca8cb4a
2026-07-27 15:38:07.880 | SUCCESS  | monitor:scan:235 - Changed : 759922
2026-07-27 15:38:07.888 | INFO     | storage:add_property:113 - Added Property 759922
2026-07-27 15:38:07.890 | SUCCESS  | storage:save_day:81 - 1405-04-10.json Saved
2026-07-27 15:38:07.892 | INFO     | state_manager:save:61 - State Saved
2026-07-27 15:38:07.892 | INFO     | monitor:scan:197 - Checking 759920
2026-07-27 15:38:07.893 | INFO     | api:get_file:84 - Loading File 126d4b99-9ed8-21cb-691e-b3c1dd07ec41
2026-07-27 15:38:08.096 | SUCCESS  | monitor:scan:235 - Changed : 759920
2026-07-27 15:38:08.104 | INFO     | storage:add_property:113 - Added Property 759920
2026-07-27 15:38:08.107 | SUCCESS  | storage:save_day:81 - 1405-04-10.json Saved
2026-07-27 15:38:08.109 | INFO     | state_manager:save:61 - State Saved
2026-07-27 15:38:08.109 | INFO     | monitor:scan:197 - Checking 759913
2026-07-27 15:38:08.109 | INFO     | api:get_file:84 - Loading File 126d4ba9-7d1a-7886-bba3-03f94ebff84a
2026-07-27 15:38:08.322 | SUCCESS  | monitor:scan:235 - Changed : 759913
2026-07-27 15:38:08.329 | INFO     | storage:add_property:113 - Added Property 759913
2026-07-27 15:38:08.331 | SUCCESS  | storage:save_day:81 - 1405-04-10.json Saved
2026-07-27 15:38:08.333 | INFO     | state_manager:save:61 - State Saved
2026-07-27 15:38:08.334 | INFO     | monitor:scan:197 - Checking 759911
2026-07-27 15:38:08.334 | INFO     | api:get_file:84 - Loading File 126d4fe3-e538-fc70-018b-44b08554642a
2026-07-27 15:38:08.557 | SUCCESS  | monitor:scan:235 - Changed : 759911
2026-07-27 15:38:08.564 | INFO     | storage:add_property:113 - Added Property 759911
2026-07-27 15:38:08.566 | SUCCESS  | storage:save_day:81 - 1405-04-10.json Saved
2026-07-27 15:38:08.567 | INFO     | state_manager:save:61 - State Saved
2026-07-27 15:38:08.568 | INFO     | monitor:scan:197 - Checking 759906
2026-07-27 15:38:08.568 | INFO     | api:get_file:84 - Loading File 126d4ba9-ab22-8e73-f9c0-4863334cdf4c
2026-07-27 15:38:08.785 | SUCCESS  | monitor:scan:235 - Changed : 759906
2026-07-27 15:38:08.793 | INFO     | storage:add_property:113 - Added Property 759906
2026-07-27 15:38:08.795 | SUCCESS  | storage:save_day:81 - 1405-04-10.json Saved
2026-07-27 15:38:08.796 | INFO     | state_manager:save:61 - State Saved
2026-07-27 15:38:08.796 | INFO     | monitor:scan:197 - Checking 759905
2026-07-27 15:38:08.796 | INFO     | api:get_file:84 - Loading File 126d4ba9-7f60-3273-567e-ae974290044e
2026-07-27 15:38:09.018 | SUCCESS  | monitor:scan:235 - Changed : 759905
2026-07-27 15:38:09.026 | INFO     | storage:add_property:113 - Added Property 759905
2026-07-27 15:38:09.028 | SUCCESS  | storage:save_day:81 - 1405-04-10.json Saved
2026-07-27 15:38:09.031 | INFO     | state_manager:save:61 - State Saved
2026-07-27 15:38:09.031 | INFO     | monitor:scan:197 - Checking 759898
2026-07-27 15:38:09.031 | INFO     | api:get_file:84 - Loading File 126d4fe4-43b3-3006-35be-1b03bf28044f
2026-07-27 15:38:09.247 | SUCCESS  | monitor:scan:235 - Changed : 759898
2026-07-27 15:38:09.254 | INFO     | storage:add_property:113 - Added Property 759898
2026-07-27 15:38:09.256 | SUCCESS  | storage:save_day:81 - 1405-04-10.json Saved
2026-07-27 15:38:09.258 | INFO     | state_manager:save:61 - State Saved
2026-07-27 15:38:09.258 | INFO     | monitor:scan:197 - Checking 759897
2026-07-27 15:38:09.258 | INFO     | api:get_file:84 - Loading File 1b0a45ff-feee-ae84-d9e2-05e0498e2e4a
2026-07-27 15:38:09.474 | SUCCESS  | monitor:scan:235 - Changed : 759897
2026-07-27 15:38:09.481 | INFO     | storage:add_property:113 - Added Property 759897
2026-07-27 15:38:09.484 | SUCCESS  | storage:save_day:81 - 1405-04-10.json Saved
2026-07-27 15:38:09.486 | INFO     | state_manager:save:61 - State Saved
2026-07-27 15:38:09.486 | INFO     | monitor:scan:197 - Checking 759892
2026-07-27 15:38:09.486 | INFO     | api:get_file:84 - Loading File 126d4fe4-5dd3-8ab3-19d4-b5cbabd6a84b
2026-07-27 15:38:09.709 | SUCCESS  | monitor:scan:235 - Changed : 759892
2026-07-27 15:38:09.717 | INFO     | storage:add_property:113 - Added Property 759892
2026-07-27 15:38:09.719 | SUCCESS  | storage:save_day:81 - 1405-04-10.json Saved
2026-07-27 15:38:09.721 | INFO     | state_manager:save:61 - State Saved
2026-07-27 15:38:09.721 | INFO     | monitor:scan:197 - Checking 759891
2026-07-27 15:38:09.721 | INFO     | api:get_file:84 - Loading File 126d4ba9-8492-1741-ba82-1904fa9ab740
2026-07-27 15:38:09.943 | SUCCESS  | monitor:scan:235 - Changed : 759891
2026-07-27 15:38:09.953 | INFO     | storage:add_property:113 - Added Property 759891
2026-07-27 15:38:09.955 | SUCCESS  | storage:save_day:81 - 1405-04-10.json Saved
2026-07-27 15:38:09.957 | INFO     | state_manager:save:61 - State Saved
2026-07-27 15:38:09.957 | INFO     | monitor:scan:197 - Checking 759890
2026-07-27 15:38:09.958 | INFO     | api:get_file:84 - Loading File 126d4fe4-6d06-f80b-5b38-e6eb3268a433
2026-07-27 15:38:10.171 | SUCCESS  | monitor:scan:235 - Changed : 759890
2026-07-27 15:38:10.180 | INFO     | storage:add_property:113 - Added Property 759890
2026-07-27 15:38:10.183 | SUCCESS  | storage:save_day:81 - 1405-04-10.json Saved
2026-07-27 15:38:10.184 | INFO     | state_manager:save:61 - State Saved
2026-07-27 15:38:10.184 | INFO     | monitor:scan:197 - Checking 759888
2026-07-27 15:38:10.185 | INFO     | api:get_file:84 - Loading File 126d4ba8-97db-4446-a1b5-c0058d7ddf4e
2026-07-27 15:38:10.400 | SUCCESS  | monitor:scan:235 - Changed : 759888
2026-07-27 15:38:10.410 | INFO     | storage:add_property:113 - Added Property 759888
2026-07-27 15:38:10.412 | SUCCESS  | storage:save_day:81 - 1405-04-10.json Saved
2026-07-27 15:38:10.414 | INFO     | state_manager:save:61 - State Saved
2026-07-27 15:38:10.414 | INFO     | monitor:scan:197 - Checking 759105
2026-07-27 15:38:10.414 | INFO     | api:get_file:84 - Loading File 126d4af2-6855-7bbc-fa5c-d3c79160af46
2026-07-27 15:38:10.633 | SUCCESS  | monitor:scan:235 - Changed : 759105
2026-07-27 15:38:10.650 | INFO     | storage:add_property:113 - Added Property 759105
2026-07-27 15:38:10.652 | SUCCESS  | storage:save_day:81 - 1405-04-10.json Saved
2026-07-27 15:38:10.654 | INFO     | state_manager:save:61 - State Saved
2026-07-27 15:38:10.654 | INFO     | monitor:scan:197 - Checking 755351
2026-07-27 15:38:10.654 | INFO     | api:get_file:84 - Loading File 126d4473-4ee5-3b06-baf4-796d394c6d46
2026-07-27 15:38:10.871 | SUCCESS  | monitor:scan:235 - Changed : 755351
2026-07-27 15:38:10.881 | INFO     | storage:add_property:113 - Added Property 755351
2026-07-27 15:38:10.884 | SUCCESS  | storage:save_day:81 - 1405-04-10.json Saved
2026-07-27 15:38:10.885 | INFO     | state_manager:save:61 - State Saved
2026-07-27 15:38:10.886 | INFO     | monitor:scan:197 - Checking 743059
2026-07-27 15:38:10.886 | INFO     | api:get_file:84 - Loading File 126d3e5e-071a-5237-e88d-4b3f50bd224d
2026-07-27 15:38:11.083 | SUCCESS  | monitor:scan:235 - Changed : 743059
2026-07-27 15:38:11.091 | INFO     | storage:add_property:113 - Added Property 743059
2026-07-27 15:38:11.094 | SUCCESS  | storage:save_day:81 - 1405-04-10.json Saved
2026-07-27 15:38:11.095 | INFO     | state_manager:save:61 - State Saved
2026-07-27 15:38:11.095 | INFO     | monitor:scan:197 - Checking 742998
2026-07-27 15:38:11.096 | INFO     | api:get_file:84 - Loading File 126d3e4e-9478-25e7-f2f6-96e2b85cf497
2026-07-27 15:38:11.983 | SUCCESS  | monitor:scan:235 - Changed : 742998
2026-07-27 15:38:11.996 | INFO     | storage:add_property:113 - Added Property 742998
2026-07-27 15:38:11.998 | SUCCESS  | storage:save_day:81 - 1405-04-10.json Saved
2026-07-27 15:38:12.000 | INFO     | state_manager:save:61 - State Saved
2026-07-27 15:38:12.000 | INFO     | monitor:scan:197 - Checking 731767
2026-07-27 15:38:12.000 | INFO     | api:get_file:84 - Loading File 1b0a45f6-18d7-f549-1247-8e51b765894a
2026-07-27 15:38:12.800 | SUCCESS  | monitor:scan:235 - Changed : 731767
2026-07-27 15:38:12.807 | INFO     | storage:add_property:113 - Added Property 731767
2026-07-27 15:38:12.810 | SUCCESS  | storage:save_day:81 - 1405-04-10.json Saved
2026-07-27 15:38:12.811 | INFO     | state_manager:save:61 - State Saved
2026-07-27 15:38:12.811 | INFO     | monitor:scan:197 - Checking 719259
2026-07-27 15:38:12.811 | INFO     | api:get_file:84 - Loading File 126b1b70-4f68-7013-ba8c-725f754db347
2026-07-27 15:38:13.201 | SUCCESS  | monitor:scan:235 - Changed : 719259
2026-07-27 15:38:13.210 | INFO     | storage:add_property:113 - Added Property 719259
2026-07-27 15:38:13.212 | SUCCESS  | storage:save_day:81 - 1405-04-10.json Saved
2026-07-27 15:38:13.214 | INFO     | state_manager:save:61 - State Saved
2026-07-27 15:38:13.214 | INFO     | monitor:scan:197 - Checking 718492
2026-07-27 15:38:13.214 | INFO     | api:get_file:84 - Loading File 126b1ad7-b814-5b1f-bbc6-7289bc892e45
2026-07-27 15:38:13.611 | SUCCESS  | monitor:scan:235 - Changed : 718492
2026-07-27 15:38:13.622 | INFO     | storage:add_property:113 - Added Property 718492
2026-07-27 15:38:13.625 | SUCCESS  | storage:save_day:81 - 1405-04-10.json Saved
2026-07-27 15:38:13.626 | INFO     | state_manager:save:61 - State Saved
2026-07-27 15:38:13.626 | INFO     | monitor:scan:197 - Checking 711559
2026-07-27 15:38:13.626 | INFO     | api:get_file:84 - Loading File 126b0899-7067-2bbe-09dd-1eee89738d48
2026-07-27 15:38:14.018 | SUCCESS  | monitor:scan:235 - Changed : 711559
2026-07-27 15:38:14.029 | INFO     | storage:add_property:113 - Added Property 711559
2026-07-27 15:38:14.032 | SUCCESS  | storage:save_day:81 - 1405-04-10.json Saved
2026-07-27 15:38:14.033 | INFO     | state_manager:save:61 - State Saved
2026-07-27 15:38:14.033 | INFO     | monitor:scan:197 - Checking 696788
2026-07-27 15:38:14.033 | INFO     | api:get_file:84 - Loading File 126afd27-dad9-2c58-525e-e5cabc9b1a4d
2026-07-27 15:38:14.422 | SUCCESS  | monitor:scan:235 - Changed : 696788
2026-07-27 15:38:14.431 | INFO     | storage:add_property:113 - Added Property 696788
2026-07-27 15:38:14.433 | SUCCESS  | storage:save_day:81 - 1405-04-10.json Saved
2026-07-27 15:38:14.435 | INFO     | state_manager:save:61 - State Saved
2026-07-27 15:38:14.435 | INFO     | monitor:scan:197 - Checking 696668
2026-07-27 15:38:14.435 | INFO     | api:get_file:84 - Loading File 1b0a45f6-0145-12ef-e28b-77d368d8ac4c
2026-07-27 15:38:15.305 | SUCCESS  | monitor:scan:235 - Changed : 696668
2026-07-27 15:38:15.317 | INFO     | storage:add_property:113 - Added Property 696668
2026-07-27 15:38:15.320 | SUCCESS  | storage:save_day:81 - 1405-04-10.json Saved
2026-07-27 15:38:15.321 | INFO     | state_manager:save:61 - State Saved
2026-07-27 15:38:15.321 | INFO     | monitor:scan:197 - Checking 693717
2026-07-27 15:38:15.321 | INFO     | api:get_file:84 - Loading File 1b0a45f6-1244-ab0c-080f-39b8f7a4de48
2026-07-27 15:38:16.114 | SUCCESS  | monitor:scan:235 - Changed : 693717
2026-07-27 15:38:16.122 | INFO     | storage:add_property:113 - Added Property 693717
2026-07-27 15:38:16.125 | SUCCESS  | storage:save_day:81 - 1405-04-10.json Saved
2026-07-27 15:38:16.127 | INFO     | state_manager:save:61 - State Saved
2026-07-27 15:38:16.127 | INFO     | monitor:scan:197 - Checking 693352
2026-07-27 15:38:16.127 | INFO     | api:get_file:84 - Loading File 1b0a45f6-0676-91ec-8f71-b50a3b1e2547
2026-07-27 15:38:16.899 | SUCCESS  | monitor:scan:235 - Changed : 693352
2026-07-27 15:38:16.910 | INFO     | storage:add_property:113 - Added Property 693352
2026-07-27 15:38:16.913 | SUCCESS  | storage:save_day:81 - 1405-04-10.json Saved
2026-07-27 15:38:16.914 | INFO     | state_manager:save:61 - State Saved
2026-07-27 15:38:16.915 | INFO     | monitor:scan:197 - Checking 691647
2026-07-27 15:38:16.915 | INFO     | api:get_file:84 - Loading File 1b0a45f6-03bd-a9d6-0c27-ed50c9bf1e42
2026-07-27 15:38:17.311 | SUCCESS  | monitor:scan:235 - Changed : 691647
2026-07-27 15:38:17.319 | INFO     | storage:add_property:113 - Added Property 691647
2026-07-27 15:38:17.322 | SUCCESS  | storage:save_day:81 - 1405-04-10.json Saved
2026-07-27 15:38:17.324 | INFO     | state_manager:save:61 - State Saved
2026-07-27 15:38:17.324 | INFO     | monitor:scan:197 - Checking 689893
2026-07-27 15:38:17.324 | INFO     | api:get_file:84 - Loading File 1b0a45f6-1297-18a3-2d6f-611777383645
2026-07-27 15:38:17.717 | SUCCESS  | monitor:scan:235 - Changed : 689893
2026-07-27 15:38:17.728 | INFO     | storage:add_property:113 - Added Property 689893
2026-07-27 15:38:17.732 | SUCCESS  | storage:save_day:81 - 1405-04-10.json Saved
2026-07-27 15:38:17.733 | INFO     | state_manager:save:61 - State Saved
2026-07-27 15:38:17.733 | INFO     | monitor:scan:197 - Checking 689563
2026-07-27 15:38:17.734 | INFO     | api:get_file:84 - Loading File 126af00a-d86f-8419-6d67-324913c7364f
2026-07-27 15:38:18.122 | SUCCESS  | monitor:scan:235 - Changed : 689563
2026-07-27 15:38:18.133 | INFO     | storage:add_property:113 - Added Property 689563
2026-07-27 15:38:18.137 | SUCCESS  | storage:save_day:81 - 1405-04-10.json Saved
2026-07-27 15:38:18.138 | INFO     | state_manager:save:61 - State Saved
2026-07-27 15:38:18.138 | INFO     | monitor:scan:197 - Checking 688304
2026-07-27 15:38:18.138 | INFO     | api:get_file:84 - Loading File 1b0a45f6-0793-7d31-b616-64508615e94e
2026-07-27 15:38:18.354 | SUCCESS  | monitor:scan:235 - Changed : 688304
2026-07-27 15:38:18.364 | INFO     | storage:add_property:113 - Added Property 688304
2026-07-27 15:38:18.367 | SUCCESS  | storage:save_day:81 - 1405-04-10.json Saved
2026-07-27 15:38:18.368 | INFO     | state_manager:save:61 - State Saved
2026-07-27 15:38:18.369 | INFO     | monitor:scan:197 - Checking 683103
2026-07-27 15:38:18.369 | INFO     | api:get_file:84 - Loading File 1b0a45f6-181d-f080-beb3-a0c2c090b740
2026-07-27 15:38:18.757 | SUCCESS  | monitor:scan:235 - Changed : 683103
2026-07-27 15:38:18.773 | INFO     | storage:add_property:113 - Added Property 683103
2026-07-27 15:38:18.776 | SUCCESS  | storage:save_day:81 - 1405-04-10.json Saved
2026-07-27 15:38:18.777 | INFO     | state_manager:save:61 - State Saved
2026-07-27 15:38:18.777 | INFO     | monitor:scan:197 - Checking 759838
2026-07-27 15:38:18.778 | INFO     | api:get_file:84 - Loading File 1b0a45ff-044a-827d-a1e3-80f69972d144
2026-07-27 15:38:18.996 | SUCCESS  | monitor:scan:235 - Changed : 759838
2026-07-27 15:38:18.998 | INFO     | storage:add_property:113 - Added Property 759838
2026-07-27 15:38:19.000 | SUCCESS  | storage:save_day:81 - 1405-04-09.json Saved
2026-07-27 15:38:19.004 | INFO     | state_manager:save:61 - State Saved
2026-07-27 15:38:19.004 | INFO     | monitor:scan:197 - Checking 759836
2026-07-27 15:38:19.004 | INFO     | api:get_file:84 - Loading File 1b0a45ff-0562-3d17-1d84-c7175ffced4c
2026-07-27 15:38:19.225 | SUCCESS  | monitor:scan:235 - Changed : 759836
2026-07-27 15:38:19.231 | INFO     | storage:add_property:113 - Added Property 759836
2026-07-27 15:38:19.232 | SUCCESS  | storage:save_day:81 - 1405-04-09.json Saved
2026-07-27 15:38:19.233 | INFO     | state_manager:save:61 - State Saved
2026-07-27 15:38:19.234 | INFO     | monitor:scan:197 - Checking 759835
2026-07-27 15:38:19.234 | INFO     | api:get_file:84 - Loading File 126d4ba8-8d81-3d95-7542-5733316fed44
2026-07-27 15:38:19.647 | SUCCESS  | monitor:scan:235 - Changed : 759835
2026-07-27 15:38:19.654 | INFO     | storage:add_property:113 - Added Property 759835
2026-07-27 15:38:19.655 | SUCCESS  | storage:save_day:81 - 1405-04-09.json Saved
2026-07-27 15:38:19.656 | INFO     | state_manager:save:61 - State Saved
2026-07-27 15:38:19.656 | INFO     | monitor:scan:197 - Checking 759834
2026-07-27 15:38:19.656 | INFO     | api:get_file:84 - Loading File 1b0a45f6-06fb-2498-9f1f-d638df1a4b40
2026-07-27 15:38:19.863 | SUCCESS  | monitor:scan:235 - Changed : 759834
2026-07-27 15:38:19.869 | INFO     | storage:add_property:113 - Added Property 759834
2026-07-27 15:38:19.870 | SUCCESS  | storage:save_day:81 - 1405-04-09.json Saved
2026-07-27 15:38:19.872 | INFO     | state_manager:save:61 - State Saved
2026-07-27 15:38:19.872 | INFO     | monitor:scan:197 - Checking 759833
2026-07-27 15:38:19.872 | INFO     | api:get_file:84 - Loading File 126d4b9a-8e50-a68e-3550-23aec971d42a
2026-07-27 15:38:20.267 | SUCCESS  | monitor:scan:235 - Changed : 759833
2026-07-27 15:38:20.276 | INFO     | storage:add_property:113 - Added Property 759833
2026-07-27 15:38:20.277 | SUCCESS  | storage:save_day:81 - 1405-04-09.json Saved
2026-07-27 15:38:20.278 | INFO     | state_manager:save:61 - State Saved
2026-07-27 15:38:20.278 | INFO     | monitor:scan:197 - Checking 759832
2026-07-27 15:38:20.279 | INFO     | api:get_file:84 - Loading File 126d4ba8-5f9e-8da7-94bb-e18636318f49
2026-07-27 15:38:20.682 | SUCCESS  | monitor:scan:235 - Changed : 759832
2026-07-27 15:38:20.693 | INFO     | storage:add_property:113 - Added Property 759832
2026-07-27 15:38:20.694 | SUCCESS  | storage:save_day:81 - 1405-04-09.json Saved
2026-07-27 15:38:20.695 | INFO     | state_manager:save:61 - State Saved
2026-07-27 15:38:20.695 | INFO     | monitor:scan:197 - Checking 759829
2026-07-27 15:38:20.696 | INFO     | api:get_file:84 - Loading File 126d4ba8-aa1d-67a8-44f4-63dd4f1b0744
2026-07-27 15:38:21.095 | SUCCESS  | monitor:scan:235 - Changed : 759829
2026-07-27 15:38:21.108 | INFO     | storage:add_property:113 - Added Property 759829
2026-07-27 15:38:21.109 | SUCCESS  | storage:save_day:81 - 1405-04-09.json Saved
2026-07-27 15:38:21.111 | INFO     | state_manager:save:61 - State Saved
2026-07-27 15:38:21.111 | INFO     | monitor:scan:197 - Checking 759821
2026-07-27 15:38:21.111 | INFO     | api:get_file:84 - Loading File 126d4ba8-d847-3fd3-51d9-a64344405342
2026-07-27 15:38:21.346 | SUCCESS  | monitor:scan:235 - Changed : 759821
2026-07-27 15:38:21.352 | INFO     | storage:add_property:113 - Added Property 759821
2026-07-27 15:38:21.354 | SUCCESS  | storage:save_day:81 - 1405-04-09.json Saved
2026-07-27 15:38:21.355 | INFO     | state_manager:save:61 - State Saved
2026-07-27 15:38:21.355 | INFO     | monitor:scan:197 - Checking 759816
2026-07-27 15:38:21.356 | INFO     | api:get_file:84 - Loading File 126d4b8a-5e3d-41d2-5658-d6394131ec43
2026-07-27 15:38:21.797 | SUCCESS  | monitor:scan:235 - Changed : 759816
2026-07-27 15:38:21.804 | INFO     | storage:add_property:113 - Added Property 759816
2026-07-27 15:38:21.805 | SUCCESS  | storage:save_day:81 - 1405-04-09.json Saved
2026-07-27 15:38:21.807 | INFO     | state_manager:save:61 - State Saved
2026-07-27 15:38:21.807 | INFO     | monitor:scan:197 - Checking 759814
2026-07-27 15:38:21.807 | INFO     | api:get_file:84 - Loading File 126d4b9a-63e2-3d12-1e1b-2a797066f045
2026-07-27 15:38:22.023 | SUCCESS  | monitor:scan:235 - Changed : 759814
2026-07-27 15:38:22.031 | INFO     | storage:add_property:113 - Added Property 759814
2026-07-27 15:38:22.032 | SUCCESS  | storage:save_day:81 - 1405-04-09.json Saved
2026-07-27 15:38:22.034 | INFO     | state_manager:save:61 - State Saved
2026-07-27 15:38:22.034 | INFO     | monitor:scan:197 - Checking 759813
2026-07-27 15:38:22.034 | INFO     | api:get_file:84 - Loading File 126d4b9a-5932-1aab-8bdd-5d8ce7e5774f
2026-07-27 15:38:22.252 | SUCCESS  | monitor:scan:235 - Changed : 759813
2026-07-27 15:38:22.260 | INFO     | storage:add_property:113 - Added Property 759813
2026-07-27 15:38:22.261 | SUCCESS  | storage:save_day:81 - 1405-04-09.json Saved
2026-07-27 15:38:22.263 | INFO     | state_manager:save:61 - State Saved
2026-07-27 15:38:22.263 | INFO     | monitor:scan:197 - Checking 759812
2026-07-27 15:38:22.263 | INFO     | api:get_file:84 - Loading File 126d4ba8-9552-6e13-45f5-18d85b6e164f
2026-07-27 15:38:22.484 | SUCCESS  | monitor:scan:235 - Changed : 759812
2026-07-27 15:38:22.492 | INFO     | storage:add_property:113 - Added Property 759812
2026-07-27 15:38:22.494 | SUCCESS  | storage:save_day:81 - 1405-04-09.json Saved
2026-07-27 15:38:22.496 | INFO     | state_manager:save:61 - State Saved
2026-07-27 15:38:22.496 | INFO     | monitor:scan:197 - Checking 759810
2026-07-27 15:38:22.496 | INFO     | api:get_file:84 - Loading File 126d4ba8-b6bb-2b1f-740b-fc188dec904d
2026-07-27 15:38:22.717 | SUCCESS  | monitor:scan:235 - Changed : 759810
2026-07-27 15:38:22.724 | INFO     | storage:add_property:113 - Added Property 759810
2026-07-27 15:38:22.726 | SUCCESS  | storage:save_day:81 - 1405-04-09.json Saved
2026-07-27 15:38:22.727 | INFO     | state_manager:save:61 - State Saved
2026-07-27 15:38:22.727 | INFO     | monitor:scan:197 - Checking 759807
2026-07-27 15:38:22.727 | INFO     | api:get_file:84 - Loading File 1b0a45f6-07da-d20f-80b7-03041de7d24e
2026-07-27 15:38:22.943 | SUCCESS  | monitor:scan:235 - Changed : 759807
2026-07-27 15:38:22.957 | INFO     | storage:add_property:113 - Added Property 759807
2026-07-27 15:38:22.959 | SUCCESS  | storage:save_day:81 - 1405-04-09.json Saved
2026-07-27 15:38:22.960 | INFO     | state_manager:save:61 - State Saved
2026-07-27 15:38:22.961 | INFO     | monitor:scan:197 - Checking 759804
2026-07-27 15:38:22.961 | INFO     | api:get_file:84 - Loading File 126d4ba8-bafc-52b1-4cac-a260b480db41
2026-07-27 15:38:23.178 | SUCCESS  | monitor:scan:235 - Changed : 759804
2026-07-27 15:38:23.189 | INFO     | storage:add_property:113 - Added Property 759804
2026-07-27 15:38:23.191 | SUCCESS  | storage:save_day:81 - 1405-04-09.json Saved
2026-07-27 15:38:23.192 | INFO     | state_manager:save:61 - State Saved
2026-07-27 15:38:23.192 | INFO     | monitor:scan:197 - Checking 759802
2026-07-27 15:38:23.192 | INFO     | api:get_file:84 - Loading File 126d4ba8-b2bd-31b0-371d-d542cf307d41
2026-07-27 15:38:23.413 | SUCCESS  | monitor:scan:235 - Changed : 759802
2026-07-27 15:38:23.421 | INFO     | storage:add_property:113 - Added Property 759802
2026-07-27 15:38:23.423 | SUCCESS  | storage:save_day:81 - 1405-04-09.json Saved
2026-07-27 15:38:23.424 | INFO     | state_manager:save:61 - State Saved
2026-07-27 15:38:23.425 | INFO     | monitor:scan:197 - Checking 759800
2026-07-27 15:38:23.425 | INFO     | api:get_file:84 - Loading File 126d4b9a-894e-55b7-33b9-cc12d8281845
2026-07-27 15:38:23.645 | SUCCESS  | monitor:scan:235 - Changed : 759800
2026-07-27 15:38:23.653 | INFO     | storage:add_property:113 - Added Property 759800
2026-07-27 15:38:23.655 | SUCCESS  | storage:save_day:81 - 1405-04-09.json Saved
2026-07-27 15:38:23.657 | INFO     | state_manager:save:61 - State Saved
2026-07-27 15:38:23.657 | INFO     | monitor:scan:197 - Checking 759798
2026-07-27 15:38:23.657 | INFO     | api:get_file:84 - Loading File 126d4ba8-adef-446f-f471-2ea75bdbf648
2026-07-27 15:38:23.914 | SUCCESS  | monitor:scan:235 - Changed : 759798
2026-07-27 15:38:23.923 | INFO     | storage:add_property:113 - Added Property 759798
2026-07-27 15:38:23.925 | SUCCESS  | storage:save_day:81 - 1405-04-09.json Saved
2026-07-27 15:38:23.927 | INFO     | state_manager:save:61 - State Saved
2026-07-27 15:38:23.927 | INFO     | monitor:scan:197 - Checking 759797
2026-07-27 15:38:23.927 | INFO     | api:get_file:84 - Loading File 126d4ba8-dd98-84f7-63cd-5a25d73ae547
2026-07-27 15:38:24.149 | SUCCESS  | monitor:scan:235 - Changed : 759797
2026-07-27 15:38:24.158 | INFO     | storage:add_property:113 - Added Property 759797
2026-07-27 15:38:24.160 | SUCCESS  | storage:save_day:81 - 1405-04-09.json Saved
2026-07-27 15:38:24.162 | INFO     | state_manager:save:61 - State Saved
2026-07-27 15:38:24.162 | INFO     | monitor:scan:197 - Checking 759795
2026-07-27 15:38:24.162 | INFO     | api:get_file:84 - Loading File 1b0a45f6-0dbd-ecdf-8a8c-3b35e2b12c4a
2026-07-27 15:38:24.396 | SUCCESS  | monitor:scan:235 - Changed : 759795
2026-07-27 15:38:24.405 | INFO     | storage:add_property:113 - Added Property 759795
2026-07-27 15:38:24.408 | SUCCESS  | storage:save_day:81 - 1405-04-09.json Saved
2026-07-27 15:38:24.409 | INFO     | state_manager:save:61 - State Saved
2026-07-27 15:38:24.410 | INFO     | monitor:scan:197 - Checking 759789
2026-07-27 15:38:24.410 | INFO     | api:get_file:84 - Loading File 126d4ba8-bf50-486c-70ef-1ea7827ba341
2026-07-27 15:38:24.634 | SUCCESS  | monitor:scan:235 - Changed : 759789
2026-07-27 15:38:24.648 | INFO     | storage:add_property:113 - Added Property 759789
2026-07-27 15:38:24.651 | SUCCESS  | storage:save_day:81 - 1405-04-09.json Saved
2026-07-27 15:38:24.652 | INFO     | state_manager:save:61 - State Saved
2026-07-27 15:38:24.652 | INFO     | monitor:scan:197 - Checking 759787
2026-07-27 15:38:24.652 | INFO     | api:get_file:84 - Loading File 126d4ba8-aa12-1a9f-5900-39d3f75aa140
2026-07-27 15:38:24.874 | SUCCESS  | monitor:scan:235 - Changed : 759787
2026-07-27 15:38:24.882 | INFO     | storage:add_property:113 - Added Property 759787
2026-07-27 15:38:24.884 | SUCCESS  | storage:save_day:81 - 1405-04-09.json Saved
2026-07-27 15:38:24.886 | INFO     | state_manager:save:61 - State Saved
2026-07-27 15:38:24.886 | INFO     | monitor:scan:197 - Checking 759783
2026-07-27 15:38:24.886 | INFO     | api:get_file:84 - Loading File 126d4ba8-bfb3-7db2-5398-209c955dec4a
2026-07-27 15:38:25.106 | SUCCESS  | monitor:scan:235 - Changed : 759783
2026-07-27 15:38:25.121 | INFO     | storage:add_property:113 - Added Property 759783
2026-07-27 15:38:25.124 | SUCCESS  | storage:save_day:81 - 1405-04-09.json Saved
2026-07-27 15:38:25.126 | INFO     | state_manager:save:61 - State Saved
2026-07-27 15:38:25.126 | INFO     | monitor:scan:197 - Checking 732278
2026-07-27 15:38:25.126 | INFO     | api:get_file:84 - Loading File 126d331b-0c78-985d-4f07-a76d5cb9fb4f
2026-07-27 15:38:25.516 | SUCCESS  | monitor:scan:235 - Changed : 732278
2026-07-27 15:38:25.531 | INFO     | storage:add_property:113 - Added Property 732278
2026-07-27 15:38:25.534 | SUCCESS  | storage:save_day:81 - 1405-04-09.json Saved
2026-07-27 15:38:25.535 | INFO     | state_manager:save:61 - State Saved
2026-07-27 15:38:25.535 | INFO     | monitor:scan:197 - Checking 715314
2026-07-27 15:38:25.536 | INFO     | api:get_file:84 - Loading File 1b0a45ff-0556-cee9-349f-052281c70942
2026-07-27 15:38:25.755 | SUCCESS  | monitor:scan:235 - Changed : 715314
2026-07-27 15:38:25.769 | INFO     | storage:add_property:113 - Added Property 715314
2026-07-27 15:38:25.771 | SUCCESS  | storage:save_day:81 - 1405-04-09.json Saved
2026-07-27 15:38:25.773 | INFO     | state_manager:save:61 - State Saved
2026-07-27 15:38:25.773 | INFO     | monitor:scan:197 - Checking 712755
2026-07-27 15:38:25.773 | INFO     | api:get_file:84 - Loading File 126b0970-22d7-7a67-23b9-92187e951e43
2026-07-27 15:38:25.998 | SUCCESS  | monitor:scan:235 - Changed : 712755
2026-07-27 15:38:26.009 | INFO     | storage:add_property:113 - Added Property 712755
2026-07-27 15:38:26.012 | SUCCESS  | storage:save_day:81 - 1405-04-09.json Saved
2026-07-27 15:38:26.013 | INFO     | state_manager:save:61 - State Saved
2026-07-27 15:38:26.014 | INFO     | monitor:scan:197 - Checking 697475
2026-07-27 15:38:26.014 | INFO     | api:get_file:84 - Loading File 1b0a45f6-0e78-dcb6-8246-415ae50c024b
2026-07-27 15:38:26.218 | SUCCESS  | monitor:scan:235 - Changed : 697475
2026-07-27 15:38:26.226 | INFO     | storage:add_property:113 - Added Property 697475
2026-07-27 15:38:26.228 | SUCCESS  | storage:save_day:81 - 1405-04-09.json Saved
2026-07-27 15:38:26.230 | INFO     | state_manager:save:61 - State Saved
2026-07-27 15:38:26.230 | INFO     | monitor:scan:197 - Checking 694284
2026-07-27 15:38:26.230 | INFO     | api:get_file:84 - Loading File 1b0a45f6-0ed5-bbf1-1d59-e38fa5a0bb48
2026-07-27 15:38:26.445 | SUCCESS  | monitor:scan:235 - Changed : 694284
2026-07-27 15:38:26.457 | INFO     | storage:add_property:113 - Added Property 694284
2026-07-27 15:38:26.460 | SUCCESS  | storage:save_day:81 - 1405-04-09.json Saved
2026-07-27 15:38:26.462 | INFO     | state_manager:save:61 - State Saved
2026-07-27 15:38:26.462 | INFO     | monitor:scan:197 - Checking 693140
2026-07-27 15:38:26.462 | INFO     | api:get_file:84 - Loading File 126af620-6c81-8e18-e9c7-b40312065248
2026-07-27 15:38:26.681 | SUCCESS  | monitor:scan:235 - Changed : 693140
2026-07-27 15:38:26.694 | INFO     | storage:add_property:113 - Added Property 693140
2026-07-27 15:38:26.697 | SUCCESS  | storage:save_day:81 - 1405-04-09.json Saved
2026-07-27 15:38:26.698 | INFO     | state_manager:save:61 - State Saved
2026-07-27 15:38:26.699 | INFO     | monitor:scan:197 - Checking 692991
2026-07-27 15:38:26.699 | INFO     | api:get_file:84 - Loading File 126af600-d595-1cf2-d39d-b4fdb8673748
2026-07-27 15:38:26.932 | SUCCESS  | monitor:scan:235 - Changed : 692991
2026-07-27 15:38:26.940 | INFO     | storage:add_property:113 - Added Property 692991
2026-07-27 15:38:26.945 | SUCCESS  | storage:save_day:81 - 1405-04-09.json Saved
2026-07-27 15:38:26.947 | INFO     | state_manager:save:61 - State Saved
2026-07-27 15:38:26.947 | INFO     | monitor:scan:197 - Checking 692922
2026-07-27 15:38:26.947 | INFO     | api:get_file:84 - Loading File 1b0a45f6-06fc-8eb5-7a7d-745a7a97d648
2026-07-27 15:38:27.161 | SUCCESS  | monitor:scan:235 - Changed : 692922
2026-07-27 15:38:27.168 | INFO     | storage:add_property:113 - Added Property 692922
2026-07-27 15:38:27.171 | SUCCESS  | storage:save_day:81 - 1405-04-09.json Saved
2026-07-27 15:38:27.172 | INFO     | state_manager:save:61 - State Saved
2026-07-27 15:38:27.172 | INFO     | monitor:scan:197 - Checking 692303
2026-07-27 15:38:27.172 | INFO     | api:get_file:84 - Loading File 1b0a45f6-04db-2efb-6099-41dc8c7b264c
2026-07-27 15:38:27.390 | SUCCESS  | monitor:scan:235 - Changed : 692303
2026-07-27 15:38:27.405 | INFO     | storage:add_property:113 - Added Property 692303
2026-07-27 15:38:27.408 | SUCCESS  | storage:save_day:81 - 1405-04-09.json Saved
2026-07-27 15:38:27.409 | INFO     | state_manager:save:61 - State Saved
2026-07-27 15:38:27.409 | INFO     | monitor:scan:197 - Checking 690902
2026-07-27 15:38:27.409 | INFO     | api:get_file:84 - Loading File 1b0a45f6-0576-9c8e-9f42-edf174c6fc46
2026-07-27 15:38:27.629 | SUCCESS  | monitor:scan:235 - Changed : 690902
2026-07-27 15:38:27.636 | INFO     | storage:add_property:113 - Added Property 690902
2026-07-27 15:38:27.640 | SUCCESS  | storage:save_day:81 - 1405-04-09.json Saved
2026-07-27 15:38:27.641 | INFO     | state_manager:save:61 - State Saved
2026-07-27 15:38:27.641 | INFO     | monitor:scan:197 - Checking 687987
2026-07-27 15:38:27.641 | INFO     | api:get_file:84 - Loading File 1b0a45f6-07d6-1240-6e7b-de932d7c874d
2026-07-27 15:38:27.857 | SUCCESS  | monitor:scan:235 - Changed : 687987
2026-07-27 15:38:27.864 | INFO     | storage:add_property:113 - Added Property 687987
2026-07-27 15:38:27.867 | SUCCESS  | storage:save_day:81 - 1405-04-09.json Saved
2026-07-27 15:38:27.868 | INFO     | state_manager:save:61 - State Saved
2026-07-27 15:38:27.869 | INFO     | monitor:scan:197 - Checking 759741
2026-07-27 15:38:27.869 | INFO     | api:get_file:84 - Loading File 126d4b8b-106e-25dc-0889-465a9dc03a48
2026-07-27 15:38:28.087 | SUCCESS  | monitor:scan:235 - Changed : 759741
2026-07-27 15:38:28.087 | INFO     | storage:add_property:113 - Added Property 759741
2026-07-27 15:38:28.088 | SUCCESS  | storage:save_day:81 - 1405-04-08.json Saved
2026-07-27 15:38:28.089 | INFO     | state_manager:save:61 - State Saved
2026-07-27 15:38:28.089 | INFO     | monitor:scan:197 - Checking 759738
2026-07-27 15:38:28.089 | INFO     | api:get_file:84 - Loading File 126d4b99-76ae-b49e-36e7-98ddaed64443
2026-07-27 15:38:28.303 | SUCCESS  | monitor:scan:235 - Changed : 759738
2026-07-27 15:38:28.311 | INFO     | storage:add_property:113 - Added Property 759738
2026-07-27 15:38:28.312 | SUCCESS  | storage:save_day:81 - 1405-04-08.json Saved
2026-07-27 15:38:28.314 | INFO     | state_manager:save:61 - State Saved
2026-07-27 15:38:28.314 | INFO     | monitor:scan:197 - Checking 759737
2026-07-27 15:38:28.314 | INFO     | api:get_file:84 - Loading File 1b0a45ff-053d-fd0c-7d1f-232cba74e54e
2026-07-27 15:38:28.697 | SUCCESS  | monitor:scan:235 - Changed : 759737
2026-07-27 15:38:28.707 | INFO     | storage:add_property:113 - Added Property 759737
2026-07-27 15:38:28.708 | SUCCESS  | storage:save_day:81 - 1405-04-08.json Saved
2026-07-27 15:38:28.710 | INFO     | state_manager:save:61 - State Saved
2026-07-27 15:38:28.710 | INFO     | monitor:scan:197 - Checking 759733
2026-07-27 15:38:28.710 | INFO     | api:get_file:84 - Loading File 1b0a45ff-0d99-2b7a-f2a3-d09f00577444
2026-07-27 15:38:28.930 | SUCCESS  | monitor:scan:235 - Changed : 759733
2026-07-27 15:38:28.943 | INFO     | storage:add_property:113 - Added Property 759733
2026-07-27 15:38:28.944 | SUCCESS  | storage:save_day:81 - 1405-04-08.json Saved
2026-07-27 15:38:28.946 | INFO     | state_manager:save:61 - State Saved
2026-07-27 15:38:28.946 | INFO     | monitor:scan:197 - Checking 759717
2026-07-27 15:38:28.946 | INFO     | api:get_file:84 - Loading File 1b0a45f6-04ac-f2ca-bd25-8ecaf54c2b44
2026-07-27 15:38:29.162 | SUCCESS  | monitor:scan:235 - Changed : 759717
2026-07-27 15:38:29.169 | INFO     | storage:add_property:113 - Added Property 759717
2026-07-27 15:38:29.170 | SUCCESS  | storage:save_day:81 - 1405-04-08.json Saved
2026-07-27 15:38:29.172 | INFO     | state_manager:save:61 - State Saved
2026-07-27 15:38:29.172 | INFO     | monitor:scan:197 - Checking 759716
2026-07-27 15:38:29.172 | INFO     | api:get_file:84 - Loading File 126d4b8a-6297-3410-63ca-de78ab3b2438
2026-07-27 15:38:29.386 | SUCCESS  | monitor:scan:235 - Changed : 759716
2026-07-27 15:38:29.397 | INFO     | storage:add_property:113 - Added Property 759716
2026-07-27 15:38:29.398 | SUCCESS  | storage:save_day:81 - 1405-04-08.json Saved
2026-07-27 15:38:29.400 | INFO     | state_manager:save:61 - State Saved
2026-07-27 15:38:29.400 | INFO     | monitor:scan:197 - Checking 759715
2026-07-27 15:38:29.400 | INFO     | api:get_file:84 - Loading File 126d4b8a-fe62-8514-4419-25dc0a7f9145
2026-07-27 15:38:29.805 | SUCCESS  | monitor:scan:235 - Changed : 759715
2026-07-27 15:38:29.818 | INFO     | storage:add_property:113 - Added Property 759715
2026-07-27 15:38:29.819 | SUCCESS  | storage:save_day:81 - 1405-04-08.json Saved
2026-07-27 15:38:29.821 | INFO     | state_manager:save:61 - State Saved
2026-07-27 15:38:29.821 | INFO     | monitor:scan:197 - Checking 759714
2026-07-27 15:38:29.821 | INFO     | api:get_file:84 - Loading File 126d4b99-796b-2ea4-94fa-ae957c0dfb45
2026-07-27 15:38:30.216 | SUCCESS  | monitor:scan:235 - Changed : 759714
2026-07-27 15:38:30.223 | INFO     | storage:add_property:113 - Added Property 759714
2026-07-27 15:38:30.225 | SUCCESS  | storage:save_day:81 - 1405-04-08.json Saved
2026-07-27 15:38:30.226 | INFO     | state_manager:save:61 - State Saved
2026-07-27 15:38:30.227 | INFO     | monitor:scan:197 - Checking 759713
2026-07-27 15:38:30.227 | INFO     | api:get_file:84 - Loading File 126d4b99-53fa-57cb-c183-48844efa8044
2026-07-27 15:38:30.672 | SUCCESS  | monitor:scan:235 - Changed : 759713
2026-07-27 15:38:30.683 | INFO     | storage:add_property:113 - Added Property 759713
2026-07-27 15:38:30.685 | SUCCESS  | storage:save_day:81 - 1405-04-08.json Saved
2026-07-27 15:38:30.686 | INFO     | state_manager:save:61 - State Saved
2026-07-27 15:38:30.687 | INFO     | monitor:scan:197 - Checking 759710
2026-07-27 15:38:30.687 | INFO     | api:get_file:84 - Loading File 126d4b8a-fb67-485e-2b40-03f4736fe64b
2026-07-27 15:38:31.250 | SUCCESS  | monitor:scan:235 - Changed : 759710
2026-07-27 15:38:31.260 | INFO     | storage:add_property:113 - Added Property 759710
2026-07-27 15:38:31.261 | SUCCESS  | storage:save_day:81 - 1405-04-08.json Saved
2026-07-27 15:38:31.263 | INFO     | state_manager:save:61 - State Saved
2026-07-27 15:38:31.263 | INFO     | monitor:scan:197 - Checking 759707
2026-07-27 15:38:31.263 | INFO     | api:get_file:84 - Loading File 1b0a45f6-0b34-df0e-588f-15f427712e42
2026-07-27 15:38:31.479 | SUCCESS  | monitor:scan:235 - Changed : 759707
2026-07-27 15:38:31.496 | INFO     | storage:add_property:113 - Added Property 759707
2026-07-27 15:38:31.498 | SUCCESS  | storage:save_day:81 - 1405-04-08.json Saved
2026-07-27 15:38:31.499 | INFO     | state_manager:save:61 - State Saved
2026-07-27 15:38:31.499 | INFO     | monitor:scan:197 - Checking 759704
2026-07-27 15:38:31.499 | INFO     | api:get_file:84 - Loading File 126d4b8a-743e-708b-62ea-322616871e47
2026-07-27 15:38:31.890 | SUCCESS  | monitor:scan:235 - Changed : 759704
2026-07-27 15:38:31.903 | INFO     | storage:add_property:113 - Added Property 759704
2026-07-27 15:38:31.905 | SUCCESS  | storage:save_day:81 - 1405-04-08.json Saved
2026-07-27 15:38:31.906 | INFO     | state_manager:save:61 - State Saved
2026-07-27 15:38:31.906 | INFO     | monitor:scan:197 - Checking 759702
2026-07-27 15:38:31.906 | INFO     | api:get_file:84 - Loading File 126d4b8a-3731-330c-4e34-e6fde3247b40
2026-07-27 15:38:32.306 | SUCCESS  | monitor:scan:235 - Changed : 759702
2026-07-27 15:38:32.323 | INFO     | storage:add_property:113 - Added Property 759702
2026-07-27 15:38:32.324 | SUCCESS  | storage:save_day:81 - 1405-04-08.json Saved
2026-07-27 15:38:32.326 | INFO     | state_manager:save:61 - State Saved
2026-07-27 15:38:32.326 | INFO     | monitor:scan:125 - Loading Page 8
2026-07-27 15:38:32.326 | INFO     | api:get_files:60 - Loading Page 8
2026-07-27 15:38:36.649 | INFO     | monitor:scan:197 - Checking 759692
2026-07-27 15:38:36.649 | INFO     | api:get_file:84 - Loading File 126d4b99-91a1-5306-73e2-6c41e5199041
2026-07-27 15:38:37.046 | SUCCESS  | monitor:scan:235 - Changed : 759692
2026-07-27 15:38:37.060 | INFO     | storage:add_property:113 - Added Property 759692
2026-07-27 15:38:37.061 | SUCCESS  | storage:save_day:81 - 1405-04-08.json Saved
2026-07-27 15:38:37.063 | INFO     | state_manager:save:61 - State Saved
2026-07-27 15:38:37.063 | INFO     | monitor:scan:197 - Checking 759690
2026-07-27 15:38:37.063 | INFO     | api:get_file:84 - Loading File 1b0a45f6-0137-3bf5-0f65-c17413283f4b
2026-07-27 15:38:37.282 | SUCCESS  | monitor:scan:235 - Changed : 759690
2026-07-27 15:38:37.297 | INFO     | storage:add_property:113 - Added Property 759690
2026-07-27 15:38:37.299 | SUCCESS  | storage:save_day:81 - 1405-04-08.json Saved
2026-07-27 15:38:37.301 | INFO     | state_manager:save:61 - State Saved
2026-07-27 15:38:37.301 | INFO     | monitor:scan:197 - Checking 759688
2026-07-27 15:38:37.302 | INFO     | api:get_file:84 - Loading File 126d4b99-941e-806f-3f5b-8c63f4051b40
2026-07-27 15:38:37.518 | SUCCESS  | monitor:scan:235 - Changed : 759688
2026-07-27 15:38:37.531 | INFO     | storage:add_property:113 - Added Property 759688
2026-07-27 15:38:37.533 | SUCCESS  | storage:save_day:81 - 1405-04-08.json Saved
2026-07-27 15:38:37.534 | INFO     | state_manager:save:61 - State Saved
2026-07-27 15:38:37.534 | INFO     | monitor:scan:197 - Checking 759684
2026-07-27 15:38:37.535 | INFO     | api:get_file:84 - Loading File 126d4b99-2ff9-72b5-45a3-f9e67e92444a
2026-07-27 15:38:37.972 | SUCCESS  | monitor:scan:235 - Changed : 759684
2026-07-27 15:38:37.980 | INFO     | storage:add_property:113 - Added Property 759684
2026-07-27 15:38:37.982 | SUCCESS  | storage:save_day:81 - 1405-04-08.json Saved
2026-07-27 15:38:37.983 | INFO     | state_manager:save:61 - State Saved
2026-07-27 15:38:37.983 | INFO     | monitor:scan:197 - Checking 759681
2026-07-27 15:38:37.983 | INFO     | api:get_file:84 - Loading File 126d4b99-7dd2-8c3b-277e-58592a212d4d
2026-07-27 15:38:38.196 | SUCCESS  | monitor:scan:235 - Changed : 759681
2026-07-27 15:38:38.204 | INFO     | storage:add_property:113 - Added Property 759681
2026-07-27 15:38:38.207 | SUCCESS  | storage:save_day:81 - 1405-04-08.json Saved
2026-07-27 15:38:38.209 | INFO     | state_manager:save:61 - State Saved
2026-07-27 15:38:38.209 | INFO     | monitor:scan:197 - Checking 759678
2026-07-27 15:38:38.209 | INFO     | api:get_file:84 - Loading File 126d4b8a-5d2a-fea3-3a07-94e49f54d439
2026-07-27 15:38:38.599 | SUCCESS  | monitor:scan:235 - Changed : 759678
2026-07-27 15:38:38.609 | INFO     | storage:add_property:113 - Added Property 759678
2026-07-27 15:38:38.612 | SUCCESS  | storage:save_day:81 - 1405-04-08.json Saved
2026-07-27 15:38:38.615 | INFO     | state_manager:save:61 - State Saved
2026-07-27 15:38:38.615 | INFO     | monitor:scan:197 - Checking 759676
2026-07-27 15:38:38.615 | INFO     | api:get_file:84 - Loading File 126d4b99-696d-9792-2403-f51fcb9bdd49
2026-07-27 15:38:38.832 | SUCCESS  | monitor:scan:235 - Changed : 759676
2026-07-27 15:38:38.840 | INFO     | storage:add_property:113 - Added Property 759676
2026-07-27 15:38:38.843 | SUCCESS  | storage:save_day:81 - 1405-04-08.json Saved
2026-07-27 15:38:38.845 | INFO     | state_manager:save:61 - State Saved
2026-07-27 15:38:38.845 | INFO     | monitor:scan:197 - Checking 743883
2026-07-27 15:38:38.845 | INFO     | api:get_file:84 - Loading File 126d3f15-18a3-24e7-1ca3-754d8aaf1840
2026-07-27 15:38:39.267 | SUCCESS  | monitor:scan:235 - Changed : 743883
2026-07-27 15:38:39.274 | INFO     | storage:add_property:113 - Added Property 743883
2026-07-27 15:38:39.278 | SUCCESS  | storage:save_day:81 - 1405-04-08.json Saved
2026-07-27 15:38:39.279 | INFO     | state_manager:save:61 - State Saved
2026-07-27 15:38:39.279 | INFO     | monitor:scan:197 - Checking 742995
2026-07-27 15:38:39.280 | INFO     | api:get_file:84 - Loading File 126d3e4e-a1b2-31fb-1e0d-921eebac124b
2026-07-27 15:38:39.500 | SUCCESS  | monitor:scan:235 - Changed : 742995
2026-07-27 15:38:39.508 | INFO     | storage:add_property:113 - Added Property 742995
2026-07-27 15:38:39.512 | SUCCESS  | storage:save_day:81 - 1405-04-08.json Saved
2026-07-27 15:38:39.515 | INFO     | state_manager:save:61 - State Saved
2026-07-27 15:38:39.515 | INFO     | monitor:scan:197 - Checking 717320
2026-07-27 15:38:39.515 | INFO     | api:get_file:84 - Loading File 126b19c4-21b1-3849-dad0-61167706024e
2026-07-27 15:38:39.731 | SUCCESS  | monitor:scan:235 - Changed : 717320
2026-07-27 15:38:39.739 | INFO     | storage:add_property:113 - Added Property 717320
2026-07-27 15:38:39.742 | SUCCESS  | storage:save_day:81 - 1405-04-08.json Saved
2026-07-27 15:38:39.744 | INFO     | state_manager:save:61 - State Saved
2026-07-27 15:38:39.744 | INFO     | monitor:scan:197 - Checking 714241
2026-07-27 15:38:39.744 | INFO     | api:get_file:84 - Loading File 1b0a45f6-0bf6-2fc9-1b1a-868ea19e054e
2026-07-27 15:38:40.358 | SUCCESS  | monitor:scan:235 - Changed : 714241
2026-07-27 15:38:40.365 | INFO     | storage:add_property:113 - Added Property 714241
2026-07-27 15:38:40.368 | SUCCESS  | storage:save_day:81 - 1405-04-08.json Saved
2026-07-27 15:38:40.369 | INFO     | state_manager:save:61 - State Saved
2026-07-27 15:38:40.370 | INFO     | monitor:scan:197 - Checking 711164
2026-07-27 15:38:40.370 | INFO     | api:get_file:84 - Loading File 126b083d-c273-2b8d-717f-02b1509e2d4f
2026-07-27 15:38:40.755 | SUCCESS  | monitor:scan:235 - Changed : 711164
2026-07-27 15:38:40.763 | INFO     | storage:add_property:113 - Added Property 711164
2026-07-27 15:38:40.765 | SUCCESS  | storage:save_day:81 - 1405-04-08.json Saved
2026-07-27 15:38:40.767 | INFO     | state_manager:save:61 - State Saved
2026-07-27 15:38:40.768 | INFO     | monitor:scan:197 - Checking 700269
2026-07-27 15:38:40.768 | INFO     | api:get_file:84 - Loading File 1b0a45f6-02b6-e9d3-bee2-73111c13fc40
2026-07-27 15:38:40.982 | SUCCESS  | monitor:scan:235 - Changed : 700269
2026-07-27 15:38:40.989 | INFO     | storage:add_property:113 - Added Property 700269
2026-07-27 15:38:40.992 | SUCCESS  | storage:save_day:81 - 1405-04-08.json Saved
2026-07-27 15:38:40.994 | INFO     | state_manager:save:61 - State Saved
2026-07-27 15:38:40.994 | INFO     | monitor:scan:197 - Checking 698362
2026-07-27 15:38:40.995 | INFO     | api:get_file:84 - Loading File 1b0a45f6-0286-b413-b0b7-0137b4e95e4e
2026-07-27 15:38:41.380 | SUCCESS  | monitor:scan:235 - Changed : 698362
2026-07-27 15:38:41.388 | INFO     | storage:add_property:113 - Added Property 698362
2026-07-27 15:38:41.393 | SUCCESS  | storage:save_day:81 - 1405-04-08.json Saved
2026-07-27 15:38:41.395 | INFO     | state_manager:save:61 - State Saved
2026-07-27 15:38:41.395 | INFO     | monitor:scan:197 - Checking 690672
2026-07-27 15:38:41.395 | INFO     | api:get_file:84 - Loading File 1b0a45f6-124c-260d-e777-d2ec7ebf0b43
2026-07-27 15:38:41.836 | SUCCESS  | monitor:scan:235 - Changed : 690672
2026-07-27 15:38:41.845 | INFO     | storage:add_property:113 - Added Property 690672
2026-07-27 15:38:41.850 | SUCCESS  | storage:save_day:81 - 1405-04-08.json Saved
2026-07-27 15:38:41.853 | INFO     | state_manager:save:61 - State Saved
2026-07-27 15:38:41.853 | INFO     | monitor:scan:197 - Checking 690042
2026-07-27 15:38:41.853 | INFO     | api:get_file:84 - Loading File 1b0a45f6-18c1-cf67-4224-e667c5508e48
2026-07-27 15:38:42.246 | SUCCESS  | monitor:scan:235 - Changed : 690042
2026-07-27 15:38:42.255 | INFO     | storage:add_property:113 - Added Property 690042
2026-07-27 15:38:42.260 | SUCCESS  | storage:save_day:81 - 1405-04-08.json Saved
2026-07-27 15:38:42.263 | INFO     | state_manager:save:61 - State Saved
2026-07-27 15:38:42.263 | INFO     | monitor:scan:197 - Checking 688627
2026-07-27 15:38:42.263 | INFO     | api:get_file:84 - Loading File 126aeb28-c615-5657-ab92-8c115b081047
2026-07-27 15:38:42.656 | SUCCESS  | monitor:scan:235 - Changed : 688627
2026-07-27 15:38:42.665 | INFO     | storage:add_property:113 - Added Property 688627
2026-07-27 15:38:42.670 | SUCCESS  | storage:save_day:81 - 1405-04-08.json Saved
2026-07-27 15:38:42.673 | INFO     | state_manager:save:61 - State Saved
2026-07-27 15:38:42.673 | INFO     | monitor:scan:197 - Checking 685972
2026-07-27 15:38:42.673 | INFO     | api:get_file:84 - Loading File 1b0a45f6-0e98-ab41-79a0-49af9c5f7d48
2026-07-27 15:38:43.059 | SUCCESS  | monitor:scan:235 - Changed : 685972
2026-07-27 15:38:43.067 | INFO     | storage:add_property:113 - Added Property 685972
2026-07-27 15:38:43.071 | SUCCESS  | storage:save_day:81 - 1405-04-08.json Saved
2026-07-27 15:38:43.074 | INFO     | state_manager:save:61 - State Saved
2026-07-27 15:38:43.074 | INFO     | monitor:scan:197 - Checking 683956
2026-07-27 15:38:43.075 | INFO     | api:get_file:84 - Loading File 1b0a45f6-0c7f-64ea-cc6d-9724ff3a324e
2026-07-27 15:38:43.453 | SUCCESS  | monitor:scan:235 - Changed : 683956
2026-07-27 15:38:43.463 | INFO     | storage:add_property:113 - Added Property 683956
2026-07-27 15:38:43.468 | SUCCESS  | storage:save_day:81 - 1405-04-08.json Saved
2026-07-27 15:38:43.470 | INFO     | state_manager:save:61 - State Saved
2026-07-27 15:38:43.470 | INFO     | monitor:scan:197 - Checking 759627
2026-07-27 15:38:43.470 | INFO     | api:get_file:84 - Loading File 126d4b89-dca3-4f56-537d-5217e5a9e54c
2026-07-27 15:38:44.177 | SUCCESS  | monitor:scan:235 - Changed : 759627
2026-07-27 15:38:44.177 | INFO     | storage:add_property:113 - Added Property 759627
2026-07-27 15:38:44.178 | SUCCESS  | storage:save_day:81 - 1405-04-07.json Saved
2026-07-27 15:38:44.181 | INFO     | state_manager:save:61 - State Saved
2026-07-27 15:38:44.181 | INFO     | monitor:scan:197 - Checking 759625
2026-07-27 15:38:44.181 | INFO     | api:get_file:84 - Loading File 126d4b7b-bc14-45df-bb6a-650e14936849
2026-07-27 15:38:44.569 | SUCCESS  | monitor:scan:235 - Changed : 759625
2026-07-27 15:38:44.576 | INFO     | storage:add_property:113 - Added Property 759625
2026-07-27 15:38:44.578 | SUCCESS  | storage:save_day:81 - 1405-04-07.json Saved
2026-07-27 15:38:44.580 | INFO     | state_manager:save:61 - State Saved
2026-07-27 15:38:44.580 | INFO     | monitor:scan:197 - Checking 759624
2026-07-27 15:38:44.581 | INFO     | api:get_file:84 - Loading File 126d4b7a-e6ca-1997-3f6b-db78dd140749
2026-07-27 15:38:44.976 | SUCCESS  | monitor:scan:235 - Changed : 759624
2026-07-27 15:38:44.985 | INFO     | storage:add_property:113 - Added Property 759624
2026-07-27 15:38:44.986 | SUCCESS  | storage:save_day:81 - 1405-04-07.json Saved
2026-07-27 15:38:44.989 | INFO     | state_manager:save:61 - State Saved
2026-07-27 15:38:44.989 | INFO     | monitor:scan:197 - Checking 759623
2026-07-27 15:38:44.989 | INFO     | api:get_file:84 - Loading File 126d4b8a-13b1-2093-f3fc-c82dd91d8e40
2026-07-27 15:38:45.209 | SUCCESS  | monitor:scan:235 - Changed : 759623
2026-07-27 15:38:45.215 | INFO     | storage:add_property:113 - Added Property 759623
2026-07-27 15:38:45.216 | SUCCESS  | storage:save_day:81 - 1405-04-07.json Saved
2026-07-27 15:38:45.218 | INFO     | state_manager:save:61 - State Saved
2026-07-27 15:38:45.218 | INFO     | monitor:scan:197 - Checking 759618
2026-07-27 15:38:45.218 | INFO     | api:get_file:84 - Loading File 126d4b8a-014d-4756-1e14-1f7d8741394a
2026-07-27 15:38:45.434 | SUCCESS  | monitor:scan:235 - Changed : 759618
2026-07-27 15:38:45.441 | INFO     | storage:add_property:113 - Added Property 759618
2026-07-27 15:38:45.442 | SUCCESS  | storage:save_day:81 - 1405-04-07.json Saved
2026-07-27 15:38:45.444 | INFO     | state_manager:save:61 - State Saved
2026-07-27 15:38:45.445 | INFO     | monitor:scan:197 - Checking 759617
2026-07-27 15:38:45.445 | INFO     | api:get_file:84 - Loading File 126d4b8a-1013-74ed-637d-e6615d0c8c4e
2026-07-27 15:38:45.659 | SUCCESS  | monitor:scan:235 - Changed : 759617
2026-07-27 15:38:45.666 | INFO     | storage:add_property:113 - Added Property 759617
2026-07-27 15:38:45.668 | SUCCESS  | storage:save_day:81 - 1405-04-07.json Saved
2026-07-27 15:38:45.671 | INFO     | state_manager:save:61 - State Saved
2026-07-27 15:38:45.671 | INFO     | monitor:scan:197 - Checking 759610
2026-07-27 15:38:45.671 | INFO     | api:get_file:84 - Loading File 1b0a45f6-12dd-82e3-e28f-7baf901ffc45
2026-07-27 15:38:45.887 | SUCCESS  | monitor:scan:235 - Changed : 759610
2026-07-27 15:38:45.894 | INFO     | storage:add_property:113 - Added Property 759610
2026-07-27 15:38:45.959 | SUCCESS  | storage:save_day:81 - 1405-04-07.json Saved
2026-07-27 15:38:45.961 | INFO     | state_manager:save:61 - State Saved
2026-07-27 15:38:45.961 | INFO     | monitor:scan:197 - Checking 759607
2026-07-27 15:38:45.962 | INFO     | api:get_file:84 - Loading File 126d4b8a-0e27-2a6b-a616-98ab3ec42e4d
2026-07-27 15:38:46.191 | SUCCESS  | monitor:scan:235 - Changed : 759607
2026-07-27 15:38:46.198 | INFO     | storage:add_property:113 - Added Property 759607
2026-07-27 15:38:46.200 | SUCCESS  | storage:save_day:81 - 1405-04-07.json Saved
2026-07-27 15:38:46.201 | INFO     | state_manager:save:61 - State Saved
2026-07-27 15:38:46.202 | INFO     | monitor:scan:197 - Checking 759604
2026-07-27 15:38:46.202 | INFO     | api:get_file:84 - Loading File 126d4b7a-f934-4b3b-38a1-fe686c5c1440
2026-07-27 15:38:46.417 | SUCCESS  | monitor:scan:235 - Changed : 759604
2026-07-27 15:38:46.425 | INFO     | storage:add_property:113 - Added Property 759604
2026-07-27 15:38:46.427 | SUCCESS  | storage:save_day:81 - 1405-04-07.json Saved
2026-07-27 15:38:46.430 | INFO     | state_manager:save:61 - State Saved
2026-07-27 15:38:46.431 | INFO     | monitor:scan:197 - Checking 759600
2026-07-27 15:38:46.431 | INFO     | api:get_file:84 - Loading File 1b0a45f6-03e8-259a-f88e-1c2def83ee47
2026-07-27 15:38:46.647 | SUCCESS  | monitor:scan:235 - Changed : 759600
2026-07-27 15:38:46.655 | INFO     | storage:add_property:113 - Added Property 759600
2026-07-27 15:38:46.657 | SUCCESS  | storage:save_day:81 - 1405-04-07.json Saved
2026-07-27 15:38:46.660 | INFO     | state_manager:save:61 - State Saved
2026-07-27 15:38:46.660 | INFO     | monitor:scan:197 - Checking 759598
2026-07-27 15:38:46.661 | INFO     | api:get_file:84 - Loading File 126d4b7b-12ef-188c-3d7c-393416a25848
2026-07-27 15:38:47.105 | SUCCESS  | monitor:scan:235 - Changed : 759598
2026-07-27 15:38:47.113 | INFO     | storage:add_property:113 - Added Property 759598
2026-07-27 15:38:47.115 | SUCCESS  | storage:save_day:81 - 1405-04-07.json Saved
2026-07-27 15:38:47.117 | INFO     | state_manager:save:61 - State Saved
2026-07-27 15:38:47.117 | INFO     | monitor:scan:197 - Checking 759595
2026-07-27 15:38:47.118 | INFO     | api:get_file:84 - Loading File 126d4b89-eb60-2de4-77db-d32870a29a48
2026-07-27 15:38:47.508 | SUCCESS  | monitor:scan:235 - Changed : 759595
2026-07-27 15:38:47.517 | INFO     | storage:add_property:113 - Added Property 759595
2026-07-27 15:38:47.520 | SUCCESS  | storage:save_day:81 - 1405-04-07.json Saved
2026-07-27 15:38:47.522 | INFO     | state_manager:save:61 - State Saved
2026-07-27 15:38:47.522 | INFO     | monitor:scan:197 - Checking 759594
2026-07-27 15:38:47.522 | INFO     | api:get_file:84 - Loading File 1b0a45f6-1818-64c8-576d-d8c2c9adee41
2026-07-27 15:38:47.737 | SUCCESS  | monitor:scan:235 - Changed : 759594
2026-07-27 15:38:47.745 | INFO     | storage:add_property:113 - Added Property 759594
2026-07-27 15:38:47.748 | SUCCESS  | storage:save_day:81 - 1405-04-07.json Saved
2026-07-27 15:38:47.750 | INFO     | state_manager:save:61 - State Saved
2026-07-27 15:38:47.751 | INFO     | monitor:scan:197 - Checking 759585
2026-07-27 15:38:47.751 | INFO     | api:get_file:84 - Loading File 126d4b8a-2985-1949-fba6-e5e43b8b424b
2026-07-27 15:38:48.138 | SUCCESS  | monitor:scan:235 - Changed : 759585
2026-07-27 15:38:48.146 | INFO     | storage:add_property:113 - Added Property 759585
2026-07-27 15:38:48.148 | SUCCESS  | storage:save_day:81 - 1405-04-07.json Saved
2026-07-27 15:38:48.151 | INFO     | state_manager:save:61 - State Saved
2026-07-27 15:38:48.151 | INFO     | monitor:scan:197 - Checking 759580
2026-07-27 15:38:48.151 | INFO     | api:get_file:84 - Loading File 126d4b89-e5d9-2dcd-7074-1aee0e1c4b47
2026-07-27 15:38:48.364 | SUCCESS  | monitor:scan:235 - Changed : 759580
2026-07-27 15:38:48.373 | INFO     | storage:add_property:113 - Added Property 759580
2026-07-27 15:38:48.377 | SUCCESS  | storage:save_day:81 - 1405-04-07.json Saved
2026-07-27 15:38:48.379 | INFO     | state_manager:save:61 - State Saved
2026-07-27 15:38:48.379 | INFO     | monitor:scan:197 - Checking 759579
2026-07-27 15:38:48.380 | INFO     | api:get_file:84 - Loading File 126d4b8a-0eee-825a-696a-617b9daef546
2026-07-27 15:38:48.769 | SUCCESS  | monitor:scan:235 - Changed : 759579
2026-07-27 15:38:48.776 | INFO     | storage:add_property:113 - Added Property 759579
2026-07-27 15:38:48.779 | SUCCESS  | storage:save_day:81 - 1405-04-07.json Saved
2026-07-27 15:38:48.781 | INFO     | state_manager:save:61 - State Saved
2026-07-27 15:38:48.781 | INFO     | monitor:scan:197 - Checking 759578
2026-07-27 15:38:48.782 | INFO     | api:get_file:84 - Loading File 126d4b8a-6020-6562-49c3-29dba528d246
2026-07-27 15:38:49.167 | SUCCESS  | monitor:scan:235 - Changed : 759578
2026-07-27 15:38:49.174 | INFO     | storage:add_property:113 - Added Property 759578
2026-07-27 15:38:49.177 | SUCCESS  | storage:save_day:81 - 1405-04-07.json Saved
2026-07-27 15:38:49.179 | INFO     | state_manager:save:61 - State Saved
2026-07-27 15:38:49.179 | INFO     | monitor:scan:197 - Checking 759569
2026-07-27 15:38:49.179 | INFO     | api:get_file:84 - Loading File 126d4b8a-0dd6-41b8-f758-0227e6777b44
2026-07-27 15:38:49.576 | SUCCESS  | monitor:scan:235 - Changed : 759569
2026-07-27 15:38:49.589 | INFO     | storage:add_property:113 - Added Property 759569
2026-07-27 15:38:49.592 | SUCCESS  | storage:save_day:81 - 1405-04-07.json Saved
2026-07-27 15:38:49.594 | INFO     | state_manager:save:61 - State Saved
2026-07-27 15:38:49.594 | INFO     | monitor:scan:197 - Checking 759568
2026-07-27 15:38:49.594 | INFO     | api:get_file:84 - Loading File 126d4b8a-14d0-645d-a5ba-c9fdee5a7343
2026-07-27 15:38:49.989 | SUCCESS  | monitor:scan:235 - Changed : 759568
2026-07-27 15:38:50.004 | INFO     | storage:add_property:113 - Added Property 759568
2026-07-27 15:38:50.006 | SUCCESS  | storage:save_day:81 - 1405-04-07.json Saved
2026-07-27 15:38:50.008 | INFO     | state_manager:save:61 - State Saved
2026-07-27 15:38:50.008 | INFO     | monitor:scan:197 - Checking 759566
2026-07-27 15:38:50.008 | INFO     | api:get_file:84 - Loading File 126d4b8a-5d75-3f07-a36a-867ba1aa8c42
2026-07-27 15:38:50.226 | SUCCESS  | monitor:scan:235 - Changed : 759566
2026-07-27 15:38:50.233 | INFO     | storage:add_property:113 - Added Property 759566
2026-07-27 15:38:50.236 | SUCCESS  | storage:save_day:81 - 1405-04-07.json Saved
2026-07-27 15:38:50.238 | INFO     | state_manager:save:61 - State Saved
2026-07-27 15:38:50.238 | INFO     | monitor:scan:197 - Checking 759564
2026-07-27 15:38:50.238 | INFO     | api:get_file:84 - Loading File 126d4b8a-4d18-7aa2-f11c-b213dc041b41
2026-07-27 15:38:50.455 | SUCCESS  | monitor:scan:235 - Changed : 759564
2026-07-27 15:38:50.463 | INFO     | storage:add_property:113 - Added Property 759564
2026-07-27 15:38:50.466 | SUCCESS  | storage:save_day:81 - 1405-04-07.json Saved
2026-07-27 15:38:50.467 | INFO     | state_manager:save:61 - State Saved
2026-07-27 15:38:50.468 | INFO     | monitor:scan:197 - Checking 759559
2026-07-27 15:38:50.468 | INFO     | api:get_file:84 - Loading File 126d4b89-e7e2-6496-d8a6-75f655045e43
2026-07-27 15:38:50.857 | SUCCESS  | monitor:scan:235 - Changed : 759559
2026-07-27 15:38:50.866 | INFO     | storage:add_property:113 - Added Property 759559
2026-07-27 15:38:50.869 | SUCCESS  | storage:save_day:81 - 1405-04-07.json Saved
2026-07-27 15:38:50.870 | INFO     | state_manager:save:61 - State Saved
2026-07-27 15:38:50.871 | INFO     | monitor:scan:197 - Checking 759554
2026-07-27 15:38:50.871 | INFO     | api:get_file:84 - Loading File 126d4b7b-d8b9-33f1-a43c-04a176d43648
2026-07-27 15:38:51.488 | SUCCESS  | monitor:scan:235 - Changed : 759554
2026-07-27 15:38:51.496 | INFO     | storage:add_property:113 - Added Property 759554
2026-07-27 15:38:51.498 | SUCCESS  | storage:save_day:81 - 1405-04-07.json Saved
2026-07-27 15:38:51.500 | INFO     | state_manager:save:61 - State Saved
2026-07-27 15:38:51.500 | INFO     | monitor:scan:197 - Checking 732257
2026-07-27 15:38:51.500 | INFO     | api:get_file:84 - Loading File 126d3329-0ed2-206f-cb73-19aed938e748
2026-07-27 15:38:51.897 | SUCCESS  | monitor:scan:235 - Changed : 732257
2026-07-27 15:38:51.905 | INFO     | storage:add_property:113 - Added Property 732257
2026-07-27 15:38:51.908 | SUCCESS  | storage:save_day:81 - 1405-04-07.json Saved
2026-07-27 15:38:51.910 | INFO     | state_manager:save:61 - State Saved
2026-07-27 15:38:51.910 | INFO     | monitor:scan:197 - Checking 720236
2026-07-27 15:38:51.910 | INFO     | api:get_file:84 - Loading File 126d2d25-2794-45ad-41f6-b7bde94c6446
2026-07-27 15:38:52.298 | SUCCESS  | monitor:scan:235 - Changed : 720236
2026-07-27 15:38:52.307 | INFO     | storage:add_property:113 - Added Property 720236
2026-07-27 15:38:52.310 | SUCCESS  | storage:save_day:81 - 1405-04-07.json Saved
2026-07-27 15:38:52.312 | INFO     | state_manager:save:61 - State Saved
2026-07-27 15:38:52.312 | INFO     | monitor:scan:197 - Checking 716219
2026-07-27 15:38:52.312 | INFO     | api:get_file:84 - Loading File 126b14a4-0636-6bf9-d1b3-8530c8737741
2026-07-27 15:38:52.522 | SUCCESS  | monitor:scan:235 - Changed : 716219
2026-07-27 15:38:52.531 | INFO     | storage:add_property:113 - Added Property 716219
2026-07-27 15:38:52.534 | SUCCESS  | storage:save_day:81 - 1405-04-07.json Saved
2026-07-27 15:38:52.535 | INFO     | state_manager:save:61 - State Saved
2026-07-27 15:38:52.536 | INFO     | monitor:scan:197 - Checking 695611
2026-07-27 15:38:52.536 | INFO     | api:get_file:84 - Loading File 126afc8f-9350-110c-1339-174c0f1a3c4d
2026-07-27 15:38:52.748 | SUCCESS  | monitor:scan:235 - Changed : 695611
2026-07-27 15:38:52.756 | INFO     | storage:add_property:113 - Added Property 695611
2026-07-27 15:38:52.759 | SUCCESS  | storage:save_day:81 - 1405-04-07.json Saved
2026-07-27 15:38:52.761 | INFO     | state_manager:save:61 - State Saved
2026-07-27 15:38:52.761 | INFO     | monitor:scan:197 - Checking 695064
2026-07-27 15:38:52.761 | INFO     | api:get_file:84 - Loading File 1b0a45f6-075d-0ba9-9fba-d1d53222084c
2026-07-27 15:38:52.979 | SUCCESS  | monitor:scan:235 - Changed : 695064
2026-07-27 15:38:52.990 | INFO     | storage:add_property:113 - Added Property 695064
2026-07-27 15:38:52.993 | SUCCESS  | storage:save_day:81 - 1405-04-07.json Saved
2026-07-27 15:38:52.994 | INFO     | state_manager:save:61 - State Saved
2026-07-27 15:38:52.995 | INFO     | monitor:scan:197 - Checking 690658
2026-07-27 15:38:52.995 | INFO     | api:get_file:84 - Loading File 1b0a45f6-0ec2-5023-a948-68038f0f914d
2026-07-27 15:38:53.212 | SUCCESS  | monitor:scan:235 - Changed : 690658
2026-07-27 15:38:53.220 | INFO     | storage:add_property:113 - Added Property 690658
2026-07-27 15:38:53.223 | SUCCESS  | storage:save_day:81 - 1405-04-07.json Saved
2026-07-27 15:38:53.224 | INFO     | state_manager:save:61 - State Saved
2026-07-27 15:38:53.224 | INFO     | monitor:scan:197 - Checking 690628
2026-07-27 15:38:53.224 | INFO     | api:get_file:84 - Loading File 126af076-081b-12a6-4d4c-b2e47269564e
2026-07-27 15:38:53.444 | SUCCESS  | monitor:scan:235 - Changed : 690628
2026-07-27 15:38:53.457 | INFO     | storage:add_property:113 - Added Property 690628
2026-07-27 15:38:53.460 | SUCCESS  | storage:save_day:81 - 1405-04-07.json Saved
2026-07-27 15:38:53.462 | INFO     | state_manager:save:61 - State Saved
2026-07-27 15:38:53.462 | INFO     | monitor:scan:197 - Checking 687797
2026-07-27 15:38:53.462 | INFO     | api:get_file:84 - Loading File 126ae58d-8561-2ccc-de25-f9ab6e526b42
2026-07-27 15:38:53.846 | SUCCESS  | monitor:scan:235 - Changed : 687797
2026-07-27 15:38:53.859 | INFO     | storage:add_property:113 - Added Property 687797
2026-07-27 15:38:53.862 | SUCCESS  | storage:save_day:81 - 1405-04-07.json Saved
2026-07-27 15:38:53.864 | INFO     | state_manager:save:61 - State Saved
2026-07-27 15:38:53.864 | INFO     | monitor:scan:197 - Checking 687026
2026-07-27 15:38:53.864 | INFO     | api:get_file:84 - Loading File 1b0a45f6-0589-e95d-daba-26212287fc45
2026-07-27 15:38:54.265 | SUCCESS  | monitor:scan:235 - Changed : 687026
2026-07-27 15:38:54.279 | INFO     | storage:add_property:113 - Added Property 687026
2026-07-27 15:38:54.282 | SUCCESS  | storage:save_day:81 - 1405-04-07.json Saved
2026-07-27 15:38:54.283 | INFO     | state_manager:save:61 - State Saved
2026-07-27 15:38:54.284 | INFO     | monitor:scan:197 - Checking 684223
2026-07-27 15:38:54.284 | INFO     | api:get_file:84 - Loading File 126adea3-5d32-63bf-79df-c1b8862d2a48
2026-07-27 15:38:54.714 | SUCCESS  | monitor:scan:235 - Changed : 684223
2026-07-27 15:38:54.727 | INFO     | storage:add_property:113 - Added Property 684223
2026-07-27 15:38:54.730 | SUCCESS  | storage:save_day:81 - 1405-04-07.json Saved
2026-07-27 15:38:54.732 | INFO     | state_manager:save:61 - State Saved
2026-07-27 15:38:54.732 | INFO     | monitor:scan:197 - Checking 759506
2026-07-27 15:38:54.732 | INFO     | api:get_file:84 - Loading File 126d4b7a-9aa4-458e-abb1-73fbb0cea64d
2026-07-27 15:38:54.950 | SUCCESS  | monitor:scan:235 - Changed : 759506
2026-07-27 15:38:54.951 | INFO     | storage:add_property:113 - Added Property 759506
2026-07-27 15:38:54.954 | SUCCESS  | storage:save_day:81 - 1405-04-06.json Saved
2026-07-27 15:38:54.959 | INFO     | state_manager:save:61 - State Saved
2026-07-27 15:38:54.960 | INFO     | monitor:scan:197 - Checking 759505
2026-07-27 15:38:54.960 | INFO     | api:get_file:84 - Loading File 126d4b7b-130c-2545-0554-82b19c329041
2026-07-27 15:38:55.349 | SUCCESS  | monitor:scan:235 - Changed : 759505
2026-07-27 15:38:55.360 | INFO     | storage:add_property:113 - Added Property 759505
2026-07-27 15:38:55.361 | SUCCESS  | storage:save_day:81 - 1405-04-06.json Saved
2026-07-27 15:38:55.362 | INFO     | state_manager:save:61 - State Saved
2026-07-27 15:38:55.363 | INFO     | monitor:scan:197 - Checking 759500
2026-07-27 15:38:55.363 | INFO     | api:get_file:84 - Loading File 126d4b7b-335a-70ef-6193-2f8bcd9a484f
2026-07-27 15:38:55.757 | SUCCESS  | monitor:scan:235 - Changed : 759500
2026-07-27 15:38:55.764 | INFO     | storage:add_property:113 - Added Property 759500
2026-07-27 15:38:55.765 | SUCCESS  | storage:save_day:81 - 1405-04-06.json Saved
2026-07-27 15:38:55.767 | INFO     | state_manager:save:61 - State Saved
2026-07-27 15:38:55.767 | INFO     | monitor:scan:197 - Checking 759496
2026-07-27 15:38:55.767 | INFO     | api:get_file:84 - Loading File 126d4b7a-e6db-2608-ab27-e716cb7c4b46
2026-07-27 15:38:56.153 | SUCCESS  | monitor:scan:235 - Changed : 759496
2026-07-27 15:38:56.163 | INFO     | storage:add_property:113 - Added Property 759496
2026-07-27 15:38:56.164 | SUCCESS  | storage:save_day:81 - 1405-04-06.json Saved
2026-07-27 15:38:56.165 | INFO     | state_manager:save:61 - State Saved
2026-07-27 15:38:56.165 | INFO     | monitor:scan:197 - Checking 759494
2026-07-27 15:38:56.166 | INFO     | api:get_file:84 - Loading File 1b0a45f6-0a42-1c71-7f9b-30aab57f144b
2026-07-27 15:38:56.560 | SUCCESS  | monitor:scan:235 - Changed : 759494
2026-07-27 15:38:56.567 | INFO     | storage:add_property:113 - Added Property 759494
2026-07-27 15:38:56.569 | SUCCESS  | storage:save_day:81 - 1405-04-06.json Saved
2026-07-27 15:38:56.570 | INFO     | state_manager:save:61 - State Saved
2026-07-27 15:38:56.570 | INFO     | monitor:scan:197 - Checking 759492
2026-07-27 15:38:56.570 | INFO     | api:get_file:84 - Loading File 126d4b7a-f1e0-4b98-69c7-12b333098e48
2026-07-27 15:38:56.998 | SUCCESS  | monitor:scan:235 - Changed : 759492
2026-07-27 15:38:57.013 | INFO     | storage:add_property:113 - Added Property 759492
2026-07-27 15:38:57.014 | SUCCESS  | storage:save_day:81 - 1405-04-06.json Saved
2026-07-27 15:38:57.015 | INFO     | state_manager:save:61 - State Saved
2026-07-27 15:38:57.015 | INFO     | monitor:scan:197 - Checking 759486
2026-07-27 15:38:57.016 | INFO     | api:get_file:84 - Loading File 126d4b7a-efc5-4703-3823-c5e73d17c649
2026-07-27 15:38:57.403 | SUCCESS  | monitor:scan:235 - Changed : 759486
2026-07-27 15:38:57.415 | INFO     | storage:add_property:113 - Added Property 759486
2026-07-27 15:38:57.416 | SUCCESS  | storage:save_day:81 - 1405-04-06.json Saved
2026-07-27 15:38:57.418 | INFO     | state_manager:save:61 - State Saved
2026-07-27 15:38:57.418 | INFO     | monitor:scan:197 - Checking 759483
2026-07-27 15:38:57.418 | INFO     | api:get_file:84 - Loading File 126d4b7a-e475-1417-2e8c-7ee6c0c27a4f
2026-07-27 15:38:57.811 | SUCCESS  | monitor:scan:235 - Changed : 759483
2026-07-27 15:38:57.818 | INFO     | storage:add_property:113 - Added Property 759483
2026-07-27 15:38:57.819 | SUCCESS  | storage:save_day:81 - 1405-04-06.json Saved
2026-07-27 15:38:57.821 | INFO     | state_manager:save:61 - State Saved
2026-07-27 15:38:57.821 | INFO     | monitor:scan:197 - Checking 759482
2026-07-27 15:38:57.821 | INFO     | api:get_file:84 - Loading File 126d4b7a-c7ae-4514-18df-9d2a2eaf1541
2026-07-27 15:38:58.204 | SUCCESS  | monitor:scan:235 - Changed : 759482
2026-07-27 15:38:58.214 | INFO     | storage:add_property:113 - Added Property 759482
2026-07-27 15:38:58.216 | SUCCESS  | storage:save_day:81 - 1405-04-06.json Saved
2026-07-27 15:38:58.218 | INFO     | state_manager:save:61 - State Saved
2026-07-27 15:38:58.218 | INFO     | monitor:scan:197 - Checking 759480
2026-07-27 15:38:58.218 | INFO     | api:get_file:84 - Loading File 1b0a45f6-0c6e-fd89-907d-25229fa4084f
2026-07-27 15:38:58.425 | SUCCESS  | monitor:scan:235 - Changed : 759480
2026-07-27 15:38:58.432 | INFO     | storage:add_property:113 - Added Property 759480
2026-07-27 15:38:58.434 | SUCCESS  | storage:save_day:81 - 1405-04-06.json Saved
2026-07-27 15:38:58.435 | INFO     | state_manager:save:61 - State Saved
2026-07-27 15:38:58.436 | INFO     | monitor:scan:197 - Checking 759477
2026-07-27 15:38:58.436 | INFO     | api:get_file:84 - Loading File 126d4b7a-c8d6-1a23-b2c8-c67bd3042746
2026-07-27 15:38:58.824 | SUCCESS  | monitor:scan:235 - Changed : 759477
2026-07-27 15:38:58.832 | INFO     | storage:add_property:113 - Added Property 759477
2026-07-27 15:38:58.833 | SUCCESS  | storage:save_day:81 - 1405-04-06.json Saved
2026-07-27 15:38:58.835 | INFO     | state_manager:save:61 - State Saved
2026-07-27 15:38:58.836 | INFO     | monitor:scan:197 - Checking 759471
2026-07-27 15:38:58.836 | INFO     | api:get_file:84 - Loading File 126d4b7a-c751-210a-ecea-971774030e42
2026-07-27 15:38:59.261 | SUCCESS  | monitor:scan:235 - Changed : 759471
2026-07-27 15:38:59.270 | INFO     | storage:add_property:113 - Added Property 759471
2026-07-27 15:38:59.271 | SUCCESS  | storage:save_day:81 - 1405-04-06.json Saved
2026-07-27 15:38:59.273 | INFO     | state_manager:save:61 - State Saved
2026-07-27 15:38:59.273 | INFO     | monitor:scan:197 - Checking 759466
2026-07-27 15:38:59.273 | INFO     | api:get_file:84 - Loading File 1b0a45ff-05f5-79a9-e3e3-4f372d4e5847
2026-07-27 15:38:59.492 | SUCCESS  | monitor:scan:235 - Changed : 759466
2026-07-27 15:38:59.500 | INFO     | storage:add_property:113 - Added Property 759466
2026-07-27 15:38:59.502 | SUCCESS  | storage:save_day:81 - 1405-04-06.json Saved
2026-07-27 15:38:59.504 | INFO     | state_manager:save:61 - State Saved
2026-07-27 15:38:59.504 | INFO     | monitor:scan:197 - Checking 759463
2026-07-27 15:38:59.504 | INFO     | api:get_file:84 - Loading File 126d4b7a-e754-5fac-9e5b-bfb21ebb1947
2026-07-27 15:38:59.721 | SUCCESS  | monitor:scan:235 - Changed : 759463
2026-07-27 15:38:59.731 | INFO     | storage:add_property:113 - Added Property 759463
2026-07-27 15:38:59.733 | SUCCESS  | storage:save_day:81 - 1405-04-06.json Saved
2026-07-27 15:38:59.735 | INFO     | state_manager:save:61 - State Saved
2026-07-27 15:38:59.735 | INFO     | monitor:scan:197 - Checking 759462
2026-07-27 15:38:59.735 | INFO     | api:get_file:84 - Loading File 1b0a45f6-0285-1b3a-ac32-5247e5ad294a
2026-07-27 15:39:00.125 | SUCCESS  | monitor:scan:235 - Changed : 759462
2026-07-27 15:39:00.142 | INFO     | storage:add_property:113 - Added Property 759462
2026-07-27 15:39:00.144 | SUCCESS  | storage:save_day:81 - 1405-04-06.json Saved
2026-07-27 15:39:00.146 | INFO     | state_manager:save:61 - State Saved
2026-07-27 15:39:00.146 | INFO     | monitor:scan:197 - Checking 759461
2026-07-27 15:39:00.146 | INFO     | api:get_file:84 - Loading File 126d4b7a-9779-1ab2-b8f6-86f1c7fde440
2026-07-27 15:39:00.538 | SUCCESS  | monitor:scan:235 - Changed : 759461
2026-07-27 15:39:00.550 | INFO     | storage:add_property:113 - Added Property 759461
2026-07-27 15:39:00.552 | SUCCESS  | storage:save_day:81 - 1405-04-06.json Saved
2026-07-27 15:39:00.554 | INFO     | state_manager:save:61 - State Saved
2026-07-27 15:39:00.554 | INFO     | monitor:scan:197 - Checking 759460
2026-07-27 15:39:00.554 | INFO     | api:get_file:84 - Loading File 126d4b7a-9b89-893d-d8ef-34acd44a5443
2026-07-27 15:39:01.050 | SUCCESS  | monitor:scan:235 - Changed : 759460
2026-07-27 15:39:01.059 | INFO     | storage:add_property:113 - Added Property 759460
2026-07-27 15:39:01.061 | SUCCESS  | storage:save_day:81 - 1405-04-06.json Saved
2026-07-27 15:39:01.063 | INFO     | state_manager:save:61 - State Saved
2026-07-27 15:39:01.063 | INFO     | monitor:scan:197 - Checking 759455
2026-07-27 15:39:01.063 | INFO     | api:get_file:84 - Loading File 126d4b7b-19b3-2e86-7542-741e20bb0f43
2026-07-27 15:39:01.455 | SUCCESS  | monitor:scan:235 - Changed : 759455
2026-07-27 15:39:01.467 | INFO     | storage:add_property:113 - Added Property 759455
2026-07-27 15:39:01.469 | SUCCESS  | storage:save_day:81 - 1405-04-06.json Saved
2026-07-27 15:39:01.471 | INFO     | state_manager:save:61 - State Saved
2026-07-27 15:39:01.471 | INFO     | monitor:scan:197 - Checking 759454
2026-07-27 15:39:01.471 | INFO     | api:get_file:84 - Loading File 126d4b7a-ceb8-5e1c-1eca-4df22883d447
2026-07-27 15:39:01.687 | SUCCESS  | monitor:scan:235 - Changed : 759454
2026-07-27 15:39:01.697 | INFO     | storage:add_property:113 - Added Property 759454
2026-07-27 15:39:01.699 | SUCCESS  | storage:save_day:81 - 1405-04-06.json Saved
2026-07-27 15:39:01.701 | INFO     | state_manager:save:61 - State Saved
2026-07-27 15:39:01.701 | INFO     | monitor:scan:197 - Checking 759453
2026-07-27 15:39:01.701 | INFO     | api:get_file:84 - Loading File 126d4b7a-ccb3-4952-4fd1-e36864c6ad4f
2026-07-27 15:39:02.098 | SUCCESS  | monitor:scan:235 - Changed : 759453
2026-07-27 15:39:02.110 | INFO     | storage:add_property:113 - Added Property 759453
2026-07-27 15:39:02.112 | SUCCESS  | storage:save_day:81 - 1405-04-06.json Saved
2026-07-27 15:39:02.114 | INFO     | state_manager:save:61 - State Saved
2026-07-27 15:39:02.114 | INFO     | monitor:scan:197 - Checking 759451
2026-07-27 15:39:02.114 | INFO     | api:get_file:84 - Loading File 126d4b3e-aecd-4012-0850-e6a00af11948
2026-07-27 15:39:02.333 | SUCCESS  | monitor:scan:235 - Changed : 759451
2026-07-27 15:39:02.341 | INFO     | storage:add_property:113 - Added Property 759451
2026-07-27 15:39:02.343 | SUCCESS  | storage:save_day:81 - 1405-04-06.json Saved
2026-07-27 15:39:02.345 | INFO     | state_manager:save:61 - State Saved
2026-07-27 15:39:02.345 | INFO     | monitor:scan:197 - Checking 759450
2026-07-27 15:39:02.345 | INFO     | api:get_file:84 - Loading File 126d4b7a-c80f-45ad-9c5d-d5d20d6dda45
2026-07-27 15:39:02.740 | SUCCESS  | monitor:scan:235 - Changed : 759450
2026-07-27 15:39:02.754 | INFO     | storage:add_property:113 - Added Property 759450
2026-07-27 15:39:02.757 | SUCCESS  | storage:save_day:81 - 1405-04-06.json Saved
2026-07-27 15:39:02.759 | INFO     | state_manager:save:61 - State Saved
2026-07-27 15:39:02.759 | INFO     | monitor:scan:197 - Checking 759449
2026-07-27 15:39:02.759 | INFO     | api:get_file:84 - Loading File 126d4b7a-a531-2314-8d00-522a919c7b48
2026-07-27 15:39:03.158 | SUCCESS  | monitor:scan:235 - Changed : 759449
2026-07-27 15:39:03.167 | INFO     | storage:add_property:113 - Added Property 759449
2026-07-27 15:39:03.169 | SUCCESS  | storage:save_day:81 - 1405-04-06.json Saved
2026-07-27 15:39:03.171 | INFO     | state_manager:save:61 - State Saved
2026-07-27 15:39:03.171 | INFO     | monitor:scan:197 - Checking 759447
2026-07-27 15:39:03.171 | INFO     | api:get_file:84 - Loading File 126d4b7a-f6ca-7775-d823-46e23deeeb42
2026-07-27 15:39:03.394 | SUCCESS  | monitor:scan:235 - Changed : 759447
2026-07-27 15:39:03.410 | INFO     | storage:add_property:113 - Added Property 759447
2026-07-27 15:39:03.412 | SUCCESS  | storage:save_day:81 - 1405-04-06.json Saved
2026-07-27 15:39:03.414 | INFO     | state_manager:save:61 - State Saved
2026-07-27 15:39:03.414 | INFO     | monitor:scan:197 - Checking 759443
2026-07-27 15:39:03.414 | INFO     | api:get_file:84 - Loading File 126d4b7a-ce46-8dc3-5fcc-cbda77a92b4a
2026-07-27 15:39:03.808 | SUCCESS  | monitor:scan:235 - Changed : 759443
2026-07-27 15:39:03.816 | INFO     | storage:add_property:113 - Added Property 759443
2026-07-27 15:39:03.819 | SUCCESS  | storage:save_day:81 - 1405-04-06.json Saved
2026-07-27 15:39:03.820 | INFO     | state_manager:save:61 - State Saved
2026-07-27 15:39:03.821 | INFO     | monitor:scan:197 - Checking 759439
2026-07-27 15:39:03.821 | INFO     | api:get_file:84 - Loading File 126d4b3e-fd51-3beb-5ada-eaa27ac5f74e
2026-07-27 15:39:04.040 | SUCCESS  | monitor:scan:235 - Changed : 759439
2026-07-27 15:39:04.047 | INFO     | storage:add_property:113 - Added Property 759439
2026-07-27 15:39:04.050 | SUCCESS  | storage:save_day:81 - 1405-04-06.json Saved
2026-07-27 15:39:04.052 | INFO     | state_manager:save:61 - State Saved
2026-07-27 15:39:04.052 | INFO     | monitor:scan:197 - Checking 759438
2026-07-27 15:39:04.052 | INFO     | api:get_file:84 - Loading File 126d4b7a-9876-9038-a9ea-24372904374a
2026-07-27 15:39:04.273 | SUCCESS  | monitor:scan:235 - Changed : 759438
2026-07-27 15:39:04.281 | INFO     | storage:add_property:113 - Added Property 759438
2026-07-27 15:39:04.283 | SUCCESS  | storage:save_day:81 - 1405-04-06.json Saved
2026-07-27 15:39:04.285 | INFO     | state_manager:save:61 - State Saved
2026-07-27 15:39:04.285 | INFO     | monitor:scan:197 - Checking 759435
2026-07-27 15:39:04.285 | INFO     | api:get_file:84 - Loading File 126d4b7a-c85a-2bf0-c90a-e0e336f1742f
2026-07-27 15:39:04.498 | SUCCESS  | monitor:scan:235 - Changed : 759435
2026-07-27 15:39:04.507 | INFO     | storage:add_property:113 - Added Property 759435
2026-07-27 15:39:04.510 | SUCCESS  | storage:save_day:81 - 1405-04-06.json Saved
2026-07-27 15:39:04.512 | INFO     | state_manager:save:61 - State Saved
2026-07-27 15:39:04.512 | INFO     | monitor:scan:197 - Checking 759433
2026-07-27 15:39:04.512 | INFO     | api:get_file:84 - Loading File 126d4b7b-0f72-23d8-2a4c-cd8fdcae5414
2026-07-27 15:39:04.729 | SUCCESS  | monitor:scan:235 - Changed : 759433
2026-07-27 15:39:04.742 | INFO     | storage:add_property:113 - Added Property 759433
2026-07-27 15:39:04.745 | SUCCESS  | storage:save_day:81 - 1405-04-06.json Saved
2026-07-27 15:39:04.746 | INFO     | state_manager:save:61 - State Saved
2026-07-27 15:39:04.746 | INFO     | monitor:scan:197 - Checking 759430
2026-07-27 15:39:04.746 | INFO     | api:get_file:84 - Loading File 1b0a45f6-04dc-a7d9-1810-9e43e4c04444
2026-07-27 15:39:04.968 | SUCCESS  | monitor:scan:235 - Changed : 759430
2026-07-27 15:39:04.976 | INFO     | storage:add_property:113 - Added Property 759430
2026-07-27 15:39:04.979 | SUCCESS  | storage:save_day:81 - 1405-04-06.json Saved
2026-07-27 15:39:04.981 | INFO     | state_manager:save:61 - State Saved
2026-07-27 15:39:04.981 | INFO     | monitor:scan:197 - Checking 759428
2026-07-27 15:39:04.981 | INFO     | api:get_file:84 - Loading File 126d4b7b-0ed2-7716-77e7-e2fffb813346
2026-07-27 15:39:05.210 | SUCCESS  | monitor:scan:235 - Changed : 759428
2026-07-27 15:39:05.218 | INFO     | storage:add_property:113 - Added Property 759428
2026-07-27 15:39:05.221 | SUCCESS  | storage:save_day:81 - 1405-04-06.json Saved
2026-07-27 15:39:05.222 | INFO     | state_manager:save:61 - State Saved
2026-07-27 15:39:05.223 | INFO     | monitor:scan:197 - Checking 756756
2026-07-27 15:39:05.223 | INFO     | api:get_file:84 - Loading File 126d4575-a638-630d-825f-694be6caa14f
2026-07-27 15:39:05.444 | SUCCESS  | monitor:scan:235 - Changed : 756756
2026-07-27 15:39:05.455 | INFO     | storage:add_property:113 - Added Property 756756
2026-07-27 15:39:05.459 | SUCCESS  | storage:save_day:81 - 1405-04-06.json Saved
2026-07-27 15:39:05.461 | INFO     | state_manager:save:61 - State Saved
2026-07-27 15:39:05.461 | INFO     | monitor:scan:197 - Checking 744287
2026-07-27 15:39:05.461 | INFO     | api:get_file:84 - Loading File 126d3f70-8397-8ff0-df43-5ea450c8244e
2026-07-27 15:39:05.682 | SUCCESS  | monitor:scan:235 - Changed : 744287
2026-07-27 15:39:05.697 | INFO     | storage:add_property:113 - Added Property 744287
2026-07-27 15:39:05.700 | SUCCESS  | storage:save_day:81 - 1405-04-06.json Saved
2026-07-27 15:39:05.702 | INFO     | state_manager:save:61 - State Saved
2026-07-27 15:39:05.702 | INFO     | monitor:scan:197 - Checking 743442
2026-07-27 15:39:05.702 | INFO     | api:get_file:84 - Loading File 126d3eaa-4254-6e21-efc5-77b955fdda4c
2026-07-27 15:39:05.919 | SUCCESS  | monitor:scan:235 - Changed : 743442
2026-07-27 15:39:05.932 | INFO     | storage:add_property:113 - Added Property 743442
2026-07-27 15:39:05.935 | SUCCESS  | storage:save_day:81 - 1405-04-06.json Saved
2026-07-27 15:39:05.937 | INFO     | state_manager:save:61 - State Saved
2026-07-27 15:39:05.937 | INFO     | monitor:scan:197 - Checking 742568
2026-07-27 15:39:05.937 | INFO     | api:get_file:84 - Loading File 126d3384-dfd8-4545-0f01-31573bd38646
2026-07-27 15:39:06.151 | SUCCESS  | monitor:scan:235 - Changed : 742568
2026-07-27 15:39:06.159 | INFO     | storage:add_property:113 - Added Property 742568
2026-07-27 15:39:06.162 | SUCCESS  | storage:save_day:81 - 1405-04-06.json Saved
2026-07-27 15:39:06.164 | INFO     | state_manager:save:61 - State Saved
2026-07-27 15:39:06.164 | INFO     | monitor:scan:197 - Checking 716545
2026-07-27 15:39:06.164 | INFO     | api:get_file:84 - Loading File 1b0a45ff-0188-9159-9c34-b8fabba8bb42
2026-07-27 15:39:06.387 | SUCCESS  | monitor:scan:235 - Changed : 716545
2026-07-27 15:39:06.396 | INFO     | storage:add_property:113 - Added Property 716545
2026-07-27 15:39:06.399 | SUCCESS  | storage:save_day:81 - 1405-04-06.json Saved
2026-07-27 15:39:06.401 | INFO     | state_manager:save:61 - State Saved
2026-07-27 15:39:06.401 | INFO     | monitor:scan:197 - Checking 716138
2026-07-27 15:39:06.401 | INFO     | api:get_file:84 - Loading File 126b1494-74fc-5c32-f59a-ae6bd78a374a
2026-07-27 15:39:06.648 | SUCCESS  | monitor:scan:235 - Changed : 716138
2026-07-27 15:39:06.659 | INFO     | storage:add_property:113 - Added Property 716138
2026-07-27 15:39:06.662 | SUCCESS  | storage:save_day:81 - 1405-04-06.json Saved
2026-07-27 15:39:06.664 | INFO     | state_manager:save:61 - State Saved
2026-07-27 15:39:06.664 | INFO     | monitor:scan:197 - Checking 712428
2026-07-27 15:39:06.664 | INFO     | api:get_file:84 - Loading File 1b0a45f6-051d-08e6-f7e8-57c90a7d8441
2026-07-27 15:39:06.882 | SUCCESS  | monitor:scan:235 - Changed : 712428
2026-07-27 15:39:06.893 | INFO     | storage:add_property:113 - Added Property 712428
2026-07-27 15:39:06.896 | SUCCESS  | storage:save_day:81 - 1405-04-06.json Saved
2026-07-27 15:39:06.898 | INFO     | state_manager:save:61 - State Saved
2026-07-27 15:39:06.898 | INFO     | monitor:scan:197 - Checking 759356
2026-07-27 15:39:06.898 | INFO     | api:get_file:84 - Loading File 1b0a45f6-1204-cf91-384b-14eac3084c43
2026-07-27 15:39:07.117 | SUCCESS  | monitor:scan:235 - Changed : 759356
2026-07-27 15:39:07.117 | INFO     | storage:add_property:113 - Added Property 759356
2026-07-27 15:39:07.119 | SUCCESS  | storage:save_day:81 - 1405-04-02.json Saved
2026-07-27 15:39:07.121 | INFO     | state_manager:save:61 - State Saved
2026-07-27 15:39:07.122 | INFO     | monitor:scan:197 - Checking 759355
2026-07-27 15:39:07.122 | INFO     | api:get_file:84 - Loading File 126d4b3e-01e2-782f-57ff-9abc73fcbc4a
2026-07-27 15:39:07.344 | SUCCESS  | monitor:scan:235 - Changed : 759355
2026-07-27 15:39:07.353 | INFO     | storage:add_property:113 - Added Property 759355
2026-07-27 15:39:07.354 | SUCCESS  | storage:save_day:81 - 1405-04-02.json Saved
2026-07-27 15:39:07.356 | INFO     | state_manager:save:61 - State Saved
2026-07-27 15:39:07.356 | INFO     | monitor:scan:197 - Checking 759354
2026-07-27 15:39:07.357 | INFO     | api:get_file:84 - Loading File 126d4b3d-e0e5-91b8-9c60-a472ef54db45
2026-07-27 15:39:07.576 | SUCCESS  | monitor:scan:235 - Changed : 759354
2026-07-27 15:39:07.590 | INFO     | storage:add_property:113 - Added Property 759354
2026-07-27 15:39:07.591 | SUCCESS  | storage:save_day:81 - 1405-04-02.json Saved
2026-07-27 15:39:07.593 | INFO     | state_manager:save:61 - State Saved
2026-07-27 15:39:07.593 | INFO     | monitor:scan:197 - Checking 759351
2026-07-27 15:39:07.593 | INFO     | api:get_file:84 - Loading File 126d4b3d-a26e-80b6-5844-263b886ce445
2026-07-27 15:39:07.816 | SUCCESS  | monitor:scan:235 - Changed : 759351
2026-07-27 15:39:07.826 | INFO     | storage:add_property:113 - Added Property 759351
2026-07-27 15:39:07.827 | SUCCESS  | storage:save_day:81 - 1405-04-02.json Saved
2026-07-27 15:39:07.828 | INFO     | state_manager:save:61 - State Saved
2026-07-27 15:39:07.829 | INFO     | monitor:scan:197 - Checking 759349
2026-07-27 15:39:07.829 | INFO     | api:get_file:84 - Loading File 126d4b3d-e02a-c75f-2362-ae043321b49d
2026-07-27 15:39:08.041 | SUCCESS  | monitor:scan:235 - Changed : 759349
2026-07-27 15:39:08.051 | INFO     | storage:add_property:113 - Added Property 759349
2026-07-27 15:39:08.053 | SUCCESS  | storage:save_day:81 - 1405-04-02.json Saved
2026-07-27 15:39:08.054 | INFO     | state_manager:save:61 - State Saved
2026-07-27 15:39:08.055 | INFO     | monitor:scan:197 - Checking 759347
2026-07-27 15:39:08.055 | INFO     | api:get_file:84 - Loading File 126d4b10-4fb6-5f9d-5d91-cdc305195d42
2026-07-27 15:39:08.449 | SUCCESS  | monitor:scan:235 - Changed : 759347
2026-07-27 15:39:08.463 | INFO     | storage:add_property:113 - Added Property 759347
2026-07-27 15:39:08.465 | SUCCESS  | storage:save_day:81 - 1405-04-02.json Saved
2026-07-27 15:39:08.466 | INFO     | state_manager:save:61 - State Saved
2026-07-27 15:39:08.467 | INFO     | monitor:scan:197 - Checking 759342
2026-07-27 15:39:08.467 | INFO     | api:get_file:84 - Loading File 126d4b3d-b4de-59fa-753c-915007f95c4a
2026-07-27 15:39:08.859 | SUCCESS  | monitor:scan:235 - Changed : 759342
2026-07-27 15:39:08.873 | INFO     | storage:add_property:113 - Added Property 759342
2026-07-27 15:39:08.875 | SUCCESS  | storage:save_day:81 - 1405-04-02.json Saved
2026-07-27 15:39:08.877 | INFO     | state_manager:save:61 - State Saved
2026-07-27 15:39:08.877 | INFO     | monitor:scan:197 - Checking 759338
2026-07-27 15:39:08.877 | INFO     | api:get_file:84 - Loading File 1b0a45ff-fe42-e993-01b2-c528e38c6347
2026-07-27 15:39:09.265 | SUCCESS  | monitor:scan:235 - Changed : 759338
2026-07-27 15:39:09.278 | INFO     | storage:add_property:113 - Added Property 759338
2026-07-27 15:39:09.279 | SUCCESS  | storage:save_day:81 - 1405-04-02.json Saved
2026-07-27 15:39:09.281 | INFO     | state_manager:save:61 - State Saved
2026-07-27 15:39:09.281 | INFO     | monitor:scan:197 - Checking 759337
2026-07-27 15:39:09.281 | INFO     | api:get_file:84 - Loading File 126d4b3d-bb1c-69db-ebb9-457baa50d947
2026-07-27 15:39:09.671 | SUCCESS  | monitor:scan:235 - Changed : 759337
2026-07-27 15:39:09.684 | INFO     | storage:add_property:113 - Added Property 759337
2026-07-27 15:39:09.686 | SUCCESS  | storage:save_day:81 - 1405-04-02.json Saved
2026-07-27 15:39:09.687 | INFO     | state_manager:save:61 - State Saved
2026-07-27 15:39:09.687 | INFO     | monitor:scan:197 - Checking 759335
2026-07-27 15:39:09.687 | INFO     | api:get_file:84 - Loading File 126d4b3e-12aa-50c0-4b3a-ec91e230994f
2026-07-27 15:39:10.074 | SUCCESS  | monitor:scan:235 - Changed : 759335
2026-07-27 15:39:10.082 | INFO     | storage:add_property:113 - Added Property 759335
2026-07-27 15:39:10.083 | SUCCESS  | storage:save_day:81 - 1405-04-02.json Saved
2026-07-27 15:39:10.085 | INFO     | state_manager:save:61 - State Saved
2026-07-27 15:39:10.085 | INFO     | monitor:scan:125 - Loading Page 9
2026-07-27 15:39:10.085 | INFO     | api:get_files:60 - Loading Page 9
2026-07-27 15:39:14.474 | INFO     | monitor:scan:197 - Checking 759334
2026-07-27 15:39:14.475 | INFO     | api:get_file:84 - Loading File 126d4b2e-7293-463c-93ce-f8b36797934c
2026-07-27 15:39:14.859 | SUCCESS  | monitor:scan:235 - Changed : 759334
2026-07-27 15:39:14.871 | INFO     | storage:add_property:113 - Added Property 759334
2026-07-27 15:39:14.873 | SUCCESS  | storage:save_day:81 - 1405-04-02.json Saved
2026-07-27 15:39:14.874 | INFO     | state_manager:save:61 - State Saved
2026-07-27 15:39:14.874 | INFO     | monitor:scan:197 - Checking 759332
2026-07-27 15:39:14.874 | INFO     | api:get_file:84 - Loading File 126d4b3d-9b86-8cb9-0da5-deb16de1c444
2026-07-27 15:39:15.097 | SUCCESS  | monitor:scan:235 - Changed : 759332
2026-07-27 15:39:15.107 | INFO     | storage:add_property:113 - Added Property 759332
2026-07-27 15:39:15.109 | SUCCESS  | storage:save_day:81 - 1405-04-02.json Saved
2026-07-27 15:39:15.111 | INFO     | state_manager:save:61 - State Saved
2026-07-27 15:39:15.111 | INFO     | monitor:scan:197 - Checking 759331
2026-07-27 15:39:15.111 | INFO     | api:get_file:84 - Loading File 126d4b2f-9791-4e89-7074-a21e5d440d44
2026-07-27 15:39:15.675 | SUCCESS  | monitor:scan:235 - Changed : 759331
2026-07-27 15:39:15.684 | INFO     | storage:add_property:113 - Added Property 759331
2026-07-27 15:39:15.686 | SUCCESS  | storage:save_day:81 - 1405-04-02.json Saved
2026-07-27 15:39:15.687 | INFO     | state_manager:save:61 - State Saved
2026-07-27 15:39:15.687 | INFO     | monitor:scan:197 - Checking 759327
2026-07-27 15:39:15.688 | INFO     | api:get_file:84 - Loading File 126d4b2e-8694-7da0-f093-2ee969b80c44
2026-07-27 15:39:16.079 | SUCCESS  | monitor:scan:235 - Changed : 759327
2026-07-27 15:39:16.088 | INFO     | storage:add_property:113 - Added Property 759327
2026-07-27 15:39:16.090 | SUCCESS  | storage:save_day:81 - 1405-04-02.json Saved
2026-07-27 15:39:16.091 | INFO     | state_manager:save:61 - State Saved
2026-07-27 15:39:16.092 | INFO     | monitor:scan:197 - Checking 759326
2026-07-27 15:39:16.092 | INFO     | api:get_file:84 - Loading File 126d4b3d-a1ac-75a9-dcb6-10b247072f4f
2026-07-27 15:39:16.489 | SUCCESS  | monitor:scan:235 - Changed : 759326
2026-07-27 15:39:16.505 | INFO     | storage:add_property:113 - Added Property 759326
2026-07-27 15:39:16.507 | SUCCESS  | storage:save_day:81 - 1405-04-02.json Saved
2026-07-27 15:39:16.508 | INFO     | state_manager:save:61 - State Saved
2026-07-27 15:39:16.509 | INFO     | monitor:scan:197 - Checking 759325
2026-07-27 15:39:16.509 | INFO     | api:get_file:84 - Loading File 126d4b3d-b86b-1d46-6067-c32319367343
2026-07-27 15:39:16.893 | SUCCESS  | monitor:scan:235 - Changed : 759325
2026-07-27 15:39:16.901 | INFO     | storage:add_property:113 - Added Property 759325
2026-07-27 15:39:16.903 | SUCCESS  | storage:save_day:81 - 1405-04-02.json Saved
2026-07-27 15:39:16.905 | INFO     | state_manager:save:61 - State Saved
2026-07-27 15:39:16.905 | INFO     | monitor:scan:197 - Checking 759324
2026-07-27 15:39:16.905 | INFO     | api:get_file:84 - Loading File 1b0a45ff-0708-671f-4610-6ca93ede8f42
2026-07-27 15:39:17.105 | SUCCESS  | monitor:scan:235 - Changed : 759324
2026-07-27 15:39:17.112 | INFO     | storage:add_property:113 - Added Property 759324
2026-07-27 15:39:17.114 | SUCCESS  | storage:save_day:81 - 1405-04-02.json Saved
2026-07-27 15:39:17.115 | INFO     | state_manager:save:61 - State Saved
2026-07-27 15:39:17.116 | INFO     | monitor:scan:197 - Checking 742715
2026-07-27 15:39:17.116 | INFO     | api:get_file:84 - Loading File 126d3395-10e8-2ce4-efcf-2a352c91f64a
2026-07-27 15:39:18.019 | SUCCESS  | monitor:scan:235 - Changed : 742715
2026-07-27 15:39:18.027 | INFO     | storage:add_property:113 - Added Property 742715
2026-07-27 15:39:18.029 | SUCCESS  | storage:save_day:81 - 1405-04-02.json Saved
2026-07-27 15:39:18.031 | INFO     | state_manager:save:61 - State Saved
2026-07-27 15:39:18.031 | INFO     | monitor:scan:197 - Checking 732504
2026-07-27 15:39:18.031 | INFO     | api:get_file:84 - Loading File 126d3375-a69c-77b2-bd82-a74a964bf74f
2026-07-27 15:39:18.784 | SUCCESS  | monitor:scan:235 - Changed : 732504
2026-07-27 15:39:18.791 | INFO     | storage:add_property:113 - Added Property 732504
2026-07-27 15:39:18.793 | SUCCESS  | storage:save_day:81 - 1405-04-02.json Saved
2026-07-27 15:39:18.795 | INFO     | state_manager:save:61 - State Saved
2026-07-27 15:39:18.795 | INFO     | monitor:scan:197 - Checking 732384
2026-07-27 15:39:18.795 | INFO     | api:get_file:84 - Loading File 126d3357-19e6-3120-7f1e-98d83a8faf4a
2026-07-27 15:39:19.185 | SUCCESS  | monitor:scan:235 - Changed : 732384
2026-07-27 15:39:19.200 | INFO     | storage:add_property:113 - Added Property 732384
2026-07-27 15:39:19.202 | SUCCESS  | storage:save_day:81 - 1405-04-02.json Saved
2026-07-27 15:39:19.204 | INFO     | state_manager:save:61 - State Saved
2026-07-27 15:39:19.204 | INFO     | monitor:scan:197 - Checking 732375
2026-07-27 15:39:19.204 | INFO     | api:get_file:84 - Loading File 126d3348-e7a5-7e04-518b-79c033bbeb4f
2026-07-27 15:39:19.591 | SUCCESS  | monitor:scan:235 - Changed : 732375
2026-07-27 15:39:19.605 | INFO     | storage:add_property:113 - Added Property 732375
2026-07-27 15:39:19.608 | SUCCESS  | storage:save_day:81 - 1405-04-02.json Saved
2026-07-27 15:39:19.609 | INFO     | state_manager:save:61 - State Saved
2026-07-27 15:39:19.610 | INFO     | monitor:scan:197 - Checking 732118
2026-07-27 15:39:19.610 | INFO     | api:get_file:84 - Loading File 126d32fc-9ff4-9281-a5ce-e5555b4af949
2026-07-27 15:39:20.002 | SUCCESS  | monitor:scan:235 - Changed : 732118
2026-07-27 15:39:20.016 | INFO     | storage:add_property:113 - Added Property 732118
2026-07-27 15:39:20.019 | SUCCESS  | storage:save_day:81 - 1405-04-02.json Saved
2026-07-27 15:39:20.020 | INFO     | state_manager:save:61 - State Saved
2026-07-27 15:39:20.020 | INFO     | monitor:scan:197 - Checking 731662
2026-07-27 15:39:20.021 | INFO     | api:get_file:84 - Loading File 126d3291-aee7-543f-df44-ae065f3d7347
2026-07-27 15:39:20.416 | SUCCESS  | monitor:scan:235 - Changed : 731662
2026-07-27 15:39:20.432 | INFO     | storage:add_property:113 - Added Property 731662
2026-07-27 15:39:20.434 | SUCCESS  | storage:save_day:81 - 1405-04-02.json Saved
2026-07-27 15:39:20.436 | INFO     | state_manager:save:61 - State Saved
2026-07-27 15:39:20.436 | INFO     | monitor:scan:197 - Checking 713275
2026-07-27 15:39:20.436 | INFO     | api:get_file:84 - Loading File 126b0e15-5de4-4b74-9091-951338fafa40
2026-07-27 15:39:20.823 | SUCCESS  | monitor:scan:235 - Changed : 713275
2026-07-27 15:39:20.830 | INFO     | storage:add_property:113 - Added Property 713275
2026-07-27 15:39:20.833 | SUCCESS  | storage:save_day:81 - 1405-04-02.json Saved
2026-07-27 15:39:20.835 | INFO     | state_manager:save:61 - State Saved
2026-07-27 15:39:20.835 | INFO     | monitor:scan:197 - Checking 712207
2026-07-27 15:39:20.835 | INFO     | api:get_file:84 - Loading File 1b0a45f6-060d-170e-02cd-785f1d612f4f
2026-07-27 15:39:21.230 | SUCCESS  | monitor:scan:235 - Changed : 712207
2026-07-27 15:39:21.238 | INFO     | storage:add_property:113 - Added Property 712207
2026-07-27 15:39:21.240 | SUCCESS  | storage:save_day:81 - 1405-04-02.json Saved
2026-07-27 15:39:21.242 | INFO     | state_manager:save:61 - State Saved
2026-07-27 15:39:21.242 | INFO     | monitor:scan:197 - Checking 711812
2026-07-27 15:39:21.242 | INFO     | api:get_file:84 - Loading File 1b0a45f6-0b1b-bddd-6880-40ab7dd73744
2026-07-27 15:39:21.464 | SUCCESS  | monitor:scan:235 - Changed : 711812
2026-07-27 15:39:21.472 | INFO     | storage:add_property:113 - Added Property 711812
2026-07-27 15:39:21.475 | SUCCESS  | storage:save_day:81 - 1405-04-02.json Saved
2026-07-27 15:39:21.477 | INFO     | state_manager:save:61 - State Saved
2026-07-27 15:39:21.477 | INFO     | monitor:scan:197 - Checking 698001
2026-07-27 15:39:21.477 | INFO     | api:get_file:84 - Loading File 126b01fc-0270-2e35-5107-3b79afbe6c41
2026-07-27 15:39:21.688 | SUCCESS  | monitor:scan:235 - Changed : 698001
2026-07-27 15:39:21.697 | INFO     | storage:add_property:113 - Added Property 698001
2026-07-27 15:39:21.700 | SUCCESS  | storage:save_day:81 - 1405-04-02.json Saved
2026-07-27 15:39:21.702 | INFO     | state_manager:save:61 - State Saved
2026-07-27 15:39:21.702 | INFO     | monitor:scan:197 - Checking 696011
2026-07-27 15:39:21.702 | INFO     | api:get_file:84 - Loading File 1b0a45f6-0509-d520-5426-8ee827ff7e4d
2026-07-27 15:39:22.097 | SUCCESS  | monitor:scan:235 - Changed : 696011
2026-07-27 15:39:22.110 | INFO     | storage:add_property:113 - Added Property 696011
2026-07-27 15:39:22.113 | SUCCESS  | storage:save_day:81 - 1405-04-02.json Saved
2026-07-27 15:39:22.115 | INFO     | state_manager:save:61 - State Saved
2026-07-27 15:39:22.115 | INFO     | monitor:scan:197 - Checking 692645
2026-07-27 15:39:22.115 | INFO     | api:get_file:84 - Loading File 126af1b6-646a-7c65-8abb-550221ae764c
2026-07-27 15:39:22.364 | SUCCESS  | monitor:scan:235 - Changed : 692645
2026-07-27 15:39:22.378 | INFO     | storage:add_property:113 - Added Property 692645
2026-07-27 15:39:22.381 | SUCCESS  | storage:save_day:81 - 1405-04-02.json Saved
2026-07-27 15:39:22.383 | INFO     | state_manager:save:61 - State Saved
2026-07-27 15:39:22.383 | INFO     | monitor:scan:197 - Checking 689375
2026-07-27 15:39:22.383 | INFO     | api:get_file:84 - Loading File 1b0a45f6-03ef-3e0a-9a6c-cfd7d586eb47
2026-07-27 15:39:22.752 | SUCCESS  | monitor:scan:235 - Changed : 689375
2026-07-27 15:39:22.768 | INFO     | storage:add_property:113 - Added Property 689375
2026-07-27 15:39:22.771 | SUCCESS  | storage:save_day:81 - 1405-04-02.json Saved
2026-07-27 15:39:22.773 | INFO     | state_manager:save:61 - State Saved
2026-07-27 15:39:22.773 | INFO     | monitor:scan:197 - Checking 687628
2026-07-27 15:39:22.773 | INFO     | api:get_file:84 - Loading File 1b0a45f6-0758-4981-d1c2-35ab4dcfd44b
2026-07-27 15:39:23.172 | SUCCESS  | monitor:scan:235 - Changed : 687628
2026-07-27 15:39:23.188 | INFO     | storage:add_property:113 - Added Property 687628
2026-07-27 15:39:23.191 | SUCCESS  | storage:save_day:81 - 1405-04-02.json Saved
2026-07-27 15:39:23.193 | INFO     | state_manager:save:61 - State Saved
2026-07-27 15:39:23.193 | INFO     | monitor:scan:197 - Checking 684064
2026-07-27 15:39:23.193 | INFO     | api:get_file:84 - Loading File 1b0a45f6-129a-d672-41d8-005f3e1d5e4a
2026-07-27 15:39:23.584 | SUCCESS  | monitor:scan:235 - Changed : 684064
2026-07-27 15:39:23.592 | INFO     | storage:add_property:113 - Added Property 684064
2026-07-27 15:39:23.595 | SUCCESS  | storage:save_day:81 - 1405-04-02.json Saved
2026-07-27 15:39:23.597 | INFO     | state_manager:save:61 - State Saved
2026-07-27 15:39:23.597 | INFO     | monitor:scan:197 - Checking 759274
2026-07-27 15:39:23.597 | INFO     | api:get_file:84 - Loading File 126d4b2e-9d3b-7477-cc1c-87b7c6597742
2026-07-27 15:39:23.984 | SUCCESS  | monitor:scan:235 - Changed : 759274
2026-07-27 15:39:23.985 | INFO     | storage:add_property:113 - Added Property 759274
2026-07-27 15:39:23.987 | SUCCESS  | storage:save_day:81 - 1405-04-01.json Saved
2026-07-27 15:39:23.990 | INFO     | state_manager:save:61 - State Saved
2026-07-27 15:39:23.990 | INFO     | monitor:scan:197 - Checking 759273
2026-07-27 15:39:23.991 | INFO     | api:get_file:84 - Loading File 126d4b2e-766f-f35d-7eef-86a49cc1645f
2026-07-27 15:39:24.377 | SUCCESS  | monitor:scan:235 - Changed : 759273
2026-07-27 15:39:24.386 | INFO     | storage:add_property:113 - Added Property 759273
2026-07-27 15:39:24.387 | SUCCESS  | storage:save_day:81 - 1405-04-01.json Saved
2026-07-27 15:39:24.389 | INFO     | state_manager:save:61 - State Saved
2026-07-27 15:39:24.389 | INFO     | monitor:scan:197 - Checking 759270
2026-07-27 15:39:24.389 | INFO     | api:get_file:84 - Loading File 126d4b2e-c077-6591-89f5-fa50b913a84c
2026-07-27 15:39:24.776 | SUCCESS  | monitor:scan:235 - Changed : 759270
2026-07-27 15:39:24.788 | INFO     | storage:add_property:113 - Added Property 759270
2026-07-27 15:39:24.789 | SUCCESS  | storage:save_day:81 - 1405-04-01.json Saved
2026-07-27 15:39:24.791 | INFO     | state_manager:save:61 - State Saved
2026-07-27 15:39:24.791 | INFO     | monitor:scan:197 - Checking 759265
2026-07-27 15:39:24.791 | INFO     | api:get_file:84 - Loading File 126d4a77-b1d9-15e5-3e32-9268796b404b
2026-07-27 15:39:25.185 | SUCCESS  | monitor:scan:235 - Changed : 759265
2026-07-27 15:39:25.198 | INFO     | storage:add_property:113 - Added Property 759265
2026-07-27 15:39:25.199 | SUCCESS  | storage:save_day:81 - 1405-04-01.json Saved
2026-07-27 15:39:25.201 | INFO     | state_manager:save:61 - State Saved
2026-07-27 15:39:25.201 | INFO     | monitor:scan:197 - Checking 759261
2026-07-27 15:39:25.201 | INFO     | api:get_file:84 - Loading File 126d4b20-56fa-60f2-3c50-b2fd14af2b4f
2026-07-27 15:39:25.578 | SUCCESS  | monitor:scan:235 - Changed : 759261
2026-07-27 15:39:25.584 | INFO     | storage:add_property:113 - Added Property 759261
2026-07-27 15:39:25.586 | SUCCESS  | storage:save_day:81 - 1405-04-01.json Saved
2026-07-27 15:39:25.587 | INFO     | state_manager:save:61 - State Saved
2026-07-27 15:39:25.588 | INFO     | monitor:scan:197 - Checking 759259
2026-07-27 15:39:25.588 | INFO     | api:get_file:84 - Loading File 126d4b20-44ed-6970-a06a-5f4ebf7af44a
2026-07-27 15:39:25.977 | SUCCESS  | monitor:scan:235 - Changed : 759259
2026-07-27 15:39:25.985 | INFO     | storage:add_property:113 - Added Property 759259
2026-07-27 15:39:25.986 | SUCCESS  | storage:save_day:81 - 1405-04-01.json Saved
2026-07-27 15:39:25.989 | INFO     | state_manager:save:61 - State Saved
2026-07-27 15:39:25.989 | INFO     | monitor:scan:197 - Checking 759258
2026-07-27 15:39:25.989 | INFO     | api:get_file:84 - Loading File 126d4b2e-8621-1b81-bb6e-6cfd66ae0745
2026-07-27 15:39:26.475 | SUCCESS  | monitor:scan:235 - Changed : 759258
2026-07-27 15:39:26.484 | INFO     | storage:add_property:113 - Added Property 759258
2026-07-27 15:39:26.485 | SUCCESS  | storage:save_day:81 - 1405-04-01.json Saved
2026-07-27 15:39:26.487 | INFO     | state_manager:save:61 - State Saved
2026-07-27 15:39:26.487 | INFO     | monitor:scan:197 - Checking 759257
2026-07-27 15:39:26.487 | INFO     | api:get_file:84 - Loading File 126d4b2e-c1ee-7fbc-d60d-6ec663f9a04a
2026-07-27 15:39:26.874 | SUCCESS  | monitor:scan:235 - Changed : 759257
2026-07-27 15:39:26.890 | INFO     | storage:add_property:113 - Added Property 759257
2026-07-27 15:39:26.891 | SUCCESS  | storage:save_day:81 - 1405-04-01.json Saved
2026-07-27 15:39:26.893 | INFO     | state_manager:save:61 - State Saved
2026-07-27 15:39:26.893 | INFO     | monitor:scan:197 - Checking 759255
2026-07-27 15:39:26.893 | INFO     | api:get_file:84 - Loading File 126d4b2e-ced1-61a6-3450-adb03d881348
2026-07-27 15:39:27.098 | SUCCESS  | monitor:scan:235 - Changed : 759255
2026-07-27 15:39:27.107 | INFO     | storage:add_property:113 - Added Property 759255
2026-07-27 15:39:27.109 | SUCCESS  | storage:save_day:81 - 1405-04-01.json Saved
2026-07-27 15:39:27.111 | INFO     | state_manager:save:61 - State Saved
2026-07-27 15:39:27.111 | INFO     | monitor:scan:197 - Checking 759253
2026-07-27 15:39:27.111 | INFO     | api:get_file:84 - Loading File 1b0a45f6-04e5-eab9-6917-c3dc433a8a48
2026-07-27 15:39:27.326 | SUCCESS  | monitor:scan:235 - Changed : 759253
2026-07-27 15:39:27.334 | INFO     | storage:add_property:113 - Added Property 759253
2026-07-27 15:39:27.336 | SUCCESS  | storage:save_day:81 - 1405-04-01.json Saved
2026-07-27 15:39:27.338 | INFO     | state_manager:save:61 - State Saved
2026-07-27 15:39:27.338 | INFO     | monitor:scan:197 - Checking 759248
2026-07-27 15:39:27.338 | INFO     | api:get_file:84 - Loading File 126d4b2e-83d3-57df-8222-4d9e86c00c44
2026-07-27 15:39:27.552 | SUCCESS  | monitor:scan:235 - Changed : 759248
2026-07-27 15:39:27.562 | INFO     | storage:add_property:113 - Added Property 759248
2026-07-27 15:39:27.565 | SUCCESS  | storage:save_day:81 - 1405-04-01.json Saved
2026-07-27 15:39:27.566 | INFO     | state_manager:save:61 - State Saved
2026-07-27 15:39:27.567 | INFO     | monitor:scan:197 - Checking 759247
2026-07-27 15:39:27.567 | INFO     | api:get_file:84 - Loading File 1b0a45f6-0a51-1a70-0e54-e3b30e23814d
2026-07-27 15:39:27.951 | SUCCESS  | monitor:scan:235 - Changed : 759247
2026-07-27 15:39:27.959 | INFO     | storage:add_property:113 - Added Property 759247
2026-07-27 15:39:27.961 | SUCCESS  | storage:save_day:81 - 1405-04-01.json Saved
2026-07-27 15:39:27.963 | INFO     | state_manager:save:61 - State Saved
2026-07-27 15:39:27.963 | INFO     | monitor:scan:197 - Checking 759246
2026-07-27 15:39:27.963 | INFO     | api:get_file:84 - Loading File 126d4b2e-717f-53c2-b26e-e5e1a14a844e
2026-07-27 15:39:28.357 | SUCCESS  | monitor:scan:235 - Changed : 759246
2026-07-27 15:39:28.364 | INFO     | storage:add_property:113 - Added Property 759246
2026-07-27 15:39:28.366 | SUCCESS  | storage:save_day:81 - 1405-04-01.json Saved
2026-07-27 15:39:28.368 | INFO     | state_manager:save:61 - State Saved
2026-07-27 15:39:28.368 | INFO     | monitor:scan:197 - Checking 759245
2026-07-27 15:39:28.368 | INFO     | api:get_file:84 - Loading File 1b0a45f6-0f3b-2016-d40d-8b3c9f79144e
2026-07-27 15:39:28.579 | SUCCESS  | monitor:scan:235 - Changed : 759245
2026-07-27 15:39:28.588 | INFO     | storage:add_property:113 - Added Property 759245
2026-07-27 15:39:28.590 | SUCCESS  | storage:save_day:81 - 1405-04-01.json Saved
2026-07-27 15:39:28.592 | INFO     | state_manager:save:61 - State Saved
2026-07-27 15:39:28.592 | INFO     | monitor:scan:197 - Checking 759244
2026-07-27 15:39:28.592 | INFO     | api:get_file:84 - Loading File 126d4b20-41bd-3119-f8a1-7d425451c443
2026-07-27 15:39:29.037 | SUCCESS  | monitor:scan:235 - Changed : 759244
2026-07-27 15:39:29.051 | INFO     | storage:add_property:113 - Added Property 759244
2026-07-27 15:39:29.052 | SUCCESS  | storage:save_day:81 - 1405-04-01.json Saved
2026-07-27 15:39:29.054 | INFO     | state_manager:save:61 - State Saved
2026-07-27 15:39:29.054 | INFO     | monitor:scan:197 - Checking 759243
2026-07-27 15:39:29.054 | INFO     | api:get_file:84 - Loading File 126d4b2e-586d-34f9-c00e-7560e3d91145
2026-07-27 15:39:29.473 | SUCCESS  | monitor:scan:235 - Changed : 759243
2026-07-27 15:39:29.484 | INFO     | storage:add_property:113 - Added Property 759243
2026-07-27 15:39:29.486 | SUCCESS  | storage:save_day:81 - 1405-04-01.json Saved
2026-07-27 15:39:29.488 | INFO     | state_manager:save:61 - State Saved
2026-07-27 15:39:29.488 | INFO     | monitor:scan:197 - Checking 759241
2026-07-27 15:39:29.488 | INFO     | api:get_file:84 - Loading File 126d4b2e-d140-6095-f059-a91f887b6d43
2026-07-27 15:39:29.878 | SUCCESS  | monitor:scan:235 - Changed : 759241
2026-07-27 15:39:29.889 | INFO     | storage:add_property:113 - Added Property 759241
2026-07-27 15:39:29.892 | SUCCESS  | storage:save_day:81 - 1405-04-01.json Saved
2026-07-27 15:39:29.893 | INFO     | state_manager:save:61 - State Saved
2026-07-27 15:39:29.893 | INFO     | monitor:scan:197 - Checking 759240
2026-07-27 15:39:29.893 | INFO     | api:get_file:84 - Loading File 126d4b20-4dd1-1f2a-2a9f-b6c5d0852d41
2026-07-27 15:39:30.112 | SUCCESS  | monitor:scan:235 - Changed : 759240
2026-07-27 15:39:30.125 | INFO     | storage:add_property:113 - Added Property 759240
2026-07-27 15:39:30.128 | SUCCESS  | storage:save_day:81 - 1405-04-01.json Saved
2026-07-27 15:39:30.129 | INFO     | state_manager:save:61 - State Saved
2026-07-27 15:39:30.129 | INFO     | monitor:scan:197 - Checking 759236
2026-07-27 15:39:30.129 | INFO     | api:get_file:84 - Loading File 126d4b2e-c5c7-3319-8f25-25360015a4cb
2026-07-27 15:39:30.526 | SUCCESS  | monitor:scan:235 - Changed : 759236
2026-07-27 15:39:30.537 | INFO     | storage:add_property:113 - Added Property 759236
2026-07-27 15:39:30.539 | SUCCESS  | storage:save_day:81 - 1405-04-01.json Saved
2026-07-27 15:39:30.540 | INFO     | state_manager:save:61 - State Saved
2026-07-27 15:39:30.541 | INFO     | monitor:scan:197 - Checking 759232
2026-07-27 15:39:30.541 | INFO     | api:get_file:84 - Loading File 126d4b20-2cce-97f1-1c89-228350c4a54e
2026-07-27 15:39:30.940 | SUCCESS  | monitor:scan:235 - Changed : 759232
2026-07-27 15:39:30.956 | INFO     | storage:add_property:113 - Added Property 759232
2026-07-27 15:39:30.959 | SUCCESS  | storage:save_day:81 - 1405-04-01.json Saved
2026-07-27 15:39:30.960 | INFO     | state_manager:save:61 - State Saved
2026-07-27 15:39:30.961 | INFO     | monitor:scan:197 - Checking 759231
2026-07-27 15:39:30.961 | INFO     | api:get_file:84 - Loading File 126d4b2e-9fa3-56a5-0a44-bb9df93b7e49
2026-07-27 15:39:31.345 | SUCCESS  | monitor:scan:235 - Changed : 759231
2026-07-27 15:39:31.356 | INFO     | storage:add_property:113 - Added Property 759231
2026-07-27 15:39:31.359 | SUCCESS  | storage:save_day:81 - 1405-04-01.json Saved
2026-07-27 15:39:31.361 | INFO     | state_manager:save:61 - State Saved
2026-07-27 15:39:31.361 | INFO     | monitor:scan:197 - Checking 759227
2026-07-27 15:39:31.361 | INFO     | api:get_file:84 - Loading File 126d4b2e-51de-8cd4-dcad-3d754b500e49
2026-07-27 15:39:31.580 | SUCCESS  | monitor:scan:235 - Changed : 759227
2026-07-27 15:39:31.592 | INFO     | storage:add_property:113 - Added Property 759227
2026-07-27 15:39:31.594 | SUCCESS  | storage:save_day:81 - 1405-04-01.json Saved
2026-07-27 15:39:31.595 | INFO     | state_manager:save:61 - State Saved
2026-07-27 15:39:31.595 | INFO     | monitor:scan:197 - Checking 759226
2026-07-27 15:39:31.596 | INFO     | api:get_file:84 - Loading File 1b0a45f6-050c-e4c3-3166-4de8da057344
2026-07-27 15:39:31.990 | SUCCESS  | monitor:scan:235 - Changed : 759226
2026-07-27 15:39:32.002 | INFO     | storage:add_property:113 - Added Property 759226
2026-07-27 15:39:32.004 | SUCCESS  | storage:save_day:81 - 1405-04-01.json Saved
2026-07-27 15:39:32.006 | INFO     | state_manager:save:61 - State Saved
2026-07-27 15:39:32.006 | INFO     | monitor:scan:197 - Checking 759225
2026-07-27 15:39:32.006 | INFO     | api:get_file:84 - Loading File 126d4b2e-5d14-4783-1671-6446eb4e7a42
2026-07-27 15:39:32.415 | SUCCESS  | monitor:scan:235 - Changed : 759225
2026-07-27 15:39:32.429 | INFO     | storage:add_property:113 - Added Property 759225
2026-07-27 15:39:32.431 | SUCCESS  | storage:save_day:81 - 1405-04-01.json Saved
2026-07-27 15:39:32.433 | INFO     | state_manager:save:61 - State Saved
2026-07-27 15:39:32.433 | INFO     | monitor:scan:197 - Checking 742589
2026-07-27 15:39:32.433 | INFO     | api:get_file:84 - Loading File 1b0a45f6-1255-46f9-2b9a-efb61ff8fd4e
2026-07-27 15:39:32.866 | SUCCESS  | monitor:scan:235 - Changed : 742589
2026-07-27 15:39:32.879 | INFO     | storage:add_property:113 - Added Property 742589
2026-07-27 15:39:32.882 | SUCCESS  | storage:save_day:81 - 1405-04-01.json Saved
2026-07-27 15:39:32.883 | INFO     | state_manager:save:61 - State Saved
2026-07-27 15:39:32.883 | INFO     | monitor:scan:197 - Checking 716555
2026-07-27 15:39:32.883 | INFO     | api:get_file:84 - Loading File 126b14d2-b591-2e94-1a15-a5de3b8aca49
2026-07-27 15:39:33.448 | SUCCESS  | monitor:scan:235 - Changed : 716555
2026-07-27 15:39:33.456 | INFO     | storage:add_property:113 - Added Property 716555
2026-07-27 15:39:33.459 | SUCCESS  | storage:save_day:81 - 1405-04-01.json Saved
2026-07-27 15:39:33.461 | INFO     | state_manager:save:61 - State Saved
2026-07-27 15:39:33.461 | INFO     | monitor:scan:197 - Checking 715194
2026-07-27 15:39:33.461 | INFO     | api:get_file:84 - Loading File 126b13bf-4006-2953-21d9-85c705506c44
2026-07-27 15:39:34.033 | SUCCESS  | monitor:scan:235 - Changed : 715194
2026-07-27 15:39:34.051 | INFO     | storage:add_property:113 - Added Property 715194
2026-07-27 15:39:34.054 | SUCCESS  | storage:save_day:81 - 1405-04-01.json Saved
2026-07-27 15:39:34.056 | INFO     | state_manager:save:61 - State Saved
2026-07-27 15:39:34.056 | INFO     | monitor:scan:197 - Checking 692896
2026-07-27 15:39:34.056 | INFO     | api:get_file:84 - Loading File 1b0a45f6-0283-51b8-4019-75677544504a
2026-07-27 15:39:34.506 | SUCCESS  | monitor:scan:235 - Changed : 692896
2026-07-27 15:39:34.518 | INFO     | storage:add_property:113 - Added Property 692896
2026-07-27 15:39:34.522 | SUCCESS  | storage:save_day:81 - 1405-04-01.json Saved
2026-07-27 15:39:34.523 | INFO     | state_manager:save:61 - State Saved
2026-07-27 15:39:34.523 | INFO     | monitor:scan:197 - Checking 690622
2026-07-27 15:39:34.523 | INFO     | api:get_file:84 - Loading File 126af086-186a-31a0-503e-7e2f4f796c4c
2026-07-27 15:39:34.940 | SUCCESS  | monitor:scan:235 - Changed : 690622
2026-07-27 15:39:34.950 | INFO     | storage:add_property:113 - Added Property 690622
2026-07-27 15:39:34.953 | SUCCESS  | storage:save_day:81 - 1405-04-01.json Saved
2026-07-27 15:39:34.955 | INFO     | state_manager:save:61 - State Saved
2026-07-27 15:39:34.955 | INFO     | monitor:scan:197 - Checking 689568
2026-07-27 15:39:34.955 | INFO     | api:get_file:84 - Loading File 1b0a45ff-ffc8-243f-823f-e2bffb3dc147
2026-07-27 15:39:35.171 | SUCCESS  | monitor:scan:235 - Changed : 689568
2026-07-27 15:39:35.180 | INFO     | storage:add_property:113 - Added Property 689568
2026-07-27 15:39:35.183 | SUCCESS  | storage:save_day:81 - 1405-04-01.json Saved
2026-07-27 15:39:35.185 | INFO     | state_manager:save:61 - State Saved
2026-07-27 15:39:35.185 | INFO     | monitor:scan:197 - Checking 689321
2026-07-27 15:39:35.185 | INFO     | api:get_file:84 - Loading File 1b0a45f6-0da3-0a4d-9834-84cae0e6b94b
2026-07-27 15:39:35.408 | SUCCESS  | monitor:scan:235 - Changed : 689321
2026-07-27 15:39:35.420 | INFO     | storage:add_property:113 - Added Property 689321
2026-07-27 15:39:35.423 | SUCCESS  | storage:save_day:81 - 1405-04-01.json Saved
2026-07-27 15:39:35.425 | INFO     | state_manager:save:61 - State Saved
2026-07-27 15:39:35.425 | INFO     | monitor:scan:197 - Checking 688333
2026-07-27 15:39:35.425 | INFO     | api:get_file:84 - Loading File 1b0a45f6-07e2-5feb-e86c-2d3942595443
2026-07-27 15:39:35.808 | SUCCESS  | monitor:scan:235 - Changed : 688333
2026-07-27 15:39:35.823 | INFO     | storage:add_property:113 - Added Property 688333
2026-07-27 15:39:35.826 | SUCCESS  | storage:save_day:81 - 1405-04-01.json Saved
2026-07-27 15:39:35.828 | INFO     | state_manager:save:61 - State Saved
2026-07-27 15:39:35.828 | INFO     | monitor:scan:197 - Checking 687290
2026-07-27 15:39:35.828 | INFO     | api:get_file:84 - Loading File 1b0a45f6-066b-cbd9-f296-e4f595dc9949
2026-07-27 15:39:36.045 | SUCCESS  | monitor:scan:235 - Changed : 687290
2026-07-27 15:39:36.052 | INFO     | storage:add_property:113 - Added Property 687290
2026-07-27 15:39:36.055 | SUCCESS  | storage:save_day:81 - 1405-04-01.json Saved
2026-07-27 15:39:36.057 | INFO     | state_manager:save:61 - State Saved
2026-07-27 15:39:36.057 | INFO     | monitor:scan:197 - Checking 686795
2026-07-27 15:39:36.058 | INFO     | api:get_file:84 - Loading File 1b0a45f6-06e6-67c5-9729-738f17fc514d
2026-07-27 15:39:36.278 | SUCCESS  | monitor:scan:235 - Changed : 686795
2026-07-27 15:39:36.291 | INFO     | storage:add_property:113 - Added Property 686795
2026-07-27 15:39:36.295 | SUCCESS  | storage:save_day:81 - 1405-04-01.json Saved
2026-07-27 15:39:36.296 | INFO     | state_manager:save:61 - State Saved
2026-07-27 15:39:36.296 | INFO     | monitor:scan:197 - Checking 686438
2026-07-27 15:39:36.296 | INFO     | api:get_file:84 - Loading File 126ae47a-9248-8834-9ea4-15b54e88d40a
2026-07-27 15:39:36.520 | SUCCESS  | monitor:scan:235 - Changed : 686438
2026-07-27 15:39:36.528 | INFO     | storage:add_property:113 - Added Property 686438
2026-07-27 15:39:36.532 | SUCCESS  | storage:save_day:81 - 1405-04-01.json Saved
2026-07-27 15:39:36.533 | INFO     | state_manager:save:61 - State Saved
2026-07-27 15:39:36.534 | INFO     | monitor:scan:197 - Checking 685823
2026-07-27 15:39:36.534 | INFO     | api:get_file:84 - Loading File 126ae410-1b1e-7282-c896-94232419b4e3
2026-07-27 15:39:36.747 | SUCCESS  | monitor:scan:235 - Changed : 685823
2026-07-27 15:39:36.756 | INFO     | storage:add_property:113 - Added Property 685823
2026-07-27 15:39:36.759 | SUCCESS  | storage:save_day:81 - 1405-04-01.json Saved
2026-07-27 15:39:36.761 | INFO     | state_manager:save:61 - State Saved
2026-07-27 15:39:36.761 | INFO     | monitor:scan:197 - Checking 759203
2026-07-27 15:39:36.761 | INFO     | api:get_file:84 - Loading File 126d4b1f-6404-13e3-f67b-6bbeb7f46d40
2026-07-27 15:39:36.980 | SUCCESS  | monitor:scan:235 - Changed : 759203
2026-07-27 15:39:36.982 | INFO     | storage:add_property:113 - Added Property 759203
2026-07-27 15:39:36.983 | SUCCESS  | storage:save_day:81 - 1405-03-31.json Saved
2026-07-27 15:39:36.988 | INFO     | state_manager:save:61 - State Saved
2026-07-27 15:39:36.988 | INFO     | monitor:scan:197 - Checking 759202
2026-07-27 15:39:36.988 | INFO     | api:get_file:84 - Loading File 126d4b1f-1db9-2cb7-eff9-a3d3bdd2134c
2026-07-27 15:39:37.383 | SUCCESS  | monitor:scan:235 - Changed : 759202
2026-07-27 15:39:37.392 | INFO     | storage:add_property:113 - Added Property 759202
2026-07-27 15:39:37.393 | SUCCESS  | storage:save_day:81 - 1405-03-31.json Saved
2026-07-27 15:39:37.394 | INFO     | state_manager:save:61 - State Saved
2026-07-27 15:39:37.394 | INFO     | monitor:scan:197 - Checking 759197
2026-07-27 15:39:37.394 | INFO     | api:get_file:84 - Loading File 126d4b11-0c0e-2ebd-bc9c-2da2978c1147
2026-07-27 15:39:37.780 | SUCCESS  | monitor:scan:235 - Changed : 759197
2026-07-27 15:39:37.798 | INFO     | storage:add_property:113 - Added Property 759197
2026-07-27 15:39:37.799 | SUCCESS  | storage:save_day:81 - 1405-03-31.json Saved
2026-07-27 15:39:37.800 | INFO     | state_manager:save:61 - State Saved
2026-07-27 15:39:37.801 | INFO     | monitor:scan:197 - Checking 759192
2026-07-27 15:39:37.801 | INFO     | api:get_file:84 - Loading File 126d4b1f-3197-54bc-827f-a73a1e1d4443
2026-07-27 15:39:38.187 | SUCCESS  | monitor:scan:235 - Changed : 759192
2026-07-27 15:39:38.202 | INFO     | storage:add_property:113 - Added Property 759192
2026-07-27 15:39:38.204 | SUCCESS  | storage:save_day:81 - 1405-03-31.json Saved
2026-07-27 15:39:38.205 | INFO     | state_manager:save:61 - State Saved
2026-07-27 15:39:38.205 | INFO     | monitor:scan:197 - Checking 759190
2026-07-27 15:39:38.205 | INFO     | api:get_file:84 - Loading File 126d4b1f-1554-5bcf-e2ba-1b37dffb8e4a
2026-07-27 15:39:38.589 | SUCCESS  | monitor:scan:235 - Changed : 759190
2026-07-27 15:39:38.602 | INFO     | storage:add_property:113 - Added Property 759190
2026-07-27 15:39:38.603 | SUCCESS  | storage:save_day:81 - 1405-03-31.json Saved
2026-07-27 15:39:38.604 | INFO     | state_manager:save:61 - State Saved
2026-07-27 15:39:38.604 | INFO     | monitor:scan:197 - Checking 759189
2026-07-27 15:39:38.605 | INFO     | api:get_file:84 - Loading File 1b0a45f6-02b3-8638-fe9b-49075638d747
2026-07-27 15:39:38.827 | SUCCESS  | monitor:scan:235 - Changed : 759189
2026-07-27 15:39:38.840 | INFO     | storage:add_property:113 - Added Property 759189
2026-07-27 15:39:38.841 | SUCCESS  | storage:save_day:81 - 1405-03-31.json Saved
2026-07-27 15:39:38.843 | INFO     | state_manager:save:61 - State Saved
2026-07-27 15:39:38.844 | INFO     | monitor:scan:197 - Checking 759187
2026-07-27 15:39:38.844 | INFO     | api:get_file:84 - Loading File 126d4b1f-8f2c-5815-7e2b-7b7537bf1d46
2026-07-27 15:39:39.067 | SUCCESS  | monitor:scan:235 - Changed : 759187
2026-07-27 15:39:39.081 | INFO     | storage:add_property:113 - Added Property 759187
2026-07-27 15:39:39.082 | SUCCESS  | storage:save_day:81 - 1405-03-31.json Saved
2026-07-27 15:39:39.083 | INFO     | state_manager:save:61 - State Saved
2026-07-27 15:39:39.083 | INFO     | monitor:scan:197 - Checking 759184
2026-07-27 15:39:39.083 | INFO     | api:get_file:84 - Loading File 1b0a45f6-0187-52ef-077f-c607a99f4248
2026-07-27 15:39:39.303 | SUCCESS  | monitor:scan:235 - Changed : 759184
2026-07-27 15:39:39.316 | INFO     | storage:add_property:113 - Added Property 759184
2026-07-27 15:39:39.318 | SUCCESS  | storage:save_day:81 - 1405-03-31.json Saved
2026-07-27 15:39:39.319 | INFO     | state_manager:save:61 - State Saved
2026-07-27 15:39:39.319 | INFO     | monitor:scan:197 - Checking 759183
2026-07-27 15:39:39.320 | INFO     | api:get_file:84 - Loading File 126d4b1f-0f97-8151-a640-16e486718a4b
2026-07-27 15:39:39.542 | SUCCESS  | monitor:scan:235 - Changed : 759183
2026-07-27 15:39:39.556 | INFO     | storage:add_property:113 - Added Property 759183
2026-07-27 15:39:39.558 | SUCCESS  | storage:save_day:81 - 1405-03-31.json Saved
2026-07-27 15:39:39.559 | INFO     | state_manager:save:61 - State Saved
2026-07-27 15:39:39.560 | INFO     | monitor:scan:197 - Checking 759177
2026-07-27 15:39:39.560 | INFO     | api:get_file:84 - Loading File 126d4b1f-60b4-5cbe-2ac4-9ce2de1cbd41
2026-07-27 15:39:40.004 | SUCCESS  | monitor:scan:235 - Changed : 759177
2026-07-27 15:39:40.013 | INFO     | storage:add_property:113 - Added Property 759177
2026-07-27 15:39:40.016 | SUCCESS  | storage:save_day:81 - 1405-03-31.json Saved
2026-07-27 15:39:40.017 | INFO     | state_manager:save:61 - State Saved
2026-07-27 15:39:40.017 | INFO     | monitor:scan:197 - Checking 759175
2026-07-27 15:39:40.017 | INFO     | api:get_file:84 - Loading File 126d4b1f-18a2-36a7-a4cb-f56ecfbf14cf
2026-07-27 15:39:40.237 | SUCCESS  | monitor:scan:235 - Changed : 759175
2026-07-27 15:39:40.244 | INFO     | storage:add_property:113 - Added Property 759175
2026-07-27 15:39:40.245 | SUCCESS  | storage:save_day:81 - 1405-03-31.json Saved
2026-07-27 15:39:40.246 | INFO     | state_manager:save:61 - State Saved
2026-07-27 15:39:40.247 | INFO     | monitor:scan:197 - Checking 759173
2026-07-27 15:39:40.247 | INFO     | api:get_file:84 - Loading File 126d4b1f-6b40-7e40-dc20-63caa8844041
2026-07-27 15:39:40.499 | SUCCESS  | monitor:scan:235 - Changed : 759173
2026-07-27 15:39:40.507 | INFO     | storage:add_property:113 - Added Property 759173
2026-07-27 15:39:40.508 | SUCCESS  | storage:save_day:81 - 1405-03-31.json Saved
2026-07-27 15:39:40.510 | INFO     | state_manager:save:61 - State Saved
2026-07-27 15:39:40.510 | INFO     | monitor:scan:197 - Checking 759172
2026-07-27 15:39:40.510 | INFO     | api:get_file:84 - Loading File 126d4b1f-1638-5d1a-0d64-1d696542514c
2026-07-27 15:39:40.728 | SUCCESS  | monitor:scan:235 - Changed : 759172
2026-07-27 15:39:40.734 | INFO     | storage:add_property:113 - Added Property 759172
2026-07-27 15:39:40.736 | SUCCESS  | storage:save_day:81 - 1405-03-31.json Saved
2026-07-27 15:39:40.738 | INFO     | state_manager:save:61 - State Saved
2026-07-27 15:39:40.738 | INFO     | monitor:scan:197 - Checking 759169
2026-07-27 15:39:40.738 | INFO     | api:get_file:84 - Loading File 126d4b0f-dafe-6832-4410-9ce716f34f45
2026-07-27 15:39:40.955 | SUCCESS  | monitor:scan:235 - Changed : 759169
2026-07-27 15:39:40.966 | INFO     | storage:add_property:113 - Added Property 759169
2026-07-27 15:39:40.968 | SUCCESS  | storage:save_day:81 - 1405-03-31.json Saved
2026-07-27 15:39:40.969 | INFO     | state_manager:save:61 - State Saved
2026-07-27 15:39:40.969 | INFO     | monitor:scan:197 - Checking 759168
2026-07-27 15:39:40.970 | INFO     | api:get_file:84 - Loading File 126d4b1f-6760-177e-e2f8-756638dc7847
2026-07-27 15:39:41.365 | SUCCESS  | monitor:scan:235 - Changed : 759168
2026-07-27 15:39:41.374 | INFO     | storage:add_property:113 - Added Property 759168
2026-07-27 15:39:41.376 | SUCCESS  | storage:save_day:81 - 1405-03-31.json Saved
2026-07-27 15:39:41.378 | INFO     | state_manager:save:61 - State Saved
2026-07-27 15:39:41.378 | INFO     | monitor:scan:197 - Checking 759167
2026-07-27 15:39:41.378 | INFO     | api:get_file:84 - Loading File 126d4b1f-3575-2ebd-34d1-97122348ba46
2026-07-27 15:39:41.768 | SUCCESS  | monitor:scan:235 - Changed : 759167
2026-07-27 15:39:41.776 | INFO     | storage:add_property:113 - Added Property 759167
2026-07-27 15:39:41.778 | SUCCESS  | storage:save_day:81 - 1405-03-31.json Saved
2026-07-27 15:39:41.779 | INFO     | state_manager:save:61 - State Saved
2026-07-27 15:39:41.779 | INFO     | monitor:scan:197 - Checking 759166
2026-07-27 15:39:41.779 | INFO     | api:get_file:84 - Loading File 126d4b11-28aa-8815-4b25-11a761dd244f
2026-07-27 15:39:42.176 | SUCCESS  | monitor:scan:235 - Changed : 759166
2026-07-27 15:39:42.189 | INFO     | storage:add_property:113 - Added Property 759166
2026-07-27 15:39:42.191 | SUCCESS  | storage:save_day:81 - 1405-03-31.json Saved
2026-07-27 15:39:42.192 | INFO     | state_manager:save:61 - State Saved
2026-07-27 15:39:42.193 | INFO     | monitor:scan:197 - Checking 759164
2026-07-27 15:39:42.193 | INFO     | api:get_file:84 - Loading File 126d4b11-2522-7626-f204-87ed9736b049
2026-07-27 15:39:42.595 | SUCCESS  | monitor:scan:235 - Changed : 759164
2026-07-27 15:39:42.611 | INFO     | storage:add_property:113 - Added Property 759164
2026-07-27 15:39:42.613 | SUCCESS  | storage:save_day:81 - 1405-03-31.json Saved
2026-07-27 15:39:42.615 | INFO     | state_manager:save:61 - State Saved
2026-07-27 15:39:42.615 | INFO     | monitor:scan:197 - Checking 759162
2026-07-27 15:39:42.615 | INFO     | api:get_file:84 - Loading File 126d4b1f-6781-11d5-87b8-1253516d3c43
2026-07-27 15:39:42.837 | SUCCESS  | monitor:scan:235 - Changed : 759162
2026-07-27 15:39:42.849 | INFO     | storage:add_property:113 - Added Property 759162
2026-07-27 15:39:42.851 | SUCCESS  | storage:save_day:81 - 1405-03-31.json Saved
2026-07-27 15:39:42.853 | INFO     | state_manager:save:61 - State Saved
2026-07-27 15:39:42.853 | INFO     | monitor:scan:197 - Checking 759161
2026-07-27 15:39:42.853 | INFO     | api:get_file:84 - Loading File 126d4b10-6524-738c-9a39-0337e43e0842
2026-07-27 15:39:43.253 | SUCCESS  | monitor:scan:235 - Changed : 759161
2026-07-27 15:39:43.265 | INFO     | storage:add_property:113 - Added Property 759161
2026-07-27 15:39:43.268 | SUCCESS  | storage:save_day:81 - 1405-03-31.json Saved
2026-07-27 15:39:43.269 | INFO     | state_manager:save:61 - State Saved
2026-07-27 15:39:43.270 | INFO     | monitor:scan:197 - Checking 759159
2026-07-27 15:39:43.270 | INFO     | api:get_file:84 - Loading File 1b0a45f6-00ae-07a9-aefb-32e1aa2e3949
2026-07-27 15:39:43.488 | SUCCESS  | monitor:scan:235 - Changed : 759159
2026-07-27 15:39:43.497 | INFO     | storage:add_property:113 - Added Property 759159
2026-07-27 15:39:43.500 | SUCCESS  | storage:save_day:81 - 1405-03-31.json Saved
2026-07-27 15:39:43.501 | INFO     | state_manager:save:61 - State Saved
2026-07-27 15:39:43.501 | INFO     | monitor:scan:197 - Checking 759157
2026-07-27 15:39:43.501 | INFO     | api:get_file:84 - Loading File 126d4b1f-4306-9821-941a-6e7e4b533342
2026-07-27 15:39:43.899 | SUCCESS  | monitor:scan:235 - Changed : 759157
2026-07-27 15:39:43.913 | INFO     | storage:add_property:113 - Added Property 759157
2026-07-27 15:39:43.916 | SUCCESS  | storage:save_day:81 - 1405-03-31.json Saved
2026-07-27 15:39:43.917 | INFO     | state_manager:save:61 - State Saved
2026-07-27 15:39:43.917 | INFO     | monitor:scan:197 - Checking 759155
2026-07-27 15:39:43.917 | INFO     | api:get_file:84 - Loading File 126d4b1f-131f-8895-9cb0-746715333c45
2026-07-27 15:39:44.364 | SUCCESS  | monitor:scan:235 - Changed : 759155
2026-07-27 15:39:44.376 | INFO     | storage:add_property:113 - Added Property 759155
2026-07-27 15:39:44.378 | SUCCESS  | storage:save_day:81 - 1405-03-31.json Saved
2026-07-27 15:39:44.380 | INFO     | state_manager:save:61 - State Saved
2026-07-27 15:39:44.380 | INFO     | monitor:scan:197 - Checking 759145
2026-07-27 15:39:44.380 | INFO     | api:get_file:84 - Loading File 126d4b1e-ebac-7dd7-35f1-653fa58c9641
2026-07-27 15:39:44.774 | SUCCESS  | monitor:scan:235 - Changed : 759145
2026-07-27 15:39:44.788 | INFO     | storage:add_property:113 - Added Property 759145
2026-07-27 15:39:44.790 | SUCCESS  | storage:save_day:81 - 1405-03-31.json Saved
2026-07-27 15:39:44.792 | INFO     | state_manager:save:61 - State Saved
2026-07-27 15:39:44.792 | INFO     | monitor:scan:197 - Checking 758430
2026-07-27 15:39:44.792 | INFO     | api:get_file:84 - Loading File 126d4a86-7f5b-28e8-5ddc-5d15d216e441
2026-07-27 15:39:45.185 | SUCCESS  | monitor:scan:235 - Changed : 758430
2026-07-27 15:39:45.193 | INFO     | storage:add_property:113 - Added Property 758430
2026-07-27 15:39:45.196 | SUCCESS  | storage:save_day:81 - 1405-03-31.json Saved
2026-07-27 15:39:45.198 | INFO     | state_manager:save:61 - State Saved
2026-07-27 15:39:45.198 | INFO     | monitor:scan:197 - Checking 743353
2026-07-27 15:39:45.198 | INFO     | api:get_file:84 - Loading File 126d3e6e-2d8e-293a-3305-900e7954964c
2026-07-27 15:39:45.581 | SUCCESS  | monitor:scan:235 - Changed : 743353
2026-07-27 15:39:45.591 | INFO     | storage:add_property:113 - Added Property 743353
2026-07-27 15:39:45.594 | SUCCESS  | storage:save_day:81 - 1405-03-31.json Saved
2026-07-27 15:39:45.596 | INFO     | state_manager:save:61 - State Saved
2026-07-27 15:39:45.596 | INFO     | monitor:scan:197 - Checking 742904
2026-07-27 15:39:45.596 | INFO     | api:get_file:84 - Loading File 1b0a45f6-0d2f-9d75-aea6-6bc42591f442
2026-07-27 15:39:45.990 | SUCCESS  | monitor:scan:235 - Changed : 742904
2026-07-27 15:39:46.000 | INFO     | storage:add_property:113 - Added Property 742904
2026-07-27 15:39:46.003 | SUCCESS  | storage:save_day:81 - 1405-03-31.json Saved
2026-07-27 15:39:46.004 | INFO     | state_manager:save:61 - State Saved
2026-07-27 15:39:46.004 | INFO     | monitor:scan:197 - Checking 720599
2026-07-27 15:39:46.004 | INFO     | api:get_file:84 - Loading File 126d2d7f-5710-6e76-7d2c-7621ce994e4d
2026-07-27 15:39:46.216 | SUCCESS  | monitor:scan:235 - Changed : 720599
2026-07-27 15:39:46.224 | INFO     | storage:add_property:113 - Added Property 720599
2026-07-27 15:39:46.227 | SUCCESS  | storage:save_day:81 - 1405-03-31.json Saved
2026-07-27 15:39:46.228 | INFO     | state_manager:save:61 - State Saved
2026-07-27 15:39:46.229 | INFO     | monitor:scan:197 - Checking 699664
2026-07-27 15:39:46.229 | INFO     | api:get_file:84 - Loading File 126b02e1-c83d-9134-7c64-37443fb79641
2026-07-27 15:39:46.443 | SUCCESS  | monitor:scan:235 - Changed : 699664
2026-07-27 15:39:46.450 | INFO     | storage:add_property:113 - Added Property 699664
2026-07-27 15:39:46.453 | SUCCESS  | storage:save_day:81 - 1405-03-31.json Saved
2026-07-27 15:39:46.455 | INFO     | state_manager:save:61 - State Saved
2026-07-27 15:39:46.455 | INFO     | monitor:scan:197 - Checking 699051
2026-07-27 15:39:46.455 | INFO     | api:get_file:84 - Loading File 126b0285-5ade-3807-9008-6b95c88494d1
2026-07-27 15:39:46.674 | SUCCESS  | monitor:scan:235 - Changed : 699051
2026-07-27 15:39:46.684 | INFO     | storage:add_property:113 - Added Property 699051
2026-07-27 15:39:46.687 | SUCCESS  | storage:save_day:81 - 1405-03-31.json Saved
2026-07-27 15:39:46.688 | INFO     | state_manager:save:61 - State Saved
2026-07-27 15:39:46.689 | INFO     | monitor:scan:197 - Checking 696963
2026-07-27 15:39:46.689 | INFO     | api:get_file:84 - Loading File 1b0a45f6-0745-c397-b281-18eec09ca94d
2026-07-27 15:39:46.914 | SUCCESS  | monitor:scan:235 - Changed : 696963
2026-07-27 15:39:46.931 | INFO     | storage:add_property:113 - Added Property 696963
2026-07-27 15:39:46.934 | SUCCESS  | storage:save_day:81 - 1405-03-31.json Saved
2026-07-27 15:39:46.936 | INFO     | state_manager:save:61 - State Saved
2026-07-27 15:39:46.936 | INFO     | monitor:scan:197 - Checking 686489
2026-07-27 15:39:46.936 | INFO     | api:get_file:84 - Loading File 1b0a45f6-12c6-107d-4179-065ad76f6d45
2026-07-27 15:39:47.156 | SUCCESS  | monitor:scan:235 - Changed : 686489
2026-07-27 15:39:47.169 | INFO     | storage:add_property:113 - Added Property 686489
2026-07-27 15:39:47.172 | SUCCESS  | storage:save_day:81 - 1405-03-31.json Saved
2026-07-27 15:39:47.174 | INFO     | state_manager:save:61 - State Saved
2026-07-27 15:39:47.174 | INFO     | monitor:scan:197 - Checking 684518
2026-07-27 15:39:47.174 | INFO     | api:get_file:84 - Loading File 1b0a45f6-1284-b1d3-d502-3929b7d3ae43
2026-07-27 15:39:47.560 | SUCCESS  | monitor:scan:235 - Changed : 684518
2026-07-27 15:39:47.574 | INFO     | storage:add_property:113 - Added Property 684518
2026-07-27 15:39:47.577 | SUCCESS  | storage:save_day:81 - 1405-03-31.json Saved
2026-07-27 15:39:47.578 | INFO     | state_manager:save:61 - State Saved
2026-07-27 15:39:47.579 | INFO     | monitor:scan:197 - Checking 683547
2026-07-27 15:39:47.579 | INFO     | api:get_file:84 - Loading File 1b0a45f6-06f7-e464-2916-6fac7b94304f
2026-07-27 15:39:47.801 | SUCCESS  | monitor:scan:235 - Changed : 683547
2026-07-27 15:39:47.816 | INFO     | storage:add_property:113 - Added Property 683547
2026-07-27 15:39:47.820 | SUCCESS  | storage:save_day:81 - 1405-03-31.json Saved
2026-07-27 15:39:47.822 | INFO     | state_manager:save:61 - State Saved
2026-07-27 15:39:47.822 | INFO     | monitor:scan:197 - Checking 759109
2026-07-27 15:39:47.823 | INFO     | api:get_file:84 - Loading File 126d4b10-4d64-4264-a906-444fd7ac1241
2026-07-27 15:39:48.234 | SUCCESS  | monitor:scan:235 - Changed : 759109
2026-07-27 15:39:48.235 | INFO     | storage:add_property:113 - Added Property 759109
2026-07-27 15:39:48.236 | SUCCESS  | storage:save_day:81 - 1405-03-30.json Saved
2026-07-27 15:39:48.238 | INFO     | state_manager:save:61 - State Saved
2026-07-27 15:39:48.238 | INFO     | monitor:scan:197 - Checking 759107
2026-07-27 15:39:48.238 | INFO     | api:get_file:84 - Loading File 126d4b10-66d9-9774-5767-9e70bf89544b
2026-07-27 15:39:48.623 | SUCCESS  | monitor:scan:235 - Changed : 759107
2026-07-27 15:39:48.638 | INFO     | storage:add_property:113 - Added Property 759107
2026-07-27 15:39:48.639 | SUCCESS  | storage:save_day:81 - 1405-03-30.json Saved
2026-07-27 15:39:48.642 | INFO     | state_manager:save:61 - State Saved
2026-07-27 15:39:48.642 | INFO     | monitor:scan:197 - Checking 759104
2026-07-27 15:39:48.642 | INFO     | api:get_file:84 - Loading File 126d4ae3-1d19-7639-1b10-8dc719f32b4e
2026-07-27 15:39:48.864 | SUCCESS  | monitor:scan:235 - Changed : 759104
2026-07-27 15:39:48.871 | INFO     | storage:add_property:113 - Added Property 759104
2026-07-27 15:39:48.872 | SUCCESS  | storage:save_day:81 - 1405-03-30.json Saved
2026-07-27 15:39:48.874 | INFO     | state_manager:save:61 - State Saved
2026-07-27 15:39:48.874 | INFO     | monitor:scan:197 - Checking 759101
2026-07-27 15:39:48.874 | INFO     | api:get_file:84 - Loading File 1b0a45f6-0d06-fb07-6810-f707e9814d42
2026-07-27 15:39:49.077 | SUCCESS  | monitor:scan:235 - Changed : 759101
2026-07-27 15:39:49.090 | INFO     | storage:add_property:113 - Added Property 759101
2026-07-27 15:39:49.091 | SUCCESS  | storage:save_day:81 - 1405-03-30.json Saved
2026-07-27 15:39:49.093 | INFO     | state_manager:save:61 - State Saved
2026-07-27 15:39:49.093 | INFO     | monitor:scan:197 - Checking 759095
2026-07-27 15:39:49.093 | INFO     | api:get_file:84 - Loading File 126d4b0f-eca8-7240-3710-b67d220d3e4e
2026-07-27 15:39:49.482 | SUCCESS  | monitor:scan:235 - Changed : 759095
2026-07-27 15:39:49.493 | INFO     | storage:add_property:113 - Added Property 759095
2026-07-27 15:39:49.495 | SUCCESS  | storage:save_day:81 - 1405-03-30.json Saved
2026-07-27 15:39:49.496 | INFO     | state_manager:save:61 - State Saved
2026-07-27 15:39:49.497 | INFO     | monitor:scan:197 - Checking 759094
2026-07-27 15:39:49.497 | INFO     | api:get_file:84 - Loading File 126d4b10-22df-7290-eac4-da4279bf1749
2026-07-27 15:39:49.883 | SUCCESS  | monitor:scan:235 - Changed : 759094
2026-07-27 15:39:49.898 | INFO     | storage:add_property:113 - Added Property 759094
2026-07-27 15:39:49.900 | SUCCESS  | storage:save_day:81 - 1405-03-30.json Saved
2026-07-27 15:39:49.901 | INFO     | state_manager:save:61 - State Saved
2026-07-27 15:39:49.902 | INFO     | monitor:scan:197 - Checking 759093
2026-07-27 15:39:49.902 | INFO     | api:get_file:84 - Loading File 126d4b10-1f3b-2a07-91c3-052e61bbca48
2026-07-27 15:39:50.298 | SUCCESS  | monitor:scan:235 - Changed : 759093
2026-07-27 15:39:50.305 | INFO     | storage:add_property:113 - Added Property 759093
2026-07-27 15:39:50.306 | SUCCESS  | storage:save_day:81 - 1405-03-30.json Saved
2026-07-27 15:39:50.308 | INFO     | state_manager:save:61 - State Saved
2026-07-27 15:39:50.308 | INFO     | monitor:scan:197 - Checking 759091
2026-07-27 15:39:50.308 | INFO     | api:get_file:84 - Loading File 126d4b10-4807-7c29-c1a2-224109a55943
2026-07-27 15:39:50.526 | SUCCESS  | monitor:scan:235 - Changed : 759091
2026-07-27 15:39:50.539 | INFO     | storage:add_property:113 - Added Property 759091
2026-07-27 15:39:50.540 | SUCCESS  | storage:save_day:81 - 1405-03-30.json Saved
2026-07-27 15:39:50.542 | INFO     | state_manager:save:61 - State Saved
2026-07-27 15:39:50.542 | INFO     | monitor:scan:125 - Loading Page 10
2026-07-27 15:39:50.542 | INFO     | api:get_files:60 - Loading Page 10
2026-07-27 15:39:54.091 | INFO     | monitor:scan:197 - Checking 759088
2026-07-27 15:39:54.092 | INFO     | api:get_file:84 - Loading File 126d4ae3-37f7-3287-3e57-40c4a872414c
2026-07-27 15:39:54.317 | SUCCESS  | monitor:scan:235 - Changed : 759088
2026-07-27 15:39:54.330 | INFO     | storage:add_property:113 - Added Property 759088
2026-07-27 15:39:54.332 | SUCCESS  | storage:save_day:81 - 1405-03-30.json Saved
2026-07-27 15:39:54.334 | INFO     | state_manager:save:61 - State Saved
2026-07-27 15:39:54.334 | INFO     | monitor:scan:197 - Checking 759083
2026-07-27 15:39:54.334 | INFO     | api:get_file:84 - Loading File 126d4ae2-5e08-4534-fc47-b8f55b29b340
2026-07-27 15:39:54.549 | SUCCESS  | monitor:scan:235 - Changed : 759083
2026-07-27 15:39:54.560 | INFO     | storage:add_property:113 - Added Property 759083
2026-07-27 15:39:54.561 | SUCCESS  | storage:save_day:81 - 1405-03-30.json Saved
2026-07-27 15:39:54.563 | INFO     | state_manager:save:61 - State Saved
2026-07-27 15:39:54.564 | INFO     | monitor:scan:197 - Checking 759082
2026-07-27 15:39:54.564 | INFO     | api:get_file:84 - Loading File 126d4b10-1d7a-abcb-7ebe-e37ed93184ee
2026-07-27 15:39:54.786 | SUCCESS  | monitor:scan:235 - Changed : 759082
2026-07-27 15:39:54.800 | INFO     | storage:add_property:113 - Added Property 759082
2026-07-27 15:39:54.801 | SUCCESS  | storage:save_day:81 - 1405-03-30.json Saved
2026-07-27 15:39:54.803 | INFO     | state_manager:save:61 - State Saved
2026-07-27 15:39:54.803 | INFO     | monitor:scan:197 - Checking 759080
2026-07-27 15:39:54.803 | INFO     | api:get_file:84 - Loading File 1b0a45f6-12d8-76d3-a363-bd1b1928a04b
2026-07-27 15:39:55.020 | SUCCESS  | monitor:scan:235 - Changed : 759080
2026-07-27 15:39:55.033 | INFO     | storage:add_property:113 - Added Property 759080
2026-07-27 15:39:55.034 | SUCCESS  | storage:save_day:81 - 1405-03-30.json Saved
2026-07-27 15:39:55.036 | INFO     | state_manager:save:61 - State Saved
2026-07-27 15:39:55.036 | INFO     | monitor:scan:197 - Checking 759079
2026-07-27 15:39:55.036 | INFO     | api:get_file:84 - Loading File 126d4af2-60cd-9032-bdf4-766751241b45
2026-07-27 15:39:55.258 | SUCCESS  | monitor:scan:235 - Changed : 759079
2026-07-27 15:39:55.267 | INFO     | storage:add_property:113 - Added Property 759079
2026-07-27 15:39:55.269 | SUCCESS  | storage:save_day:81 - 1405-03-30.json Saved
2026-07-27 15:39:55.270 | INFO     | state_manager:save:61 - State Saved
2026-07-27 15:39:55.271 | INFO     | monitor:scan:197 - Checking 759078
2026-07-27 15:39:55.271 | INFO     | api:get_file:84 - Loading File 126d4af1-7d27-8a56-439d-9aedc62bf34b
2026-07-27 15:39:55.480 | SUCCESS  | monitor:scan:235 - Changed : 759078
2026-07-27 15:39:55.488 | INFO     | storage:add_property:113 - Added Property 759078
2026-07-27 15:39:55.490 | SUCCESS  | storage:save_day:81 - 1405-03-30.json Saved
2026-07-27 15:39:55.492 | INFO     | state_manager:save:61 - State Saved
2026-07-27 15:39:55.492 | INFO     | monitor:scan:197 - Checking 759073
2026-07-27 15:39:55.492 | INFO     | api:get_file:84 - Loading File 126d4b10-1d71-67bc-3368-7534c010a347
2026-07-27 15:39:55.874 | SUCCESS  | monitor:scan:235 - Changed : 759073
2026-07-27 15:39:55.885 | INFO     | storage:add_property:113 - Added Property 759073
2026-07-27 15:39:55.887 | SUCCESS  | storage:save_day:81 - 1405-03-30.json Saved
2026-07-27 15:39:55.889 | INFO     | state_manager:save:61 - State Saved
2026-07-27 15:39:55.889 | INFO     | monitor:scan:197 - Checking 759070
2026-07-27 15:39:55.889 | INFO     | api:get_file:84 - Loading File 126d4b10-4c58-8ce3-7420-ec1764fb0043
2026-07-27 15:39:56.114 | SUCCESS  | monitor:scan:235 - Changed : 759070
2026-07-27 15:39:56.127 | INFO     | storage:add_property:113 - Added Property 759070
2026-07-27 15:39:56.129 | SUCCESS  | storage:save_day:81 - 1405-03-30.json Saved
2026-07-27 15:39:56.131 | INFO     | state_manager:save:61 - State Saved
2026-07-27 15:39:56.132 | INFO     | monitor:scan:197 - Checking 759067
2026-07-27 15:39:56.132 | INFO     | api:get_file:84 - Loading File 126d4af2-8d01-3320-47f9-29ecf9ac664a
2026-07-27 15:39:56.348 | SUCCESS  | monitor:scan:235 - Changed : 759067
2026-07-27 15:39:56.365 | INFO     | storage:add_property:113 - Added Property 759067
2026-07-27 15:39:56.367 | SUCCESS  | storage:save_day:81 - 1405-03-30.json Saved
2026-07-27 15:39:56.369 | INFO     | state_manager:save:61 - State Saved
2026-07-27 15:39:56.369 | INFO     | monitor:scan:197 - Checking 759066
2026-07-27 15:39:56.369 | INFO     | api:get_file:84 - Loading File 1b0a45f6-0499-45cf-260a-ccb289c02448
2026-07-27 15:39:56.814 | SUCCESS  | monitor:scan:235 - Changed : 759066
2026-07-27 15:39:56.830 | INFO     | storage:add_property:113 - Added Property 759066
2026-07-27 15:39:56.832 | SUCCESS  | storage:save_day:81 - 1405-03-30.json Saved
2026-07-27 15:39:56.834 | INFO     | state_manager:save:61 - State Saved
2026-07-27 15:39:56.834 | INFO     | monitor:scan:197 - Checking 759061
2026-07-27 15:39:56.835 | INFO     | api:get_file:84 - Loading File 1b0a45f6-0da6-4323-4938-2053ccca2c4f
2026-07-27 15:39:57.082 | SUCCESS  | monitor:scan:235 - Changed : 759061
2026-07-27 15:39:57.095 | INFO     | storage:add_property:113 - Added Property 759061
2026-07-27 15:39:57.097 | SUCCESS  | storage:save_day:81 - 1405-03-30.json Saved
2026-07-27 15:39:57.099 | INFO     | state_manager:save:61 - State Saved
2026-07-27 15:39:57.099 | INFO     | monitor:scan:197 - Checking 759053
2026-07-27 15:39:57.099 | INFO     | api:get_file:84 - Loading File 126d4b10-219a-417f-9989-2994d172dd4a
2026-07-27 15:39:57.491 | SUCCESS  | monitor:scan:235 - Changed : 759053
2026-07-27 15:39:57.508 | INFO     | storage:add_property:113 - Added Property 759053
2026-07-27 15:39:57.511 | SUCCESS  | storage:save_day:81 - 1405-03-30.json Saved
2026-07-27 15:39:57.513 | INFO     | state_manager:save:61 - State Saved
2026-07-27 15:39:57.513 | INFO     | monitor:scan:197 - Checking 759052
2026-07-27 15:39:57.513 | INFO     | api:get_file:84 - Loading File 126d4af1-6df0-5ca8-1d13-a4b79fb6db45
2026-07-27 15:39:57.909 | SUCCESS  | monitor:scan:235 - Changed : 759052
2026-07-27 15:39:57.920 | INFO     | storage:add_property:113 - Added Property 759052
2026-07-27 15:39:57.923 | SUCCESS  | storage:save_day:81 - 1405-03-30.json Saved
2026-07-27 15:39:57.925 | INFO     | state_manager:save:61 - State Saved
2026-07-27 15:39:57.925 | INFO     | monitor:scan:197 - Checking 759046
2026-07-27 15:39:57.925 | INFO     | api:get_file:84 - Loading File 126d4b10-2665-83a0-6ed3-d358901ca746
2026-07-27 15:39:58.316 | SUCCESS  | monitor:scan:235 - Changed : 759046
2026-07-27 15:39:58.326 | INFO     | storage:add_property:113 - Added Property 759046
2026-07-27 15:39:58.329 | SUCCESS  | storage:save_day:81 - 1405-03-30.json Saved
2026-07-27 15:39:58.331 | INFO     | state_manager:save:61 - State Saved
2026-07-27 15:39:58.331 | INFO     | monitor:scan:197 - Checking 759044
2026-07-27 15:39:58.331 | INFO     | api:get_file:84 - Loading File 126d4b10-45a8-1055-c683-2854847c554e
2026-07-27 15:39:58.727 | SUCCESS  | monitor:scan:235 - Changed : 759044
2026-07-27 15:39:58.740 | INFO     | storage:add_property:113 - Added Property 759044
2026-07-27 15:39:58.743 | SUCCESS  | storage:save_day:81 - 1405-03-30.json Saved
2026-07-27 15:39:58.745 | INFO     | state_manager:save:61 - State Saved
2026-07-27 15:39:58.745 | INFO     | monitor:scan:197 - Checking 759043
2026-07-27 15:39:58.745 | INFO     | api:get_file:84 - Loading File 1b0a45f6-180e-9ae4-b217-0aee23f1a648
2026-07-27 15:39:59.129 | SUCCESS  | monitor:scan:235 - Changed : 759043
2026-07-27 15:39:59.138 | INFO     | storage:add_property:113 - Added Property 759043
2026-07-27 15:39:59.141 | SUCCESS  | storage:save_day:81 - 1405-03-30.json Saved
2026-07-27 15:39:59.143 | INFO     | state_manager:save:61 - State Saved
2026-07-27 15:39:59.144 | INFO     | monitor:scan:197 - Checking 759040
2026-07-27 15:39:59.144 | INFO     | api:get_file:84 - Loading File 126d4af1-6f30-9646-b48e-c8d8dbfcc645
2026-07-27 15:39:59.352 | SUCCESS  | monitor:scan:235 - Changed : 759040
2026-07-27 15:39:59.362 | INFO     | storage:add_property:113 - Added Property 759040
2026-07-27 15:39:59.365 | SUCCESS  | storage:save_day:81 - 1405-03-30.json Saved
2026-07-27 15:39:59.367 | INFO     | state_manager:save:61 - State Saved
2026-07-27 15:39:59.367 | INFO     | monitor:scan:197 - Checking 759038
2026-07-27 15:39:59.367 | INFO     | api:get_file:84 - Loading File 126d4ae3-49ee-9281-2149-a41e5a913040
2026-07-27 15:39:59.760 | SUCCESS  | monitor:scan:235 - Changed : 759038
2026-07-27 15:39:59.770 | INFO     | storage:add_property:113 - Added Property 759038
2026-07-27 15:39:59.773 | SUCCESS  | storage:save_day:81 - 1405-03-30.json Saved
2026-07-27 15:39:59.775 | INFO     | state_manager:save:61 - State Saved
2026-07-27 15:39:59.775 | INFO     | monitor:scan:197 - Checking 759037
2026-07-27 15:39:59.775 | INFO     | api:get_file:84 - Loading File 126d4af2-7cb9-8be9-e27a-715d12534747
2026-07-27 15:40:00.163 | SUCCESS  | monitor:scan:235 - Changed : 759037
2026-07-27 15:40:00.176 | INFO     | storage:add_property:113 - Added Property 759037
2026-07-27 15:40:00.179 | SUCCESS  | storage:save_day:81 - 1405-03-30.json Saved
2026-07-27 15:40:00.181 | INFO     | state_manager:save:61 - State Saved
2026-07-27 15:40:00.181 | INFO     | monitor:scan:197 - Checking 758796
2026-07-27 15:40:00.181 | INFO     | api:get_file:84 - Loading File 126d4ad2-cc04-7fb1-5010-c58c32fe9a41
2026-07-27 15:40:00.818 | SUCCESS  | monitor:scan:235 - Changed : 758796
2026-07-27 15:40:00.834 | INFO     | storage:add_property:113 - Added Property 758796
2026-07-27 15:40:00.836 | SUCCESS  | storage:save_day:81 - 1405-03-30.json Saved
2026-07-27 15:40:00.838 | INFO     | state_manager:save:61 - State Saved
2026-07-27 15:40:00.838 | INFO     | monitor:scan:197 - Checking 743879
2026-07-27 15:40:00.838 | INFO     | api:get_file:84 - Loading File 126d3f14-c5fa-91a5-ceab-52b97e564a6b
2026-07-27 15:40:01.230 | SUCCESS  | monitor:scan:235 - Changed : 743879
2026-07-27 15:40:01.238 | INFO     | storage:add_property:113 - Added Property 743879
2026-07-27 15:40:01.241 | SUCCESS  | storage:save_day:81 - 1405-03-30.json Saved
2026-07-27 15:40:01.243 | INFO     | state_manager:save:61 - State Saved
2026-07-27 15:40:01.243 | INFO     | monitor:scan:197 - Checking 720519
2026-07-27 15:40:01.243 | INFO     | api:get_file:84 - Loading File 126d2d52-e121-17c8-f7a2-56a011126e45
2026-07-27 15:40:01.626 | SUCCESS  | monitor:scan:235 - Changed : 720519
2026-07-27 15:40:01.642 | INFO     | storage:add_property:113 - Added Property 720519
2026-07-27 15:40:01.646 | SUCCESS  | storage:save_day:81 - 1405-03-30.json Saved
2026-07-27 15:40:01.648 | INFO     | state_manager:save:61 - State Saved
2026-07-27 15:40:01.648 | INFO     | monitor:scan:197 - Checking 717086
2026-07-27 15:40:01.648 | INFO     | api:get_file:84 - Loading File 126b155c-26cc-13a0-a189-2b35b05d884c
2026-07-27 15:40:02.035 | SUCCESS  | monitor:scan:235 - Changed : 717086
2026-07-27 15:40:02.052 | INFO     | storage:add_property:113 - Added Property 717086
2026-07-27 15:40:02.056 | SUCCESS  | storage:save_day:81 - 1405-03-30.json Saved
2026-07-27 15:40:02.058 | INFO     | state_manager:save:61 - State Saved
2026-07-27 15:40:02.058 | INFO     | monitor:scan:197 - Checking 711328
2026-07-27 15:40:02.058 | INFO     | api:get_file:84 - Loading File 1b0a45f6-06bf-e9d5-7412-caee9c9a6e4e
2026-07-27 15:40:02.446 | SUCCESS  | monitor:scan:235 - Changed : 711328
2026-07-27 15:40:02.458 | INFO     | storage:add_property:113 - Added Property 711328
2026-07-27 15:40:02.462 | SUCCESS  | storage:save_day:81 - 1405-03-30.json Saved
2026-07-27 15:40:02.463 | INFO     | state_manager:save:61 - State Saved
2026-07-27 15:40:02.464 | INFO     | monitor:scan:197 - Checking 695147
2026-07-27 15:40:02.464 | INFO     | api:get_file:84 - Loading File 126afc43-20ea-8054-5ef1-02f1b7a9d743
2026-07-27 15:40:02.678 | SUCCESS  | monitor:scan:235 - Changed : 695147
2026-07-27 15:40:02.686 | INFO     | storage:add_property:113 - Added Property 695147
2026-07-27 15:40:02.690 | SUCCESS  | storage:save_day:81 - 1405-03-30.json Saved
2026-07-27 15:40:02.692 | INFO     | state_manager:save:61 - State Saved
2026-07-27 15:40:02.693 | INFO     | monitor:scan:197 - Checking 686010
2026-07-27 15:40:02.693 | INFO     | api:get_file:84 - Loading File 1b0a45f6-07be-c817-b4d8-197356264f4b
2026-07-27 15:40:02.920 | SUCCESS  | monitor:scan:235 - Changed : 686010
2026-07-27 15:40:02.927 | INFO     | storage:add_property:113 - Added Property 686010
2026-07-27 15:40:02.930 | SUCCESS  | storage:save_day:81 - 1405-03-30.json Saved
2026-07-27 15:40:02.933 | INFO     | state_manager:save:61 - State Saved
2026-07-27 15:40:02.933 | INFO     | monitor:scan:197 - Checking 684257
2026-07-27 15:40:02.933 | INFO     | api:get_file:84 - Loading File 1b0a45f6-06c3-a443-ca09-7f9e1c377847
2026-07-27 15:40:03.153 | SUCCESS  | monitor:scan:235 - Changed : 684257
2026-07-27 15:40:03.175 | INFO     | storage:add_property:113 - Added Property 684257
2026-07-27 15:40:03.179 | SUCCESS  | storage:save_day:81 - 1405-03-30.json Saved
2026-07-27 15:40:03.181 | INFO     | state_manager:save:61 - State Saved
2026-07-27 15:40:03.181 | INFO     | monitor:scan:197 - Checking 758925
2026-07-27 15:40:03.181 | INFO     | api:get_file:84 - Loading File 126d4ae2-2763-18ee-6821-1ae646bcd84e
2026-07-27 15:40:03.403 | SUCCESS  | monitor:scan:235 - Changed : 758925
2026-07-27 15:40:03.404 | INFO     | storage:add_property:113 - Added Property 758925
2026-07-27 15:40:03.406 | SUCCESS  | storage:save_day:81 - 1405-03-27.json Saved
2026-07-27 15:40:03.409 | INFO     | state_manager:save:61 - State Saved
2026-07-27 15:40:03.409 | INFO     | monitor:scan:197 - Checking 758924
2026-07-27 15:40:03.409 | INFO     | api:get_file:84 - Loading File 126d4ae2-3638-6f45-bf04-4d96b1de2426
2026-07-27 15:40:03.680 | SUCCESS  | monitor:scan:235 - Changed : 758924
2026-07-27 15:40:03.690 | INFO     | storage:add_property:113 - Added Property 758924
2026-07-27 15:40:03.690 | SUCCESS  | storage:save_day:81 - 1405-03-27.json Saved
2026-07-27 15:40:03.692 | INFO     | state_manager:save:61 - State Saved
2026-07-27 15:40:03.693 | INFO     | monitor:scan:197 - Checking 758922
2026-07-27 15:40:03.693 | INFO     | api:get_file:84 - Loading File 1b0a45f6-0b27-9def-1260-87d9211e7849
2026-07-27 15:40:04.076 | SUCCESS  | monitor:scan:235 - Changed : 758922
2026-07-27 15:40:04.090 | INFO     | storage:add_property:113 - Added Property 758922
2026-07-27 15:40:04.091 | SUCCESS  | storage:save_day:81 - 1405-03-27.json Saved
2026-07-27 15:40:04.093 | INFO     | state_manager:save:61 - State Saved
2026-07-27 15:40:04.093 | INFO     | monitor:scan:197 - Checking 758919
2026-07-27 15:40:04.093 | INFO     | api:get_file:84 - Loading File 126d4ae2-638d-7fa5-1425-2a536183954e
2026-07-27 15:40:04.488 | SUCCESS  | monitor:scan:235 - Changed : 758919
2026-07-27 15:40:04.502 | INFO     | storage:add_property:113 - Added Property 758919
2026-07-27 15:40:04.503 | SUCCESS  | storage:save_day:81 - 1405-03-27.json Saved
2026-07-27 15:40:04.505 | INFO     | state_manager:save:61 - State Saved
2026-07-27 15:40:04.505 | INFO     | monitor:scan:197 - Checking 758918
2026-07-27 15:40:04.505 | INFO     | api:get_file:84 - Loading File 126d4ae2-845d-6b08-57e7-a48a149a5846
2026-07-27 15:40:04.914 | SUCCESS  | monitor:scan:235 - Changed : 758918
2026-07-27 15:40:04.922 | INFO     | storage:add_property:113 - Added Property 758918
2026-07-27 15:40:04.923 | SUCCESS  | storage:save_day:81 - 1405-03-27.json Saved
2026-07-27 15:40:04.924 | INFO     | state_manager:save:61 - State Saved
2026-07-27 15:40:04.924 | INFO     | monitor:scan:197 - Checking 758914
2026-07-27 15:40:04.925 | INFO     | api:get_file:84 - Loading File 1b0a45f6-0638-8294-1fb1-2e7cb5f9ea49
2026-07-27 15:40:05.144 | SUCCESS  | monitor:scan:235 - Changed : 758914
2026-07-27 15:40:05.152 | INFO     | storage:add_property:113 - Added Property 758914
2026-07-27 15:40:05.153 | SUCCESS  | storage:save_day:81 - 1405-03-27.json Saved
2026-07-27 15:40:05.155 | INFO     | state_manager:save:61 - State Saved
2026-07-27 15:40:05.155 | INFO     | monitor:scan:197 - Checking 758912
2026-07-27 15:40:05.155 | INFO     | api:get_file:84 - Loading File 126d4ad4-082f-457b-a19d-18ed72621d44
2026-07-27 15:40:05.536 | SUCCESS  | monitor:scan:235 - Changed : 758912
2026-07-27 15:40:05.545 | INFO     | storage:add_property:113 - Added Property 758912
2026-07-27 15:40:05.546 | SUCCESS  | storage:save_day:81 - 1405-03-27.json Saved
2026-07-27 15:40:05.548 | INFO     | state_manager:save:61 - State Saved
2026-07-27 15:40:05.548 | INFO     | monitor:scan:197 - Checking 758907
2026-07-27 15:40:05.548 | INFO     | api:get_file:84 - Loading File 126d4ad4-1d54-5ee7-7913-5e446f896e45
2026-07-27 15:40:05.761 | SUCCESS  | monitor:scan:235 - Changed : 758907
2026-07-27 15:40:05.768 | INFO     | storage:add_property:113 - Added Property 758907
2026-07-27 15:40:05.770 | SUCCESS  | storage:save_day:81 - 1405-03-27.json Saved
2026-07-27 15:40:05.772 | INFO     | state_manager:save:61 - State Saved
2026-07-27 15:40:05.772 | INFO     | monitor:scan:197 - Checking 758906
2026-07-27 15:40:05.772 | INFO     | api:get_file:84 - Loading File 126d4ae2-5a6f-3d22-7fe2-491c3f074440
2026-07-27 15:40:06.166 | SUCCESS  | monitor:scan:235 - Changed : 758906
2026-07-27 15:40:06.176 | INFO     | storage:add_property:113 - Added Property 758906
2026-07-27 15:40:06.177 | SUCCESS  | storage:save_day:81 - 1405-03-27.json Saved
2026-07-27 15:40:06.179 | INFO     | state_manager:save:61 - State Saved
2026-07-27 15:40:06.179 | INFO     | monitor:scan:197 - Checking 758905
2026-07-27 15:40:06.179 | INFO     | api:get_file:84 - Loading File 126d4ae2-7bdb-2e1e-1194-b94628d8484d
2026-07-27 15:40:06.570 | SUCCESS  | monitor:scan:235 - Changed : 758905
2026-07-27 15:40:06.581 | INFO     | storage:add_property:113 - Added Property 758905
2026-07-27 15:40:06.582 | SUCCESS  | storage:save_day:81 - 1405-03-27.json Saved
2026-07-27 15:40:06.584 | INFO     | state_manager:save:61 - State Saved
2026-07-27 15:40:06.584 | INFO     | monitor:scan:197 - Checking 758902
2026-07-27 15:40:06.584 | INFO     | api:get_file:84 - Loading File 126d4ad4-22a1-285b-ff0b-cd4015cdbe4e
2026-07-27 15:40:06.983 | SUCCESS  | monitor:scan:235 - Changed : 758902
2026-07-27 15:40:06.999 | INFO     | storage:add_property:113 - Added Property 758902
2026-07-27 15:40:07.000 | SUCCESS  | storage:save_day:81 - 1405-03-27.json Saved
2026-07-27 15:40:07.002 | INFO     | state_manager:save:61 - State Saved
2026-07-27 15:40:07.002 | INFO     | monitor:scan:197 - Checking 758901
2026-07-27 15:40:07.003 | INFO     | api:get_file:84 - Loading File 126d4ae2-2da5-61e1-2a96-159dcee55a4d
2026-07-27 15:40:07.216 | SUCCESS  | monitor:scan:235 - Changed : 758901
2026-07-27 15:40:07.223 | INFO     | storage:add_property:113 - Added Property 758901
2026-07-27 15:40:07.224 | SUCCESS  | storage:save_day:81 - 1405-03-27.json Saved
2026-07-27 15:40:07.226 | INFO     | state_manager:save:61 - State Saved
2026-07-27 15:40:07.226 | INFO     | monitor:scan:197 - Checking 758900
2026-07-27 15:40:07.226 | INFO     | api:get_file:84 - Loading File 126d4ae2-5bbc-4c2c-b30a-e5ff72234c41
2026-07-27 15:40:07.627 | SUCCESS  | monitor:scan:235 - Changed : 758900
2026-07-27 15:40:07.638 | INFO     | storage:add_property:113 - Added Property 758900
2026-07-27 15:40:07.640 | SUCCESS  | storage:save_day:81 - 1405-03-27.json Saved
2026-07-27 15:40:07.641 | INFO     | state_manager:save:61 - State Saved
2026-07-27 15:40:07.641 | INFO     | monitor:scan:197 - Checking 758899
2026-07-27 15:40:07.641 | INFO     | api:get_file:84 - Loading File 126d4ae2-12b3-354c-787b-32bd8a88f44b
2026-07-27 15:40:07.862 | SUCCESS  | monitor:scan:235 - Changed : 758899
2026-07-27 15:40:07.870 | INFO     | storage:add_property:113 - Added Property 758899
2026-07-27 15:40:07.871 | SUCCESS  | storage:save_day:81 - 1405-03-27.json Saved
2026-07-27 15:40:07.873 | INFO     | state_manager:save:61 - State Saved
2026-07-27 15:40:07.873 | INFO     | monitor:scan:197 - Checking 758898
2026-07-27 15:40:07.873 | INFO     | api:get_file:84 - Loading File 1b0a45f6-0e3d-ec01-8923-ecb0ebad2d4d
2026-07-27 15:40:08.083 | SUCCESS  | monitor:scan:235 - Changed : 758898
2026-07-27 15:40:08.093 | INFO     | storage:add_property:113 - Added Property 758898
2026-07-27 15:40:08.095 | SUCCESS  | storage:save_day:81 - 1405-03-27.json Saved
2026-07-27 15:40:08.097 | INFO     | state_manager:save:61 - State Saved
2026-07-27 15:40:08.097 | INFO     | monitor:scan:197 - Checking 758895
2026-07-27 15:40:08.098 | INFO     | api:get_file:84 - Loading File 126d4ae2-58ec-6e56-3ca9-e6d02f578544
2026-07-27 15:40:08.496 | SUCCESS  | monitor:scan:235 - Changed : 758895
2026-07-27 15:40:08.506 | INFO     | storage:add_property:113 - Added Property 758895
2026-07-27 15:40:08.508 | SUCCESS  | storage:save_day:81 - 1405-03-27.json Saved
2026-07-27 15:40:08.509 | INFO     | state_manager:save:61 - State Saved
2026-07-27 15:40:08.510 | INFO     | monitor:scan:197 - Checking 758891
2026-07-27 15:40:08.510 | INFO     | api:get_file:84 - Loading File 126d4ae2-3631-4ffe-696a-bb3790a84043
2026-07-27 15:40:08.926 | SUCCESS  | monitor:scan:235 - Changed : 758891
2026-07-27 15:40:08.937 | INFO     | storage:add_property:113 - Added Property 758891
2026-07-27 15:40:08.938 | SUCCESS  | storage:save_day:81 - 1405-03-27.json Saved
2026-07-27 15:40:08.940 | INFO     | state_manager:save:61 - State Saved
2026-07-27 15:40:08.940 | INFO     | monitor:scan:197 - Checking 758889
2026-07-27 15:40:08.940 | INFO     | api:get_file:84 - Loading File 126d4ae2-7c0d-28be-c0b5-9ce8ea62dc42
2026-07-27 15:40:09.155 | SUCCESS  | monitor:scan:235 - Changed : 758889
2026-07-27 15:40:09.169 | INFO     | storage:add_property:113 - Added Property 758889
2026-07-27 15:40:09.171 | SUCCESS  | storage:save_day:81 - 1405-03-27.json Saved
2026-07-27 15:40:09.173 | INFO     | state_manager:save:61 - State Saved
2026-07-27 15:40:09.173 | INFO     | monitor:scan:197 - Checking 758887
2026-07-27 15:40:09.173 | INFO     | api:get_file:84 - Loading File 126d4ad4-1c0a-c8cc-64d7-be6b9c7fb4f8
2026-07-27 15:40:09.568 | SUCCESS  | monitor:scan:235 - Changed : 758887
2026-07-27 15:40:09.577 | INFO     | storage:add_property:113 - Added Property 758887
2026-07-27 15:40:09.579 | SUCCESS  | storage:save_day:81 - 1405-03-27.json Saved
2026-07-27 15:40:09.581 | INFO     | state_manager:save:61 - State Saved
2026-07-27 15:40:09.581 | INFO     | monitor:scan:197 - Checking 758883
2026-07-27 15:40:09.581 | INFO     | api:get_file:84 - Loading File 126d4ae2-8831-39a8-455f-144e0ceccc48
2026-07-27 15:40:09.802 | SUCCESS  | monitor:scan:235 - Changed : 758883
2026-07-27 15:40:09.809 | INFO     | storage:add_property:113 - Added Property 758883
2026-07-27 15:40:09.811 | SUCCESS  | storage:save_day:81 - 1405-03-27.json Saved
2026-07-27 15:40:09.813 | INFO     | state_manager:save:61 - State Saved
2026-07-27 15:40:09.813 | INFO     | monitor:scan:197 - Checking 758882
2026-07-27 15:40:09.813 | INFO     | api:get_file:84 - Loading File 126d4ae2-54c0-8716-2352-ff218ebb004d
2026-07-27 15:40:10.030 | SUCCESS  | monitor:scan:235 - Changed : 758882
2026-07-27 15:40:10.039 | INFO     | storage:add_property:113 - Added Property 758882
2026-07-27 15:40:10.041 | SUCCESS  | storage:save_day:81 - 1405-03-27.json Saved
2026-07-27 15:40:10.043 | INFO     | state_manager:save:61 - State Saved
2026-07-27 15:40:10.043 | INFO     | monitor:scan:197 - Checking 758881
2026-07-27 15:40:10.044 | INFO     | api:get_file:84 - Loading File 126d4ad4-0a0c-726a-5506-574265824856
2026-07-27 15:40:10.433 | SUCCESS  | monitor:scan:235 - Changed : 758881
2026-07-27 15:40:10.441 | INFO     | storage:add_property:113 - Added Property 758881
2026-07-27 15:40:10.444 | SUCCESS  | storage:save_day:81 - 1405-03-27.json Saved
2026-07-27 15:40:10.446 | INFO     | state_manager:save:61 - State Saved
2026-07-27 15:40:10.446 | INFO     | monitor:scan:197 - Checking 758878
2026-07-27 15:40:10.446 | INFO     | api:get_file:84 - Loading File 126d4ad3-1cdf-d879-a146-3da992a314da
2026-07-27 15:40:10.834 | SUCCESS  | monitor:scan:235 - Changed : 758878
2026-07-27 15:40:10.841 | INFO     | storage:add_property:113 - Added Property 758878
2026-07-27 15:40:10.844 | SUCCESS  | storage:save_day:81 - 1405-03-27.json Saved
2026-07-27 15:40:10.846 | INFO     | state_manager:save:61 - State Saved
2026-07-27 15:40:10.846 | INFO     | monitor:scan:197 - Checking 758877
2026-07-27 15:40:10.846 | INFO     | api:get_file:84 - Loading File 126d4ae2-4e5e-8d00-92a0-ad3d1951b4ee
2026-07-27 15:40:11.068 | SUCCESS  | monitor:scan:235 - Changed : 758877
2026-07-27 15:40:11.077 | INFO     | storage:add_property:113 - Added Property 758877
2026-07-27 15:40:11.079 | SUCCESS  | storage:save_day:81 - 1405-03-27.json Saved
2026-07-27 15:40:11.081 | INFO     | state_manager:save:61 - State Saved
2026-07-27 15:40:11.081 | INFO     | monitor:scan:197 - Checking 758875
2026-07-27 15:40:11.081 | INFO     | api:get_file:84 - Loading File 126d4ae2-356b-62f8-9199-52f4d49dd345
2026-07-27 15:40:11.298 | SUCCESS  | monitor:scan:235 - Changed : 758875
2026-07-27 15:40:11.305 | INFO     | storage:add_property:113 - Added Property 758875
2026-07-27 15:40:11.307 | SUCCESS  | storage:save_day:81 - 1405-03-27.json Saved
2026-07-27 15:40:11.309 | INFO     | state_manager:save:61 - State Saved
2026-07-27 15:40:11.310 | INFO     | monitor:scan:197 - Checking 758873
2026-07-27 15:40:11.310 | INFO     | api:get_file:84 - Loading File 126d4ad4-0ba0-3b36-f3eb-4aa5eead9549
2026-07-27 15:40:11.700 | SUCCESS  | monitor:scan:235 - Changed : 758873
2026-07-27 15:40:11.708 | INFO     | storage:add_property:113 - Added Property 758873
2026-07-27 15:40:11.712 | SUCCESS  | storage:save_day:81 - 1405-03-27.json Saved
2026-07-27 15:40:11.713 | INFO     | state_manager:save:61 - State Saved
2026-07-27 15:40:11.714 | INFO     | monitor:scan:197 - Checking 758871
2026-07-27 15:40:11.714 | INFO     | api:get_file:84 - Loading File 1b0a45f6-0fb1-de71-e0d2-ed2aa2ceb846
2026-07-27 15:40:11.939 | SUCCESS  | monitor:scan:235 - Changed : 758871
2026-07-27 15:40:11.953 | INFO     | storage:add_property:113 - Added Property 758871
2026-07-27 15:40:11.956 | SUCCESS  | storage:save_day:81 - 1405-03-27.json Saved
2026-07-27 15:40:11.958 | INFO     | state_manager:save:61 - State Saved
2026-07-27 15:40:11.958 | INFO     | monitor:scan:197 - Checking 758870
2026-07-27 15:40:11.958 | INFO     | api:get_file:84 - Loading File 126d4ae2-3a7f-92f4-8552-b702b464c842
2026-07-27 15:40:12.346 | SUCCESS  | monitor:scan:235 - Changed : 758870
2026-07-27 15:40:12.354 | INFO     | storage:add_property:113 - Added Property 758870
2026-07-27 15:40:12.357 | SUCCESS  | storage:save_day:81 - 1405-03-27.json Saved
2026-07-27 15:40:12.359 | INFO     | state_manager:save:61 - State Saved
2026-07-27 15:40:12.359 | INFO     | monitor:scan:197 - Checking 758869
2026-07-27 15:40:12.359 | INFO     | api:get_file:84 - Loading File 1b0a45ff-0cc4-5c6f-41c8-6a863598ce4b
2026-07-27 15:40:12.573 | SUCCESS  | monitor:scan:235 - Changed : 758869
2026-07-27 15:40:12.581 | INFO     | storage:add_property:113 - Added Property 758869
2026-07-27 15:40:12.584 | SUCCESS  | storage:save_day:81 - 1405-03-27.json Saved
2026-07-27 15:40:12.585 | INFO     | state_manager:save:61 - State Saved
2026-07-27 15:40:12.585 | INFO     | monitor:scan:197 - Checking 758867
2026-07-27 15:40:12.585 | INFO     | api:get_file:84 - Loading File 126d4ae2-1494-2fdb-8265-fda1ed564147
2026-07-27 15:40:12.985 | SUCCESS  | monitor:scan:235 - Changed : 758867
2026-07-27 15:40:12.992 | INFO     | storage:add_property:113 - Added Property 758867
2026-07-27 15:40:12.995 | SUCCESS  | storage:save_day:81 - 1405-03-27.json Saved
2026-07-27 15:40:12.997 | INFO     | state_manager:save:61 - State Saved
2026-07-27 15:40:12.998 | INFO     | monitor:scan:197 - Checking 732518
2026-07-27 15:40:12.998 | INFO     | api:get_file:84 - Loading File 126d3375-c5a5-6dd6-e618-6fa7c1121449
2026-07-27 15:40:13.425 | SUCCESS  | monitor:scan:235 - Changed : 732518
2026-07-27 15:40:13.438 | INFO     | storage:add_property:113 - Added Property 732518
2026-07-27 15:40:13.441 | SUCCESS  | storage:save_day:81 - 1405-03-27.json Saved
2026-07-27 15:40:13.443 | INFO     | state_manager:save:61 - State Saved
2026-07-27 15:40:13.443 | INFO     | monitor:scan:197 - Checking 718789
2026-07-27 15:40:13.443 | INFO     | api:get_file:84 - Loading File 126b1b05-9461-6142-93fa-3ef296bc8f4d
2026-07-27 15:40:13.842 | SUCCESS  | monitor:scan:235 - Changed : 718789
2026-07-27 15:40:13.857 | INFO     | storage:add_property:113 - Added Property 718789
2026-07-27 15:40:13.860 | SUCCESS  | storage:save_day:81 - 1405-03-27.json Saved
2026-07-27 15:40:13.862 | INFO     | state_manager:save:61 - State Saved
2026-07-27 15:40:13.862 | INFO     | monitor:scan:197 - Checking 718676
2026-07-27 15:40:13.862 | INFO     | api:get_file:84 - Loading File 126b1b04-8bc9-8f5b-184a-57108c739f47
2026-07-27 15:40:14.260 | SUCCESS  | monitor:scan:235 - Changed : 718676
2026-07-27 15:40:14.272 | INFO     | storage:add_property:113 - Added Property 718676
2026-07-27 15:40:14.276 | SUCCESS  | storage:save_day:81 - 1405-03-27.json Saved
2026-07-27 15:40:14.278 | INFO     | state_manager:save:61 - State Saved
2026-07-27 15:40:14.278 | INFO     | monitor:scan:197 - Checking 717685
2026-07-27 15:40:14.278 | INFO     | api:get_file:84 - Loading File 126b1a1f-56f4-912c-8ae6-14871e05ec48
2026-07-27 15:40:14.678 | SUCCESS  | monitor:scan:235 - Changed : 717685
2026-07-27 15:40:14.692 | INFO     | storage:add_property:113 - Added Property 717685
2026-07-27 15:40:14.695 | SUCCESS  | storage:save_day:81 - 1405-03-27.json Saved
2026-07-27 15:40:14.697 | INFO     | state_manager:save:61 - State Saved
2026-07-27 15:40:14.697 | INFO     | monitor:scan:197 - Checking 716437
2026-07-27 15:40:14.697 | INFO     | api:get_file:84 - Loading File 126b14c2-538f-2740-894b-9cbdfdd28d4a
2026-07-27 15:40:15.095 | SUCCESS  | monitor:scan:235 - Changed : 716437
2026-07-27 15:40:15.110 | INFO     | storage:add_property:113 - Added Property 716437
2026-07-27 15:40:15.113 | SUCCESS  | storage:save_day:81 - 1405-03-27.json Saved
2026-07-27 15:40:15.115 | INFO     | state_manager:save:61 - State Saved
2026-07-27 15:40:15.115 | INFO     | monitor:scan:197 - Checking 700321
2026-07-27 15:40:15.115 | INFO     | api:get_file:84 - Loading File 126b0388-6d14-37bf-155b-24ee815cf94d
2026-07-27 15:40:15.512 | SUCCESS  | monitor:scan:235 - Changed : 700321
2026-07-27 15:40:15.528 | INFO     | storage:add_property:113 - Added Property 700321
2026-07-27 15:40:15.532 | SUCCESS  | storage:save_day:81 - 1405-03-27.json Saved
2026-07-27 15:40:15.534 | INFO     | state_manager:save:61 - State Saved
2026-07-27 15:40:15.534 | INFO     | monitor:scan:197 - Checking 699894
2026-07-27 15:40:15.534 | INFO     | api:get_file:84 - Loading File 1b0a45f6-06ee-6b71-ec57-5128a6713142
2026-07-27 15:40:15.750 | SUCCESS  | monitor:scan:235 - Changed : 699894
2026-07-27 15:40:15.757 | INFO     | storage:add_property:113 - Added Property 699894
2026-07-27 15:40:15.761 | SUCCESS  | storage:save_day:81 - 1405-03-27.json Saved
2026-07-27 15:40:15.763 | INFO     | state_manager:save:61 - State Saved
2026-07-27 15:40:15.763 | INFO     | monitor:scan:197 - Checking 692134
2026-07-27 15:40:15.763 | INFO     | api:get_file:84 - Loading File 126af16a-0718-439d-d00b-20a9652f7c41
2026-07-27 15:40:16.155 | SUCCESS  | monitor:scan:235 - Changed : 692134
2026-07-27 15:40:16.171 | INFO     | storage:add_property:113 - Added Property 692134
2026-07-27 15:40:16.174 | SUCCESS  | storage:save_day:81 - 1405-03-27.json Saved
2026-07-27 15:40:16.176 | INFO     | state_manager:save:61 - State Saved
2026-07-27 15:40:16.176 | INFO     | monitor:scan:197 - Checking 689584
2026-07-27 15:40:16.176 | INFO     | api:get_file:84 - Loading File 126aefec-2c16-4611-7a24-4b23f78f2948
2026-07-27 15:40:16.385 | SUCCESS  | monitor:scan:235 - Changed : 689584
2026-07-27 15:40:16.397 | INFO     | storage:add_property:113 - Added Property 689584
2026-07-27 15:40:16.401 | SUCCESS  | storage:save_day:81 - 1405-03-27.json Saved
2026-07-27 15:40:16.402 | INFO     | state_manager:save:61 - State Saved
2026-07-27 15:40:16.402 | INFO     | monitor:scan:197 - Checking 686690
2026-07-27 15:40:16.403 | INFO     | api:get_file:84 - Loading File 1b0a45f6-0051-8fff-d232-e60bfc859047
2026-07-27 15:40:16.784 | SUCCESS  | monitor:scan:235 - Changed : 686690
2026-07-27 15:40:16.802 | INFO     | storage:add_property:113 - Added Property 686690
2026-07-27 15:40:16.805 | SUCCESS  | storage:save_day:81 - 1405-03-27.json Saved
2026-07-27 15:40:16.807 | INFO     | state_manager:save:61 - State Saved
2026-07-27 15:40:16.807 | INFO     | monitor:scan:197 - Checking 685597
2026-07-27 15:40:16.807 | INFO     | api:get_file:84 - Loading File 1b0a45f6-129e-cc6c-87e2-1503ceda0640
2026-07-27 15:40:17.260 | SUCCESS  | monitor:scan:235 - Changed : 685597
2026-07-27 15:40:17.267 | INFO     | storage:add_property:113 - Added Property 685597
2026-07-27 15:40:17.271 | SUCCESS  | storage:save_day:81 - 1405-03-27.json Saved
2026-07-27 15:40:17.274 | INFO     | state_manager:save:61 - State Saved
2026-07-27 15:40:17.274 | INFO     | monitor:scan:197 - Checking 758816
2026-07-27 15:40:17.274 | INFO     | api:get_file:84 - Loading File 126d4ad2-e4a5-5d07-09fc-15a8592edc44
2026-07-27 15:40:17.658 | SUCCESS  | monitor:scan:235 - Changed : 758816
2026-07-27 15:40:17.659 | INFO     | storage:add_property:113 - Added Property 758816
2026-07-27 15:40:17.659 | SUCCESS  | storage:save_day:81 - 1405-03-26.json Saved
2026-07-27 15:40:17.661 | INFO     | state_manager:save:61 - State Saved
2026-07-27 15:40:17.661 | INFO     | monitor:scan:197 - Checking 758814
2026-07-27 15:40:17.661 | INFO     | api:get_file:84 - Loading File 126d4ac4-27c6-4e36-e1b4-72dd9f57e947
2026-07-27 15:40:17.878 | SUCCESS  | monitor:scan:235 - Changed : 758814
2026-07-27 15:40:17.890 | INFO     | storage:add_property:113 - Added Property 758814
2026-07-27 15:40:17.891 | SUCCESS  | storage:save_day:81 - 1405-03-26.json Saved
2026-07-27 15:40:17.893 | INFO     | state_manager:save:61 - State Saved
2026-07-27 15:40:17.893 | INFO     | monitor:scan:197 - Checking 758813
2026-07-27 15:40:17.893 | INFO     | api:get_file:84 - Loading File 126d4ad2-bd2f-8c0f-6f60-bb2dd8c9ef43
2026-07-27 15:40:18.509 | SUCCESS  | monitor:scan:235 - Changed : 758813
2026-07-27 15:40:18.522 | INFO     | storage:add_property:113 - Added Property 758813
2026-07-27 15:40:18.523 | SUCCESS  | storage:save_day:81 - 1405-03-26.json Saved
2026-07-27 15:40:18.525 | INFO     | state_manager:save:61 - State Saved
2026-07-27 15:40:18.526 | INFO     | monitor:scan:197 - Checking 758810
2026-07-27 15:40:18.526 | INFO     | api:get_file:84 - Loading File 126d4ab5-991b-665b-5397-e5461d1cec48
2026-07-27 15:40:18.915 | SUCCESS  | monitor:scan:235 - Changed : 758810
2026-07-27 15:40:18.926 | INFO     | storage:add_property:113 - Added Property 758810
2026-07-27 15:40:18.927 | SUCCESS  | storage:save_day:81 - 1405-03-26.json Saved
2026-07-27 15:40:18.929 | INFO     | state_manager:save:61 - State Saved
2026-07-27 15:40:18.929 | INFO     | monitor:scan:197 - Checking 758809
2026-07-27 15:40:18.929 | INFO     | api:get_file:84 - Loading File 126d4ad2-ef5f-1a12-4375-7b6ecc035b49
2026-07-27 15:40:19.148 | SUCCESS  | monitor:scan:235 - Changed : 758809
2026-07-27 15:40:19.156 | INFO     | storage:add_property:113 - Added Property 758809
2026-07-27 15:40:19.158 | SUCCESS  | storage:save_day:81 - 1405-03-26.json Saved
2026-07-27 15:40:19.159 | INFO     | state_manager:save:61 - State Saved
2026-07-27 15:40:19.160 | INFO     | monitor:scan:197 - Checking 758805
2026-07-27 15:40:19.160 | INFO     | api:get_file:84 - Loading File 126d4a86-a08b-5250-efc7-c25cda3f0043
2026-07-27 15:40:19.561 | SUCCESS  | monitor:scan:235 - Changed : 758805
2026-07-27 15:40:19.576 | INFO     | storage:add_property:113 - Added Property 758805
2026-07-27 15:40:19.577 | SUCCESS  | storage:save_day:81 - 1405-03-26.json Saved
2026-07-27 15:40:19.580 | INFO     | state_manager:save:61 - State Saved
2026-07-27 15:40:19.580 | INFO     | monitor:scan:197 - Checking 758798
2026-07-27 15:40:19.580 | INFO     | api:get_file:84 - Loading File 126d4ad3-0e89-5590-52fa-eb7fe7aa44b7
2026-07-27 15:40:20.066 | SUCCESS  | monitor:scan:235 - Changed : 758798
2026-07-27 15:40:20.085 | INFO     | storage:add_property:113 - Added Property 758798
2026-07-27 15:40:20.087 | SUCCESS  | storage:save_day:81 - 1405-03-26.json Saved
2026-07-27 15:40:20.089 | INFO     | state_manager:save:61 - State Saved
2026-07-27 15:40:20.089 | INFO     | monitor:scan:197 - Checking 758794
2026-07-27 15:40:20.089 | INFO     | api:get_file:84 - Loading File 126d4ad2-cb59-4e3b-5aea-d7ff38bf1b48
2026-07-27 15:40:20.308 | SUCCESS  | monitor:scan:235 - Changed : 758794
2026-07-27 15:40:20.315 | INFO     | storage:add_property:113 - Added Property 758794
2026-07-27 15:40:20.317 | SUCCESS  | storage:save_day:81 - 1405-03-26.json Saved
2026-07-27 15:40:20.318 | INFO     | state_manager:save:61 - State Saved
2026-07-27 15:40:20.319 | INFO     | monitor:scan:197 - Checking 758790
2026-07-27 15:40:20.319 | INFO     | api:get_file:84 - Loading File 126d4ab5-c66d-b1d3-c565-f22c62a7c4ea
2026-07-27 15:40:20.708 | SUCCESS  | monitor:scan:235 - Changed : 758790
2026-07-27 15:40:20.721 | INFO     | storage:add_property:113 - Added Property 758790
2026-07-27 15:40:20.723 | SUCCESS  | storage:save_day:81 - 1405-03-26.json Saved
2026-07-27 15:40:20.725 | INFO     | state_manager:save:61 - State Saved
2026-07-27 15:40:20.725 | INFO     | monitor:scan:197 - Checking 758789
2026-07-27 15:40:20.725 | INFO     | api:get_file:84 - Loading File 126d4ac4-92b8-2ea0-6489-f1fc130d9843
2026-07-27 15:40:21.118 | SUCCESS  | monitor:scan:235 - Changed : 758789
2026-07-27 15:40:21.133 | INFO     | storage:add_property:113 - Added Property 758789
2026-07-27 15:40:21.135 | SUCCESS  | storage:save_day:81 - 1405-03-26.json Saved
2026-07-27 15:40:21.137 | INFO     | state_manager:save:61 - State Saved
2026-07-27 15:40:21.137 | INFO     | monitor:scan:197 - Checking 758784
2026-07-27 15:40:21.137 | INFO     | api:get_file:84 - Loading File 126d4ad3-15fa-662e-e670-fb72c2173441
2026-07-27 15:40:21.519 | SUCCESS  | monitor:scan:235 - Changed : 758784
2026-07-27 15:40:21.533 | INFO     | storage:add_property:113 - Added Property 758784
2026-07-27 15:40:21.535 | SUCCESS  | storage:save_day:81 - 1405-03-26.json Saved
2026-07-27 15:40:21.537 | INFO     | state_manager:save:61 - State Saved
2026-07-27 15:40:21.537 | INFO     | monitor:scan:197 - Checking 758782
2026-07-27 15:40:21.537 | INFO     | api:get_file:84 - Loading File 126d4ad2-ec21-954f-deee-d2d074affd4e
2026-07-27 15:40:21.987 | SUCCESS  | monitor:scan:235 - Changed : 758782
2026-07-27 15:40:21.996 | INFO     | storage:add_property:113 - Added Property 758782
2026-07-27 15:40:21.998 | SUCCESS  | storage:save_day:81 - 1405-03-26.json Saved
2026-07-27 15:40:22.000 | INFO     | state_manager:save:61 - State Saved
2026-07-27 15:40:22.000 | INFO     | monitor:scan:197 - Checking 758779
2026-07-27 15:40:22.000 | INFO     | api:get_file:84 - Loading File 126d4ad3-1aae-424d-ed99-e9fc3145a74c
2026-07-27 15:40:22.215 | SUCCESS  | monitor:scan:235 - Changed : 758779
2026-07-27 15:40:22.224 | INFO     | storage:add_property:113 - Added Property 758779
2026-07-27 15:40:22.226 | SUCCESS  | storage:save_day:81 - 1405-03-26.json Saved
2026-07-27 15:40:22.228 | INFO     | state_manager:save:61 - State Saved
2026-07-27 15:40:22.228 | INFO     | monitor:scan:197 - Checking 758778
2026-07-27 15:40:22.228 | INFO     | api:get_file:84 - Loading File 126d4ad3-332d-a9ca-1bdd-42d7899e84ee
2026-07-27 15:40:22.607 | SUCCESS  | monitor:scan:235 - Changed : 758778
2026-07-27 15:40:22.615 | INFO     | storage:add_property:113 - Added Property 758778
2026-07-27 15:40:22.617 | SUCCESS  | storage:save_day:81 - 1405-03-26.json Saved
2026-07-27 15:40:22.619 | INFO     | state_manager:save:61 - State Saved
2026-07-27 15:40:22.619 | INFO     | monitor:scan:197 - Checking 758769
2026-07-27 15:40:22.619 | INFO     | api:get_file:84 - Loading File 126d4ad3-3c86-38d2-1222-e5c6cd19ca45
2026-07-27 15:40:22.842 | SUCCESS  | monitor:scan:235 - Changed : 758769
2026-07-27 15:40:22.855 | INFO     | storage:add_property:113 - Added Property 758769
2026-07-27 15:40:22.857 | SUCCESS  | storage:save_day:81 - 1405-03-26.json Saved
2026-07-27 15:40:22.859 | INFO     | state_manager:save:61 - State Saved
2026-07-27 15:40:22.859 | INFO     | monitor:scan:197 - Checking 756073
2026-07-27 15:40:22.859 | INFO     | api:get_file:84 - Loading File 126d44ed-6d5c-fbae-a631-c7603de55469
2026-07-27 15:40:23.076 | SUCCESS  | monitor:scan:235 - Changed : 756073
2026-07-27 15:40:23.085 | INFO     | storage:add_property:113 - Added Property 756073
2026-07-27 15:40:23.087 | SUCCESS  | storage:save_day:81 - 1405-03-26.json Saved
2026-07-27 15:40:23.088 | INFO     | state_manager:save:61 - State Saved
2026-07-27 15:40:23.089 | INFO     | monitor:scan:197 - Checking 743776
2026-07-27 15:40:23.089 | INFO     | api:get_file:84 - Loading File 126d3f05-87a6-9198-921d-dd1b448a7c4a
2026-07-27 15:40:23.483 | SUCCESS  | monitor:scan:235 - Changed : 743776
2026-07-27 15:40:23.497 | INFO     | storage:add_property:113 - Added Property 743776
2026-07-27 15:40:23.499 | SUCCESS  | storage:save_day:81 - 1405-03-26.json Saved
2026-07-27 15:40:23.502 | INFO     | state_manager:save:61 - State Saved
2026-07-27 15:40:23.502 | INFO     | monitor:scan:197 - Checking 731517
2026-07-27 15:40:23.502 | INFO     | api:get_file:84 - Loading File 126d3272-0b53-543c-e65f-2d694e67b64b
2026-07-27 15:40:23.717 | SUCCESS  | monitor:scan:235 - Changed : 731517
2026-07-27 15:40:23.730 | INFO     | storage:add_property:113 - Added Property 731517
2026-07-27 15:40:23.732 | SUCCESS  | storage:save_day:81 - 1405-03-26.json Saved
2026-07-27 15:40:23.734 | INFO     | state_manager:save:61 - State Saved
2026-07-27 15:40:23.734 | INFO     | monitor:scan:197 - Checking 719374
2026-07-27 15:40:23.734 | INFO     | api:get_file:84 - Loading File 126d2c5d-b42d-32b3-dea7-81d81d66c54e
2026-07-27 15:40:24.126 | SUCCESS  | monitor:scan:235 - Changed : 719374
2026-07-27 15:40:24.136 | INFO     | storage:add_property:113 - Added Property 719374
2026-07-27 15:40:24.139 | SUCCESS  | storage:save_day:81 - 1405-03-26.json Saved
2026-07-27 15:40:24.140 | INFO     | state_manager:save:61 - State Saved
2026-07-27 15:40:24.141 | INFO     | monitor:scan:197 - Checking 714016
2026-07-27 15:40:24.141 | INFO     | api:get_file:84 - Loading File 1b0a45f6-0ed7-4c5a-ea8d-b216195e7e4e
2026-07-27 15:40:24.356 | SUCCESS  | monitor:scan:235 - Changed : 714016
2026-07-27 15:40:24.365 | INFO     | storage:add_property:113 - Added Property 714016
2026-07-27 15:40:24.368 | SUCCESS  | storage:save_day:81 - 1405-03-26.json Saved
2026-07-27 15:40:24.369 | INFO     | state_manager:save:61 - State Saved
2026-07-27 15:40:24.369 | INFO     | monitor:scan:197 - Checking 713873
2026-07-27 15:40:24.370 | INFO     | api:get_file:84 - Loading File 1b0a45ff-0340-18de-c8cc-0db8429ce84f
2026-07-27 15:40:24.584 | SUCCESS  | monitor:scan:235 - Changed : 713873
2026-07-27 15:40:24.594 | INFO     | storage:add_property:113 - Added Property 713873
2026-07-27 15:40:24.596 | SUCCESS  | storage:save_day:81 - 1405-03-26.json Saved
2026-07-27 15:40:24.598 | INFO     | state_manager:save:61 - State Saved
2026-07-27 15:40:24.598 | INFO     | monitor:scan:197 - Checking 713319
2026-07-27 15:40:24.598 | INFO     | api:get_file:84 - Loading File 126b0e05-f3fa-3819-78e8-586d36dc5245
2026-07-27 15:40:24.817 | SUCCESS  | monitor:scan:235 - Changed : 713319
2026-07-27 15:40:24.824 | INFO     | storage:add_property:113 - Added Property 713319
2026-07-27 15:40:24.827 | SUCCESS  | storage:save_day:81 - 1405-03-26.json Saved
2026-07-27 15:40:24.829 | INFO     | state_manager:save:61 - State Saved
2026-07-27 15:40:24.829 | INFO     | monitor:scan:197 - Checking 697711
2026-07-27 15:40:24.829 | INFO     | api:get_file:84 - Loading File 126afda2-de42-48b1-7874-b239065f1746
2026-07-27 15:40:25.050 | SUCCESS  | monitor:scan:235 - Changed : 697711
2026-07-27 15:40:25.058 | INFO     | storage:add_property:113 - Added Property 697711
2026-07-27 15:40:25.061 | SUCCESS  | storage:save_day:81 - 1405-03-26.json Saved
2026-07-27 15:40:25.063 | INFO     | state_manager:save:61 - State Saved
2026-07-27 15:40:25.063 | INFO     | monitor:scan:197 - Checking 695653
2026-07-27 15:40:25.063 | INFO     | api:get_file:84 - Loading File 1b0a45f6-181d-6805-3baa-d61a08138747
2026-07-27 15:40:25.453 | SUCCESS  | monitor:scan:235 - Changed : 695653
2026-07-27 15:40:25.468 | INFO     | storage:add_property:113 - Added Property 695653
2026-07-27 15:40:25.471 | SUCCESS  | storage:save_day:81 - 1405-03-26.json Saved
2026-07-27 15:40:25.473 | INFO     | state_manager:save:61 - State Saved
2026-07-27 15:40:25.473 | INFO     | monitor:scan:197 - Checking 694881
2026-07-27 15:40:25.473 | INFO     | api:get_file:84 - Loading File 1b0a45f6-0185-2034-14d9-1b1f955f4146
2026-07-27 15:40:25.708 | SUCCESS  | monitor:scan:235 - Changed : 694881
2026-07-27 15:40:25.722 | INFO     | storage:add_property:113 - Added Property 694881
2026-07-27 15:40:25.724 | SUCCESS  | storage:save_day:81 - 1405-03-26.json Saved
2026-07-27 15:40:25.726 | INFO     | state_manager:save:61 - State Saved
2026-07-27 15:40:25.726 | INFO     | monitor:scan:197 - Checking 693587
2026-07-27 15:40:25.726 | INFO     | api:get_file:84 - Loading File 1b0a45f6-0fca-f013-8b46-db8da728df40
2026-07-27 15:40:26.114 | SUCCESS  | monitor:scan:235 - Changed : 693587
2026-07-27 15:40:26.130 | INFO     | storage:add_property:113 - Added Property 693587
2026-07-27 15:40:26.133 | SUCCESS  | storage:save_day:81 - 1405-03-26.json Saved
2026-07-27 15:40:26.134 | INFO     | state_manager:save:61 - State Saved
2026-07-27 15:40:26.135 | INFO     | monitor:scan:197 - Checking 693040
2026-07-27 15:40:26.135 | INFO     | api:get_file:84 - Loading File 126af5f2-a19e-7d44-1482-b0c9ad097546
2026-07-27 15:40:26.353 | SUCCESS  | monitor:scan:235 - Changed : 693040
2026-07-27 15:40:26.367 | INFO     | storage:add_property:113 - Added Property 693040
2026-07-27 15:40:26.370 | SUCCESS  | storage:save_day:81 - 1405-03-26.json Saved
2026-07-27 15:40:26.372 | INFO     | state_manager:save:61 - State Saved
2026-07-27 15:40:26.372 | INFO     | monitor:scan:197 - Checking 691226
2026-07-27 15:40:26.372 | INFO     | api:get_file:84 - Loading File 1b0a45f6-04c4-55c9-cfae-d08eb328674d
2026-07-27 15:40:26.957 | SUCCESS  | monitor:scan:235 - Changed : 691226
2026-07-27 15:40:26.973 | INFO     | storage:add_property:113 - Added Property 691226
2026-07-27 15:40:26.976 | SUCCESS  | storage:save_day:81 - 1405-03-26.json Saved
2026-07-27 15:40:26.977 | INFO     | state_manager:save:61 - State Saved
2026-07-27 15:40:26.977 | INFO     | monitor:scan:197 - Checking 690870
2026-07-27 15:40:26.978 | INFO     | api:get_file:84 - Loading File 1b0a45f6-12ea-1e51-268d-56c41b3dd546
2026-07-27 15:40:27.567 | SUCCESS  | monitor:scan:235 - Changed : 690870
2026-07-27 15:40:27.581 | INFO     | storage:add_property:113 - Added Property 690870
2026-07-27 15:40:27.584 | SUCCESS  | storage:save_day:81 - 1405-03-26.json Saved
2026-07-27 15:40:27.585 | INFO     | state_manager:save:61 - State Saved
2026-07-27 15:40:27.586 | INFO     | monitor:scan:197 - Checking 690454
2026-07-27 15:40:27.586 | INFO     | api:get_file:84 - Loading File 1b0a45f6-0582-b53f-7630-e2ab2b9a3d41
2026-07-27 15:40:27.968 | SUCCESS  | monitor:scan:235 - Changed : 690454
2026-07-27 15:40:27.976 | INFO     | storage:add_property:113 - Added Property 690454
2026-07-27 15:40:27.979 | SUCCESS  | storage:save_day:81 - 1405-03-26.json Saved
2026-07-27 15:40:27.982 | INFO     | state_manager:save:61 - State Saved
2026-07-27 15:40:27.982 | INFO     | monitor:scan:197 - Checking 689873
2026-07-27 15:40:27.982 | INFO     | api:get_file:84 - Loading File 1b0a45f6-0648-de61-e9f1-c50cfdba5e43
2026-07-27 15:40:28.195 | SUCCESS  | monitor:scan:235 - Changed : 689873
2026-07-27 15:40:28.203 | INFO     | storage:add_property:113 - Added Property 689873
2026-07-27 15:40:28.206 | SUCCESS  | storage:save_day:81 - 1405-03-26.json Saved
2026-07-27 15:40:28.208 | INFO     | state_manager:save:61 - State Saved
2026-07-27 15:40:28.208 | INFO     | monitor:scan:197 - Checking 689005
2026-07-27 15:40:28.208 | INFO     | api:get_file:84 - Loading File 126aeb74-ee22-6cb8-40fb-e3937996a243
2026-07-27 15:40:28.422 | SUCCESS  | monitor:scan:235 - Changed : 689005
2026-07-27 15:40:28.429 | INFO     | storage:add_property:113 - Added Property 689005
2026-07-27 15:40:28.432 | SUCCESS  | storage:save_day:81 - 1405-03-26.json Saved
2026-07-27 15:40:28.433 | INFO     | state_manager:save:61 - State Saved
2026-07-27 15:40:28.433 | INFO     | monitor:scan:125 - Loading Page 11
2026-07-27 15:40:28.433 | INFO     | api:get_files:60 - Loading Page 11
2026-07-27 15:40:31.857 | INFO     | monitor:scan:197 - Checking 758712
2026-07-27 15:40:31.858 | INFO     | api:get_file:84 - Loading File 126d4ac3-cf16-766d-5fb0-a2b956d02f40
2026-07-27 15:40:32.077 | SUCCESS  | monitor:scan:235 - Changed : 758712
2026-07-27 15:40:32.078 | INFO     | storage:add_property:113 - Added Property 758712
2026-07-27 15:40:32.081 | SUCCESS  | storage:save_day:81 - 1405-03-25.json Saved
2026-07-27 15:40:32.086 | INFO     | state_manager:save:61 - State Saved
2026-07-27 15:40:32.086 | INFO     | monitor:scan:197 - Checking 758711
2026-07-27 15:40:32.086 | INFO     | api:get_file:84 - Loading File 1b0a45f6-06f8-2e36-049b-d7aba1b37049
2026-07-27 15:40:32.298 | SUCCESS  | monitor:scan:235 - Changed : 758711
2026-07-27 15:40:32.305 | INFO     | storage:add_property:113 - Added Property 758711
2026-07-27 15:40:32.306 | SUCCESS  | storage:save_day:81 - 1405-03-25.json Saved
2026-07-27 15:40:32.309 | INFO     | state_manager:save:61 - State Saved
2026-07-27 15:40:32.309 | INFO     | monitor:scan:197 - Checking 758706
2026-07-27 15:40:32.309 | INFO     | api:get_file:84 - Loading File 126d4ac3-b1b0-3a6b-5f8c-11c70545c848
2026-07-27 15:40:32.528 | SUCCESS  | monitor:scan:235 - Changed : 758706
2026-07-27 15:40:32.535 | INFO     | storage:add_property:113 - Added Property 758706
2026-07-27 15:40:32.537 | SUCCESS  | storage:save_day:81 - 1405-03-25.json Saved
2026-07-27 15:40:32.539 | INFO     | state_manager:save:61 - State Saved
2026-07-27 15:40:32.539 | INFO     | monitor:scan:197 - Checking 758704
2026-07-27 15:40:32.539 | INFO     | api:get_file:84 - Loading File 126d4ab5-5f40-532a-35d1-347baf46d948
2026-07-27 15:40:32.758 | SUCCESS  | monitor:scan:235 - Changed : 758704
2026-07-27 15:40:32.772 | INFO     | storage:add_property:113 - Added Property 758704
2026-07-27 15:40:32.773 | SUCCESS  | storage:save_day:81 - 1405-03-25.json Saved
2026-07-27 15:40:32.775 | INFO     | state_manager:save:61 - State Saved
2026-07-27 15:40:32.775 | INFO     | monitor:scan:197 - Checking 758703
2026-07-27 15:40:32.775 | INFO     | api:get_file:84 - Loading File 1b0a45f6-0d60-05ff-3642-ef4d22469d4c
2026-07-27 15:40:32.993 | SUCCESS  | monitor:scan:235 - Changed : 758703
2026-07-27 15:40:33.008 | INFO     | storage:add_property:113 - Added Property 758703
2026-07-27 15:40:33.010 | SUCCESS  | storage:save_day:81 - 1405-03-25.json Saved
2026-07-27 15:40:33.012 | INFO     | state_manager:save:61 - State Saved
2026-07-27 15:40:33.012 | INFO     | monitor:scan:197 - Checking 758701
2026-07-27 15:40:33.012 | INFO     | api:get_file:84 - Loading File 126d4ac3-a6ba-55a2-c06b-5c2b8a78404f
2026-07-27 15:40:33.232 | SUCCESS  | monitor:scan:235 - Changed : 758701
2026-07-27 15:40:33.240 | INFO     | storage:add_property:113 - Added Property 758701
2026-07-27 15:40:33.242 | SUCCESS  | storage:save_day:81 - 1405-03-25.json Saved
2026-07-27 15:40:33.243 | INFO     | state_manager:save:61 - State Saved
2026-07-27 15:40:33.243 | INFO     | monitor:scan:197 - Checking 758700
2026-07-27 15:40:33.244 | INFO     | api:get_file:84 - Loading File 1b0a45ff-047f-6110-b5d1-b38d73e48b49
2026-07-27 15:40:33.466 | SUCCESS  | monitor:scan:235 - Changed : 758700
2026-07-27 15:40:33.479 | INFO     | storage:add_property:113 - Added Property 758700
2026-07-27 15:40:33.481 | SUCCESS  | storage:save_day:81 - 1405-03-25.json Saved
2026-07-27 15:40:33.482 | INFO     | state_manager:save:61 - State Saved
2026-07-27 15:40:33.483 | INFO     | monitor:scan:197 - Checking 758699
2026-07-27 15:40:33.483 | INFO     | api:get_file:84 - Loading File 1b0a45f6-0f74-2ac2-a616-90232ed92740
2026-07-27 15:40:33.698 | SUCCESS  | monitor:scan:235 - Changed : 758699
2026-07-27 15:40:33.708 | INFO     | storage:add_property:113 - Added Property 758699
2026-07-27 15:40:33.710 | SUCCESS  | storage:save_day:81 - 1405-03-25.json Saved
2026-07-27 15:40:33.712 | INFO     | state_manager:save:61 - State Saved
2026-07-27 15:40:33.712 | INFO     | monitor:scan:197 - Checking 758697
2026-07-27 15:40:33.712 | INFO     | api:get_file:84 - Loading File 126d4ac3-abc0-6bc2-f416-a551c162d742
2026-07-27 15:40:33.934 | SUCCESS  | monitor:scan:235 - Changed : 758697
2026-07-27 15:40:33.946 | INFO     | storage:add_property:113 - Added Property 758697
2026-07-27 15:40:33.948 | SUCCESS  | storage:save_day:81 - 1405-03-25.json Saved
2026-07-27 15:40:33.949 | INFO     | state_manager:save:61 - State Saved
2026-07-27 15:40:33.949 | INFO     | monitor:scan:197 - Checking 758693
2026-07-27 15:40:33.949 | INFO     | api:get_file:84 - Loading File 1b0a45f6-0b49-831d-2782-2db21fd7834e
2026-07-27 15:40:34.165 | SUCCESS  | monitor:scan:235 - Changed : 758693
2026-07-27 15:40:34.180 | INFO     | storage:add_property:113 - Added Property 758693
2026-07-27 15:40:34.182 | SUCCESS  | storage:save_day:81 - 1405-03-25.json Saved
2026-07-27 15:40:34.184 | INFO     | state_manager:save:61 - State Saved
2026-07-27 15:40:34.185 | INFO     | monitor:scan:197 - Checking 758690
2026-07-27 15:40:34.185 | INFO     | api:get_file:84 - Loading File 1b0a45ff-0644-af6b-e10a-21d522c26c44
2026-07-27 15:40:34.403 | SUCCESS  | monitor:scan:235 - Changed : 758690
2026-07-27 15:40:34.418 | INFO     | storage:add_property:113 - Added Property 758690
2026-07-27 15:40:34.420 | SUCCESS  | storage:save_day:81 - 1405-03-25.json Saved
2026-07-27 15:40:34.423 | INFO     | state_manager:save:61 - State Saved
2026-07-27 15:40:34.423 | INFO     | monitor:scan:197 - Checking 758689
2026-07-27 15:40:34.423 | INFO     | api:get_file:84 - Loading File 1b0a45f6-0b7a-4dc3-0f6f-ddbe8c0a0d40
2026-07-27 15:40:34.639 | SUCCESS  | monitor:scan:235 - Changed : 758689
2026-07-27 15:40:34.656 | INFO     | storage:add_property:113 - Added Property 758689
2026-07-27 15:40:34.658 | SUCCESS  | storage:save_day:81 - 1405-03-25.json Saved
2026-07-27 15:40:34.659 | INFO     | state_manager:save:61 - State Saved
2026-07-27 15:40:34.660 | INFO     | monitor:scan:197 - Checking 758685
2026-07-27 15:40:34.660 | INFO     | api:get_file:84 - Loading File 126d4ac3-d01c-802e-93fd-d06fcd2ae144
2026-07-27 15:40:34.878 | SUCCESS  | monitor:scan:235 - Changed : 758685
2026-07-27 15:40:34.892 | INFO     | storage:add_property:113 - Added Property 758685
2026-07-27 15:40:34.894 | SUCCESS  | storage:save_day:81 - 1405-03-25.json Saved
2026-07-27 15:40:34.896 | INFO     | state_manager:save:61 - State Saved
2026-07-27 15:40:34.896 | INFO     | monitor:scan:197 - Checking 758683
2026-07-27 15:40:34.896 | INFO     | api:get_file:84 - Loading File 126d4ab5-c147-1c2c-26b0-7297c2339b4b
2026-07-27 15:40:35.114 | SUCCESS  | monitor:scan:235 - Changed : 758683
2026-07-27 15:40:35.129 | INFO     | storage:add_property:113 - Added Property 758683
2026-07-27 15:40:35.131 | SUCCESS  | storage:save_day:81 - 1405-03-25.json Saved
2026-07-27 15:40:35.133 | INFO     | state_manager:save:61 - State Saved
2026-07-27 15:40:35.133 | INFO     | monitor:scan:197 - Checking 758681
2026-07-27 15:40:35.134 | INFO     | api:get_file:84 - Loading File 126d4ac3-b5ac-2c56-fc3b-eb1368f35747
2026-07-27 15:40:35.352 | SUCCESS  | monitor:scan:235 - Changed : 758681
2026-07-27 15:40:35.366 | INFO     | storage:add_property:113 - Added Property 758681
2026-07-27 15:40:35.368 | SUCCESS  | storage:save_day:81 - 1405-03-25.json Saved
2026-07-27 15:40:35.370 | INFO     | state_manager:save:61 - State Saved
2026-07-27 15:40:35.370 | INFO     | monitor:scan:197 - Checking 758676
2026-07-27 15:40:35.370 | INFO     | api:get_file:84 - Loading File 126d4ac3-8967-202f-32ab-c8059ff0ad49
2026-07-27 15:40:35.588 | SUCCESS  | monitor:scan:235 - Changed : 758676
2026-07-27 15:40:35.603 | INFO     | storage:add_property:113 - Added Property 758676
2026-07-27 15:40:35.605 | SUCCESS  | storage:save_day:81 - 1405-03-25.json Saved
2026-07-27 15:40:35.607 | INFO     | state_manager:save:61 - State Saved
2026-07-27 15:40:35.607 | INFO     | monitor:scan:197 - Checking 758675
2026-07-27 15:40:35.607 | INFO     | api:get_file:84 - Loading File 126d4ab5-c875-8add-e976-a4eae0036c4f
2026-07-27 15:40:35.828 | SUCCESS  | monitor:scan:235 - Changed : 758675
2026-07-27 15:40:35.841 | INFO     | storage:add_property:113 - Added Property 758675
2026-07-27 15:40:35.844 | SUCCESS  | storage:save_day:81 - 1405-03-25.json Saved
2026-07-27 15:40:35.846 | INFO     | state_manager:save:61 - State Saved
2026-07-27 15:40:35.846 | INFO     | monitor:scan:197 - Checking 758674
2026-07-27 15:40:35.846 | INFO     | api:get_file:84 - Loading File 126d4ac3-a202-6620-59a5-3d595d97aa40
2026-07-27 15:40:36.060 | SUCCESS  | monitor:scan:235 - Changed : 758674
2026-07-27 15:40:36.073 | INFO     | storage:add_property:113 - Added Property 758674
2026-07-27 15:40:36.075 | SUCCESS  | storage:save_day:81 - 1405-03-25.json Saved
2026-07-27 15:40:36.077 | INFO     | state_manager:save:61 - State Saved
2026-07-27 15:40:36.077 | INFO     | monitor:scan:197 - Checking 758673
2026-07-27 15:40:36.077 | INFO     | api:get_file:84 - Loading File 126d4ab5-7f4a-44cb-e9e6-0693f3d44444
2026-07-27 15:40:36.294 | SUCCESS  | monitor:scan:235 - Changed : 758673
2026-07-27 15:40:36.308 | INFO     | storage:add_property:113 - Added Property 758673
2026-07-27 15:40:36.310 | SUCCESS  | storage:save_day:81 - 1405-03-25.json Saved
2026-07-27 15:40:36.312 | INFO     | state_manager:save:61 - State Saved
2026-07-27 15:40:36.312 | INFO     | monitor:scan:197 - Checking 758671
2026-07-27 15:40:36.312 | INFO     | api:get_file:84 - Loading File 126d4ac4-022c-3044-c8b7-5485b3369146
2026-07-27 15:40:36.703 | SUCCESS  | monitor:scan:235 - Changed : 758671
2026-07-27 15:40:36.717 | INFO     | storage:add_property:113 - Added Property 758671
2026-07-27 15:40:36.719 | SUCCESS  | storage:save_day:81 - 1405-03-25.json Saved
2026-07-27 15:40:36.721 | INFO     | state_manager:save:61 - State Saved
2026-07-27 15:40:36.721 | INFO     | monitor:scan:197 - Checking 758650
2026-07-27 15:40:36.721 | INFO     | api:get_file:84 - Loading File 126d4ac3-8eaa-70a7-60bc-ba6ed4b5ef40
2026-07-27 15:40:37.116 | SUCCESS  | monitor:scan:235 - Changed : 758650
2026-07-27 15:40:37.130 | INFO     | storage:add_property:113 - Added Property 758650
2026-07-27 15:40:37.132 | SUCCESS  | storage:save_day:81 - 1405-03-25.json Saved
2026-07-27 15:40:37.134 | INFO     | state_manager:save:61 - State Saved
2026-07-27 15:40:37.134 | INFO     | monitor:scan:197 - Checking 758648
2026-07-27 15:40:37.134 | INFO     | api:get_file:84 - Loading File 126d4ab5-9e7b-72f6-03e2-29227fff6e4b
2026-07-27 15:40:37.532 | SUCCESS  | monitor:scan:235 - Changed : 758648
2026-07-27 15:40:37.549 | INFO     | storage:add_property:113 - Added Property 758648
2026-07-27 15:40:37.552 | SUCCESS  | storage:save_day:81 - 1405-03-25.json Saved
2026-07-27 15:40:37.554 | INFO     | state_manager:save:61 - State Saved
2026-07-27 15:40:37.554 | INFO     | monitor:scan:197 - Checking 732167
2026-07-27 15:40:37.554 | INFO     | api:get_file:84 - Loading File 126d3319-cb8a-6eb1-441a-ee20853b6d43
2026-07-27 15:40:37.941 | SUCCESS  | monitor:scan:235 - Changed : 732167
2026-07-27 15:40:37.951 | INFO     | storage:add_property:113 - Added Property 732167
2026-07-27 15:40:37.953 | SUCCESS  | storage:save_day:81 - 1405-03-25.json Saved
2026-07-27 15:40:37.955 | INFO     | state_manager:save:61 - State Saved
2026-07-27 15:40:37.956 | INFO     | monitor:scan:197 - Checking 720503
2026-07-27 15:40:37.956 | INFO     | api:get_file:84 - Loading File 126d2d7f-6efc-134b-8869-3e2e67673f4f
2026-07-27 15:40:38.354 | SUCCESS  | monitor:scan:235 - Changed : 720503
2026-07-27 15:40:38.369 | INFO     | storage:add_property:113 - Added Property 720503
2026-07-27 15:40:38.371 | SUCCESS  | storage:save_day:81 - 1405-03-25.json Saved
2026-07-27 15:40:38.373 | INFO     | state_manager:save:61 - State Saved
2026-07-27 15:40:38.373 | INFO     | monitor:scan:197 - Checking 715949
2026-07-27 15:40:38.373 | INFO     | api:get_file:84 - Loading File 1b0a45f6-03b9-7085-ed4e-6bac5cdb4946
2026-07-27 15:40:38.599 | SUCCESS  | monitor:scan:235 - Changed : 715949
2026-07-27 15:40:38.611 | INFO     | storage:add_property:113 - Added Property 715949
2026-07-27 15:40:38.614 | SUCCESS  | storage:save_day:81 - 1405-03-25.json Saved
2026-07-27 15:40:38.616 | INFO     | state_manager:save:61 - State Saved
2026-07-27 15:40:38.616 | INFO     | monitor:scan:197 - Checking 693002
2026-07-27 15:40:38.616 | INFO     | api:get_file:84 - Loading File 1b0a45ff-07db-4cee-8d3c-27d72fb76549
2026-07-27 15:40:38.829 | SUCCESS  | monitor:scan:235 - Changed : 693002
2026-07-27 15:40:38.843 | INFO     | storage:add_property:113 - Added Property 693002
2026-07-27 15:40:38.845 | SUCCESS  | storage:save_day:81 - 1405-03-25.json Saved
2026-07-27 15:40:38.847 | INFO     | state_manager:save:61 - State Saved
2026-07-27 15:40:38.847 | INFO     | monitor:scan:197 - Checking 691724
2026-07-27 15:40:38.847 | INFO     | api:get_file:84 - Loading File 1b0a45f6-0714-912c-77db-25d9f929cd4b
2026-07-27 15:40:39.234 | SUCCESS  | monitor:scan:235 - Changed : 691724
2026-07-27 15:40:39.243 | INFO     | storage:add_property:113 - Added Property 691724
2026-07-27 15:40:39.246 | SUCCESS  | storage:save_day:81 - 1405-03-25.json Saved
2026-07-27 15:40:39.248 | INFO     | state_manager:save:61 - State Saved
2026-07-27 15:40:39.249 | INFO     | monitor:scan:197 - Checking 689789
2026-07-27 15:40:39.249 | INFO     | api:get_file:84 - Loading File 1b0a45f6-041e-9980-d806-3459e242f24a
2026-07-27 15:40:39.640 | SUCCESS  | monitor:scan:235 - Changed : 689789
2026-07-27 15:40:39.647 | INFO     | storage:add_property:113 - Added Property 689789
2026-07-27 15:40:39.650 | SUCCESS  | storage:save_day:81 - 1405-03-25.json Saved
2026-07-27 15:40:39.652 | INFO     | state_manager:save:61 - State Saved
2026-07-27 15:40:39.652 | INFO     | monitor:scan:197 - Checking 689116
2026-07-27 15:40:39.652 | INFO     | api:get_file:84 - Loading File 126aeb83-5284-6b90-8e58-db5c2d72b24d
2026-07-27 15:40:40.046 | SUCCESS  | monitor:scan:235 - Changed : 689116
2026-07-27 15:40:40.058 | INFO     | storage:add_property:113 - Added Property 689116
2026-07-27 15:40:40.061 | SUCCESS  | storage:save_day:81 - 1405-03-25.json Saved
2026-07-27 15:40:40.063 | INFO     | state_manager:save:61 - State Saved
2026-07-27 15:40:40.063 | INFO     | monitor:scan:197 - Checking 688519
2026-07-27 15:40:40.063 | INFO     | api:get_file:84 - Loading File 1b0a45ff-053e-7fc9-0dc1-349a3a4c0a40
2026-07-27 15:40:40.450 | SUCCESS  | monitor:scan:235 - Changed : 688519
2026-07-27 15:40:40.465 | INFO     | storage:add_property:113 - Added Property 688519
2026-07-27 15:40:40.468 | SUCCESS  | storage:save_day:81 - 1405-03-25.json Saved
2026-07-27 15:40:40.470 | INFO     | state_manager:save:61 - State Saved
2026-07-27 15:40:40.470 | INFO     | monitor:scan:197 - Checking 687181
2026-07-27 15:40:40.470 | INFO     | api:get_file:84 - Loading File 1b0a45ff-ff0a-87a5-3788-957c4bf87748
2026-07-27 15:40:40.693 | SUCCESS  | monitor:scan:235 - Changed : 687181
2026-07-27 15:40:40.706 | INFO     | storage:add_property:113 - Added Property 687181
2026-07-27 15:40:40.709 | SUCCESS  | storage:save_day:81 - 1405-03-25.json Saved
2026-07-27 15:40:40.711 | INFO     | state_manager:save:61 - State Saved
2026-07-27 15:40:40.711 | INFO     | monitor:scan:197 - Checking 686281
2026-07-27 15:40:40.711 | INFO     | api:get_file:84 - Loading File 1b0a45f6-07eb-31ba-1f1b-d7d86004d44f
2026-07-27 15:40:41.106 | SUCCESS  | monitor:scan:235 - Changed : 686281
2026-07-27 15:40:41.119 | INFO     | storage:add_property:113 - Added Property 686281
2026-07-27 15:40:41.122 | SUCCESS  | storage:save_day:81 - 1405-03-25.json Saved
2026-07-27 15:40:41.124 | INFO     | state_manager:save:61 - State Saved
2026-07-27 15:40:41.124 | INFO     | monitor:scan:197 - Checking 684721
2026-07-27 15:40:41.124 | INFO     | api:get_file:84 - Loading File 126adf0d-eb5a-717c-60f7-61d9f83c9349
2026-07-27 15:40:41.344 | SUCCESS  | monitor:scan:235 - Changed : 684721
2026-07-27 15:40:41.358 | INFO     | storage:add_property:113 - Added Property 684721
2026-07-27 15:40:41.361 | SUCCESS  | storage:save_day:81 - 1405-03-25.json Saved
2026-07-27 15:40:41.363 | INFO     | state_manager:save:61 - State Saved
2026-07-27 15:40:41.363 | INFO     | monitor:scan:197 - Checking 758570
2026-07-27 15:40:41.363 | INFO     | api:get_file:84 - Loading File 126d4ab4-9d2d-51e7-b47b-a197a8448247
2026-07-27 15:40:41.768 | SUCCESS  | monitor:scan:235 - Changed : 758570
2026-07-27 15:40:41.769 | INFO     | storage:add_property:113 - Added Property 758570
2026-07-27 15:40:41.774 | SUCCESS  | storage:save_day:81 - 1405-03-24.json Saved
2026-07-27 15:40:41.778 | INFO     | state_manager:save:61 - State Saved
2026-07-27 15:40:41.778 | INFO     | monitor:scan:197 - Checking 758566
2026-07-27 15:40:41.778 | INFO     | api:get_file:84 - Loading File 126d4ab4-7491-29df-e07e-cc3f11ee2413
2026-07-27 15:40:42.001 | SUCCESS  | monitor:scan:235 - Changed : 758566
2026-07-27 15:40:42.013 | INFO     | storage:add_property:113 - Added Property 758566
2026-07-27 15:40:42.014 | SUCCESS  | storage:save_day:81 - 1405-03-24.json Saved
2026-07-27 15:40:42.016 | INFO     | state_manager:save:61 - State Saved
2026-07-27 15:40:42.016 | INFO     | monitor:scan:197 - Checking 758564
2026-07-27 15:40:42.016 | INFO     | api:get_file:84 - Loading File 126d4aa6-4080-986c-4939-c92590ea9f49
2026-07-27 15:40:42.409 | SUCCESS  | monitor:scan:235 - Changed : 758564
2026-07-27 15:40:42.422 | INFO     | storage:add_property:113 - Added Property 758564
2026-07-27 15:40:42.423 | SUCCESS  | storage:save_day:81 - 1405-03-24.json Saved
2026-07-27 15:40:42.425 | INFO     | state_manager:save:61 - State Saved
2026-07-27 15:40:42.426 | INFO     | monitor:scan:197 - Checking 758563
2026-07-27 15:40:42.426 | INFO     | api:get_file:84 - Loading File 126d4ab4-bd4b-270c-afe9-38f5ffff4541
2026-07-27 15:40:42.815 | SUCCESS  | monitor:scan:235 - Changed : 758563
2026-07-27 15:40:42.828 | INFO     | storage:add_property:113 - Added Property 758563
2026-07-27 15:40:42.829 | SUCCESS  | storage:save_day:81 - 1405-03-24.json Saved
2026-07-27 15:40:42.831 | INFO     | state_manager:save:61 - State Saved
2026-07-27 15:40:42.831 | INFO     | monitor:scan:197 - Checking 758562
2026-07-27 15:40:42.831 | INFO     | api:get_file:84 - Loading File 126d4ab4-8d3e-3835-05c5-538bb8fcf043
2026-07-27 15:40:43.052 | SUCCESS  | monitor:scan:235 - Changed : 758562
2026-07-27 15:40:43.064 | INFO     | storage:add_property:113 - Added Property 758562
2026-07-27 15:40:43.065 | SUCCESS  | storage:save_day:81 - 1405-03-24.json Saved
2026-07-27 15:40:43.068 | INFO     | state_manager:save:61 - State Saved
2026-07-27 15:40:43.068 | INFO     | monitor:scan:197 - Checking 758560
2026-07-27 15:40:43.068 | INFO     | api:get_file:84 - Loading File 126d4ab4-67b6-50a2-6220-05feaa7c0a40
2026-07-27 15:40:43.469 | SUCCESS  | monitor:scan:235 - Changed : 758560
2026-07-27 15:40:43.485 | INFO     | storage:add_property:113 - Added Property 758560
2026-07-27 15:40:43.486 | SUCCESS  | storage:save_day:81 - 1405-03-24.json Saved
2026-07-27 15:40:43.488 | INFO     | state_manager:save:61 - State Saved
2026-07-27 15:40:43.488 | INFO     | monitor:scan:197 - Checking 758557
2026-07-27 15:40:43.488 | INFO     | api:get_file:84 - Loading File 126d4ab4-6998-21c2-1211-0662aff2b546
2026-07-27 15:40:43.888 | SUCCESS  | monitor:scan:235 - Changed : 758557
2026-07-27 15:40:43.904 | INFO     | storage:add_property:113 - Added Property 758557
2026-07-27 15:40:43.905 | SUCCESS  | storage:save_day:81 - 1405-03-24.json Saved
2026-07-27 15:40:43.907 | INFO     | state_manager:save:61 - State Saved
2026-07-27 15:40:43.907 | INFO     | monitor:scan:197 - Checking 758549
2026-07-27 15:40:43.907 | INFO     | api:get_file:84 - Loading File 126d4a78-6c22-81f5-a929-4dbce0c9f74e
2026-07-27 15:40:44.306 | SUCCESS  | monitor:scan:235 - Changed : 758549
2026-07-27 15:40:44.319 | INFO     | storage:add_property:113 - Added Property 758549
2026-07-27 15:40:44.320 | SUCCESS  | storage:save_day:81 - 1405-03-24.json Saved
2026-07-27 15:40:44.322 | INFO     | state_manager:save:61 - State Saved
2026-07-27 15:40:44.323 | INFO     | monitor:scan:197 - Checking 758545
2026-07-27 15:40:44.323 | INFO     | api:get_file:84 - Loading File 1b0a45f6-07ee-c8da-5924-98b087c4764b
2026-07-27 15:40:44.536 | SUCCESS  | monitor:scan:235 - Changed : 758545
2026-07-27 15:40:44.546 | INFO     | storage:add_property:113 - Added Property 758545
2026-07-27 15:40:44.547 | SUCCESS  | storage:save_day:81 - 1405-03-24.json Saved
2026-07-27 15:40:44.549 | INFO     | state_manager:save:61 - State Saved
2026-07-27 15:40:44.549 | INFO     | monitor:scan:197 - Checking 758542
2026-07-27 15:40:44.549 | INFO     | api:get_file:84 - Loading File 126d4ab4-472c-5fa0-9835-a2373c21934b
2026-07-27 15:40:44.789 | SUCCESS  | monitor:scan:235 - Changed : 758542
2026-07-27 15:40:44.801 | INFO     | storage:add_property:113 - Added Property 758542
2026-07-27 15:40:44.803 | SUCCESS  | storage:save_day:81 - 1405-03-24.json Saved
2026-07-27 15:40:44.805 | INFO     | state_manager:save:61 - State Saved
2026-07-27 15:40:44.805 | INFO     | monitor:scan:197 - Checking 758541
2026-07-27 15:40:44.805 | INFO     | api:get_file:84 - Loading File 126d4ab4-bd78-90e7-f248-75e4352d6742
2026-07-27 15:40:45.185 | SUCCESS  | monitor:scan:235 - Changed : 758541
2026-07-27 15:40:45.193 | INFO     | storage:add_property:113 - Added Property 758541
2026-07-27 15:40:45.196 | SUCCESS  | storage:save_day:81 - 1405-03-24.json Saved
2026-07-27 15:40:45.199 | INFO     | state_manager:save:61 - State Saved
2026-07-27 15:40:45.200 | INFO     | monitor:scan:197 - Checking 758539
2026-07-27 15:40:45.200 | INFO     | api:get_file:84 - Loading File 126d4ab4-3f57-4f46-8044-6d14091f2d40
2026-07-27 15:40:45.586 | SUCCESS  | monitor:scan:235 - Changed : 758539
2026-07-27 15:40:45.594 | INFO     | storage:add_property:113 - Added Property 758539
2026-07-27 15:40:45.596 | SUCCESS  | storage:save_day:81 - 1405-03-24.json Saved
2026-07-27 15:40:45.599 | INFO     | state_manager:save:61 - State Saved
2026-07-27 15:40:45.599 | INFO     | monitor:scan:197 - Checking 758537
2026-07-27 15:40:45.599 | INFO     | api:get_file:84 - Loading File 126d4a77-8a64-9068-5b5b-f0b895898745
2026-07-27 15:40:45.820 | SUCCESS  | monitor:scan:235 - Changed : 758537
2026-07-27 15:40:45.834 | INFO     | storage:add_property:113 - Added Property 758537
2026-07-27 15:40:45.836 | SUCCESS  | storage:save_day:81 - 1405-03-24.json Saved
2026-07-27 15:40:45.838 | INFO     | state_manager:save:61 - State Saved
2026-07-27 15:40:45.838 | INFO     | monitor:scan:197 - Checking 758536
2026-07-27 15:40:45.838 | INFO     | api:get_file:84 - Loading File 126d4ab4-4428-7d46-b69a-40a671e2b947
2026-07-27 15:40:46.050 | SUCCESS  | monitor:scan:235 - Changed : 758536
2026-07-27 15:40:46.057 | INFO     | storage:add_property:113 - Added Property 758536
2026-07-27 15:40:46.059 | SUCCESS  | storage:save_day:81 - 1405-03-24.json Saved
2026-07-27 15:40:46.061 | INFO     | state_manager:save:61 - State Saved
2026-07-27 15:40:46.061 | INFO     | monitor:scan:197 - Checking 758531
2026-07-27 15:40:46.061 | INFO     | api:get_file:84 - Loading File 126d4aa6-42e6-7ac5-391d-33d9945e6f4c
2026-07-27 15:40:46.451 | SUCCESS  | monitor:scan:235 - Changed : 758531
2026-07-27 15:40:46.464 | INFO     | storage:add_property:113 - Added Property 758531
2026-07-27 15:40:46.466 | SUCCESS  | storage:save_day:81 - 1405-03-24.json Saved
2026-07-27 15:40:46.468 | INFO     | state_manager:save:61 - State Saved
2026-07-27 15:40:46.468 | INFO     | monitor:scan:197 - Checking 758528
2026-07-27 15:40:46.469 | INFO     | api:get_file:84 - Loading File 126d4ab4-b110-3746-88b3-dd70f3af0c45
2026-07-27 15:40:46.685 | SUCCESS  | monitor:scan:235 - Changed : 758528
2026-07-27 15:40:46.691 | INFO     | storage:add_property:113 - Added Property 758528
2026-07-27 15:40:46.693 | SUCCESS  | storage:save_day:81 - 1405-03-24.json Saved
2026-07-27 15:40:46.695 | INFO     | state_manager:save:61 - State Saved
2026-07-27 15:40:46.695 | INFO     | monitor:scan:197 - Checking 758527
2026-07-27 15:40:46.695 | INFO     | api:get_file:84 - Loading File 126d4ab4-bf80-93d3-1825-5f3387716b4b
2026-07-27 15:40:46.908 | SUCCESS  | monitor:scan:235 - Changed : 758527
2026-07-27 15:40:46.915 | INFO     | storage:add_property:113 - Added Property 758527
2026-07-27 15:40:46.917 | SUCCESS  | storage:save_day:81 - 1405-03-24.json Saved
2026-07-27 15:40:46.919 | INFO     | state_manager:save:61 - State Saved
2026-07-27 15:40:46.919 | INFO     | monitor:scan:197 - Checking 758526
2026-07-27 15:40:46.919 | INFO     | api:get_file:84 - Loading File 126d4ab4-4e99-229d-f2b4-c97b857d284d
2026-07-27 15:40:47.139 | SUCCESS  | monitor:scan:235 - Changed : 758526
2026-07-27 15:40:47.146 | INFO     | storage:add_property:113 - Added Property 758526
2026-07-27 15:40:47.148 | SUCCESS  | storage:save_day:81 - 1405-03-24.json Saved
2026-07-27 15:40:47.150 | INFO     | state_manager:save:61 - State Saved
2026-07-27 15:40:47.150 | INFO     | monitor:scan:197 - Checking 758521
2026-07-27 15:40:47.150 | INFO     | api:get_file:84 - Loading File 126d4aa6-443a-41d2-b0e6-41af6d9c8b45
2026-07-27 15:40:47.372 | SUCCESS  | monitor:scan:235 - Changed : 758521
2026-07-27 15:40:47.383 | INFO     | storage:add_property:113 - Added Property 758521
2026-07-27 15:40:47.386 | SUCCESS  | storage:save_day:81 - 1405-03-24.json Saved
2026-07-27 15:40:47.388 | INFO     | state_manager:save:61 - State Saved
2026-07-27 15:40:47.388 | INFO     | monitor:scan:197 - Checking 758520
2026-07-27 15:40:47.388 | INFO     | api:get_file:84 - Loading File 126d4ab4-7598-1267-0617-b84fb098cd45
2026-07-27 15:40:47.605 | SUCCESS  | monitor:scan:235 - Changed : 758520
2026-07-27 15:40:47.613 | INFO     | storage:add_property:113 - Added Property 758520
2026-07-27 15:40:47.615 | SUCCESS  | storage:save_day:81 - 1405-03-24.json Saved
2026-07-27 15:40:47.617 | INFO     | state_manager:save:61 - State Saved
2026-07-27 15:40:47.617 | INFO     | monitor:scan:197 - Checking 758517
2026-07-27 15:40:47.617 | INFO     | api:get_file:84 - Loading File 126d4ab4-903f-2288-5b62-88e97daef042
2026-07-27 15:40:47.831 | SUCCESS  | monitor:scan:235 - Changed : 758517
2026-07-27 15:40:47.838 | INFO     | storage:add_property:113 - Added Property 758517
2026-07-27 15:40:47.840 | SUCCESS  | storage:save_day:81 - 1405-03-24.json Saved
2026-07-27 15:40:47.842 | INFO     | state_manager:save:61 - State Saved
2026-07-27 15:40:47.842 | INFO     | monitor:scan:197 - Checking 758514
2026-07-27 15:40:47.842 | INFO     | api:get_file:84 - Loading File 126d4aa6-5752-5e9e-5536-e969cfd06c49
2026-07-27 15:40:48.058 | SUCCESS  | monitor:scan:235 - Changed : 758514
2026-07-27 15:40:48.065 | INFO     | storage:add_property:113 - Added Property 758514
2026-07-27 15:40:48.068 | SUCCESS  | storage:save_day:81 - 1405-03-24.json Saved
2026-07-27 15:40:48.070 | INFO     | state_manager:save:61 - State Saved
2026-07-27 15:40:48.070 | INFO     | monitor:scan:197 - Checking 744027
2026-07-27 15:40:48.070 | INFO     | api:get_file:84 - Loading File 126d3f33-a777-8ff2-8bd2-b7a85be1ce42
2026-07-27 15:40:48.291 | SUCCESS  | monitor:scan:235 - Changed : 744027
2026-07-27 15:40:48.301 | INFO     | storage:add_property:113 - Added Property 744027
2026-07-27 15:40:48.303 | SUCCESS  | storage:save_day:81 - 1405-03-24.json Saved
2026-07-27 15:40:48.305 | INFO     | state_manager:save:61 - State Saved
2026-07-27 15:40:48.305 | INFO     | monitor:scan:197 - Checking 694174
2026-07-27 15:40:48.306 | INFO     | api:get_file:84 - Loading File 126af713-80a4-3ccc-d38b-febe03547646
2026-07-27 15:40:48.534 | SUCCESS  | monitor:scan:235 - Changed : 694174
2026-07-27 15:40:48.544 | INFO     | storage:add_property:113 - Added Property 694174
2026-07-27 15:40:48.547 | SUCCESS  | storage:save_day:81 - 1405-03-24.json Saved
2026-07-27 15:40:48.548 | INFO     | state_manager:save:61 - State Saved
2026-07-27 15:40:48.549 | INFO     | monitor:scan:197 - Checking 694070
2026-07-27 15:40:48.549 | INFO     | api:get_file:84 - Loading File 1b0a45ff-0621-a5fc-3d9b-380a4f281b4e
2026-07-27 15:40:48.947 | SUCCESS  | monitor:scan:235 - Changed : 694070
2026-07-27 15:40:48.959 | INFO     | storage:add_property:113 - Added Property 694070
2026-07-27 15:40:48.962 | SUCCESS  | storage:save_day:81 - 1405-03-24.json Saved
2026-07-27 15:40:48.964 | INFO     | state_manager:save:61 - State Saved
2026-07-27 15:40:48.964 | INFO     | monitor:scan:197 - Checking 693676
2026-07-27 15:40:48.964 | INFO     | api:get_file:84 - Loading File 1b0a45f6-0f4c-ff3c-10ce-8aaffeeb924e
2026-07-27 15:40:49.185 | SUCCESS  | monitor:scan:235 - Changed : 693676
2026-07-27 15:40:49.192 | INFO     | storage:add_property:113 - Added Property 693676
2026-07-27 15:40:49.196 | SUCCESS  | storage:save_day:81 - 1405-03-24.json Saved
2026-07-27 15:40:49.197 | INFO     | state_manager:save:61 - State Saved
2026-07-27 15:40:49.198 | INFO     | monitor:scan:197 - Checking 692324
2026-07-27 15:40:49.198 | INFO     | api:get_file:84 - Loading File 1b0a45f6-1202-0a5d-d0cb-b5d41fc0c346
2026-07-27 15:40:49.412 | SUCCESS  | monitor:scan:235 - Changed : 692324
2026-07-27 15:40:49.420 | INFO     | storage:add_property:113 - Added Property 692324
2026-07-27 15:40:49.423 | SUCCESS  | storage:save_day:81 - 1405-03-24.json Saved
2026-07-27 15:40:49.425 | INFO     | state_manager:save:61 - State Saved
2026-07-27 15:40:49.425 | INFO     | monitor:scan:197 - Checking 691907
2026-07-27 15:40:49.425 | INFO     | api:get_file:84 - Loading File 1b0a45f6-07a0-46cc-3238-04294a026d44
2026-07-27 15:40:49.822 | SUCCESS  | monitor:scan:235 - Changed : 691907
2026-07-27 15:40:49.835 | INFO     | storage:add_property:113 - Added Property 691907
2026-07-27 15:40:49.838 | SUCCESS  | storage:save_day:81 - 1405-03-24.json Saved
2026-07-27 15:40:49.840 | INFO     | state_manager:save:61 - State Saved
2026-07-27 15:40:49.840 | INFO     | monitor:scan:197 - Checking 688606
2026-07-27 15:40:49.840 | INFO     | api:get_file:84 - Loading File 126aeb28-a985-6dc0-82e1-2f2cde3d5344
2026-07-27 15:40:50.235 | SUCCESS  | monitor:scan:235 - Changed : 688606
2026-07-27 15:40:50.244 | INFO     | storage:add_property:113 - Added Property 688606
2026-07-27 15:40:50.246 | SUCCESS  | storage:save_day:81 - 1405-03-24.json Saved
2026-07-27 15:40:50.248 | INFO     | state_manager:save:61 - State Saved
2026-07-27 15:40:50.248 | INFO     | monitor:scan:197 - Checking 686789
2026-07-27 15:40:50.249 | INFO     | api:get_file:84 - Loading File 1b0a45ff-06ac-332a-6beb-214720943542
2026-07-27 15:40:50.633 | SUCCESS  | monitor:scan:235 - Changed : 686789
2026-07-27 15:40:50.643 | INFO     | storage:add_property:113 - Added Property 686789
2026-07-27 15:40:50.646 | SUCCESS  | storage:save_day:81 - 1405-03-24.json Saved
2026-07-27 15:40:50.648 | INFO     | state_manager:save:61 - State Saved
2026-07-27 15:40:50.649 | INFO     | monitor:scan:197 - Checking 686627
2026-07-27 15:40:50.649 | INFO     | api:get_file:84 - Loading File 1b0a45f6-0756-2a16-d70f-0aff15940c43
2026-07-27 15:40:50.864 | SUCCESS  | monitor:scan:235 - Changed : 686627
2026-07-27 15:40:50.874 | INFO     | storage:add_property:113 - Added Property 686627
2026-07-27 15:40:50.878 | SUCCESS  | storage:save_day:81 - 1405-03-24.json Saved
2026-07-27 15:40:50.880 | INFO     | state_manager:save:61 - State Saved
2026-07-27 15:40:50.880 | INFO     | monitor:scan:197 - Checking 684165
2026-07-27 15:40:50.880 | INFO     | api:get_file:84 - Loading File 1b0a45f6-051f-1150-369d-14a85738f54e
2026-07-27 15:40:51.098 | SUCCESS  | monitor:scan:235 - Changed : 684165
2026-07-27 15:40:51.106 | INFO     | storage:add_property:113 - Added Property 684165
2026-07-27 15:40:51.109 | SUCCESS  | storage:save_day:81 - 1405-03-24.json Saved
2026-07-27 15:40:51.111 | INFO     | state_manager:save:61 - State Saved
2026-07-27 15:40:51.111 | INFO     | monitor:scan:197 - Checking 758453
2026-07-27 15:40:51.112 | INFO     | api:get_file:84 - Loading File 126d4a77-f492-8906-dd1b-99fa62fa4e42
2026-07-27 15:40:51.501 | SUCCESS  | monitor:scan:235 - Changed : 758453
2026-07-27 15:40:51.502 | INFO     | storage:add_property:113 - Added Property 758453
2026-07-27 15:40:51.503 | SUCCESS  | storage:save_day:81 - 1405-03-23.json Saved
2026-07-27 15:40:51.506 | INFO     | state_manager:save:61 - State Saved
2026-07-27 15:40:51.506 | INFO     | monitor:scan:197 - Checking 758451
2026-07-27 15:40:51.506 | INFO     | api:get_file:84 - Loading File 126d4a86-c2c9-8ecc-7b8b-1121ddf8d149
2026-07-27 15:40:51.955 | SUCCESS  | monitor:scan:235 - Changed : 758451
2026-07-27 15:40:51.966 | INFO     | storage:add_property:113 - Added Property 758451
2026-07-27 15:40:51.967 | SUCCESS  | storage:save_day:81 - 1405-03-23.json Saved
2026-07-27 15:40:51.968 | INFO     | state_manager:save:61 - State Saved
2026-07-27 15:40:51.969 | INFO     | monitor:scan:197 - Checking 758448
2026-07-27 15:40:51.969 | INFO     | api:get_file:84 - Loading File 126d4a86-9dd2-1f73-08ec-925f56da3e44
2026-07-27 15:40:52.185 | SUCCESS  | monitor:scan:235 - Changed : 758448
2026-07-27 15:40:52.195 | INFO     | storage:add_property:113 - Added Property 758448
2026-07-27 15:40:52.196 | SUCCESS  | storage:save_day:81 - 1405-03-23.json Saved
2026-07-27 15:40:52.199 | INFO     | state_manager:save:61 - State Saved
2026-07-27 15:40:52.199 | INFO     | monitor:scan:197 - Checking 758447
2026-07-27 15:40:52.199 | INFO     | api:get_file:84 - Loading File 126d4aa5-0c6b-7fd6-38ef-29e489dda44c
2026-07-27 15:40:52.413 | SUCCESS  | monitor:scan:235 - Changed : 758447
2026-07-27 15:40:52.424 | INFO     | storage:add_property:113 - Added Property 758447
2026-07-27 15:40:52.426 | SUCCESS  | storage:save_day:81 - 1405-03-23.json Saved
2026-07-27 15:40:52.427 | INFO     | state_manager:save:61 - State Saved
2026-07-27 15:40:52.428 | INFO     | monitor:scan:197 - Checking 758446
2026-07-27 15:40:52.428 | INFO     | api:get_file:84 - Loading File 126d4a86-ee20-93c1-65d4-6f248644b841
2026-07-27 15:40:52.821 | SUCCESS  | monitor:scan:235 - Changed : 758446
2026-07-27 15:40:52.831 | INFO     | storage:add_property:113 - Added Property 758446
2026-07-27 15:40:52.832 | SUCCESS  | storage:save_day:81 - 1405-03-23.json Saved
2026-07-27 15:40:52.834 | INFO     | state_manager:save:61 - State Saved
2026-07-27 15:40:52.834 | INFO     | monitor:scan:197 - Checking 758442
2026-07-27 15:40:52.834 | INFO     | api:get_file:84 - Loading File 126d4a87-b916-849e-d64c-510d98adc647
2026-07-27 15:40:53.224 | SUCCESS  | monitor:scan:235 - Changed : 758442
2026-07-27 15:40:53.232 | INFO     | storage:add_property:113 - Added Property 758442
2026-07-27 15:40:53.233 | SUCCESS  | storage:save_day:81 - 1405-03-23.json Saved
2026-07-27 15:40:53.235 | INFO     | state_manager:save:61 - State Saved
2026-07-27 15:40:53.235 | INFO     | monitor:scan:197 - Checking 758435
2026-07-27 15:40:53.235 | INFO     | api:get_file:84 - Loading File 126d4aa5-4ff1-9201-183e-967de10be84a
2026-07-27 15:40:53.450 | SUCCESS  | monitor:scan:235 - Changed : 758435
2026-07-27 15:40:53.458 | INFO     | storage:add_property:113 - Added Property 758435
2026-07-27 15:40:53.459 | SUCCESS  | storage:save_day:81 - 1405-03-23.json Saved
2026-07-27 15:40:53.461 | INFO     | state_manager:save:61 - State Saved
2026-07-27 15:40:53.461 | INFO     | monitor:scan:197 - Checking 758434
2026-07-27 15:40:53.461 | INFO     | api:get_file:84 - Loading File 126d4aa5-7520-7b94-f9f2-63a5590c6844
2026-07-27 15:40:53.681 | SUCCESS  | monitor:scan:235 - Changed : 758434
2026-07-27 15:40:53.692 | INFO     | storage:add_property:113 - Added Property 758434
2026-07-27 15:40:53.693 | SUCCESS  | storage:save_day:81 - 1405-03-23.json Saved
2026-07-27 15:40:53.695 | INFO     | state_manager:save:61 - State Saved
2026-07-27 15:40:53.696 | INFO     | monitor:scan:197 - Checking 758433
2026-07-27 15:40:53.696 | INFO     | api:get_file:84 - Loading File 126d4a86-c4c1-4e57-7783-128967dbec47
2026-07-27 15:40:54.083 | SUCCESS  | monitor:scan:235 - Changed : 758433
2026-07-27 15:40:54.096 | INFO     | storage:add_property:113 - Added Property 758433
2026-07-27 15:40:54.097 | SUCCESS  | storage:save_day:81 - 1405-03-23.json Saved
2026-07-27 15:40:54.100 | INFO     | state_manager:save:61 - State Saved
2026-07-27 15:40:54.100 | INFO     | monitor:scan:197 - Checking 758429
2026-07-27 15:40:54.100 | INFO     | api:get_file:84 - Loading File 126d4aa5-2329-2973-c37b-2b81693fb543
2026-07-27 15:40:54.499 | SUCCESS  | monitor:scan:235 - Changed : 758429
2026-07-27 15:40:54.507 | INFO     | storage:add_property:113 - Added Property 758429
2026-07-27 15:40:54.509 | SUCCESS  | storage:save_day:81 - 1405-03-23.json Saved
2026-07-27 15:40:54.511 | INFO     | state_manager:save:61 - State Saved
2026-07-27 15:40:54.511 | INFO     | monitor:scan:197 - Checking 758428
2026-07-27 15:40:54.511 | INFO     | api:get_file:84 - Loading File 126d4aa5-5253-134a-4b8d-34cdaa4b5945
2026-07-27 15:40:54.727 | SUCCESS  | monitor:scan:235 - Changed : 758428
2026-07-27 15:40:54.735 | INFO     | storage:add_property:113 - Added Property 758428
2026-07-27 15:40:54.736 | SUCCESS  | storage:save_day:81 - 1405-03-23.json Saved
2026-07-27 15:40:54.739 | INFO     | state_manager:save:61 - State Saved
2026-07-27 15:40:54.739 | INFO     | monitor:scan:197 - Checking 758427
2026-07-27 15:40:54.739 | INFO     | api:get_file:84 - Loading File 126d4a78-9481-2e04-8cc6-823ef9e2e24c
2026-07-27 15:40:55.132 | SUCCESS  | monitor:scan:235 - Changed : 758427
2026-07-27 15:40:55.142 | INFO     | storage:add_property:113 - Added Property 758427
2026-07-27 15:40:55.143 | SUCCESS  | storage:save_day:81 - 1405-03-23.json Saved
2026-07-27 15:40:55.145 | INFO     | state_manager:save:61 - State Saved
2026-07-27 15:40:55.145 | INFO     | monitor:scan:197 - Checking 758425
2026-07-27 15:40:55.146 | INFO     | api:get_file:84 - Loading File 126d4aa5-4428-26e9-9958-afd0d81a6943
2026-07-27 15:40:55.533 | SUCCESS  | monitor:scan:235 - Changed : 758425
2026-07-27 15:40:55.545 | INFO     | storage:add_property:113 - Added Property 758425
2026-07-27 15:40:55.547 | SUCCESS  | storage:save_day:81 - 1405-03-23.json Saved
2026-07-27 15:40:55.549 | INFO     | state_manager:save:61 - State Saved
2026-07-27 15:40:55.549 | INFO     | monitor:scan:197 - Checking 758424
2026-07-27 15:40:55.549 | INFO     | api:get_file:84 - Loading File 126d4a87-abfa-a20a-c4a8-7054f184145f
2026-07-27 15:40:55.962 | SUCCESS  | monitor:scan:235 - Changed : 758424
2026-07-27 15:40:55.973 | INFO     | storage:add_property:113 - Added Property 758424
2026-07-27 15:40:55.974 | SUCCESS  | storage:save_day:81 - 1405-03-23.json Saved
2026-07-27 15:40:55.976 | INFO     | state_manager:save:61 - State Saved
2026-07-27 15:40:55.976 | INFO     | monitor:scan:197 - Checking 758419
2026-07-27 15:40:55.977 | INFO     | api:get_file:84 - Loading File 126d4aa5-0487-4590-a1f6-a50f13148448
2026-07-27 15:40:56.374 | SUCCESS  | monitor:scan:235 - Changed : 758419
2026-07-27 15:40:56.384 | INFO     | storage:add_property:113 - Added Property 758419
2026-07-27 15:40:56.386 | SUCCESS  | storage:save_day:81 - 1405-03-23.json Saved
2026-07-27 15:40:56.388 | INFO     | state_manager:save:61 - State Saved
2026-07-27 15:40:56.388 | INFO     | monitor:scan:197 - Checking 758418
2026-07-27 15:40:56.388 | INFO     | api:get_file:84 - Loading File 126d4aa5-511d-4032-bb16-d5f07f38c64e
2026-07-27 15:40:56.777 | SUCCESS  | monitor:scan:235 - Changed : 758418
2026-07-27 15:40:56.791 | INFO     | storage:add_property:113 - Added Property 758418
2026-07-27 15:40:56.793 | SUCCESS  | storage:save_day:81 - 1405-03-23.json Saved
2026-07-27 15:40:56.795 | INFO     | state_manager:save:61 - State Saved
2026-07-27 15:40:56.795 | INFO     | monitor:scan:197 - Checking 758414
2026-07-27 15:40:56.795 | INFO     | api:get_file:84 - Loading File 126d4a77-b876-5011-d311-b1845875bb44
2026-07-27 15:40:57.013 | SUCCESS  | monitor:scan:235 - Changed : 758414
2026-07-27 15:40:57.023 | INFO     | storage:add_property:113 - Added Property 758414
2026-07-27 15:40:57.025 | SUCCESS  | storage:save_day:81 - 1405-03-23.json Saved
2026-07-27 15:40:57.028 | INFO     | state_manager:save:61 - State Saved
2026-07-27 15:40:57.028 | INFO     | monitor:scan:197 - Checking 758412
2026-07-27 15:40:57.028 | INFO     | api:get_file:84 - Loading File 126d4aa5-47e0-480e-120b-ae1470ba6c43
2026-07-27 15:40:57.245 | SUCCESS  | monitor:scan:235 - Changed : 758412
2026-07-27 15:40:57.255 | INFO     | storage:add_property:113 - Added Property 758412
2026-07-27 15:40:57.257 | SUCCESS  | storage:save_day:81 - 1405-03-23.json Saved
2026-07-27 15:40:57.259 | INFO     | state_manager:save:61 - State Saved
2026-07-27 15:40:57.259 | INFO     | monitor:scan:197 - Checking 758411
2026-07-27 15:40:57.260 | INFO     | api:get_file:84 - Loading File 1b0a45f6-0794-7d89-97c0-af4c8b7bcc4c
2026-07-27 15:40:57.475 | SUCCESS  | monitor:scan:235 - Changed : 758411
2026-07-27 15:40:57.486 | INFO     | storage:add_property:113 - Added Property 758411
2026-07-27 15:40:57.488 | SUCCESS  | storage:save_day:81 - 1405-03-23.json Saved
2026-07-27 15:40:57.490 | INFO     | state_manager:save:61 - State Saved
2026-07-27 15:40:57.490 | INFO     | monitor:scan:197 - Checking 758403
2026-07-27 15:40:57.491 | INFO     | api:get_file:84 - Loading File 126d4a86-7a50-7562-e6d0-15dc0a920c4c
2026-07-27 15:40:57.705 | SUCCESS  | monitor:scan:235 - Changed : 758403
2026-07-27 15:40:57.714 | INFO     | storage:add_property:113 - Added Property 758403
2026-07-27 15:40:57.717 | SUCCESS  | storage:save_day:81 - 1405-03-23.json Saved
2026-07-27 15:40:57.719 | INFO     | state_manager:save:61 - State Saved
2026-07-27 15:40:57.719 | INFO     | monitor:scan:197 - Checking 758402
2026-07-27 15:40:57.719 | INFO     | api:get_file:84 - Loading File 126d4aa5-31e3-1417-8a0c-57d930fa4144
2026-07-27 15:40:57.935 | SUCCESS  | monitor:scan:235 - Changed : 758402
2026-07-27 15:40:57.946 | INFO     | storage:add_property:113 - Added Property 758402
2026-07-27 15:40:57.949 | SUCCESS  | storage:save_day:81 - 1405-03-23.json Saved
2026-07-27 15:40:57.951 | INFO     | state_manager:save:61 - State Saved
2026-07-27 15:40:57.951 | INFO     | monitor:scan:197 - Checking 758400
2026-07-27 15:40:57.951 | INFO     | api:get_file:84 - Loading File 126d4a86-c934-6c6c-7044-df044ea61b44
2026-07-27 15:40:58.171 | SUCCESS  | monitor:scan:235 - Changed : 758400
2026-07-27 15:40:58.181 | INFO     | storage:add_property:113 - Added Property 758400
2026-07-27 15:40:58.183 | SUCCESS  | storage:save_day:81 - 1405-03-23.json Saved
2026-07-27 15:40:58.185 | INFO     | state_manager:save:61 - State Saved
2026-07-27 15:40:58.185 | INFO     | monitor:scan:197 - Checking 758398
2026-07-27 15:40:58.185 | INFO     | api:get_file:84 - Loading File 126d4aa5-531c-6ccf-35eb-0101c4fe3d4d
2026-07-27 15:40:58.404 | SUCCESS  | monitor:scan:235 - Changed : 758398
2026-07-27 15:40:58.411 | INFO     | storage:add_property:113 - Added Property 758398
2026-07-27 15:40:58.414 | SUCCESS  | storage:save_day:81 - 1405-03-23.json Saved
2026-07-27 15:40:58.416 | INFO     | state_manager:save:61 - State Saved
2026-07-27 15:40:58.417 | INFO     | monitor:scan:197 - Checking 758390
2026-07-27 15:40:58.417 | INFO     | api:get_file:84 - Loading File 126d4aa5-318b-1634-0ad7-9ec1feb53540
2026-07-27 15:40:58.635 | SUCCESS  | monitor:scan:235 - Changed : 758390
2026-07-27 15:40:58.645 | INFO     | storage:add_property:113 - Added Property 758390
2026-07-27 15:40:58.647 | SUCCESS  | storage:save_day:81 - 1405-03-23.json Saved
2026-07-27 15:40:58.649 | INFO     | state_manager:save:61 - State Saved
2026-07-27 15:40:58.649 | INFO     | monitor:scan:197 - Checking 758389
2026-07-27 15:40:58.649 | INFO     | api:get_file:84 - Loading File 1b0a45f6-1880-531e-bf3e-b66006e9f548
2026-07-27 15:40:58.869 | SUCCESS  | monitor:scan:235 - Changed : 758389
2026-07-27 15:40:58.880 | INFO     | storage:add_property:113 - Added Property 758389
2026-07-27 15:40:58.883 | SUCCESS  | storage:save_day:81 - 1405-03-23.json Saved
2026-07-27 15:40:58.885 | INFO     | state_manager:save:61 - State Saved
2026-07-27 15:40:58.885 | INFO     | monitor:scan:197 - Checking 758383
2026-07-27 15:40:58.886 | INFO     | api:get_file:84 - Loading File 126d4a77-7f78-2810-40e8-77f879d46a4a
2026-07-27 15:40:59.103 | SUCCESS  | monitor:scan:235 - Changed : 758383
2026-07-27 15:40:59.111 | INFO     | storage:add_property:113 - Added Property 758383
2026-07-27 15:40:59.113 | SUCCESS  | storage:save_day:81 - 1405-03-23.json Saved
2026-07-27 15:40:59.115 | INFO     | state_manager:save:61 - State Saved
2026-07-27 15:40:59.115 | INFO     | monitor:scan:197 - Checking 758381
2026-07-27 15:40:59.115 | INFO     | api:get_file:84 - Loading File 126d4aa5-0ce6-73fd-aff4-2f99e9067441
2026-07-27 15:40:59.342 | SUCCESS  | monitor:scan:235 - Changed : 758381
2026-07-27 15:40:59.351 | INFO     | storage:add_property:113 - Added Property 758381
2026-07-27 15:40:59.354 | SUCCESS  | storage:save_day:81 - 1405-03-23.json Saved
2026-07-27 15:40:59.356 | INFO     | state_manager:save:61 - State Saved
2026-07-27 15:40:59.356 | INFO     | monitor:scan:197 - Checking 758379
2026-07-27 15:40:59.356 | INFO     | api:get_file:84 - Loading File 126d4a77-7e46-a916-2a0a-e31506085465
2026-07-27 15:40:59.606 | SUCCESS  | monitor:scan:235 - Changed : 758379
2026-07-27 15:40:59.617 | INFO     | storage:add_property:113 - Added Property 758379
2026-07-27 15:40:59.621 | SUCCESS  | storage:save_day:81 - 1405-03-23.json Saved
2026-07-27 15:40:59.623 | INFO     | state_manager:save:61 - State Saved
2026-07-27 15:40:59.623 | INFO     | monitor:scan:197 - Checking 758374
2026-07-27 15:40:59.623 | INFO     | api:get_file:84 - Loading File 126d4a78-7b23-35db-040f-84505c81584a
2026-07-27 15:40:59.880 | SUCCESS  | monitor:scan:235 - Changed : 758374
2026-07-27 15:40:59.891 | INFO     | storage:add_property:113 - Added Property 758374
2026-07-27 15:40:59.895 | SUCCESS  | storage:save_day:81 - 1405-03-23.json Saved
2026-07-27 15:40:59.897 | INFO     | state_manager:save:61 - State Saved
2026-07-27 15:40:59.897 | INFO     | monitor:scan:197 - Checking 758373
2026-07-27 15:40:59.897 | INFO     | api:get_file:84 - Loading File 126d4a87-ac69-2727-c5d0-de2218e34d4f
2026-07-27 15:41:00.126 | SUCCESS  | monitor:scan:235 - Changed : 758373
2026-07-27 15:41:00.138 | INFO     | storage:add_property:113 - Added Property 758373
2026-07-27 15:41:00.140 | SUCCESS  | storage:save_day:81 - 1405-03-23.json Saved
2026-07-27 15:41:00.142 | INFO     | state_manager:save:61 - State Saved
2026-07-27 15:41:00.142 | INFO     | monitor:scan:197 - Checking 758372
2026-07-27 15:41:00.142 | INFO     | api:get_file:84 - Loading File 126d4aa5-248e-1da3-1ae4-08ca1b75d04f
2026-07-27 15:41:00.363 | SUCCESS  | monitor:scan:235 - Changed : 758372
2026-07-27 15:41:00.372 | INFO     | storage:add_property:113 - Added Property 758372
2026-07-27 15:41:00.376 | SUCCESS  | storage:save_day:81 - 1405-03-23.json Saved
2026-07-27 15:41:00.378 | INFO     | state_manager:save:61 - State Saved
2026-07-27 15:41:00.378 | INFO     | monitor:scan:197 - Checking 758369
2026-07-27 15:41:00.378 | INFO     | api:get_file:84 - Loading File 126d4a87-a9ac-8511-5530-3ff90f60bf45
2026-07-27 15:41:00.960 | SUCCESS  | monitor:scan:235 - Changed : 758369
2026-07-27 15:41:00.972 | INFO     | storage:add_property:113 - Added Property 758369
2026-07-27 15:41:00.976 | SUCCESS  | storage:save_day:81 - 1405-03-23.json Saved
2026-07-27 15:41:00.978 | INFO     | state_manager:save:61 - State Saved
2026-07-27 15:41:00.978 | INFO     | monitor:scan:197 - Checking 731926
2026-07-27 15:41:00.978 | INFO     | api:get_file:84 - Loading File 126d32dd-f464-3f05-2ac8-a229f1b86541
2026-07-27 15:41:01.381 | SUCCESS  | monitor:scan:235 - Changed : 731926
2026-07-27 15:41:01.394 | INFO     | storage:add_property:113 - Added Property 731926
2026-07-27 15:41:01.397 | SUCCESS  | storage:save_day:81 - 1405-03-23.json Saved
2026-07-27 15:41:01.399 | INFO     | state_manager:save:61 - State Saved
2026-07-27 15:41:01.399 | INFO     | monitor:scan:197 - Checking 715061
2026-07-27 15:41:01.400 | INFO     | api:get_file:84 - Loading File 126b0f75-3b74-4009-70be-bf34dc3e3342
2026-07-27 15:41:01.792 | SUCCESS  | monitor:scan:235 - Changed : 715061
2026-07-27 15:41:01.800 | INFO     | storage:add_property:113 - Added Property 715061
2026-07-27 15:41:01.803 | SUCCESS  | storage:save_day:81 - 1405-03-23.json Saved
2026-07-27 15:41:01.805 | INFO     | state_manager:save:61 - State Saved
2026-07-27 15:41:01.805 | INFO     | monitor:scan:197 - Checking 713544
2026-07-27 15:41:01.805 | INFO     | api:get_file:84 - Loading File 126b0e52-92d5-90da-b057-73894841e64e
2026-07-27 15:41:02.023 | SUCCESS  | monitor:scan:235 - Changed : 713544
2026-07-27 15:41:02.035 | INFO     | storage:add_property:113 - Added Property 713544
2026-07-27 15:41:02.039 | SUCCESS  | storage:save_day:81 - 1405-03-23.json Saved
2026-07-27 15:41:02.041 | INFO     | state_manager:save:61 - State Saved
2026-07-27 15:41:02.041 | INFO     | monitor:scan:125 - Loading Page 12
2026-07-27 15:41:02.041 | INFO     | api:get_files:60 - Loading Page 12
2026-07-27 15:41:05.731 | INFO     | monitor:scan:197 - Checking 712178
2026-07-27 15:41:05.731 | INFO     | api:get_file:84 - Loading File 1b0a45f6-066c-c888-16d7-10bcc3f7f947
2026-07-27 15:41:05.949 | SUCCESS  | monitor:scan:235 - Changed : 712178
2026-07-27 15:41:05.958 | INFO     | storage:add_property:113 - Added Property 712178
2026-07-27 15:41:05.962 | SUCCESS  | storage:save_day:81 - 1405-03-23.json Saved
2026-07-27 15:41:05.964 | INFO     | state_manager:save:61 - State Saved
2026-07-27 15:41:05.964 | INFO     | monitor:scan:197 - Checking 689768
2026-07-27 15:41:05.964 | INFO     | api:get_file:84 - Loading File 126af00b-e38f-7103-263a-4186fc19014c
2026-07-27 15:41:06.183 | SUCCESS  | monitor:scan:235 - Changed : 689768
2026-07-27 15:41:06.191 | INFO     | storage:add_property:113 - Added Property 689768
2026-07-27 15:41:06.194 | SUCCESS  | storage:save_day:81 - 1405-03-23.json Saved
2026-07-27 15:41:06.196 | INFO     | state_manager:save:61 - State Saved
2026-07-27 15:41:06.196 | INFO     | monitor:scan:197 - Checking 687119
2026-07-27 15:41:06.197 | INFO     | api:get_file:84 - Loading File 1b0a45f6-06c0-34c8-14c7-846eccf92048
2026-07-27 15:41:06.408 | SUCCESS  | monitor:scan:235 - Changed : 687119
2026-07-27 15:41:06.416 | INFO     | storage:add_property:113 - Added Property 687119
2026-07-27 15:41:06.419 | SUCCESS  | storage:save_day:81 - 1405-03-23.json Saved
2026-07-27 15:41:06.421 | INFO     | state_manager:save:61 - State Saved
2026-07-27 15:41:06.421 | INFO     | monitor:scan:197 - Checking 686118
2026-07-27 15:41:06.421 | INFO     | api:get_file:84 - Loading File 1b0a45f6-0d46-2f60-565c-d6d8119e8b49
2026-07-27 15:41:06.634 | SUCCESS  | monitor:scan:235 - Changed : 686118
2026-07-27 15:41:06.642 | INFO     | storage:add_property:113 - Added Property 686118
2026-07-27 15:41:06.647 | SUCCESS  | storage:save_day:81 - 1405-03-23.json Saved
2026-07-27 15:41:06.648 | INFO     | state_manager:save:61 - State Saved
2026-07-27 15:41:06.649 | INFO     | monitor:scan:197 - Checking 758248
2026-07-27 15:41:06.649 | INFO     | api:get_file:84 - Loading File 126d4a77-d098-659b-37f1-32ebe0d5f349
2026-07-27 15:41:07.046 | SUCCESS  | monitor:scan:235 - Changed : 758248
2026-07-27 15:41:07.046 | INFO     | storage:add_property:113 - Added Property 758248
2026-07-27 15:41:07.047 | SUCCESS  | storage:save_day:81 - 1405-03-20.json Saved
2026-07-27 15:41:07.050 | INFO     | state_manager:save:61 - State Saved
2026-07-27 15:41:07.050 | INFO     | monitor:scan:197 - Checking 758240
2026-07-27 15:41:07.050 | INFO     | api:get_file:84 - Loading File 126d4a77-b1e4-7c00-192a-8370db03004c
2026-07-27 15:41:07.272 | SUCCESS  | monitor:scan:235 - Changed : 758240
2026-07-27 15:41:07.281 | INFO     | storage:add_property:113 - Added Property 758240
2026-07-27 15:41:07.282 | SUCCESS  | storage:save_day:81 - 1405-03-20.json Saved
2026-07-27 15:41:07.283 | INFO     | state_manager:save:61 - State Saved
2026-07-27 15:41:07.284 | INFO     | monitor:scan:197 - Checking 758239
2026-07-27 15:41:07.284 | INFO     | api:get_file:84 - Loading File 126d4a77-3a61-3f34-3d77-708c30e3aa41
2026-07-27 15:41:07.501 | SUCCESS  | monitor:scan:235 - Changed : 758239
2026-07-27 15:41:07.508 | INFO     | storage:add_property:113 - Added Property 758239
2026-07-27 15:41:07.510 | SUCCESS  | storage:save_day:81 - 1405-03-20.json Saved
2026-07-27 15:41:07.512 | INFO     | state_manager:save:61 - State Saved
2026-07-27 15:41:07.512 | INFO     | monitor:scan:197 - Checking 758235
2026-07-27 15:41:07.512 | INFO     | api:get_file:84 - Loading File 126d4a69-113f-2c0b-07b2-b5bb7c41414a
2026-07-27 15:41:07.728 | SUCCESS  | monitor:scan:235 - Changed : 758235
2026-07-27 15:41:07.738 | INFO     | storage:add_property:113 - Added Property 758235
2026-07-27 15:41:07.739 | SUCCESS  | storage:save_day:81 - 1405-03-20.json Saved
2026-07-27 15:41:07.741 | INFO     | state_manager:save:61 - State Saved
2026-07-27 15:41:07.741 | INFO     | monitor:scan:197 - Checking 758229
2026-07-27 15:41:07.741 | INFO     | api:get_file:84 - Loading File 126d4a77-5d11-3578-0702-7a2e786a1144
2026-07-27 15:41:08.133 | SUCCESS  | monitor:scan:235 - Changed : 758229
2026-07-27 15:41:08.147 | INFO     | storage:add_property:113 - Added Property 758229
2026-07-27 15:41:08.148 | SUCCESS  | storage:save_day:81 - 1405-03-20.json Saved
2026-07-27 15:41:08.150 | INFO     | state_manager:save:61 - State Saved
2026-07-27 15:41:08.150 | INFO     | monitor:scan:197 - Checking 758226
2026-07-27 15:41:08.150 | INFO     | api:get_file:84 - Loading File 126d4a69-2659-86e9-7233-c9a79aec7f4e
2026-07-27 15:41:08.534 | SUCCESS  | monitor:scan:235 - Changed : 758226
2026-07-27 15:41:08.545 | INFO     | storage:add_property:113 - Added Property 758226
2026-07-27 15:41:08.546 | SUCCESS  | storage:save_day:81 - 1405-03-20.json Saved
2026-07-27 15:41:08.548 | INFO     | state_manager:save:61 - State Saved
2026-07-27 15:41:08.548 | INFO     | monitor:scan:197 - Checking 758221
2026-07-27 15:41:08.548 | INFO     | api:get_file:84 - Loading File 126d4a77-5d14-655c-deda-74014bde7e49
2026-07-27 15:41:08.762 | SUCCESS  | monitor:scan:235 - Changed : 758221
2026-07-27 15:41:08.776 | INFO     | storage:add_property:113 - Added Property 758221
2026-07-27 15:41:08.777 | SUCCESS  | storage:save_day:81 - 1405-03-20.json Saved
2026-07-27 15:41:08.779 | INFO     | state_manager:save:61 - State Saved
2026-07-27 15:41:08.780 | INFO     | monitor:scan:197 - Checking 758219
2026-07-27 15:41:08.780 | INFO     | api:get_file:84 - Loading File 126d4a77-83d2-6204-90b4-a2ba210c884e
2026-07-27 15:41:08.992 | SUCCESS  | monitor:scan:235 - Changed : 758219
2026-07-27 15:41:09.000 | INFO     | storage:add_property:113 - Added Property 758219
2026-07-27 15:41:09.002 | SUCCESS  | storage:save_day:81 - 1405-03-20.json Saved
2026-07-27 15:41:09.003 | INFO     | state_manager:save:61 - State Saved
2026-07-27 15:41:09.004 | INFO     | monitor:scan:197 - Checking 758218
2026-07-27 15:41:09.004 | INFO     | api:get_file:84 - Loading File 1b0a45f6-0476-ff9b-55c7-4d5fbd2a3e40
2026-07-27 15:41:09.387 | SUCCESS  | monitor:scan:235 - Changed : 758218
2026-07-27 15:41:09.399 | INFO     | storage:add_property:113 - Added Property 758218
2026-07-27 15:41:09.401 | SUCCESS  | storage:save_day:81 - 1405-03-20.json Saved
2026-07-27 15:41:09.403 | INFO     | state_manager:save:61 - State Saved
2026-07-27 15:41:09.403 | INFO     | monitor:scan:197 - Checking 758216
2026-07-27 15:41:09.403 | INFO     | api:get_file:84 - Loading File 126d4a77-a998-226e-6cc8-8e932de1a040
2026-07-27 15:41:09.798 | SUCCESS  | monitor:scan:235 - Changed : 758216
2026-07-27 15:41:09.811 | INFO     | storage:add_property:113 - Added Property 758216
2026-07-27 15:41:09.813 | SUCCESS  | storage:save_day:81 - 1405-03-20.json Saved
2026-07-27 15:41:09.815 | INFO     | state_manager:save:61 - State Saved
2026-07-27 15:41:09.816 | INFO     | monitor:scan:197 - Checking 758213
2026-07-27 15:41:09.816 | INFO     | api:get_file:84 - Loading File 126d4a77-3e4f-891e-567c-ba887384394e
2026-07-27 15:41:10.204 | SUCCESS  | monitor:scan:235 - Changed : 758213
2026-07-27 15:41:10.212 | INFO     | storage:add_property:113 - Added Property 758213
2026-07-27 15:41:10.214 | SUCCESS  | storage:save_day:81 - 1405-03-20.json Saved
2026-07-27 15:41:10.216 | INFO     | state_manager:save:61 - State Saved
2026-07-27 15:41:10.216 | INFO     | monitor:scan:197 - Checking 758211
2026-07-27 15:41:10.216 | INFO     | api:get_file:84 - Loading File 126d4a77-9415-981b-90f5-a6aad7a7194e
2026-07-27 15:41:10.434 | SUCCESS  | monitor:scan:235 - Changed : 758211
2026-07-27 15:41:10.443 | INFO     | storage:add_property:113 - Added Property 758211
2026-07-27 15:41:10.445 | SUCCESS  | storage:save_day:81 - 1405-03-20.json Saved
2026-07-27 15:41:10.447 | INFO     | state_manager:save:61 - State Saved
2026-07-27 15:41:10.447 | INFO     | monitor:scan:197 - Checking 758209
2026-07-27 15:41:10.447 | INFO     | api:get_file:84 - Loading File 126d4a77-a76b-65fc-efb1-c9b432645849
2026-07-27 15:41:10.657 | SUCCESS  | monitor:scan:235 - Changed : 758209
2026-07-27 15:41:10.669 | INFO     | storage:add_property:113 - Added Property 758209
2026-07-27 15:41:10.670 | SUCCESS  | storage:save_day:81 - 1405-03-20.json Saved
2026-07-27 15:41:10.672 | INFO     | state_manager:save:61 - State Saved
2026-07-27 15:41:10.672 | INFO     | monitor:scan:197 - Checking 758207
2026-07-27 15:41:10.672 | INFO     | api:get_file:84 - Loading File 126d4a77-3bc8-4aa4-8205-b9a2c4bdf444
2026-07-27 15:41:10.882 | SUCCESS  | monitor:scan:235 - Changed : 758207
2026-07-27 15:41:10.895 | INFO     | storage:add_property:113 - Added Property 758207
2026-07-27 15:41:10.896 | SUCCESS  | storage:save_day:81 - 1405-03-20.json Saved
2026-07-27 15:41:10.898 | INFO     | state_manager:save:61 - State Saved
2026-07-27 15:41:10.898 | INFO     | monitor:scan:197 - Checking 758201
2026-07-27 15:41:10.898 | INFO     | api:get_file:84 - Loading File 126d4a77-62a9-484e-f047-413cb3954a4c
2026-07-27 15:41:11.295 | SUCCESS  | monitor:scan:235 - Changed : 758201
2026-07-27 15:41:11.303 | INFO     | storage:add_property:113 - Added Property 758201
2026-07-27 15:41:11.305 | SUCCESS  | storage:save_day:81 - 1405-03-20.json Saved
2026-07-27 15:41:11.307 | INFO     | state_manager:save:61 - State Saved
2026-07-27 15:41:11.307 | INFO     | monitor:scan:197 - Checking 758197
2026-07-27 15:41:11.307 | INFO     | api:get_file:84 - Loading File 126d4a69-0dc3-88f7-9671-b2b0d19d0c4a
2026-07-27 15:41:11.874 | SUCCESS  | monitor:scan:235 - Changed : 758197
2026-07-27 15:41:11.885 | INFO     | storage:add_property:113 - Added Property 758197
2026-07-27 15:41:11.887 | SUCCESS  | storage:save_day:81 - 1405-03-20.json Saved
2026-07-27 15:41:11.889 | INFO     | state_manager:save:61 - State Saved
2026-07-27 15:41:11.889 | INFO     | monitor:scan:197 - Checking 758195
2026-07-27 15:41:11.889 | INFO     | api:get_file:84 - Loading File 126d4a77-8220-38aa-ab47-fc5f2562d94d
2026-07-27 15:41:12.112 | SUCCESS  | monitor:scan:235 - Changed : 758195
2026-07-27 15:41:12.123 | INFO     | storage:add_property:113 - Added Property 758195
2026-07-27 15:41:12.125 | SUCCESS  | storage:save_day:81 - 1405-03-20.json Saved
2026-07-27 15:41:12.127 | INFO     | state_manager:save:61 - State Saved
2026-07-27 15:41:12.127 | INFO     | monitor:scan:197 - Checking 758189
2026-07-27 15:41:12.127 | INFO     | api:get_file:84 - Loading File 1b0a45f6-0e5f-b289-c3f9-e330d521884f
2026-07-27 15:41:12.346 | SUCCESS  | monitor:scan:235 - Changed : 758189
2026-07-27 15:41:12.355 | INFO     | storage:add_property:113 - Added Property 758189
2026-07-27 15:41:12.358 | SUCCESS  | storage:save_day:81 - 1405-03-20.json Saved
2026-07-27 15:41:12.360 | INFO     | state_manager:save:61 - State Saved
2026-07-27 15:41:12.360 | INFO     | monitor:scan:197 - Checking 758188
2026-07-27 15:41:12.360 | INFO     | api:get_file:84 - Loading File 126d4a77-315e-8f1f-bb53-e48be703b445
2026-07-27 15:41:12.754 | SUCCESS  | monitor:scan:235 - Changed : 758188
2026-07-27 15:41:12.768 | INFO     | storage:add_property:113 - Added Property 758188
2026-07-27 15:41:12.770 | SUCCESS  | storage:save_day:81 - 1405-03-20.json Saved
2026-07-27 15:41:12.772 | INFO     | state_manager:save:61 - State Saved
2026-07-27 15:41:12.772 | INFO     | monitor:scan:197 - Checking 758187
2026-07-27 15:41:12.772 | INFO     | api:get_file:84 - Loading File 126d4a77-3f7c-6113-97c5-a3b3fb6a204d
2026-07-27 15:41:13.170 | SUCCESS  | monitor:scan:235 - Changed : 758187
2026-07-27 15:41:13.183 | INFO     | storage:add_property:113 - Added Property 758187
2026-07-27 15:41:13.185 | SUCCESS  | storage:save_day:81 - 1405-03-20.json Saved
2026-07-27 15:41:13.187 | INFO     | state_manager:save:61 - State Saved
2026-07-27 15:41:13.187 | INFO     | monitor:scan:197 - Checking 758184
2026-07-27 15:41:13.187 | INFO     | api:get_file:84 - Loading File 126d4a77-9315-8322-4842-63a79bcf4a44
2026-07-27 15:41:13.579 | SUCCESS  | monitor:scan:235 - Changed : 758184
2026-07-27 15:41:13.590 | INFO     | storage:add_property:113 - Added Property 758184
2026-07-27 15:41:13.593 | SUCCESS  | storage:save_day:81 - 1405-03-20.json Saved
2026-07-27 15:41:13.595 | INFO     | state_manager:save:61 - State Saved
2026-07-27 15:41:13.595 | INFO     | monitor:scan:197 - Checking 758183
2026-07-27 15:41:13.595 | INFO     | api:get_file:84 - Loading File 1b0a45ff-0719-3ad8-0c6e-7ac782527e40
2026-07-27 15:41:13.814 | SUCCESS  | monitor:scan:235 - Changed : 758183
2026-07-27 15:41:13.825 | INFO     | storage:add_property:113 - Added Property 758183
2026-07-27 15:41:13.827 | SUCCESS  | storage:save_day:81 - 1405-03-20.json Saved
2026-07-27 15:41:13.829 | INFO     | state_manager:save:61 - State Saved
2026-07-27 15:41:13.829 | INFO     | monitor:scan:197 - Checking 758182
2026-07-27 15:41:13.829 | INFO     | api:get_file:84 - Loading File 126d4a77-610d-51f3-76af-7597feb58542
2026-07-27 15:41:14.219 | SUCCESS  | monitor:scan:235 - Changed : 758182
2026-07-27 15:41:14.226 | INFO     | storage:add_property:113 - Added Property 758182
2026-07-27 15:41:14.228 | SUCCESS  | storage:save_day:81 - 1405-03-20.json Saved
2026-07-27 15:41:14.230 | INFO     | state_manager:save:61 - State Saved
2026-07-27 15:41:14.230 | INFO     | monitor:scan:197 - Checking 758181
2026-07-27 15:41:14.230 | INFO     | api:get_file:84 - Loading File 1b0a45ff-0a4a-890e-6450-22918e283842
2026-07-27 15:41:14.651 | SUCCESS  | monitor:scan:235 - Changed : 758181
2026-07-27 15:41:14.662 | INFO     | storage:add_property:113 - Added Property 758181
2026-07-27 15:41:14.665 | SUCCESS  | storage:save_day:81 - 1405-03-20.json Saved
2026-07-27 15:41:14.667 | INFO     | state_manager:save:61 - State Saved
2026-07-27 15:41:14.667 | INFO     | monitor:scan:197 - Checking 758179
2026-07-27 15:41:14.667 | INFO     | api:get_file:84 - Loading File 1b0a45f6-0566-6819-57ba-19349c988346
2026-07-27 15:41:15.052 | SUCCESS  | monitor:scan:235 - Changed : 758179
2026-07-27 15:41:15.060 | INFO     | storage:add_property:113 - Added Property 758179
2026-07-27 15:41:15.062 | SUCCESS  | storage:save_day:81 - 1405-03-20.json Saved
2026-07-27 15:41:15.064 | INFO     | state_manager:save:61 - State Saved
2026-07-27 15:41:15.064 | INFO     | monitor:scan:197 - Checking 758176
2026-07-27 15:41:15.065 | INFO     | api:get_file:84 - Loading File 126d4a77-ccd9-2b97-819e-854cbc2f074e
2026-07-27 15:41:15.464 | SUCCESS  | monitor:scan:235 - Changed : 758176
2026-07-27 15:41:15.477 | INFO     | storage:add_property:113 - Added Property 758176
2026-07-27 15:41:15.479 | SUCCESS  | storage:save_day:81 - 1405-03-20.json Saved
2026-07-27 15:41:15.481 | INFO     | state_manager:save:61 - State Saved
2026-07-27 15:41:15.481 | INFO     | monitor:scan:197 - Checking 743885
2026-07-27 15:41:15.482 | INFO     | api:get_file:84 - Loading File 1b0a45ff-0fd5-95e3-7bd8-0c7ede90f045
2026-07-27 15:41:15.704 | SUCCESS  | monitor:scan:235 - Changed : 743885
2026-07-27 15:41:15.716 | INFO     | storage:add_property:113 - Added Property 743885
2026-07-27 15:41:15.719 | SUCCESS  | storage:save_day:81 - 1405-03-20.json Saved
2026-07-27 15:41:15.722 | INFO     | state_manager:save:61 - State Saved
2026-07-27 15:41:15.722 | INFO     | monitor:scan:197 - Checking 742862
2026-07-27 15:41:15.722 | INFO     | api:get_file:84 - Loading File 1b0a45f6-0e40-4dc7-a1ad-3b1fec45d646
2026-07-27 15:41:15.944 | SUCCESS  | monitor:scan:235 - Changed : 742862
2026-07-27 15:41:15.957 | INFO     | storage:add_property:113 - Added Property 742862
2026-07-27 15:41:15.960 | SUCCESS  | storage:save_day:81 - 1405-03-20.json Saved
2026-07-27 15:41:15.962 | INFO     | state_manager:save:61 - State Saved
2026-07-27 15:41:15.962 | INFO     | monitor:scan:197 - Checking 719373
2026-07-27 15:41:15.962 | INFO     | api:get_file:84 - Loading File 126d2c5d-a767-11bc-ae7c-b486befc284f
2026-07-27 15:41:16.186 | SUCCESS  | monitor:scan:235 - Changed : 719373
2026-07-27 15:41:16.193 | INFO     | storage:add_property:113 - Added Property 719373
2026-07-27 15:41:16.196 | SUCCESS  | storage:save_day:81 - 1405-03-20.json Saved
2026-07-27 15:41:16.198 | INFO     | state_manager:save:61 - State Saved
2026-07-27 15:41:16.198 | INFO     | monitor:scan:197 - Checking 717269
2026-07-27 15:41:16.199 | INFO     | api:get_file:84 - Loading File 126b19c3-f5a3-4ef7-7c3d-567c8401e642
2026-07-27 15:41:16.439 | SUCCESS  | monitor:scan:235 - Changed : 717269
2026-07-27 15:41:16.447 | INFO     | storage:add_property:113 - Added Property 717269
2026-07-27 15:41:16.450 | SUCCESS  | storage:save_day:81 - 1405-03-20.json Saved
2026-07-27 15:41:16.452 | INFO     | state_manager:save:61 - State Saved
2026-07-27 15:41:16.453 | INFO     | monitor:scan:197 - Checking 695207
2026-07-27 15:41:16.453 | INFO     | api:get_file:84 - Loading File 126afc43-02d0-560f-a103-a4a96ddd6a45
2026-07-27 15:41:17.022 | SUCCESS  | monitor:scan:235 - Changed : 695207
2026-07-27 15:41:17.033 | INFO     | storage:add_property:113 - Added Property 695207
2026-07-27 15:41:17.036 | SUCCESS  | storage:save_day:81 - 1405-03-20.json Saved
2026-07-27 15:41:17.038 | INFO     | state_manager:save:61 - State Saved
2026-07-27 15:41:17.038 | INFO     | monitor:scan:197 - Checking 695037
2026-07-27 15:41:17.039 | INFO     | api:get_file:84 - Loading File 1b0a45ff-0009-a2de-d02f-f475d5cd8e43
2026-07-27 15:41:17.623 | SUCCESS  | monitor:scan:235 - Changed : 695037
2026-07-27 15:41:17.632 | INFO     | storage:add_property:113 - Added Property 695037
2026-07-27 15:41:17.635 | SUCCESS  | storage:save_day:81 - 1405-03-20.json Saved
2026-07-27 15:41:17.637 | INFO     | state_manager:save:61 - State Saved
2026-07-27 15:41:17.637 | INFO     | monitor:scan:197 - Checking 693977
2026-07-27 15:41:17.637 | INFO     | api:get_file:84 - Loading File 126af6c7-36a9-3794-22b4-bdf186064f49
2026-07-27 15:41:18.022 | SUCCESS  | monitor:scan:235 - Changed : 693977
2026-07-27 15:41:18.034 | INFO     | storage:add_property:113 - Added Property 693977
2026-07-27 15:41:18.038 | SUCCESS  | storage:save_day:81 - 1405-03-20.json Saved
2026-07-27 15:41:18.040 | INFO     | state_manager:save:61 - State Saved
2026-07-27 15:41:18.040 | INFO     | monitor:scan:197 - Checking 693353
2026-07-27 15:41:18.040 | INFO     | api:get_file:84 - Loading File 126af64d-3f96-4b37-4319-d8f928890b4e
2026-07-27 15:41:18.471 | SUCCESS  | monitor:scan:235 - Changed : 693353
2026-07-27 15:41:18.479 | INFO     | storage:add_property:113 - Added Property 693353
2026-07-27 15:41:18.483 | SUCCESS  | storage:save_day:81 - 1405-03-20.json Saved
2026-07-27 15:41:18.485 | INFO     | state_manager:save:61 - State Saved
2026-07-27 15:41:18.485 | INFO     | monitor:scan:197 - Checking 693043
2026-07-27 15:41:18.485 | INFO     | api:get_file:84 - Loading File 1b0a45f6-02c0-dc8d-7d8f-d24fd5030441
2026-07-27 15:41:19.046 | SUCCESS  | monitor:scan:235 - Changed : 693043
2026-07-27 15:41:19.058 | INFO     | storage:add_property:113 - Added Property 693043
2026-07-27 15:41:19.061 | SUCCESS  | storage:save_day:81 - 1405-03-20.json Saved
2026-07-27 15:41:19.063 | INFO     | state_manager:save:61 - State Saved
2026-07-27 15:41:19.063 | INFO     | monitor:scan:197 - Checking 692132
2026-07-27 15:41:19.064 | INFO     | api:get_file:84 - Loading File 1b0a45f6-1212-0e71-c0c9-e588564a7f49
2026-07-27 15:41:19.456 | SUCCESS  | monitor:scan:235 - Changed : 692132
2026-07-27 15:41:19.467 | INFO     | storage:add_property:113 - Added Property 692132
2026-07-27 15:41:19.471 | SUCCESS  | storage:save_day:81 - 1405-03-20.json Saved
2026-07-27 15:41:19.473 | INFO     | state_manager:save:61 - State Saved
2026-07-27 15:41:19.473 | INFO     | monitor:scan:197 - Checking 686039
2026-07-27 15:41:19.474 | INFO     | api:get_file:84 - Loading File 1b0a45ff-0c37-7aaa-a036-7aebbe1c454a
2026-07-27 15:41:19.865 | SUCCESS  | monitor:scan:235 - Changed : 686039
2026-07-27 15:41:19.881 | INFO     | storage:add_property:113 - Added Property 686039
2026-07-27 15:41:19.884 | SUCCESS  | storage:save_day:81 - 1405-03-20.json Saved
2026-07-27 15:41:19.886 | INFO     | state_manager:save:61 - State Saved
2026-07-27 15:41:19.886 | INFO     | monitor:scan:197 - Checking 685481
2026-07-27 15:41:19.886 | INFO     | api:get_file:84 - Loading File 1b0a45f6-0450-6796-1253-4ff252acc040
2026-07-27 15:41:20.294 | SUCCESS  | monitor:scan:235 - Changed : 685481
2026-07-27 15:41:20.305 | INFO     | storage:add_property:113 - Added Property 685481
2026-07-27 15:41:20.309 | SUCCESS  | storage:save_day:81 - 1405-03-20.json Saved
2026-07-27 15:41:20.311 | INFO     | state_manager:save:61 - State Saved
2026-07-27 15:41:20.311 | INFO     | monitor:scan:197 - Checking 758119
2026-07-27 15:41:20.311 | INFO     | api:get_file:84 - Loading File 126d4a68-2a84-920c-fc0b-d32833216745
2026-07-27 15:41:20.695 | SUCCESS  | monitor:scan:235 - Changed : 758119
2026-07-27 15:41:20.695 | INFO     | storage:add_property:113 - Added Property 758119
2026-07-27 15:41:20.696 | SUCCESS  | storage:save_day:81 - 1405-03-19.json Saved
2026-07-27 15:41:20.698 | INFO     | state_manager:save:61 - State Saved
2026-07-27 15:41:20.698 | INFO     | monitor:scan:197 - Checking 758115
2026-07-27 15:41:20.698 | INFO     | api:get_file:84 - Loading File 1b0a45f6-04c4-1ab8-f6a7-b94633cfc34e
2026-07-27 15:41:21.084 | SUCCESS  | monitor:scan:235 - Changed : 758115
2026-07-27 15:41:21.093 | INFO     | storage:add_property:113 - Added Property 758115
2026-07-27 15:41:21.094 | SUCCESS  | storage:save_day:81 - 1405-03-19.json Saved
2026-07-27 15:41:21.096 | INFO     | state_manager:save:61 - State Saved
2026-07-27 15:41:21.096 | INFO     | monitor:scan:197 - Checking 758113
2026-07-27 15:41:21.096 | INFO     | api:get_file:84 - Loading File 126d4a68-1bbb-4975-0cd4-b3884c526e43
2026-07-27 15:41:21.496 | SUCCESS  | monitor:scan:235 - Changed : 758113
2026-07-27 15:41:21.508 | INFO     | storage:add_property:113 - Added Property 758113
2026-07-27 15:41:21.509 | SUCCESS  | storage:save_day:81 - 1405-03-19.json Saved
2026-07-27 15:41:21.511 | INFO     | state_manager:save:61 - State Saved
2026-07-27 15:41:21.511 | INFO     | monitor:scan:197 - Checking 758112
2026-07-27 15:41:21.511 | INFO     | api:get_file:84 - Loading File 126d4a49-bc33-5231-51cf-b1300a1f594e
2026-07-27 15:41:21.956 | SUCCESS  | monitor:scan:235 - Changed : 758112
2026-07-27 15:41:21.970 | INFO     | storage:add_property:113 - Added Property 758112
2026-07-27 15:41:21.971 | SUCCESS  | storage:save_day:81 - 1405-03-19.json Saved
2026-07-27 15:41:21.973 | INFO     | state_manager:save:61 - State Saved
2026-07-27 15:41:21.973 | INFO     | monitor:scan:197 - Checking 758103
2026-07-27 15:41:21.973 | INFO     | api:get_file:84 - Loading File 1b0a45f6-00a7-72fa-cd99-09bdde434a45
2026-07-27 15:41:22.197 | SUCCESS  | monitor:scan:235 - Changed : 758103
2026-07-27 15:41:22.204 | INFO     | storage:add_property:113 - Added Property 758103
2026-07-27 15:41:22.205 | SUCCESS  | storage:save_day:81 - 1405-03-19.json Saved
2026-07-27 15:41:22.207 | INFO     | state_manager:save:61 - State Saved
2026-07-27 15:41:22.207 | INFO     | monitor:scan:197 - Checking 758093
2026-07-27 15:41:22.207 | INFO     | api:get_file:84 - Loading File 126d4a68-3f44-8e5f-0275-a8acfcb6c14c
2026-07-27 15:41:22.590 | SUCCESS  | monitor:scan:235 - Changed : 758093
2026-07-27 15:41:22.598 | INFO     | storage:add_property:113 - Added Property 758093
2026-07-27 15:41:22.600 | SUCCESS  | storage:save_day:81 - 1405-03-19.json Saved
2026-07-27 15:41:22.602 | INFO     | state_manager:save:61 - State Saved
2026-07-27 15:41:22.602 | INFO     | monitor:scan:197 - Checking 758091
2026-07-27 15:41:22.602 | INFO     | api:get_file:84 - Loading File 1b0a45f6-0bb6-a630-990f-04e44ba61145
2026-07-27 15:41:22.822 | SUCCESS  | monitor:scan:235 - Changed : 758091
2026-07-27 15:41:22.835 | INFO     | storage:add_property:113 - Added Property 758091
2026-07-27 15:41:22.836 | SUCCESS  | storage:save_day:81 - 1405-03-19.json Saved
2026-07-27 15:41:22.838 | INFO     | state_manager:save:61 - State Saved
2026-07-27 15:41:22.839 | INFO     | monitor:scan:197 - Checking 758090
2026-07-27 15:41:22.839 | INFO     | api:get_file:84 - Loading File 126d4a68-18f3-78ef-d661-93615a276c4d
2026-07-27 15:41:23.227 | SUCCESS  | monitor:scan:235 - Changed : 758090
2026-07-27 15:41:23.233 | INFO     | storage:add_property:113 - Added Property 758090
2026-07-27 15:41:23.235 | SUCCESS  | storage:save_day:81 - 1405-03-19.json Saved
2026-07-27 15:41:23.237 | INFO     | state_manager:save:61 - State Saved
2026-07-27 15:41:23.237 | INFO     | monitor:scan:197 - Checking 758089
2026-07-27 15:41:23.237 | INFO     | api:get_file:84 - Loading File 126d4a68-65dd-984f-461e-9b4d04c4d34f
2026-07-27 15:41:23.453 | SUCCESS  | monitor:scan:235 - Changed : 758089
2026-07-27 15:41:23.461 | INFO     | storage:add_property:113 - Added Property 758089
2026-07-27 15:41:23.462 | SUCCESS  | storage:save_day:81 - 1405-03-19.json Saved
2026-07-27 15:41:23.464 | INFO     | state_manager:save:61 - State Saved
2026-07-27 15:41:23.464 | INFO     | monitor:scan:197 - Checking 758088
2026-07-27 15:41:23.464 | INFO     | api:get_file:84 - Loading File 126d4a68-2770-2ef3-65a2-02ef4317ae48
2026-07-27 15:41:23.860 | SUCCESS  | monitor:scan:235 - Changed : 758088
2026-07-27 15:41:23.866 | INFO     | storage:add_property:113 - Added Property 758088
2026-07-27 15:41:23.867 | SUCCESS  | storage:save_day:81 - 1405-03-19.json Saved
2026-07-27 15:41:23.869 | INFO     | state_manager:save:61 - State Saved
2026-07-27 15:41:23.869 | INFO     | monitor:scan:197 - Checking 758079
2026-07-27 15:41:23.870 | INFO     | api:get_file:84 - Loading File 126d4a59-eab7-174c-e918-a3da3c9e2e4c
2026-07-27 15:41:24.436 | SUCCESS  | monitor:scan:235 - Changed : 758079
2026-07-27 15:41:24.449 | INFO     | storage:add_property:113 - Added Property 758079
2026-07-27 15:41:24.450 | SUCCESS  | storage:save_day:81 - 1405-03-19.json Saved
2026-07-27 15:41:24.452 | INFO     | state_manager:save:61 - State Saved
2026-07-27 15:41:24.452 | INFO     | monitor:scan:197 - Checking 758076
2026-07-27 15:41:24.452 | INFO     | api:get_file:84 - Loading File 126d4a68-13b1-3498-6595-e343bcf11d43
2026-07-27 15:41:24.672 | SUCCESS  | monitor:scan:235 - Changed : 758076
2026-07-27 15:41:24.683 | INFO     | storage:add_property:113 - Added Property 758076
2026-07-27 15:41:24.685 | SUCCESS  | storage:save_day:81 - 1405-03-19.json Saved
2026-07-27 15:41:24.687 | INFO     | state_manager:save:61 - State Saved
2026-07-27 15:41:24.687 | INFO     | monitor:scan:197 - Checking 758073
2026-07-27 15:41:24.687 | INFO     | api:get_file:84 - Loading File 126d4a67-f82a-2e92-f978-3fd060254b49
2026-07-27 15:41:25.078 | SUCCESS  | monitor:scan:235 - Changed : 758073
2026-07-27 15:41:25.088 | INFO     | storage:add_property:113 - Added Property 758073
2026-07-27 15:41:25.090 | SUCCESS  | storage:save_day:81 - 1405-03-19.json Saved
2026-07-27 15:41:25.092 | INFO     | state_manager:save:61 - State Saved
2026-07-27 15:41:25.092 | INFO     | monitor:scan:197 - Checking 758072
2026-07-27 15:41:25.092 | INFO     | api:get_file:84 - Loading File 126d4a59-f18e-5774-ae40-f4ba82a8d64b
2026-07-27 15:41:25.344 | SUCCESS  | monitor:scan:235 - Changed : 758072
2026-07-27 15:41:25.354 | INFO     | storage:add_property:113 - Added Property 758072
2026-07-27 15:41:25.356 | SUCCESS  | storage:save_day:81 - 1405-03-19.json Saved
2026-07-27 15:41:25.358 | INFO     | state_manager:save:61 - State Saved
2026-07-27 15:41:25.358 | INFO     | monitor:scan:197 - Checking 758071
2026-07-27 15:41:25.358 | INFO     | api:get_file:84 - Loading File 126d4a68-1433-52ec-ee9c-e8598df1f948
2026-07-27 15:41:25.584 | SUCCESS  | monitor:scan:235 - Changed : 758071
2026-07-27 15:41:25.594 | INFO     | storage:add_property:113 - Added Property 758071
2026-07-27 15:41:25.596 | SUCCESS  | storage:save_day:81 - 1405-03-19.json Saved
2026-07-27 15:41:25.598 | INFO     | state_manager:save:61 - State Saved
2026-07-27 15:41:25.598 | INFO     | monitor:scan:197 - Checking 743738
2026-07-27 15:41:25.598 | INFO     | api:get_file:84 - Loading File 126d3f05-b937-24bc-9b44-74599c9bfc40
2026-07-27 15:41:25.813 | SUCCESS  | monitor:scan:235 - Changed : 743738
2026-07-27 15:41:25.825 | INFO     | storage:add_property:113 - Added Property 743738
2026-07-27 15:41:25.827 | SUCCESS  | storage:save_day:81 - 1405-03-19.json Saved
2026-07-27 15:41:25.829 | INFO     | state_manager:save:61 - State Saved
2026-07-27 15:41:25.829 | INFO     | monitor:scan:197 - Checking 743633
2026-07-27 15:41:25.829 | INFO     | api:get_file:84 - Loading File 126d3eba-5025-816c-6519-4a5a8ff83b49
2026-07-27 15:41:26.044 | SUCCESS  | monitor:scan:235 - Changed : 743633
2026-07-27 15:41:26.054 | INFO     | storage:add_property:113 - Added Property 743633
2026-07-27 15:41:26.056 | SUCCESS  | storage:save_day:81 - 1405-03-19.json Saved
2026-07-27 15:41:26.057 | INFO     | state_manager:save:61 - State Saved
2026-07-27 15:41:26.058 | INFO     | monitor:scan:197 - Checking 743055
2026-07-27 15:41:26.058 | INFO     | api:get_file:84 - Loading File 126d3e5e-1ef0-814e-1f0e-7dfdd731ff4a
2026-07-27 15:41:26.462 | SUCCESS  | monitor:scan:235 - Changed : 743055
2026-07-27 15:41:26.470 | INFO     | storage:add_property:113 - Added Property 743055
2026-07-27 15:41:26.473 | SUCCESS  | storage:save_day:81 - 1405-03-19.json Saved
2026-07-27 15:41:26.475 | INFO     | state_manager:save:61 - State Saved
2026-07-27 15:41:26.475 | INFO     | monitor:scan:197 - Checking 718579
2026-07-27 15:41:26.475 | INFO     | api:get_file:84 - Loading File 126b1ae7-1184-7824-2914-f0b437aafa45
2026-07-27 15:41:26.924 | SUCCESS  | monitor:scan:235 - Changed : 718579
2026-07-27 15:41:26.940 | INFO     | storage:add_property:113 - Added Property 718579
2026-07-27 15:41:26.943 | SUCCESS  | storage:save_day:81 - 1405-03-19.json Saved
2026-07-27 15:41:26.945 | INFO     | state_manager:save:61 - State Saved
2026-07-27 15:41:26.945 | INFO     | monitor:scan:197 - Checking 717965
2026-07-27 15:41:26.945 | INFO     | api:get_file:84 - Loading File 126b1a5c-b912-2d9c-e675-2c9ae622c4e3
2026-07-27 15:41:27.338 | SUCCESS  | monitor:scan:235 - Changed : 717965
2026-07-27 15:41:27.345 | INFO     | storage:add_property:113 - Added Property 717965
2026-07-27 15:41:27.347 | SUCCESS  | storage:save_day:81 - 1405-03-19.json Saved
2026-07-27 15:41:27.349 | INFO     | state_manager:save:61 - State Saved
2026-07-27 15:41:27.349 | INFO     | monitor:scan:197 - Checking 714721
2026-07-27 15:41:27.349 | INFO     | api:get_file:84 - Loading File 126b0f28-0340-76e3-aebc-e356b2cb6b4e
2026-07-27 15:41:27.738 | SUCCESS  | monitor:scan:235 - Changed : 714721
2026-07-27 15:41:27.745 | INFO     | storage:add_property:113 - Added Property 714721
2026-07-27 15:41:27.748 | SUCCESS  | storage:save_day:81 - 1405-03-19.json Saved
2026-07-27 15:41:27.749 | INFO     | state_manager:save:61 - State Saved
2026-07-27 15:41:27.749 | INFO     | monitor:scan:197 - Checking 700383
2026-07-27 15:41:27.749 | INFO     | api:get_file:84 - Loading File 126b0398-1e55-7e23-6703-52f56c28384a
2026-07-27 15:41:28.136 | SUCCESS  | monitor:scan:235 - Changed : 700383
2026-07-27 15:41:28.145 | INFO     | storage:add_property:113 - Added Property 700383
2026-07-27 15:41:28.147 | SUCCESS  | storage:save_day:81 - 1405-03-19.json Saved
2026-07-27 15:41:28.149 | INFO     | state_manager:save:61 - State Saved
2026-07-27 15:41:28.150 | INFO     | monitor:scan:197 - Checking 700182
2026-07-27 15:41:28.150 | INFO     | api:get_file:84 - Loading File 126b033d-37fd-2d95-cf64-00102953e249
2026-07-27 15:41:28.536 | SUCCESS  | monitor:scan:235 - Changed : 700182
2026-07-27 15:41:28.543 | INFO     | storage:add_property:113 - Added Property 700182
2026-07-27 15:41:28.546 | SUCCESS  | storage:save_day:81 - 1405-03-19.json Saved
2026-07-27 15:41:28.548 | INFO     | state_manager:save:61 - State Saved
2026-07-27 15:41:28.548 | INFO     | monitor:scan:197 - Checking 700070
2026-07-27 15:41:28.548 | INFO     | api:get_file:84 - Loading File 1b0a45ff-03c5-bbb2-5097-8f3f83e81246
2026-07-27 15:41:29.005 | SUCCESS  | monitor:scan:235 - Changed : 700070
2026-07-27 15:41:29.018 | INFO     | storage:add_property:113 - Added Property 700070
2026-07-27 15:41:29.021 | SUCCESS  | storage:save_day:81 - 1405-03-19.json Saved
2026-07-27 15:41:29.023 | INFO     | state_manager:save:61 - State Saved
2026-07-27 15:41:29.023 | INFO     | monitor:scan:197 - Checking 699181
2026-07-27 15:41:29.023 | INFO     | api:get_file:84 - Loading File 126b02b2-fa84-11be-6dd8-226744621e49
2026-07-27 15:41:29.424 | SUCCESS  | monitor:scan:235 - Changed : 699181
2026-07-27 15:41:29.435 | INFO     | storage:add_property:113 - Added Property 699181
2026-07-27 15:41:29.438 | SUCCESS  | storage:save_day:81 - 1405-03-19.json Saved
2026-07-27 15:41:29.440 | INFO     | state_manager:save:61 - State Saved
2026-07-27 15:41:29.440 | INFO     | monitor:scan:197 - Checking 697975
2026-07-27 15:41:29.440 | INFO     | api:get_file:84 - Loading File 1b0a45f6-124c-5bac-bd8f-d35e398e094d
2026-07-27 15:41:29.662 | SUCCESS  | monitor:scan:235 - Changed : 697975
2026-07-27 15:41:29.674 | INFO     | storage:add_property:113 - Added Property 697975
2026-07-27 15:41:29.676 | SUCCESS  | storage:save_day:81 - 1405-03-19.json Saved
2026-07-27 15:41:29.678 | INFO     | state_manager:save:61 - State Saved
2026-07-27 15:41:29.678 | INFO     | monitor:scan:197 - Checking 696770
2026-07-27 15:41:29.679 | INFO     | api:get_file:84 - Loading File 1b0a45f6-0d46-47ce-8179-9cf4a0dcac4b
2026-07-27 15:41:30.070 | SUCCESS  | monitor:scan:235 - Changed : 696770
2026-07-27 15:41:30.082 | INFO     | storage:add_property:113 - Added Property 696770
2026-07-27 15:41:30.085 | SUCCESS  | storage:save_day:81 - 1405-03-19.json Saved
2026-07-27 15:41:30.087 | INFO     | state_manager:save:61 - State Saved
2026-07-27 15:41:30.087 | INFO     | monitor:scan:197 - Checking 694672
2026-07-27 15:41:30.087 | INFO     | api:get_file:84 - Loading File 126af78e-c2a9-222b-ed43-31ad20af0487
2026-07-27 15:41:30.474 | SUCCESS  | monitor:scan:235 - Changed : 694672
2026-07-27 15:41:30.485 | INFO     | storage:add_property:113 - Added Property 694672
2026-07-27 15:41:30.489 | SUCCESS  | storage:save_day:81 - 1405-03-19.json Saved
2026-07-27 15:41:30.491 | INFO     | state_manager:save:61 - State Saved
2026-07-27 15:41:30.491 | INFO     | monitor:scan:197 - Checking 694314
2026-07-27 15:41:30.491 | INFO     | api:get_file:84 - Loading File 1b0a45f6-12af-f86d-10c9-823555097b4d
2026-07-27 15:41:30.708 | SUCCESS  | monitor:scan:235 - Changed : 694314
2026-07-27 15:41:30.718 | INFO     | storage:add_property:113 - Added Property 694314
2026-07-27 15:41:30.721 | SUCCESS  | storage:save_day:81 - 1405-03-19.json Saved
2026-07-27 15:41:30.723 | INFO     | state_manager:save:61 - State Saved
2026-07-27 15:41:30.723 | INFO     | monitor:scan:197 - Checking 693460
2026-07-27 15:41:30.723 | INFO     | api:get_file:84 - Loading File 126af65c-5e94-78a0-852c-96767b1d2142
2026-07-27 15:41:30.941 | SUCCESS  | monitor:scan:235 - Changed : 693460
2026-07-27 15:41:30.948 | INFO     | storage:add_property:113 - Added Property 693460
2026-07-27 15:41:30.951 | SUCCESS  | storage:save_day:81 - 1405-03-19.json Saved
2026-07-27 15:41:30.953 | INFO     | state_manager:save:61 - State Saved
2026-07-27 15:41:30.953 | INFO     | monitor:scan:197 - Checking 691846
2026-07-27 15:41:30.953 | INFO     | api:get_file:84 - Loading File 1b0a45f6-0dac-fc15-1f9a-067c01384f46
2026-07-27 15:41:31.520 | SUCCESS  | monitor:scan:235 - Changed : 691846
2026-07-27 15:41:31.532 | INFO     | storage:add_property:113 - Added Property 691846
2026-07-27 15:41:31.535 | SUCCESS  | storage:save_day:81 - 1405-03-19.json Saved
2026-07-27 15:41:31.537 | INFO     | state_manager:save:61 - State Saved
2026-07-27 15:41:31.537 | INFO     | monitor:scan:197 - Checking 689353
2026-07-27 15:41:31.537 | INFO     | api:get_file:84 - Loading File 1b0a45f6-1215-c959-ed31-57b69f1a164e
2026-07-27 15:41:31.925 | SUCCESS  | monitor:scan:235 - Changed : 689353
2026-07-27 15:41:31.935 | INFO     | storage:add_property:113 - Added Property 689353
2026-07-27 15:41:31.938 | SUCCESS  | storage:save_day:81 - 1405-03-19.json Saved
2026-07-27 15:41:31.941 | INFO     | state_manager:save:61 - State Saved
2026-07-27 15:41:31.941 | INFO     | monitor:scan:197 - Checking 688583
2026-07-27 15:41:31.941 | INFO     | api:get_file:84 - Loading File 1b0a45f6-059d-183d-a03b-799b2e0ff44d
2026-07-27 15:41:32.401 | SUCCESS  | monitor:scan:235 - Changed : 688583
2026-07-27 15:41:32.415 | INFO     | storage:add_property:113 - Added Property 688583
2026-07-27 15:41:32.419 | SUCCESS  | storage:save_day:81 - 1405-03-19.json Saved
2026-07-27 15:41:32.421 | INFO     | state_manager:save:61 - State Saved
2026-07-27 15:41:32.421 | INFO     | monitor:scan:197 - Checking 686905
2026-07-27 15:41:32.421 | INFO     | api:get_file:84 - Loading File 1b0a45f6-0540-de74-6def-9159500be445
2026-07-27 15:41:32.816 | SUCCESS  | monitor:scan:235 - Changed : 686905
2026-07-27 15:41:32.828 | INFO     | storage:add_property:113 - Added Property 686905
2026-07-27 15:41:32.832 | SUCCESS  | storage:save_day:81 - 1405-03-19.json Saved
2026-07-27 15:41:32.835 | INFO     | state_manager:save:61 - State Saved
2026-07-27 15:41:32.835 | INFO     | monitor:scan:197 - Checking 685946
2026-07-27 15:41:32.835 | INFO     | api:get_file:84 - Loading File 126ae41f-044c-454f-7fc2-656ba6aedc4c
2026-07-27 15:41:33.053 | SUCCESS  | monitor:scan:235 - Changed : 685946
2026-07-27 15:41:33.064 | INFO     | storage:add_property:113 - Added Property 685946
2026-07-27 15:41:33.067 | SUCCESS  | storage:save_day:81 - 1405-03-19.json Saved
2026-07-27 15:41:33.068 | INFO     | state_manager:save:61 - State Saved
2026-07-27 15:41:33.069 | INFO     | monitor:scan:197 - Checking 758026
2026-07-27 15:41:33.069 | INFO     | api:get_file:84 - Loading File 1b0a45f6-0751-b0b0-0516-4813da322048
2026-07-27 15:41:33.295 | SUCCESS  | monitor:scan:235 - Changed : 758026
2026-07-27 15:41:33.295 | INFO     | storage:add_property:113 - Added Property 758026
2026-07-27 15:41:33.296 | SUCCESS  | storage:save_day:81 - 1405-03-18.json Saved
2026-07-27 15:41:33.298 | INFO     | state_manager:save:61 - State Saved
2026-07-27 15:41:33.298 | INFO     | monitor:scan:197 - Checking 758018
2026-07-27 15:41:33.299 | INFO     | api:get_file:84 - Loading File 1b0a45f6-0755-ea81-97e1-1b27f091494f
2026-07-27 15:41:33.517 | SUCCESS  | monitor:scan:235 - Changed : 758018
2026-07-27 15:41:33.528 | INFO     | storage:add_property:113 - Added Property 758018
2026-07-27 15:41:33.529 | SUCCESS  | storage:save_day:81 - 1405-03-18.json Saved
2026-07-27 15:41:33.531 | INFO     | state_manager:save:61 - State Saved
2026-07-27 15:41:33.531 | INFO     | monitor:scan:197 - Checking 758017
2026-07-27 15:41:33.531 | INFO     | api:get_file:84 - Loading File 126d4a58-ddc0-61dc-fc0f-d5a013c1c24a
2026-07-27 15:41:33.927 | SUCCESS  | monitor:scan:235 - Changed : 758017
2026-07-27 15:41:33.941 | INFO     | storage:add_property:113 - Added Property 758017
2026-07-27 15:41:33.942 | SUCCESS  | storage:save_day:81 - 1405-03-18.json Saved
2026-07-27 15:41:33.945 | INFO     | state_manager:save:61 - State Saved
2026-07-27 15:41:33.945 | INFO     | monitor:scan:197 - Checking 758003
2026-07-27 15:41:33.945 | INFO     | api:get_file:84 - Loading File 1b0a45ff-056a-3552-5ca8-ebfead3ef443
2026-07-27 15:41:34.167 | SUCCESS  | monitor:scan:235 - Changed : 758003
2026-07-27 15:41:34.174 | INFO     | storage:add_property:113 - Added Property 758003
2026-07-27 15:41:34.175 | SUCCESS  | storage:save_day:81 - 1405-03-18.json Saved
2026-07-27 15:41:34.177 | INFO     | state_manager:save:61 - State Saved
2026-07-27 15:41:34.177 | INFO     | monitor:scan:197 - Checking 757998
2026-07-27 15:41:34.177 | INFO     | api:get_file:84 - Loading File 1b0a45ff-0425-be77-5da8-ecb76b3ed44b
2026-07-27 15:41:34.399 | SUCCESS  | monitor:scan:235 - Changed : 757998
2026-07-27 15:41:34.409 | INFO     | storage:add_property:113 - Added Property 757998
2026-07-27 15:41:34.411 | SUCCESS  | storage:save_day:81 - 1405-03-18.json Saved
2026-07-27 15:41:34.413 | INFO     | state_manager:save:61 - State Saved
2026-07-27 15:41:34.413 | INFO     | monitor:scan:197 - Checking 757996
2026-07-27 15:41:34.413 | INFO     | api:get_file:84 - Loading File 126d4a58-b83b-2ca6-17b4-7fa10c236745
2026-07-27 15:41:34.629 | SUCCESS  | monitor:scan:235 - Changed : 757996
2026-07-27 15:41:34.639 | INFO     | storage:add_property:113 - Added Property 757996
2026-07-27 15:41:34.640 | SUCCESS  | storage:save_day:81 - 1405-03-18.json Saved
2026-07-27 15:41:34.642 | INFO     | state_manager:save:61 - State Saved
2026-07-27 15:41:34.642 | INFO     | monitor:scan:197 - Checking 757994
2026-07-27 15:41:34.642 | INFO     | api:get_file:84 - Loading File 126d4a4a-896a-2825-e211-db6861657d4d
2026-07-27 15:41:34.860 | SUCCESS  | monitor:scan:235 - Changed : 757994
2026-07-27 15:41:34.871 | INFO     | storage:add_property:113 - Added Property 757994
2026-07-27 15:41:34.873 | SUCCESS  | storage:save_day:81 - 1405-03-18.json Saved
2026-07-27 15:41:34.874 | INFO     | state_manager:save:61 - State Saved
2026-07-27 15:41:34.875 | INFO     | monitor:scan:197 - Checking 757990
2026-07-27 15:41:34.875 | INFO     | api:get_file:84 - Loading File 126d4a59-2a42-54ee-6c72-a5e65565ce46
2026-07-27 15:41:35.268 | SUCCESS  | monitor:scan:235 - Changed : 757990
2026-07-27 15:41:35.280 | INFO     | storage:add_property:113 - Added Property 757990
2026-07-27 15:41:35.282 | SUCCESS  | storage:save_day:81 - 1405-03-18.json Saved
2026-07-27 15:41:35.284 | INFO     | state_manager:save:61 - State Saved
2026-07-27 15:41:35.284 | INFO     | monitor:scan:197 - Checking 757989
2026-07-27 15:41:35.284 | INFO     | api:get_file:84 - Loading File 126d4a58-ba86-7e79-fa8f-15455e4774da
2026-07-27 15:41:35.679 | SUCCESS  | monitor:scan:235 - Changed : 757989
2026-07-27 15:41:35.688 | INFO     | storage:add_property:113 - Added Property 757989
2026-07-27 15:41:35.689 | SUCCESS  | storage:save_day:81 - 1405-03-18.json Saved
2026-07-27 15:41:35.692 | INFO     | state_manager:save:61 - State Saved
2026-07-27 15:41:35.692 | INFO     | monitor:scan:197 - Checking 757988
2026-07-27 15:41:35.692 | INFO     | api:get_file:84 - Loading File 126d4a59-20f3-4830-f287-1946078a0f40
2026-07-27 15:41:36.083 | SUCCESS  | monitor:scan:235 - Changed : 757988
2026-07-27 15:41:36.092 | INFO     | storage:add_property:113 - Added Property 757988
2026-07-27 15:41:36.094 | SUCCESS  | storage:save_day:81 - 1405-03-18.json Saved
2026-07-27 15:41:36.097 | INFO     | state_manager:save:61 - State Saved
2026-07-27 15:41:36.097 | INFO     | monitor:scan:197 - Checking 757986
2026-07-27 15:41:36.097 | INFO     | api:get_file:84 - Loading File 126d4a58-d754-207a-7434-0d8c6ebb784f
2026-07-27 15:41:36.319 | SUCCESS  | monitor:scan:235 - Changed : 757986
2026-07-27 15:41:36.326 | INFO     | storage:add_property:113 - Added Property 757986
2026-07-27 15:41:36.328 | SUCCESS  | storage:save_day:81 - 1405-03-18.json Saved
2026-07-27 15:41:36.330 | INFO     | state_manager:save:61 - State Saved
2026-07-27 15:41:36.330 | INFO     | monitor:scan:197 - Checking 757983
2026-07-27 15:41:36.330 | INFO     | api:get_file:84 - Loading File 126d4a59-206d-6bea-f7b3-ea01e8921d44
2026-07-27 15:41:36.546 | SUCCESS  | monitor:scan:235 - Changed : 757983
2026-07-27 15:41:36.556 | INFO     | storage:add_property:113 - Added Property 757983
2026-07-27 15:41:36.557 | SUCCESS  | storage:save_day:81 - 1405-03-18.json Saved
2026-07-27 15:41:36.559 | INFO     | state_manager:save:61 - State Saved
2026-07-27 15:41:36.559 | INFO     | monitor:scan:197 - Checking 757979
2026-07-27 15:41:36.559 | INFO     | api:get_file:84 - Loading File 126d4a59-3343-6deb-7afc-527dde1e5b4d
2026-07-27 15:41:36.958 | SUCCESS  | monitor:scan:235 - Changed : 757979
2026-07-27 15:41:36.970 | INFO     | storage:add_property:113 - Added Property 757979
2026-07-27 15:41:36.972 | SUCCESS  | storage:save_day:81 - 1405-03-18.json Saved
2026-07-27 15:41:36.974 | INFO     | state_manager:save:61 - State Saved
2026-07-27 15:41:36.974 | INFO     | monitor:scan:197 - Checking 757978
2026-07-27 15:41:36.974 | INFO     | api:get_file:84 - Loading File 126d4a49-ebe6-86f3-86cd-c403837eab45
2026-07-27 15:41:37.195 | SUCCESS  | monitor:scan:235 - Changed : 757978
2026-07-27 15:41:37.202 | INFO     | storage:add_property:113 - Added Property 757978
2026-07-27 15:41:37.204 | SUCCESS  | storage:save_day:81 - 1405-03-18.json Saved
2026-07-27 15:41:37.206 | INFO     | state_manager:save:61 - State Saved
2026-07-27 15:41:37.206 | INFO     | monitor:scan:197 - Checking 757976
2026-07-27 15:41:37.206 | INFO     | api:get_file:84 - Loading File 126d4a59-2734-84ac-e5d6-5d7767a6fc44
2026-07-27 15:41:37.423 | SUCCESS  | monitor:scan:235 - Changed : 757976
2026-07-27 15:41:37.431 | INFO     | storage:add_property:113 - Added Property 757976
2026-07-27 15:41:37.432 | SUCCESS  | storage:save_day:81 - 1405-03-18.json Saved
2026-07-27 15:41:37.434 | INFO     | state_manager:save:61 - State Saved
2026-07-27 15:41:37.435 | INFO     | monitor:scan:197 - Checking 757974
2026-07-27 15:41:37.435 | INFO     | api:get_file:84 - Loading File 1b0a45f6-0286-0c29-8457-656eadcc1c46
2026-07-27 15:41:37.648 | SUCCESS  | monitor:scan:235 - Changed : 757974
2026-07-27 15:41:37.659 | INFO     | storage:add_property:113 - Added Property 757974
2026-07-27 15:41:37.662 | SUCCESS  | storage:save_day:81 - 1405-03-18.json Saved
2026-07-27 15:41:37.664 | INFO     | state_manager:save:61 - State Saved
2026-07-27 15:41:37.664 | INFO     | monitor:scan:197 - Checking 757968
2026-07-27 15:41:37.664 | INFO     | api:get_file:84 - Loading File 126d4a4a-a443-1dae-0cf8-08c3d1765140
2026-07-27 15:41:37.883 | SUCCESS  | monitor:scan:235 - Changed : 757968
2026-07-27 15:41:37.895 | INFO     | storage:add_property:113 - Added Property 757968
2026-07-27 15:41:37.897 | SUCCESS  | storage:save_day:81 - 1405-03-18.json Saved
2026-07-27 15:41:37.899 | INFO     | state_manager:save:61 - State Saved
2026-07-27 15:41:37.899 | INFO     | monitor:scan:197 - Checking 757967
2026-07-27 15:41:37.900 | INFO     | api:get_file:84 - Loading File 126d4a4a-cc89-5543-af42-84382f2ddb4a
2026-07-27 15:41:38.298 | SUCCESS  | monitor:scan:235 - Changed : 757967
2026-07-27 15:41:38.305 | INFO     | storage:add_property:113 - Added Property 757967
2026-07-27 15:41:38.307 | SUCCESS  | storage:save_day:81 - 1405-03-18.json Saved
2026-07-27 15:41:38.309 | INFO     | state_manager:save:61 - State Saved
2026-07-27 15:41:38.309 | INFO     | monitor:scan:197 - Checking 757965
2026-07-27 15:41:38.310 | INFO     | api:get_file:84 - Loading File 126d4a58-e309-19f7-bfce-b6c1168cd448
2026-07-27 15:41:38.707 | SUCCESS  | monitor:scan:235 - Changed : 757965
2026-07-27 15:41:38.717 | INFO     | storage:add_property:113 - Added Property 757965
2026-07-27 15:41:38.719 | SUCCESS  | storage:save_day:81 - 1405-03-18.json Saved
2026-07-27 15:41:38.721 | INFO     | state_manager:save:61 - State Saved
2026-07-27 15:41:38.721 | INFO     | monitor:scan:197 - Checking 757964
2026-07-27 15:41:38.721 | INFO     | api:get_file:84 - Loading File 1b0a45ff-0210-76d9-6165-61b39094934a
2026-07-27 15:41:39.105 | SUCCESS  | monitor:scan:235 - Changed : 757964
2026-07-27 15:41:39.114 | INFO     | storage:add_property:113 - Added Property 757964
2026-07-27 15:41:39.116 | SUCCESS  | storage:save_day:81 - 1405-03-18.json Saved
2026-07-27 15:41:39.121 | INFO     | state_manager:save:61 - State Saved
2026-07-27 15:41:39.121 | INFO     | monitor:scan:197 - Checking 757962
2026-07-27 15:41:39.121 | INFO     | api:get_file:84 - Loading File 126d4a4a-a556-58ea-aa57-68d09ffb1a45
2026-07-27 15:41:39.340 | SUCCESS  | monitor:scan:235 - Changed : 757962
2026-07-27 15:41:39.348 | INFO     | storage:add_property:113 - Added Property 757962
2026-07-27 15:41:39.350 | SUCCESS  | storage:save_day:81 - 1405-03-18.json Saved
2026-07-27 15:41:39.353 | INFO     | state_manager:save:61 - State Saved
2026-07-27 15:41:39.353 | INFO     | monitor:scan:197 - Checking 757961
2026-07-27 15:41:39.353 | INFO     | api:get_file:84 - Loading File 126d4a4a-abf8-2e92-cb10-593c123b3844
2026-07-27 15:41:39.727 | SUCCESS  | monitor:scan:235 - Changed : 757961
2026-07-27 15:41:39.735 | INFO     | storage:add_property:113 - Added Property 757961
2026-07-27 15:41:39.737 | SUCCESS  | storage:save_day:81 - 1405-03-18.json Saved
2026-07-27 15:41:39.739 | INFO     | state_manager:save:61 - State Saved
2026-07-27 15:41:39.739 | INFO     | monitor:scan:197 - Checking 756422
2026-07-27 15:41:39.739 | INFO     | api:get_file:84 - Loading File 126d4529-35a8-7a64-b913-fa7b7b1c5146
2026-07-27 15:41:40.137 | SUCCESS  | monitor:scan:235 - Changed : 756422
2026-07-27 15:41:40.148 | INFO     | storage:add_property:113 - Added Property 756422
2026-07-27 15:41:40.151 | SUCCESS  | storage:save_day:81 - 1405-03-18.json Saved
2026-07-27 15:41:40.153 | INFO     | state_manager:save:61 - State Saved
2026-07-27 15:41:40.153 | INFO     | monitor:scan:125 - Loading Page 13
2026-07-27 15:41:40.153 | INFO     | api:get_files:60 - Loading Page 13
2026-07-27 15:41:44.602 | INFO     | monitor:scan:197 - Checking 720995
2026-07-27 15:41:44.602 | INFO     | api:get_file:84 - Loading File 126d2dcc-0d61-2310-c8c9-9bb12ae24d49
2026-07-27 15:41:45.013 | SUCCESS  | monitor:scan:235 - Changed : 720995
2026-07-27 15:41:45.024 | INFO     | storage:add_property:113 - Added Property 720995
2026-07-27 15:41:45.026 | SUCCESS  | storage:save_day:81 - 1405-03-18.json Saved
2026-07-27 15:41:45.028 | INFO     | state_manager:save:61 - State Saved
2026-07-27 15:41:45.029 | INFO     | monitor:scan:197 - Checking 720305
2026-07-27 15:41:45.029 | INFO     | api:get_file:84 - Loading File 126d2cf6-4156-688d-7f8c-35c40c4f6f48
2026-07-27 15:41:45.412 | SUCCESS  | monitor:scan:235 - Changed : 720305
2026-07-27 15:41:45.421 | INFO     | storage:add_property:113 - Added Property 720305
2026-07-27 15:41:45.424 | SUCCESS  | storage:save_day:81 - 1405-03-18.json Saved
2026-07-27 15:41:45.426 | INFO     | state_manager:save:61 - State Saved
2026-07-27 15:41:45.426 | INFO     | monitor:scan:197 - Checking 720221
2026-07-27 15:41:45.426 | INFO     | api:get_file:84 - Loading File 126d2d33-5684-84ea-0643-b5f9ced98543
2026-07-27 15:41:45.817 | SUCCESS  | monitor:scan:235 - Changed : 720221
2026-07-27 15:41:45.825 | INFO     | storage:add_property:113 - Added Property 720221
2026-07-27 15:41:45.827 | SUCCESS  | storage:save_day:81 - 1405-03-18.json Saved
2026-07-27 15:41:45.829 | INFO     | state_manager:save:61 - State Saved
2026-07-27 15:41:45.830 | INFO     | monitor:scan:197 - Checking 713094
2026-07-27 15:41:45.830 | INFO     | api:get_file:84 - Loading File 126b0de8-8a60-5198-7fb0-ab7506ff9e49
2026-07-27 15:41:46.059 | SUCCESS  | monitor:scan:235 - Changed : 713094
2026-07-27 15:41:46.067 | INFO     | storage:add_property:113 - Added Property 713094
2026-07-27 15:41:46.070 | SUCCESS  | storage:save_day:81 - 1405-03-18.json Saved
2026-07-27 15:41:46.072 | INFO     | state_manager:save:61 - State Saved
2026-07-27 15:41:46.072 | INFO     | monitor:scan:197 - Checking 712169
2026-07-27 15:41:46.073 | INFO     | api:get_file:84 - Loading File 1b0a45f6-181f-c894-ce39-617a9c582842
2026-07-27 15:41:46.291 | SUCCESS  | monitor:scan:235 - Changed : 712169
2026-07-27 15:41:46.302 | INFO     | storage:add_property:113 - Added Property 712169
2026-07-27 15:41:46.305 | SUCCESS  | storage:save_day:81 - 1405-03-18.json Saved
2026-07-27 15:41:46.307 | INFO     | state_manager:save:61 - State Saved
2026-07-27 15:41:46.307 | INFO     | monitor:scan:197 - Checking 694164
2026-07-27 15:41:46.307 | INFO     | api:get_file:84 - Loading File 1b0a45f6-05d9-ecab-859a-b459c561a145
2026-07-27 15:41:46.522 | SUCCESS  | monitor:scan:235 - Changed : 694164
2026-07-27 15:41:46.531 | INFO     | storage:add_property:113 - Added Property 694164
2026-07-27 15:41:46.534 | SUCCESS  | storage:save_day:81 - 1405-03-18.json Saved
2026-07-27 15:41:46.537 | INFO     | state_manager:save:61 - State Saved
2026-07-27 15:41:46.537 | INFO     | monitor:scan:197 - Checking 693714
2026-07-27 15:41:46.537 | INFO     | api:get_file:84 - Loading File 1b0a45ff-0647-e6d1-d556-1de955b0b847
2026-07-27 15:41:46.761 | SUCCESS  | monitor:scan:235 - Changed : 693714
2026-07-27 15:41:46.771 | INFO     | storage:add_property:113 - Added Property 693714
2026-07-27 15:41:46.774 | SUCCESS  | storage:save_day:81 - 1405-03-18.json Saved
2026-07-27 15:41:46.776 | INFO     | state_manager:save:61 - State Saved
2026-07-27 15:41:46.777 | INFO     | monitor:scan:197 - Checking 692203
2026-07-27 15:41:46.777 | INFO     | api:get_file:84 - Loading File 1b0a45f6-0673-2ec8-618a-4f3838202047
2026-07-27 15:41:47.000 | SUCCESS  | monitor:scan:235 - Changed : 692203
2026-07-27 15:41:47.009 | INFO     | storage:add_property:113 - Added Property 692203
2026-07-27 15:41:47.013 | SUCCESS  | storage:save_day:81 - 1405-03-18.json Saved
2026-07-27 15:41:47.015 | INFO     | state_manager:save:61 - State Saved
2026-07-27 15:41:47.015 | INFO     | monitor:scan:197 - Checking 691819
2026-07-27 15:41:47.015 | INFO     | api:get_file:84 - Loading File 126af14b-202c-1e5f-c454-a93841ae3947
2026-07-27 15:41:47.233 | SUCCESS  | monitor:scan:235 - Changed : 691819
2026-07-27 15:41:47.240 | INFO     | storage:add_property:113 - Added Property 691819
2026-07-27 15:41:47.243 | SUCCESS  | storage:save_day:81 - 1405-03-18.json Saved
2026-07-27 15:41:47.245 | INFO     | state_manager:save:61 - State Saved
2026-07-27 15:41:47.245 | INFO     | monitor:scan:197 - Checking 691213
2026-07-27 15:41:47.245 | INFO     | api:get_file:84 - Loading File 126af0ef-cb34-6370-a40e-b8ee8e84a24c
2026-07-27 15:41:47.493 | SUCCESS  | monitor:scan:235 - Changed : 691213
2026-07-27 15:41:47.504 | INFO     | storage:add_property:113 - Added Property 691213
2026-07-27 15:41:47.508 | SUCCESS  | storage:save_day:81 - 1405-03-18.json Saved
2026-07-27 15:41:47.510 | INFO     | state_manager:save:61 - State Saved
2026-07-27 15:41:47.510 | INFO     | monitor:scan:197 - Checking 689101
2026-07-27 15:41:47.510 | INFO     | api:get_file:84 - Loading File 1b0a45f6-00b1-a676-4b53-044820629f4c
2026-07-27 15:41:47.725 | SUCCESS  | monitor:scan:235 - Changed : 689101
2026-07-27 15:41:47.734 | INFO     | storage:add_property:113 - Added Property 689101
2026-07-27 15:41:47.737 | SUCCESS  | storage:save_day:81 - 1405-03-18.json Saved
2026-07-27 15:41:47.739 | INFO     | state_manager:save:61 - State Saved
2026-07-27 15:41:47.739 | INFO     | monitor:scan:197 - Checking 757868
2026-07-27 15:41:47.739 | INFO     | api:get_file:84 - Loading File 126d4a49-77d4-2f06-db1e-8f4cec242a4e
2026-07-27 15:41:47.951 | SUCCESS  | monitor:scan:235 - Changed : 757868
2026-07-27 15:41:47.952 | INFO     | storage:add_property:113 - Added Property 757868
2026-07-27 15:41:47.953 | SUCCESS  | storage:save_day:81 - 1405-03-17.json Saved
2026-07-27 15:41:47.955 | INFO     | state_manager:save:61 - State Saved
2026-07-27 15:41:47.955 | INFO     | monitor:scan:197 - Checking 757865
2026-07-27 15:41:47.955 | INFO     | api:get_file:84 - Loading File 126d4a49-9d5d-6892-eba8-3a27504db84f
2026-07-27 15:41:48.171 | SUCCESS  | monitor:scan:235 - Changed : 757865
2026-07-27 15:41:48.181 | INFO     | storage:add_property:113 - Added Property 757865
2026-07-27 15:41:48.182 | SUCCESS  | storage:save_day:81 - 1405-03-17.json Saved
2026-07-27 15:41:48.184 | INFO     | state_manager:save:61 - State Saved
2026-07-27 15:41:48.184 | INFO     | monitor:scan:197 - Checking 757860
2026-07-27 15:41:48.185 | INFO     | api:get_file:84 - Loading File 126d4a49-9831-259e-7647-6a63ef70a748
2026-07-27 15:41:48.397 | SUCCESS  | monitor:scan:235 - Changed : 757860
2026-07-27 15:41:48.407 | INFO     | storage:add_property:113 - Added Property 757860
2026-07-27 15:41:48.408 | SUCCESS  | storage:save_day:81 - 1405-03-17.json Saved
2026-07-27 15:41:48.409 | INFO     | state_manager:save:61 - State Saved
2026-07-27 15:41:48.410 | INFO     | monitor:scan:197 - Checking 757856
2026-07-27 15:41:48.410 | INFO     | api:get_file:84 - Loading File 126d4a49-9b03-1cb8-0af8-d6e7cd17974e
2026-07-27 15:41:48.626 | SUCCESS  | monitor:scan:235 - Changed : 757856
2026-07-27 15:41:48.635 | INFO     | storage:add_property:113 - Added Property 757856
2026-07-27 15:41:48.636 | SUCCESS  | storage:save_day:81 - 1405-03-17.json Saved
2026-07-27 15:41:48.640 | INFO     | state_manager:save:61 - State Saved
2026-07-27 15:41:48.640 | INFO     | monitor:scan:197 - Checking 757848
2026-07-27 15:41:48.640 | INFO     | api:get_file:84 - Loading File 126d4a49-9416-2293-2278-f5cbe4fda4f8
2026-07-27 15:41:48.853 | SUCCESS  | monitor:scan:235 - Changed : 757848
2026-07-27 15:41:48.860 | INFO     | storage:add_property:113 - Added Property 757848
2026-07-27 15:41:48.861 | SUCCESS  | storage:save_day:81 - 1405-03-17.json Saved
2026-07-27 15:41:48.863 | INFO     | state_manager:save:61 - State Saved
2026-07-27 15:41:48.864 | INFO     | monitor:scan:197 - Checking 757845
2026-07-27 15:41:48.864 | INFO     | api:get_file:84 - Loading File 126d4a3b-86ac-179f-9072-8b680edbb74b
2026-07-27 15:41:49.245 | SUCCESS  | monitor:scan:235 - Changed : 757845
2026-07-27 15:41:49.257 | INFO     | storage:add_property:113 - Added Property 757845
2026-07-27 15:41:49.258 | SUCCESS  | storage:save_day:81 - 1405-03-17.json Saved
2026-07-27 15:41:49.260 | INFO     | state_manager:save:61 - State Saved
2026-07-27 15:41:49.260 | INFO     | monitor:scan:197 - Checking 757842
2026-07-27 15:41:49.261 | INFO     | api:get_file:84 - Loading File 126d4a3a-9f01-6be4-8ba6-c04599ea9040
2026-07-27 15:41:49.657 | SUCCESS  | monitor:scan:235 - Changed : 757842
2026-07-27 15:41:49.669 | INFO     | storage:add_property:113 - Added Property 757842
2026-07-27 15:41:49.671 | SUCCESS  | storage:save_day:81 - 1405-03-17.json Saved
2026-07-27 15:41:49.673 | INFO     | state_manager:save:61 - State Saved
2026-07-27 15:41:49.673 | INFO     | monitor:scan:197 - Checking 757835
2026-07-27 15:41:49.673 | INFO     | api:get_file:84 - Loading File 126d4a49-9c4c-6619-ba36-991b4474c64d
2026-07-27 15:41:49.891 | SUCCESS  | monitor:scan:235 - Changed : 757835
2026-07-27 15:41:49.901 | INFO     | storage:add_property:113 - Added Property 757835
2026-07-27 15:41:49.903 | SUCCESS  | storage:save_day:81 - 1405-03-17.json Saved
2026-07-27 15:41:49.905 | INFO     | state_manager:save:61 - State Saved
2026-07-27 15:41:49.905 | INFO     | monitor:scan:197 - Checking 757832
2026-07-27 15:41:49.905 | INFO     | api:get_file:84 - Loading File 126d4a49-a153-6330-7ff4-815f94cb4146
2026-07-27 15:41:50.295 | SUCCESS  | monitor:scan:235 - Changed : 757832
2026-07-27 15:41:50.305 | INFO     | storage:add_property:113 - Added Property 757832
2026-07-27 15:41:50.306 | SUCCESS  | storage:save_day:81 - 1405-03-17.json Saved
2026-07-27 15:41:50.309 | INFO     | state_manager:save:61 - State Saved
2026-07-27 15:41:50.309 | INFO     | monitor:scan:197 - Checking 757831
2026-07-27 15:41:50.309 | INFO     | api:get_file:84 - Loading File 126d4a49-eb06-333e-f03c-248e7da60348
2026-07-27 15:41:50.699 | SUCCESS  | monitor:scan:235 - Changed : 757831
2026-07-27 15:41:50.707 | INFO     | storage:add_property:113 - Added Property 757831
2026-07-27 15:41:50.708 | SUCCESS  | storage:save_day:81 - 1405-03-17.json Saved
2026-07-27 15:41:50.711 | INFO     | state_manager:save:61 - State Saved
2026-07-27 15:41:50.711 | INFO     | monitor:scan:197 - Checking 757828
2026-07-27 15:41:50.711 | INFO     | api:get_file:84 - Loading File 126d4a3b-6b0e-66fa-4e9d-94176b8d934f
2026-07-27 15:41:50.927 | SUCCESS  | monitor:scan:235 - Changed : 757828
2026-07-27 15:41:50.940 | INFO     | storage:add_property:113 - Added Property 757828
2026-07-27 15:41:50.942 | SUCCESS  | storage:save_day:81 - 1405-03-17.json Saved
2026-07-27 15:41:50.944 | INFO     | state_manager:save:61 - State Saved
2026-07-27 15:41:50.945 | INFO     | monitor:scan:197 - Checking 757825
2026-07-27 15:41:50.945 | INFO     | api:get_file:84 - Loading File 126d4a49-c007-64ad-deec-95de6b936d44
2026-07-27 15:41:51.163 | SUCCESS  | monitor:scan:235 - Changed : 757825
2026-07-27 15:41:51.174 | INFO     | storage:add_property:113 - Added Property 757825
2026-07-27 15:41:51.176 | SUCCESS  | storage:save_day:81 - 1405-03-17.json Saved
2026-07-27 15:41:51.178 | INFO     | state_manager:save:61 - State Saved
2026-07-27 15:41:51.178 | INFO     | monitor:scan:197 - Checking 757824
2026-07-27 15:41:51.178 | INFO     | api:get_file:84 - Loading File 126d4a49-be3f-3b71-8cb0-600301e8fe49
2026-07-27 15:41:51.397 | SUCCESS  | monitor:scan:235 - Changed : 757824
2026-07-27 15:41:51.405 | INFO     | storage:add_property:113 - Added Property 757824
2026-07-27 15:41:51.407 | SUCCESS  | storage:save_day:81 - 1405-03-17.json Saved
2026-07-27 15:41:51.409 | INFO     | state_manager:save:61 - State Saved
2026-07-27 15:41:51.409 | INFO     | monitor:scan:197 - Checking 757823
2026-07-27 15:41:51.409 | INFO     | api:get_file:84 - Loading File 1b0a45f6-028b-d40c-026a-a59a0288a74f
2026-07-27 15:41:51.623 | SUCCESS  | monitor:scan:235 - Changed : 757823
2026-07-27 15:41:51.632 | INFO     | storage:add_property:113 - Added Property 757823
2026-07-27 15:41:51.634 | SUCCESS  | storage:save_day:81 - 1405-03-17.json Saved
2026-07-27 15:41:51.636 | INFO     | state_manager:save:61 - State Saved
2026-07-27 15:41:51.637 | INFO     | monitor:scan:197 - Checking 757822
2026-07-27 15:41:51.637 | INFO     | api:get_file:84 - Loading File 1b0a45f6-053f-b5d7-6eee-088413c89e43
2026-07-27 15:41:52.063 | SUCCESS  | monitor:scan:235 - Changed : 757822
2026-07-27 15:41:52.071 | INFO     | storage:add_property:113 - Added Property 757822
2026-07-27 15:41:52.073 | SUCCESS  | storage:save_day:81 - 1405-03-17.json Saved
2026-07-27 15:41:52.076 | INFO     | state_manager:save:61 - State Saved
2026-07-27 15:41:52.076 | INFO     | monitor:scan:197 - Checking 757820
2026-07-27 15:41:52.077 | INFO     | api:get_file:84 - Loading File 126d4a3b-4b60-90ab-49af-31878183c64a
2026-07-27 15:41:52.685 | SUCCESS  | monitor:scan:235 - Changed : 757820
2026-07-27 15:41:52.694 | INFO     | storage:add_property:113 - Added Property 757820
2026-07-27 15:41:52.696 | SUCCESS  | storage:save_day:81 - 1405-03-17.json Saved
2026-07-27 15:41:52.698 | INFO     | state_manager:save:61 - State Saved
2026-07-27 15:41:52.699 | INFO     | monitor:scan:197 - Checking 757819
2026-07-27 15:41:52.699 | INFO     | api:get_file:84 - Loading File 126d4a3b-8579-5419-7b34-3b562fd1f4f1
2026-07-27 15:41:53.094 | SUCCESS  | monitor:scan:235 - Changed : 757819
2026-07-27 15:41:53.101 | INFO     | storage:add_property:113 - Added Property 757819
2026-07-27 15:41:53.103 | SUCCESS  | storage:save_day:81 - 1405-03-17.json Saved
2026-07-27 15:41:53.105 | INFO     | state_manager:save:61 - State Saved
2026-07-27 15:41:53.106 | INFO     | monitor:scan:197 - Checking 757818
2026-07-27 15:41:53.106 | INFO     | api:get_file:84 - Loading File 126d4a0c-feaf-2536-26e4-19d032405844
2026-07-27 15:41:53.329 | SUCCESS  | monitor:scan:235 - Changed : 757818
2026-07-27 15:41:53.338 | INFO     | storage:add_property:113 - Added Property 757818
2026-07-27 15:41:53.341 | SUCCESS  | storage:save_day:81 - 1405-03-17.json Saved
2026-07-27 15:41:53.343 | INFO     | state_manager:save:61 - State Saved
2026-07-27 15:41:53.344 | INFO     | monitor:scan:197 - Checking 757815
2026-07-27 15:41:53.344 | INFO     | api:get_file:84 - Loading File 126d4a49-c535-4bfb-e12c-2694ae2cd64f
2026-07-27 15:41:53.733 | SUCCESS  | monitor:scan:235 - Changed : 757815
2026-07-27 15:41:53.741 | INFO     | storage:add_property:113 - Added Property 757815
2026-07-27 15:41:53.743 | SUCCESS  | storage:save_day:81 - 1405-03-17.json Saved
2026-07-27 15:41:53.745 | INFO     | state_manager:save:61 - State Saved
2026-07-27 15:41:53.745 | INFO     | monitor:scan:197 - Checking 757813
2026-07-27 15:41:53.745 | INFO     | api:get_file:84 - Loading File 126d4a49-756b-5718-29fd-9342ae6b1848
2026-07-27 15:41:54.132 | SUCCESS  | monitor:scan:235 - Changed : 757813
2026-07-27 15:41:54.162 | INFO     | storage:add_property:113 - Added Property 757813
2026-07-27 15:41:54.164 | SUCCESS  | storage:save_day:81 - 1405-03-17.json Saved
2026-07-27 15:41:54.167 | INFO     | state_manager:save:61 - State Saved
2026-07-27 15:41:54.167 | INFO     | monitor:scan:197 - Checking 757810
2026-07-27 15:41:54.168 | INFO     | api:get_file:84 - Loading File 126d4a3a-52a3-34fb-fc62-cca84827184a
2026-07-27 15:41:54.552 | SUCCESS  | monitor:scan:235 - Changed : 757810
2026-07-27 15:41:54.559 | INFO     | storage:add_property:113 - Added Property 757810
2026-07-27 15:41:54.561 | SUCCESS  | storage:save_day:81 - 1405-03-17.json Saved
2026-07-27 15:41:54.563 | INFO     | state_manager:save:61 - State Saved
2026-07-27 15:41:54.564 | INFO     | monitor:scan:197 - Checking 757806
2026-07-27 15:41:54.564 | INFO     | api:get_file:84 - Loading File 126d4a3b-8895-917b-35fd-ee162a59a345
2026-07-27 15:41:54.779 | SUCCESS  | monitor:scan:235 - Changed : 757806
2026-07-27 15:41:54.787 | INFO     | storage:add_property:113 - Added Property 757806
2026-07-27 15:41:54.789 | SUCCESS  | storage:save_day:81 - 1405-03-17.json Saved
2026-07-27 15:41:54.791 | INFO     | state_manager:save:61 - State Saved
2026-07-27 15:41:54.791 | INFO     | monitor:scan:197 - Checking 757805
2026-07-27 15:41:54.792 | INFO     | api:get_file:84 - Loading File 1b0a45f6-0c72-2382-f0e0-8bc5a20ece45
2026-07-27 15:41:55.012 | SUCCESS  | monitor:scan:235 - Changed : 757805
2026-07-27 15:41:55.021 | INFO     | storage:add_property:113 - Added Property 757805
2026-07-27 15:41:55.023 | SUCCESS  | storage:save_day:81 - 1405-03-17.json Saved
2026-07-27 15:41:55.025 | INFO     | state_manager:save:61 - State Saved
2026-07-27 15:41:55.025 | INFO     | monitor:scan:197 - Checking 757803
2026-07-27 15:41:55.025 | INFO     | api:get_file:84 - Loading File 126d4a49-9033-7e3b-6326-2dc97c98a473
2026-07-27 15:41:55.418 | SUCCESS  | monitor:scan:235 - Changed : 757803
2026-07-27 15:41:55.425 | INFO     | storage:add_property:113 - Added Property 757803
2026-07-27 15:41:55.428 | SUCCESS  | storage:save_day:81 - 1405-03-17.json Saved
2026-07-27 15:41:55.430 | INFO     | state_manager:save:61 - State Saved
2026-07-27 15:41:55.430 | INFO     | monitor:scan:197 - Checking 757799
2026-07-27 15:41:55.430 | INFO     | api:get_file:84 - Loading File 126d4a49-f216-1522-0264-1c2045fdbd49
2026-07-27 15:41:56.008 | SUCCESS  | monitor:scan:235 - Changed : 757799
2026-07-27 15:41:56.017 | INFO     | storage:add_property:113 - Added Property 757799
2026-07-27 15:41:56.019 | SUCCESS  | storage:save_day:81 - 1405-03-17.json Saved
2026-07-27 15:41:56.022 | INFO     | state_manager:save:61 - State Saved
2026-07-27 15:41:56.022 | INFO     | monitor:scan:197 - Checking 732165
2026-07-27 15:41:56.022 | INFO     | api:get_file:84 - Loading File 1b0a45ff-0256-0ae5-e68c-4c42748ff44d
2026-07-27 15:41:56.422 | SUCCESS  | monitor:scan:235 - Changed : 732165
2026-07-27 15:41:56.431 | INFO     | storage:add_property:113 - Added Property 732165
2026-07-27 15:41:56.434 | SUCCESS  | storage:save_day:81 - 1405-03-17.json Saved
2026-07-27 15:41:56.436 | INFO     | state_manager:save:61 - State Saved
2026-07-27 15:41:56.437 | INFO     | monitor:scan:197 - Checking 714040
2026-07-27 15:41:56.437 | INFO     | api:get_file:84 - Loading File 1b0a45f6-075c-f902-6d3f-009d60cda84c
2026-07-27 15:41:56.999 | SUCCESS  | monitor:scan:235 - Changed : 714040
2026-07-27 15:41:57.007 | INFO     | storage:add_property:113 - Added Property 714040
2026-07-27 15:41:57.009 | SUCCESS  | storage:save_day:81 - 1405-03-17.json Saved
2026-07-27 15:41:57.012 | INFO     | state_manager:save:61 - State Saved
2026-07-27 15:41:57.012 | INFO     | monitor:scan:197 - Checking 712349
2026-07-27 15:41:57.012 | INFO     | api:get_file:84 - Loading File 126b0922-9d99-2c0a-0838-b5e6ffe9be47
2026-07-27 15:41:57.232 | SUCCESS  | monitor:scan:235 - Changed : 712349
2026-07-27 15:41:57.241 | INFO     | storage:add_property:113 - Added Property 712349
2026-07-27 15:41:57.243 | SUCCESS  | storage:save_day:81 - 1405-03-17.json Saved
2026-07-27 15:41:57.246 | INFO     | state_manager:save:61 - State Saved
2026-07-27 15:41:57.247 | INFO     | monitor:scan:197 - Checking 700393
2026-07-27 15:41:57.247 | INFO     | api:get_file:84 - Loading File 1b0a45f6-181f-8427-30d6-e7715cd21e48
2026-07-27 15:41:57.471 | SUCCESS  | monitor:scan:235 - Changed : 700393
2026-07-27 15:41:57.479 | INFO     | storage:add_property:113 - Added Property 700393
2026-07-27 15:41:57.482 | SUCCESS  | storage:save_day:81 - 1405-03-17.json Saved
2026-07-27 15:41:57.485 | INFO     | state_manager:save:61 - State Saved
2026-07-27 15:41:57.485 | INFO     | monitor:scan:197 - Checking 693893
2026-07-27 15:41:57.485 | INFO     | api:get_file:84 - Loading File 126af01a-1ab7-4dcb-dc5d-b765653edd4a
2026-07-27 15:41:57.698 | SUCCESS  | monitor:scan:235 - Changed : 693893
2026-07-27 15:41:57.706 | INFO     | storage:add_property:113 - Added Property 693893
2026-07-27 15:41:57.710 | SUCCESS  | storage:save_day:81 - 1405-03-17.json Saved
2026-07-27 15:41:57.712 | INFO     | state_manager:save:61 - State Saved
2026-07-27 15:41:57.712 | INFO     | monitor:scan:197 - Checking 692676
2026-07-27 15:41:57.712 | INFO     | api:get_file:84 - Loading File 1b0a45f6-0129-cc98-a7d2-36f64ce27144
2026-07-27 15:41:57.931 | SUCCESS  | monitor:scan:235 - Changed : 692676
2026-07-27 15:41:57.939 | INFO     | storage:add_property:113 - Added Property 692676
2026-07-27 15:41:57.942 | SUCCESS  | storage:save_day:81 - 1405-03-17.json Saved
2026-07-27 15:41:57.944 | INFO     | state_manager:save:61 - State Saved
2026-07-27 15:41:57.945 | INFO     | monitor:scan:197 - Checking 691159
2026-07-27 15:41:57.945 | INFO     | api:get_file:84 - Loading File 1b0a45ff-0f6c-142a-3de3-cfa12112984e
2026-07-27 15:41:58.169 | SUCCESS  | monitor:scan:235 - Changed : 691159
2026-07-27 15:41:58.180 | INFO     | storage:add_property:113 - Added Property 691159
2026-07-27 15:41:58.183 | SUCCESS  | storage:save_day:81 - 1405-03-17.json Saved
2026-07-27 15:41:58.185 | INFO     | state_manager:save:61 - State Saved
2026-07-27 15:41:58.186 | INFO     | monitor:scan:197 - Checking 688512
2026-07-27 15:41:58.186 | INFO     | api:get_file:84 - Loading File 1b0a45f6-0655-120b-8fc5-63654d703843
2026-07-27 15:41:58.452 | SUCCESS  | monitor:scan:235 - Changed : 688512
2026-07-27 15:41:58.461 | INFO     | storage:add_property:113 - Added Property 688512
2026-07-27 15:41:58.464 | SUCCESS  | storage:save_day:81 - 1405-03-17.json Saved
2026-07-27 15:41:58.466 | INFO     | state_manager:save:61 - State Saved
2026-07-27 15:41:58.466 | INFO     | monitor:scan:197 - Checking 688088
2026-07-27 15:41:58.466 | INFO     | api:get_file:84 - Loading File 126aeadb-2bdf-85c1-b575-80b3dc28f848
2026-07-27 15:41:58.861 | SUCCESS  | monitor:scan:235 - Changed : 688088
2026-07-27 15:41:58.871 | INFO     | storage:add_property:113 - Added Property 688088
2026-07-27 15:41:58.875 | SUCCESS  | storage:save_day:81 - 1405-03-17.json Saved
2026-07-27 15:41:58.877 | INFO     | state_manager:save:61 - State Saved
2026-07-27 15:41:58.877 | INFO     | monitor:scan:197 - Checking 688039
2026-07-27 15:41:58.877 | INFO     | api:get_file:84 - Loading File 1b0a45f6-0663-d227-b940-9955b3e77345
2026-07-27 15:41:59.265 | SUCCESS  | monitor:scan:235 - Changed : 688039
2026-07-27 15:41:59.275 | INFO     | storage:add_property:113 - Added Property 688039
2026-07-27 15:41:59.279 | SUCCESS  | storage:save_day:81 - 1405-03-17.json Saved
2026-07-27 15:41:59.281 | INFO     | state_manager:save:61 - State Saved
2026-07-27 15:41:59.281 | INFO     | monitor:scan:197 - Checking 687376
2026-07-27 15:41:59.281 | INFO     | api:get_file:84 - Loading File 1b0a45f6-036a-1274-4a64-70bce71d4f46
2026-07-27 15:41:59.684 | SUCCESS  | monitor:scan:235 - Changed : 687376
2026-07-27 15:41:59.691 | INFO     | storage:add_property:113 - Added Property 687376
2026-07-27 15:41:59.695 | SUCCESS  | storage:save_day:81 - 1405-03-17.json Saved
2026-07-27 15:41:59.697 | INFO     | state_manager:save:61 - State Saved
2026-07-27 15:41:59.697 | INFO     | monitor:scan:197 - Checking 686390
2026-07-27 15:41:59.697 | INFO     | api:get_file:84 - Loading File 1b0a45f6-059c-e90a-7639-39907fe23d43
2026-07-27 15:42:00.088 | SUCCESS  | monitor:scan:235 - Changed : 686390
2026-07-27 15:42:00.097 | INFO     | storage:add_property:113 - Added Property 686390
2026-07-27 15:42:00.101 | SUCCESS  | storage:save_day:81 - 1405-03-17.json Saved
2026-07-27 15:42:00.103 | INFO     | state_manager:save:61 - State Saved
2026-07-27 15:42:00.103 | INFO     | monitor:scan:197 - Checking 683554
2026-07-27 15:42:00.103 | INFO     | api:get_file:84 - Loading File 126ad9cf-3b41-8291-037d-35dbb3c2b4c5
2026-07-27 15:42:00.322 | SUCCESS  | monitor:scan:235 - Changed : 683554
2026-07-27 15:42:00.330 | INFO     | storage:add_property:113 - Added Property 683554
2026-07-27 15:42:00.334 | SUCCESS  | storage:save_day:81 - 1405-03-17.json Saved
2026-07-27 15:42:00.336 | INFO     | state_manager:save:61 - State Saved
2026-07-27 15:42:00.336 | INFO     | monitor:scan:197 - Checking 757711
2026-07-27 15:42:00.336 | INFO     | api:get_file:84 - Loading File 126d4a3a-610c-7a8c-34dd-ebe0e56cfa44
2026-07-27 15:42:00.765 | SUCCESS  | monitor:scan:235 - Changed : 757711
2026-07-27 15:42:00.765 | INFO     | storage:add_property:113 - Added Property 757711
2026-07-27 15:42:00.768 | SUCCESS  | storage:save_day:81 - 1405-03-16.json Saved
2026-07-27 15:42:00.770 | INFO     | state_manager:save:61 - State Saved
2026-07-27 15:42:00.770 | INFO     | monitor:scan:197 - Checking 757708
2026-07-27 15:42:00.770 | INFO     | api:get_file:84 - Loading File 126d4a0d-a139-87b3-9263-83f04526b047
2026-07-27 15:42:01.145 | SUCCESS  | monitor:scan:235 - Changed : 757708
2026-07-27 15:42:01.152 | INFO     | storage:add_property:113 - Added Property 757708
2026-07-27 15:42:01.153 | SUCCESS  | storage:save_day:81 - 1405-03-16.json Saved
2026-07-27 15:42:01.155 | INFO     | state_manager:save:61 - State Saved
2026-07-27 15:42:01.155 | INFO     | monitor:scan:197 - Checking 757699
2026-07-27 15:42:01.156 | INFO     | api:get_file:84 - Loading File 126d4a3a-881c-2a21-6d7a-3e6c5767fe45
2026-07-27 15:42:01.375 | SUCCESS  | monitor:scan:235 - Changed : 757699
2026-07-27 15:42:01.389 | INFO     | storage:add_property:113 - Added Property 757699
2026-07-27 15:42:01.389 | SUCCESS  | storage:save_day:81 - 1405-03-16.json Saved
2026-07-27 15:42:01.391 | INFO     | state_manager:save:61 - State Saved
2026-07-27 15:42:01.392 | INFO     | monitor:scan:197 - Checking 757697
2026-07-27 15:42:01.392 | INFO     | api:get_file:84 - Loading File 126d4a3a-5414-6f0c-94db-cc5159b3e946
2026-07-27 15:42:01.771 | SUCCESS  | monitor:scan:235 - Changed : 757697
2026-07-27 15:42:01.781 | INFO     | storage:add_property:113 - Added Property 757697
2026-07-27 15:42:01.783 | SUCCESS  | storage:save_day:81 - 1405-03-16.json Saved
2026-07-27 15:42:01.785 | INFO     | state_manager:save:61 - State Saved
2026-07-27 15:42:01.785 | INFO     | monitor:scan:197 - Checking 757695
2026-07-27 15:42:01.785 | INFO     | api:get_file:84 - Loading File 126d4a3a-5d90-8b8a-f719-8f49855dae4e
2026-07-27 15:42:02.184 | SUCCESS  | monitor:scan:235 - Changed : 757695
2026-07-27 15:42:02.193 | INFO     | storage:add_property:113 - Added Property 757695
2026-07-27 15:42:02.194 | SUCCESS  | storage:save_day:81 - 1405-03-16.json Saved
2026-07-27 15:42:02.196 | INFO     | state_manager:save:61 - State Saved
2026-07-27 15:42:02.196 | INFO     | monitor:scan:197 - Checking 757694
2026-07-27 15:42:02.197 | INFO     | api:get_file:84 - Loading File 126d4a3a-53bc-2ae9-fd1f-aec0d47a3641
2026-07-27 15:42:02.416 | SUCCESS  | monitor:scan:235 - Changed : 757694
2026-07-27 15:42:02.430 | INFO     | storage:add_property:113 - Added Property 757694
2026-07-27 15:42:02.431 | SUCCESS  | storage:save_day:81 - 1405-03-16.json Saved
2026-07-27 15:42:02.433 | INFO     | state_manager:save:61 - State Saved
2026-07-27 15:42:02.433 | INFO     | monitor:scan:197 - Checking 757693
2026-07-27 15:42:02.433 | INFO     | api:get_file:84 - Loading File 126d4a3a-553d-2218-6ead-6423b33ac047
2026-07-27 15:42:02.657 | SUCCESS  | monitor:scan:235 - Changed : 757693
2026-07-27 15:42:02.667 | INFO     | storage:add_property:113 - Added Property 757693
2026-07-27 15:42:02.668 | SUCCESS  | storage:save_day:81 - 1405-03-16.json Saved
2026-07-27 15:42:02.670 | INFO     | state_manager:save:61 - State Saved
2026-07-27 15:42:02.670 | INFO     | monitor:scan:197 - Checking 757688
2026-07-27 15:42:02.670 | INFO     | api:get_file:84 - Loading File 126d4a3a-84d3-2fde-2eeb-324ff1cc6647
2026-07-27 15:42:02.894 | SUCCESS  | monitor:scan:235 - Changed : 757688
2026-07-27 15:42:02.900 | INFO     | storage:add_property:113 - Added Property 757688
2026-07-27 15:42:02.902 | SUCCESS  | storage:save_day:81 - 1405-03-16.json Saved
2026-07-27 15:42:02.904 | INFO     | state_manager:save:61 - State Saved
2026-07-27 15:42:02.904 | INFO     | monitor:scan:197 - Checking 757685
2026-07-27 15:42:02.904 | INFO     | api:get_file:84 - Loading File 1b0a45f6-18ca-f9a2-9418-23f6b01fae4f
2026-07-27 15:42:03.114 | SUCCESS  | monitor:scan:235 - Changed : 757685
2026-07-27 15:42:03.124 | INFO     | storage:add_property:113 - Added Property 757685
2026-07-27 15:42:03.126 | SUCCESS  | storage:save_day:81 - 1405-03-16.json Saved
2026-07-27 15:42:03.128 | INFO     | state_manager:save:61 - State Saved
2026-07-27 15:42:03.128 | INFO     | monitor:scan:197 - Checking 757684
2026-07-27 15:42:03.128 | INFO     | api:get_file:84 - Loading File 126d4a3a-a6ef-28c5-e357-b77355007c4e
2026-07-27 15:42:03.359 | SUCCESS  | monitor:scan:235 - Changed : 757684
2026-07-27 15:42:03.368 | INFO     | storage:add_property:113 - Added Property 757684
2026-07-27 15:42:03.369 | SUCCESS  | storage:save_day:81 - 1405-03-16.json Saved
2026-07-27 15:42:03.371 | INFO     | state_manager:save:61 - State Saved
2026-07-27 15:42:03.371 | INFO     | monitor:scan:197 - Checking 757678
2026-07-27 15:42:03.372 | INFO     | api:get_file:84 - Loading File 126d4a3a-7ac3-72cb-076c-fb558be44243
2026-07-27 15:42:03.587 | SUCCESS  | monitor:scan:235 - Changed : 757678
2026-07-27 15:42:03.596 | INFO     | storage:add_property:113 - Added Property 757678
2026-07-27 15:42:03.598 | SUCCESS  | storage:save_day:81 - 1405-03-16.json Saved
2026-07-27 15:42:03.600 | INFO     | state_manager:save:61 - State Saved
2026-07-27 15:42:03.600 | INFO     | monitor:scan:197 - Checking 757677
2026-07-27 15:42:03.600 | INFO     | api:get_file:84 - Loading File 126d4a0d-ac13-7ca7-3b3e-1d74c2ae6149
2026-07-27 15:42:03.996 | SUCCESS  | monitor:scan:235 - Changed : 757677
2026-07-27 15:42:04.007 | INFO     | storage:add_property:113 - Added Property 757677
2026-07-27 15:42:04.009 | SUCCESS  | storage:save_day:81 - 1405-03-16.json Saved
2026-07-27 15:42:04.012 | INFO     | state_manager:save:61 - State Saved
2026-07-27 15:42:04.012 | INFO     | monitor:scan:197 - Checking 757668
2026-07-27 15:42:04.012 | INFO     | api:get_file:84 - Loading File 126d4a3a-2ea8-6d81-1175-14d42d23e44d
2026-07-27 15:42:04.578 | SUCCESS  | monitor:scan:235 - Changed : 757668
2026-07-27 15:42:04.592 | INFO     | storage:add_property:113 - Added Property 757668
2026-07-27 15:42:04.595 | SUCCESS  | storage:save_day:81 - 1405-03-16.json Saved
2026-07-27 15:42:04.597 | INFO     | state_manager:save:61 - State Saved
2026-07-27 15:42:04.598 | INFO     | monitor:scan:197 - Checking 757665
2026-07-27 15:42:04.598 | INFO     | api:get_file:84 - Loading File 126d4a3a-7f5b-8acb-915b-c7ae2f932440
2026-07-27 15:42:04.993 | SUCCESS  | monitor:scan:235 - Changed : 757665
2026-07-27 15:42:05.006 | INFO     | storage:add_property:113 - Added Property 757665
2026-07-27 15:42:05.007 | SUCCESS  | storage:save_day:81 - 1405-03-16.json Saved
2026-07-27 15:42:05.010 | INFO     | state_manager:save:61 - State Saved
2026-07-27 15:42:05.010 | INFO     | monitor:scan:197 - Checking 757664
2026-07-27 15:42:05.010 | INFO     | api:get_file:84 - Loading File 126d4a3a-8290-8340-35fd-4c53d700ba4c
2026-07-27 15:42:05.391 | SUCCESS  | monitor:scan:235 - Changed : 757664
2026-07-27 15:42:05.398 | INFO     | storage:add_property:113 - Added Property 757664
2026-07-27 15:42:05.400 | SUCCESS  | storage:save_day:81 - 1405-03-16.json Saved
2026-07-27 15:42:05.402 | INFO     | state_manager:save:61 - State Saved
2026-07-27 15:42:05.402 | INFO     | monitor:scan:197 - Checking 757660
2026-07-27 15:42:05.402 | INFO     | api:get_file:84 - Loading File 126d4a3a-5fb2-64ec-db49-499b862f7c41
2026-07-27 15:42:05.794 | SUCCESS  | monitor:scan:235 - Changed : 757660
2026-07-27 15:42:05.810 | INFO     | storage:add_property:113 - Added Property 757660
2026-07-27 15:42:05.811 | SUCCESS  | storage:save_day:81 - 1405-03-16.json Saved
2026-07-27 15:42:05.813 | INFO     | state_manager:save:61 - State Saved
2026-07-27 15:42:05.813 | INFO     | monitor:scan:197 - Checking 757659
2026-07-27 15:42:05.814 | INFO     | api:get_file:84 - Loading File 126d4a3a-9cd8-5a13-2b8d-cef56fd9c411
2026-07-27 15:42:06.213 | SUCCESS  | monitor:scan:235 - Changed : 757659
2026-07-27 15:42:06.220 | INFO     | storage:add_property:113 - Added Property 757659
2026-07-27 15:42:06.222 | SUCCESS  | storage:save_day:81 - 1405-03-16.json Saved
2026-07-27 15:42:06.224 | INFO     | state_manager:save:61 - State Saved
2026-07-27 15:42:06.224 | INFO     | monitor:scan:197 - Checking 757651
2026-07-27 15:42:06.225 | INFO     | api:get_file:84 - Loading File 126d4a0d-9a8a-80e1-0097-fd82e3e01e4c
2026-07-27 15:42:06.613 | SUCCESS  | monitor:scan:235 - Changed : 757651
2026-07-27 15:42:06.624 | INFO     | storage:add_property:113 - Added Property 757651
2026-07-27 15:42:06.626 | SUCCESS  | storage:save_day:81 - 1405-03-16.json Saved
2026-07-27 15:42:06.628 | INFO     | state_manager:save:61 - State Saved
2026-07-27 15:42:06.628 | INFO     | monitor:scan:197 - Checking 757648
2026-07-27 15:42:06.628 | INFO     | api:get_file:84 - Loading File 126d4a3a-ae34-39de-5d86-b2e6ad0f0c44
2026-07-27 15:42:07.016 | SUCCESS  | monitor:scan:235 - Changed : 757648
2026-07-27 15:42:07.026 | INFO     | storage:add_property:113 - Added Property 757648
2026-07-27 15:42:07.029 | SUCCESS  | storage:save_day:81 - 1405-03-16.json Saved
2026-07-27 15:42:07.031 | INFO     | state_manager:save:61 - State Saved
2026-07-27 15:42:07.031 | INFO     | monitor:scan:197 - Checking 757646
2026-07-27 15:42:07.031 | INFO     | api:get_file:84 - Loading File 126d4a3a-5b7e-610b-42ba-40a4b5fb04b2
2026-07-27 15:42:07.233 | SUCCESS  | monitor:scan:235 - Changed : 757646
2026-07-27 15:42:07.242 | INFO     | storage:add_property:113 - Added Property 757646
2026-07-27 15:42:07.244 | SUCCESS  | storage:save_day:81 - 1405-03-16.json Saved
2026-07-27 15:42:07.246 | INFO     | state_manager:save:61 - State Saved
2026-07-27 15:42:07.246 | INFO     | monitor:scan:197 - Checking 757640
2026-07-27 15:42:07.246 | INFO     | api:get_file:84 - Loading File 126d4a3a-ac06-2723-0e7c-c00c22ff314c
2026-07-27 15:42:07.640 | SUCCESS  | monitor:scan:235 - Changed : 757640
2026-07-27 15:42:07.651 | INFO     | storage:add_property:113 - Added Property 757640
2026-07-27 15:42:07.653 | SUCCESS  | storage:save_day:81 - 1405-03-16.json Saved
2026-07-27 15:42:07.656 | INFO     | state_manager:save:61 - State Saved
2026-07-27 15:42:07.656 | INFO     | monitor:scan:197 - Checking 757634
2026-07-27 15:42:07.656 | INFO     | api:get_file:84 - Loading File 126d4a3a-9cb0-476f-d3d8-43fc9fec1e4a
2026-07-27 15:42:08.041 | SUCCESS  | monitor:scan:235 - Changed : 757634
2026-07-27 15:42:08.049 | INFO     | storage:add_property:113 - Added Property 757634
2026-07-27 15:42:08.052 | SUCCESS  | storage:save_day:81 - 1405-03-16.json Saved
2026-07-27 15:42:08.054 | INFO     | state_manager:save:61 - State Saved
2026-07-27 15:42:08.054 | INFO     | monitor:scan:197 - Checking 757633
2026-07-27 15:42:08.054 | INFO     | api:get_file:84 - Loading File 126d4a3a-527c-6a43-426f-19aee8b8a04c
2026-07-27 15:42:08.275 | SUCCESS  | monitor:scan:235 - Changed : 757633
2026-07-27 15:42:08.282 | INFO     | storage:add_property:113 - Added Property 757633
2026-07-27 15:42:08.284 | SUCCESS  | storage:save_day:81 - 1405-03-16.json Saved
2026-07-27 15:42:08.287 | INFO     | state_manager:save:61 - State Saved
2026-07-27 15:42:08.287 | INFO     | monitor:scan:197 - Checking 757630
2026-07-27 15:42:08.287 | INFO     | api:get_file:84 - Loading File 126d4a3a-c24a-3405-d793-aaca00578445
2026-07-27 15:42:08.489 | SUCCESS  | monitor:scan:235 - Changed : 757630
2026-07-27 15:42:08.498 | INFO     | storage:add_property:113 - Added Property 757630
2026-07-27 15:42:08.501 | SUCCESS  | storage:save_day:81 - 1405-03-16.json Saved
2026-07-27 15:42:08.503 | INFO     | state_manager:save:61 - State Saved
2026-07-27 15:42:08.503 | INFO     | monitor:scan:197 - Checking 757629
2026-07-27 15:42:08.504 | INFO     | api:get_file:84 - Loading File 126d4a3a-4d57-18c0-ab3e-6a082859974b
2026-07-27 15:42:08.727 | SUCCESS  | monitor:scan:235 - Changed : 757629
2026-07-27 15:42:08.736 | INFO     | storage:add_property:113 - Added Property 757629
2026-07-27 15:42:08.739 | SUCCESS  | storage:save_day:81 - 1405-03-16.json Saved
2026-07-27 15:42:08.742 | INFO     | state_manager:save:61 - State Saved
2026-07-27 15:42:08.742 | INFO     | monitor:scan:197 - Checking 757628
2026-07-27 15:42:08.742 | INFO     | api:get_file:84 - Loading File 126d4a3a-7df1-7e91-fcc7-27350a8e94c3
2026-07-27 15:42:08.961 | SUCCESS  | monitor:scan:235 - Changed : 757628
2026-07-27 15:42:08.971 | INFO     | storage:add_property:113 - Added Property 757628
2026-07-27 15:42:08.975 | SUCCESS  | storage:save_day:81 - 1405-03-16.json Saved
2026-07-27 15:42:08.977 | INFO     | state_manager:save:61 - State Saved
2026-07-27 15:42:08.977 | INFO     | monitor:scan:197 - Checking 742571
2026-07-27 15:42:08.977 | INFO     | api:get_file:84 - Loading File 126d3384-9238-4527-318a-e8287c41aa4a
2026-07-27 15:42:09.200 | SUCCESS  | monitor:scan:235 - Changed : 742571
2026-07-27 15:42:09.209 | INFO     | storage:add_property:113 - Added Property 742571
2026-07-27 15:42:09.212 | SUCCESS  | storage:save_day:81 - 1405-03-16.json Saved
2026-07-27 15:42:09.214 | INFO     | state_manager:save:61 - State Saved
2026-07-27 15:42:09.214 | INFO     | monitor:scan:197 - Checking 718963
2026-07-27 15:42:09.215 | INFO     | api:get_file:84 - Loading File 1b0a45f6-044b-3bef-2acd-34331c674b49
2026-07-27 15:42:09.614 | SUCCESS  | monitor:scan:235 - Changed : 718963
2026-07-27 15:42:09.624 | INFO     | storage:add_property:113 - Added Property 718963
2026-07-27 15:42:09.626 | SUCCESS  | storage:save_day:81 - 1405-03-16.json Saved
2026-07-27 15:42:09.629 | INFO     | state_manager:save:61 - State Saved
2026-07-27 15:42:09.629 | INFO     | monitor:scan:197 - Checking 718925
2026-07-27 15:42:09.629 | INFO     | api:get_file:84 - Loading File 126b1b33-3f5e-d100-576d-da3afa2f48ef
2026-07-27 15:42:09.852 | SUCCESS  | monitor:scan:235 - Changed : 718925
2026-07-27 15:42:09.868 | INFO     | storage:add_property:113 - Added Property 718925
2026-07-27 15:42:09.871 | SUCCESS  | storage:save_day:81 - 1405-03-16.json Saved
2026-07-27 15:42:09.873 | INFO     | state_manager:save:61 - State Saved
2026-07-27 15:42:09.873 | INFO     | monitor:scan:197 - Checking 715162
2026-07-27 15:42:09.873 | INFO     | api:get_file:84 - Loading File 126b13bf-3ca3-13b0-f90a-9c32ffc2e045
2026-07-27 15:42:10.087 | SUCCESS  | monitor:scan:235 - Changed : 715162
2026-07-27 15:42:10.100 | INFO     | storage:add_property:113 - Added Property 715162
2026-07-27 15:42:10.103 | SUCCESS  | storage:save_day:81 - 1405-03-16.json Saved
2026-07-27 15:42:10.105 | INFO     | state_manager:save:61 - State Saved
2026-07-27 15:42:10.105 | INFO     | monitor:scan:197 - Checking 695677
2026-07-27 15:42:10.105 | INFO     | api:get_file:84 - Loading File 1b0a45f6-0de6-7d77-f4fb-87ba2133134a
2026-07-27 15:42:10.322 | SUCCESS  | monitor:scan:235 - Changed : 695677
2026-07-27 15:42:10.330 | INFO     | storage:add_property:113 - Added Property 695677
2026-07-27 15:42:10.334 | SUCCESS  | storage:save_day:81 - 1405-03-16.json Saved
2026-07-27 15:42:10.336 | INFO     | state_manager:save:61 - State Saved
2026-07-27 15:42:10.336 | INFO     | monitor:scan:197 - Checking 695054
2026-07-27 15:42:10.336 | INFO     | api:get_file:84 - Loading File 126afbf6-8fe3-8388-0baf-b3604623d647
2026-07-27 15:42:10.922 | SUCCESS  | monitor:scan:235 - Changed : 695054
2026-07-27 15:42:10.947 | INFO     | storage:add_property:113 - Added Property 695054
2026-07-27 15:42:10.951 | SUCCESS  | storage:save_day:81 - 1405-03-16.json Saved
2026-07-27 15:42:10.954 | INFO     | state_manager:save:61 - State Saved
2026-07-27 15:42:10.954 | INFO     | monitor:scan:197 - Checking 692877
2026-07-27 15:42:10.954 | INFO     | api:get_file:84 - Loading File 126af5f1-4567-366a-9244-958257932c43
2026-07-27 15:42:11.176 | SUCCESS  | monitor:scan:235 - Changed : 692877
2026-07-27 15:42:11.187 | INFO     | storage:add_property:113 - Added Property 692877
2026-07-27 15:42:11.190 | SUCCESS  | storage:save_day:81 - 1405-03-16.json Saved
2026-07-27 15:42:11.192 | INFO     | state_manager:save:61 - State Saved
2026-07-27 15:42:11.192 | INFO     | monitor:scan:197 - Checking 690175
2026-07-27 15:42:11.192 | INFO     | api:get_file:84 - Loading File 1b0a45ff-039e-c47d-ad72-533b7cc7854b
2026-07-27 15:42:11.643 | SUCCESS  | monitor:scan:235 - Changed : 690175
2026-07-27 15:42:11.656 | INFO     | storage:add_property:113 - Added Property 690175
2026-07-27 15:42:11.659 | SUCCESS  | storage:save_day:81 - 1405-03-16.json Saved
2026-07-27 15:42:11.661 | INFO     | state_manager:save:61 - State Saved
2026-07-27 15:42:11.661 | INFO     | monitor:scan:197 - Checking 689923
2026-07-27 15:42:11.661 | INFO     | api:get_file:84 - Loading File 1b0a45ff-07de-4e84-bb32-14ebc77f6042
2026-07-27 15:42:12.047 | SUCCESS  | monitor:scan:235 - Changed : 689923
2026-07-27 15:42:12.059 | INFO     | storage:add_property:113 - Added Property 689923
2026-07-27 15:42:12.062 | SUCCESS  | storage:save_day:81 - 1405-03-16.json Saved
2026-07-27 15:42:12.064 | INFO     | state_manager:save:61 - State Saved
2026-07-27 15:42:12.064 | INFO     | monitor:scan:197 - Checking 688172
2026-07-27 15:42:12.064 | INFO     | api:get_file:84 - Loading File 1b0a45f6-036d-9967-278d-d9f166f96c4b
2026-07-27 15:42:12.287 | SUCCESS  | monitor:scan:235 - Changed : 688172
2026-07-27 15:42:12.298 | INFO     | storage:add_property:113 - Added Property 688172
2026-07-27 15:42:12.302 | SUCCESS  | storage:save_day:81 - 1405-03-16.json Saved
2026-07-27 15:42:12.304 | INFO     | state_manager:save:61 - State Saved
2026-07-27 15:42:12.304 | INFO     | monitor:scan:197 - Checking 687977
2026-07-27 15:42:12.304 | INFO     | api:get_file:84 - Loading File 1b0a45f6-0663-ab48-325c-8173bc21ef48
2026-07-27 15:42:12.687 | SUCCESS  | monitor:scan:235 - Changed : 687977
2026-07-27 15:42:12.698 | INFO     | storage:add_property:113 - Added Property 687977
2026-07-27 15:42:12.702 | SUCCESS  | storage:save_day:81 - 1405-03-16.json Saved
2026-07-27 15:42:12.704 | INFO     | state_manager:save:61 - State Saved
2026-07-27 15:42:12.704 | INFO     | monitor:scan:197 - Checking 687534
2026-07-27 15:42:12.704 | INFO     | api:get_file:84 - Loading File 1b0a45f6-07db-b272-0a7b-82bb3c396e41
2026-07-27 15:42:13.105 | SUCCESS  | monitor:scan:235 - Changed : 687534
2026-07-27 15:42:13.119 | INFO     | storage:add_property:113 - Added Property 687534
2026-07-27 15:42:13.122 | SUCCESS  | storage:save_day:81 - 1405-03-16.json Saved
2026-07-27 15:42:13.124 | INFO     | state_manager:save:61 - State Saved
2026-07-27 15:42:13.124 | INFO     | monitor:scan:197 - Checking 686433
2026-07-27 15:42:13.124 | INFO     | api:get_file:84 - Loading File 126ae48a-2fe7-7557-18d6-e1975e4d344c
2026-07-27 15:42:13.505 | SUCCESS  | monitor:scan:235 - Changed : 686433
2026-07-27 15:42:13.520 | INFO     | storage:add_property:113 - Added Property 686433
2026-07-27 15:42:13.524 | SUCCESS  | storage:save_day:81 - 1405-03-16.json Saved
2026-07-27 15:42:13.526 | INFO     | state_manager:save:61 - State Saved
2026-07-27 15:42:13.526 | INFO     | monitor:scan:197 - Checking 757511
2026-07-27 15:42:13.526 | INFO     | api:get_file:84 - Loading File 126d49fe-4368-8aa8-cd5d-caf7ec28614b
2026-07-27 15:42:13.750 | SUCCESS  | monitor:scan:235 - Changed : 757511
2026-07-27 15:42:13.752 | INFO     | storage:add_property:113 - Added Property 757511
2026-07-27 15:42:13.756 | SUCCESS  | storage:save_day:81 - 1405-03-13.json Saved
2026-07-27 15:42:13.760 | INFO     | state_manager:save:61 - State Saved
2026-07-27 15:42:13.760 | INFO     | monitor:scan:197 - Checking 757507
2026-07-27 15:42:13.760 | INFO     | api:get_file:84 - Loading File 126d4a0c-aee3-e209-2750-d4518508f41e
2026-07-27 15:42:14.155 | SUCCESS  | monitor:scan:235 - Changed : 757507
2026-07-27 15:42:14.167 | INFO     | storage:add_property:113 - Added Property 757507
2026-07-27 15:42:14.168 | SUCCESS  | storage:save_day:81 - 1405-03-13.json Saved
2026-07-27 15:42:14.170 | INFO     | state_manager:save:61 - State Saved
2026-07-27 15:42:14.170 | INFO     | monitor:scan:197 - Checking 757506
2026-07-27 15:42:14.170 | INFO     | api:get_file:84 - Loading File 126d49fe-8849-50c9-eb75-2d7dede70b4c
2026-07-27 15:42:14.575 | SUCCESS  | monitor:scan:235 - Changed : 757506
2026-07-27 15:42:14.584 | INFO     | storage:add_property:113 - Added Property 757506
2026-07-27 15:42:14.585 | SUCCESS  | storage:save_day:81 - 1405-03-13.json Saved
2026-07-27 15:42:14.587 | INFO     | state_manager:save:61 - State Saved
2026-07-27 15:42:14.587 | INFO     | monitor:scan:197 - Checking 757504
2026-07-27 15:42:14.587 | INFO     | api:get_file:84 - Loading File 126d4a0c-be18-95aa-c573-1d0120136341
2026-07-27 15:42:14.982 | SUCCESS  | monitor:scan:235 - Changed : 757504
2026-07-27 15:42:14.993 | INFO     | storage:add_property:113 - Added Property 757504
2026-07-27 15:42:14.994 | SUCCESS  | storage:save_day:81 - 1405-03-13.json Saved
2026-07-27 15:42:14.997 | INFO     | state_manager:save:61 - State Saved
2026-07-27 15:42:14.997 | INFO     | monitor:scan:197 - Checking 757502
2026-07-27 15:42:14.997 | INFO     | api:get_file:84 - Loading File 126d49fe-3e68-76d8-5162-f99ad2f8bb4b
2026-07-27 15:42:15.428 | SUCCESS  | monitor:scan:235 - Changed : 757502
2026-07-27 15:42:15.435 | INFO     | storage:add_property:113 - Added Property 757502
2026-07-27 15:42:15.436 | SUCCESS  | storage:save_day:81 - 1405-03-13.json Saved
2026-07-27 15:42:15.438 | INFO     | state_manager:save:61 - State Saved
2026-07-27 15:42:15.438 | INFO     | monitor:scan:197 - Checking 757501
2026-07-27 15:42:15.439 | INFO     | api:get_file:84 - Loading File 126d49fe-5728-7086-1313-a4f74d4ae745
2026-07-27 15:42:15.898 | SUCCESS  | monitor:scan:235 - Changed : 757501
2026-07-27 15:42:15.909 | INFO     | storage:add_property:113 - Added Property 757501
2026-07-27 15:42:15.911 | SUCCESS  | storage:save_day:81 - 1405-03-13.json Saved
2026-07-27 15:42:15.913 | INFO     | state_manager:save:61 - State Saved
2026-07-27 15:42:15.913 | INFO     | monitor:scan:197 - Checking 757496
2026-07-27 15:42:15.913 | INFO     | api:get_file:84 - Loading File 126d4a0c-bf03-92af-35f8-d3630497f4d4
2026-07-27 15:42:16.482 | SUCCESS  | monitor:scan:235 - Changed : 757496
2026-07-27 15:42:16.496 | INFO     | storage:add_property:113 - Added Property 757496
2026-07-27 15:42:16.497 | SUCCESS  | storage:save_day:81 - 1405-03-13.json Saved
2026-07-27 15:42:16.499 | INFO     | state_manager:save:61 - State Saved
2026-07-27 15:42:16.499 | INFO     | monitor:scan:197 - Checking 757492
2026-07-27 15:42:16.499 | INFO     | api:get_file:84 - Loading File 126d4a0c-e1af-4b34-53d7-eb2653158b4d
2026-07-27 15:42:16.895 | SUCCESS  | monitor:scan:235 - Changed : 757492
2026-07-27 15:42:16.911 | INFO     | storage:add_property:113 - Added Property 757492
2026-07-27 15:42:16.912 | SUCCESS  | storage:save_day:81 - 1405-03-13.json Saved
2026-07-27 15:42:16.915 | INFO     | state_manager:save:61 - State Saved
2026-07-27 15:42:16.915 | INFO     | monitor:scan:197 - Checking 757488
2026-07-27 15:42:16.915 | INFO     | api:get_file:84 - Loading File 126d49fe-43f4-6937-7c5a-fba9efd09141
2026-07-27 15:42:17.307 | SUCCESS  | monitor:scan:235 - Changed : 757488
2026-07-27 15:42:17.318 | INFO     | storage:add_property:113 - Added Property 757488
2026-07-27 15:42:17.320 | SUCCESS  | storage:save_day:81 - 1405-03-13.json Saved
2026-07-27 15:42:17.322 | INFO     | state_manager:save:61 - State Saved
2026-07-27 15:42:17.322 | INFO     | monitor:scan:197 - Checking 757486
2026-07-27 15:42:17.322 | INFO     | api:get_file:84 - Loading File 126d4a0c-af59-54a0-8de8-f38ea1b0d348
2026-07-27 15:42:17.717 | SUCCESS  | monitor:scan:235 - Changed : 757486
2026-07-27 15:42:17.728 | INFO     | storage:add_property:113 - Added Property 757486
2026-07-27 15:42:17.729 | SUCCESS  | storage:save_day:81 - 1405-03-13.json Saved
2026-07-27 15:42:17.731 | INFO     | state_manager:save:61 - State Saved
2026-07-27 15:42:17.731 | INFO     | monitor:scan:197 - Checking 757483
2026-07-27 15:42:17.731 | INFO     | api:get_file:84 - Loading File 126d4a0c-b792-96c1-cb9a-7570cb682944
2026-07-27 15:42:18.118 | SUCCESS  | monitor:scan:235 - Changed : 757483
2026-07-27 15:42:18.129 | INFO     | storage:add_property:113 - Added Property 757483
2026-07-27 15:42:18.130 | SUCCESS  | storage:save_day:81 - 1405-03-13.json Saved
2026-07-27 15:42:18.133 | INFO     | state_manager:save:61 - State Saved
2026-07-27 15:42:18.133 | INFO     | monitor:scan:197 - Checking 757482
2026-07-27 15:42:18.133 | INFO     | api:get_file:84 - Loading File 126d4a0c-945f-6d3d-6aad-0d52c5838640
2026-07-27 15:42:18.534 | SUCCESS  | monitor:scan:235 - Changed : 757482
2026-07-27 15:42:18.545 | INFO     | storage:add_property:113 - Added Property 757482
2026-07-27 15:42:18.546 | SUCCESS  | storage:save_day:81 - 1405-03-13.json Saved
2026-07-27 15:42:18.548 | INFO     | state_manager:save:61 - State Saved
2026-07-27 15:42:18.548 | INFO     | monitor:scan:125 - Loading Page 14
2026-07-27 15:42:18.548 | INFO     | api:get_files:60 - Loading Page 14
2026-07-27 15:42:22.384 | INFO     | monitor:scan:197 - Checking 757481
2026-07-27 15:42:22.385 | INFO     | api:get_file:84 - Loading File 126d49fe-5c89-21c7-2e0b-c19b647b954b
2026-07-27 15:42:22.604 | SUCCESS  | monitor:scan:235 - Changed : 757481
2026-07-27 15:42:22.612 | INFO     | storage:add_property:113 - Added Property 757481
2026-07-27 15:42:22.614 | SUCCESS  | storage:save_day:81 - 1405-03-13.json Saved
2026-07-27 15:42:22.616 | INFO     | state_manager:save:61 - State Saved
2026-07-27 15:42:22.616 | INFO     | monitor:scan:197 - Checking 757478
2026-07-27 15:42:22.616 | INFO     | api:get_file:84 - Loading File 126d49fe-9006-8e11-0ac6-fbf7d1411404
2026-07-27 15:42:23.048 | SUCCESS  | monitor:scan:235 - Changed : 757478
2026-07-27 15:42:23.059 | INFO     | storage:add_property:113 - Added Property 757478
2026-07-27 15:42:23.061 | SUCCESS  | storage:save_day:81 - 1405-03-13.json Saved
2026-07-27 15:42:23.064 | INFO     | state_manager:save:61 - State Saved
2026-07-27 15:42:23.064 | INFO     | monitor:scan:197 - Checking 757476
2026-07-27 15:42:23.064 | INFO     | api:get_file:84 - Loading File 1b0a45f6-0ea9-429f-f72c-c91347e0f646
2026-07-27 15:42:23.287 | SUCCESS  | monitor:scan:235 - Changed : 757476
2026-07-27 15:42:23.296 | INFO     | storage:add_property:113 - Added Property 757476
2026-07-27 15:42:23.298 | SUCCESS  | storage:save_day:81 - 1405-03-13.json Saved
2026-07-27 15:42:23.301 | INFO     | state_manager:save:61 - State Saved
2026-07-27 15:42:23.301 | INFO     | monitor:scan:197 - Checking 757474
2026-07-27 15:42:23.301 | INFO     | api:get_file:84 - Loading File 126d49fe-5e05-9270-9627-e34d92978d47
2026-07-27 15:42:23.521 | SUCCESS  | monitor:scan:235 - Changed : 757474
2026-07-27 15:42:23.529 | INFO     | storage:add_property:113 - Added Property 757474
2026-07-27 15:42:23.530 | SUCCESS  | storage:save_day:81 - 1405-03-13.json Saved
2026-07-27 15:42:23.532 | INFO     | state_manager:save:61 - State Saved
2026-07-27 15:42:23.533 | INFO     | monitor:scan:197 - Checking 757472
2026-07-27 15:42:23.533 | INFO     | api:get_file:84 - Loading File 126d4a0c-9c2d-45d9-ce2f-66ba815daa4b
2026-07-27 15:42:23.918 | SUCCESS  | monitor:scan:235 - Changed : 757472
2026-07-27 15:42:23.933 | INFO     | storage:add_property:113 - Added Property 757472
2026-07-27 15:42:23.935 | SUCCESS  | storage:save_day:81 - 1405-03-13.json Saved
2026-07-27 15:42:23.937 | INFO     | state_manager:save:61 - State Saved
2026-07-27 15:42:23.937 | INFO     | monitor:scan:197 - Checking 757470
2026-07-27 15:42:23.937 | INFO     | api:get_file:84 - Loading File 1b0a45ff-0269-f5bc-1b86-fcc07aaed74c
2026-07-27 15:42:24.161 | SUCCESS  | monitor:scan:235 - Changed : 757470
2026-07-27 15:42:24.173 | INFO     | storage:add_property:113 - Added Property 757470
2026-07-27 15:42:24.175 | SUCCESS  | storage:save_day:81 - 1405-03-13.json Saved
2026-07-27 15:42:24.177 | INFO     | state_manager:save:61 - State Saved
2026-07-27 15:42:24.177 | INFO     | monitor:scan:197 - Checking 757468
2026-07-27 15:42:24.177 | INFO     | api:get_file:84 - Loading File 126d4a0c-c33a-8e27-852e-c5c8da15cc4a
2026-07-27 15:42:24.573 | SUCCESS  | monitor:scan:235 - Changed : 757468
2026-07-27 15:42:24.585 | INFO     | storage:add_property:113 - Added Property 757468
2026-07-27 15:42:24.587 | SUCCESS  | storage:save_day:81 - 1405-03-13.json Saved
2026-07-27 15:42:24.589 | INFO     | state_manager:save:61 - State Saved
2026-07-27 15:42:24.589 | INFO     | monitor:scan:197 - Checking 757465
2026-07-27 15:42:24.589 | INFO     | api:get_file:84 - Loading File 126d4a0c-c328-7cfb-57dd-f286f0d92846
2026-07-27 15:42:24.815 | SUCCESS  | monitor:scan:235 - Changed : 757465
2026-07-27 15:42:24.831 | INFO     | storage:add_property:113 - Added Property 757465
2026-07-27 15:42:24.834 | SUCCESS  | storage:save_day:81 - 1405-03-13.json Saved
2026-07-27 15:42:24.835 | INFO     | state_manager:save:61 - State Saved
2026-07-27 15:42:24.836 | INFO     | monitor:scan:197 - Checking 757464
2026-07-27 15:42:24.836 | INFO     | api:get_file:84 - Loading File 126d4a0c-bcfa-85d0-71c7-426c434bef4d
2026-07-27 15:42:25.228 | SUCCESS  | monitor:scan:235 - Changed : 757464
2026-07-27 15:42:25.237 | INFO     | storage:add_property:113 - Added Property 757464
2026-07-27 15:42:25.240 | SUCCESS  | storage:save_day:81 - 1405-03-13.json Saved
2026-07-27 15:42:25.242 | INFO     | state_manager:save:61 - State Saved
2026-07-27 15:42:25.242 | INFO     | monitor:scan:197 - Checking 757463
2026-07-27 15:42:25.242 | INFO     | api:get_file:84 - Loading File 126d49fd-9e01-6f1e-cbc6-431cd9c7d04d
2026-07-27 15:42:25.461 | SUCCESS  | monitor:scan:235 - Changed : 757463
2026-07-27 15:42:25.471 | INFO     | storage:add_property:113 - Added Property 757463
2026-07-27 15:42:25.473 | SUCCESS  | storage:save_day:81 - 1405-03-13.json Saved
2026-07-27 15:42:25.476 | INFO     | state_manager:save:61 - State Saved
2026-07-27 15:42:25.476 | INFO     | monitor:scan:197 - Checking 757462
2026-07-27 15:42:25.476 | INFO     | api:get_file:84 - Loading File 126d4a0c-adaa-7a2e-3a98-38f096efdc4c
2026-07-27 15:42:25.698 | SUCCESS  | monitor:scan:235 - Changed : 757462
2026-07-27 15:42:25.708 | INFO     | storage:add_property:113 - Added Property 757462
2026-07-27 15:42:25.710 | SUCCESS  | storage:save_day:81 - 1405-03-13.json Saved
2026-07-27 15:42:25.713 | INFO     | state_manager:save:61 - State Saved
2026-07-27 15:42:25.713 | INFO     | monitor:scan:197 - Checking 757460
2026-07-27 15:42:25.713 | INFO     | api:get_file:84 - Loading File 126d49ee-34af-2102-f9f1-0fd92dae2d48
2026-07-27 15:42:26.113 | SUCCESS  | monitor:scan:235 - Changed : 757460
2026-07-27 15:42:26.124 | INFO     | storage:add_property:113 - Added Property 757460
2026-07-27 15:42:26.126 | SUCCESS  | storage:save_day:81 - 1405-03-13.json Saved
2026-07-27 15:42:26.129 | INFO     | state_manager:save:61 - State Saved
2026-07-27 15:42:26.129 | INFO     | monitor:scan:197 - Checking 757455
2026-07-27 15:42:26.129 | INFO     | api:get_file:84 - Loading File 1b0a45f6-0491-ba19-b24f-6b0aa4be8b41
2026-07-27 15:42:26.343 | SUCCESS  | monitor:scan:235 - Changed : 757455
2026-07-27 15:42:26.356 | INFO     | storage:add_property:113 - Added Property 757455
2026-07-27 15:42:26.359 | SUCCESS  | storage:save_day:81 - 1405-03-13.json Saved
2026-07-27 15:42:26.361 | INFO     | state_manager:save:61 - State Saved
2026-07-27 15:42:26.362 | INFO     | monitor:scan:197 - Checking 757454
2026-07-27 15:42:26.362 | INFO     | api:get_file:84 - Loading File 126d4a0c-ea6b-245b-3c50-70201f334e4d
2026-07-27 15:42:26.578 | SUCCESS  | monitor:scan:235 - Changed : 757454
2026-07-27 15:42:26.588 | INFO     | storage:add_property:113 - Added Property 757454
2026-07-27 15:42:26.592 | SUCCESS  | storage:save_day:81 - 1405-03-13.json Saved
2026-07-27 15:42:26.594 | INFO     | state_manager:save:61 - State Saved
2026-07-27 15:42:26.594 | INFO     | monitor:scan:197 - Checking 732030
2026-07-27 15:42:26.594 | INFO     | api:get_file:84 - Loading File 126d32ed-3493-7b4e-160b-307c2dc7a041
2026-07-27 15:42:26.836 | SUCCESS  | monitor:scan:235 - Changed : 732030
2026-07-27 15:42:26.848 | INFO     | storage:add_property:113 - Added Property 732030
2026-07-27 15:42:26.851 | SUCCESS  | storage:save_day:81 - 1405-03-13.json Saved
2026-07-27 15:42:26.853 | INFO     | state_manager:save:61 - State Saved
2026-07-27 15:42:26.853 | INFO     | monitor:scan:197 - Checking 720211
2026-07-27 15:42:26.853 | INFO     | api:get_file:84 - Loading File 126d2d33-2406-1890-b82b-a082957e2141
2026-07-27 15:42:27.071 | SUCCESS  | monitor:scan:235 - Changed : 720211
2026-07-27 15:42:27.083 | INFO     | storage:add_property:113 - Added Property 720211
2026-07-27 15:42:27.086 | SUCCESS  | storage:save_day:81 - 1405-03-13.json Saved
2026-07-27 15:42:27.089 | INFO     | state_manager:save:61 - State Saved
2026-07-27 15:42:27.089 | INFO     | monitor:scan:197 - Checking 718588
2026-07-27 15:42:27.089 | INFO     | api:get_file:84 - Loading File 126b1af5-4164-2171-6318-3a6f4b4bfa45
2026-07-27 15:42:27.478 | SUCCESS  | monitor:scan:235 - Changed : 718588
2026-07-27 15:42:27.487 | INFO     | storage:add_property:113 - Added Property 718588
2026-07-27 15:42:27.490 | SUCCESS  | storage:save_day:81 - 1405-03-13.json Saved
2026-07-27 15:42:27.492 | INFO     | state_manager:save:61 - State Saved
2026-07-27 15:42:27.492 | INFO     | monitor:scan:197 - Checking 716611
2026-07-27 15:42:27.492 | INFO     | api:get_file:84 - Loading File 1b0a45f6-0b9e-dbb1-07af-38b9f420754f
2026-07-27 15:42:27.879 | SUCCESS  | monitor:scan:235 - Changed : 716611
2026-07-27 15:42:27.886 | INFO     | storage:add_property:113 - Added Property 716611
2026-07-27 15:42:27.889 | SUCCESS  | storage:save_day:81 - 1405-03-13.json Saved
2026-07-27 15:42:27.892 | INFO     | state_manager:save:61 - State Saved
2026-07-27 15:42:27.892 | INFO     | monitor:scan:197 - Checking 714198
2026-07-27 15:42:27.892 | INFO     | api:get_file:84 - Loading File 1b0a45f6-0142-943e-0312-04f7213d0a42
2026-07-27 15:42:28.108 | SUCCESS  | monitor:scan:235 - Changed : 714198
2026-07-27 15:42:28.116 | INFO     | storage:add_property:113 - Added Property 714198
2026-07-27 15:42:28.119 | SUCCESS  | storage:save_day:81 - 1405-03-13.json Saved
2026-07-27 15:42:28.122 | INFO     | state_manager:save:61 - State Saved
2026-07-27 15:42:28.122 | INFO     | monitor:scan:197 - Checking 700009
2026-07-27 15:42:28.122 | INFO     | api:get_file:84 - Loading File 126b034b-67c2-79ca-907b-8e255f0ad446
2026-07-27 15:42:28.337 | SUCCESS  | monitor:scan:235 - Changed : 700009
2026-07-27 15:42:28.344 | INFO     | storage:add_property:113 - Added Property 700009
2026-07-27 15:42:28.348 | SUCCESS  | storage:save_day:81 - 1405-03-13.json Saved
2026-07-27 15:42:28.350 | INFO     | state_manager:save:61 - State Saved
2026-07-27 15:42:28.351 | INFO     | monitor:scan:197 - Checking 693453
2026-07-27 15:42:28.351 | INFO     | api:get_file:84 - Loading File 126af65c-6817-82a4-e56b-69fe23b38449
2026-07-27 15:42:28.745 | SUCCESS  | monitor:scan:235 - Changed : 693453
2026-07-27 15:42:28.758 | INFO     | storage:add_property:113 - Added Property 693453
2026-07-27 15:42:28.761 | SUCCESS  | storage:save_day:81 - 1405-03-13.json Saved
2026-07-27 15:42:28.763 | INFO     | state_manager:save:61 - State Saved
2026-07-27 15:42:28.763 | INFO     | monitor:scan:197 - Checking 693179
2026-07-27 15:42:28.764 | INFO     | api:get_file:84 - Loading File 126af620-733d-7ce0-b47f-98049c30784f
2026-07-27 15:42:29.148 | SUCCESS  | monitor:scan:235 - Changed : 693179
2026-07-27 15:42:29.164 | INFO     | storage:add_property:113 - Added Property 693179
2026-07-27 15:42:29.167 | SUCCESS  | storage:save_day:81 - 1405-03-13.json Saved
2026-07-27 15:42:29.169 | INFO     | state_manager:save:61 - State Saved
2026-07-27 15:42:29.169 | INFO     | monitor:scan:197 - Checking 691674
2026-07-27 15:42:29.169 | INFO     | api:get_file:84 - Loading File 1b0a45f6-12ec-46f2-abcc-ed05eeed6e49
2026-07-27 15:42:29.385 | SUCCESS  | monitor:scan:235 - Changed : 691674
2026-07-27 15:42:29.399 | INFO     | storage:add_property:113 - Added Property 691674
2026-07-27 15:42:29.402 | SUCCESS  | storage:save_day:81 - 1405-03-13.json Saved
2026-07-27 15:42:29.405 | INFO     | state_manager:save:61 - State Saved
2026-07-27 15:42:29.405 | INFO     | monitor:scan:197 - Checking 689794
2026-07-27 15:42:29.405 | INFO     | api:get_file:84 - Loading File 1b0a45ff-02ff-d63d-5de6-fe688a2d984d
2026-07-27 15:42:29.790 | SUCCESS  | monitor:scan:235 - Changed : 689794
2026-07-27 15:42:29.809 | INFO     | storage:add_property:113 - Added Property 689794
2026-07-27 15:42:29.813 | SUCCESS  | storage:save_day:81 - 1405-03-13.json Saved
2026-07-27 15:42:29.815 | INFO     | state_manager:save:61 - State Saved
2026-07-27 15:42:29.815 | INFO     | monitor:scan:197 - Checking 685451
2026-07-27 15:42:29.815 | INFO     | api:get_file:84 - Loading File 1b0a45f6-0595-a352-14be-3ba5f2566943
2026-07-27 15:42:30.202 | SUCCESS  | monitor:scan:235 - Changed : 685451
2026-07-27 15:42:30.210 | INFO     | storage:add_property:113 - Added Property 685451
2026-07-27 15:42:30.213 | SUCCESS  | storage:save_day:81 - 1405-03-13.json Saved
2026-07-27 15:42:30.216 | INFO     | state_manager:save:61 - State Saved
2026-07-27 15:42:30.216 | INFO     | monitor:scan:197 - Checking 684716
2026-07-27 15:42:30.216 | INFO     | api:get_file:84 - Loading File 1b0a45ff-0afe-296c-3029-f900d4124144
2026-07-27 15:42:30.434 | SUCCESS  | monitor:scan:235 - Changed : 684716
2026-07-27 15:42:30.443 | INFO     | storage:add_property:113 - Added Property 684716
2026-07-27 15:42:30.447 | SUCCESS  | storage:save_day:81 - 1405-03-13.json Saved
2026-07-27 15:42:30.450 | INFO     | state_manager:save:61 - State Saved
2026-07-27 15:42:30.450 | INFO     | monitor:scan:197 - Checking 757391
2026-07-27 15:42:30.450 | INFO     | api:get_file:84 - Loading File 1b0a45f6-0dd0-33ec-b34b-0fb2fced6a40
2026-07-27 15:42:30.841 | SUCCESS  | monitor:scan:235 - Changed : 757391
2026-07-27 15:42:30.844 | INFO     | storage:add_property:113 - Added Property 757391
2026-07-27 15:42:30.849 | SUCCESS  | storage:save_day:81 - 1405-03-12.json Saved
2026-07-27 15:42:30.855 | INFO     | state_manager:save:61 - State Saved
2026-07-27 15:42:30.856 | INFO     | monitor:scan:197 - Checking 757390
2026-07-27 15:42:30.856 | INFO     | api:get_file:84 - Loading File 126d49ef-1efc-86c3-616c-4cb0dab9ff44
2026-07-27 15:42:31.241 | SUCCESS  | monitor:scan:235 - Changed : 757390
2026-07-27 15:42:31.251 | INFO     | storage:add_property:113 - Added Property 757390
2026-07-27 15:42:31.252 | SUCCESS  | storage:save_day:81 - 1405-03-12.json Saved
2026-07-27 15:42:31.254 | INFO     | state_manager:save:61 - State Saved
2026-07-27 15:42:31.254 | INFO     | monitor:scan:197 - Checking 757389
2026-07-27 15:42:31.254 | INFO     | api:get_file:84 - Loading File 126d49fd-a3b5-7fcf-10c3-231b5a047748
2026-07-27 15:42:31.651 | SUCCESS  | monitor:scan:235 - Changed : 757389
2026-07-27 15:42:31.659 | INFO     | storage:add_property:113 - Added Property 757389
2026-07-27 15:42:31.661 | SUCCESS  | storage:save_day:81 - 1405-03-12.json Saved
2026-07-27 15:42:31.663 | INFO     | state_manager:save:61 - State Saved
2026-07-27 15:42:31.663 | INFO     | monitor:scan:197 - Checking 757388
2026-07-27 15:42:31.663 | INFO     | api:get_file:84 - Loading File 1b0a45ff-06c4-72db-80b1-bd0c486a704b
2026-07-27 15:42:31.883 | SUCCESS  | monitor:scan:235 - Changed : 757388
2026-07-27 15:42:31.896 | INFO     | storage:add_property:113 - Added Property 757388
2026-07-27 15:42:31.897 | SUCCESS  | storage:save_day:81 - 1405-03-12.json Saved
2026-07-27 15:42:31.899 | INFO     | state_manager:save:61 - State Saved
2026-07-27 15:42:31.899 | INFO     | monitor:scan:197 - Checking 757387
2026-07-27 15:42:31.899 | INFO     | api:get_file:84 - Loading File 126d49fd-5010-7824-74de-59f25ff68642
2026-07-27 15:42:32.303 | SUCCESS  | monitor:scan:235 - Changed : 757387
2026-07-27 15:42:32.310 | INFO     | storage:add_property:113 - Added Property 757387
2026-07-27 15:42:32.311 | SUCCESS  | storage:save_day:81 - 1405-03-12.json Saved
2026-07-27 15:42:32.314 | INFO     | state_manager:save:61 - State Saved
2026-07-27 15:42:32.314 | INFO     | monitor:scan:197 - Checking 757386
2026-07-27 15:42:32.314 | INFO     | api:get_file:84 - Loading File 126d49fd-710c-198e-6b5a-450e5df5df41
2026-07-27 15:42:32.531 | SUCCESS  | monitor:scan:235 - Changed : 757386
2026-07-27 15:42:32.541 | INFO     | storage:add_property:113 - Added Property 757386
2026-07-27 15:42:32.543 | SUCCESS  | storage:save_day:81 - 1405-03-12.json Saved
2026-07-27 15:42:32.545 | INFO     | state_manager:save:61 - State Saved
2026-07-27 15:42:32.545 | INFO     | monitor:scan:197 - Checking 757383
2026-07-27 15:42:32.545 | INFO     | api:get_file:84 - Loading File 1b0a45ff-05d4-0b7f-1133-3567df073544
2026-07-27 15:42:32.770 | SUCCESS  | monitor:scan:235 - Changed : 757383
2026-07-27 15:42:32.781 | INFO     | storage:add_property:113 - Added Property 757383
2026-07-27 15:42:32.782 | SUCCESS  | storage:save_day:81 - 1405-03-12.json Saved
2026-07-27 15:42:32.784 | INFO     | state_manager:save:61 - State Saved
2026-07-27 15:42:32.785 | INFO     | monitor:scan:197 - Checking 757382
2026-07-27 15:42:32.785 | INFO     | api:get_file:84 - Loading File 1b0a45f6-0cb1-4c44-ebb1-8cfe9de0a748
2026-07-27 15:42:33.004 | SUCCESS  | monitor:scan:235 - Changed : 757382
2026-07-27 15:42:33.014 | INFO     | storage:add_property:113 - Added Property 757382
2026-07-27 15:42:33.016 | SUCCESS  | storage:save_day:81 - 1405-03-12.json Saved
2026-07-27 15:42:33.018 | INFO     | state_manager:save:61 - State Saved
2026-07-27 15:42:33.018 | INFO     | monitor:scan:197 - Checking 757378
2026-07-27 15:42:33.018 | INFO     | api:get_file:84 - Loading File 126d49fd-9f06-7c3e-74ee-905af884c849
2026-07-27 15:42:33.582 | SUCCESS  | monitor:scan:235 - Changed : 757378
2026-07-27 15:42:33.593 | INFO     | storage:add_property:113 - Added Property 757378
2026-07-27 15:42:33.595 | SUCCESS  | storage:save_day:81 - 1405-03-12.json Saved
2026-07-27 15:42:33.597 | INFO     | state_manager:save:61 - State Saved
2026-07-27 15:42:33.597 | INFO     | monitor:scan:197 - Checking 757375
2026-07-27 15:42:33.598 | INFO     | api:get_file:84 - Loading File 126d49ee-7761-807f-cbe6-49a3f163af49
2026-07-27 15:42:33.985 | SUCCESS  | monitor:scan:235 - Changed : 757375
2026-07-27 15:42:33.996 | INFO     | storage:add_property:113 - Added Property 757375
2026-07-27 15:42:33.997 | SUCCESS  | storage:save_day:81 - 1405-03-12.json Saved
2026-07-27 15:42:33.999 | INFO     | state_manager:save:61 - State Saved
2026-07-27 15:42:34.000 | INFO     | monitor:scan:197 - Checking 757373
2026-07-27 15:42:34.000 | INFO     | api:get_file:84 - Loading File 126d49fd-7ac2-3b78-835f-101a84923641
2026-07-27 15:42:34.215 | SUCCESS  | monitor:scan:235 - Changed : 757373
2026-07-27 15:42:34.222 | INFO     | storage:add_property:113 - Added Property 757373
2026-07-27 15:42:34.223 | SUCCESS  | storage:save_day:81 - 1405-03-12.json Saved
2026-07-27 15:42:34.225 | INFO     | state_manager:save:61 - State Saved
2026-07-27 15:42:34.226 | INFO     | monitor:scan:197 - Checking 757372
2026-07-27 15:42:34.226 | INFO     | api:get_file:84 - Loading File 126d49fd-4859-6448-4c57-77961fdb4744
2026-07-27 15:42:34.617 | SUCCESS  | monitor:scan:235 - Changed : 757372
2026-07-27 15:42:34.628 | INFO     | storage:add_property:113 - Added Property 757372
2026-07-27 15:42:34.630 | SUCCESS  | storage:save_day:81 - 1405-03-12.json Saved
2026-07-27 15:42:34.632 | INFO     | state_manager:save:61 - State Saved
2026-07-27 15:42:34.632 | INFO     | monitor:scan:197 - Checking 757364
2026-07-27 15:42:34.632 | INFO     | api:get_file:84 - Loading File 126d49fd-74f1-223c-4f88-eee1ec485948
2026-07-27 15:42:35.015 | SUCCESS  | monitor:scan:235 - Changed : 757364
2026-07-27 15:42:35.026 | INFO     | storage:add_property:113 - Added Property 757364
2026-07-27 15:42:35.028 | SUCCESS  | storage:save_day:81 - 1405-03-12.json Saved
2026-07-27 15:42:35.030 | INFO     | state_manager:save:61 - State Saved
2026-07-27 15:42:35.030 | INFO     | monitor:scan:197 - Checking 757360
2026-07-27 15:42:35.030 | INFO     | api:get_file:84 - Loading File 126d49fd-752e-3812-d5fc-46d87bd9cc40
2026-07-27 15:42:35.268 | SUCCESS  | monitor:scan:235 - Changed : 757360
2026-07-27 15:42:35.278 | INFO     | storage:add_property:113 - Added Property 757360
2026-07-27 15:42:35.280 | SUCCESS  | storage:save_day:81 - 1405-03-12.json Saved
2026-07-27 15:42:35.282 | INFO     | state_manager:save:61 - State Saved
2026-07-27 15:42:35.282 | INFO     | monitor:scan:197 - Checking 757356
2026-07-27 15:42:35.282 | INFO     | api:get_file:84 - Loading File 126d4557-5242-981c-38ac-ac4613177440
2026-07-27 15:42:35.497 | SUCCESS  | monitor:scan:235 - Changed : 757356
2026-07-27 15:42:35.504 | INFO     | storage:add_property:113 - Added Property 757356
2026-07-27 15:42:35.506 | SUCCESS  | storage:save_day:81 - 1405-03-12.json Saved
2026-07-27 15:42:35.509 | INFO     | state_manager:save:61 - State Saved
2026-07-27 15:42:35.509 | INFO     | monitor:scan:197 - Checking 757353
2026-07-27 15:42:35.509 | INFO     | api:get_file:84 - Loading File 126d49fd-50f3-72bc-0fa3-ff37e9f9744b
2026-07-27 15:42:35.895 | SUCCESS  | monitor:scan:235 - Changed : 757353
2026-07-27 15:42:35.910 | INFO     | storage:add_property:113 - Added Property 757353
2026-07-27 15:42:35.912 | SUCCESS  | storage:save_day:81 - 1405-03-12.json Saved
2026-07-27 15:42:35.914 | INFO     | state_manager:save:61 - State Saved
2026-07-27 15:42:35.914 | INFO     | monitor:scan:197 - Checking 757349
2026-07-27 15:42:35.914 | INFO     | api:get_file:84 - Loading File 126d45c2-428a-58bb-450a-a06503b4545d
2026-07-27 15:42:36.304 | SUCCESS  | monitor:scan:235 - Changed : 757349
2026-07-27 15:42:36.317 | INFO     | storage:add_property:113 - Added Property 757349
2026-07-27 15:42:36.319 | SUCCESS  | storage:save_day:81 - 1405-03-12.json Saved
2026-07-27 15:42:36.321 | INFO     | state_manager:save:61 - State Saved
2026-07-27 15:42:36.321 | INFO     | monitor:scan:197 - Checking 757343
2026-07-27 15:42:36.321 | INFO     | api:get_file:84 - Loading File 126d49fd-48a8-942f-c5a0-afe92009e548
2026-07-27 15:42:36.882 | SUCCESS  | monitor:scan:235 - Changed : 757343
2026-07-27 15:42:36.894 | INFO     | storage:add_property:113 - Added Property 757343
2026-07-27 15:42:36.896 | SUCCESS  | storage:save_day:81 - 1405-03-12.json Saved
2026-07-27 15:42:36.898 | INFO     | state_manager:save:61 - State Saved
2026-07-27 15:42:36.899 | INFO     | monitor:scan:197 - Checking 757342
2026-07-27 15:42:36.899 | INFO     | api:get_file:84 - Loading File 126d49fd-821f-7473-4f9f-c18d9c11174b
2026-07-27 15:42:37.295 | SUCCESS  | monitor:scan:235 - Changed : 757342
2026-07-27 15:42:37.301 | INFO     | storage:add_property:113 - Added Property 757342
2026-07-27 15:42:37.304 | SUCCESS  | storage:save_day:81 - 1405-03-12.json Saved
2026-07-27 15:42:37.307 | INFO     | state_manager:save:61 - State Saved
2026-07-27 15:42:37.307 | INFO     | monitor:scan:197 - Checking 757341
2026-07-27 15:42:37.307 | INFO     | api:get_file:84 - Loading File 126d49ef-1c46-1200-a4ba-92fe0d931d43
2026-07-27 15:42:37.715 | SUCCESS  | monitor:scan:235 - Changed : 757341
2026-07-27 15:42:37.724 | INFO     | storage:add_property:113 - Added Property 757341
2026-07-27 15:42:37.726 | SUCCESS  | storage:save_day:81 - 1405-03-12.json Saved
2026-07-27 15:42:37.728 | INFO     | state_manager:save:61 - State Saved
2026-07-27 15:42:37.728 | INFO     | monitor:scan:197 - Checking 757339
2026-07-27 15:42:37.729 | INFO     | api:get_file:84 - Loading File 126d45c3-2da6-8433-2b94-601f2670a47c
2026-07-27 15:42:38.117 | SUCCESS  | monitor:scan:235 - Changed : 757339
2026-07-27 15:42:38.127 | INFO     | storage:add_property:113 - Added Property 757339
2026-07-27 15:42:38.130 | SUCCESS  | storage:save_day:81 - 1405-03-12.json Saved
2026-07-27 15:42:38.132 | INFO     | state_manager:save:61 - State Saved
2026-07-27 15:42:38.132 | INFO     | monitor:scan:197 - Checking 743759
2026-07-27 15:42:38.132 | INFO     | api:get_file:84 - Loading File 1b0a45f6-010a-61c7-6d59-7e1008ee6945
2026-07-27 15:42:38.504 | SUCCESS  | monitor:scan:235 - Changed : 743759
2026-07-27 15:42:38.517 | INFO     | storage:add_property:113 - Added Property 743759
2026-07-27 15:42:38.519 | SUCCESS  | storage:save_day:81 - 1405-03-12.json Saved
2026-07-27 15:42:38.521 | INFO     | state_manager:save:61 - State Saved
2026-07-27 15:42:38.521 | INFO     | monitor:scan:197 - Checking 742720
2026-07-27 15:42:38.522 | INFO     | api:get_file:84 - Loading File 126d384a-83d5-6029-74fe-ff084d3fd54c
2026-07-27 15:42:38.923 | SUCCESS  | monitor:scan:235 - Changed : 742720
2026-07-27 15:42:38.936 | INFO     | storage:add_property:113 - Added Property 742720
2026-07-27 15:42:38.938 | SUCCESS  | storage:save_day:81 - 1405-03-12.json Saved
2026-07-27 15:42:38.941 | INFO     | state_manager:save:61 - State Saved
2026-07-27 15:42:38.941 | INFO     | monitor:scan:197 - Checking 732457
2026-07-27 15:42:38.941 | INFO     | api:get_file:84 - Loading File 126d3366-3210-669e-2fe2-0e69856cde40
2026-07-27 15:42:39.334 | SUCCESS  | monitor:scan:235 - Changed : 732457
2026-07-27 15:42:39.344 | INFO     | storage:add_property:113 - Added Property 732457
2026-07-27 15:42:39.347 | SUCCESS  | storage:save_day:81 - 1405-03-12.json Saved
2026-07-27 15:42:39.349 | INFO     | state_manager:save:61 - State Saved
2026-07-27 15:42:39.349 | INFO     | monitor:scan:197 - Checking 732419
2026-07-27 15:42:39.349 | INFO     | api:get_file:84 - Loading File 126d3366-57d7-844d-6c27-a88ef1d77f43
2026-07-27 15:42:39.745 | SUCCESS  | monitor:scan:235 - Changed : 732419
2026-07-27 15:42:39.753 | INFO     | storage:add_property:113 - Added Property 732419
2026-07-27 15:42:39.756 | SUCCESS  | storage:save_day:81 - 1405-03-12.json Saved
2026-07-27 15:42:39.758 | INFO     | state_manager:save:61 - State Saved
2026-07-27 15:42:39.758 | INFO     | monitor:scan:197 - Checking 731518
2026-07-27 15:42:39.758 | INFO     | api:get_file:84 - Loading File 126d3254-c858-6e53-746c-41ab32392945
2026-07-27 15:42:40.154 | SUCCESS  | monitor:scan:235 - Changed : 731518
2026-07-27 15:42:40.162 | INFO     | storage:add_property:113 - Added Property 731518
2026-07-27 15:42:40.165 | SUCCESS  | storage:save_day:81 - 1405-03-12.json Saved
2026-07-27 15:42:40.167 | INFO     | state_manager:save:61 - State Saved
2026-07-27 15:42:40.167 | INFO     | monitor:scan:197 - Checking 719515
2026-07-27 15:42:40.167 | INFO     | api:get_file:84 - Loading File 1b0a45f6-1297-fced-cb25-780841718744
2026-07-27 15:42:40.384 | SUCCESS  | monitor:scan:235 - Changed : 719515
2026-07-27 15:42:40.391 | INFO     | storage:add_property:113 - Added Property 719515
2026-07-27 15:42:40.394 | SUCCESS  | storage:save_day:81 - 1405-03-12.json Saved
2026-07-27 15:42:40.396 | INFO     | state_manager:save:61 - State Saved
2026-07-27 15:42:40.396 | INFO     | monitor:scan:197 - Checking 714896
2026-07-27 15:42:40.396 | INFO     | api:get_file:84 - Loading File 126b0f55-a4be-7143-d0db-00602d8d5944
2026-07-27 15:42:40.782 | SUCCESS  | monitor:scan:235 - Changed : 714896
2026-07-27 15:42:40.790 | INFO     | storage:add_property:113 - Added Property 714896
2026-07-27 15:42:40.793 | SUCCESS  | storage:save_day:81 - 1405-03-12.json Saved
2026-07-27 15:42:40.796 | INFO     | state_manager:save:61 - State Saved
2026-07-27 15:42:40.796 | INFO     | monitor:scan:197 - Checking 713987
2026-07-27 15:42:40.796 | INFO     | api:get_file:84 - Loading File 1b0a45f6-0fce-8de1-480f-f95f42841e45
2026-07-27 15:42:41.010 | SUCCESS  | monitor:scan:235 - Changed : 713987
2026-07-27 15:42:41.017 | INFO     | storage:add_property:113 - Added Property 713987
2026-07-27 15:42:41.020 | SUCCESS  | storage:save_day:81 - 1405-03-12.json Saved
2026-07-27 15:42:41.023 | INFO     | state_manager:save:61 - State Saved
2026-07-27 15:42:41.023 | INFO     | monitor:scan:197 - Checking 693299
2026-07-27 15:42:41.023 | INFO     | api:get_file:84 - Loading File 1b0a45f6-0e40-12cd-6918-74eacc23904c
2026-07-27 15:42:41.243 | SUCCESS  | monitor:scan:235 - Changed : 693299
2026-07-27 15:42:41.249 | INFO     | storage:add_property:113 - Added Property 693299
2026-07-27 15:42:41.253 | SUCCESS  | storage:save_day:81 - 1405-03-12.json Saved
2026-07-27 15:42:41.255 | INFO     | state_manager:save:61 - State Saved
2026-07-27 15:42:41.255 | INFO     | monitor:scan:197 - Checking 689898
2026-07-27 15:42:41.255 | INFO     | api:get_file:84 - Loading File 1b0a45f6-012b-de60-7302-227302110241
2026-07-27 15:42:41.644 | SUCCESS  | monitor:scan:235 - Changed : 689898
2026-07-27 15:42:41.654 | INFO     | storage:add_property:113 - Added Property 689898
2026-07-27 15:42:41.657 | SUCCESS  | storage:save_day:81 - 1405-03-12.json Saved
2026-07-27 15:42:41.660 | INFO     | state_manager:save:61 - State Saved
2026-07-27 15:42:41.660 | INFO     | monitor:scan:197 - Checking 688723
2026-07-27 15:42:41.660 | INFO     | api:get_file:84 - Loading File 1b0a45ff-0315-a132-c8ca-c7da73e8d34b
2026-07-27 15:42:41.878 | SUCCESS  | monitor:scan:235 - Changed : 688723
2026-07-27 15:42:41.891 | INFO     | storage:add_property:113 - Added Property 688723
2026-07-27 15:42:41.895 | SUCCESS  | storage:save_day:81 - 1405-03-12.json Saved
2026-07-27 15:42:41.897 | INFO     | state_manager:save:61 - State Saved
2026-07-27 15:42:41.897 | INFO     | monitor:scan:197 - Checking 688055
2026-07-27 15:42:41.897 | INFO     | api:get_file:84 - Loading File 1b0a45f6-0565-1819-4fab-ea826d6c1a44
2026-07-27 15:42:42.297 | SUCCESS  | monitor:scan:235 - Changed : 688055
2026-07-27 15:42:42.305 | INFO     | storage:add_property:113 - Added Property 688055
2026-07-27 15:42:42.308 | SUCCESS  | storage:save_day:81 - 1405-03-12.json Saved
2026-07-27 15:42:42.311 | INFO     | state_manager:save:61 - State Saved
2026-07-27 15:42:42.311 | INFO     | monitor:scan:197 - Checking 686750
2026-07-27 15:42:42.311 | INFO     | api:get_file:84 - Loading File 1b0a45f6-125c-c406-fc2f-9a5b2adb7048
2026-07-27 15:42:42.531 | SUCCESS  | monitor:scan:235 - Changed : 686750
2026-07-27 15:42:42.538 | INFO     | storage:add_property:113 - Added Property 686750
2026-07-27 15:42:42.542 | SUCCESS  | storage:save_day:81 - 1405-03-12.json Saved
2026-07-27 15:42:42.544 | INFO     | state_manager:save:61 - State Saved
2026-07-27 15:42:42.544 | INFO     | monitor:scan:197 - Checking 686619
2026-07-27 15:42:42.544 | INFO     | api:get_file:84 - Loading File 1b0a45f6-0624-b080-44e0-214244a7bd41
2026-07-27 15:42:42.761 | SUCCESS  | monitor:scan:235 - Changed : 686619
2026-07-27 15:42:42.773 | INFO     | storage:add_property:113 - Added Property 686619
2026-07-27 15:42:42.776 | SUCCESS  | storage:save_day:81 - 1405-03-12.json Saved
2026-07-27 15:42:42.778 | INFO     | state_manager:save:61 - State Saved
2026-07-27 15:42:42.778 | INFO     | monitor:scan:197 - Checking 757269
2026-07-27 15:42:42.779 | INFO     | api:get_file:84 - Loading File 126d45c2-1a7d-8e70-2026-6e4808bfcb4f
2026-07-27 15:42:43.000 | SUCCESS  | monitor:scan:235 - Changed : 757269
2026-07-27 15:42:43.000 | INFO     | storage:add_property:113 - Added Property 757269
2026-07-27 15:42:43.001 | SUCCESS  | storage:save_day:81 - 1405-03-11.json Saved
2026-07-27 15:42:43.004 | INFO     | state_manager:save:61 - State Saved
2026-07-27 15:42:43.004 | INFO     | monitor:scan:197 - Checking 757268
2026-07-27 15:42:43.004 | INFO     | api:get_file:84 - Loading File 126d49ee-0c6b-1e80-225f-3ba46a960044
2026-07-27 15:42:43.223 | SUCCESS  | monitor:scan:235 - Changed : 757268
2026-07-27 15:42:43.230 | INFO     | storage:add_property:113 - Added Property 757268
2026-07-27 15:42:43.231 | SUCCESS  | storage:save_day:81 - 1405-03-11.json Saved
2026-07-27 15:42:43.234 | INFO     | state_manager:save:61 - State Saved
2026-07-27 15:42:43.234 | INFO     | monitor:scan:197 - Checking 757267
2026-07-27 15:42:43.234 | INFO     | api:get_file:84 - Loading File 126d49ee-03de-6019-7fa9-6a4626ef4742
2026-07-27 15:42:43.453 | SUCCESS  | monitor:scan:235 - Changed : 757267
2026-07-27 15:42:43.459 | INFO     | storage:add_property:113 - Added Property 757267
2026-07-27 15:42:43.460 | SUCCESS  | storage:save_day:81 - 1405-03-11.json Saved
2026-07-27 15:42:43.463 | INFO     | state_manager:save:61 - State Saved
2026-07-27 15:42:43.463 | INFO     | monitor:scan:197 - Checking 757265
2026-07-27 15:42:43.463 | INFO     | api:get_file:84 - Loading File 126d45b3-bd5b-4409-69ee-8266256f2b4f
2026-07-27 15:42:43.673 | SUCCESS  | monitor:scan:235 - Changed : 757265
2026-07-27 15:42:43.682 | INFO     | storage:add_property:113 - Added Property 757265
2026-07-27 15:42:43.683 | SUCCESS  | storage:save_day:81 - 1405-03-11.json Saved
2026-07-27 15:42:43.685 | INFO     | state_manager:save:61 - State Saved
2026-07-27 15:42:43.686 | INFO     | monitor:scan:197 - Checking 757263
2026-07-27 15:42:43.686 | INFO     | api:get_file:84 - Loading File 126d49ed-f02b-52e8-b621-2c57bc2af348
2026-07-27 15:42:44.075 | SUCCESS  | monitor:scan:235 - Changed : 757263
2026-07-27 15:42:44.086 | INFO     | storage:add_property:113 - Added Property 757263
2026-07-27 15:42:44.088 | SUCCESS  | storage:save_day:81 - 1405-03-11.json Saved
2026-07-27 15:42:44.090 | INFO     | state_manager:save:61 - State Saved
2026-07-27 15:42:44.091 | INFO     | monitor:scan:197 - Checking 757259
2026-07-27 15:42:44.091 | INFO     | api:get_file:84 - Loading File 126d49ee-1500-5b0d-2301-2313df0b9f43
2026-07-27 15:42:44.482 | SUCCESS  | monitor:scan:235 - Changed : 757259
2026-07-27 15:42:44.489 | INFO     | storage:add_property:113 - Added Property 757259
2026-07-27 15:42:44.491 | SUCCESS  | storage:save_day:81 - 1405-03-11.json Saved
2026-07-27 15:42:44.493 | INFO     | state_manager:save:61 - State Saved
2026-07-27 15:42:44.494 | INFO     | monitor:scan:197 - Checking 757257
2026-07-27 15:42:44.494 | INFO     | api:get_file:84 - Loading File 126d45c3-2326-41d3-e161-c1ac5e946742
2026-07-27 15:42:44.710 | SUCCESS  | monitor:scan:235 - Changed : 757257
2026-07-27 15:42:44.717 | INFO     | storage:add_property:113 - Added Property 757257
2026-07-27 15:42:44.719 | SUCCESS  | storage:save_day:81 - 1405-03-11.json Saved
2026-07-27 15:42:44.721 | INFO     | state_manager:save:61 - State Saved
2026-07-27 15:42:44.721 | INFO     | monitor:scan:197 - Checking 757255
2026-07-27 15:42:44.722 | INFO     | api:get_file:84 - Loading File 126d45c2-e542-4614-3fb1-f5dd4121af44
2026-07-27 15:42:45.114 | SUCCESS  | monitor:scan:235 - Changed : 757255
2026-07-27 15:42:45.125 | INFO     | storage:add_property:113 - Added Property 757255
2026-07-27 15:42:45.126 | SUCCESS  | storage:save_day:81 - 1405-03-11.json Saved
2026-07-27 15:42:45.129 | INFO     | state_manager:save:61 - State Saved
2026-07-27 15:42:45.129 | INFO     | monitor:scan:197 - Checking 757249
2026-07-27 15:42:45.129 | INFO     | api:get_file:84 - Loading File 126d49ee-3a63-55d6-0f6c-b5deecedcd41
2026-07-27 15:42:45.525 | SUCCESS  | monitor:scan:235 - Changed : 757249
2026-07-27 15:42:45.534 | INFO     | storage:add_property:113 - Added Property 757249
2026-07-27 15:42:45.536 | SUCCESS  | storage:save_day:81 - 1405-03-11.json Saved
2026-07-27 15:42:45.538 | INFO     | state_manager:save:61 - State Saved
2026-07-27 15:42:45.538 | INFO     | monitor:scan:197 - Checking 757247
2026-07-27 15:42:45.538 | INFO     | api:get_file:84 - Loading File 126d45c3-080c-5402-9ab4-c1a5839fd14b
2026-07-27 15:42:45.935 | SUCCESS  | monitor:scan:235 - Changed : 757247
2026-07-27 15:42:45.952 | INFO     | storage:add_property:113 - Added Property 757247
2026-07-27 15:42:45.953 | SUCCESS  | storage:save_day:81 - 1405-03-11.json Saved
2026-07-27 15:42:45.956 | INFO     | state_manager:save:61 - State Saved
2026-07-27 15:42:45.956 | INFO     | monitor:scan:197 - Checking 757246
2026-07-27 15:42:45.956 | INFO     | api:get_file:84 - Loading File 126d45c3-04b1-4074-e274-2973b795bb40
2026-07-27 15:42:46.346 | SUCCESS  | monitor:scan:235 - Changed : 757246
2026-07-27 15:42:46.353 | INFO     | storage:add_property:113 - Added Property 757246
2026-07-27 15:42:46.355 | SUCCESS  | storage:save_day:81 - 1405-03-11.json Saved
2026-07-27 15:42:46.358 | INFO     | state_manager:save:61 - State Saved
2026-07-27 15:42:46.358 | INFO     | monitor:scan:197 - Checking 757244
2026-07-27 15:42:46.358 | INFO     | api:get_file:84 - Loading File 126d49ee-0dd2-361a-5617-9aa7ae8fae4b
2026-07-27 15:42:46.574 | SUCCESS  | monitor:scan:235 - Changed : 757244
2026-07-27 15:42:46.584 | INFO     | storage:add_property:113 - Added Property 757244
2026-07-27 15:42:46.585 | SUCCESS  | storage:save_day:81 - 1405-03-11.json Saved
2026-07-27 15:42:46.588 | INFO     | state_manager:save:61 - State Saved
2026-07-27 15:42:46.588 | INFO     | monitor:scan:197 - Checking 757241
2026-07-27 15:42:46.588 | INFO     | api:get_file:84 - Loading File 126d49ee-1498-4681-1129-99e4c6f4114f
2026-07-27 15:42:46.804 | SUCCESS  | monitor:scan:235 - Changed : 757241
2026-07-27 15:42:46.816 | INFO     | storage:add_property:113 - Added Property 757241
2026-07-27 15:42:46.817 | SUCCESS  | storage:save_day:81 - 1405-03-11.json Saved
2026-07-27 15:42:46.820 | INFO     | state_manager:save:61 - State Saved
2026-07-27 15:42:46.820 | INFO     | monitor:scan:197 - Checking 757240
2026-07-27 15:42:46.820 | INFO     | api:get_file:84 - Loading File 126d45c2-1583-7e7e-2f1d-fb6aaa8b7d4d
2026-07-27 15:42:47.039 | SUCCESS  | monitor:scan:235 - Changed : 757240
2026-07-27 15:42:47.048 | INFO     | storage:add_property:113 - Added Property 757240
2026-07-27 15:42:47.050 | SUCCESS  | storage:save_day:81 - 1405-03-11.json Saved
2026-07-27 15:42:47.052 | INFO     | state_manager:save:61 - State Saved
2026-07-27 15:42:47.052 | INFO     | monitor:scan:197 - Checking 757236
2026-07-27 15:42:47.052 | INFO     | api:get_file:84 - Loading File 126d45c1-e9b5-5cd8-9a82-a32415cdc14b
2026-07-27 15:42:47.269 | SUCCESS  | monitor:scan:235 - Changed : 757236
2026-07-27 15:42:47.279 | INFO     | storage:add_property:113 - Added Property 757236
2026-07-27 15:42:47.284 | SUCCESS  | storage:save_day:81 - 1405-03-11.json Saved
2026-07-27 15:42:47.287 | INFO     | state_manager:save:61 - State Saved
2026-07-27 15:42:47.287 | INFO     | monitor:scan:197 - Checking 757233
2026-07-27 15:42:47.287 | INFO     | api:get_file:84 - Loading File 126d49ee-18bc-44ca-3a6f-bd3a0923a146
2026-07-27 15:42:47.506 | SUCCESS  | monitor:scan:235 - Changed : 757233
2026-07-27 15:42:47.515 | INFO     | storage:add_property:113 - Added Property 757233
2026-07-27 15:42:47.517 | SUCCESS  | storage:save_day:81 - 1405-03-11.json Saved
2026-07-27 15:42:47.520 | INFO     | state_manager:save:61 - State Saved
2026-07-27 15:42:47.520 | INFO     | monitor:scan:197 - Checking 757230
2026-07-27 15:42:47.520 | INFO     | api:get_file:84 - Loading File 126d45c3-2648-5cbd-456a-44e58501904c
2026-07-27 15:42:47.755 | SUCCESS  | monitor:scan:235 - Changed : 757230
2026-07-27 15:42:47.766 | INFO     | storage:add_property:113 - Added Property 757230
2026-07-27 15:42:47.768 | SUCCESS  | storage:save_day:81 - 1405-03-11.json Saved
2026-07-27 15:42:47.770 | INFO     | state_manager:save:61 - State Saved
2026-07-27 15:42:47.770 | INFO     | monitor:scan:197 - Checking 757229
2026-07-27 15:42:47.770 | INFO     | api:get_file:84 - Loading File 126d49ee-1121-4174-36fe-e725b1fa2d4e
2026-07-27 15:42:47.991 | SUCCESS  | monitor:scan:235 - Changed : 757229
2026-07-27 15:42:47.999 | INFO     | storage:add_property:113 - Added Property 757229
2026-07-27 15:42:48.002 | SUCCESS  | storage:save_day:81 - 1405-03-11.json Saved
2026-07-27 15:42:48.004 | INFO     | state_manager:save:61 - State Saved
2026-07-27 15:42:48.004 | INFO     | monitor:scan:197 - Checking 757225
2026-07-27 15:42:48.004 | INFO     | api:get_file:84 - Loading File 126d49ee-82fd-78e5-2f81-c3e141ef8b46
2026-07-27 15:42:48.216 | SUCCESS  | monitor:scan:235 - Changed : 757225
2026-07-27 15:42:48.223 | INFO     | storage:add_property:113 - Added Property 757225
2026-07-27 15:42:48.225 | SUCCESS  | storage:save_day:81 - 1405-03-11.json Saved
2026-07-27 15:42:48.228 | INFO     | state_manager:save:61 - State Saved
2026-07-27 15:42:48.228 | INFO     | monitor:scan:197 - Checking 757224
2026-07-27 15:42:48.228 | INFO     | api:get_file:84 - Loading File 126d49ee-3609-9571-18e0-fa5ed7169f44
2026-07-27 15:42:48.445 | SUCCESS  | monitor:scan:235 - Changed : 757224
2026-07-27 15:42:48.457 | INFO     | storage:add_property:113 - Added Property 757224
2026-07-27 15:42:48.459 | SUCCESS  | storage:save_day:81 - 1405-03-11.json Saved
2026-07-27 15:42:48.462 | INFO     | state_manager:save:61 - State Saved
2026-07-27 15:42:48.462 | INFO     | monitor:scan:197 - Checking 757223
2026-07-27 15:42:48.462 | INFO     | api:get_file:84 - Loading File 126d49ee-5da9-376c-811f-e878f31ab14e
2026-07-27 15:42:48.854 | SUCCESS  | monitor:scan:235 - Changed : 757223
2026-07-27 15:42:48.862 | INFO     | storage:add_property:113 - Added Property 757223
2026-07-27 15:42:48.865 | SUCCESS  | storage:save_day:81 - 1405-03-11.json Saved
2026-07-27 15:42:48.867 | INFO     | state_manager:save:61 - State Saved
2026-07-27 15:42:48.867 | INFO     | monitor:scan:197 - Checking 757222
2026-07-27 15:42:48.867 | INFO     | api:get_file:84 - Loading File 126d49ed-ea4c-8fdc-8f8a-a0a1979e2643
2026-07-27 15:42:49.800 | SUCCESS  | monitor:scan:235 - Changed : 757222
2026-07-27 15:42:49.818 | INFO     | storage:add_property:113 - Added Property 757222
2026-07-27 15:42:49.821 | SUCCESS  | storage:save_day:81 - 1405-03-11.json Saved
2026-07-27 15:42:49.823 | INFO     | state_manager:save:61 - State Saved
2026-07-27 15:42:49.823 | INFO     | monitor:scan:197 - Checking 757218
2026-07-27 15:42:49.823 | INFO     | api:get_file:84 - Loading File 126d49ee-03a8-2a28-3f28-f5c6d2b94a47
2026-07-27 15:42:50.206 | SUCCESS  | monitor:scan:235 - Changed : 757218
2026-07-27 15:42:50.213 | INFO     | storage:add_property:113 - Added Property 757218
2026-07-27 15:42:50.215 | SUCCESS  | storage:save_day:81 - 1405-03-11.json Saved
2026-07-27 15:42:50.218 | INFO     | state_manager:save:61 - State Saved
2026-07-27 15:42:50.218 | INFO     | monitor:scan:197 - Checking 757214
2026-07-27 15:42:50.218 | INFO     | api:get_file:84 - Loading File 126d49ee-2943-29b5-38b2-2072f4363f46
2026-07-27 15:42:50.603 | SUCCESS  | monitor:scan:235 - Changed : 757214
2026-07-27 15:42:50.614 | INFO     | storage:add_property:113 - Added Property 757214
2026-07-27 15:42:50.617 | SUCCESS  | storage:save_day:81 - 1405-03-11.json Saved
2026-07-27 15:42:50.619 | INFO     | state_manager:save:61 - State Saved
2026-07-27 15:42:50.619 | INFO     | monitor:scan:197 - Checking 732021
2026-07-27 15:42:50.620 | INFO     | api:get_file:84 - Loading File 1b0a45f6-0795-68aa-e768-ce3424d4214f
2026-07-27 15:42:50.838 | SUCCESS  | monitor:scan:235 - Changed : 732021
2026-07-27 15:42:50.850 | INFO     | storage:add_property:113 - Added Property 732021
2026-07-27 15:42:50.853 | SUCCESS  | storage:save_day:81 - 1405-03-11.json Saved
2026-07-27 15:42:50.855 | INFO     | state_manager:save:61 - State Saved
2026-07-27 15:42:50.855 | INFO     | monitor:scan:197 - Checking 718201
2026-07-27 15:42:50.855 | INFO     | api:get_file:84 - Loading File 126b1a99-9449-4d3a-e205-42d59892d942
2026-07-27 15:42:51.252 | SUCCESS  | monitor:scan:235 - Changed : 718201
2026-07-27 15:42:51.262 | INFO     | storage:add_property:113 - Added Property 718201
2026-07-27 15:42:51.265 | SUCCESS  | storage:save_day:81 - 1405-03-11.json Saved
2026-07-27 15:42:51.267 | INFO     | state_manager:save:61 - State Saved
2026-07-27 15:42:51.267 | INFO     | monitor:scan:197 - Checking 714946
2026-07-27 15:42:51.267 | INFO     | api:get_file:84 - Loading File 1b0a45f6-062d-3704-2629-371df9370740
2026-07-27 15:42:51.825 | SUCCESS  | monitor:scan:235 - Changed : 714946
2026-07-27 15:42:51.840 | INFO     | storage:add_property:113 - Added Property 714946
2026-07-27 15:42:51.843 | SUCCESS  | storage:save_day:81 - 1405-03-11.json Saved
2026-07-27 15:42:51.845 | INFO     | state_manager:save:61 - State Saved
2026-07-27 15:42:51.845 | INFO     | monitor:scan:197 - Checking 712156
2026-07-27 15:42:51.845 | INFO     | api:get_file:84 - Loading File 126b0904-5be1-795d-3d10-e55bef906749
2026-07-27 15:42:52.230 | SUCCESS  | monitor:scan:235 - Changed : 712156
2026-07-27 15:42:52.238 | INFO     | storage:add_property:113 - Added Property 712156
2026-07-27 15:42:52.241 | SUCCESS  | storage:save_day:81 - 1405-03-11.json Saved
2026-07-27 15:42:52.243 | INFO     | state_manager:save:61 - State Saved
2026-07-27 15:42:52.243 | INFO     | monitor:scan:197 - Checking 710949
2026-07-27 15:42:52.243 | INFO     | api:get_file:84 - Loading File 126b07e2-5609-2c5c-4e26-c827eb08df46
2026-07-27 15:42:52.631 | SUCCESS  | monitor:scan:235 - Changed : 710949
2026-07-27 15:42:52.641 | INFO     | storage:add_property:113 - Added Property 710949
2026-07-27 15:42:52.644 | SUCCESS  | storage:save_day:81 - 1405-03-11.json Saved
2026-07-27 15:42:52.646 | INFO     | state_manager:save:61 - State Saved
2026-07-27 15:42:52.646 | INFO     | monitor:scan:197 - Checking 700104
2026-07-27 15:42:52.647 | INFO     | api:get_file:84 - Loading File 1b0a45f6-0195-8a6d-efe6-163deab98d46
2026-07-27 15:42:52.862 | SUCCESS  | monitor:scan:235 - Changed : 700104
2026-07-27 15:42:52.877 | INFO     | storage:add_property:113 - Added Property 700104
2026-07-27 15:42:52.880 | SUCCESS  | storage:save_day:81 - 1405-03-11.json Saved
2026-07-27 15:42:52.883 | INFO     | state_manager:save:61 - State Saved
2026-07-27 15:42:52.883 | INFO     | monitor:scan:197 - Checking 699312
2026-07-27 15:42:52.883 | INFO     | api:get_file:84 - Loading File 126b02c2-83d9-1949-e928-e45f5dff1043
2026-07-27 15:42:53.267 | SUCCESS  | monitor:scan:235 - Changed : 699312
2026-07-27 15:42:53.278 | INFO     | storage:add_property:113 - Added Property 699312
2026-07-27 15:42:53.282 | SUCCESS  | storage:save_day:81 - 1405-03-11.json Saved
2026-07-27 15:42:53.284 | INFO     | state_manager:save:61 - State Saved
2026-07-27 15:42:53.284 | INFO     | monitor:scan:197 - Checking 697064
2026-07-27 15:42:53.284 | INFO     | api:get_file:84 - Loading File 1b0a45ff-06a1-82b0-612b-38e9b622d144
2026-07-27 15:42:53.719 | SUCCESS  | monitor:scan:235 - Changed : 697064
2026-07-27 15:42:53.729 | INFO     | storage:add_property:113 - Added Property 697064
2026-07-27 15:42:53.732 | SUCCESS  | storage:save_day:81 - 1405-03-11.json Saved
2026-07-27 15:42:53.735 | INFO     | state_manager:save:61 - State Saved
2026-07-27 15:42:53.735 | INFO     | monitor:scan:197 - Checking 692588
2026-07-27 15:42:53.735 | INFO     | api:get_file:84 - Loading File 1b0a45f6-1254-0ffc-4a0e-7f01a27c3348
2026-07-27 15:42:53.954 | SUCCESS  | monitor:scan:235 - Changed : 692588
2026-07-27 15:42:53.969 | INFO     | storage:add_property:113 - Added Property 692588
2026-07-27 15:42:53.972 | SUCCESS  | storage:save_day:81 - 1405-03-11.json Saved
2026-07-27 15:42:53.975 | INFO     | state_manager:save:61 - State Saved
2026-07-27 15:42:53.975 | INFO     | monitor:scan:197 - Checking 692190
2026-07-27 15:42:53.975 | INFO     | api:get_file:84 - Loading File 126af16a-1153-59a1-29d3-8e208ac7f841
2026-07-27 15:42:54.372 | SUCCESS  | monitor:scan:235 - Changed : 692190
2026-07-27 15:42:54.380 | INFO     | storage:add_property:113 - Added Property 692190
2026-07-27 15:42:54.383 | SUCCESS  | storage:save_day:81 - 1405-03-11.json Saved
2026-07-27 15:42:54.386 | INFO     | state_manager:save:61 - State Saved
2026-07-27 15:42:54.386 | INFO     | monitor:scan:197 - Checking 690944
2026-07-27 15:42:54.386 | INFO     | api:get_file:84 - Loading File 1b0a45f6-0b71-9da5-cf6c-5352d8d3ba4a
2026-07-27 15:42:54.782 | SUCCESS  | monitor:scan:235 - Changed : 690944
2026-07-27 15:42:54.798 | INFO     | storage:add_property:113 - Added Property 690944
2026-07-27 15:42:54.801 | SUCCESS  | storage:save_day:81 - 1405-03-11.json Saved
2026-07-27 15:42:54.803 | INFO     | state_manager:save:61 - State Saved
2026-07-27 15:42:54.804 | INFO     | monitor:scan:197 - Checking 689516
2026-07-27 15:42:54.804 | INFO     | api:get_file:84 - Loading File 1b0a45f6-06f0-14ee-092c-fc280f1c624a
2026-07-27 15:42:55.021 | SUCCESS  | monitor:scan:235 - Changed : 689516
2026-07-27 15:42:55.030 | INFO     | storage:add_property:113 - Added Property 689516
2026-07-27 15:42:55.033 | SUCCESS  | storage:save_day:81 - 1405-03-11.json Saved
2026-07-27 15:42:55.036 | INFO     | state_manager:save:61 - State Saved
2026-07-27 15:42:55.036 | INFO     | monitor:scan:197 - Checking 685317
2026-07-27 15:42:55.036 | INFO     | api:get_file:84 - Loading File 1b0a45f6-0660-7118-c748-3fb5ff0d0a41
2026-07-27 15:42:55.485 | SUCCESS  | monitor:scan:235 - Changed : 685317
2026-07-27 15:42:55.499 | INFO     | storage:add_property:113 - Added Property 685317
2026-07-27 15:42:55.502 | SUCCESS  | storage:save_day:81 - 1405-03-11.json Saved
2026-07-27 15:42:55.504 | INFO     | state_manager:save:61 - State Saved
2026-07-27 15:42:55.504 | INFO     | monitor:scan:197 - Checking 684699
2026-07-27 15:42:55.505 | INFO     | api:get_file:84 - Loading File 1b0a45f6-0b41-3912-3419-c6c453301745
2026-07-27 15:42:55.719 | SUCCESS  | monitor:scan:235 - Changed : 684699
2026-07-27 15:42:55.729 | INFO     | storage:add_property:113 - Added Property 684699
2026-07-27 15:42:55.733 | SUCCESS  | storage:save_day:81 - 1405-03-11.json Saved
2026-07-27 15:42:55.735 | INFO     | state_manager:save:61 - State Saved
2026-07-27 15:42:55.735 | INFO     | monitor:scan:197 - Checking 757147
2026-07-27 15:42:55.735 | INFO     | api:get_file:84 - Loading File 126d45b2-af3a-4288-38ba-a62606ef3461
2026-07-27 15:42:56.128 | SUCCESS  | monitor:scan:235 - Changed : 757147
2026-07-27 15:42:56.129 | INFO     | storage:add_property:113 - Added Property 757147
2026-07-27 15:42:56.131 | SUCCESS  | storage:save_day:81 - 1405-03-10.json Saved
2026-07-27 15:42:56.135 | INFO     | state_manager:save:61 - State Saved
2026-07-27 15:42:56.136 | INFO     | monitor:scan:125 - Loading Page 15
2026-07-27 15:42:56.136 | INFO     | api:get_files:60 - Loading Page 15
2026-07-27 15:42:59.914 | INFO     | monitor:scan:197 - Checking 757142
2026-07-27 15:42:59.914 | INFO     | api:get_file:84 - Loading File 126d45c1-f31c-2d8b-c072-91da1353bf4d
2026-07-27 15:43:00.136 | SUCCESS  | monitor:scan:235 - Changed : 757142
2026-07-27 15:43:00.143 | INFO     | storage:add_property:113 - Added Property 757142
2026-07-27 15:43:00.144 | SUCCESS  | storage:save_day:81 - 1405-03-10.json Saved
2026-07-27 15:43:00.146 | INFO     | state_manager:save:61 - State Saved
2026-07-27 15:43:00.146 | INFO     | monitor:scan:197 - Checking 757140
2026-07-27 15:43:00.146 | INFO     | api:get_file:84 - Loading File 126d45b3-bbb0-628e-171b-b6ec2704a4e3
2026-07-27 15:43:00.364 | SUCCESS  | monitor:scan:235 - Changed : 757140
2026-07-27 15:43:00.371 | INFO     | storage:add_property:113 - Added Property 757140
2026-07-27 15:43:00.372 | SUCCESS  | storage:save_day:81 - 1405-03-10.json Saved
2026-07-27 15:43:00.374 | INFO     | state_manager:save:61 - State Saved
2026-07-27 15:43:00.375 | INFO     | monitor:scan:197 - Checking 757137
2026-07-27 15:43:00.375 | INFO     | api:get_file:84 - Loading File 126d45b2-de8c-60c0-49cc-d65bec0fbe4e
2026-07-27 15:43:00.591 | SUCCESS  | monitor:scan:235 - Changed : 757137
2026-07-27 15:43:00.598 | INFO     | storage:add_property:113 - Added Property 757137
2026-07-27 15:43:00.599 | SUCCESS  | storage:save_day:81 - 1405-03-10.json Saved
2026-07-27 15:43:00.603 | INFO     | state_manager:save:61 - State Saved
2026-07-27 15:43:00.603 | INFO     | monitor:scan:197 - Checking 757134
2026-07-27 15:43:00.603 | INFO     | api:get_file:84 - Loading File 126d45b2-a28e-790a-4d6f-5040b69c7546
2026-07-27 15:43:00.822 | SUCCESS  | monitor:scan:235 - Changed : 757134
2026-07-27 15:43:00.829 | INFO     | storage:add_property:113 - Added Property 757134
2026-07-27 15:43:00.830 | SUCCESS  | storage:save_day:81 - 1405-03-10.json Saved
2026-07-27 15:43:00.832 | INFO     | state_manager:save:61 - State Saved
2026-07-27 15:43:00.832 | INFO     | monitor:scan:197 - Checking 757127
2026-07-27 15:43:00.832 | INFO     | api:get_file:84 - Loading File 126d45c1-e5d2-1575-4b0d-b47bb7670140
2026-07-27 15:43:01.054 | SUCCESS  | monitor:scan:235 - Changed : 757127
2026-07-27 15:43:01.064 | INFO     | storage:add_property:113 - Added Property 757127
2026-07-27 15:43:01.065 | SUCCESS  | storage:save_day:81 - 1405-03-10.json Saved
2026-07-27 15:43:01.068 | INFO     | state_manager:save:61 - State Saved
2026-07-27 15:43:01.068 | INFO     | monitor:scan:197 - Checking 757126
2026-07-27 15:43:01.068 | INFO     | api:get_file:84 - Loading File 1b0a45ff-06ef-9413-1c10-2fdbc1e69e48
2026-07-27 15:43:01.323 | SUCCESS  | monitor:scan:235 - Changed : 757126
2026-07-27 15:43:01.334 | INFO     | storage:add_property:113 - Added Property 757126
2026-07-27 15:43:01.335 | SUCCESS  | storage:save_day:81 - 1405-03-10.json Saved
2026-07-27 15:43:01.338 | INFO     | state_manager:save:61 - State Saved
2026-07-27 15:43:01.338 | INFO     | monitor:scan:197 - Checking 757123
2026-07-27 15:43:01.338 | INFO     | api:get_file:84 - Loading File 126d4593-fe62-26c6-c460-837409954ecb
2026-07-27 15:43:01.557 | SUCCESS  | monitor:scan:235 - Changed : 757123
2026-07-27 15:43:01.566 | INFO     | storage:add_property:113 - Added Property 757123
2026-07-27 15:43:01.567 | SUCCESS  | storage:save_day:81 - 1405-03-10.json Saved
2026-07-27 15:43:01.570 | INFO     | state_manager:save:61 - State Saved
2026-07-27 15:43:01.570 | INFO     | monitor:scan:197 - Checking 757122
2026-07-27 15:43:01.570 | INFO     | api:get_file:84 - Loading File 126d45c1-eaa6-6fb0-ebde-d538e312994e
2026-07-27 15:43:01.784 | SUCCESS  | monitor:scan:235 - Changed : 757122
2026-07-27 15:43:01.793 | INFO     | storage:add_property:113 - Added Property 757122
2026-07-27 15:43:01.795 | SUCCESS  | storage:save_day:81 - 1405-03-10.json Saved
2026-07-27 15:43:01.797 | INFO     | state_manager:save:61 - State Saved
2026-07-27 15:43:01.797 | INFO     | monitor:scan:197 - Checking 757117
2026-07-27 15:43:01.798 | INFO     | api:get_file:84 - Loading File 1b0a45ff-04f0-b3ca-55c7-742398a57941
2026-07-27 15:43:02.012 | SUCCESS  | monitor:scan:235 - Changed : 757117
2026-07-27 15:43:02.017 | INFO     | storage:add_property:113 - Added Property 757117
2026-07-27 15:43:02.019 | SUCCESS  | storage:save_day:81 - 1405-03-10.json Saved
2026-07-27 15:43:02.021 | INFO     | state_manager:save:61 - State Saved
2026-07-27 15:43:02.021 | INFO     | monitor:scan:197 - Checking 757115
2026-07-27 15:43:02.021 | INFO     | api:get_file:84 - Loading File 1b0a45f6-07a9-237d-f50d-7be597fa904a
2026-07-27 15:43:02.237 | SUCCESS  | monitor:scan:235 - Changed : 757115
2026-07-27 15:43:02.245 | INFO     | storage:add_property:113 - Added Property 757115
2026-07-27 15:43:02.247 | SUCCESS  | storage:save_day:81 - 1405-03-10.json Saved
2026-07-27 15:43:02.249 | INFO     | state_manager:save:61 - State Saved
2026-07-27 15:43:02.249 | INFO     | monitor:scan:197 - Checking 757113
2026-07-27 15:43:02.250 | INFO     | api:get_file:84 - Loading File 126d45c2-14a9-5bab-de7d-f2f17736ea4c
2026-07-27 15:43:02.465 | SUCCESS  | monitor:scan:235 - Changed : 757113
2026-07-27 15:43:02.475 | INFO     | storage:add_property:113 - Added Property 757113
2026-07-27 15:43:02.477 | SUCCESS  | storage:save_day:81 - 1405-03-10.json Saved
2026-07-27 15:43:02.479 | INFO     | state_manager:save:61 - State Saved
2026-07-27 15:43:02.480 | INFO     | monitor:scan:197 - Checking 757105
2026-07-27 15:43:02.480 | INFO     | api:get_file:84 - Loading File 126d45c2-1f35-892a-d974-cf710c44094a
2026-07-27 15:43:02.696 | SUCCESS  | monitor:scan:235 - Changed : 757105
2026-07-27 15:43:02.703 | INFO     | storage:add_property:113 - Added Property 757105
2026-07-27 15:43:02.705 | SUCCESS  | storage:save_day:81 - 1405-03-10.json Saved
2026-07-27 15:43:02.707 | INFO     | state_manager:save:61 - State Saved
2026-07-27 15:43:02.708 | INFO     | monitor:scan:197 - Checking 757102
2026-07-27 15:43:02.708 | INFO     | api:get_file:84 - Loading File 1b0a45f6-02da-f328-9a45-837000b2fc4f
2026-07-27 15:43:02.929 | SUCCESS  | monitor:scan:235 - Changed : 757102
2026-07-27 15:43:02.941 | INFO     | storage:add_property:113 - Added Property 757102
2026-07-27 15:43:02.943 | SUCCESS  | storage:save_day:81 - 1405-03-10.json Saved
2026-07-27 15:43:02.945 | INFO     | state_manager:save:61 - State Saved
2026-07-27 15:43:02.945 | INFO     | monitor:scan:197 - Checking 757099
2026-07-27 15:43:02.945 | INFO     | api:get_file:84 - Loading File 126d45b3-e19c-64e5-f929-4e035131aa43
2026-07-27 15:43:03.166 | SUCCESS  | monitor:scan:235 - Changed : 757099
2026-07-27 15:43:03.180 | INFO     | storage:add_property:113 - Added Property 757099
2026-07-27 15:43:03.182 | SUCCESS  | storage:save_day:81 - 1405-03-10.json Saved
2026-07-27 15:43:03.185 | INFO     | state_manager:save:61 - State Saved
2026-07-27 15:43:03.185 | INFO     | monitor:scan:197 - Checking 757098
2026-07-27 15:43:03.185 | INFO     | api:get_file:84 - Loading File 126d4594-52a3-537a-d9d1-17b873869c4c
2026-07-27 15:43:03.405 | SUCCESS  | monitor:scan:235 - Changed : 757098
2026-07-27 15:43:03.418 | INFO     | storage:add_property:113 - Added Property 757098
2026-07-27 15:43:03.420 | SUCCESS  | storage:save_day:81 - 1405-03-10.json Saved
2026-07-27 15:43:03.423 | INFO     | state_manager:save:61 - State Saved
2026-07-27 15:43:03.423 | INFO     | monitor:scan:197 - Checking 757094
2026-07-27 15:43:03.423 | INFO     | api:get_file:84 - Loading File 126d45c2-3e16-5747-d57d-50810a4bc244
2026-07-27 15:43:03.640 | SUCCESS  | monitor:scan:235 - Changed : 757094
2026-07-27 15:43:03.657 | INFO     | storage:add_property:113 - Added Property 757094
2026-07-27 15:43:03.659 | SUCCESS  | storage:save_day:81 - 1405-03-10.json Saved
2026-07-27 15:43:03.661 | INFO     | state_manager:save:61 - State Saved
2026-07-27 15:43:03.661 | INFO     | monitor:scan:197 - Checking 757092
2026-07-27 15:43:03.662 | INFO     | api:get_file:84 - Loading File 1b0a45ff-071a-b58a-3ae5-5e2432781e43
2026-07-27 15:43:04.109 | SUCCESS  | monitor:scan:235 - Changed : 757092
2026-07-27 15:43:04.116 | INFO     | storage:add_property:113 - Added Property 757092
2026-07-27 15:43:04.118 | SUCCESS  | storage:save_day:81 - 1405-03-10.json Saved
2026-07-27 15:43:04.121 | INFO     | state_manager:save:61 - State Saved
2026-07-27 15:43:04.121 | INFO     | monitor:scan:197 - Checking 757088
2026-07-27 15:43:04.121 | INFO     | api:get_file:84 - Loading File 126d45b3-c5d0-6595-cd55-3f2f9ebda04f
2026-07-27 15:43:04.564 | SUCCESS  | monitor:scan:235 - Changed : 757088
2026-07-27 15:43:04.571 | INFO     | storage:add_property:113 - Added Property 757088
2026-07-27 15:43:04.574 | SUCCESS  | storage:save_day:81 - 1405-03-10.json Saved
2026-07-27 15:43:04.576 | INFO     | state_manager:save:61 - State Saved
2026-07-27 15:43:04.577 | INFO     | monitor:scan:197 - Checking 757087
2026-07-27 15:43:04.577 | INFO     | api:get_file:84 - Loading File 126d45b3-ba33-49d5-4ffe-c2267b773c48
2026-07-27 15:43:04.971 | SUCCESS  | monitor:scan:235 - Changed : 757087
2026-07-27 15:43:04.979 | INFO     | storage:add_property:113 - Added Property 757087
2026-07-27 15:43:04.981 | SUCCESS  | storage:save_day:81 - 1405-03-10.json Saved
2026-07-27 15:43:04.983 | INFO     | state_manager:save:61 - State Saved
2026-07-27 15:43:04.983 | INFO     | monitor:scan:197 - Checking 757084
2026-07-27 15:43:04.983 | INFO     | api:get_file:84 - Loading File 126d45c2-398a-6b13-9d17-2322aed34ded
2026-07-27 15:43:05.545 | SUCCESS  | monitor:scan:235 - Changed : 757084
2026-07-27 15:43:05.556 | INFO     | storage:add_property:113 - Added Property 757084
2026-07-27 15:43:05.559 | SUCCESS  | storage:save_day:81 - 1405-03-10.json Saved
2026-07-27 15:43:05.561 | INFO     | state_manager:save:61 - State Saved
2026-07-27 15:43:05.561 | INFO     | monitor:scan:197 - Checking 743297
2026-07-27 15:43:05.561 | INFO     | api:get_file:84 - Loading File 126d3e9a-e0e2-2872-0bc3-d712ea67984a
2026-07-27 15:43:05.947 | SUCCESS  | monitor:scan:235 - Changed : 743297
2026-07-27 15:43:05.960 | INFO     | storage:add_property:113 - Added Property 743297
2026-07-27 15:43:05.963 | SUCCESS  | storage:save_day:81 - 1405-03-10.json Saved
2026-07-27 15:43:05.965 | INFO     | state_manager:save:61 - State Saved
2026-07-27 15:43:05.966 | INFO     | monitor:scan:197 - Checking 713654
2026-07-27 15:43:05.966 | INFO     | api:get_file:84 - Loading File 1b0a45ff-0568-2f09-f60d-d1494d759346
2026-07-27 15:43:06.181 | SUCCESS  | monitor:scan:235 - Changed : 713654
2026-07-27 15:43:06.190 | INFO     | storage:add_property:113 - Added Property 713654
2026-07-27 15:43:06.193 | SUCCESS  | storage:save_day:81 - 1405-03-10.json Saved
2026-07-27 15:43:06.195 | INFO     | state_manager:save:61 - State Saved
2026-07-27 15:43:06.195 | INFO     | monitor:scan:197 - Checking 698299
2026-07-27 15:43:06.195 | INFO     | api:get_file:84 - Loading File 1b0a45f6-041f-06b8-4efc-672113fa2542
2026-07-27 15:43:06.581 | SUCCESS  | monitor:scan:235 - Changed : 698299
2026-07-27 15:43:06.600 | INFO     | storage:add_property:113 - Added Property 698299
2026-07-27 15:43:06.603 | SUCCESS  | storage:save_day:81 - 1405-03-10.json Saved
2026-07-27 15:43:06.605 | INFO     | state_manager:save:61 - State Saved
2026-07-27 15:43:06.605 | INFO     | monitor:scan:197 - Checking 696473
2026-07-27 15:43:06.605 | INFO     | api:get_file:84 - Loading File 1b0a45f6-12c1-f952-e2f8-f6a0a9840049
2026-07-27 15:43:06.817 | SUCCESS  | monitor:scan:235 - Changed : 696473
2026-07-27 15:43:06.824 | INFO     | storage:add_property:113 - Added Property 696473
2026-07-27 15:43:06.827 | SUCCESS  | storage:save_day:81 - 1405-03-10.json Saved
2026-07-27 15:43:06.829 | INFO     | state_manager:save:61 - State Saved
2026-07-27 15:43:06.830 | INFO     | monitor:scan:197 - Checking 694783
2026-07-27 15:43:06.830 | INFO     | api:get_file:84 - Loading File 1b0a45ff-0d32-6b3f-db74-f61c2a7d354f
2026-07-27 15:43:07.045 | SUCCESS  | monitor:scan:235 - Changed : 694783
2026-07-27 15:43:07.056 | INFO     | storage:add_property:113 - Added Property 694783
2026-07-27 15:43:07.059 | SUCCESS  | storage:save_day:81 - 1405-03-10.json Saved
2026-07-27 15:43:07.062 | INFO     | state_manager:save:61 - State Saved
2026-07-27 15:43:07.062 | INFO     | monitor:scan:197 - Checking 693901
2026-07-27 15:43:07.062 | INFO     | api:get_file:84 - Loading File 1b0a45ff-04ce-fb5a-68a6-05adea3d5a48
2026-07-27 15:43:07.452 | SUCCESS  | monitor:scan:235 - Changed : 693901
2026-07-27 15:43:07.462 | INFO     | storage:add_property:113 - Added Property 693901
2026-07-27 15:43:07.465 | SUCCESS  | storage:save_day:81 - 1405-03-10.json Saved
2026-07-27 15:43:07.467 | INFO     | state_manager:save:61 - State Saved
2026-07-27 15:43:07.467 | INFO     | monitor:scan:197 - Checking 692421
2026-07-27 15:43:07.467 | INFO     | api:get_file:84 - Loading File 1b0a45f6-051e-3c46-711d-71b983cd294f
2026-07-27 15:43:07.853 | SUCCESS  | monitor:scan:235 - Changed : 692421
2026-07-27 15:43:07.865 | INFO     | storage:add_property:113 - Added Property 692421
2026-07-27 15:43:07.869 | SUCCESS  | storage:save_day:81 - 1405-03-10.json Saved
2026-07-27 15:43:07.871 | INFO     | state_manager:save:61 - State Saved
2026-07-27 15:43:07.871 | INFO     | monitor:scan:197 - Checking 689564
2026-07-27 15:43:07.872 | INFO     | api:get_file:84 - Loading File 1b0a45f6-04a7-bfc8-3276-ecad749ae44b
2026-07-27 15:43:08.259 | SUCCESS  | monitor:scan:235 - Changed : 689564
2026-07-27 15:43:08.271 | INFO     | storage:add_property:113 - Added Property 689564
2026-07-27 15:43:08.275 | SUCCESS  | storage:save_day:81 - 1405-03-10.json Saved
2026-07-27 15:43:08.277 | INFO     | state_manager:save:61 - State Saved
2026-07-27 15:43:08.278 | INFO     | monitor:scan:197 - Checking 689083
2026-07-27 15:43:08.278 | INFO     | api:get_file:84 - Loading File 126aeb83-9a09-685b-659c-84c04f879148
2026-07-27 15:43:08.496 | SUCCESS  | monitor:scan:235 - Changed : 689083
2026-07-27 15:43:08.513 | INFO     | storage:add_property:113 - Added Property 689083
2026-07-27 15:43:08.518 | SUCCESS  | storage:save_day:81 - 1405-03-10.json Saved
2026-07-27 15:43:08.520 | INFO     | state_manager:save:61 - State Saved
2026-07-27 15:43:08.520 | INFO     | monitor:scan:197 - Checking 686785
2026-07-27 15:43:08.520 | INFO     | api:get_file:84 - Loading File 1b0a45f6-00f0-ecbf-6453-0bddcca68b4f
2026-07-27 15:43:08.732 | SUCCESS  | monitor:scan:235 - Changed : 686785
2026-07-27 15:43:08.739 | INFO     | storage:add_property:113 - Added Property 686785
2026-07-27 15:43:08.743 | SUCCESS  | storage:save_day:81 - 1405-03-10.json Saved
2026-07-27 15:43:08.745 | INFO     | state_manager:save:61 - State Saved
2026-07-27 15:43:08.745 | INFO     | monitor:scan:197 - Checking 686383
2026-07-27 15:43:08.745 | INFO     | api:get_file:84 - Loading File 1b0a45f6-04c7-10e0-3240-8a6f03be8e48
2026-07-27 15:43:09.145 | SUCCESS  | monitor:scan:235 - Changed : 686383
2026-07-27 15:43:09.151 | INFO     | storage:add_property:113 - Added Property 686383
2026-07-27 15:43:09.155 | SUCCESS  | storage:save_day:81 - 1405-03-10.json Saved
2026-07-27 15:43:09.157 | INFO     | state_manager:save:61 - State Saved
2026-07-27 15:43:09.157 | INFO     | monitor:scan:197 - Checking 686331
2026-07-27 15:43:09.157 | INFO     | api:get_file:84 - Loading File 126ae47a-e94d-76ea-2671-96864bad6546
2026-07-27 15:43:09.375 | SUCCESS  | monitor:scan:235 - Changed : 686331
2026-07-27 15:43:09.382 | INFO     | storage:add_property:113 - Added Property 686331
2026-07-27 15:43:09.385 | SUCCESS  | storage:save_day:81 - 1405-03-10.json Saved
2026-07-27 15:43:09.388 | INFO     | state_manager:save:61 - State Saved
2026-07-27 15:43:09.388 | INFO     | monitor:scan:197 - Checking 684224
2026-07-27 15:43:09.388 | INFO     | api:get_file:84 - Loading File 126adea3-950f-81fb-ee65-e1ff0f437244
2026-07-27 15:43:09.773 | SUCCESS  | monitor:scan:235 - Changed : 684224
2026-07-27 15:43:09.784 | INFO     | storage:add_property:113 - Added Property 684224
2026-07-27 15:43:09.787 | SUCCESS  | storage:save_day:81 - 1405-03-10.json Saved
2026-07-27 15:43:09.790 | INFO     | state_manager:save:61 - State Saved
2026-07-27 15:43:09.790 | INFO     | monitor:scan:197 - Checking 683746
2026-07-27 15:43:09.790 | INFO     | api:get_file:84 - Loading File 1b0a45ff-008d-35f8-7b7b-126d77c1444b
2026-07-27 15:43:10.177 | SUCCESS  | monitor:scan:235 - Changed : 683746
2026-07-27 15:43:10.190 | INFO     | storage:add_property:113 - Added Property 683746
2026-07-27 15:43:10.194 | SUCCESS  | storage:save_day:81 - 1405-03-10.json Saved
2026-07-27 15:43:10.196 | INFO     | state_manager:save:61 - State Saved
2026-07-27 15:43:10.196 | INFO     | monitor:scan:197 - Checking 757032
2026-07-27 15:43:10.197 | INFO     | api:get_file:84 - Loading File 126d45b2-b2ce-29c7-6bd7-ad0607285b41
2026-07-27 15:43:10.413 | SUCCESS  | monitor:scan:235 - Changed : 757032
2026-07-27 15:43:10.415 | INFO     | storage:add_property:113 - Added Property 757032
2026-07-27 15:43:10.419 | SUCCESS  | storage:save_day:81 - 1405-03-09.json Saved
2026-07-27 15:43:10.426 | INFO     | state_manager:save:61 - State Saved
2026-07-27 15:43:10.426 | INFO     | monitor:scan:197 - Checking 757030
2026-07-27 15:43:10.427 | INFO     | api:get_file:84 - Loading File 126d45b2-ddde-1692-b24c-15c3edf19e43
2026-07-27 15:43:10.659 | SUCCESS  | monitor:scan:235 - Changed : 757030
2026-07-27 15:43:10.673 | INFO     | storage:add_property:113 - Added Property 757030
2026-07-27 15:43:10.674 | SUCCESS  | storage:save_day:81 - 1405-03-09.json Saved
2026-07-27 15:43:10.676 | INFO     | state_manager:save:61 - State Saved
2026-07-27 15:43:10.676 | INFO     | monitor:scan:197 - Checking 757029
2026-07-27 15:43:10.677 | INFO     | api:get_file:84 - Loading File 126d45b2-6ab1-5584-46ec-cd8fd5b10141
2026-07-27 15:43:11.099 | SUCCESS  | monitor:scan:235 - Changed : 757029
2026-07-27 15:43:11.110 | INFO     | storage:add_property:113 - Added Property 757029
2026-07-27 15:43:11.111 | SUCCESS  | storage:save_day:81 - 1405-03-09.json Saved
2026-07-27 15:43:11.113 | INFO     | state_manager:save:61 - State Saved
2026-07-27 15:43:11.113 | INFO     | monitor:scan:197 - Checking 757019
2026-07-27 15:43:11.113 | INFO     | api:get_file:84 - Loading File 126d4595-3930-2436-a1cd-09ec5a38bd42
2026-07-27 15:43:11.538 | SUCCESS  | monitor:scan:235 - Changed : 757019
2026-07-27 15:43:11.545 | INFO     | storage:add_property:113 - Added Property 757019
2026-07-27 15:43:11.547 | SUCCESS  | storage:save_day:81 - 1405-03-09.json Saved
2026-07-27 15:43:11.549 | INFO     | state_manager:save:61 - State Saved
2026-07-27 15:43:11.549 | INFO     | monitor:scan:197 - Checking 757017
2026-07-27 15:43:11.549 | INFO     | api:get_file:84 - Loading File 126d45b2-8c19-6984-4b2a-b4237657b341
2026-07-27 15:43:11.938 | SUCCESS  | monitor:scan:235 - Changed : 757017
2026-07-27 15:43:11.952 | INFO     | storage:add_property:113 - Added Property 757017
2026-07-27 15:43:11.953 | SUCCESS  | storage:save_day:81 - 1405-03-09.json Saved
2026-07-27 15:43:11.955 | INFO     | state_manager:save:61 - State Saved
2026-07-27 15:43:11.955 | INFO     | monitor:scan:197 - Checking 757010
2026-07-27 15:43:11.955 | INFO     | api:get_file:84 - Loading File 126d4594-32c3-8b19-d58f-afeded8a9144
2026-07-27 15:43:12.342 | SUCCESS  | monitor:scan:235 - Changed : 757010
2026-07-27 15:43:12.355 | INFO     | storage:add_property:113 - Added Property 757010
2026-07-27 15:43:12.356 | SUCCESS  | storage:save_day:81 - 1405-03-09.json Saved
2026-07-27 15:43:12.359 | INFO     | state_manager:save:61 - State Saved
2026-07-27 15:43:12.359 | INFO     | monitor:scan:197 - Checking 757008
2026-07-27 15:43:12.359 | INFO     | api:get_file:84 - Loading File 126d4566-91e2-7688-1013-4b3c6932764b
2026-07-27 15:43:12.751 | SUCCESS  | monitor:scan:235 - Changed : 757008
2026-07-27 15:43:12.759 | INFO     | storage:add_property:113 - Added Property 757008
2026-07-27 15:43:12.760 | SUCCESS  | storage:save_day:81 - 1405-03-09.json Saved
2026-07-27 15:43:12.763 | INFO     | state_manager:save:61 - State Saved
2026-07-27 15:43:12.763 | INFO     | monitor:scan:197 - Checking 757007
2026-07-27 15:43:12.763 | INFO     | api:get_file:84 - Loading File 1b0a45f6-0182-8473-7532-d8bc57f46242
2026-07-27 15:43:13.156 | SUCCESS  | monitor:scan:235 - Changed : 757007
2026-07-27 15:43:13.167 | INFO     | storage:add_property:113 - Added Property 757007
2026-07-27 15:43:13.168 | SUCCESS  | storage:save_day:81 - 1405-03-09.json Saved
2026-07-27 15:43:13.170 | INFO     | state_manager:save:61 - State Saved
2026-07-27 15:43:13.171 | INFO     | monitor:scan:197 - Checking 757005
2026-07-27 15:43:13.171 | INFO     | api:get_file:84 - Loading File 126d4595-5755-3ba7-d5fe-a2099f57b548
2026-07-27 15:43:13.587 | SUCCESS  | monitor:scan:235 - Changed : 757005
2026-07-27 15:43:13.597 | INFO     | storage:add_property:113 - Added Property 757005
2026-07-27 15:43:13.598 | SUCCESS  | storage:save_day:81 - 1405-03-09.json Saved
2026-07-27 15:43:13.601 | INFO     | state_manager:save:61 - State Saved
2026-07-27 15:43:13.601 | INFO     | monitor:scan:197 - Checking 757003
2026-07-27 15:43:13.601 | INFO     | api:get_file:84 - Loading File 126d45b2-b0de-2d42-876a-9e7b3f9b8f45
2026-07-27 15:43:13.817 | SUCCESS  | monitor:scan:235 - Changed : 757003
2026-07-27 15:43:13.824 | INFO     | storage:add_property:113 - Added Property 757003
2026-07-27 15:43:13.826 | SUCCESS  | storage:save_day:81 - 1405-03-09.json Saved
2026-07-27 15:43:13.828 | INFO     | state_manager:save:61 - State Saved
2026-07-27 15:43:13.828 | INFO     | monitor:scan:197 - Checking 757001
2026-07-27 15:43:13.828 | INFO     | api:get_file:84 - Loading File 126d45b2-f3bc-81f5-6471-0f292b6b9b48
2026-07-27 15:43:14.218 | SUCCESS  | monitor:scan:235 - Changed : 757001
2026-07-27 15:43:14.226 | INFO     | storage:add_property:113 - Added Property 757001
2026-07-27 15:43:14.228 | SUCCESS  | storage:save_day:81 - 1405-03-09.json Saved
2026-07-27 15:43:14.231 | INFO     | state_manager:save:61 - State Saved
2026-07-27 15:43:14.231 | INFO     | monitor:scan:197 - Checking 756997
2026-07-27 15:43:14.231 | INFO     | api:get_file:84 - Loading File 126d45b2-ff22-2383-46e6-223ebe43174c
2026-07-27 15:43:14.630 | SUCCESS  | monitor:scan:235 - Changed : 756997
2026-07-27 15:43:14.647 | INFO     | storage:add_property:113 - Added Property 756997
2026-07-27 15:43:14.649 | SUCCESS  | storage:save_day:81 - 1405-03-09.json Saved
2026-07-27 15:43:14.651 | INFO     | state_manager:save:61 - State Saved
2026-07-27 15:43:14.651 | INFO     | monitor:scan:197 - Checking 756993
2026-07-27 15:43:14.651 | INFO     | api:get_file:84 - Loading File 126d45b2-f21b-1a1a-724b-d1128a3ae4a0
2026-07-27 15:43:15.069 | SUCCESS  | monitor:scan:235 - Changed : 756993
2026-07-27 15:43:15.079 | INFO     | storage:add_property:113 - Added Property 756993
2026-07-27 15:43:15.081 | SUCCESS  | storage:save_day:81 - 1405-03-09.json Saved
2026-07-27 15:43:15.084 | INFO     | state_manager:save:61 - State Saved
2026-07-27 15:43:15.085 | INFO     | monitor:scan:197 - Checking 756989
2026-07-27 15:43:15.085 | INFO     | api:get_file:84 - Loading File 1b0a45f6-057d-5d1c-8b6e-be4808680143
2026-07-27 15:43:15.311 | SUCCESS  | monitor:scan:235 - Changed : 756989
2026-07-27 15:43:15.323 | INFO     | storage:add_property:113 - Added Property 756989
2026-07-27 15:43:15.325 | SUCCESS  | storage:save_day:81 - 1405-03-09.json Saved
2026-07-27 15:43:15.327 | INFO     | state_manager:save:61 - State Saved
2026-07-27 15:43:15.327 | INFO     | monitor:scan:197 - Checking 756982
2026-07-27 15:43:15.327 | INFO     | api:get_file:84 - Loading File 126d4594-088b-1271-3aee-d9c2d1ef0842
2026-07-27 15:43:15.548 | SUCCESS  | monitor:scan:235 - Changed : 756982
2026-07-27 15:43:15.561 | INFO     | storage:add_property:113 - Added Property 756982
2026-07-27 15:43:15.563 | SUCCESS  | storage:save_day:81 - 1405-03-09.json Saved
2026-07-27 15:43:15.565 | INFO     | state_manager:save:61 - State Saved
2026-07-27 15:43:15.565 | INFO     | monitor:scan:197 - Checking 756981
2026-07-27 15:43:15.565 | INFO     | api:get_file:84 - Loading File 1b0a45f6-0d51-7cef-84a3-b1dadcff5d45
2026-07-27 15:43:15.957 | SUCCESS  | monitor:scan:235 - Changed : 756981
2026-07-27 15:43:15.971 | INFO     | storage:add_property:113 - Added Property 756981
2026-07-27 15:43:15.973 | SUCCESS  | storage:save_day:81 - 1405-03-09.json Saved
2026-07-27 15:43:15.975 | INFO     | state_manager:save:61 - State Saved
2026-07-27 15:43:15.976 | INFO     | monitor:scan:197 - Checking 756976
2026-07-27 15:43:15.976 | INFO     | api:get_file:84 - Loading File 1b0a45ff-f088-1c4d-c7fe-0498af629349
2026-07-27 15:43:16.193 | SUCCESS  | monitor:scan:235 - Changed : 756976
2026-07-27 15:43:16.203 | INFO     | storage:add_property:113 - Added Property 756976
2026-07-27 15:43:16.205 | SUCCESS  | storage:save_day:81 - 1405-03-09.json Saved
2026-07-27 15:43:16.207 | INFO     | state_manager:save:61 - State Saved
2026-07-27 15:43:16.207 | INFO     | monitor:scan:197 - Checking 756974
2026-07-27 15:43:16.207 | INFO     | api:get_file:84 - Loading File 126d45b2-da31-462d-274f-f4e651055443
2026-07-27 15:43:16.597 | SUCCESS  | monitor:scan:235 - Changed : 756974
2026-07-27 15:43:16.610 | INFO     | storage:add_property:113 - Added Property 756974
2026-07-27 15:43:16.612 | SUCCESS  | storage:save_day:81 - 1405-03-09.json Saved
2026-07-27 15:43:16.614 | INFO     | state_manager:save:61 - State Saved
2026-07-27 15:43:16.615 | INFO     | monitor:scan:197 - Checking 756973
2026-07-27 15:43:16.615 | INFO     | api:get_file:84 - Loading File 126d45b2-b8bb-15d6-0bfe-96cf392f8c4a
2026-07-27 15:43:17.001 | SUCCESS  | monitor:scan:235 - Changed : 756973
2026-07-27 15:43:17.014 | INFO     | storage:add_property:113 - Added Property 756973
2026-07-27 15:43:17.017 | SUCCESS  | storage:save_day:81 - 1405-03-09.json Saved
2026-07-27 15:43:17.019 | INFO     | state_manager:save:61 - State Saved
2026-07-27 15:43:17.019 | INFO     | monitor:scan:197 - Checking 756968
2026-07-27 15:43:17.019 | INFO     | api:get_file:84 - Loading File 126d45b2-cd72-8ba3-32a8-6f3a12bf9a4e
2026-07-27 15:43:17.419 | SUCCESS  | monitor:scan:235 - Changed : 756968
2026-07-27 15:43:17.431 | INFO     | storage:add_property:113 - Added Property 756968
2026-07-27 15:43:17.433 | SUCCESS  | storage:save_day:81 - 1405-03-09.json Saved
2026-07-27 15:43:17.435 | INFO     | state_manager:save:61 - State Saved
2026-07-27 15:43:17.435 | INFO     | monitor:scan:197 - Checking 756966
2026-07-27 15:43:17.436 | INFO     | api:get_file:84 - Loading File 126d45b2-876c-5b95-709d-b752edd1974d
2026-07-27 15:43:17.997 | SUCCESS  | monitor:scan:235 - Changed : 756966
2026-07-27 15:43:18.016 | INFO     | storage:add_property:113 - Added Property 756966
2026-07-27 15:43:18.019 | SUCCESS  | storage:save_day:81 - 1405-03-09.json Saved
2026-07-27 15:43:18.021 | INFO     | state_manager:save:61 - State Saved
2026-07-27 15:43:18.021 | INFO     | monitor:scan:197 - Checking 756962
2026-07-27 15:43:18.022 | INFO     | api:get_file:84 - Loading File 1b0a45ff-0511-4a3c-01a2-f180af81bd42
2026-07-27 15:43:18.242 | SUCCESS  | monitor:scan:235 - Changed : 756962
2026-07-27 15:43:18.251 | INFO     | storage:add_property:113 - Added Property 756962
2026-07-27 15:43:18.253 | SUCCESS  | storage:save_day:81 - 1405-03-09.json Saved
2026-07-27 15:43:18.256 | INFO     | state_manager:save:61 - State Saved
2026-07-27 15:43:18.256 | INFO     | monitor:scan:197 - Checking 756961
2026-07-27 15:43:18.256 | INFO     | api:get_file:84 - Loading File 126d4594-1d95-2ec0-ce8c-d39afef12f46
2026-07-27 15:43:18.650 | SUCCESS  | monitor:scan:235 - Changed : 756961
2026-07-27 15:43:18.665 | INFO     | storage:add_property:113 - Added Property 756961
2026-07-27 15:43:18.668 | SUCCESS  | storage:save_day:81 - 1405-03-09.json Saved
2026-07-27 15:43:18.670 | INFO     | state_manager:save:61 - State Saved
2026-07-27 15:43:18.670 | INFO     | monitor:scan:197 - Checking 756957
2026-07-27 15:43:18.670 | INFO     | api:get_file:84 - Loading File 126d45b2-cc5a-3281-7ce7-8a378cf4b04b
2026-07-27 15:43:18.889 | SUCCESS  | monitor:scan:235 - Changed : 756957
2026-07-27 15:43:18.901 | INFO     | storage:add_property:113 - Added Property 756957
2026-07-27 15:43:18.904 | SUCCESS  | storage:save_day:81 - 1405-03-09.json Saved
2026-07-27 15:43:18.907 | INFO     | state_manager:save:61 - State Saved
2026-07-27 15:43:18.907 | INFO     | monitor:scan:197 - Checking 756948
2026-07-27 15:43:18.907 | INFO     | api:get_file:84 - Loading File 1b0a45ff-0690-ddb5-5f3d-9341f4c1014a
2026-07-27 15:43:19.294 | SUCCESS  | monitor:scan:235 - Changed : 756948
2026-07-27 15:43:19.311 | INFO     | storage:add_property:113 - Added Property 756948
2026-07-27 15:43:19.314 | SUCCESS  | storage:save_day:81 - 1405-03-09.json Saved
2026-07-27 15:43:19.317 | INFO     | state_manager:save:61 - State Saved
2026-07-27 15:43:19.317 | INFO     | monitor:scan:197 - Checking 756946
2026-07-27 15:43:19.317 | INFO     | api:get_file:84 - Loading File 126d45b2-add6-97f6-490a-68e6f1edf84a
2026-07-27 15:43:19.709 | SUCCESS  | monitor:scan:235 - Changed : 756946
2026-07-27 15:43:19.724 | INFO     | storage:add_property:113 - Added Property 756946
2026-07-27 15:43:19.727 | SUCCESS  | storage:save_day:81 - 1405-03-09.json Saved
2026-07-27 15:43:19.729 | INFO     | state_manager:save:61 - State Saved
2026-07-27 15:43:19.729 | INFO     | monitor:scan:197 - Checking 756942
2026-07-27 15:43:19.730 | INFO     | api:get_file:84 - Loading File 126d4595-151f-c6f7-d81b-d9e2e4742fe8
2026-07-27 15:43:20.123 | SUCCESS  | monitor:scan:235 - Changed : 756942
2026-07-27 15:43:20.136 | INFO     | storage:add_property:113 - Added Property 756942
2026-07-27 15:43:20.139 | SUCCESS  | storage:save_day:81 - 1405-03-09.json Saved
2026-07-27 15:43:20.141 | INFO     | state_manager:save:61 - State Saved
2026-07-27 15:43:20.142 | INFO     | monitor:scan:197 - Checking 756940
2026-07-27 15:43:20.142 | INFO     | api:get_file:84 - Loading File 126d4576-d9b3-48cf-bd5c-675cdf0fe947
2026-07-27 15:43:20.524 | SUCCESS  | monitor:scan:235 - Changed : 756940
2026-07-27 15:43:20.537 | INFO     | storage:add_property:113 - Added Property 756940
2026-07-27 15:43:20.540 | SUCCESS  | storage:save_day:81 - 1405-03-09.json Saved
2026-07-27 15:43:20.542 | INFO     | state_manager:save:61 - State Saved
2026-07-27 15:43:20.542 | INFO     | monitor:scan:197 - Checking 756939
2026-07-27 15:43:20.543 | INFO     | api:get_file:84 - Loading File 126d4576-aedb-7b40-812d-d6d11559fe44
2026-07-27 15:43:21.108 | SUCCESS  | monitor:scan:235 - Changed : 756939
2026-07-27 15:43:21.119 | INFO     | storage:add_property:113 - Added Property 756939
2026-07-27 15:43:21.122 | SUCCESS  | storage:save_day:81 - 1405-03-09.json Saved
2026-07-27 15:43:21.125 | INFO     | state_manager:save:61 - State Saved
2026-07-27 15:43:21.125 | INFO     | monitor:scan:197 - Checking 756936
2026-07-27 15:43:21.125 | INFO     | api:get_file:84 - Loading File 126d4593-fb2c-2996-8b27-8a8c29864745
2026-07-27 15:43:21.509 | SUCCESS  | monitor:scan:235 - Changed : 756936
2026-07-27 15:43:21.515 | INFO     | storage:add_property:113 - Added Property 756936
2026-07-27 15:43:21.519 | SUCCESS  | storage:save_day:81 - 1405-03-09.json Saved
2026-07-27 15:43:21.521 | INFO     | state_manager:save:61 - State Saved
2026-07-27 15:43:21.521 | INFO     | monitor:scan:197 - Checking 756934
2026-07-27 15:43:21.521 | INFO     | api:get_file:84 - Loading File 126d4594-2a1d-4750-4f87-e7a95d9fb84d
2026-07-27 15:43:21.908 | SUCCESS  | monitor:scan:235 - Changed : 756934
2026-07-27 15:43:21.923 | INFO     | storage:add_property:113 - Added Property 756934
2026-07-27 15:43:21.927 | SUCCESS  | storage:save_day:81 - 1405-03-09.json Saved
2026-07-27 15:43:21.930 | INFO     | state_manager:save:61 - State Saved
2026-07-27 15:43:21.931 | INFO     | monitor:scan:197 - Checking 756932
2026-07-27 15:43:21.931 | INFO     | api:get_file:84 - Loading File 1b0a45ff-070a-b094-88d2-499b94baf946
2026-07-27 15:43:22.148 | SUCCESS  | monitor:scan:235 - Changed : 756932
2026-07-27 15:43:22.160 | INFO     | storage:add_property:113 - Added Property 756932
2026-07-27 15:43:22.163 | SUCCESS  | storage:save_day:81 - 1405-03-09.json Saved
2026-07-27 15:43:22.165 | INFO     | state_manager:save:61 - State Saved
2026-07-27 15:43:22.165 | INFO     | monitor:scan:197 - Checking 756931
2026-07-27 15:43:22.165 | INFO     | api:get_file:84 - Loading File 126d45b2-f4f5-8d14-6a51-b3cbb6a1f843
2026-07-27 15:43:22.381 | SUCCESS  | monitor:scan:235 - Changed : 756931
2026-07-27 15:43:22.392 | INFO     | storage:add_property:113 - Added Property 756931
2026-07-27 15:43:22.395 | SUCCESS  | storage:save_day:81 - 1405-03-09.json Saved
2026-07-27 15:43:22.398 | INFO     | state_manager:save:61 - State Saved
2026-07-27 15:43:22.398 | INFO     | monitor:scan:197 - Checking 718465
2026-07-27 15:43:22.398 | INFO     | api:get_file:84 - Loading File 126b1ac8-8fec-4183-5baf-a21979788746
2026-07-27 15:43:22.612 | SUCCESS  | monitor:scan:235 - Changed : 718465
2026-07-27 15:43:22.623 | INFO     | storage:add_property:113 - Added Property 718465
2026-07-27 15:43:22.627 | SUCCESS  | storage:save_day:81 - 1405-03-09.json Saved
2026-07-27 15:43:22.629 | INFO     | state_manager:save:61 - State Saved
2026-07-27 15:43:22.629 | INFO     | monitor:scan:197 - Checking 718441
2026-07-27 15:43:22.629 | INFO     | api:get_file:84 - Loading File 126b1ac8-8dac-4d40-c28a-2c116b76f04e
2026-07-27 15:43:22.844 | SUCCESS  | monitor:scan:235 - Changed : 718441
2026-07-27 15:43:22.858 | INFO     | storage:add_property:113 - Added Property 718441
2026-07-27 15:43:22.862 | SUCCESS  | storage:save_day:81 - 1405-03-09.json Saved
2026-07-27 15:43:22.864 | INFO     | state_manager:save:61 - State Saved
2026-07-27 15:43:22.865 | INFO     | monitor:scan:197 - Checking 711477
2026-07-27 15:43:22.865 | INFO     | api:get_file:84 - Loading File 126b088a-339c-49fb-ab57-80b28af7b441
2026-07-27 15:43:23.085 | SUCCESS  | monitor:scan:235 - Changed : 711477
2026-07-27 15:43:23.098 | INFO     | storage:add_property:113 - Added Property 711477
2026-07-27 15:43:23.102 | SUCCESS  | storage:save_day:81 - 1405-03-09.json Saved
2026-07-27 15:43:23.104 | INFO     | state_manager:save:61 - State Saved
2026-07-27 15:43:23.105 | INFO     | monitor:scan:197 - Checking 697964
2026-07-27 15:43:23.105 | INFO     | api:get_file:84 - Loading File 1b0a45f6-00bb-6b3f-3ecf-c4eb76bcf142
2026-07-27 15:43:23.492 | SUCCESS  | monitor:scan:235 - Changed : 697964
2026-07-27 15:43:23.502 | INFO     | storage:add_property:113 - Added Property 697964
2026-07-27 15:43:23.505 | SUCCESS  | storage:save_day:81 - 1405-03-09.json Saved
2026-07-27 15:43:23.508 | INFO     | state_manager:save:61 - State Saved
2026-07-27 15:43:23.508 | INFO     | monitor:scan:197 - Checking 694064
2026-07-27 15:43:23.508 | INFO     | api:get_file:84 - Loading File 1b0a45ff-05fa-4f7d-235d-c9b9d2bc204d
2026-07-27 15:43:24.073 | SUCCESS  | monitor:scan:235 - Changed : 694064
2026-07-27 15:43:24.094 | INFO     | storage:add_property:113 - Added Property 694064
2026-07-27 15:43:24.100 | SUCCESS  | storage:save_day:81 - 1405-03-09.json Saved
2026-07-27 15:43:24.102 | INFO     | state_manager:save:61 - State Saved
2026-07-27 15:43:24.102 | INFO     | monitor:scan:197 - Checking 691561
2026-07-27 15:43:24.102 | INFO     | api:get_file:84 - Loading File 1b0a45f6-1241-8aaa-66da-31d048fba148
2026-07-27 15:43:24.494 | SUCCESS  | monitor:scan:235 - Changed : 691561
2026-07-27 15:43:24.510 | INFO     | storage:add_property:113 - Added Property 691561
2026-07-27 15:43:24.513 | SUCCESS  | storage:save_day:81 - 1405-03-09.json Saved
2026-07-27 15:43:24.516 | INFO     | state_manager:save:61 - State Saved
2026-07-27 15:43:24.517 | INFO     | monitor:scan:197 - Checking 691019
2026-07-27 15:43:24.517 | INFO     | api:get_file:84 - Loading File 1b0a45f6-0b9f-6c0d-9597-6aa0cbef114f
2026-07-27 15:43:24.916 | SUCCESS  | monitor:scan:235 - Changed : 691019
2026-07-27 15:43:24.935 | INFO     | storage:add_property:113 - Added Property 691019
2026-07-27 15:43:24.939 | SUCCESS  | storage:save_day:81 - 1405-03-09.json Saved
2026-07-27 15:43:24.942 | INFO     | state_manager:save:61 - State Saved
2026-07-27 15:43:24.942 | INFO     | monitor:scan:197 - Checking 756803
2026-07-27 15:43:24.942 | INFO     | api:get_file:84 - Loading File 1b0a45f6-010f-841a-58d0-55637d9ce64e
2026-07-27 15:43:25.338 | SUCCESS  | monitor:scan:235 - Changed : 756803
2026-07-27 15:43:25.340 | INFO     | storage:add_property:113 - Added Property 756803
2026-07-27 15:43:25.345 | SUCCESS  | storage:save_day:81 - 1405-03-05.json Saved
2026-07-27 15:43:25.351 | INFO     | state_manager:save:61 - State Saved
2026-07-27 15:43:25.351 | INFO     | monitor:scan:197 - Checking 756797
2026-07-27 15:43:25.351 | INFO     | api:get_file:84 - Loading File 126d4575-c525-22d8-524b-7099f343b843
2026-07-27 15:43:25.914 | SUCCESS  | monitor:scan:235 - Changed : 756797
2026-07-27 15:43:25.932 | INFO     | storage:add_property:113 - Added Property 756797
2026-07-27 15:43:25.933 | SUCCESS  | storage:save_day:81 - 1405-03-05.json Saved
2026-07-27 15:43:25.935 | INFO     | state_manager:save:61 - State Saved
2026-07-27 15:43:25.936 | INFO     | monitor:scan:197 - Checking 756794
2026-07-27 15:43:25.936 | INFO     | api:get_file:84 - Loading File 126d4575-cb71-1928-af22-8df1985d5b4b
2026-07-27 15:43:26.320 | SUCCESS  | monitor:scan:235 - Changed : 756794
2026-07-27 15:43:26.327 | INFO     | storage:add_property:113 - Added Property 756794
2026-07-27 15:43:26.328 | SUCCESS  | storage:save_day:81 - 1405-03-05.json Saved
2026-07-27 15:43:26.330 | INFO     | state_manager:save:61 - State Saved
2026-07-27 15:43:26.331 | INFO     | monitor:scan:197 - Checking 756791
2026-07-27 15:43:26.331 | INFO     | api:get_file:84 - Loading File 126d4575-fd14-2ac7-08cc-d3cf79679645
2026-07-27 15:43:26.714 | SUCCESS  | monitor:scan:235 - Changed : 756791
2026-07-27 15:43:26.724 | INFO     | storage:add_property:113 - Added Property 756791
2026-07-27 15:43:26.725 | SUCCESS  | storage:save_day:81 - 1405-03-05.json Saved
2026-07-27 15:43:26.727 | INFO     | state_manager:save:61 - State Saved
2026-07-27 15:43:26.727 | INFO     | monitor:scan:197 - Checking 756769
2026-07-27 15:43:26.727 | INFO     | api:get_file:84 - Loading File 1b0a45f6-07a6-79fb-6d58-ff3ddf17db42
2026-07-27 15:43:27.137 | SUCCESS  | monitor:scan:235 - Changed : 756769
2026-07-27 15:43:27.150 | INFO     | storage:add_property:113 - Added Property 756769
2026-07-27 15:43:27.151 | SUCCESS  | storage:save_day:81 - 1405-03-05.json Saved
2026-07-27 15:43:27.154 | INFO     | state_manager:save:61 - State Saved
2026-07-27 15:43:27.154 | INFO     | monitor:scan:197 - Checking 756759
2026-07-27 15:43:27.154 | INFO     | api:get_file:84 - Loading File 1b0a45f6-0e8b-27e5-54db-690f64522f4f
2026-07-27 15:43:27.562 | SUCCESS  | monitor:scan:235 - Changed : 756759
2026-07-27 15:43:27.573 | INFO     | storage:add_property:113 - Added Property 756759
2026-07-27 15:43:27.576 | SUCCESS  | storage:save_day:81 - 1405-03-05.json Saved
2026-07-27 15:43:27.580 | INFO     | state_manager:save:61 - State Saved
2026-07-27 15:43:27.580 | INFO     | monitor:scan:197 - Checking 756752
2026-07-27 15:43:27.580 | INFO     | api:get_file:84 - Loading File 126d4566-62d2-8aee-9976-55a263206466
2026-07-27 15:43:27.999 | SUCCESS  | monitor:scan:235 - Changed : 756752
2026-07-27 15:43:28.007 | INFO     | storage:add_property:113 - Added Property 756752
2026-07-27 15:43:28.008 | SUCCESS  | storage:save_day:81 - 1405-03-05.json Saved
2026-07-27 15:43:28.011 | INFO     | state_manager:save:61 - State Saved
2026-07-27 15:43:28.011 | INFO     | monitor:scan:197 - Checking 756750
2026-07-27 15:43:28.011 | INFO     | api:get_file:84 - Loading File 126d4575-863c-5f0a-026c-0695d396644c
2026-07-27 15:43:28.409 | SUCCESS  | monitor:scan:235 - Changed : 756750
2026-07-27 15:43:28.417 | INFO     | storage:add_property:113 - Added Property 756750
2026-07-27 15:43:28.418 | SUCCESS  | storage:save_day:81 - 1405-03-05.json Saved
2026-07-27 15:43:28.421 | INFO     | state_manager:save:61 - State Saved
2026-07-27 15:43:28.421 | INFO     | monitor:scan:197 - Checking 732017
2026-07-27 15:43:28.421 | INFO     | api:get_file:84 - Loading File 126d32fb-704c-2a1f-7018-e4ff551b8649
2026-07-27 15:43:28.807 | SUCCESS  | monitor:scan:235 - Changed : 732017
2026-07-27 15:43:28.814 | INFO     | storage:add_property:113 - Added Property 732017
2026-07-27 15:43:28.815 | SUCCESS  | storage:save_day:81 - 1405-03-05.json Saved
2026-07-27 15:43:28.820 | INFO     | state_manager:save:61 - State Saved
2026-07-27 15:43:28.820 | INFO     | monitor:scan:197 - Checking 731655
2026-07-27 15:43:28.820 | INFO     | api:get_file:84 - Loading File 1b0a45f6-0e95-b9db-caa7-a93660e7f544
2026-07-27 15:43:29.206 | SUCCESS  | monitor:scan:235 - Changed : 731655
2026-07-27 15:43:29.213 | INFO     | storage:add_property:113 - Added Property 731655
2026-07-27 15:43:29.215 | SUCCESS  | storage:save_day:81 - 1405-03-05.json Saved
2026-07-27 15:43:29.217 | INFO     | state_manager:save:61 - State Saved
2026-07-27 15:43:29.217 | INFO     | monitor:scan:197 - Checking 721081
2026-07-27 15:43:29.217 | INFO     | api:get_file:84 - Loading File 126d2dea-64f5-2268-f5a2-671f62765849
2026-07-27 15:43:29.665 | SUCCESS  | monitor:scan:235 - Changed : 721081
2026-07-27 15:43:29.678 | INFO     | storage:add_property:113 - Added Property 721081
2026-07-27 15:43:29.680 | SUCCESS  | storage:save_day:81 - 1405-03-05.json Saved
2026-07-27 15:43:29.683 | INFO     | state_manager:save:61 - State Saved
2026-07-27 15:43:29.684 | INFO     | monitor:scan:197 - Checking 721058
2026-07-27 15:43:29.684 | INFO     | api:get_file:84 - Loading File 126d2dcd-3f60-7dcc-cc90-29334f205649
2026-07-27 15:43:30.071 | SUCCESS  | monitor:scan:235 - Changed : 721058
2026-07-27 15:43:30.088 | INFO     | storage:add_property:113 - Added Property 721058
2026-07-27 15:43:30.090 | SUCCESS  | storage:save_day:81 - 1405-03-05.json Saved
2026-07-27 15:43:30.092 | INFO     | state_manager:save:61 - State Saved
2026-07-27 15:43:30.092 | INFO     | monitor:scan:197 - Checking 716086
2026-07-27 15:43:30.093 | INFO     | api:get_file:84 - Loading File 126b1485-0577-37e7-3cdc-bf211b77f544
2026-07-27 15:43:30.482 | SUCCESS  | monitor:scan:235 - Changed : 716086
2026-07-27 15:43:30.491 | INFO     | storage:add_property:113 - Added Property 716086
2026-07-27 15:43:30.492 | SUCCESS  | storage:save_day:81 - 1405-03-05.json Saved
2026-07-27 15:43:30.495 | INFO     | state_manager:save:61 - State Saved
2026-07-27 15:43:30.495 | INFO     | monitor:scan:197 - Checking 715937
2026-07-27 15:43:30.495 | INFO     | api:get_file:84 - Loading File 126b1448-51e8-9410-2240-3ed7d2f5ef47
2026-07-27 15:43:30.954 | SUCCESS  | monitor:scan:235 - Changed : 715937
2026-07-27 15:43:30.962 | INFO     | storage:add_property:113 - Added Property 715937
2026-07-27 15:43:30.964 | SUCCESS  | storage:save_day:81 - 1405-03-05.json Saved
2026-07-27 15:43:30.966 | INFO     | state_manager:save:61 - State Saved
2026-07-27 15:43:30.966 | INFO     | monitor:scan:197 - Checking 715862
2026-07-27 15:43:30.966 | INFO     | api:get_file:84 - Loading File 126b1439-f825-4a65-aea0-70e35cd8e54d
2026-07-27 15:43:31.361 | SUCCESS  | monitor:scan:235 - Changed : 715862
2026-07-27 15:43:31.373 | INFO     | storage:add_property:113 - Added Property 715862
2026-07-27 15:43:31.375 | SUCCESS  | storage:save_day:81 - 1405-03-05.json Saved
2026-07-27 15:43:31.378 | INFO     | state_manager:save:61 - State Saved
2026-07-27 15:43:31.379 | INFO     | monitor:scan:197 - Checking 713874
2026-07-27 15:43:31.379 | INFO     | api:get_file:84 - Loading File 126b0e81-485f-8a92-fd11-36637a1fc047
2026-07-27 15:43:31.946 | SUCCESS  | monitor:scan:235 - Changed : 713874
2026-07-27 15:43:31.953 | INFO     | storage:add_property:113 - Added Property 713874
2026-07-27 15:43:31.955 | SUCCESS  | storage:save_day:81 - 1405-03-05.json Saved
2026-07-27 15:43:31.957 | INFO     | state_manager:save:61 - State Saved
2026-07-27 15:43:31.958 | INFO     | monitor:scan:197 - Checking 690651
2026-07-27 15:43:31.958 | INFO     | api:get_file:84 - Loading File 1b0a45f6-1214-9329-5957-3a6722716e4d
2026-07-27 15:43:32.345 | SUCCESS  | monitor:scan:235 - Changed : 690651
2026-07-27 15:43:32.356 | INFO     | storage:add_property:113 - Added Property 690651
2026-07-27 15:43:32.359 | SUCCESS  | storage:save_day:81 - 1405-03-05.json Saved
2026-07-27 15:43:32.363 | INFO     | state_manager:save:61 - State Saved
2026-07-27 15:43:32.364 | INFO     | monitor:scan:197 - Checking 689591
2026-07-27 15:43:32.364 | INFO     | api:get_file:84 - Loading File 1b0a45f6-0edc-b207-433f-eb77bec99940
2026-07-27 15:43:32.747 | SUCCESS  | monitor:scan:235 - Changed : 689591
2026-07-27 15:43:32.755 | INFO     | storage:add_property:113 - Added Property 689591
2026-07-27 15:43:32.757 | SUCCESS  | storage:save_day:81 - 1405-03-05.json Saved
2026-07-27 15:43:32.760 | INFO     | state_manager:save:61 - State Saved
2026-07-27 15:43:32.760 | INFO     | monitor:scan:197 - Checking 688493
2026-07-27 15:43:32.760 | INFO     | api:get_file:84 - Loading File 1b0a45f6-06e6-8d9a-cc0c-54ea6cdafc46
2026-07-27 15:43:33.147 | SUCCESS  | monitor:scan:235 - Changed : 688493
2026-07-27 15:43:33.155 | INFO     | storage:add_property:113 - Added Property 688493
2026-07-27 15:43:33.158 | SUCCESS  | storage:save_day:81 - 1405-03-05.json Saved
2026-07-27 15:43:33.161 | INFO     | state_manager:save:61 - State Saved
2026-07-27 15:43:33.161 | INFO     | monitor:scan:197 - Checking 686752
2026-07-27 15:43:33.161 | INFO     | api:get_file:84 - Loading File 1b0a45f6-04d6-4431-5c27-0bc1f5a62c4c
2026-07-27 15:43:33.548 | SUCCESS  | monitor:scan:235 - Changed : 686752
2026-07-27 15:43:33.576 | INFO     | storage:add_property:113 - Added Property 686752
2026-07-27 15:43:33.579 | SUCCESS  | storage:save_day:81 - 1405-03-05.json Saved
2026-07-27 15:43:33.584 | INFO     | state_manager:save:61 - State Saved
2026-07-27 15:43:33.584 | INFO     | monitor:scan:197 - Checking 684759
2026-07-27 15:43:33.585 | INFO     | api:get_file:84 - Loading File 1b0a45f6-0ecc-3b79-5e13-2a8b6c5dcd42
2026-07-27 15:43:34.033 | SUCCESS  | monitor:scan:235 - Changed : 684759
2026-07-27 15:43:34.045 | INFO     | storage:add_property:113 - Added Property 684759
2026-07-27 15:43:34.050 | SUCCESS  | storage:save_day:81 - 1405-03-05.json Saved
2026-07-27 15:43:34.058 | INFO     | state_manager:save:61 - State Saved
2026-07-27 15:43:34.058 | INFO     | monitor:scan:197 - Checking 683591
2026-07-27 15:43:34.058 | INFO     | api:get_file:84 - Loading File 1b0a45f6-1815-c43c-d1a2-bdaefbebc84a
2026-07-27 15:43:34.445 | SUCCESS  | monitor:scan:235 - Changed : 683591
2026-07-27 15:43:34.454 | INFO     | storage:add_property:113 - Added Property 683591
2026-07-27 15:43:34.457 | SUCCESS  | storage:save_day:81 - 1405-03-05.json Saved
2026-07-27 15:43:34.459 | INFO     | state_manager:save:61 - State Saved
2026-07-27 15:43:34.460 | INFO     | monitor:scan:197 - Checking 756702
2026-07-27 15:43:34.460 | INFO     | api:get_file:84 - Loading File 126d4566-b9b0-3010-618f-ae4b97b00e4c
2026-07-27 15:43:34.854 | SUCCESS  | monitor:scan:235 - Changed : 756702
2026-07-27 15:43:34.855 | INFO     | storage:add_property:113 - Added Property 756702
2026-07-27 15:43:34.858 | SUCCESS  | storage:save_day:81 - 1405-03-04.json Saved
2026-07-27 15:43:34.862 | INFO     | state_manager:save:61 - State Saved
2026-07-27 15:43:34.864 | INFO     | monitor:scan:197 - Checking 756697
2026-07-27 15:43:34.864 | INFO     | api:get_file:84 - Loading File 126d4566-861a-111b-1716-e9784aff8049
2026-07-27 15:43:35.257 | SUCCESS  | monitor:scan:235 - Changed : 756697
2026-07-27 15:43:35.265 | INFO     | storage:add_property:113 - Added Property 756697
2026-07-27 15:43:35.268 | SUCCESS  | storage:save_day:81 - 1405-03-04.json Saved
2026-07-27 15:43:35.274 | INFO     | state_manager:save:61 - State Saved
2026-07-27 15:43:35.275 | INFO     | monitor:scan:197 - Checking 756696
2026-07-27 15:43:35.275 | INFO     | api:get_file:84 - Loading File 126d452a-48f7-92ad-4905-a97d7b59e84d
2026-07-27 15:43:35.889 | SUCCESS  | monitor:scan:235 - Changed : 756696
2026-07-27 15:43:35.895 | INFO     | storage:add_property:113 - Added Property 756696
2026-07-27 15:43:35.897 | SUCCESS  | storage:save_day:81 - 1405-03-04.json Saved
2026-07-27 15:43:35.899 | INFO     | state_manager:save:61 - State Saved
2026-07-27 15:43:35.899 | INFO     | monitor:scan:197 - Checking 756672
2026-07-27 15:43:35.899 | INFO     | api:get_file:84 - Loading File 126d4566-88d6-538c-842d-11ede20e614a
2026-07-27 15:43:36.298 | SUCCESS  | monitor:scan:235 - Changed : 756672
2026-07-27 15:43:36.306 | INFO     | storage:add_property:113 - Added Property 756672
2026-07-27 15:43:36.308 | SUCCESS  | storage:save_day:81 - 1405-03-04.json Saved
2026-07-27 15:43:36.312 | INFO     | state_manager:save:61 - State Saved
2026-07-27 15:43:36.312 | INFO     | monitor:scan:125 - Loading Page 16
2026-07-27 15:43:36.313 | INFO     | api:get_files:60 - Loading Page 16
2026-07-27 15:43:40.485 | INFO     | monitor:scan:197 - Checking 756666
2026-07-27 15:43:40.485 | INFO     | api:get_file:84 - Loading File 126d4566-6d7a-5530-0025-861cb8d1e548
2026-07-27 15:43:40.710 | SUCCESS  | monitor:scan:235 - Changed : 756666
2026-07-27 15:43:40.728 | INFO     | storage:add_property:113 - Added Property 756666
2026-07-27 15:43:40.730 | SUCCESS  | storage:save_day:81 - 1405-03-04.json Saved
2026-07-27 15:43:40.737 | INFO     | state_manager:save:61 - State Saved
2026-07-27 15:43:40.737 | INFO     | monitor:scan:197 - Checking 756660
2026-07-27 15:43:40.737 | INFO     | api:get_file:84 - Loading File 126d4566-8026-5892-20d7-eb660d31414f
2026-07-27 15:43:40.955 | SUCCESS  | monitor:scan:235 - Changed : 756660
2026-07-27 15:43:40.967 | INFO     | storage:add_property:113 - Added Property 756660
2026-07-27 15:43:40.968 | SUCCESS  | storage:save_day:81 - 1405-03-04.json Saved
2026-07-27 15:43:40.972 | INFO     | state_manager:save:61 - State Saved
2026-07-27 15:43:40.972 | INFO     | monitor:scan:197 - Checking 755341
2026-07-27 15:43:40.972 | INFO     | api:get_file:84 - Loading File 126d4481-eb63-576e-c716-bd8eb2a58c49
2026-07-27 15:43:41.196 | SUCCESS  | monitor:scan:235 - Changed : 755341
2026-07-27 15:43:41.215 | INFO     | storage:add_property:113 - Added Property 755341
2026-07-27 15:43:41.218 | SUCCESS  | storage:save_day:81 - 1405-03-04.json Saved
2026-07-27 15:43:41.222 | INFO     | state_manager:save:61 - State Saved
2026-07-27 15:43:41.222 | INFO     | monitor:scan:197 - Checking 742566
2026-07-27 15:43:41.223 | INFO     | api:get_file:84 - Loading File 126d3384-cac8-1a07-1fb3-34de8c451b4b
2026-07-27 15:43:41.436 | SUCCESS  | monitor:scan:235 - Changed : 742566
2026-07-27 15:43:41.444 | INFO     | storage:add_property:113 - Added Property 742566
2026-07-27 15:43:41.446 | SUCCESS  | storage:save_day:81 - 1405-03-04.json Saved
2026-07-27 15:43:41.451 | INFO     | state_manager:save:61 - State Saved
2026-07-27 15:43:41.452 | INFO     | monitor:scan:197 - Checking 731338
2026-07-27 15:43:41.452 | INFO     | api:get_file:84 - Loading File 126d3272-1202-f9cd-677d-826d7df34a90
2026-07-27 15:43:41.676 | SUCCESS  | monitor:scan:235 - Changed : 731338
2026-07-27 15:43:41.692 | INFO     | storage:add_property:113 - Added Property 731338
2026-07-27 15:43:41.693 | SUCCESS  | storage:save_day:81 - 1405-03-04.json Saved
2026-07-27 15:43:41.697 | INFO     | state_manager:save:61 - State Saved
2026-07-27 15:43:41.697 | INFO     | monitor:scan:197 - Checking 720402
2026-07-27 15:43:41.697 | INFO     | api:get_file:84 - Loading File 126d2d52-267b-9c80-2ca8-ef2ee6aa4ac3
2026-07-27 15:43:42.087 | SUCCESS  | monitor:scan:235 - Changed : 720402
2026-07-27 15:43:42.113 | INFO     | storage:add_property:113 - Added Property 720402
2026-07-27 15:43:42.119 | SUCCESS  | storage:save_day:81 - 1405-03-04.json Saved
2026-07-27 15:43:42.126 | INFO     | state_manager:save:61 - State Saved
2026-07-27 15:43:42.126 | INFO     | monitor:scan:197 - Checking 719574
2026-07-27 15:43:42.127 | INFO     | api:get_file:84 - Loading File 126d2c7c-4099-1397-095e-9a2d3bdd1f40
2026-07-27 15:43:42.508 | SUCCESS  | monitor:scan:235 - Changed : 719574
2026-07-27 15:43:42.540 | INFO     | storage:add_property:113 - Added Property 719574
2026-07-27 15:43:42.542 | SUCCESS  | storage:save_day:81 - 1405-03-04.json Saved
2026-07-27 15:43:42.549 | INFO     | state_manager:save:61 - State Saved
2026-07-27 15:43:42.549 | INFO     | monitor:scan:197 - Checking 718777
2026-07-27 15:43:42.549 | INFO     | api:get_file:84 - Loading File 126b1b32-2d10-61a7-dbfc-dbe986fe8e4d
2026-07-27 15:43:42.936 | SUCCESS  | monitor:scan:235 - Changed : 718777
2026-07-27 15:43:42.949 | INFO     | storage:add_property:113 - Added Property 718777
2026-07-27 15:43:42.953 | SUCCESS  | storage:save_day:81 - 1405-03-04.json Saved
2026-07-27 15:43:42.960 | INFO     | state_manager:save:61 - State Saved
2026-07-27 15:43:42.960 | INFO     | monitor:scan:197 - Checking 715437
2026-07-27 15:43:42.961 | INFO     | api:get_file:84 - Loading File 126b13de-6e0d-5b62-0352-dd87415d7045
2026-07-27 15:43:43.183 | SUCCESS  | monitor:scan:235 - Changed : 715437
2026-07-27 15:43:43.217 | INFO     | storage:add_property:113 - Added Property 715437
2026-07-27 15:43:43.223 | SUCCESS  | storage:save_day:81 - 1405-03-04.json Saved
2026-07-27 15:43:43.232 | INFO     | state_manager:save:61 - State Saved
2026-07-27 15:43:43.232 | INFO     | monitor:scan:197 - Checking 692115
2026-07-27 15:43:43.232 | INFO     | api:get_file:84 - Loading File 1b0a45f6-1200-c249-2de3-2fb6f5c62247
2026-07-27 15:43:43.454 | SUCCESS  | monitor:scan:235 - Changed : 692115
2026-07-27 15:43:43.464 | INFO     | storage:add_property:113 - Added Property 692115
2026-07-27 15:43:43.468 | SUCCESS  | storage:save_day:81 - 1405-03-04.json Saved
2026-07-27 15:43:43.472 | INFO     | state_manager:save:61 - State Saved
2026-07-27 15:43:43.473 | INFO     | monitor:scan:197 - Checking 687415
2026-07-27 15:43:43.474 | INFO     | api:get_file:84 - Loading File 1b0a45f6-063b-2b6b-524d-5a0018360649
2026-07-27 15:43:43.857 | SUCCESS  | monitor:scan:235 - Changed : 687415
2026-07-27 15:43:43.879 | INFO     | storage:add_property:113 - Added Property 687415
2026-07-27 15:43:43.885 | SUCCESS  | storage:save_day:81 - 1405-03-04.json Saved
2026-07-27 15:43:43.900 | INFO     | state_manager:save:61 - State Saved
2026-07-27 15:43:43.901 | INFO     | monitor:scan:197 - Checking 686808
2026-07-27 15:43:43.902 | INFO     | api:get_file:84 - Loading File 126ae4b7-c759-cddf-361a-61c0ae1d04df
2026-07-27 15:43:44.165 | SUCCESS  | monitor:scan:235 - Changed : 686808
2026-07-27 15:43:44.189 | INFO     | storage:add_property:113 - Added Property 686808
2026-07-27 15:43:44.193 | SUCCESS  | storage:save_day:81 - 1405-03-04.json Saved
2026-07-27 15:43:44.199 | INFO     | state_manager:save:61 - State Saved
2026-07-27 15:43:44.199 | INFO     | monitor:scan:197 - Checking 686473
2026-07-27 15:43:44.199 | INFO     | api:get_file:84 - Loading File 1b0a45f6-02bd-3a78-6a8c-eba43197f247
2026-07-27 15:43:44.416 | SUCCESS  | monitor:scan:235 - Changed : 686473
2026-07-27 15:43:44.443 | INFO     | storage:add_property:113 - Added Property 686473
2026-07-27 15:43:44.453 | SUCCESS  | storage:save_day:81 - 1405-03-04.json Saved
2026-07-27 15:43:44.462 | INFO     | state_manager:save:61 - State Saved
2026-07-27 15:43:44.462 | INFO     | monitor:scan:197 - Checking 684814
2026-07-27 15:43:44.463 | INFO     | api:get_file:84 - Loading File 1b0a45f6-014d-ac49-b927-c80501ca0644
2026-07-27 15:43:44.871 | SUCCESS  | monitor:scan:235 - Changed : 684814
2026-07-27 15:43:44.881 | INFO     | storage:add_property:113 - Added Property 684814
2026-07-27 15:43:44.886 | SUCCESS  | storage:save_day:81 - 1405-03-04.json Saved
2026-07-27 15:43:44.889 | INFO     | state_manager:save:61 - State Saved
2026-07-27 15:43:44.889 | INFO     | monitor:scan:197 - Checking 683488
2026-07-27 15:43:44.889 | INFO     | api:get_file:84 - Loading File 1b0a45f6-06f9-115a-fabd-1827be7b1348
2026-07-27 15:43:45.289 | SUCCESS  | monitor:scan:235 - Changed : 683488
2026-07-27 15:43:45.313 | INFO     | storage:add_property:113 - Added Property 683488
2026-07-27 15:43:45.315 | SUCCESS  | storage:save_day:81 - 1405-03-04.json Saved
2026-07-27 15:43:45.318 | INFO     | state_manager:save:61 - State Saved
2026-07-27 15:43:45.318 | INFO     | monitor:scan:197 - Checking 756603
2026-07-27 15:43:45.318 | INFO     | api:get_file:84 - Loading File 126d4557-6373-9d59-973e-2b885db9645d
2026-07-27 15:43:45.718 | SUCCESS  | monitor:scan:235 - Changed : 756603
2026-07-27 15:43:45.719 | INFO     | storage:add_property:113 - Added Property 756603
2026-07-27 15:43:45.721 | SUCCESS  | storage:save_day:81 - 1405-03-03.json Saved
2026-07-27 15:43:45.727 | INFO     | state_manager:save:61 - State Saved
2026-07-27 15:43:45.727 | INFO     | monitor:scan:197 - Checking 756575
2026-07-27 15:43:45.727 | INFO     | api:get_file:84 - Loading File 126d4549-143d-6caa-9cf0-2b7fba22b54a
2026-07-27 15:43:45.944 | SUCCESS  | monitor:scan:235 - Changed : 756575
2026-07-27 15:43:45.951 | INFO     | storage:add_property:113 - Added Property 756575
2026-07-27 15:43:45.952 | SUCCESS  | storage:save_day:81 - 1405-03-03.json Saved
2026-07-27 15:43:45.958 | INFO     | state_manager:save:61 - State Saved
2026-07-27 15:43:45.958 | INFO     | monitor:scan:197 - Checking 756568
2026-07-27 15:43:45.958 | INFO     | api:get_file:84 - Loading File 126d4557-6eb4-8400-6d45-63a5ef891247
2026-07-27 15:43:46.355 | SUCCESS  | monitor:scan:235 - Changed : 756568
2026-07-27 15:43:46.364 | INFO     | storage:add_property:113 - Added Property 756568
2026-07-27 15:43:46.365 | SUCCESS  | storage:save_day:81 - 1405-03-03.json Saved
2026-07-27 15:43:46.368 | INFO     | state_manager:save:61 - State Saved
2026-07-27 15:43:46.368 | INFO     | monitor:scan:197 - Checking 756564
2026-07-27 15:43:46.368 | INFO     | api:get_file:84 - Loading File 126d44a0-329e-6b9c-65b6-35579ad7e348
2026-07-27 15:43:46.946 | SUCCESS  | monitor:scan:235 - Changed : 756564
2026-07-27 15:43:46.967 | INFO     | storage:add_property:113 - Added Property 756564
2026-07-27 15:43:46.969 | SUCCESS  | storage:save_day:81 - 1405-03-03.json Saved
2026-07-27 15:43:46.973 | INFO     | state_manager:save:61 - State Saved
2026-07-27 15:43:46.973 | INFO     | monitor:scan:197 - Checking 756563
2026-07-27 15:43:46.973 | INFO     | api:get_file:84 - Loading File 1b0a45ff-0d1c-4e5e-6f90-4b46be4c4949
2026-07-27 15:43:47.360 | SUCCESS  | monitor:scan:235 - Changed : 756563
2026-07-27 15:43:47.388 | INFO     | storage:add_property:113 - Added Property 756563
2026-07-27 15:43:47.390 | SUCCESS  | storage:save_day:81 - 1405-03-03.json Saved
2026-07-27 15:43:47.394 | INFO     | state_manager:save:61 - State Saved
2026-07-27 15:43:47.394 | INFO     | monitor:scan:197 - Checking 756541
2026-07-27 15:43:47.395 | INFO     | api:get_file:84 - Loading File 126d451b-297e-2d66-e0f1-e5a219858941
2026-07-27 15:43:47.795 | SUCCESS  | monitor:scan:235 - Changed : 756541
2026-07-27 15:43:47.821 | INFO     | storage:add_property:113 - Added Property 756541
2026-07-27 15:43:47.823 | SUCCESS  | storage:save_day:81 - 1405-03-03.json Saved
2026-07-27 15:43:47.829 | INFO     | state_manager:save:61 - State Saved
2026-07-27 15:43:47.830 | INFO     | monitor:scan:197 - Checking 756538
2026-07-27 15:43:47.830 | INFO     | api:get_file:84 - Loading File 1b0a45f6-0fc6-e1b3-caca-25f1ad56bc40
2026-07-27 15:43:48.226 | SUCCESS  | monitor:scan:235 - Changed : 756538
2026-07-27 15:43:48.236 | INFO     | storage:add_property:113 - Added Property 756538
2026-07-27 15:43:48.237 | SUCCESS  | storage:save_day:81 - 1405-03-03.json Saved
2026-07-27 15:43:48.241 | INFO     | state_manager:save:61 - State Saved
2026-07-27 15:43:48.241 | INFO     | monitor:scan:197 - Checking 756537
2026-07-27 15:43:48.241 | INFO     | api:get_file:84 - Loading File 126b19c5-2ba1-943b-abc9-952f69f8b24d
2026-07-27 15:43:48.636 | SUCCESS  | monitor:scan:235 - Changed : 756537
2026-07-27 15:43:48.655 | INFO     | storage:add_property:113 - Added Property 756537
2026-07-27 15:43:48.657 | SUCCESS  | storage:save_day:81 - 1405-03-03.json Saved
2026-07-27 15:43:48.663 | INFO     | state_manager:save:61 - State Saved
2026-07-27 15:43:48.664 | INFO     | monitor:scan:197 - Checking 745097
2026-07-27 15:43:48.664 | INFO     | api:get_file:84 - Loading File 126d4427-816a-970d-6534-e87e6145f543
2026-07-27 15:43:49.236 | SUCCESS  | monitor:scan:235 - Changed : 745097
2026-07-27 15:43:49.247 | INFO     | storage:add_property:113 - Added Property 745097
2026-07-27 15:43:49.249 | SUCCESS  | storage:save_day:81 - 1405-03-03.json Saved
2026-07-27 15:43:49.252 | INFO     | state_manager:save:61 - State Saved
2026-07-27 15:43:49.252 | INFO     | monitor:scan:197 - Checking 720939
2026-07-27 15:43:49.252 | INFO     | api:get_file:84 - Loading File 1b0a45ff-034d-754f-860b-065e8823f14f
2026-07-27 15:43:49.642 | SUCCESS  | monitor:scan:235 - Changed : 720939
2026-07-27 15:43:49.666 | INFO     | storage:add_property:113 - Added Property 720939
2026-07-27 15:43:49.669 | SUCCESS  | storage:save_day:81 - 1405-03-03.json Saved
2026-07-27 15:43:49.674 | INFO     | state_manager:save:61 - State Saved
2026-07-27 15:43:49.675 | INFO     | monitor:scan:197 - Checking 717673
2026-07-27 15:43:49.675 | INFO     | api:get_file:84 - Loading File 126b1a1f-5ac3-4875-d7fa-867f6b3e014d
2026-07-27 15:43:50.068 | SUCCESS  | monitor:scan:235 - Changed : 717673
2026-07-27 15:43:50.089 | INFO     | storage:add_property:113 - Added Property 717673
2026-07-27 15:43:50.093 | SUCCESS  | storage:save_day:81 - 1405-03-03.json Saved
2026-07-27 15:43:50.097 | INFO     | state_manager:save:61 - State Saved
2026-07-27 15:43:50.097 | INFO     | monitor:scan:197 - Checking 714113
2026-07-27 15:43:50.097 | INFO     | api:get_file:84 - Loading File 1b0a45f6-0450-5e07-933e-f515a44d684c
2026-07-27 15:43:50.318 | SUCCESS  | monitor:scan:235 - Changed : 714113
2026-07-27 15:43:50.337 | INFO     | storage:add_property:113 - Added Property 714113
2026-07-27 15:43:50.341 | SUCCESS  | storage:save_day:81 - 1405-03-03.json Saved
2026-07-27 15:43:50.347 | INFO     | state_manager:save:61 - State Saved
2026-07-27 15:43:50.347 | INFO     | monitor:scan:197 - Checking 711830
2026-07-27 15:43:50.348 | INFO     | api:get_file:84 - Loading File 1b0a45ff-0336-4388-1f83-575d11d1c442
2026-07-27 15:43:50.567 | SUCCESS  | monitor:scan:235 - Changed : 711830
2026-07-27 15:43:50.583 | INFO     | storage:add_property:113 - Added Property 711830
2026-07-27 15:43:50.585 | SUCCESS  | storage:save_day:81 - 1405-03-03.json Saved
2026-07-27 15:43:50.588 | INFO     | state_manager:save:61 - State Saved
2026-07-27 15:43:50.589 | INFO     | monitor:scan:197 - Checking 700453
2026-07-27 15:43:50.589 | INFO     | api:get_file:84 - Loading File 126b035b-c2d3-bd61-2edc-670b58b844fc
2026-07-27 15:43:50.983 | SUCCESS  | monitor:scan:235 - Changed : 700453
2026-07-27 15:43:50.991 | INFO     | storage:add_property:113 - Added Property 700453
2026-07-27 15:43:50.992 | SUCCESS  | storage:save_day:81 - 1405-03-03.json Saved
2026-07-27 15:43:50.996 | INFO     | state_manager:save:61 - State Saved
2026-07-27 15:43:50.996 | INFO     | monitor:scan:197 - Checking 695192
2026-07-27 15:43:50.996 | INFO     | api:get_file:84 - Loading File 1b0a45ff-f0e2-4afa-78c0-32cfc3b3d345
2026-07-27 15:43:51.379 | SUCCESS  | monitor:scan:235 - Changed : 695192
2026-07-27 15:43:51.409 | INFO     | storage:add_property:113 - Added Property 695192
2026-07-27 15:43:51.413 | SUCCESS  | storage:save_day:81 - 1405-03-03.json Saved
2026-07-27 15:43:51.419 | INFO     | state_manager:save:61 - State Saved
2026-07-27 15:43:51.419 | INFO     | monitor:scan:197 - Checking 691530
2026-07-27 15:43:51.420 | INFO     | api:get_file:84 - Loading File 1b0a45f6-07e2-d379-f346-028bcec71445
2026-07-27 15:43:51.805 | SUCCESS  | monitor:scan:235 - Changed : 691530
2026-07-27 15:43:51.827 | INFO     | storage:add_property:113 - Added Property 691530
2026-07-27 15:43:51.831 | SUCCESS  | storage:save_day:81 - 1405-03-03.json Saved
2026-07-27 15:43:51.835 | INFO     | state_manager:save:61 - State Saved
2026-07-27 15:43:51.836 | INFO     | monitor:scan:197 - Checking 690951
2026-07-27 15:43:51.836 | INFO     | api:get_file:84 - Loading File 1b0a45f6-0ffc-f99b-dd6b-4a9865e82f4c
2026-07-27 15:43:52.057 | SUCCESS  | monitor:scan:235 - Changed : 690951
2026-07-27 15:43:52.083 | INFO     | storage:add_property:113 - Added Property 690951
2026-07-27 15:43:52.086 | SUCCESS  | storage:save_day:81 - 1405-03-03.json Saved
2026-07-27 15:43:52.091 | INFO     | state_manager:save:61 - State Saved
2026-07-27 15:43:52.092 | INFO     | monitor:scan:197 - Checking 690355
2026-07-27 15:43:52.092 | INFO     | api:get_file:84 - Loading File 126af057-20de-14bb-5250-3e1e8a4eac4b
2026-07-27 15:43:52.310 | SUCCESS  | monitor:scan:235 - Changed : 690355
2026-07-27 15:43:52.342 | INFO     | storage:add_property:113 - Added Property 690355
2026-07-27 15:43:52.350 | SUCCESS  | storage:save_day:81 - 1405-03-03.json Saved
2026-07-27 15:43:52.354 | INFO     | state_manager:save:61 - State Saved
2026-07-27 15:43:52.354 | INFO     | monitor:scan:197 - Checking 690129
2026-07-27 15:43:52.354 | INFO     | api:get_file:84 - Loading File 1b0a45f6-04ac-4e9f-3096-6fc1d35b894c
2026-07-27 15:43:52.819 | SUCCESS  | monitor:scan:235 - Changed : 690129
2026-07-27 15:43:52.844 | INFO     | storage:add_property:113 - Added Property 690129
2026-07-27 15:43:52.848 | SUCCESS  | storage:save_day:81 - 1405-03-03.json Saved
2026-07-27 15:43:52.853 | INFO     | state_manager:save:61 - State Saved
2026-07-27 15:43:52.853 | INFO     | monitor:scan:197 - Checking 687162
2026-07-27 15:43:52.854 | INFO     | api:get_file:84 - Loading File 1b0a45f6-120d-a899-6472-6c7fa734704e
2026-07-27 15:43:53.247 | SUCCESS  | monitor:scan:235 - Changed : 687162
2026-07-27 15:43:53.255 | INFO     | storage:add_property:113 - Added Property 687162
2026-07-27 15:43:53.257 | SUCCESS  | storage:save_day:81 - 1405-03-03.json Saved
2026-07-27 15:43:53.260 | INFO     | state_manager:save:61 - State Saved
2026-07-27 15:43:53.260 | INFO     | monitor:scan:197 - Checking 686111
2026-07-27 15:43:53.260 | INFO     | api:get_file:84 - Loading File 126ae410-1c74-8dfa-3f60-b9f7b5309948
2026-07-27 15:43:53.479 | SUCCESS  | monitor:scan:235 - Changed : 686111
2026-07-27 15:43:53.490 | INFO     | storage:add_property:113 - Added Property 686111
2026-07-27 15:43:53.492 | SUCCESS  | storage:save_day:81 - 1405-03-03.json Saved
2026-07-27 15:43:53.495 | INFO     | state_manager:save:61 - State Saved
2026-07-27 15:43:53.495 | INFO     | monitor:scan:197 - Checking 756491
2026-07-27 15:43:53.495 | INFO     | api:get_file:84 - Loading File 1b0a45f6-0323-e9bd-d53d-c4670cf9ab45
2026-07-27 15:43:53.882 | SUCCESS  | monitor:scan:235 - Changed : 756491
2026-07-27 15:43:53.885 | INFO     | storage:add_property:113 - Added Property 756491
2026-07-27 15:43:53.892 | SUCCESS  | storage:save_day:81 - 1405-03-02.json Saved
2026-07-27 15:43:53.905 | INFO     | state_manager:save:61 - State Saved
2026-07-27 15:43:53.905 | INFO     | monitor:scan:197 - Checking 756485
2026-07-27 15:43:53.907 | INFO     | api:get_file:84 - Loading File 126d4529-62f7-12a8-6286-92be96e63c4d
2026-07-27 15:43:54.472 | SUCCESS  | monitor:scan:235 - Changed : 756485
2026-07-27 15:43:54.486 | INFO     | storage:add_property:113 - Added Property 756485
2026-07-27 15:43:54.487 | SUCCESS  | storage:save_day:81 - 1405-03-02.json Saved
2026-07-27 15:43:54.490 | INFO     | state_manager:save:61 - State Saved
2026-07-27 15:43:54.490 | INFO     | monitor:scan:197 - Checking 756483
2026-07-27 15:43:54.490 | INFO     | api:get_file:84 - Loading File 126d452a-6d35-3b42-8af2-767007406a4f
2026-07-27 15:43:54.894 | SUCCESS  | monitor:scan:235 - Changed : 756483
2026-07-27 15:43:54.906 | INFO     | storage:add_property:113 - Added Property 756483
2026-07-27 15:43:54.910 | SUCCESS  | storage:save_day:81 - 1405-03-02.json Saved
2026-07-27 15:43:54.915 | INFO     | state_manager:save:61 - State Saved
2026-07-27 15:43:54.915 | INFO     | monitor:scan:197 - Checking 756481
2026-07-27 15:43:54.916 | INFO     | api:get_file:84 - Loading File 126d4547-be01-5f2a-d886-11a996ddb74f
2026-07-27 15:43:55.137 | SUCCESS  | monitor:scan:235 - Changed : 756481
2026-07-27 15:43:55.147 | INFO     | storage:add_property:113 - Added Property 756481
2026-07-27 15:43:55.148 | SUCCESS  | storage:save_day:81 - 1405-03-02.json Saved
2026-07-27 15:43:55.151 | INFO     | state_manager:save:61 - State Saved
2026-07-27 15:43:55.153 | INFO     | monitor:scan:197 - Checking 756475
2026-07-27 15:43:55.153 | INFO     | api:get_file:84 - Loading File 126d4529-7b67-53af-a519-f82c0fbd2a46
2026-07-27 15:43:55.548 | SUCCESS  | monitor:scan:235 - Changed : 756475
2026-07-27 15:43:55.568 | INFO     | storage:add_property:113 - Added Property 756475
2026-07-27 15:43:55.569 | SUCCESS  | storage:save_day:81 - 1405-03-02.json Saved
2026-07-27 15:43:55.572 | INFO     | state_manager:save:61 - State Saved
2026-07-27 15:43:55.572 | INFO     | monitor:scan:197 - Checking 756474
2026-07-27 15:43:55.572 | INFO     | api:get_file:84 - Loading File 126d450a-d378-4ccb-aee9-95c05c95fa43
2026-07-27 15:43:55.975 | SUCCESS  | monitor:scan:235 - Changed : 756474
2026-07-27 15:43:55.990 | INFO     | storage:add_property:113 - Added Property 756474
2026-07-27 15:43:55.993 | SUCCESS  | storage:save_day:81 - 1405-03-02.json Saved
2026-07-27 15:43:55.999 | INFO     | state_manager:save:61 - State Saved
2026-07-27 15:43:55.999 | INFO     | monitor:scan:197 - Checking 756468
2026-07-27 15:43:55.999 | INFO     | api:get_file:84 - Loading File 126d4547-e236-1d90-910b-4c669f9c374c
2026-07-27 15:43:56.215 | SUCCESS  | monitor:scan:235 - Changed : 756468
2026-07-27 15:43:56.222 | INFO     | storage:add_property:113 - Added Property 756468
2026-07-27 15:43:56.224 | SUCCESS  | storage:save_day:81 - 1405-03-02.json Saved
2026-07-27 15:43:56.227 | INFO     | state_manager:save:61 - State Saved
2026-07-27 15:43:56.227 | INFO     | monitor:scan:197 - Checking 756467
2026-07-27 15:43:56.228 | INFO     | api:get_file:84 - Loading File 126d4529-9c57-5cb5-f194-67ad7c352346
2026-07-27 15:43:56.444 | SUCCESS  | monitor:scan:235 - Changed : 756467
2026-07-27 15:43:56.451 | INFO     | storage:add_property:113 - Added Property 756467
2026-07-27 15:43:56.453 | SUCCESS  | storage:save_day:81 - 1405-03-02.json Saved
2026-07-27 15:43:56.456 | INFO     | state_manager:save:61 - State Saved
2026-07-27 15:43:56.456 | INFO     | monitor:scan:197 - Checking 756457
2026-07-27 15:43:56.456 | INFO     | api:get_file:84 - Loading File 1b0a45f6-0c61-5c43-b020-1f4888d70244
2026-07-27 15:43:56.673 | SUCCESS  | monitor:scan:235 - Changed : 756457
2026-07-27 15:43:56.702 | INFO     | storage:add_property:113 - Added Property 756457
2026-07-27 15:43:56.706 | SUCCESS  | storage:save_day:81 - 1405-03-02.json Saved
2026-07-27 15:43:56.721 | INFO     | state_manager:save:61 - State Saved
2026-07-27 15:43:56.722 | INFO     | monitor:scan:197 - Checking 756442
2026-07-27 15:43:56.723 | INFO     | api:get_file:84 - Loading File 1b0a45f6-0f39-25cb-828c-355470640745
2026-07-27 15:43:56.937 | SUCCESS  | monitor:scan:235 - Changed : 756442
2026-07-27 15:43:56.944 | INFO     | storage:add_property:113 - Added Property 756442
2026-07-27 15:43:56.945 | SUCCESS  | storage:save_day:81 - 1405-03-02.json Saved
2026-07-27 15:43:56.948 | INFO     | state_manager:save:61 - State Saved
2026-07-27 15:43:56.949 | INFO     | monitor:scan:197 - Checking 756418
2026-07-27 15:43:56.949 | INFO     | api:get_file:84 - Loading File 126d4548-32c6-15cb-4482-5446a3fb3f48
2026-07-27 15:43:57.165 | SUCCESS  | monitor:scan:235 - Changed : 756418
2026-07-27 15:43:57.180 | INFO     | storage:add_property:113 - Added Property 756418
2026-07-27 15:43:57.182 | SUCCESS  | storage:save_day:81 - 1405-03-02.json Saved
2026-07-27 15:43:57.184 | INFO     | state_manager:save:61 - State Saved
2026-07-27 15:43:57.185 | INFO     | monitor:scan:197 - Checking 756415
2026-07-27 15:43:57.185 | INFO     | api:get_file:84 - Loading File 1b0a45ff-fe90-a1cc-f377-f974023e424d
2026-07-27 15:43:57.404 | SUCCESS  | monitor:scan:235 - Changed : 756415
2026-07-27 15:43:57.413 | INFO     | storage:add_property:113 - Added Property 756415
2026-07-27 15:43:57.415 | SUCCESS  | storage:save_day:81 - 1405-03-02.json Saved
2026-07-27 15:43:57.420 | INFO     | state_manager:save:61 - State Saved
2026-07-27 15:43:57.420 | INFO     | monitor:scan:197 - Checking 756401
2026-07-27 15:43:57.420 | INFO     | api:get_file:84 - Loading File 1b0a45f6-1812-54db-2ec0-0c189d8b474c
2026-07-27 15:43:57.808 | SUCCESS  | monitor:scan:235 - Changed : 756401
2026-07-27 15:43:57.817 | INFO     | storage:add_property:113 - Added Property 756401
2026-07-27 15:43:57.822 | SUCCESS  | storage:save_day:81 - 1405-03-02.json Saved
2026-07-27 15:43:57.825 | INFO     | state_manager:save:61 - State Saved
2026-07-27 15:43:57.826 | INFO     | monitor:scan:197 - Checking 756398
2026-07-27 15:43:57.826 | INFO     | api:get_file:84 - Loading File 126d4529-86e3-2282-ec9c-70b3e3bd7e44
2026-07-27 15:43:58.047 | SUCCESS  | monitor:scan:235 - Changed : 756398
2026-07-27 15:43:58.072 | INFO     | storage:add_property:113 - Added Property 756398
2026-07-27 15:43:58.075 | SUCCESS  | storage:save_day:81 - 1405-03-02.json Saved
2026-07-27 15:43:58.079 | INFO     | state_manager:save:61 - State Saved
2026-07-27 15:43:58.080 | INFO     | monitor:scan:197 - Checking 756395
2026-07-27 15:43:58.080 | INFO     | api:get_file:84 - Loading File 1b0a45f6-0683-a056-7393-0fc42bb0e54a
2026-07-27 15:43:58.473 | SUCCESS  | monitor:scan:235 - Changed : 756395
2026-07-27 15:43:58.482 | INFO     | storage:add_property:113 - Added Property 756395
2026-07-27 15:43:58.485 | SUCCESS  | storage:save_day:81 - 1405-03-02.json Saved
2026-07-27 15:43:58.489 | INFO     | state_manager:save:61 - State Saved
2026-07-27 15:43:58.489 | INFO     | monitor:scan:197 - Checking 742679
2026-07-27 15:43:58.489 | INFO     | api:get_file:84 - Loading File 126d3849-53fb-1e46-331e-eeb7f183ce4a
2026-07-27 15:43:58.941 | SUCCESS  | monitor:scan:235 - Changed : 742679
2026-07-27 15:43:58.958 | INFO     | storage:add_property:113 - Added Property 742679
2026-07-27 15:43:58.977 | SUCCESS  | storage:save_day:81 - 1405-03-02.json Saved
2026-07-27 15:43:58.988 | INFO     | state_manager:save:61 - State Saved
2026-07-27 15:43:58.988 | INFO     | monitor:scan:197 - Checking 699231
2026-07-27 15:43:58.988 | INFO     | api:get_file:84 - Loading File 126b02b2-cb51-7ec0-22e0-b4c2142bcb40
2026-07-27 15:43:59.377 | SUCCESS  | monitor:scan:235 - Changed : 699231
2026-07-27 15:43:59.395 | INFO     | storage:add_property:113 - Added Property 699231
2026-07-27 15:43:59.397 | SUCCESS  | storage:save_day:81 - 1405-03-02.json Saved
2026-07-27 15:43:59.403 | INFO     | state_manager:save:61 - State Saved
2026-07-27 15:43:59.403 | INFO     | monitor:scan:197 - Checking 685410
2026-07-27 15:43:59.404 | INFO     | api:get_file:84 - Loading File 1b0a45f6-0487-0597-98b6-a128af125c46
2026-07-27 15:43:59.625 | SUCCESS  | monitor:scan:235 - Changed : 685410
2026-07-27 15:43:59.654 | INFO     | storage:add_property:113 - Added Property 685410
2026-07-27 15:43:59.657 | SUCCESS  | storage:save_day:81 - 1405-03-02.json Saved
2026-07-27 15:43:59.660 | INFO     | state_manager:save:61 - State Saved
2026-07-27 15:43:59.660 | INFO     | monitor:scan:197 - Checking 756289
2026-07-27 15:43:59.660 | INFO     | api:get_file:84 - Loading File 126d450c-1105-74fc-42c1-d8c5a0f3f249
2026-07-27 15:44:00.047 | SUCCESS  | monitor:scan:235 - Changed : 756289
2026-07-27 15:44:00.049 | INFO     | storage:add_property:113 - Added Property 756289
2026-07-27 15:44:00.054 | SUCCESS  | storage:save_day:81 - 1405-02-30.json Saved
2026-07-27 15:44:00.064 | INFO     | state_manager:save:61 - State Saved
2026-07-27 15:44:00.064 | INFO     | monitor:scan:197 - Checking 756285
2026-07-27 15:44:00.064 | INFO     | api:get_file:84 - Loading File 126d451a-0bf1-95d1-3554-769600014444
2026-07-27 15:44:00.463 | SUCCESS  | monitor:scan:235 - Changed : 756285
2026-07-27 15:44:00.472 | INFO     | storage:add_property:113 - Added Property 756285
2026-07-27 15:44:00.474 | SUCCESS  | storage:save_day:81 - 1405-02-30.json Saved
2026-07-27 15:44:00.477 | INFO     | state_manager:save:61 - State Saved
2026-07-27 15:44:00.477 | INFO     | monitor:scan:197 - Checking 756284
2026-07-27 15:44:00.478 | INFO     | api:get_file:84 - Loading File 126d450a-d38b-2289-ae34-6351b6f64f40
2026-07-27 15:44:00.871 | SUCCESS  | monitor:scan:235 - Changed : 756284
2026-07-27 15:44:00.893 | INFO     | storage:add_property:113 - Added Property 756284
2026-07-27 15:44:00.895 | SUCCESS  | storage:save_day:81 - 1405-02-30.json Saved
2026-07-27 15:44:00.906 | INFO     | state_manager:save:61 - State Saved
2026-07-27 15:44:00.906 | INFO     | monitor:scan:197 - Checking 756281
2026-07-27 15:44:00.907 | INFO     | api:get_file:84 - Loading File 126d451a-388a-8dce-7310-5c1033df4243
2026-07-27 15:44:01.130 | SUCCESS  | monitor:scan:235 - Changed : 756281
2026-07-27 15:44:01.152 | INFO     | storage:add_property:113 - Added Property 756281
2026-07-27 15:44:01.154 | SUCCESS  | storage:save_day:81 - 1405-02-30.json Saved
2026-07-27 15:44:01.157 | INFO     | state_manager:save:61 - State Saved
2026-07-27 15:44:01.157 | INFO     | monitor:scan:197 - Checking 756278
2026-07-27 15:44:01.158 | INFO     | api:get_file:84 - Loading File 126d451a-3b32-b8a2-debc-64db063aa4a3
2026-07-27 15:44:01.378 | SUCCESS  | monitor:scan:235 - Changed : 756278
2026-07-27 15:44:01.386 | INFO     | storage:add_property:113 - Added Property 756278
2026-07-27 15:44:01.388 | SUCCESS  | storage:save_day:81 - 1405-02-30.json Saved
2026-07-27 15:44:01.392 | INFO     | state_manager:save:61 - State Saved
2026-07-27 15:44:01.392 | INFO     | monitor:scan:197 - Checking 756266
2026-07-27 15:44:01.392 | INFO     | api:get_file:84 - Loading File 126d450c-0807-7d74-38d5-a0257667314d
2026-07-27 15:44:01.610 | SUCCESS  | monitor:scan:235 - Changed : 756266
2026-07-27 15:44:01.622 | INFO     | storage:add_property:113 - Added Property 756266
2026-07-27 15:44:01.623 | SUCCESS  | storage:save_day:81 - 1405-02-30.json Saved
2026-07-27 15:44:01.629 | INFO     | state_manager:save:61 - State Saved
2026-07-27 15:44:01.629 | INFO     | monitor:scan:197 - Checking 756265
2026-07-27 15:44:01.629 | INFO     | api:get_file:84 - Loading File 1b0a45f6-0135-f53a-d1d6-24e5dfce1340
2026-07-27 15:44:01.847 | SUCCESS  | monitor:scan:235 - Changed : 756265
2026-07-27 15:44:01.861 | INFO     | storage:add_property:113 - Added Property 756265
2026-07-27 15:44:01.864 | SUCCESS  | storage:save_day:81 - 1405-02-30.json Saved
2026-07-27 15:44:01.871 | INFO     | state_manager:save:61 - State Saved
2026-07-27 15:44:01.871 | INFO     | monitor:scan:197 - Checking 756261
2026-07-27 15:44:01.871 | INFO     | api:get_file:84 - Loading File 126d451a-343a-6d86-1cae-289b95868b4f
2026-07-27 15:44:02.091 | SUCCESS  | monitor:scan:235 - Changed : 756261
2026-07-27 15:44:02.101 | INFO     | storage:add_property:113 - Added Property 756261
2026-07-27 15:44:02.106 | SUCCESS  | storage:save_day:81 - 1405-02-30.json Saved
2026-07-27 15:44:02.109 | INFO     | state_manager:save:61 - State Saved
2026-07-27 15:44:02.109 | INFO     | monitor:scan:197 - Checking 756251
2026-07-27 15:44:02.109 | INFO     | api:get_file:84 - Loading File 126d451a-37a2-7703-24bb-0560c68a2b44
2026-07-27 15:44:02.357 | SUCCESS  | monitor:scan:235 - Changed : 756251
2026-07-27 15:44:02.367 | INFO     | storage:add_property:113 - Added Property 756251
2026-07-27 15:44:02.369 | SUCCESS  | storage:save_day:81 - 1405-02-30.json Saved
2026-07-27 15:44:02.371 | INFO     | state_manager:save:61 - State Saved
2026-07-27 15:44:02.372 | INFO     | monitor:scan:197 - Checking 756246
2026-07-27 15:44:02.372 | INFO     | api:get_file:84 - Loading File 126d450b-1903-789b-6818-6b18536fa54c
2026-07-27 15:44:02.593 | SUCCESS  | monitor:scan:235 - Changed : 756246
2026-07-27 15:44:02.601 | INFO     | storage:add_property:113 - Added Property 756246
2026-07-27 15:44:02.602 | SUCCESS  | storage:save_day:81 - 1405-02-30.json Saved
2026-07-27 15:44:02.605 | INFO     | state_manager:save:61 - State Saved
2026-07-27 15:44:02.605 | INFO     | monitor:scan:197 - Checking 731787
2026-07-27 15:44:02.605 | INFO     | api:get_file:84 - Loading File 1b0a45f6-0350-754e-e6e1-a700ee997b40
2026-07-27 15:44:02.828 | SUCCESS  | monitor:scan:235 - Changed : 731787
2026-07-27 15:44:02.836 | INFO     | storage:add_property:113 - Added Property 731787
2026-07-27 15:44:02.838 | SUCCESS  | storage:save_day:81 - 1405-02-30.json Saved
2026-07-27 15:44:02.840 | INFO     | state_manager:save:61 - State Saved
2026-07-27 15:44:02.840 | INFO     | monitor:scan:197 - Checking 717995
2026-07-27 15:44:02.840 | INFO     | api:get_file:84 - Loading File 1b0a45f6-0ed6-3180-27e6-5ddd29c10644
2026-07-27 15:44:03.063 | SUCCESS  | monitor:scan:235 - Changed : 717995
2026-07-27 15:44:03.071 | INFO     | storage:add_property:113 - Added Property 717995
2026-07-27 15:44:03.072 | SUCCESS  | storage:save_day:81 - 1405-02-30.json Saved
2026-07-27 15:44:03.075 | INFO     | state_manager:save:61 - State Saved
2026-07-27 15:44:03.075 | INFO     | monitor:scan:197 - Checking 717615
2026-07-27 15:44:03.075 | INFO     | api:get_file:84 - Loading File 126b1a10-85b0-4ced-8f17-edbee86e014c
2026-07-27 15:44:03.297 | SUCCESS  | monitor:scan:235 - Changed : 717615
2026-07-27 15:44:03.306 | INFO     | storage:add_property:113 - Added Property 717615
2026-07-27 15:44:03.308 | SUCCESS  | storage:save_day:81 - 1405-02-30.json Saved
2026-07-27 15:44:03.310 | INFO     | state_manager:save:61 - State Saved
2026-07-27 15:44:03.311 | INFO     | monitor:scan:197 - Checking 716942
2026-07-27 15:44:03.311 | INFO     | api:get_file:84 - Loading File 126b155a-edf0-fb4d-17f8-7dd222e6143a
2026-07-27 15:44:03.533 | SUCCESS  | monitor:scan:235 - Changed : 716942
2026-07-27 15:44:03.543 | INFO     | storage:add_property:113 - Added Property 716942
2026-07-27 15:44:03.544 | SUCCESS  | storage:save_day:81 - 1405-02-30.json Saved
2026-07-27 15:44:03.547 | INFO     | state_manager:save:61 - State Saved
2026-07-27 15:44:03.547 | INFO     | monitor:scan:197 - Checking 711820
2026-07-27 15:44:03.547 | INFO     | api:get_file:84 - Loading File 126b08aa-0545-9521-f5dd-40afe3b75640
2026-07-27 15:44:03.773 | SUCCESS  | monitor:scan:235 - Changed : 711820
2026-07-27 15:44:03.786 | INFO     | storage:add_property:113 - Added Property 711820
2026-07-27 15:44:03.788 | SUCCESS  | storage:save_day:81 - 1405-02-30.json Saved
2026-07-27 15:44:03.791 | INFO     | state_manager:save:61 - State Saved
2026-07-27 15:44:03.791 | INFO     | monitor:scan:197 - Checking 699636
2026-07-27 15:44:03.791 | INFO     | api:get_file:84 - Loading File 1b0a45f6-05d8-5d4e-b6a3-480f47914f4d
2026-07-27 15:44:04.011 | SUCCESS  | monitor:scan:235 - Changed : 699636
2026-07-27 15:44:04.021 | INFO     | storage:add_property:113 - Added Property 699636
2026-07-27 15:44:04.024 | SUCCESS  | storage:save_day:81 - 1405-02-30.json Saved
2026-07-27 15:44:04.027 | INFO     | state_manager:save:61 - State Saved
2026-07-27 15:44:04.027 | INFO     | monitor:scan:197 - Checking 696498
2026-07-27 15:44:04.027 | INFO     | api:get_file:84 - Loading File 126afd09-5788-24fb-e74a-db4422e9c943
2026-07-27 15:44:04.250 | SUCCESS  | monitor:scan:235 - Changed : 696498
2026-07-27 15:44:04.263 | INFO     | storage:add_property:113 - Added Property 696498
2026-07-27 15:44:04.265 | SUCCESS  | storage:save_day:81 - 1405-02-30.json Saved
2026-07-27 15:44:04.267 | INFO     | state_manager:save:61 - State Saved
2026-07-27 15:44:04.267 | INFO     | monitor:scan:197 - Checking 688687
2026-07-27 15:44:04.267 | INFO     | api:get_file:84 - Loading File 1b0a45f6-1212-a2bb-2556-20d2be1cc345
2026-07-27 15:44:04.495 | SUCCESS  | monitor:scan:235 - Changed : 688687
2026-07-27 15:44:04.508 | INFO     | storage:add_property:113 - Added Property 688687
2026-07-27 15:44:04.510 | SUCCESS  | storage:save_day:81 - 1405-02-30.json Saved
2026-07-27 15:44:04.513 | INFO     | state_manager:save:61 - State Saved
2026-07-27 15:44:04.513 | INFO     | monitor:scan:197 - Checking 688216
2026-07-27 15:44:04.513 | INFO     | api:get_file:84 - Loading File 1b0a45f6-1248-3d52-81a7-a86995af4442
2026-07-27 15:44:04.907 | SUCCESS  | monitor:scan:235 - Changed : 688216
2026-07-27 15:44:04.926 | INFO     | storage:add_property:113 - Added Property 688216
2026-07-27 15:44:04.928 | SUCCESS  | storage:save_day:81 - 1405-02-30.json Saved
2026-07-27 15:44:04.931 | INFO     | state_manager:save:61 - State Saved
2026-07-27 15:44:04.931 | INFO     | monitor:scan:197 - Checking 688169
2026-07-27 15:44:04.931 | INFO     | api:get_file:84 - Loading File 126aeb09-2ef9-26ed-ecba-0504ecfade42
2026-07-27 15:44:05.150 | SUCCESS  | monitor:scan:235 - Changed : 688169
2026-07-27 15:44:05.159 | INFO     | storage:add_property:113 - Added Property 688169
2026-07-27 15:44:05.161 | SUCCESS  | storage:save_day:81 - 1405-02-30.json Saved
2026-07-27 15:44:05.164 | INFO     | state_manager:save:61 - State Saved
2026-07-27 15:44:05.164 | INFO     | monitor:scan:197 - Checking 684441
2026-07-27 15:44:05.164 | INFO     | api:get_file:84 - Loading File 126adeb3-adc4-8935-569b-acc95da1eb4c
2026-07-27 15:44:05.383 | SUCCESS  | monitor:scan:235 - Changed : 684441
2026-07-27 15:44:05.394 | INFO     | storage:add_property:113 - Added Property 684441
2026-07-27 15:44:05.396 | SUCCESS  | storage:save_day:81 - 1405-02-30.json Saved
2026-07-27 15:44:05.398 | INFO     | state_manager:save:61 - State Saved
2026-07-27 15:44:05.398 | INFO     | monitor:scan:197 - Checking 756191
2026-07-27 15:44:05.399 | INFO     | api:get_file:84 - Loading File 126d450b-24ab-4708-b175-7fc70f73e245
2026-07-27 15:44:05.801 | SUCCESS  | monitor:scan:235 - Changed : 756191
2026-07-27 15:44:05.801 | INFO     | storage:add_property:113 - Added Property 756191
2026-07-27 15:44:05.802 | SUCCESS  | storage:save_day:81 - 1405-02-29.json Saved
2026-07-27 15:44:05.805 | INFO     | state_manager:save:61 - State Saved
2026-07-27 15:44:05.805 | INFO     | monitor:scan:197 - Checking 756189
2026-07-27 15:44:05.805 | INFO     | api:get_file:84 - Loading File 126d44fb-9914-8a5d-e672-b81fa5a68544
2026-07-27 15:44:06.042 | SUCCESS  | monitor:scan:235 - Changed : 756189
2026-07-27 15:44:06.049 | INFO     | storage:add_property:113 - Added Property 756189
2026-07-27 15:44:06.050 | SUCCESS  | storage:save_day:81 - 1405-02-29.json Saved
2026-07-27 15:44:06.052 | INFO     | state_manager:save:61 - State Saved
2026-07-27 15:44:06.053 | INFO     | monitor:scan:197 - Checking 756176
2026-07-27 15:44:06.053 | INFO     | api:get_file:84 - Loading File 126d44ed-85ee-4a04-9b4a-87667e24c04a
2026-07-27 15:44:06.502 | SUCCESS  | monitor:scan:235 - Changed : 756176
2026-07-27 15:44:06.516 | INFO     | storage:add_property:113 - Added Property 756176
2026-07-27 15:44:06.517 | SUCCESS  | storage:save_day:81 - 1405-02-29.json Saved
2026-07-27 15:44:06.519 | INFO     | state_manager:save:61 - State Saved
2026-07-27 15:44:06.519 | INFO     | monitor:scan:197 - Checking 756175
2026-07-27 15:44:06.519 | INFO     | api:get_file:84 - Loading File 126d4482-966c-86f6-8bd2-375e6991ad4f
2026-07-27 15:44:06.909 | SUCCESS  | monitor:scan:235 - Changed : 756175
2026-07-27 15:44:06.921 | INFO     | storage:add_property:113 - Added Property 756175
2026-07-27 15:44:06.922 | SUCCESS  | storage:save_day:81 - 1405-02-29.json Saved
2026-07-27 15:44:06.924 | INFO     | state_manager:save:61 - State Saved
2026-07-27 15:44:06.925 | INFO     | monitor:scan:197 - Checking 756164
2026-07-27 15:44:06.925 | INFO     | api:get_file:84 - Loading File 126d450b-1cd3-36ea-e9d5-07917b16654c
2026-07-27 15:44:07.323 | SUCCESS  | monitor:scan:235 - Changed : 756164
2026-07-27 15:44:07.340 | INFO     | storage:add_property:113 - Added Property 756164
2026-07-27 15:44:07.342 | SUCCESS  | storage:save_day:81 - 1405-02-29.json Saved
2026-07-27 15:44:07.346 | INFO     | state_manager:save:61 - State Saved
2026-07-27 15:44:07.346 | INFO     | monitor:scan:197 - Checking 756161
2026-07-27 15:44:07.346 | INFO     | api:get_file:84 - Loading File 126d44fb-b287-1469-f45a-8ada7c02994a
2026-07-27 15:44:07.744 | SUCCESS  | monitor:scan:235 - Changed : 756161
2026-07-27 15:44:07.762 | INFO     | storage:add_property:113 - Added Property 756161
2026-07-27 15:44:07.763 | SUCCESS  | storage:save_day:81 - 1405-02-29.json Saved
2026-07-27 15:44:07.768 | INFO     | state_manager:save:61 - State Saved
2026-07-27 15:44:07.768 | INFO     | monitor:scan:197 - Checking 756152
2026-07-27 15:44:07.768 | INFO     | api:get_file:84 - Loading File 126d450a-d6f0-9189-509c-551f37d04541
2026-07-27 15:44:08.381 | SUCCESS  | monitor:scan:235 - Changed : 756152
2026-07-27 15:44:08.390 | INFO     | storage:add_property:113 - Added Property 756152
2026-07-27 15:44:08.392 | SUCCESS  | storage:save_day:81 - 1405-02-29.json Saved
2026-07-27 15:44:08.398 | INFO     | state_manager:save:61 - State Saved
2026-07-27 15:44:08.398 | INFO     | monitor:scan:197 - Checking 756143
2026-07-27 15:44:08.398 | INFO     | api:get_file:84 - Loading File 126d450b-188c-7c9d-9364-e95e96509e44
2026-07-27 15:44:08.795 | SUCCESS  | monitor:scan:235 - Changed : 756143
2026-07-27 15:44:08.802 | INFO     | storage:add_property:113 - Added Property 756143
2026-07-27 15:44:08.804 | SUCCESS  | storage:save_day:81 - 1405-02-29.json Saved
2026-07-27 15:44:08.807 | INFO     | state_manager:save:61 - State Saved
2026-07-27 15:44:08.807 | INFO     | monitor:scan:197 - Checking 731905
2026-07-27 15:44:08.807 | INFO     | api:get_file:84 - Loading File 126d32ec-0b6c-923e-9554-8bd9128a4041
2026-07-27 15:44:09.208 | SUCCESS  | monitor:scan:235 - Changed : 731905
2026-07-27 15:44:09.216 | INFO     | storage:add_property:113 - Added Property 731905
2026-07-27 15:44:09.218 | SUCCESS  | storage:save_day:81 - 1405-02-29.json Saved
2026-07-27 15:44:09.220 | INFO     | state_manager:save:61 - State Saved
2026-07-27 15:44:09.220 | INFO     | monitor:scan:197 - Checking 718506
2026-07-27 15:44:09.220 | INFO     | api:get_file:84 - Loading File 1b0a45f6-04e3-44d8-691b-55c14f047149
2026-07-27 15:44:09.438 | SUCCESS  | monitor:scan:235 - Changed : 718506
2026-07-27 15:44:09.444 | INFO     | storage:add_property:113 - Added Property 718506
2026-07-27 15:44:09.449 | SUCCESS  | storage:save_day:81 - 1405-02-29.json Saved
2026-07-27 15:44:09.471 | INFO     | state_manager:save:61 - State Saved
2026-07-27 15:44:09.472 | INFO     | monitor:scan:197 - Checking 718238
2026-07-27 15:44:09.472 | INFO     | api:get_file:84 - Loading File 126b1a99-8883-19ba-c5b1-512916a77e41
2026-07-27 15:44:09.873 | SUCCESS  | monitor:scan:235 - Changed : 718238
2026-07-27 15:44:09.900 | INFO     | storage:add_property:113 - Added Property 718238
2026-07-27 15:44:09.903 | SUCCESS  | storage:save_day:81 - 1405-02-29.json Saved
2026-07-27 15:44:09.908 | INFO     | state_manager:save:61 - State Saved
2026-07-27 15:44:09.908 | INFO     | monitor:scan:197 - Checking 715572
2026-07-27 15:44:09.908 | INFO     | api:get_file:84 - Loading File 126b13fb-d898-291d-c4ec-7d8cc248534f
2026-07-27 15:44:10.312 | SUCCESS  | monitor:scan:235 - Changed : 715572
2026-07-27 15:44:10.320 | INFO     | storage:add_property:113 - Added Property 715572
2026-07-27 15:44:10.323 | SUCCESS  | storage:save_day:81 - 1405-02-29.json Saved
2026-07-27 15:44:10.326 | INFO     | state_manager:save:61 - State Saved
2026-07-27 15:44:10.327 | INFO     | monitor:scan:197 - Checking 711201
2026-07-27 15:44:10.327 | INFO     | api:get_file:84 - Loading File 126b083d-e6ca-9759-3b39-06e003f1c94a
2026-07-27 15:44:10.552 | WARNING  | auth.login:get:411 - Access Token Expired
2026-07-27 15:44:10.553 | INFO     | auth.login:login:262 - Logging in...
2026-07-27 15:44:11.021 | SUCCESS  | auth.login:save_token:242 - Token Saved
2026-07-27 15:44:11.022 | SUCCESS  | auth.login:login:340 - Login Successful
2026-07-27 15:44:11.248 | SUCCESS  | monitor:scan:235 - Changed : 711201
2026-07-27 15:44:11.256 | INFO     | storage:add_property:113 - Added Property 711201
2026-07-27 15:44:11.259 | SUCCESS  | storage:save_day:81 - 1405-02-29.json Saved
2026-07-27 15:44:11.266 | INFO     | state_manager:save:61 - State Saved
2026-07-27 15:44:11.266 | INFO     | monitor:scan:197 - Checking 711168
2026-07-27 15:44:11.266 | INFO     | api:get_file:84 - Loading File 126b083e-002b-6f8f-91b5-7bc5c0379d4d
2026-07-27 15:44:11.512 | SUCCESS  | monitor:scan:235 - Changed : 711168
2026-07-27 15:44:11.551 | INFO     | storage:add_property:113 - Added Property 711168
2026-07-27 15:44:11.556 | SUCCESS  | storage:save_day:81 - 1405-02-29.json Saved
2026-07-27 15:44:11.562 | INFO     | state_manager:save:61 - State Saved
2026-07-27 15:44:11.562 | INFO     | monitor:scan:197 - Checking 693561
2026-07-27 15:44:11.562 | INFO     | api:get_file:84 - Loading File 126af65c-3a48-149a-aa79-a85f48f9084e
2026-07-27 15:44:11.786 | SUCCESS  | monitor:scan:235 - Changed : 693561
2026-07-27 15:44:11.799 | INFO     | storage:add_property:113 - Added Property 693561
2026-07-27 15:44:11.801 | SUCCESS  | storage:save_day:81 - 1405-02-29.json Saved
2026-07-27 15:44:11.806 | INFO     | state_manager:save:61 - State Saved
2026-07-27 15:44:11.807 | INFO     | monitor:scan:197 - Checking 690789
2026-07-27 15:44:11.807 | INFO     | api:get_file:84 - Loading File 126af0a3-cf0a-3ca6-88d1-d1d10031d046
2026-07-27 15:44:12.029 | SUCCESS  | monitor:scan:235 - Changed : 690789
2026-07-27 15:44:12.048 | INFO     | storage:add_property:113 - Added Property 690789
2026-07-27 15:44:12.050 | SUCCESS  | storage:save_day:81 - 1405-02-29.json Saved
2026-07-27 15:44:12.055 | INFO     | state_manager:save:61 - State Saved
2026-07-27 15:44:12.055 | INFO     | monitor:scan:197 - Checking 690456
2026-07-27 15:44:12.055 | INFO     | api:get_file:84 - Loading File 1b0a45ff-0af3-0ab9-2063-32ea6e67ed4a
2026-07-27 15:44:12.276 | SUCCESS  | monitor:scan:235 - Changed : 690456
2026-07-27 15:44:12.285 | INFO     | storage:add_property:113 - Added Property 690456
2026-07-27 15:44:12.288 | SUCCESS  | storage:save_day:81 - 1405-02-29.json Saved
2026-07-27 15:44:12.291 | INFO     | state_manager:save:61 - State Saved
2026-07-27 15:44:12.291 | INFO     | monitor:scan:197 - Checking 688233
2026-07-27 15:44:12.291 | INFO     | api:get_file:84 - Loading File 126aeb09-2d65-8a37-ae05-3b143caa84c6
2026-07-27 15:44:12.513 | SUCCESS  | monitor:scan:235 - Changed : 688233
2026-07-27 15:44:12.542 | INFO     | storage:add_property:113 - Added Property 688233
2026-07-27 15:44:12.546 | SUCCESS  | storage:save_day:81 - 1405-02-29.json Saved
2026-07-27 15:44:12.550 | INFO     | state_manager:save:61 - State Saved
2026-07-27 15:44:12.551 | INFO     | monitor:scan:197 - Checking 688059
2026-07-27 15:44:12.551 | INFO     | api:get_file:84 - Loading File 1b0a45f6-1882-f55c-5e38-b4fce7d5874f
2026-07-27 15:44:12.943 | SUCCESS  | monitor:scan:235 - Changed : 688059
2026-07-27 15:44:12.950 | INFO     | storage:add_property:113 - Added Property 688059
2026-07-27 15:44:12.953 | SUCCESS  | storage:save_day:81 - 1405-02-29.json Saved
2026-07-27 15:44:12.955 | INFO     | state_manager:save:61 - State Saved
2026-07-27 15:44:12.955 | INFO     | monitor:scan:197 - Checking 684413
2026-07-27 15:44:12.955 | INFO     | api:get_file:84 - Loading File 126adec1-dee1-592a-4329-19a21f46a84f
2026-07-27 15:44:13.176 | SUCCESS  | monitor:scan:235 - Changed : 684413
2026-07-27 15:44:13.183 | INFO     | storage:add_property:113 - Added Property 684413
2026-07-27 15:44:13.186 | SUCCESS  | storage:save_day:81 - 1405-02-29.json Saved
2026-07-27 15:44:13.188 | INFO     | state_manager:save:61 - State Saved
2026-07-27 15:44:13.189 | INFO     | monitor:scan:197 - Checking 683330
2026-07-27 15:44:13.189 | INFO     | api:get_file:84 - Loading File 1b0a45f6-18ce-f24f-7349-a9de5ea35742
2026-07-27 15:44:13.407 | SUCCESS  | monitor:scan:235 - Changed : 683330
2026-07-27 15:44:13.425 | INFO     | storage:add_property:113 - Added Property 683330
2026-07-27 15:44:13.429 | SUCCESS  | storage:save_day:81 - 1405-02-29.json Saved
2026-07-27 15:44:13.432 | INFO     | state_manager:save:61 - State Saved
2026-07-27 15:44:13.432 | INFO     | monitor:scan:197 - Checking 756116
2026-07-27 15:44:13.432 | INFO     | api:get_file:84 - Loading File 126d44fb-9a41-7a6d-41d1-034b4f69bb4e
2026-07-27 15:44:13.653 | SUCCESS  | monitor:scan:235 - Changed : 756116
2026-07-27 15:44:13.655 | INFO     | storage:add_property:113 - Added Property 756116
2026-07-27 15:44:13.660 | SUCCESS  | storage:save_day:81 - 1405-02-28.json Saved
2026-07-27 15:44:13.668 | INFO     | state_manager:save:61 - State Saved
2026-07-27 15:44:13.668 | INFO     | monitor:scan:197 - Checking 756113
2026-07-27 15:44:13.668 | INFO     | api:get_file:84 - Loading File 126d44ed-8d03-43b3-7b25-a54a06888d46
2026-07-27 15:44:14.133 | SUCCESS  | monitor:scan:235 - Changed : 756113
2026-07-27 15:44:14.142 | INFO     | storage:add_property:113 - Added Property 756113
2026-07-27 15:44:14.144 | SUCCESS  | storage:save_day:81 - 1405-02-28.json Saved
2026-07-27 15:44:14.147 | INFO     | state_manager:save:61 - State Saved
2026-07-27 15:44:14.148 | INFO     | monitor:scan:197 - Checking 756109
2026-07-27 15:44:14.148 | INFO     | api:get_file:84 - Loading File 126d44fb-75e0-4052-07b8-673e32ca974e
2026-07-27 15:44:14.540 | SUCCESS  | monitor:scan:235 - Changed : 756109
2026-07-27 15:44:14.563 | INFO     | storage:add_property:113 - Added Property 756109
2026-07-27 15:44:14.564 | SUCCESS  | storage:save_day:81 - 1405-02-28.json Saved
2026-07-27 15:44:14.566 | INFO     | state_manager:save:61 - State Saved
2026-07-27 15:44:14.567 | INFO     | monitor:scan:197 - Checking 756095
2026-07-27 15:44:14.567 | INFO     | api:get_file:84 - Loading File 126d44ed-6507-1036-305e-37cce702a34f
2026-07-27 15:44:14.791 | SUCCESS  | monitor:scan:235 - Changed : 756095
2026-07-27 15:44:14.815 | INFO     | storage:add_property:113 - Added Property 756095
2026-07-27 15:44:14.818 | SUCCESS  | storage:save_day:81 - 1405-02-28.json Saved
2026-07-27 15:44:14.823 | INFO     | state_manager:save:61 - State Saved
2026-07-27 15:44:14.824 | INFO     | monitor:scan:125 - Loading Page 17
2026-07-27 15:44:14.824 | INFO     | api:get_files:60 - Loading Page 17
2026-07-27 15:44:18.984 | INFO     | monitor:scan:197 - Checking 756088
2026-07-27 15:44:18.985 | INFO     | api:get_file:84 - Loading File 126d44fb-73e5-57c9-9287-d11bc068524f
2026-07-27 15:44:19.210 | SUCCESS  | monitor:scan:235 - Changed : 756088
2026-07-27 15:44:19.221 | INFO     | storage:add_property:113 - Added Property 756088
2026-07-27 15:44:19.223 | SUCCESS  | storage:save_day:81 - 1405-02-28.json Saved
2026-07-27 15:44:19.227 | INFO     | state_manager:save:61 - State Saved
2026-07-27 15:44:19.228 | INFO     | monitor:scan:197 - Checking 756085
2026-07-27 15:44:19.228 | INFO     | api:get_file:84 - Loading File 126d44ed-57d4-8fc4-2c37-9890791c9541
2026-07-27 15:44:19.626 | SUCCESS  | monitor:scan:235 - Changed : 756085
2026-07-27 15:44:19.633 | INFO     | storage:add_property:113 - Added Property 756085
2026-07-27 15:44:19.634 | SUCCESS  | storage:save_day:81 - 1405-02-28.json Saved
2026-07-27 15:44:19.636 | INFO     | state_manager:save:61 - State Saved
2026-07-27 15:44:19.636 | INFO     | monitor:scan:197 - Checking 756076
2026-07-27 15:44:19.636 | INFO     | api:get_file:84 - Loading File 126d44fb-9dfc-c704-ec01-cd1af5e4f4ff
2026-07-27 15:44:19.860 | SUCCESS  | monitor:scan:235 - Changed : 756076
2026-07-27 15:44:19.882 | INFO     | storage:add_property:113 - Added Property 756076
2026-07-27 15:44:19.884 | SUCCESS  | storage:save_day:81 - 1405-02-28.json Saved
2026-07-27 15:44:19.889 | INFO     | state_manager:save:61 - State Saved
2026-07-27 15:44:19.889 | INFO     | monitor:scan:197 - Checking 756064
2026-07-27 15:44:19.889 | INFO     | api:get_file:84 - Loading File 126d44fb-688b-5830-b0b0-3d6c20865740
2026-07-27 15:44:20.117 | SUCCESS  | monitor:scan:235 - Changed : 756064
2026-07-27 15:44:20.133 | INFO     | storage:add_property:113 - Added Property 756064
2026-07-27 15:44:20.135 | SUCCESS  | storage:save_day:81 - 1405-02-28.json Saved
2026-07-27 15:44:20.141 | INFO     | state_manager:save:61 - State Saved
2026-07-27 15:44:20.141 | INFO     | monitor:scan:197 - Checking 731807
2026-07-27 15:44:20.141 | INFO     | api:get_file:84 - Loading File 126d32bf-6dd4-7395-fa57-8f4aee9bb740
2026-07-27 15:44:20.378 | SUCCESS  | monitor:scan:235 - Changed : 731807
2026-07-27 15:44:20.385 | INFO     | storage:add_property:113 - Added Property 731807
2026-07-27 15:44:20.386 | SUCCESS  | storage:save_day:81 - 1405-02-28.json Saved
2026-07-27 15:44:20.389 | INFO     | state_manager:save:61 - State Saved
2026-07-27 15:44:20.389 | INFO     | monitor:scan:197 - Checking 720541
2026-07-27 15:44:20.389 | INFO     | api:get_file:84 - Loading File 126d2d62-71c4-376e-4754-1d7c74ba6248
2026-07-27 15:44:20.611 | SUCCESS  | monitor:scan:235 - Changed : 720541
2026-07-27 15:44:20.618 | INFO     | storage:add_property:113 - Added Property 720541
2026-07-27 15:44:20.619 | SUCCESS  | storage:save_day:81 - 1405-02-28.json Saved
2026-07-27 15:44:20.622 | INFO     | state_manager:save:61 - State Saved
2026-07-27 15:44:20.622 | INFO     | monitor:scan:197 - Checking 718516
2026-07-27 15:44:20.622 | INFO     | api:get_file:84 - Loading File 126b1ae6-063c-7d90-6252-ea5529ee3c41
2026-07-27 15:44:21.022 | SUCCESS  | monitor:scan:235 - Changed : 718516
2026-07-27 15:44:21.066 | INFO     | storage:add_property:113 - Added Property 718516
2026-07-27 15:44:21.074 | SUCCESS  | storage:save_day:81 - 1405-02-28.json Saved
2026-07-27 15:44:21.082 | INFO     | state_manager:save:61 - State Saved
2026-07-27 15:44:21.082 | INFO     | monitor:scan:197 - Checking 714163
2026-07-27 15:44:21.083 | INFO     | api:get_file:84 - Loading File 126b0e90-53df-2f55-c331-1a17500b684f
2026-07-27 15:44:21.309 | SUCCESS  | monitor:scan:235 - Changed : 714163
2026-07-27 15:44:21.333 | INFO     | storage:add_property:113 - Added Property 714163
2026-07-27 15:44:21.335 | SUCCESS  | storage:save_day:81 - 1405-02-28.json Saved
2026-07-27 15:44:21.349 | INFO     | state_manager:save:61 - State Saved
2026-07-27 15:44:21.349 | INFO     | monitor:scan:197 - Checking 691107
2026-07-27 15:44:21.349 | INFO     | api:get_file:84 - Loading File 126af0e0-8bd4-8f1f-7a53-72235ab6bd47
2026-07-27 15:44:21.571 | SUCCESS  | monitor:scan:235 - Changed : 691107
2026-07-27 15:44:21.580 | INFO     | storage:add_property:113 - Added Property 691107
2026-07-27 15:44:21.582 | SUCCESS  | storage:save_day:81 - 1405-02-28.json Saved
2026-07-27 15:44:21.587 | INFO     | state_manager:save:61 - State Saved
2026-07-27 15:44:21.588 | INFO     | monitor:scan:197 - Checking 690171
2026-07-27 15:44:21.588 | INFO     | api:get_file:84 - Loading File 1b0a45f6-05d3-c08c-0250-22eab883ad47
2026-07-27 15:44:21.813 | SUCCESS  | monitor:scan:235 - Changed : 690171
2026-07-27 15:44:21.819 | INFO     | storage:add_property:113 - Added Property 690171
2026-07-27 15:44:21.821 | SUCCESS  | storage:save_day:81 - 1405-02-28.json Saved
2026-07-27 15:44:21.833 | INFO     | state_manager:save:61 - State Saved
2026-07-27 15:44:21.834 | INFO     | monitor:scan:197 - Checking 688591
2026-07-27 15:44:21.835 | INFO     | api:get_file:84 - Loading File 1b0a45f6-0243-c0b3-e959-5195dea36746
2026-07-27 15:44:22.060 | SUCCESS  | monitor:scan:235 - Changed : 688591
2026-07-27 15:44:22.084 | INFO     | storage:add_property:113 - Added Property 688591
2026-07-27 15:44:22.089 | SUCCESS  | storage:save_day:81 - 1405-02-28.json Saved
2026-07-27 15:44:22.092 | INFO     | state_manager:save:61 - State Saved
2026-07-27 15:44:22.092 | INFO     | monitor:scan:197 - Checking 686506
2026-07-27 15:44:22.092 | INFO     | api:get_file:84 - Loading File 1b0a45ff-0e54-e493-1603-8d15ecc47a4c
2026-07-27 15:44:22.314 | SUCCESS  | monitor:scan:235 - Changed : 686506
2026-07-27 15:44:22.339 | INFO     | storage:add_property:113 - Added Property 686506
2026-07-27 15:44:22.342 | SUCCESS  | storage:save_day:81 - 1405-02-28.json Saved
2026-07-27 15:44:22.345 | INFO     | state_manager:save:61 - State Saved
2026-07-27 15:44:22.346 | INFO     | monitor:scan:197 - Checking 686486
2026-07-27 15:44:22.346 | INFO     | api:get_file:84 - Loading File 1b0a45f6-0e08-3cd7-15a4-e39b5f18b94b
2026-07-27 15:44:22.564 | SUCCESS  | monitor:scan:235 - Changed : 686486
2026-07-27 15:44:22.572 | INFO     | storage:add_property:113 - Added Property 686486
2026-07-27 15:44:22.574 | SUCCESS  | storage:save_day:81 - 1405-02-28.json Saved
2026-07-27 15:44:22.580 | INFO     | state_manager:save:61 - State Saved
2026-07-27 15:44:22.580 | INFO     | monitor:scan:197 - Checking 756007
2026-07-27 15:44:22.580 | INFO     | api:get_file:84 - Loading File 126d44bf-9118-814f-55f6-5a7f43b4c64c
2026-07-27 15:44:23.001 | SUCCESS  | monitor:scan:235 - Changed : 756007
2026-07-27 15:44:23.001 | INFO     | storage:add_property:113 - Added Property 756007
2026-07-27 15:44:23.002 | SUCCESS  | storage:save_day:81 - 1405-02-27.json Saved
2026-07-27 15:44:23.005 | INFO     | state_manager:save:61 - State Saved
2026-07-27 15:44:23.006 | INFO     | monitor:scan:197 - Checking 756005
2026-07-27 15:44:23.006 | INFO     | api:get_file:84 - Loading File 126d44be-8e65-6ece-87c1-ce127f09745a
2026-07-27 15:44:23.401 | SUCCESS  | monitor:scan:235 - Changed : 756005
2026-07-27 15:44:23.419 | INFO     | storage:add_property:113 - Added Property 756005
2026-07-27 15:44:23.421 | SUCCESS  | storage:save_day:81 - 1405-02-27.json Saved
2026-07-27 15:44:23.425 | INFO     | state_manager:save:61 - State Saved
2026-07-27 15:44:23.425 | INFO     | monitor:scan:197 - Checking 756000
2026-07-27 15:44:23.425 | INFO     | api:get_file:84 - Loading File 126d44dd-8000-5636-2e2a-8e55f95ccd40
2026-07-27 15:44:23.825 | SUCCESS  | monitor:scan:235 - Changed : 756000
2026-07-27 15:44:23.864 | INFO     | storage:add_property:113 - Added Property 756000
2026-07-27 15:44:23.865 | SUCCESS  | storage:save_day:81 - 1405-02-27.json Saved
2026-07-27 15:44:23.877 | INFO     | state_manager:save:61 - State Saved
2026-07-27 15:44:23.880 | INFO     | monitor:scan:197 - Checking 755995
2026-07-27 15:44:23.881 | INFO     | api:get_file:84 - Loading File 126d44de-234d-1387-1f1e-5c3d5c624349
2026-07-27 15:44:24.301 | SUCCESS  | monitor:scan:235 - Changed : 755995
2026-07-27 15:44:24.330 | INFO     | storage:add_property:113 - Added Property 755995
2026-07-27 15:44:24.332 | SUCCESS  | storage:save_day:81 - 1405-02-27.json Saved
2026-07-27 15:44:24.335 | INFO     | state_manager:save:61 - State Saved
2026-07-27 15:44:24.335 | INFO     | monitor:scan:197 - Checking 755994
2026-07-27 15:44:24.335 | INFO     | api:get_file:84 - Loading File 126d44ec-c2f5-1e80-cf3c-5173d2246c45
2026-07-27 15:44:24.737 | SUCCESS  | monitor:scan:235 - Changed : 755994
2026-07-27 15:44:24.764 | INFO     | storage:add_property:113 - Added Property 755994
2026-07-27 15:44:24.765 | SUCCESS  | storage:save_day:81 - 1405-02-27.json Saved
2026-07-27 15:44:24.767 | INFO     | state_manager:save:61 - State Saved
2026-07-27 15:44:24.768 | INFO     | monitor:scan:197 - Checking 755984
2026-07-27 15:44:24.768 | INFO     | api:get_file:84 - Loading File 126d44ec-3412-1f9d-ed01-86c9d909a34c
2026-07-27 15:44:25.187 | SUCCESS  | monitor:scan:235 - Changed : 755984
2026-07-27 15:44:25.209 | INFO     | storage:add_property:113 - Added Property 755984
2026-07-27 15:44:25.211 | SUCCESS  | storage:save_day:81 - 1405-02-27.json Saved
2026-07-27 15:44:25.215 | INFO     | state_manager:save:61 - State Saved
2026-07-27 15:44:25.215 | INFO     | monitor:scan:197 - Checking 755983
2026-07-27 15:44:25.216 | INFO     | api:get_file:84 - Loading File 126d44ec-6d8b-6d34-6836-ce5c80fc3f45
2026-07-27 15:44:25.605 | SUCCESS  | monitor:scan:235 - Changed : 755983
2026-07-27 15:44:25.627 | INFO     | storage:add_property:113 - Added Property 755983
2026-07-27 15:44:25.633 | SUCCESS  | storage:save_day:81 - 1405-02-27.json Saved
2026-07-27 15:44:25.640 | INFO     | state_manager:save:61 - State Saved
2026-07-27 15:44:25.640 | INFO     | monitor:scan:197 - Checking 755981
2026-07-27 15:44:25.641 | INFO     | api:get_file:84 - Loading File 126d44de-3b17-38f2-e73a-1591ac25a447
2026-07-27 15:44:26.060 | SUCCESS  | monitor:scan:235 - Changed : 755981
2026-07-27 15:44:26.083 | INFO     | storage:add_property:113 - Added Property 755981
2026-07-27 15:44:26.085 | SUCCESS  | storage:save_day:81 - 1405-02-27.json Saved
2026-07-27 15:44:26.090 | INFO     | state_manager:save:61 - State Saved
2026-07-27 15:44:26.090 | INFO     | monitor:scan:197 - Checking 755977
2026-07-27 15:44:26.091 | INFO     | api:get_file:84 - Loading File 126d44ec-5a34-6250-0404-14cc7302734d
