2026-07-28 05:38:57.485 | SUCCESS  | logger:setup:41 - Logger Initialized
2026-07-28 05:38:57.485 | INFO     | __main__:main:28 - Loading Config...
2026-07-28 05:38:57.726 | SUCCESS  | auth.login:__init__:99 - Login Manager Ready
2026-07-28 05:38:57.746 | SUCCESS  | monitor:start:51 - Alborz Monitor Started
2026-07-28 05:38:57.746 | INFO     | auth.login:ensure_login:354 - Checking Login...
2026-07-28 05:38:57.753 | SUCCESS  | auth.login:load_saved_token:192 - Saved Token Loaded
2026-07-28 05:38:57.753 | SUCCESS  | auth.login:ensure_login:362 - Using Saved Token
2026-07-28 05:38:57.753 | INFO     | monitor:scan:111 - Scanning Website...
2026-07-28 05:38:57.758 | INFO     | monitor:scan:125 - Loading Page 1
2026-07-28 05:38:57.759 | INFO     | api:get_files:60 - Loading Page 1
2026-07-28 05:39:06.639 | WARNING  | auth.login:get:411 - Access Token Expired
2026-07-28 05:39:06.640 | INFO     | auth.login:login:262 - Logging in...
2026-07-28 05:39:09.780 | SUCCESS  | auth.login:save_token:242 - Token Saved
2026-07-28 05:39:09.780 | SUCCESS  | auth.login:login:340 - Login Successful
2026-07-28 05:39:12.977 | INFO     | api:get_file:84 - Loading File 126d5170-aeda-170b-a26a-5ee18b267f4a
2026-07-28 05:39:14.094 | INFO     | monitor:scan:273 - Reached Old Files
2026-07-28 05:39:14.095 | INFO     | monitor:scan:303 - No New Serial
2026-07-28 05:39:14.096 | INFO     | monitor:scan:325 - Nothing Changed
2026-07-28 05:39:14.097 | SUCCESS  | monitor:scan:331 - Scan Finished
2026-07-28 05:39:14.099 | INFO     | monitor:start:67 - Sleep 60 Seconds
2026-07-28 09:09:03.764 | SUCCESS  | logger:setup:41 - Logger Initialized
2026-07-28 09:09:03.765 | INFO     | __main__:main:28 - Loading Config...
2026-07-28 09:09:03.975 | SUCCESS  | auth.login:__init__:99 - Login Manager Ready
2026-07-28 09:09:03.980 | SUCCESS  | monitor:start:51 - Alborz Monitor Started
2026-07-28 09:09:03.980 | INFO     | auth.login:ensure_login:354 - Checking Login...
2026-07-28 09:09:03.986 | SUCCESS  | auth.login:load_saved_token:192 - Saved Token Loaded
2026-07-28 09:09:03.986 | SUCCESS  | auth.login:ensure_login:362 - Using Saved Token
2026-07-28 09:09:03.986 | INFO     | monitor:scan:111 - Scanning Website...
2026-07-28 09:09:03.987 | INFO     | monitor:scan:125 - Loading Page 1
2026-07-28 09:09:03.987 | INFO     | api:get_files:60 - Loading Page 1
2026-07-28 09:09:04.647 | WARNING  | auth.login:get:411 - Access Token Expired
2026-07-28 09:09:04.647 | INFO     | auth.login:login:262 - Logging in...
2026-07-28 09:09:05.138 | SUCCESS  | auth.login:save_token:242 - Token Saved
2026-07-28 09:09:05.138 | SUCCESS  | auth.login:login:340 - Login Successful
2026-07-28 09:09:06.638 | INFO     | api:get_file:84 - Loading File 126d5170-aeda-170b-a26a-5ee18b267f4a
2026-07-28 09:09:07.223 | INFO     | monitor:scan:273 - Reached Old Files
2026-07-28 09:09:07.223 | INFO     | monitor:scan:303 - No New Serial
2026-07-28 09:09:07.223 | INFO     | monitor:scan:325 - Nothing Changed
2026-07-28 09:09:07.223 | SUCCESS  | monitor:scan:331 - Scan Finished
2026-07-28 09:09:07.224 | INFO     | monitor:start:67 - Sleep 60 Seconds
2026-07-28 09:10:07.225 | INFO     | auth.login:ensure_login:354 - Checking Login...
2026-07-28 09:10:07.262 | SUCCESS  | auth.login:load_saved_token:192 - Saved Token Loaded
2026-07-28 09:10:07.262 | SUCCESS  | auth.login:ensure_login:362 - Using Saved Token
2026-07-28 09:10:07.262 | INFO     | monitor:scan:111 - Scanning Website...
2026-07-28 09:10:07.263 | INFO     | monitor:scan:125 - Loading Page 1
2026-07-28 09:10:07.263 | INFO     | api:get_files:60 - Loading Page 1
2026-07-28 09:10:09.022 | INFO     | api:get_file:84 - Loading File 126d5170-aeda-170b-a26a-5ee18b267f4a
2026-07-28 09:10:09.244 | INFO     | monitor:scan:273 - Reached Old Files
2026-07-28 09:10:09.245 | INFO     | monitor:scan:303 - No New Serial
2026-07-28 09:10:09.245 | INFO     | monitor:scan:325 - Nothing Changed
2026-07-28 09:10:09.246 | SUCCESS  | monitor:scan:331 - Scan Finished
2026-07-28 09:10:09.246 | INFO     | monitor:start:67 - Sleep 60 Seconds
2026-07-28 09:11:09.247 | INFO     | auth.login:ensure_login:354 - Checking Login...
2026-07-28 09:11:09.250 | SUCCESS  | auth.login:load_saved_token:192 - Saved Token Loaded
2026-07-28 09:11:09.251 | SUCCESS  | auth.login:ensure_login:362 - Using Saved Token
2026-07-28 09:11:09.252 | INFO     | monitor:scan:111 - Scanning Website...
2026-07-28 09:11:09.253 | INFO     | monitor:scan:125 - Loading Page 1
2026-07-28 09:11:09.253 | INFO     | api:get_files:60 - Loading Page 1
2026-07-28 09:11:11.011 | INFO     | api:get_file:84 - Loading File 126d5170-aeda-170b-a26a-5ee18b267f4a
2026-07-28 09:11:11.256 | INFO     | monitor:scan:273 - Reached Old Files
2026-07-28 09:11:11.257 | INFO     | monitor:scan:303 - No New Serial
2026-07-28 09:11:11.258 | INFO     | monitor:scan:325 - Nothing Changed
2026-07-28 09:11:11.258 | SUCCESS  | monitor:scan:331 - Scan Finished
2026-07-28 09:11:11.260 | INFO     | monitor:start:67 - Sleep 60 Seconds
2026-07-28 09:12:11.261 | INFO     | auth.login:ensure_login:354 - Checking Login...
2026-07-28 09:12:11.262 | SUCCESS  | auth.login:load_saved_token:192 - Saved Token Loaded
2026-07-28 09:12:11.263 | SUCCESS  | auth.login:ensure_login:362 - Using Saved Token
2026-07-28 09:12:11.265 | INFO     | monitor:scan:111 - Scanning Website...
2026-07-28 09:12:11.266 | INFO     | monitor:scan:125 - Loading Page 1
2026-07-28 09:12:11.267 | INFO     | api:get_files:60 - Loading Page 1
2026-07-28 09:12:13.058 | INFO     | api:get_file:84 - Loading File 126d5170-aeda-170b-a26a-5ee18b267f4a
2026-07-28 09:12:13.290 | INFO     | monitor:scan:273 - Reached Old Files
2026-07-28 09:12:13.291 | INFO     | monitor:scan:303 - No New Serial
2026-07-28 09:12:13.291 | INFO     | monitor:scan:325 - Nothing Changed
2026-07-28 09:12:13.292 | SUCCESS  | monitor:scan:331 - Scan Finished
2026-07-28 09:12:13.292 | INFO     | monitor:start:67 - Sleep 60 Seconds
2026-07-28 09:13:13.293 | INFO     | auth.login:ensure_login:354 - Checking Login...
2026-07-28 09:13:13.297 | SUCCESS  | auth.login:load_saved_token:192 - Saved Token Loaded
2026-07-28 09:13:13.299 | SUCCESS  | auth.login:ensure_login:362 - Using Saved Token
2026-07-28 09:13:13.300 | INFO     | monitor:scan:111 - Scanning Website...
2026-07-28 09:13:13.303 | INFO     | monitor:scan:125 - Loading Page 1
2026-07-28 09:13:13.303 | INFO     | api:get_files:60 - Loading Page 1
2026-07-28 09:13:14.918 | INFO     | api:get_file:84 - Loading File 126d5170-aeda-170b-a26a-5ee18b267f4a
2026-07-28 09:13:15.153 | INFO     | monitor:scan:273 - Reached Old Files
2026-07-28 09:13:15.153 | INFO     | monitor:scan:303 - No New Serial
2026-07-28 09:13:15.153 | INFO     | monitor:scan:325 - Nothing Changed
2026-07-28 09:13:15.153 | SUCCESS  | monitor:scan:331 - Scan Finished
2026-07-28 09:13:15.154 | INFO     | monitor:start:67 - Sleep 60 Seconds
2026-07-28 09:14:15.154 | INFO     | auth.login:ensure_login:354 - Checking Login...
2026-07-28 09:14:15.155 | SUCCESS  | auth.login:load_saved_token:192 - Saved Token Loaded
2026-07-28 09:14:15.155 | SUCCESS  | auth.login:ensure_login:362 - Using Saved Token
2026-07-28 09:14:15.155 | INFO     | monitor:scan:111 - Scanning Website...
2026-07-28 09:14:15.156 | INFO     | monitor:scan:125 - Loading Page 1
2026-07-28 09:14:15.156 | INFO     | api:get_files:60 - Loading Page 1
2026-07-28 09:14:18.092 | INFO     | api:get_file:84 - Loading File 126d5170-aeda-170b-a26a-5ee18b267f4a
2026-07-28 09:14:18.318 | INFO     | monitor:scan:273 - Reached Old Files
2026-07-28 09:14:18.318 | INFO     | monitor:scan:303 - No New Serial
2026-07-28 09:14:18.319 | INFO     | monitor:scan:325 - Nothing Changed
2026-07-28 09:14:18.319 | SUCCESS  | monitor:scan:331 - Scan Finished
2026-07-28 09:14:18.320 | INFO     | monitor:start:67 - Sleep 60 Seconds
2026-07-28 09:15:18.320 | INFO     | auth.login:ensure_login:354 - Checking Login...
2026-07-28 09:15:18.326 | SUCCESS  | auth.login:load_saved_token:192 - Saved Token Loaded
2026-07-28 09:15:18.326 | SUCCESS  | auth.login:ensure_login:362 - Using Saved Token
2026-07-28 09:15:18.327 | INFO     | monitor:scan:111 - Scanning Website...
2026-07-28 09:15:18.330 | INFO     | monitor:scan:125 - Loading Page 1
2026-07-28 09:15:18.332 | INFO     | api:get_files:60 - Loading Page 1
2026-07-28 09:15:21.795 | INFO     | api:get_file:84 - Loading File 126d5170-aeda-170b-a26a-5ee18b267f4a
2026-07-28 09:15:22.023 | INFO     | monitor:scan:273 - Reached Old Files
2026-07-28 09:15:22.024 | INFO     | monitor:scan:303 - No New Serial
2026-07-28 09:15:22.025 | INFO     | monitor:scan:325 - Nothing Changed
2026-07-28 09:15:22.025 | SUCCESS  | monitor:scan:331 - Scan Finished
2026-07-28 09:15:22.026 | INFO     | monitor:start:67 - Sleep 60 Seconds
2026-07-28 09:16:22.026 | INFO     | auth.login:ensure_login:354 - Checking Login...
2026-07-28 09:16:22.030 | SUCCESS  | auth.login:load_saved_token:192 - Saved Token Loaded
2026-07-28 09:16:22.031 | SUCCESS  | auth.login:ensure_login:362 - Using Saved Token
2026-07-28 09:16:22.032 | INFO     | monitor:scan:111 - Scanning Website...
2026-07-28 09:16:22.033 | INFO     | monitor:scan:125 - Loading Page 1
2026-07-28 09:16:22.033 | INFO     | api:get_files:60 - Loading Page 1
2026-07-28 09:16:25.569 | INFO     | api:get_file:84 - Loading File 126d5170-aeda-170b-a26a-5ee18b267f4a
2026-07-28 09:16:25.803 | INFO     | monitor:scan:273 - Reached Old Files
2026-07-28 09:16:25.804 | INFO     | monitor:scan:303 - No New Serial
2026-07-28 09:16:25.805 | INFO     | monitor:scan:325 - Nothing Changed
2026-07-28 09:16:25.806 | SUCCESS  | monitor:scan:331 - Scan Finished
2026-07-28 09:16:25.807 | INFO     | monitor:start:67 - Sleep 60 Seconds
2026-07-28 09:17:25.808 | INFO     | auth.login:ensure_login:354 - Checking Login...
2026-07-28 09:17:25.812 | SUCCESS  | auth.login:load_saved_token:192 - Saved Token Loaded
2026-07-28 09:17:25.814 | SUCCESS  | auth.login:ensure_login:362 - Using Saved Token
2026-07-28 09:17:25.814 | INFO     | monitor:scan:111 - Scanning Website...
2026-07-28 09:17:25.815 | INFO     | monitor:scan:125 - Loading Page 1
2026-07-28 09:17:25.815 | INFO     | api:get_files:60 - Loading Page 1
2026-07-28 09:17:28.961 | INFO     | api:get_file:84 - Loading File 126d5170-aeda-170b-a26a-5ee18b267f4a
2026-07-28 09:17:29.175 | INFO     | monitor:scan:273 - Reached Old Files
2026-07-28 09:17:29.176 | INFO     | monitor:scan:303 - No New Serial
2026-07-28 09:17:29.177 | INFO     | monitor:scan:325 - Nothing Changed
2026-07-28 09:17:29.177 | SUCCESS  | monitor:scan:331 - Scan Finished
2026-07-28 09:17:29.178 | INFO     | monitor:start:67 - Sleep 60 Seconds
2026-07-28 09:18:29.180 | INFO     | auth.login:ensure_login:354 - Checking Login...
2026-07-28 09:18:29.181 | SUCCESS  | auth.login:load_saved_token:192 - Saved Token Loaded
2026-07-28 09:18:29.182 | SUCCESS  | auth.login:ensure_login:362 - Using Saved Token
2026-07-28 09:18:29.182 | INFO     | monitor:scan:111 - Scanning Website...
2026-07-28 09:18:29.183 | INFO     | monitor:scan:125 - Loading Page 1
2026-07-28 09:18:29.184 | INFO     | api:get_files:60 - Loading Page 1
2026-07-28 09:18:30.701 | INFO     | api:get_file:84 - Loading File 126d5170-aeda-170b-a26a-5ee18b267f4a
2026-07-28 09:18:30.932 | INFO     | monitor:scan:273 - Reached Old Files
2026-07-28 09:18:30.932 | INFO     | monitor:scan:303 - No New Serial
2026-07-28 09:18:30.932 | INFO     | monitor:scan:325 - Nothing Changed
2026-07-28 09:18:30.932 | SUCCESS  | monitor:scan:331 - Scan Finished
2026-07-28 09:18:30.932 | INFO     | monitor:start:67 - Sleep 60 Seconds
2026-07-28 09:19:30.933 | INFO     | auth.login:ensure_login:354 - Checking Login...
2026-07-28 09:19:30.934 | SUCCESS  | auth.login:load_saved_token:192 - Saved Token Loaded
2026-07-28 09:19:30.935 | SUCCESS  | auth.login:ensure_login:362 - Using Saved Token
2026-07-28 09:19:30.935 | INFO     | monitor:scan:111 - Scanning Website...
2026-07-28 09:19:30.936 | INFO     | monitor:scan:125 - Loading Page 1
2026-07-28 09:19:30.936 | INFO     | api:get_files:60 - Loading Page 1
2026-07-28 09:19:31.349 | WARNING  | auth.login:get:411 - Access Token Expired
2026-07-28 09:19:31.349 | INFO     | auth.login:login:262 - Logging in...
2026-07-28 09:19:31.778 | SUCCESS  | auth.login:save_token:242 - Token Saved
2026-07-28 09:19:31.778 | SUCCESS  | auth.login:login:340 - Login Successful
2026-07-28 09:19:33.628 | INFO     | api:get_file:84 - Loading File 126d5170-aeda-170b-a26a-5ee18b267f4a
2026-07-28 09:19:33.853 | INFO     | monitor:scan:273 - Reached Old Files
2026-07-28 09:19:33.853 | INFO     | monitor:scan:303 - No New Serial
2026-07-28 09:19:33.853 | INFO     | monitor:scan:325 - Nothing Changed
2026-07-28 09:19:33.853 | SUCCESS  | monitor:scan:331 - Scan Finished
2026-07-28 09:19:33.853 | INFO     | monitor:start:67 - Sleep 60 Seconds
2026-07-28 09:20:33.854 | INFO     | auth.login:ensure_login:354 - Checking Login...
2026-07-28 09:20:33.864 | SUCCESS  | auth.login:load_saved_token:192 - Saved Token Loaded
2026-07-28 09:20:33.864 | SUCCESS  | auth.login:ensure_login:362 - Using Saved Token
2026-07-28 09:20:33.864 | INFO     | monitor:scan:111 - Scanning Website...
2026-07-28 09:20:33.864 | INFO     | monitor:scan:125 - Loading Page 1
2026-07-28 09:20:33.865 | INFO     | api:get_files:60 - Loading Page 1
2026-07-28 09:20:35.594 | INFO     | api:get_file:84 - Loading File 126d5170-aeda-170b-a26a-5ee18b267f4a
2026-07-28 09:20:35.820 | INFO     | monitor:scan:273 - Reached Old Files
2026-07-28 09:20:35.820 | INFO     | monitor:scan:303 - No New Serial
2026-07-28 09:20:35.821 | INFO     | monitor:scan:325 - Nothing Changed
2026-07-28 09:20:35.821 | SUCCESS  | monitor:scan:331 - Scan Finished
2026-07-28 09:20:35.821 | INFO     | monitor:start:67 - Sleep 60 Seconds
2026-07-28 09:21:35.822 | INFO     | auth.login:ensure_login:354 - Checking Login...
2026-07-28 09:21:35.823 | SUCCESS  | auth.login:load_saved_token:192 - Saved Token Loaded
2026-07-28 09:21:35.823 | SUCCESS  | auth.login:ensure_login:362 - Using Saved Token
2026-07-28 09:21:35.823 | INFO     | monitor:scan:111 - Scanning Website...
2026-07-28 09:21:35.823 | INFO     | monitor:scan:125 - Loading Page 1
2026-07-28 09:21:35.824 | INFO     | api:get_files:60 - Loading Page 1
2026-07-28 09:21:39.330 | INFO     | api:get_file:84 - Loading File 126d5170-aeda-170b-a26a-5ee18b267f4a
2026-07-28 09:21:39.730 | INFO     | monitor:scan:273 - Reached Old Files
2026-07-28 09:21:39.730 | INFO     | monitor:scan:303 - No New Serial
2026-07-28 09:21:39.731 | INFO     | monitor:scan:325 - Nothing Changed
2026-07-28 09:21:39.731 | SUCCESS  | monitor:scan:331 - Scan Finished
2026-07-28 09:21:39.731 | INFO     | monitor:start:67 - Sleep 60 Seconds
2026-07-28 09:22:39.732 | INFO     | auth.login:ensure_login:354 - Checking Login...
2026-07-28 09:22:39.734 | SUCCESS  | auth.login:load_saved_token:192 - Saved Token Loaded
2026-07-28 09:22:39.734 | SUCCESS  | auth.login:ensure_login:362 - Using Saved Token
2026-07-28 09:22:39.734 | INFO     | monitor:scan:111 - Scanning Website...
2026-07-28 09:22:39.736 | INFO     | monitor:scan:125 - Loading Page 1
2026-07-28 09:22:39.736 | INFO     | api:get_files:60 - Loading Page 1
2026-07-28 09:22:41.293 | INFO     | api:get_file:84 - Loading File 126d5170-aeda-170b-a26a-5ee18b267f4a
2026-07-28 09:22:41.512 | INFO     | monitor:scan:273 - Reached Old Files
2026-07-28 09:22:41.513 | INFO     | monitor:scan:303 - No New Serial
2026-07-28 09:22:41.513 | INFO     | monitor:scan:325 - Nothing Changed
2026-07-28 09:22:41.513 | SUCCESS  | monitor:scan:331 - Scan Finished
2026-07-28 09:22:41.513 | INFO     | monitor:start:67 - Sleep 60 Seconds
2026-07-28 09:23:41.514 | INFO     | auth.login:ensure_login:354 - Checking Login...
2026-07-28 09:23:41.516 | SUCCESS  | auth.login:load_saved_token:192 - Saved Token Loaded
2026-07-28 09:23:41.516 | SUCCESS  | auth.login:ensure_login:362 - Using Saved Token
2026-07-28 09:23:41.517 | INFO     | monitor:scan:111 - Scanning Website...
2026-07-28 09:23:41.517 | INFO     | monitor:scan:125 - Loading Page 1
2026-07-28 09:23:41.517 | INFO     | api:get_files:60 - Loading Page 1
2026-07-28 09:23:43.015 | INFO     | api:get_file:84 - Loading File 126d5170-aeda-170b-a26a-5ee18b267f4a
2026-07-28 09:23:43.232 | INFO     | monitor:scan:273 - Reached Old Files
2026-07-28 09:23:43.232 | INFO     | monitor:scan:303 - No New Serial
2026-07-28 09:23:43.232 | INFO     | monitor:scan:325 - Nothing Changed
2026-07-28 09:23:43.233 | SUCCESS  | monitor:scan:331 - Scan Finished
2026-07-28 09:23:43.233 | INFO     | monitor:start:67 - Sleep 60 Seconds
2026-07-28 09:24:43.233 | INFO     | auth.login:ensure_login:354 - Checking Login...
2026-07-28 09:24:43.236 | SUCCESS  | auth.login:load_saved_token:192 - Saved Token Loaded
2026-07-28 09:24:43.237 | SUCCESS  | auth.login:ensure_login:362 - Using Saved Token
2026-07-28 09:24:43.237 | INFO     | monitor:scan:111 - Scanning Website...
2026-07-28 09:24:43.239 | INFO     | monitor:scan:125 - Loading Page 1
2026-07-28 09:24:43.239 | INFO     | api:get_files:60 - Loading Page 1
2026-07-28 09:24:45.004 | INFO     | api:get_file:84 - Loading File 126d5170-aeda-170b-a26a-5ee18b267f4a
2026-07-28 09:24:45.235 | INFO     | monitor:scan:273 - Reached Old Files
2026-07-28 09:24:45.235 | INFO     | monitor:scan:303 - No New Serial
2026-07-28 09:24:45.235 | INFO     | monitor:scan:325 - Nothing Changed
2026-07-28 09:24:45.235 | SUCCESS  | monitor:scan:331 - Scan Finished
2026-07-28 09:24:45.236 | INFO     | monitor:start:67 - Sleep 60 Seconds
2026-07-28 09:25:45.237 | INFO     | auth.login:ensure_login:354 - Checking Login...
2026-07-28 09:25:45.238 | SUCCESS  | auth.login:load_saved_token:192 - Saved Token Loaded
2026-07-28 09:25:45.239 | SUCCESS  | auth.login:ensure_login:362 - Using Saved Token
2026-07-28 09:25:45.239 | INFO     | monitor:scan:111 - Scanning Website...
2026-07-28 09:25:45.241 | INFO     | monitor:scan:125 - Loading Page 1
2026-07-28 09:25:45.241 | INFO     | api:get_files:60 - Loading Page 1
2026-07-28 09:25:46.889 | INFO     | api:get_file:84 - Loading File 126d5170-aeda-170b-a26a-5ee18b267f4a
2026-07-28 09:25:47.107 | INFO     | monitor:scan:273 - Reached Old Files
2026-07-28 09:25:47.107 | INFO     | monitor:scan:303 - No New Serial
2026-07-28 09:25:47.108 | INFO     | monitor:scan:325 - Nothing Changed
2026-07-28 09:25:47.108 | SUCCESS  | monitor:scan:331 - Scan Finished
2026-07-28 09:25:47.108 | INFO     | monitor:start:67 - Sleep 60 Seconds
2026-07-28 09:26:47.109 | INFO     | auth.login:ensure_login:354 - Checking Login...
2026-07-28 09:26:47.110 | SUCCESS  | auth.login:load_saved_token:192 - Saved Token Loaded
2026-07-28 09:26:47.110 | SUCCESS  | auth.login:ensure_login:362 - Using Saved Token
2026-07-28 09:26:47.110 | INFO     | monitor:scan:111 - Scanning Website...
2026-07-28 09:26:47.110 | INFO     | monitor:scan:125 - Loading Page 1
2026-07-28 09:26:47.111 | INFO     | api:get_files:60 - Loading Page 1
2026-07-28 09:26:49.470 | INFO     | api:get_file:84 - Loading File 126d5170-aeda-170b-a26a-5ee18b267f4a
2026-07-28 09:26:49.690 | INFO     | monitor:scan:273 - Reached Old Files
2026-07-28 09:26:49.690 | INFO     | monitor:scan:303 - No New Serial
2026-07-28 09:26:49.691 | INFO     | monitor:scan:325 - Nothing Changed
2026-07-28 09:26:49.691 | SUCCESS  | monitor:scan:331 - Scan Finished
2026-07-28 09:26:49.692 | INFO     | monitor:start:67 - Sleep 60 Seconds
2026-07-28 09:27:49.693 | INFO     | auth.login:ensure_login:354 - Checking Login...
2026-07-28 09:27:49.695 | SUCCESS  | auth.login:load_saved_token:192 - Saved Token Loaded
2026-07-28 09:27:49.695 | SUCCESS  | auth.login:ensure_login:362 - Using Saved Token
2026-07-28 09:27:49.696 | INFO     | monitor:scan:111 - Scanning Website...
2026-07-28 09:27:49.697 | INFO     | monitor:scan:125 - Loading Page 1
2026-07-28 09:27:49.697 | INFO     | api:get_files:60 - Loading Page 1
2026-07-28 09:27:51.226 | INFO     | api:get_file:84 - Loading File 126d5170-aeda-170b-a26a-5ee18b267f4a
2026-07-28 09:27:51.456 | INFO     | monitor:scan:273 - Reached Old Files
2026-07-28 09:27:51.456 | INFO     | monitor:scan:303 - No New Serial
2026-07-28 09:27:51.456 | INFO     | monitor:scan:325 - Nothing Changed
2026-07-28 09:27:51.457 | SUCCESS  | monitor:scan:331 - Scan Finished
2026-07-28 09:27:51.457 | INFO     | monitor:start:67 - Sleep 60 Seconds
2026-07-28 09:28:51.457 | INFO     | auth.login:ensure_login:354 - Checking Login...
2026-07-28 09:28:51.461 | SUCCESS  | auth.login:load_saved_token:192 - Saved Token Loaded
2026-07-28 09:28:51.463 | SUCCESS  | auth.login:ensure_login:362 - Using Saved Token
2026-07-28 09:28:51.465 | INFO     | monitor:scan:111 - Scanning Website...
2026-07-28 09:28:51.466 | INFO     | monitor:scan:125 - Loading Page 1
2026-07-28 09:28:51.466 | INFO     | api:get_files:60 - Loading Page 1
2026-07-28 09:28:54.521 | INFO     | api:get_file:84 - Loading File 126d5170-aeda-170b-a26a-5ee18b267f4a
2026-07-28 09:28:54.740 | INFO     | monitor:scan:273 - Reached Old Files
2026-07-28 09:28:54.740 | INFO     | monitor:scan:303 - No New Serial
2026-07-28 09:28:54.741 | INFO     | monitor:scan:325 - Nothing Changed
2026-07-28 09:28:54.741 | SUCCESS  | monitor:scan:331 - Scan Finished
2026-07-28 09:28:54.742 | INFO     | monitor:start:67 - Sleep 60 Seconds
2026-07-28 09:29:54.743 | INFO     | auth.login:ensure_login:354 - Checking Login...
2026-07-28 09:29:54.745 | SUCCESS  | auth.login:load_saved_token:192 - Saved Token Loaded
2026-07-28 09:29:54.746 | SUCCESS  | auth.login:ensure_login:362 - Using Saved Token
2026-07-28 09:29:54.746 | INFO     | monitor:scan:111 - Scanning Website...
2026-07-28 09:29:54.748 | INFO     | monitor:scan:125 - Loading Page 1
2026-07-28 09:29:54.749 | INFO     | api:get_files:60 - Loading Page 1
2026-07-28 09:29:55.196 | WARNING  | auth.login:get:411 - Access Token Expired
2026-07-28 09:29:55.197 | INFO     | auth.login:login:262 - Logging in...
2026-07-28 09:29:55.937 | SUCCESS  | auth.login:save_token:242 - Token Saved
2026-07-28 09:29:55.938 | SUCCESS  | auth.login:login:340 - Login Successful
2026-07-28 09:29:59.395 | INFO     | api:get_file:84 - Loading File 126d5170-aeda-170b-a26a-5ee18b267f4a
2026-07-28 09:29:59.623 | INFO     | monitor:scan:273 - Reached Old Files
2026-07-28 09:29:59.624 | INFO     | monitor:scan:303 - No New Serial
2026-07-28 09:29:59.624 | INFO     | monitor:scan:325 - Nothing Changed
2026-07-28 09:29:59.624 | SUCCESS  | monitor:scan:331 - Scan Finished
2026-07-28 09:29:59.624 | INFO     | monitor:start:67 - Sleep 60 Seconds
2026-07-28 09:30:59.625 | INFO     | auth.login:ensure_login:354 - Checking Login...
2026-07-28 09:30:59.636 | SUCCESS  | auth.login:load_saved_token:192 - Saved Token Loaded
2026-07-28 09:30:59.637 | SUCCESS  | auth.login:ensure_login:362 - Using Saved Token
2026-07-28 09:30:59.637 | INFO     | monitor:scan:111 - Scanning Website...
2026-07-28 09:30:59.637 | INFO     | monitor:scan:125 - Loading Page 1
2026-07-28 09:30:59.638 | INFO     | api:get_files:60 - Loading Page 1
2026-07-28 09:31:03.163 | INFO     | api:get_file:84 - Loading File 126d5170-aeda-170b-a26a-5ee18b267f4a
2026-07-28 09:31:03.388 | INFO     | monitor:scan:273 - Reached Old Files
2026-07-28 09:31:03.389 | INFO     | monitor:scan:303 - No New Serial
2026-07-28 09:31:03.389 | INFO     | monitor:scan:325 - Nothing Changed
2026-07-28 09:31:03.389 | SUCCESS  | monitor:scan:331 - Scan Finished
2026-07-28 09:31:03.389 | INFO     | monitor:start:67 - Sleep 60 Seconds
2026-07-28 09:32:03.390 | INFO     | auth.login:ensure_login:354 - Checking Login...
2026-07-28 09:32:03.390 | SUCCESS  | auth.login:load_saved_token:192 - Saved Token Loaded
2026-07-28 09:32:03.391 | SUCCESS  | auth.login:ensure_login:362 - Using Saved Token
2026-07-28 09:32:03.391 | INFO     | monitor:scan:111 - Scanning Website...
2026-07-28 09:32:03.391 | INFO     | monitor:scan:125 - Loading Page 1
2026-07-28 09:32:03.392 | INFO     | api:get_files:60 - Loading Page 1
2026-07-28 09:32:04.867 | INFO     | api:get_file:84 - Loading File 126d5170-aeda-170b-a26a-5ee18b267f4a
2026-07-28 09:32:05.092 | INFO     | monitor:scan:273 - Reached Old Files
2026-07-28 09:32:05.092 | INFO     | monitor:scan:303 - No New Serial
2026-07-28 09:32:05.092 | INFO     | monitor:scan:325 - Nothing Changed
2026-07-28 09:32:05.093 | SUCCESS  | monitor:scan:331 - Scan Finished
2026-07-28 09:32:05.093 | INFO     | monitor:start:67 - Sleep 60 Seconds
2026-07-28 09:33:05.093 | INFO     | auth.login:ensure_login:354 - Checking Login...
2026-07-28 09:33:05.094 | SUCCESS  | auth.login:load_saved_token:192 - Saved Token Loaded
2026-07-28 09:33:05.094 | SUCCESS  | auth.login:ensure_login:362 - Using Saved Token
2026-07-28 09:33:05.094 | INFO     | monitor:scan:111 - Scanning Website...
2026-07-28 09:33:05.095 | INFO     | monitor:scan:125 - Loading Page 1
2026-07-28 09:33:05.095 | INFO     | api:get_files:60 - Loading Page 1
2026-07-28 09:33:06.645 | INFO     | api:get_file:84 - Loading File 126d5170-aeda-170b-a26a-5ee18b267f4a
2026-07-28 09:33:06.873 | INFO     | monitor:scan:273 - Reached Old Files
2026-07-28 09:33:06.874 | INFO     | monitor:scan:303 - No New Serial
2026-07-28 09:33:06.874 | INFO     | monitor:scan:325 - Nothing Changed
2026-07-28 09:33:06.874 | SUCCESS  | monitor:scan:331 - Scan Finished
2026-07-28 09:33:06.874 | INFO     | monitor:start:67 - Sleep 60 Seconds
2026-07-28 09:34:06.875 | INFO     | auth.login:ensure_login:354 - Checking Login...
2026-07-28 09:34:06.876 | SUCCESS  | auth.login:load_saved_token:192 - Saved Token Loaded
2026-07-28 09:34:06.876 | SUCCESS  | auth.login:ensure_login:362 - Using Saved Token
2026-07-28 09:34:06.876 | INFO     | monitor:scan:111 - Scanning Website...
2026-07-28 09:34:06.877 | INFO     | monitor:scan:125 - Loading Page 1
2026-07-28 09:34:06.877 | INFO     | api:get_files:60 - Loading Page 1
2026-07-28 09:34:10.115 | INFO     | api:get_file:84 - Loading File 126d5170-aeda-170b-a26a-5ee18b267f4a
2026-07-28 09:34:10.344 | INFO     | monitor:scan:273 - Reached Old Files
2026-07-28 09:34:10.345 | INFO     | monitor:scan:303 - No New Serial
2026-07-28 09:34:10.345 | INFO     | monitor:scan:325 - Nothing Changed
2026-07-28 09:34:10.346 | SUCCESS  | monitor:scan:331 - Scan Finished
2026-07-28 09:34:10.346 | INFO     | monitor:start:67 - Sleep 60 Seconds
2026-07-28 09:35:10.347 | INFO     | auth.login:ensure_login:354 - Checking Login...
2026-07-28 09:35:10.353 | SUCCESS  | auth.login:load_saved_token:192 - Saved Token Loaded
2026-07-28 09:35:10.354 | SUCCESS  | auth.login:ensure_login:362 - Using Saved Token
2026-07-28 09:35:10.355 | INFO     | monitor:scan:111 - Scanning Website...
2026-07-28 09:35:10.357 | INFO     | monitor:scan:125 - Loading Page 1
2026-07-28 09:35:10.357 | INFO     | api:get_files:60 - Loading Page 1
2026-07-28 09:35:12.359 | INFO     | api:get_file:84 - Loading File 126d5170-aeda-170b-a26a-5ee18b267f4a
2026-07-28 09:35:12.591 | INFO     | monitor:scan:273 - Reached Old Files
2026-07-28 09:35:12.591 | INFO     | monitor:scan:303 - No New Serial
2026-07-28 09:35:12.592 | INFO     | monitor:scan:325 - Nothing Changed
2026-07-28 09:35:12.592 | SUCCESS  | monitor:scan:331 - Scan Finished
2026-07-28 09:35:12.593 | INFO     | monitor:start:67 - Sleep 60 Seconds
2026-07-28 09:36:12.594 | INFO     | auth.login:ensure_login:354 - Checking Login...
2026-07-28 09:36:12.597 | SUCCESS  | auth.login:load_saved_token:192 - Saved Token Loaded
2026-07-28 09:36:12.597 | SUCCESS  | auth.login:ensure_login:362 - Using Saved Token
2026-07-28 09:36:12.598 | INFO     | monitor:scan:111 - Scanning Website...
2026-07-28 09:36:12.601 | INFO     | monitor:scan:125 - Loading Page 1
2026-07-28 09:36:12.602 | INFO     | api:get_files:60 - Loading Page 1
2026-07-28 09:36:14.047 | INFO     | api:get_file:84 - Loading File 126d5170-aeda-170b-a26a-5ee18b267f4a
2026-07-28 09:36:14.267 | INFO     | monitor:scan:273 - Reached Old Files
2026-07-28 09:36:14.267 | INFO     | monitor:scan:303 - No New Serial
2026-07-28 09:36:14.267 | INFO     | monitor:scan:325 - Nothing Changed
2026-07-28 09:36:14.267 | SUCCESS  | monitor:scan:331 - Scan Finished
2026-07-28 09:36:14.268 | INFO     | monitor:start:67 - Sleep 60 Seconds
2026-07-28 09:37:14.268 | INFO     | auth.login:ensure_login:354 - Checking Login...
2026-07-28 09:37:14.271 | SUCCESS  | auth.login:load_saved_token:192 - Saved Token Loaded
2026-07-28 09:37:14.272 | SUCCESS  | auth.login:ensure_login:362 - Using Saved Token
2026-07-28 09:37:14.273 | INFO     | monitor:scan:111 - Scanning Website...
2026-07-28 09:37:14.275 | INFO     | monitor:scan:125 - Loading Page 1
2026-07-28 09:37:14.275 | INFO     | api:get_files:60 - Loading Page 1
2026-07-28 09:37:15.918 | INFO     | api:get_file:84 - Loading File 126d5170-aeda-170b-a26a-5ee18b267f4a
2026-07-28 09:37:16.134 | INFO     | monitor:scan:273 - Reached Old Files
2026-07-28 09:37:16.135 | INFO     | monitor:scan:303 - No New Serial
2026-07-28 09:37:16.135 | INFO     | monitor:scan:325 - Nothing Changed
2026-07-28 09:37:16.135 | SUCCESS  | monitor:scan:331 - Scan Finished
2026-07-28 09:37:16.136 | INFO     | monitor:start:67 - Sleep 60 Seconds
2026-07-28 09:38:16.137 | INFO     | auth.login:ensure_login:354 - Checking Login...
2026-07-28 09:38:16.139 | SUCCESS  | auth.login:load_saved_token:192 - Saved Token Loaded
2026-07-28 09:38:16.139 | SUCCESS  | auth.login:ensure_login:362 - Using Saved Token
2026-07-28 09:38:16.140 | INFO     | monitor:scan:111 - Scanning Website...
2026-07-28 09:38:16.142 | INFO     | monitor:scan:125 - Loading Page 1
2026-07-28 09:38:16.142 | INFO     | api:get_files:60 - Loading Page 1
2026-07-28 09:38:17.652 | INFO     | api:get_file:84 - Loading File 126d5170-aeda-170b-a26a-5ee18b267f4a
2026-07-28 09:38:17.871 | INFO     | monitor:scan:273 - Reached Old Files
2026-07-28 09:38:17.872 | INFO     | monitor:scan:303 - No New Serial
2026-07-28 09:38:17.872 | INFO     | monitor:scan:325 - Nothing Changed
2026-07-28 09:38:17.872 | SUCCESS  | monitor:scan:331 - Scan Finished
2026-07-28 09:38:17.873 | INFO     | monitor:start:67 - Sleep 60 Seconds
2026-07-28 09:39:17.874 | INFO     | auth.login:ensure_login:354 - Checking Login...
2026-07-28 09:39:17.878 | SUCCESS  | auth.login:load_saved_token:192 - Saved Token Loaded
2026-07-28 09:39:17.879 | SUCCESS  | auth.login:ensure_login:362 - Using Saved Token
2026-07-28 09:39:17.881 | INFO     | monitor:scan:111 - Scanning Website...
2026-07-28 09:39:17.883 | INFO     | monitor:scan:125 - Loading Page 1
2026-07-28 09:39:17.884 | INFO     | api:get_files:60 - Loading Page 1
2026-07-28 09:39:19.370 | INFO     | api:get_file:84 - Loading File 126d5170-aeda-170b-a26a-5ee18b267f4a
2026-07-28 09:39:19.598 | INFO     | monitor:scan:273 - Reached Old Files
2026-07-28 09:39:19.599 | INFO     | monitor:scan:303 - No New Serial
2026-07-28 09:39:19.600 | INFO     | monitor:scan:325 - Nothing Changed
2026-07-28 09:39:19.600 | SUCCESS  | monitor:scan:331 - Scan Finished
2026-07-28 09:39:19.601 | INFO     | monitor:start:67 - Sleep 60 Seconds
2026-07-28 09:40:19.603 | INFO     | auth.login:ensure_login:354 - Checking Login...
2026-07-28 09:40:19.607 | SUCCESS  | auth.login:load_saved_token:192 - Saved Token Loaded
2026-07-28 09:40:19.608 | SUCCESS  | auth.login:ensure_login:362 - Using Saved Token
2026-07-28 09:40:19.609 | INFO     | monitor:scan:111 - Scanning Website...
2026-07-28 09:40:19.611 | INFO     | monitor:scan:125 - Loading Page 1
2026-07-28 09:40:19.612 | INFO     | api:get_files:60 - Loading Page 1
2026-07-28 09:40:20.060 | WARNING  | auth.login:get:411 - Access Token Expired
2026-07-28 09:40:20.061 | INFO     | auth.login:login:262 - Logging in...
2026-07-28 09:40:20.563 | SUCCESS  | auth.login:save_token:242 - Token Saved
2026-07-28 09:40:20.563 | SUCCESS  | auth.login:login:340 - Login Successful
2026-07-28 09:40:21.936 | INFO     | api:get_file:84 - Loading File 126d5170-aeda-170b-a26a-5ee18b267f4a
2026-07-28 09:40:22.163 | INFO     | monitor:scan:273 - Reached Old Files
2026-07-28 09:40:22.164 | INFO     | monitor:scan:303 - No New Serial
2026-07-28 09:40:22.164 | INFO     | monitor:scan:325 - Nothing Changed
2026-07-28 09:40:22.164 | SUCCESS  | monitor:scan:331 - Scan Finished
2026-07-28 09:40:22.164 | INFO     | monitor:start:67 - Sleep 60 Seconds
2026-07-28 09:41:22.165 | INFO     | auth.login:ensure_login:354 - Checking Login...
2026-07-28 09:41:22.189 | SUCCESS  | auth.login:load_saved_token:192 - Saved Token Loaded
2026-07-28 09:41:22.190 | SUCCESS  | auth.login:ensure_login:362 - Using Saved Token
2026-07-28 09:41:22.191 | INFO     | monitor:scan:111 - Scanning Website...
2026-07-28 09:41:22.191 | INFO     | monitor:scan:125 - Loading Page 1
2026-07-28 09:41:22.191 | INFO     | api:get_files:60 - Loading Page 1
2026-07-28 09:41:23.839 | INFO     | api:get_file:84 - Loading File 126d5170-aeda-170b-a26a-5ee18b267f4a
2026-07-28 09:41:24.069 | INFO     | monitor:scan:273 - Reached Old Files
2026-07-28 09:41:24.071 | INFO     | monitor:scan:303 - No New Serial
2026-07-28 09:41:24.071 | INFO     | monitor:scan:325 - Nothing Changed
2026-07-28 09:41:24.072 | SUCCESS  | monitor:scan:331 - Scan Finished
2026-07-28 09:41:24.073 | INFO     | monitor:start:67 - Sleep 60 Seconds
2026-07-28 09:42:24.074 | INFO     | auth.login:ensure_login:354 - Checking Login...
2026-07-28 09:42:24.076 | SUCCESS  | auth.login:load_saved_token:192 - Saved Token Loaded
2026-07-28 09:42:24.076 | SUCCESS  | auth.login:ensure_login:362 - Using Saved Token
2026-07-28 09:42:24.077 | INFO     | monitor:scan:111 - Scanning Website...
2026-07-28 09:42:24.079 | INFO     | monitor:scan:125 - Loading Page 1
2026-07-28 09:42:24.079 | INFO     | api:get_files:60 - Loading Page 1
2026-07-28 09:42:25.585 | INFO     | api:get_file:84 - Loading File 126d5170-aeda-170b-a26a-5ee18b267f4a
2026-07-28 09:42:25.810 | INFO     | monitor:scan:273 - Reached Old Files
2026-07-28 09:42:25.811 | INFO     | monitor:scan:303 - No New Serial
2026-07-28 09:42:25.811 | INFO     | monitor:scan:325 - Nothing Changed
2026-07-28 09:42:25.811 | SUCCESS  | monitor:scan:331 - Scan Finished
2026-07-28 09:42:25.812 | INFO     | monitor:start:67 - Sleep 60 Seconds
2026-07-28 09:43:25.812 | INFO     | auth.login:ensure_login:354 - Checking Login...
2026-07-28 09:43:25.814 | SUCCESS  | auth.login:load_saved_token:192 - Saved Token Loaded
2026-07-28 09:43:25.814 | SUCCESS  | auth.login:ensure_login:362 - Using Saved Token
2026-07-28 09:43:25.814 | INFO     | monitor:scan:111 - Scanning Website...
2026-07-28 09:43:25.815 | INFO     | monitor:scan:125 - Loading Page 1
2026-07-28 09:43:25.815 | INFO     | api:get_files:60 - Loading Page 1
2026-07-28 09:43:27.912 | INFO     | api:get_file:84 - Loading File 126d5170-aeda-170b-a26a-5ee18b267f4a
2026-07-28 09:43:28.140 | INFO     | monitor:scan:273 - Reached Old Files
2026-07-28 09:43:28.140 | INFO     | monitor:scan:303 - No New Serial
2026-07-28 09:43:28.141 | INFO     | monitor:scan:325 - Nothing Changed
2026-07-28 09:43:28.141 | SUCCESS  | monitor:scan:331 - Scan Finished
2026-07-28 09:43:28.141 | INFO     | monitor:start:67 - Sleep 60 Seconds
2026-07-28 09:44:28.142 | INFO     | auth.login:ensure_login:354 - Checking Login...
2026-07-28 09:44:28.144 | SUCCESS  | auth.login:load_saved_token:192 - Saved Token Loaded
2026-07-28 09:44:28.145 | SUCCESS  | auth.login:ensure_login:362 - Using Saved Token
2026-07-28 09:44:28.145 | INFO     | monitor:scan:111 - Scanning Website...
2026-07-28 09:44:28.146 | INFO     | monitor:scan:125 - Loading Page 1
2026-07-28 09:44:28.147 | INFO     | api:get_files:60 - Loading Page 1
2026-07-28 09:44:29.726 | INFO     | api:get_file:84 - Loading File 126d5170-aeda-170b-a26a-5ee18b267f4a
2026-07-28 09:44:29.960 | INFO     | monitor:scan:273 - Reached Old Files
2026-07-28 09:44:29.960 | INFO     | monitor:scan:303 - No New Serial
2026-07-28 09:44:29.960 | INFO     | monitor:scan:325 - Nothing Changed
2026-07-28 09:44:29.960 | SUCCESS  | monitor:scan:331 - Scan Finished
2026-07-28 09:44:29.961 | INFO     | monitor:start:67 - Sleep 60 Seconds
2026-07-28 09:45:29.961 | INFO     | auth.login:ensure_login:354 - Checking Login...
2026-07-28 09:45:29.962 | SUCCESS  | auth.login:load_saved_token:192 - Saved Token Loaded
2026-07-28 09:45:29.962 | SUCCESS  | auth.login:ensure_login:362 - Using Saved Token
2026-07-28 09:45:29.962 | INFO     | monitor:scan:111 - Scanning Website...
2026-07-28 09:45:29.963 | INFO     | monitor:scan:125 - Loading Page 1
2026-07-28 09:45:29.963 | INFO     | api:get_files:60 - Loading Page 1
2026-07-28 09:45:31.432 | INFO     | api:get_file:84 - Loading File 126d5170-aeda-170b-a26a-5ee18b267f4a
2026-07-28 09:45:31.653 | INFO     | monitor:scan:273 - Reached Old Files
2026-07-28 09:45:31.653 | INFO     | monitor:scan:303 - No New Serial
2026-07-28 09:45:31.653 | INFO     | monitor:scan:325 - Nothing Changed
2026-07-28 09:45:31.653 | SUCCESS  | monitor:scan:331 - Scan Finished
2026-07-28 09:45:31.654 | INFO     | monitor:start:67 - Sleep 60 Seconds
2026-07-28 09:46:31.654 | INFO     | auth.login:ensure_login:354 - Checking Login...
2026-07-28 09:46:31.655 | SUCCESS  | auth.login:load_saved_token:192 - Saved Token Loaded
2026-07-28 09:46:31.655 | SUCCESS  | auth.login:ensure_login:362 - Using Saved Token
2026-07-28 09:46:31.655 | INFO     | monitor:scan:111 - Scanning Website...
2026-07-28 09:46:31.656 | INFO     | monitor:scan:125 - Loading Page 1
2026-07-28 09:46:31.656 | INFO     | api:get_files:60 - Loading Page 1
2026-07-28 09:46:33.258 | INFO     | api:get_file:84 - Loading File 126d5170-aeda-170b-a26a-5ee18b267f4a
2026-07-28 09:46:33.477 | INFO     | monitor:scan:273 - Reached Old Files
2026-07-28 09:46:33.477 | INFO     | monitor:scan:303 - No New Serial
2026-07-28 09:46:33.477 | INFO     | monitor:scan:325 - Nothing Changed
2026-07-28 09:46:33.477 | SUCCESS  | monitor:scan:331 - Scan Finished
2026-07-28 09:46:33.478 | INFO     | monitor:start:67 - Sleep 60 Seconds
2026-07-28 09:47:33.479 | INFO     | auth.login:ensure_login:354 - Checking Login...
2026-07-28 09:47:33.479 | SUCCESS  | auth.login:load_saved_token:192 - Saved Token Loaded
2026-07-28 09:47:33.479 | SUCCESS  | auth.login:ensure_login:362 - Using Saved Token
2026-07-28 09:47:33.480 | INFO     | monitor:scan:111 - Scanning Website...
2026-07-28 09:47:33.480 | INFO     | monitor:scan:125 - Loading Page 1
2026-07-28 09:47:33.480 | INFO     | api:get_files:60 - Loading Page 1
2026-07-28 09:47:35.050 | INFO     | api:get_file:84 - Loading File 126d5170-aeda-170b-a26a-5ee18b267f4a
2026-07-28 09:47:35.503 | INFO     | monitor:scan:273 - Reached Old Files
2026-07-28 09:47:35.503 | INFO     | monitor:scan:303 - No New Serial
2026-07-28 09:47:35.503 | INFO     | monitor:scan:325 - Nothing Changed
2026-07-28 09:47:35.504 | SUCCESS  | monitor:scan:331 - Scan Finished
2026-07-28 09:47:35.504 | INFO     | monitor:start:67 - Sleep 60 Seconds
2026-07-28 09:48:35.505 | INFO     | auth.login:ensure_login:354 - Checking Login...
2026-07-28 09:48:35.505 | SUCCESS  | auth.login:load_saved_token:192 - Saved Token Loaded
2026-07-28 09:48:35.506 | SUCCESS  | auth.login:ensure_login:362 - Using Saved Token
2026-07-28 09:48:35.506 | INFO     | monitor:scan:111 - Scanning Website...
2026-07-28 09:48:35.506 | INFO     | monitor:scan:125 - Loading Page 1
2026-07-28 09:48:35.507 | INFO     | api:get_files:60 - Loading Page 1
2026-07-28 09:48:37.331 | INFO     | api:get_file:84 - Loading File 126d5170-aeda-170b-a26a-5ee18b267f4a
2026-07-28 09:48:37.558 | INFO     | monitor:scan:273 - Reached Old Files
2026-07-28 09:48:37.558 | INFO     | monitor:scan:303 - No New Serial
2026-07-28 09:48:37.558 | INFO     | monitor:scan:325 - Nothing Changed
2026-07-28 09:48:37.559 | SUCCESS  | monitor:scan:331 - Scan Finished
2026-07-28 09:48:37.559 | INFO     | monitor:start:67 - Sleep 60 Seconds
2026-07-28 09:49:37.560 | INFO     | auth.login:ensure_login:354 - Checking Login...
2026-07-28 09:49:37.561 | SUCCESS  | auth.login:load_saved_token:192 - Saved Token Loaded
2026-07-28 09:49:37.561 | SUCCESS  | auth.login:ensure_login:362 - Using Saved Token
2026-07-28 09:49:37.561 | INFO     | monitor:scan:111 - Scanning Website...
2026-07-28 09:49:37.562 | INFO     | monitor:scan:125 - Loading Page 1
2026-07-28 09:49:37.562 | INFO     | api:get_files:60 - Loading Page 1
2026-07-28 09:49:39.793 | INFO     | api:get_file:84 - Loading File 126d5170-aeda-170b-a26a-5ee18b267f4a
2026-07-28 09:49:40.020 | INFO     | monitor:scan:273 - Reached Old Files
2026-07-28 09:49:40.020 | INFO     | monitor:scan:303 - No New Serial
2026-07-28 09:49:40.020 | INFO     | monitor:scan:325 - Nothing Changed
2026-07-28 09:49:40.020 | SUCCESS  | monitor:scan:331 - Scan Finished
2026-07-28 09:49:40.020 | INFO     | monitor:start:67 - Sleep 60 Seconds
2026-07-28 09:50:40.021 | INFO     | auth.login:ensure_login:354 - Checking Login...
2026-07-28 09:50:40.023 | SUCCESS  | auth.login:load_saved_token:192 - Saved Token Loaded
2026-07-28 09:50:40.023 | SUCCESS  | auth.login:ensure_login:362 - Using Saved Token
2026-07-28 09:50:40.024 | INFO     | monitor:scan:111 - Scanning Website...
2026-07-28 09:50:40.025 | INFO     | monitor:scan:125 - Loading Page 1
2026-07-28 09:50:40.026 | INFO     | api:get_files:60 - Loading Page 1
2026-07-28 09:50:40.613 | WARNING  | auth.login:get:411 - Access Token Expired
2026-07-28 09:50:40.614 | INFO     | auth.login:login:262 - Logging in...
2026-07-28 09:50:41.079 | SUCCESS  | auth.login:save_token:242 - Token Saved
2026-07-28 09:50:41.080 | SUCCESS  | auth.login:login:340 - Login Successful
2026-07-28 09:50:43.874 | INFO     | api:get_file:84 - Loading File 126d5170-aeda-170b-a26a-5ee18b267f4a
2026-07-28 09:50:44.096 | INFO     | monitor:scan:273 - Reached Old Files
2026-07-28 09:50:44.097 | INFO     | monitor:scan:303 - No New Serial
2026-07-28 09:50:44.097 | INFO     | monitor:scan:325 - Nothing Changed
2026-07-28 09:50:44.097 | SUCCESS  | monitor:scan:331 - Scan Finished
2026-07-28 09:50:44.099 | INFO     | monitor:start:67 - Sleep 60 Seconds
2026-07-28 09:51:44.100 | INFO     | auth.login:ensure_login:354 - Checking Login...
2026-07-28 09:51:44.119 | SUCCESS  | auth.login:load_saved_token:192 - Saved Token Loaded
2026-07-28 09:51:44.119 | SUCCESS  | auth.login:ensure_login:362 - Using Saved Token
2026-07-28 09:51:44.119 | INFO     | monitor:scan:111 - Scanning Website...
2026-07-28 09:51:44.120 | INFO     | monitor:scan:125 - Loading Page 1
2026-07-28 09:51:44.120 | INFO     | api:get_files:60 - Loading Page 1
2026-07-28 09:51:45.685 | INFO     | api:get_file:84 - Loading File 126d5170-aeda-170b-a26a-5ee18b267f4a
2026-07-28 09:51:45.914 | INFO     | monitor:scan:273 - Reached Old Files
2026-07-28 09:51:45.914 | INFO     | monitor:scan:303 - No New Serial
2026-07-28 09:51:45.915 | INFO     | monitor:scan:325 - Nothing Changed
2026-07-28 09:51:45.915 | SUCCESS  | monitor:scan:331 - Scan Finished
2026-07-28 09:51:45.916 | INFO     | monitor:start:67 - Sleep 60 Seconds
2026-07-28 09:52:45.917 | INFO     | auth.login:ensure_login:354 - Checking Login...
2026-07-28 09:52:45.919 | SUCCESS  | auth.login:load_saved_token:192 - Saved Token Loaded
2026-07-28 09:52:45.920 | SUCCESS  | auth.login:ensure_login:362 - Using Saved Token
2026-07-28 09:52:45.920 | INFO     | monitor:scan:111 - Scanning Website...
2026-07-28 09:52:45.922 | INFO     | monitor:scan:125 - Loading Page 1
2026-07-28 09:52:45.922 | INFO     | api:get_files:60 - Loading Page 1
2026-07-28 09:52:47.336 | INFO     | api:get_file:84 - Loading File 126d5170-aeda-170b-a26a-5ee18b267f4a
2026-07-28 09:52:47.556 | INFO     | monitor:scan:273 - Reached Old Files
2026-07-28 09:52:47.556 | INFO     | monitor:scan:303 - No New Serial
2026-07-28 09:52:47.557 | INFO     | monitor:scan:325 - Nothing Changed
2026-07-28 09:52:47.557 | SUCCESS  | monitor:scan:331 - Scan Finished
2026-07-28 09:52:47.557 | INFO     | monitor:start:67 - Sleep 60 Seconds
2026-07-28 09:53:47.557 | INFO     | auth.login:ensure_login:354 - Checking Login...
2026-07-28 09:53:47.558 | SUCCESS  | auth.login:load_saved_token:192 - Saved Token Loaded
2026-07-28 09:53:47.558 | SUCCESS  | auth.login:ensure_login:362 - Using Saved Token
2026-07-28 09:53:47.558 | INFO     | monitor:scan:111 - Scanning Website...
2026-07-28 09:53:47.559 | INFO     | monitor:scan:125 - Loading Page 1
2026-07-28 09:53:47.559 | INFO     | api:get_files:60 - Loading Page 1
2026-07-28 09:53:51.132 | INFO     | api:get_file:84 - Loading File 126d5170-aeda-170b-a26a-5ee18b267f4a
2026-07-28 09:53:51.558 | INFO     | monitor:scan:273 - Reached Old Files
2026-07-28 09:53:51.558 | INFO     | monitor:scan:303 - No New Serial
2026-07-28 09:53:51.559 | INFO     | monitor:scan:325 - Nothing Changed
2026-07-28 09:53:51.559 | SUCCESS  | monitor:scan:331 - Scan Finished
2026-07-28 09:53:51.560 | INFO     | monitor:start:67 - Sleep 60 Seconds
2026-07-28 09:54:51.561 | INFO     | auth.login:ensure_login:354 - Checking Login...
2026-07-28 09:54:51.562 | SUCCESS  | auth.login:load_saved_token:192 - Saved Token Loaded
2026-07-28 09:54:51.563 | SUCCESS  | auth.login:ensure_login:362 - Using Saved Token
2026-07-28 09:54:51.563 | INFO     | monitor:scan:111 - Scanning Website...
2026-07-28 09:54:51.564 | INFO     | monitor:scan:125 - Loading Page 1
2026-07-28 09:54:51.564 | INFO     | api:get_files:60 - Loading Page 1
2026-07-28 09:54:53.095 | INFO     | api:get_file:84 - Loading File 126d5170-aeda-170b-a26a-5ee18b267f4a
2026-07-28 09:54:53.323 | INFO     | monitor:scan:273 - Reached Old Files
2026-07-28 09:54:53.324 | INFO     | monitor:scan:303 - No New Serial
2026-07-28 09:54:53.325 | INFO     | monitor:scan:325 - Nothing Changed
2026-07-28 09:54:53.325 | SUCCESS  | monitor:scan:331 - Scan Finished
2026-07-28 09:54:53.325 | INFO     | monitor:start:67 - Sleep 60 Seconds
2026-07-28 09:55:53.327 | INFO     | auth.login:ensure_login:354 - Checking Login...
2026-07-28 09:55:53.329 | SUCCESS  | auth.login:load_saved_token:192 - Saved Token Loaded
2026-07-28 09:55:53.330 | SUCCESS  | auth.login:ensure_login:362 - Using Saved Token
2026-07-28 09:55:53.331 | INFO     | monitor:scan:111 - Scanning Website...
2026-07-28 09:55:53.332 | INFO     | monitor:scan:125 - Loading Page 1
2026-07-28 09:55:53.333 | INFO     | api:get_files:60 - Loading Page 1
2026-07-28 09:55:54.823 | INFO     | api:get_file:84 - Loading File 126d5170-aeda-170b-a26a-5ee18b267f4a
2026-07-28 09:55:55.039 | INFO     | monitor:scan:273 - Reached Old Files
2026-07-28 09:55:55.039 | INFO     | monitor:scan:303 - No New Serial
2026-07-28 09:55:55.040 | INFO     | monitor:scan:325 - Nothing Changed
2026-07-28 09:55:55.040 | SUCCESS  | monitor:scan:331 - Scan Finished
2026-07-28 09:55:55.040 | INFO     | monitor:start:67 - Sleep 60 Seconds
2026-07-28 09:56:55.040 | INFO     | auth.login:ensure_login:354 - Checking Login...
2026-07-28 09:56:55.041 | SUCCESS  | auth.login:load_saved_token:192 - Saved Token Loaded
2026-07-28 09:56:55.042 | SUCCESS  | auth.login:ensure_login:362 - Using Saved Token
2026-07-28 09:56:55.042 | INFO     | monitor:scan:111 - Scanning Website...
2026-07-28 09:56:55.043 | INFO     | monitor:scan:125 - Loading Page 1
2026-07-28 09:56:55.043 | INFO     | api:get_files:60 - Loading Page 1
2026-07-28 09:56:57.067 | INFO     | api:get_file:84 - Loading File 126d5170-aeda-170b-a26a-5ee18b267f4a
2026-07-28 09:56:57.294 | INFO     | monitor:scan:273 - Reached Old Files
2026-07-28 09:56:57.294 | INFO     | monitor:scan:303 - No New Serial
2026-07-28 09:56:57.295 | INFO     | monitor:scan:325 - Nothing Changed
2026-07-28 09:56:57.295 | SUCCESS  | monitor:scan:331 - Scan Finished
2026-07-28 09:56:57.296 | INFO     | monitor:start:67 - Sleep 60 Seconds
2026-07-28 09:57:57.297 | INFO     | auth.login:ensure_login:354 - Checking Login...
2026-07-28 09:57:57.299 | SUCCESS  | auth.login:load_saved_token:192 - Saved Token Loaded
2026-07-28 09:57:57.300 | SUCCESS  | auth.login:ensure_login:362 - Using Saved Token
2026-07-28 09:57:57.300 | INFO     | monitor:scan:111 - Scanning Website...
2026-07-28 09:57:57.302 | INFO     | monitor:scan:125 - Loading Page 1
2026-07-28 09:57:57.303 | INFO     | api:get_files:60 - Loading Page 1
2026-07-28 09:57:59.195 | INFO     | api:get_file:84 - Loading File 126d5170-aeda-170b-a26a-5ee18b267f4a
2026-07-28 09:57:59.422 | INFO     | monitor:scan:273 - Reached Old Files
2026-07-28 09:57:59.422 | INFO     | monitor:scan:303 - No New Serial
2026-07-28 09:57:59.423 | INFO     | monitor:scan:325 - Nothing Changed
2026-07-28 09:57:59.423 | SUCCESS  | monitor:scan:331 - Scan Finished
2026-07-28 09:57:59.423 | INFO     | monitor:start:67 - Sleep 60 Seconds
2026-07-28 09:58:59.424 | INFO     | auth.login:ensure_login:354 - Checking Login...
2026-07-28 09:58:59.425 | SUCCESS  | auth.login:load_saved_token:192 - Saved Token Loaded
2026-07-28 09:58:59.425 | SUCCESS  | auth.login:ensure_login:362 - Using Saved Token
2026-07-28 09:58:59.426 | INFO     | monitor:scan:111 - Scanning Website...
2026-07-28 09:58:59.427 | INFO     | monitor:scan:125 - Loading Page 1
2026-07-28 09:58:59.427 | INFO     | api:get_files:60 - Loading Page 1
2026-07-28 09:59:01.516 | INFO     | api:get_file:84 - Loading File 126d5170-aeda-170b-a26a-5ee18b267f4a
2026-07-28 09:59:01.723 | INFO     | monitor:scan:273 - Reached Old Files
2026-07-28 09:59:01.724 | INFO     | monitor:scan:303 - No New Serial
2026-07-28 09:59:01.724 | INFO     | monitor:scan:325 - Nothing Changed
2026-07-28 09:59:01.724 | SUCCESS  | monitor:scan:331 - Scan Finished
2026-07-28 09:59:01.724 | INFO     | monitor:start:67 - Sleep 60 Seconds
2026-07-28 10:00:01.725 | INFO     | auth.login:ensure_login:354 - Checking Login...
2026-07-28 10:00:01.725 | SUCCESS  | auth.login:load_saved_token:192 - Saved Token Loaded
2026-07-28 10:00:01.725 | SUCCESS  | auth.login:ensure_login:362 - Using Saved Token
2026-07-28 10:00:01.726 | INFO     | monitor:scan:111 - Scanning Website...
2026-07-28 10:00:01.726 | INFO     | monitor:scan:125 - Loading Page 1
2026-07-28 10:00:01.726 | INFO     | api:get_files:60 - Loading Page 1
2026-07-28 10:00:03.388 | INFO     | api:get_file:84 - Loading File 126d5170-aeda-170b-a26a-5ee18b267f4a
2026-07-28 10:00:03.615 | INFO     | monitor:scan:273 - Reached Old Files
2026-07-28 10:00:03.615 | INFO     | monitor:scan:303 - No New Serial
2026-07-28 10:00:03.615 | INFO     | monitor:scan:325 - Nothing Changed
2026-07-28 10:00:03.615 | SUCCESS  | monitor:scan:331 - Scan Finished
2026-07-28 10:00:03.616 | INFO     | monitor:start:67 - Sleep 60 Seconds
2026-07-28 10:01:03.616 | INFO     | auth.login:ensure_login:354 - Checking Login...
2026-07-28 10:01:03.617 | SUCCESS  | auth.login:load_saved_token:192 - Saved Token Loaded
2026-07-28 10:01:03.617 | SUCCESS  | auth.login:ensure_login:362 - Using Saved Token
2026-07-28 10:01:03.617 | INFO     | monitor:scan:111 - Scanning Website...
2026-07-28 10:01:03.618 | INFO     | monitor:scan:125 - Loading Page 1
2026-07-28 10:01:03.618 | INFO     | api:get_files:60 - Loading Page 1
2026-07-28 10:01:04.060 | WARNING  | auth.login:get:411 - Access Token Expired
2026-07-28 10:01:04.060 | INFO     | auth.login:login:262 - Logging in...
2026-07-28 10:01:04.557 | SUCCESS  | auth.login:save_token:242 - Token Saved
2026-07-28 10:01:04.557 | SUCCESS  | auth.login:login:340 - Login Successful
2026-07-28 10:01:05.686 | INFO     | api:get_file:84 - Loading File 126d5170-aeda-170b-a26a-5ee18b267f4a
2026-07-28 10:01:05.911 | INFO     | monitor:scan:273 - Reached Old Files
2026-07-28 10:01:05.911 | INFO     | monitor:scan:303 - No New Serial
2026-07-28 10:01:05.911 | INFO     | monitor:scan:325 - Nothing Changed
2026-07-28 10:01:05.911 | SUCCESS  | monitor:scan:331 - Scan Finished
2026-07-28 10:01:05.912 | INFO     | monitor:start:67 - Sleep 60 Seconds
2026-07-28 10:02:05.913 | INFO     | auth.login:ensure_login:354 - Checking Login...
2026-07-28 10:02:05.921 | SUCCESS  | auth.login:load_saved_token:192 - Saved Token Loaded
2026-07-28 10:02:05.922 | SUCCESS  | auth.login:ensure_login:362 - Using Saved Token
2026-07-28 10:02:05.922 | INFO     | monitor:scan:111 - Scanning Website...
2026-07-28 10:02:05.922 | INFO     | monitor:scan:125 - Loading Page 1
2026-07-28 10:02:05.922 | INFO     | api:get_files:60 - Loading Page 1
2026-07-28 10:02:07.618 | INFO     | api:get_file:84 - Loading File 126d5170-aeda-170b-a26a-5ee18b267f4a
2026-07-28 10:02:07.842 | INFO     | monitor:scan:273 - Reached Old Files
2026-07-28 10:02:07.842 | INFO     | monitor:scan:303 - No New Serial
2026-07-28 10:02:07.842 | INFO     | monitor:scan:325 - Nothing Changed
2026-07-28 10:02:07.842 | SUCCESS  | monitor:scan:331 - Scan Finished
2026-07-28 10:02:07.842 | INFO     | monitor:start:67 - Sleep 60 Seconds
2026-07-28 10:03:07.843 | INFO     | auth.login:ensure_login:354 - Checking Login...
2026-07-28 10:03:07.844 | SUCCESS  | auth.login:load_saved_token:192 - Saved Token Loaded
2026-07-28 10:03:07.844 | SUCCESS  | auth.login:ensure_login:362 - Using Saved Token
2026-07-28 10:03:07.844 | INFO     | monitor:scan:111 - Scanning Website...
2026-07-28 10:03:07.845 | INFO     | monitor:scan:125 - Loading Page 1
2026-07-28 10:03:07.845 | INFO     | api:get_files:60 - Loading Page 1
2026-07-28 10:03:10.966 | INFO     | api:get_file:84 - Loading File 126d5170-aeda-170b-a26a-5ee18b267f4a
2026-07-28 10:03:11.192 | INFO     | monitor:scan:273 - Reached Old Files
2026-07-28 10:03:11.192 | INFO     | monitor:scan:303 - No New Serial
2026-07-28 10:03:11.192 | INFO     | monitor:scan:325 - Nothing Changed
2026-07-28 10:03:11.193 | SUCCESS  | monitor:scan:331 - Scan Finished
2026-07-28 10:03:11.194 | INFO     | monitor:start:67 - Sleep 60 Seconds
2026-07-28 10:04:11.195 | INFO     | auth.login:ensure_login:354 - Checking Login...
2026-07-28 10:04:11.197 | SUCCESS  | auth.login:load_saved_token:192 - Saved Token Loaded
2026-07-28 10:04:11.198 | SUCCESS  | auth.login:ensure_login:362 - Using Saved Token
2026-07-28 10:04:11.199 | INFO     | monitor:scan:111 - Scanning Website...
2026-07-28 10:04:11.200 | INFO     | monitor:scan:125 - Loading Page 1
2026-07-28 10:04:11.201 | INFO     | api:get_files:60 - Loading Page 1
2026-07-28 10:04:13.063 | INFO     | api:get_file:84 - Loading File 126d5170-aeda-170b-a26a-5ee18b267f4a
2026-07-28 10:04:13.289 | INFO     | monitor:scan:273 - Reached Old Files
2026-07-28 10:04:13.290 | INFO     | monitor:scan:303 - No New Serial
2026-07-28 10:04:13.290 | INFO     | monitor:scan:325 - Nothing Changed
2026-07-28 10:04:13.290 | SUCCESS  | monitor:scan:331 - Scan Finished
2026-07-28 10:04:13.291 | INFO     | monitor:start:67 - Sleep 60 Seconds
2026-07-28 10:05:13.291 | INFO     | auth.login:ensure_login:354 - Checking Login...
2026-07-28 10:05:13.293 | SUCCESS  | auth.login:load_saved_token:192 - Saved Token Loaded
2026-07-28 10:05:13.293 | SUCCESS  | auth.login:ensure_login:362 - Using Saved Token
2026-07-28 10:05:13.294 | INFO     | monitor:scan:111 - Scanning Website...
2026-07-28 10:05:13.296 | INFO     | monitor:scan:125 - Loading Page 1
2026-07-28 10:05:13.297 | INFO     | api:get_files:60 - Loading Page 1
2026-07-28 10:05:14.826 | INFO     | api:get_file:84 - Loading File 126d5170-aeda-170b-a26a-5ee18b267f4a
2026-07-28 10:05:15.054 | INFO     | monitor:scan:273 - Reached Old Files
2026-07-28 10:05:15.055 | INFO     | monitor:scan:303 - No New Serial
2026-07-28 10:05:15.055 | INFO     | monitor:scan:325 - Nothing Changed
2026-07-28 10:05:15.056 | SUCCESS  | monitor:scan:331 - Scan Finished
2026-07-28 10:05:15.057 | INFO     | monitor:start:67 - Sleep 60 Seconds
2026-07-28 10:06:15.058 | INFO     | auth.login:ensure_login:354 - Checking Login...
2026-07-28 10:06:15.062 | SUCCESS  | auth.login:load_saved_token:192 - Saved Token Loaded
2026-07-28 10:06:15.064 | SUCCESS  | auth.login:ensure_login:362 - Using Saved Token
2026-07-28 10:06:15.065 | INFO     | monitor:scan:111 - Scanning Website...
2026-07-28 10:06:15.067 | INFO     | monitor:scan:125 - Loading Page 1
2026-07-28 10:06:15.067 | INFO     | api:get_files:60 - Loading Page 1
2026-07-28 10:06:18.084 | INFO     | api:get_file:84 - Loading File 126d5170-aeda-170b-a26a-5ee18b267f4a
2026-07-28 10:06:18.309 | INFO     | monitor:scan:273 - Reached Old Files
2026-07-28 10:06:18.309 | INFO     | monitor:scan:303 - No New Serial
2026-07-28 10:06:18.309 | INFO     | monitor:scan:325 - Nothing Changed
2026-07-28 10:06:18.309 | SUCCESS  | monitor:scan:331 - Scan Finished
2026-07-28 10:06:18.310 | INFO     | monitor:start:67 - Sleep 60 Seconds
2026-07-28 10:07:18.310 | INFO     | auth.login:ensure_login:354 - Checking Login...
2026-07-28 10:07:18.313 | SUCCESS  | auth.login:load_saved_token:192 - Saved Token Loaded
2026-07-28 10:07:18.313 | SUCCESS  | auth.login:ensure_login:362 - Using Saved Token
2026-07-28 10:07:18.313 | INFO     | monitor:scan:111 - Scanning Website...
2026-07-28 10:07:18.315 | INFO     | monitor:scan:125 - Loading Page 1
2026-07-28 10:07:18.315 | INFO     | api:get_files:60 - Loading Page 1
2026-07-28 10:07:19.857 | INFO     | api:get_file:84 - Loading File 126d5170-aeda-170b-a26a-5ee18b267f4a
2026-07-28 10:07:20.087 | INFO     | monitor:scan:273 - Reached Old Files
2026-07-28 10:07:20.088 | INFO     | monitor:scan:303 - No New Serial
2026-07-28 10:07:20.088 | INFO     | monitor:scan:325 - Nothing Changed
2026-07-28 10:07:20.089 | SUCCESS  | monitor:scan:331 - Scan Finished
2026-07-28 10:07:20.090 | INFO     | monitor:start:67 - Sleep 60 Seconds
2026-07-28 10:08:20.091 | INFO     | auth.login:ensure_login:354 - Checking Login...
2026-07-28 10:08:20.092 | SUCCESS  | auth.login:load_saved_token:192 - Saved Token Loaded
2026-07-28 10:08:20.092 | SUCCESS  | auth.login:ensure_login:362 - Using Saved Token
2026-07-28 10:08:20.092 | INFO     | monitor:scan:111 - Scanning Website...
2026-07-28 10:08:20.093 | INFO     | monitor:scan:125 - Loading Page 1
2026-07-28 10:08:20.093 | INFO     | api:get_files:60 - Loading Page 1
2026-07-28 10:08:23.427 | INFO     | api:get_file:84 - Loading File 126d5170-aeda-170b-a26a-5ee18b267f4a
2026-07-28 10:08:23.658 | INFO     | monitor:scan:273 - Reached Old Files
2026-07-28 10:08:23.659 | INFO     | monitor:scan:303 - No New Serial
2026-07-28 10:08:23.660 | INFO     | monitor:scan:325 - Nothing Changed
2026-07-28 10:08:23.660 | SUCCESS  | monitor:scan:331 - Scan Finished
2026-07-28 10:08:23.660 | INFO     | monitor:start:67 - Sleep 60 Seconds
2026-07-28 10:09:23.661 | INFO     | auth.login:ensure_login:354 - Checking Login...
2026-07-28 10:09:23.664 | SUCCESS  | auth.login:load_saved_token:192 - Saved Token Loaded
2026-07-28 10:09:23.665 | SUCCESS  | auth.login:ensure_login:362 - Using Saved Token
2026-07-28 10:09:23.666 | INFO     | monitor:scan:111 - Scanning Website...
2026-07-28 10:09:23.669 | INFO     | monitor:scan:125 - Loading Page 1
2026-07-28 10:09:23.670 | INFO     | api:get_files:60 - Loading Page 1
2026-07-28 10:09:25.589 | INFO     | api:get_file:84 - Loading File 126d5170-aeda-170b-a26a-5ee18b267f4a
2026-07-28 10:09:25.818 | INFO     | monitor:scan:273 - Reached Old Files
2026-07-28 10:09:25.818 | INFO     | monitor:scan:303 - No New Serial
2026-07-28 10:09:25.818 | INFO     | monitor:scan:325 - Nothing Changed
2026-07-28 10:09:25.819 | SUCCESS  | monitor:scan:331 - Scan Finished
2026-07-28 10:09:25.819 | INFO     | monitor:start:67 - Sleep 60 Seconds
2026-07-28 10:10:25.820 | INFO     | auth.login:ensure_login:354 - Checking Login...
2026-07-28 10:10:25.821 | SUCCESS  | auth.login:load_saved_token:192 - Saved Token Loaded
2026-07-28 10:10:25.822 | SUCCESS  | auth.login:ensure_login:362 - Using Saved Token
2026-07-28 10:10:25.822 | INFO     | monitor:scan:111 - Scanning Website...
2026-07-28 10:10:25.823 | INFO     | monitor:scan:125 - Loading Page 1
2026-07-28 10:10:25.824 | INFO     | api:get_files:60 - Loading Page 1
2026-07-28 10:10:27.367 | INFO     | api:get_file:84 - Loading File 126d5170-aeda-170b-a26a-5ee18b267f4a
2026-07-28 10:10:27.597 | INFO     | monitor:scan:273 - Reached Old Files
2026-07-28 10:10:27.598 | INFO     | monitor:scan:303 - No New Serial
2026-07-28 10:10:27.598 | INFO     | monitor:scan:325 - Nothing Changed
2026-07-28 10:10:27.599 | SUCCESS  | monitor:scan:331 - Scan Finished
2026-07-28 10:10:27.600 | INFO     | monitor:start:67 - Sleep 60 Seconds
2026-07-28 10:11:27.601 | INFO     | auth.login:ensure_login:354 - Checking Login...
2026-07-28 10:11:27.602 | SUCCESS  | auth.login:load_saved_token:192 - Saved Token Loaded
2026-07-28 10:11:27.602 | SUCCESS  | auth.login:ensure_login:362 - Using Saved Token
2026-07-28 10:11:27.602 | INFO     | monitor:scan:111 - Scanning Website...
2026-07-28 10:11:27.602 | INFO     | monitor:scan:125 - Loading Page 1
2026-07-28 10:11:27.602 | INFO     | api:get_files:60 - Loading Page 1
2026-07-28 10:11:28.034 | WARNING  | auth.login:get:411 - Access Token Expired
2026-07-28 10:11:28.035 | INFO     | auth.login:login:262 - Logging in...
2026-07-28 10:11:28.473 | SUCCESS  | auth.login:save_token:242 - Token Saved
2026-07-28 10:11:28.473 | SUCCESS  | auth.login:login:340 - Login Successful
2026-07-28 10:11:29.809 | INFO     | api:get_file:84 - Loading File 126d5170-aeda-170b-a26a-5ee18b267f4a
2026-07-28 10:11:30.013 | INFO     | monitor:scan:273 - Reached Old Files
2026-07-28 10:11:30.013 | INFO     | monitor:scan:303 - No New Serial
2026-07-28 10:11:30.013 | INFO     | monitor:scan:325 - Nothing Changed
2026-07-28 10:11:30.013 | SUCCESS  | monitor:scan:331 - Scan Finished
2026-07-28 10:11:30.014 | INFO     | monitor:start:67 - Sleep 60 Seconds
2026-07-28 10:12:30.014 | INFO     | auth.login:ensure_login:354 - Checking Login...
2026-07-28 10:12:30.025 | SUCCESS  | auth.login:load_saved_token:192 - Saved Token Loaded
2026-07-28 10:12:30.026 | SUCCESS  | auth.login:ensure_login:362 - Using Saved Token
2026-07-28 10:12:30.026 | INFO     | monitor:scan:111 - Scanning Website...
2026-07-28 10:12:30.026 | INFO     | monitor:scan:125 - Loading Page 1
2026-07-28 10:12:30.027 | INFO     | api:get_files:60 - Loading Page 1
2026-07-28 10:12:31.558 | INFO     | api:get_file:84 - Loading File 126d5170-aeda-170b-a26a-5ee18b267f4a
2026-07-28 10:12:31.775 | INFO     | monitor:scan:273 - Reached Old Files
2026-07-28 10:12:31.775 | INFO     | monitor:scan:303 - No New Serial
2026-07-28 10:12:31.776 | INFO     | monitor:scan:325 - Nothing Changed
2026-07-28 10:12:31.776 | SUCCESS  | monitor:scan:331 - Scan Finished
2026-07-28 10:12:31.776 | INFO     | monitor:start:67 - Sleep 60 Seconds
2026-07-28 10:13:31.777 | INFO     | auth.login:ensure_login:354 - Checking Login...
2026-07-28 10:13:31.777 | SUCCESS  | auth.login:load_saved_token:192 - Saved Token Loaded
2026-07-28 10:13:31.778 | SUCCESS  | auth.login:ensure_login:362 - Using Saved Token
2026-07-28 10:13:31.778 | INFO     | monitor:scan:111 - Scanning Website...
2026-07-28 10:13:31.778 | INFO     | monitor:scan:125 - Loading Page 1
2026-07-28 10:13:31.778 | INFO     | api:get_files:60 - Loading Page 1
2026-07-28 10:13:35.593 | INFO     | api:get_file:84 - Loading File 126d5170-aeda-170b-a26a-5ee18b267f4a
2026-07-28 10:13:35.814 | INFO     | monitor:scan:273 - Reached Old Files
2026-07-28 10:13:35.815 | INFO     | monitor:scan:303 - No New Serial
2026-07-28 10:13:35.815 | INFO     | monitor:scan:325 - Nothing Changed
2026-07-28 10:13:35.815 | SUCCESS  | monitor:scan:331 - Scan Finished
2026-07-28 10:13:35.815 | INFO     | monitor:start:67 - Sleep 60 Seconds
2026-07-28 10:14:35.815 | INFO     | auth.login:ensure_login:354 - Checking Login...
2026-07-28 10:14:35.817 | SUCCESS  | auth.login:load_saved_token:192 - Saved Token Loaded
2026-07-28 10:14:35.817 | SUCCESS  | auth.login:ensure_login:362 - Using Saved Token
2026-07-28 10:14:35.817 | INFO     | monitor:scan:111 - Scanning Website...
2026-07-28 10:14:35.818 | INFO     | monitor:scan:125 - Loading Page 1
2026-07-28 10:14:35.818 | INFO     | api:get_files:60 - Loading Page 1
2026-07-28 10:14:37.332 | INFO     | api:get_file:84 - Loading File 126d5170-aeda-170b-a26a-5ee18b267f4a
2026-07-28 10:14:37.559 | INFO     | monitor:scan:273 - Reached Old Files
2026-07-28 10:14:37.559 | INFO     | monitor:scan:303 - No New Serial
2026-07-28 10:14:37.560 | INFO     | monitor:scan:325 - Nothing Changed
2026-07-28 10:14:37.560 | SUCCESS  | monitor:scan:331 - Scan Finished
2026-07-28 10:14:37.560 | INFO     | monitor:start:67 - Sleep 60 Seconds
2026-07-28 10:15:37.561 | INFO     | auth.login:ensure_login:354 - Checking Login...
2026-07-28 10:15:37.562 | SUCCESS  | auth.login:load_saved_token:192 - Saved Token Loaded
2026-07-28 10:15:37.562 | SUCCESS  | auth.login:ensure_login:362 - Using Saved Token
2026-07-28 10:15:37.562 | INFO     | monitor:scan:111 - Scanning Website...
2026-07-28 10:15:37.562 | INFO     | monitor:scan:125 - Loading Page 1
2026-07-28 10:15:37.563 | INFO     | api:get_files:60 - Loading Page 1
2026-07-28 10:15:39.118 | INFO     | api:get_file:84 - Loading File 126d5170-aeda-170b-a26a-5ee18b267f4a
2026-07-28 10:15:39.332 | INFO     | monitor:scan:273 - Reached Old Files
2026-07-28 10:15:39.333 | INFO     | monitor:scan:303 - No New Serial
2026-07-28 10:15:39.333 | INFO     | monitor:scan:325 - Nothing Changed
2026-07-28 10:15:39.333 | SUCCESS  | monitor:scan:331 - Scan Finished
2026-07-28 10:15:39.334 | INFO     | monitor:start:67 - Sleep 60 Seconds
2026-07-28 10:16:39.334 | INFO     | auth.login:ensure_login:354 - Checking Login...
2026-07-28 10:16:39.336 | SUCCESS  | auth.login:load_saved_token:192 - Saved Token Loaded
2026-07-28 10:16:39.337 | SUCCESS  | auth.login:ensure_login:362 - Using Saved Token
2026-07-28 10:16:39.337 | INFO     | monitor:scan:111 - Scanning Website...
2026-07-28 10:16:39.338 | INFO     | monitor:scan:125 - Loading Page 1
2026-07-28 10:16:39.338 | INFO     | api:get_files:60 - Loading Page 1
2026-07-28 10:16:41.503 | INFO     | api:get_file:84 - Loading File 126d5170-aeda-170b-a26a-5ee18b267f4a
2026-07-28 10:16:41.732 | INFO     | monitor:scan:273 - Reached Old Files
2026-07-28 10:16:41.733 | INFO     | monitor:scan:303 - No New Serial
2026-07-28 10:16:41.733 | INFO     | monitor:scan:325 - Nothing Changed
2026-07-28 10:16:41.734 | SUCCESS  | monitor:scan:331 - Scan Finished
2026-07-28 10:16:41.734 | INFO     | monitor:start:67 - Sleep 60 Seconds
2026-07-28 10:17:41.735 | INFO     | auth.login:ensure_login:354 - Checking Login...
2026-07-28 10:17:41.738 | SUCCESS  | auth.login:load_saved_token:192 - Saved Token Loaded
2026-07-28 10:17:41.738 | SUCCESS  | auth.login:ensure_login:362 - Using Saved Token
2026-07-28 10:17:41.739 | INFO     | monitor:scan:111 - Scanning Website...
2026-07-28 10:17:41.740 | INFO     | monitor:scan:125 - Loading Page 1
2026-07-28 10:17:41.740 | INFO     | api:get_files:60 - Loading Page 1
2026-07-28 10:17:44.687 | INFO     | api:get_file:84 - Loading File 126d5170-aeda-170b-a26a-5ee18b267f4a
2026-07-28 10:17:44.915 | INFO     | monitor:scan:273 - Reached Old Files
2026-07-28 10:17:44.916 | INFO     | monitor:scan:303 - No New Serial
2026-07-28 10:17:44.917 | INFO     | monitor:scan:325 - Nothing Changed
2026-07-28 10:17:44.917 | SUCCESS  | monitor:scan:331 - Scan Finished
2026-07-28 10:17:44.918 | INFO     | monitor:start:67 - Sleep 60 Seconds
2026-07-28 10:18:44.919 | INFO     | auth.login:ensure_login:354 - Checking Login...
2026-07-28 10:18:44.921 | SUCCESS  | auth.login:load_saved_token:192 - Saved Token Loaded
2026-07-28 10:18:44.922 | SUCCESS  | auth.login:ensure_login:362 - Using Saved Token
2026-07-28 10:18:44.923 | INFO     | monitor:scan:111 - Scanning Website...
2026-07-28 10:18:44.926 | INFO     | monitor:scan:125 - Loading Page 1
2026-07-28 10:18:44.927 | INFO     | api:get_files:60 - Loading Page 1
2026-07-28 10:18:47.281 | INFO     | api:get_file:84 - Loading File 126d5170-aeda-170b-a26a-5ee18b267f4a
2026-07-28 10:18:47.502 | INFO     | monitor:scan:273 - Reached Old Files
2026-07-28 10:18:47.502 | INFO     | monitor:scan:303 - No New Serial
2026-07-28 10:18:47.503 | INFO     | monitor:scan:325 - Nothing Changed
2026-07-28 10:18:47.503 | SUCCESS  | monitor:scan:331 - Scan Finished
2026-07-28 10:18:47.504 | INFO     | monitor:start:67 - Sleep 60 Seconds
2026-07-28 10:19:47.505 | INFO     | auth.login:ensure_login:354 - Checking Login...
2026-07-28 10:19:47.507 | SUCCESS  | auth.login:load_saved_token:192 - Saved Token Loaded
2026-07-28 10:19:47.508 | SUCCESS  | auth.login:ensure_login:362 - Using Saved Token
2026-07-28 10:19:47.508 | INFO     | monitor:scan:111 - Scanning Website...
2026-07-28 10:19:47.509 | INFO     | monitor:scan:125 - Loading Page 1
2026-07-28 10:19:47.510 | INFO     | api:get_files:60 - Loading Page 1
2026-07-28 10:19:49.107 | INFO     | api:get_file:84 - Loading File 126d5170-aeda-170b-a26a-5ee18b267f4a
2026-07-28 10:19:49.326 | INFO     | monitor:scan:273 - Reached Old Files
2026-07-28 10:19:49.327 | INFO     | monitor:scan:303 - No New Serial
2026-07-28 10:19:49.327 | INFO     | monitor:scan:325 - Nothing Changed
2026-07-28 10:19:49.327 | SUCCESS  | monitor:scan:331 - Scan Finished
2026-07-28 10:19:49.328 | INFO     | monitor:start:67 - Sleep 60 Seconds
2026-07-28 10:20:49.328 | INFO     | auth.login:ensure_login:354 - Checking Login...
2026-07-28 10:20:49.329 | SUCCESS  | auth.login:load_saved_token:192 - Saved Token Loaded
2026-07-28 10:20:49.329 | SUCCESS  | auth.login:ensure_login:362 - Using Saved Token
2026-07-28 10:20:49.330 | INFO     | monitor:scan:111 - Scanning Website...
2026-07-28 10:20:49.330 | INFO     | monitor:scan:125 - Loading Page 1
2026-07-28 10:20:49.330 | INFO     | api:get_files:60 - Loading Page 1
2026-07-28 10:20:51.024 | INFO     | api:get_file:84 - Loading File 126d5170-aeda-170b-a26a-5ee18b267f4a
2026-07-28 10:20:51.245 | INFO     | monitor:scan:273 - Reached Old Files
2026-07-28 10:20:51.245 | INFO     | monitor:scan:303 - No New Serial
2026-07-28 10:20:51.246 | INFO     | monitor:scan:325 - Nothing Changed
2026-07-28 10:20:51.246 | SUCCESS  | monitor:scan:331 - Scan Finished
2026-07-28 10:20:51.247 | INFO     | monitor:start:67 - Sleep 60 Seconds
2026-07-28 10:21:51.248 | INFO     | auth.login:ensure_login:354 - Checking Login...
2026-07-28 10:21:51.251 | SUCCESS  | auth.login:load_saved_token:192 - Saved Token Loaded
2026-07-28 10:21:51.252 | SUCCESS  | auth.login:ensure_login:362 - Using Saved Token
2026-07-28 10:21:51.253 | INFO     | monitor:scan:111 - Scanning Website...
2026-07-28 10:21:51.254 | INFO     | monitor:scan:125 - Loading Page 1
2026-07-28 10:21:51.255 | INFO     | api:get_files:60 - Loading Page 1
2026-07-28 10:21:51.664 | WARNING  | auth.login:get:411 - Access Token Expired
2026-07-28 10:21:51.665 | INFO     | auth.login:login:262 - Logging in...
2026-07-28 10:21:52.139 | SUCCESS  | auth.login:save_token:242 - Token Saved
2026-07-28 10:21:52.140 | SUCCESS  | auth.login:login:340 - Login Successful
2026-07-28 10:21:54.536 | INFO     | api:get_file:84 - Loading File 126d5170-aeda-170b-a26a-5ee18b267f4a
2026-07-28 10:21:54.755 | INFO     | monitor:scan:273 - Reached Old Files
2026-07-28 10:21:54.755 | INFO     | monitor:scan:303 - No New Serial
2026-07-28 10:21:54.756 | INFO     | monitor:scan:325 - Nothing Changed
2026-07-28 10:21:54.756 | SUCCESS  | monitor:scan:331 - Scan Finished
2026-07-28 10:21:54.757 | INFO     | monitor:start:67 - Sleep 60 Seconds
2026-07-28 10:22:54.757 | INFO     | auth.login:ensure_login:354 - Checking Login...
2026-07-28 10:22:54.782 | SUCCESS  | auth.login:load_saved_token:192 - Saved Token Loaded
2026-07-28 10:22:54.783 | SUCCESS  | auth.login:ensure_login:362 - Using Saved Token
2026-07-28 10:22:54.783 | INFO     | monitor:scan:111 - Scanning Website...
2026-07-28 10:22:54.783 | INFO     | monitor:scan:125 - Loading Page 1
2026-07-28 10:22:54.784 | INFO     | api:get_files:60 - Loading Page 1
2026-07-28 10:22:56.330 | INFO     | api:get_file:84 - Loading File 126d5170-aeda-170b-a26a-5ee18b267f4a
2026-07-28 10:22:56.565 | INFO     | monitor:scan:273 - Reached Old Files
2026-07-28 10:22:56.565 | INFO     | monitor:scan:303 - No New Serial
2026-07-28 10:22:56.565 | INFO     | monitor:scan:325 - Nothing Changed
2026-07-28 10:22:56.566 | SUCCESS  | monitor:scan:331 - Scan Finished
2026-07-28 10:22:56.566 | INFO     | monitor:start:67 - Sleep 60 Seconds
2026-07-28 10:23:56.567 | INFO     | auth.login:ensure_login:354 - Checking Login...
2026-07-28 10:23:56.568 | SUCCESS  | auth.login:load_saved_token:192 - Saved Token Loaded
2026-07-28 10:23:56.569 | SUCCESS  | auth.login:ensure_login:362 - Using Saved Token
2026-07-28 10:23:56.569 | INFO     | monitor:scan:111 - Scanning Website...
2026-07-28 10:23:56.571 | INFO     | monitor:scan:125 - Loading Page 1
2026-07-28 10:23:56.571 | INFO     | api:get_files:60 - Loading Page 1
2026-07-28 10:23:58.183 | INFO     | api:get_file:84 - Loading File 126d5170-aeda-170b-a26a-5ee18b267f4a
2026-07-28 10:23:58.383 | INFO     | monitor:scan:273 - Reached Old Files
2026-07-28 10:23:58.383 | INFO     | monitor:scan:303 - No New Serial
2026-07-28 10:23:58.383 | INFO     | monitor:scan:325 - Nothing Changed
2026-07-28 10:23:58.383 | SUCCESS  | monitor:scan:331 - Scan Finished
2026-07-28 10:23:58.383 | INFO     | monitor:start:67 - Sleep 60 Seconds
2026-07-28 10:24:58.384 | INFO     | auth.login:ensure_login:354 - Checking Login...
2026-07-28 10:24:58.386 | SUCCESS  | auth.login:load_saved_token:192 - Saved Token Loaded
2026-07-28 10:24:58.386 | SUCCESS  | auth.login:ensure_login:362 - Using Saved Token
2026-07-28 10:24:58.386 | INFO     | monitor:scan:111 - Scanning Website...
2026-07-28 10:24:58.387 | INFO     | monitor:scan:125 - Loading Page 1
2026-07-28 10:24:58.388 | INFO     | api:get_files:60 - Loading Page 1
2026-07-28 10:24:59.820 | INFO     | api:get_file:84 - Loading File 126d5170-aeda-170b-a26a-5ee18b267f4a
2026-07-28 10:25:00.038 | INFO     | monitor:scan:273 - Reached Old Files
2026-07-28 10:25:00.039 | INFO     | monitor:scan:303 - No New Serial
2026-07-28 10:25:00.039 | INFO     | monitor:scan:325 - Nothing Changed
2026-07-28 10:25:00.039 | SUCCESS  | monitor:scan:331 - Scan Finished
2026-07-28 10:25:00.039 | INFO     | monitor:start:67 - Sleep 60 Seconds
2026-07-28 10:26:00.040 | INFO     | auth.login:ensure_login:354 - Checking Login...
2026-07-28 10:26:00.040 | SUCCESS  | auth.login:load_saved_token:192 - Saved Token Loaded
2026-07-28 10:26:00.041 | SUCCESS  | auth.login:ensure_login:362 - Using Saved Token
2026-07-28 10:26:00.041 | INFO     | monitor:scan:111 - Scanning Website...
2026-07-28 10:26:00.041 | INFO     | monitor:scan:125 - Loading Page 1
2026-07-28 10:26:00.042 | INFO     | api:get_files:60 - Loading Page 1
2026-07-28 10:26:01.640 | INFO     | api:get_file:84 - Loading File 126d5170-aeda-170b-a26a-5ee18b267f4a
2026-07-28 10:26:01.870 | INFO     | monitor:scan:273 - Reached Old Files
2026-07-28 10:26:01.871 | INFO     | monitor:scan:303 - No New Serial
2026-07-28 10:26:01.871 | INFO     | monitor:scan:325 - Nothing Changed
2026-07-28 10:26:01.872 | SUCCESS  | monitor:scan:331 - Scan Finished
2026-07-28 10:26:01.873 | INFO     | monitor:start:67 - Sleep 60 Seconds
2026-07-28 10:27:01.873 | INFO     | auth.login:ensure_login:354 - Checking Login...
2026-07-28 10:27:01.874 | SUCCESS  | auth.login:load_saved_token:192 - Saved Token Loaded
2026-07-28 10:27:01.874 | SUCCESS  | auth.login:ensure_login:362 - Using Saved Token
2026-07-28 10:27:01.874 | INFO     | monitor:scan:111 - Scanning Website...
2026-07-28 10:27:01.875 | INFO     | monitor:scan:125 - Loading Page 1
2026-07-28 10:27:01.875 | INFO     | api:get_files:60 - Loading Page 1
2026-07-28 10:27:03.424 | INFO     | api:get_file:84 - Loading File 126d5170-aeda-170b-a26a-5ee18b267f4a
2026-07-28 10:27:03.650 | INFO     | monitor:scan:273 - Reached Old Files
2026-07-28 10:27:03.650 | INFO     | monitor:scan:303 - No New Serial
2026-07-28 10:27:03.650 | INFO     | monitor:scan:325 - Nothing Changed
2026-07-28 10:27:03.650 | SUCCESS  | monitor:scan:331 - Scan Finished
2026-07-28 10:27:03.650 | INFO     | monitor:start:67 - Sleep 60 Seconds
2026-07-28 10:28:03.651 | INFO     | auth.login:ensure_login:354 - Checking Login...
2026-07-28 10:28:03.652 | SUCCESS  | auth.login:load_saved_token:192 - Saved Token Loaded
2026-07-28 10:28:03.652 | SUCCESS  | auth.login:ensure_login:362 - Using Saved Token
2026-07-28 10:28:03.652 | INFO     | monitor:scan:111 - Scanning Website...
2026-07-28 10:28:03.653 | INFO     | monitor:scan:125 - Loading Page 1
2026-07-28 10:28:03.653 | INFO     | api:get_files:60 - Loading Page 1
2026-07-28 10:28:05.301 | INFO     | api:get_file:84 - Loading File 126d5170-aeda-170b-a26a-5ee18b267f4a
2026-07-28 10:28:05.521 | INFO     | monitor:scan:273 - Reached Old Files
2026-07-28 10:28:05.521 | INFO     | monitor:scan:303 - No New Serial
2026-07-28 10:28:05.521 | INFO     | monitor:scan:325 - Nothing Changed
2026-07-28 10:28:05.521 | SUCCESS  | monitor:scan:331 - Scan Finished
2026-07-28 10:28:05.522 | INFO     | monitor:start:67 - Sleep 60 Seconds
2026-07-28 10:29:05.523 | INFO     | auth.login:ensure_login:354 - Checking Login...
2026-07-28 10:29:05.524 | SUCCESS  | auth.login:load_saved_token:192 - Saved Token Loaded
2026-07-28 10:29:05.524 | SUCCESS  | auth.login:ensure_login:362 - Using Saved Token
2026-07-28 10:29:05.524 | INFO     | monitor:scan:111 - Scanning Website...
2026-07-28 10:29:05.525 | INFO     | monitor:scan:125 - Loading Page 1
2026-07-28 10:29:05.525 | INFO     | api:get_files:60 - Loading Page 1
2026-07-28 10:29:07.164 | INFO     | api:get_file:84 - Loading File 126d5170-aeda-170b-a26a-5ee18b267f4a
2026-07-28 10:29:07.392 | INFO     | monitor:scan:273 - Reached Old Files
2026-07-28 10:29:07.392 | INFO     | monitor:scan:303 - No New Serial
2026-07-28 10:29:07.392 | INFO     | monitor:scan:325 - Nothing Changed
2026-07-28 10:29:07.392 | SUCCESS  | monitor:scan:331 - Scan Finished
2026-07-28 10:29:07.393 | INFO     | monitor:start:67 - Sleep 60 Seconds
2026-07-28 10:30:07.393 | INFO     | auth.login:ensure_login:354 - Checking Login...
2026-07-28 10:30:07.395 | SUCCESS  | auth.login:load_saved_token:192 - Saved Token Loaded
2026-07-28 10:30:07.396 | SUCCESS  | auth.login:ensure_login:362 - Using Saved Token
2026-07-28 10:30:07.397 | INFO     | monitor:scan:111 - Scanning Website...
2026-07-28 10:30:07.398 | INFO     | monitor:scan:125 - Loading Page 1
2026-07-28 10:30:07.399 | INFO     | api:get_files:60 - Loading Page 1
2026-07-28 10:30:08.879 | INFO     | api:get_file:84 - Loading File 126d5170-aeda-170b-a26a-5ee18b267f4a
2026-07-28 10:30:09.108 | INFO     | monitor:scan:273 - Reached Old Files
2026-07-28 10:30:09.109 | INFO     | monitor:scan:303 - No New Serial
2026-07-28 10:30:09.110 | INFO     | monitor:scan:325 - Nothing Changed
2026-07-28 10:30:09.111 | SUCCESS  | monitor:scan:331 - Scan Finished
2026-07-28 10:30:09.112 | INFO     | monitor:start:67 - Sleep 60 Seconds
2026-07-28 10:31:09.113 | INFO     | auth.login:ensure_login:354 - Checking Login...
2026-07-28 10:31:09.116 | SUCCESS  | auth.login:load_saved_token:192 - Saved Token Loaded
2026-07-28 10:31:09.117 | SUCCESS  | auth.login:ensure_login:362 - Using Saved Token
2026-07-28 10:31:09.118 | INFO     | monitor:scan:111 - Scanning Website...
2026-07-28 10:31:09.119 | INFO     | monitor:scan:125 - Loading Page 1
2026-07-28 10:31:09.120 | INFO     | api:get_files:60 - Loading Page 1
2026-07-28 10:31:12.735 | INFO     | api:get_file:84 - Loading File 126d5170-aeda-170b-a26a-5ee18b267f4a
2026-07-28 10:31:12.963 | INFO     | monitor:scan:273 - Reached Old Files
2026-07-28 10:31:12.963 | INFO     | monitor:scan:303 - No New Serial
2026-07-28 10:31:12.963 | INFO     | monitor:scan:325 - Nothing Changed
2026-07-28 10:31:12.963 | SUCCESS  | monitor:scan:331 - Scan Finished
2026-07-28 10:31:12.964 | INFO     | monitor:start:67 - Sleep 60 Seconds
2026-07-28 10:32:12.964 | INFO     | auth.login:ensure_login:354 - Checking Login...
2026-07-28 10:32:12.965 | SUCCESS  | auth.login:load_saved_token:192 - Saved Token Loaded
2026-07-28 10:32:12.965 | SUCCESS  | auth.login:ensure_login:362 - Using Saved Token
2026-07-28 10:32:12.965 | INFO     | monitor:scan:111 - Scanning Website...
2026-07-28 10:32:12.966 | INFO     | monitor:scan:125 - Loading Page 1
2026-07-28 10:32:12.967 | INFO     | api:get_files:60 - Loading Page 1
2026-07-28 10:32:13.381 | WARNING  | auth.login:get:411 - Access Token Expired
2026-07-28 10:32:13.382 | INFO     | auth.login:login:262 - Logging in...
2026-07-28 10:32:13.835 | SUCCESS  | auth.login:save_token:242 - Token Saved
2026-07-28 10:32:13.836 | SUCCESS  | auth.login:login:340 - Login Successful
2026-07-28 10:32:15.956 | INFO     | api:get_file:84 - Loading File 126d5170-aeda-170b-a26a-5ee18b267f4a
2026-07-28 10:32:16.173 | INFO     | monitor:scan:273 - Reached Old Files
2026-07-28 10:32:16.173 | INFO     | monitor:scan:303 - No New Serial
2026-07-28 10:32:16.173 | INFO     | monitor:scan:325 - Nothing Changed
2026-07-28 10:32:16.174 | SUCCESS  | monitor:scan:331 - Scan Finished
2026-07-28 10:32:16.174 | INFO     | monitor:start:67 - Sleep 60 Seconds
2026-07-28 10:33:16.175 | INFO     | auth.login:ensure_login:354 - Checking Login...
2026-07-28 10:33:16.184 | SUCCESS  | auth.login:load_saved_token:192 - Saved Token Loaded
2026-07-28 10:33:16.185 | SUCCESS  | auth.login:ensure_login:362 - Using Saved Token
2026-07-28 10:33:16.185 | INFO     | monitor:scan:111 - Scanning Website...
2026-07-28 10:33:16.185 | INFO     | monitor:scan:125 - Loading Page 1
2026-07-28 10:33:16.186 | INFO     | api:get_files:60 - Loading Page 1
2026-07-28 10:33:18.081 | INFO     | api:get_file:84 - Loading File 126d5170-aeda-170b-a26a-5ee18b267f4a
2026-07-28 10:33:18.298 | INFO     | monitor:scan:273 - Reached Old Files
2026-07-28 10:33:18.299 | INFO     | monitor:scan:303 - No New Serial
2026-07-28 10:33:18.299 | INFO     | monitor:scan:325 - Nothing Changed
2026-07-28 10:33:18.299 | SUCCESS  | monitor:scan:331 - Scan Finished
2026-07-28 10:33:18.299 | INFO     | monitor:start:67 - Sleep 60 Seconds
2026-07-28 10:34:18.299 | INFO     | auth.login:ensure_login:354 - Checking Login...
2026-07-28 10:34:18.303 | SUCCESS  | auth.login:load_saved_token:192 - Saved Token Loaded
2026-07-28 10:34:18.303 | SUCCESS  | auth.login:ensure_login:362 - Using Saved Token
2026-07-28 10:34:18.305 | INFO     | monitor:scan:111 - Scanning Website...
2026-07-28 10:34:18.308 | INFO     | monitor:scan:125 - Loading Page 1
2026-07-28 10:34:18.309 | INFO     | api:get_files:60 - Loading Page 1
2026-07-28 10:34:20.949 | INFO     | api:get_file:84 - Loading File 126d5170-aeda-170b-a26a-5ee18b267f4a
2026-07-28 10:34:21.176 | INFO     | monitor:scan:273 - Reached Old Files
2026-07-28 10:34:21.178 | INFO     | monitor:scan:303 - No New Serial
2026-07-28 10:34:21.180 | INFO     | monitor:scan:325 - Nothing Changed
2026-07-28 10:34:21.182 | SUCCESS  | monitor:scan:331 - Scan Finished
2026-07-28 10:34:21.183 | INFO     | monitor:start:67 - Sleep 60 Seconds
2026-07-28 10:35:21.184 | INFO     | auth.login:ensure_login:354 - Checking Login...
2026-07-28 10:35:21.186 | SUCCESS  | auth.login:load_saved_token:192 - Saved Token Loaded
2026-07-28 10:35:21.188 | SUCCESS  | auth.login:ensure_login:362 - Using Saved Token
2026-07-28 10:35:21.188 | INFO     | monitor:scan:111 - Scanning Website...
2026-07-28 10:35:21.189 | INFO     | monitor:scan:125 - Loading Page 1
2026-07-28 10:35:21.190 | INFO     | api:get_files:60 - Loading Page 1
2026-07-28 10:35:23.100 | INFO     | api:get_file:84 - Loading File 126d5170-aeda-170b-a26a-5ee18b267f4a
2026-07-28 10:35:23.335 | INFO     | monitor:scan:273 - Reached Old Files
2026-07-28 10:35:23.335 | INFO     | monitor:scan:303 - No New Serial
2026-07-28 10:35:23.335 | INFO     | monitor:scan:325 - Nothing Changed
2026-07-28 10:35:23.336 | SUCCESS  | monitor:scan:331 - Scan Finished
2026-07-28 10:35:23.336 | INFO     | monitor:start:67 - Sleep 60 Seconds
2026-07-28 10:36:23.336 | INFO     | auth.login:ensure_login:354 - Checking Login...
2026-07-28 10:36:23.340 | SUCCESS  | auth.login:load_saved_token:192 - Saved Token Loaded
2026-07-28 10:36:23.341 | SUCCESS  | auth.login:ensure_login:362 - Using Saved Token
2026-07-28 10:36:23.342 | INFO     | monitor:scan:111 - Scanning Website...
2026-07-28 10:36:23.343 | INFO     | monitor:scan:125 - Loading Page 1
2026-07-28 10:36:23.344 | INFO     | api:get_files:60 - Loading Page 1
2026-07-28 10:36:24.799 | INFO     | api:get_file:84 - Loading File 126d5170-aeda-170b-a26a-5ee18b267f4a
2026-07-28 10:36:25.018 | INFO     | monitor:scan:273 - Reached Old Files
2026-07-28 10:36:25.019 | INFO     | monitor:scan:303 - No New Serial
2026-07-28 10:36:25.019 | INFO     | monitor:scan:325 - Nothing Changed
2026-07-28 10:36:25.020 | SUCCESS  | monitor:scan:331 - Scan Finished
2026-07-28 10:36:25.021 | INFO     | monitor:start:67 - Sleep 60 Seconds
2026-07-28 10:37:25.022 | INFO     | auth.login:ensure_login:354 - Checking Login...
2026-07-28 10:37:25.024 | SUCCESS  | auth.login:load_saved_token:192 - Saved Token Loaded
2026-07-28 10:37:25.025 | SUCCESS  | auth.login:ensure_login:362 - Using Saved Token
2026-07-28 10:37:25.026 | INFO     | monitor:scan:111 - Scanning Website...
2026-07-28 10:37:25.028 | INFO     | monitor:scan:125 - Loading Page 1
2026-07-28 10:37:25.028 | INFO     | api:get_files:60 - Loading Page 1
2026-07-28 10:37:26.580 | INFO     | api:get_file:84 - Loading File 126d5170-aeda-170b-a26a-5ee18b267f4a
2026-07-28 10:37:26.810 | INFO     | monitor:scan:273 - Reached Old Files
2026-07-28 10:37:26.810 | INFO     | monitor:scan:303 - No New Serial
2026-07-28 10:37:26.811 | INFO     | monitor:scan:325 - Nothing Changed
2026-07-28 10:37:26.811 | SUCCESS  | monitor:scan:331 - Scan Finished
2026-07-28 10:37:26.811 | INFO     | monitor:start:67 - Sleep 60 Seconds
2026-07-28 10:38:26.812 | INFO     | auth.login:ensure_login:354 - Checking Login...
2026-07-28 10:38:26.813 | SUCCESS  | auth.login:load_saved_token:192 - Saved Token Loaded
2026-07-28 10:38:26.813 | SUCCESS  | auth.login:ensure_login:362 - Using Saved Token
2026-07-28 10:38:26.813 | INFO     | monitor:scan:111 - Scanning Website...
2026-07-28 10:38:26.814 | INFO     | monitor:scan:125 - Loading Page 1
2026-07-28 10:38:26.815 | INFO     | api:get_files:60 - Loading Page 1
2026-07-28 10:38:28.346 | INFO     | api:get_file:84 - Loading File 126d5170-aeda-170b-a26a-5ee18b267f4a
2026-07-28 10:38:28.565 | INFO     | monitor:scan:273 - Reached Old Files
2026-07-28 10:38:28.566 | INFO     | monitor:scan:303 - No New Serial
2026-07-28 10:38:28.566 | INFO     | monitor:scan:325 - Nothing Changed
2026-07-28 10:38:28.566 | SUCCESS  | monitor:scan:331 - Scan Finished
2026-07-28 10:38:28.567 | INFO     | monitor:start:67 - Sleep 60 Seconds
2026-07-28 10:39:28.567 | INFO     | auth.login:ensure_login:354 - Checking Login...
2026-07-28 10:39:28.568 | SUCCESS  | auth.login:load_saved_token:192 - Saved Token Loaded
2026-07-28 10:39:28.569 | SUCCESS  | auth.login:ensure_login:362 - Using Saved Token
2026-07-28 10:39:28.569 | INFO     | monitor:scan:111 - Scanning Website...
2026-07-28 10:39:28.570 | INFO     | monitor:scan:125 - Loading Page 1
2026-07-28 10:39:28.571 | INFO     | api:get_files:60 - Loading Page 1
2026-07-28 10:39:30.341 | INFO     | api:get_file:84 - Loading File 126d5170-aeda-170b-a26a-5ee18b267f4a
2026-07-28 10:39:30.566 | INFO     | monitor:scan:273 - Reached Old Files
2026-07-28 10:39:30.567 | INFO     | monitor:scan:303 - No New Serial
2026-07-28 10:39:30.567 | INFO     | monitor:scan:325 - Nothing Changed
2026-07-28 10:39:30.567 | SUCCESS  | monitor:scan:331 - Scan Finished
2026-07-28 10:39:30.567 | INFO     | monitor:start:67 - Sleep 60 Seconds
2026-07-28 10:40:30.568 | INFO     | auth.login:ensure_login:354 - Checking Login...
2026-07-28 10:40:30.568 | SUCCESS  | auth.login:load_saved_token:192 - Saved Token Loaded
2026-07-28 10:40:30.568 | SUCCESS  | auth.login:ensure_login:362 - Using Saved Token
2026-07-28 10:40:30.569 | INFO     | monitor:scan:111 - Scanning Website...
2026-07-28 10:40:30.569 | INFO     | monitor:scan:125 - Loading Page 1
2026-07-28 10:40:30.569 | INFO     | api:get_files:60 - Loading Page 1
2026-07-28 10:40:32.262 | INFO     | api:get_file:84 - Loading File 126d5170-aeda-170b-a26a-5ee18b267f4a
2026-07-28 10:40:32.711 | INFO     | monitor:scan:273 - Reached Old Files
2026-07-28 10:40:32.711 | INFO     | monitor:scan:303 - No New Serial
2026-07-28 10:40:32.712 | INFO     | monitor:scan:325 - Nothing Changed
2026-07-28 10:40:32.712 | SUCCESS  | monitor:scan:331 - Scan Finished
2026-07-28 10:40:32.712 | INFO     | monitor:start:67 - Sleep 60 Seconds
2026-07-28 10:41:32.713 | INFO     | auth.login:ensure_login:354 - Checking Login...
2026-07-28 10:41:32.713 | SUCCESS  | auth.login:load_saved_token:192 - Saved Token Loaded
2026-07-28 10:41:32.714 | SUCCESS  | auth.login:ensure_login:362 - Using Saved Token
2026-07-28 10:41:32.714 | INFO     | monitor:scan:111 - Scanning Website...
2026-07-28 10:41:32.714 | INFO     | monitor:scan:125 - Loading Page 1
2026-07-28 10:41:32.715 | INFO     | api:get_files:60 - Loading Page 1
2026-07-28 10:41:36.074 | INFO     | api:get_file:84 - Loading File 126d5170-aeda-170b-a26a-5ee18b267f4a
2026-07-28 10:41:36.292 | INFO     | monitor:scan:273 - Reached Old Files
2026-07-28 10:41:36.292 | INFO     | monitor:scan:303 - No New Serial
2026-07-28 10:41:36.292 | INFO     | monitor:scan:325 - Nothing Changed
2026-07-28 10:41:36.292 | SUCCESS  | monitor:scan:331 - Scan Finished
2026-07-28 10:41:36.293 | INFO     | monitor:start:67 - Sleep 60 Seconds
2026-07-28 10:42:36.293 | INFO     | auth.login:ensure_login:354 - Checking Login...
2026-07-28 10:42:36.294 | SUCCESS  | auth.login:load_saved_token:192 - Saved Token Loaded
2026-07-28 10:42:36.294 | SUCCESS  | auth.login:ensure_login:362 - Using Saved Token
2026-07-28 10:42:36.295 | INFO     | monitor:scan:111 - Scanning Website...
2026-07-28 10:42:36.295 | INFO     | monitor:scan:125 - Loading Page 1
2026-07-28 10:42:36.296 | INFO     | api:get_files:60 - Loading Page 1
2026-07-28 10:42:36.716 | WARNING  | auth.login:get:411 - Access Token Expired
2026-07-28 10:42:36.716 | INFO     | auth.login:login:262 - Logging in...
2026-07-28 10:42:37.190 | SUCCESS  | auth.login:save_token:242 - Token Saved
2026-07-28 10:42:37.191 | SUCCESS  | auth.login:login:340 - Login Successful
2026-07-28 10:42:40.342 | INFO     | api:get_file:84 - Loading File 126d5170-aeda-170b-a26a-5ee18b267f4a
2026-07-28 10:42:40.558 | INFO     | monitor:scan:273 - Reached Old Files
2026-07-28 10:42:40.558 | INFO     | monitor:scan:303 - No New Serial
2026-07-28 10:42:40.559 | INFO     | monitor:scan:325 - Nothing Changed
2026-07-28 10:42:40.559 | SUCCESS  | monitor:scan:331 - Scan Finished
2026-07-28 10:42:40.559 | INFO     | monitor:start:67 - Sleep 60 Seconds
2026-07-28 10:43:40.559 | INFO     | auth.login:ensure_login:354 - Checking Login...
2026-07-28 10:43:40.577 | SUCCESS  | auth.login:load_saved_token:192 - Saved Token Loaded
2026-07-28 10:43:40.578 | SUCCESS  | auth.login:ensure_login:362 - Using Saved Token
2026-07-28 10:43:40.578 | INFO     | monitor:scan:111 - Scanning Website...
2026-07-28 10:43:40.578 | INFO     | monitor:scan:125 - Loading Page 1
2026-07-28 10:43:40.578 | INFO     | api:get_files:60 - Loading Page 1
2026-07-28 10:43:42.640 | INFO     | api:get_file:84 - Loading File 126d5170-aeda-170b-a26a-5ee18b267f4a
2026-07-28 10:43:42.867 | INFO     | monitor:scan:273 - Reached Old Files
2026-07-28 10:43:42.868 | INFO     | monitor:scan:303 - No New Serial
2026-07-28 10:43:42.868 | INFO     | monitor:scan:325 - Nothing Changed
2026-07-28 10:43:42.869 | SUCCESS  | monitor:scan:331 - Scan Finished
2026-07-28 10:43:42.869 | INFO     | monitor:start:67 - Sleep 60 Seconds
2026-07-28 10:44:42.871 | INFO     | auth.login:ensure_login:354 - Checking Login...
2026-07-28 10:44:42.873 | SUCCESS  | auth.login:load_saved_token:192 - Saved Token Loaded
2026-07-28 10:44:42.874 | SUCCESS  | auth.login:ensure_login:362 - Using Saved Token
2026-07-28 10:44:42.875 | INFO     | monitor:scan:111 - Scanning Website...
2026-07-28 10:44:42.877 | INFO     | monitor:scan:125 - Loading Page 1
2026-07-28 10:44:42.878 | INFO     | api:get_files:60 - Loading Page 1
2026-07-28 10:44:44.621 | INFO     | api:get_file:84 - Loading File 126d5170-aeda-170b-a26a-5ee18b267f4a
2026-07-28 10:44:44.843 | INFO     | monitor:scan:273 - Reached Old Files
2026-07-28 10:44:44.844 | INFO     | monitor:scan:303 - No New Serial
2026-07-28 10:44:44.845 | INFO     | monitor:scan:325 - Nothing Changed
2026-07-28 10:44:44.846 | SUCCESS  | monitor:scan:331 - Scan Finished
2026-07-28 10:44:44.847 | INFO     | monitor:start:67 - Sleep 60 Seconds
2026-07-28 10:45:44.848 | INFO     | auth.login:ensure_login:354 - Checking Login...
2026-07-28 10:45:44.849 | SUCCESS  | auth.login:load_saved_token:192 - Saved Token Loaded
2026-07-28 10:45:44.849 | SUCCESS  | auth.login:ensure_login:362 - Using Saved Token
2026-07-28 10:45:44.849 | INFO     | monitor:scan:111 - Scanning Website...
2026-07-28 10:45:44.850 | INFO     | monitor:scan:125 - Loading Page 1
2026-07-28 10:45:44.850 | INFO     | api:get_files:60 - Loading Page 1
2026-07-28 10:45:46.457 | INFO     | api:get_file:84 - Loading File 126d5170-aeda-170b-a26a-5ee18b267f4a
2026-07-28 10:45:46.670 | INFO     | monitor:scan:273 - Reached Old Files
2026-07-28 10:45:46.671 | INFO     | monitor:scan:303 - No New Serial
2026-07-28 10:45:46.671 | INFO     | monitor:scan:325 - Nothing Changed
2026-07-28 10:45:46.671 | SUCCESS  | monitor:scan:331 - Scan Finished
2026-07-28 10:45:46.671 | INFO     | monitor:start:67 - Sleep 60 Seconds
2026-07-28 10:46:46.671 | INFO     | auth.login:ensure_login:354 - Checking Login...
2026-07-28 10:46:46.676 | SUCCESS  | auth.login:load_saved_token:192 - Saved Token Loaded
2026-07-28 10:46:46.678 | SUCCESS  | auth.login:ensure_login:362 - Using Saved Token
2026-07-28 10:46:46.679 | INFO     | monitor:scan:111 - Scanning Website...
2026-07-28 10:46:46.680 | INFO     | monitor:scan:125 - Loading Page 1
2026-07-28 10:46:46.680 | INFO     | api:get_files:60 - Loading Page 1
2026-07-28 10:46:48.403 | INFO     | api:get_file:84 - Loading File 126d5170-aeda-170b-a26a-5ee18b267f4a
2026-07-28 10:46:48.632 | INFO     | monitor:scan:273 - Reached Old Files
2026-07-28 10:46:48.633 | INFO     | monitor:scan:303 - No New Serial
2026-07-28 10:46:48.633 | INFO     | monitor:scan:325 - Nothing Changed
2026-07-28 10:46:48.633 | SUCCESS  | monitor:scan:331 - Scan Finished
2026-07-28 10:46:48.634 | INFO     | monitor:start:67 - Sleep 60 Seconds
2026-07-28 10:47:48.635 | INFO     | auth.login:ensure_login:354 - Checking Login...
2026-07-28 10:47:48.637 | SUCCESS  | auth.login:load_saved_token:192 - Saved Token Loaded
2026-07-28 10:47:48.638 | SUCCESS  | auth.login:ensure_login:362 - Using Saved Token
2026-07-28 10:47:48.638 | INFO     | monitor:scan:111 - Scanning Website...
2026-07-28 10:47:48.638 | INFO     | monitor:scan:125 - Loading Page 1
2026-07-28 10:47:48.639 | INFO     | api:get_files:60 - Loading Page 1
2026-07-28 10:47:50.474 | INFO     | api:get_file:84 - Loading File 126d5170-aeda-170b-a26a-5ee18b267f4a
2026-07-28 10:47:50.684 | INFO     | monitor:scan:273 - Reached Old Files
2026-07-28 10:47:50.684 | INFO     | monitor:scan:303 - No New Serial
2026-07-28 10:47:50.685 | INFO     | monitor:scan:325 - Nothing Changed
2026-07-28 10:47:50.685 | SUCCESS  | monitor:scan:331 - Scan Finished
2026-07-28 10:47:50.685 | INFO     | monitor:start:67 - Sleep 60 Seconds
2026-07-28 10:48:50.686 | INFO     | auth.login:ensure_login:354 - Checking Login...
2026-07-28 10:48:50.687 | SUCCESS  | auth.login:load_saved_token:192 - Saved Token Loaded
2026-07-28 10:48:50.687 | SUCCESS  | auth.login:ensure_login:362 - Using Saved Token
2026-07-28 10:48:50.687 | INFO     | monitor:scan:111 - Scanning Website...
2026-07-28 10:48:50.688 | INFO     | monitor:scan:125 - Loading Page 1
2026-07-28 10:48:50.689 | INFO     | api:get_files:60 - Loading Page 1
2026-07-28 10:48:53.883 | INFO     | api:get_file:84 - Loading File 126d5170-aeda-170b-a26a-5ee18b267f4a
2026-07-28 10:48:54.295 | INFO     | monitor:scan:273 - Reached Old Files
2026-07-28 10:48:54.296 | INFO     | monitor:scan:303 - No New Serial
2026-07-28 10:48:54.296 | INFO     | monitor:scan:325 - Nothing Changed
2026-07-28 10:48:54.296 | SUCCESS  | monitor:scan:331 - Scan Finished
2026-07-28 10:48:54.297 | INFO     | monitor:start:67 - Sleep 60 Seconds
2026-07-28 10:49:54.298 | INFO     | auth.login:ensure_login:354 - Checking Login...
2026-07-28 10:49:54.303 | SUCCESS  | auth.login:load_saved_token:192 - Saved Token Loaded
2026-07-28 10:49:54.304 | SUCCESS  | auth.login:ensure_login:362 - Using Saved Token
2026-07-28 10:49:54.304 | INFO     | monitor:scan:111 - Scanning Website...
2026-07-28 10:49:54.305 | INFO     | monitor:scan:125 - Loading Page 1
2026-07-28 10:49:54.305 | INFO     | api:get_files:60 - Loading Page 1
2026-07-28 10:49:57.047 | INFO     | api:get_file:84 - Loading File 126d5170-aeda-170b-a26a-5ee18b267f4a
2026-07-28 10:49:57.264 | INFO     | monitor:scan:273 - Reached Old Files
2026-07-28 10:49:57.264 | INFO     | monitor:scan:303 - No New Serial
2026-07-28 10:49:57.264 | INFO     | monitor:scan:325 - Nothing Changed
2026-07-28 10:49:57.265 | SUCCESS  | monitor:scan:331 - Scan Finished
2026-07-28 10:49:57.265 | INFO     | monitor:start:67 - Sleep 60 Seconds
2026-07-28 10:50:57.265 | INFO     | auth.login:ensure_login:354 - Checking Login...
2026-07-28 10:50:57.267 | SUCCESS  | auth.login:load_saved_token:192 - Saved Token Loaded
2026-07-28 10:50:57.268 | SUCCESS  | auth.login:ensure_login:362 - Using Saved Token
2026-07-28 10:50:57.268 | INFO     | monitor:scan:111 - Scanning Website...
2026-07-28 10:50:57.269 | INFO     | monitor:scan:125 - Loading Page 1
2026-07-28 10:50:57.270 | INFO     | api:get_files:60 - Loading Page 1
2026-07-28 10:51:00.921 | INFO     | api:get_file:84 - Loading File 126d5170-aeda-170b-a26a-5ee18b267f4a
2026-07-28 10:51:01.151 | INFO     | monitor:scan:273 - Reached Old Files
2026-07-28 10:51:01.151 | INFO     | monitor:scan:303 - No New Serial
2026-07-28 10:51:01.151 | INFO     | monitor:scan:325 - Nothing Changed
2026-07-28 10:51:01.152 | SUCCESS  | monitor:scan:331 - Scan Finished
2026-07-28 10:51:01.152 | INFO     | monitor:start:67 - Sleep 60 Seconds
2026-07-28 10:52:01.152 | INFO     | auth.login:ensure_login:354 - Checking Login...
2026-07-28 10:52:01.153 | SUCCESS  | auth.login:load_saved_token:192 - Saved Token Loaded
2026-07-28 10:52:01.153 | SUCCESS  | auth.login:ensure_login:362 - Using Saved Token
2026-07-28 10:52:01.153 | INFO     | monitor:scan:111 - Scanning Website...
2026-07-28 10:52:01.154 | INFO     | monitor:scan:125 - Loading Page 1
2026-07-28 10:52:01.154 | INFO     | api:get_files:60 - Loading Page 1
2026-07-28 10:52:03.975 | INFO     | api:get_file:84 - Loading File 126d5170-aeda-170b-a26a-5ee18b267f4a
2026-07-28 10:52:04.207 | INFO     | monitor:scan:273 - Reached Old Files
2026-07-28 10:52:04.208 | INFO     | monitor:scan:303 - No New Serial
2026-07-28 10:52:04.208 | INFO     | monitor:scan:325 - Nothing Changed
2026-07-28 10:52:04.208 | SUCCESS  | monitor:scan:331 - Scan Finished
2026-07-28 10:52:04.208 | INFO     | monitor:start:67 - Sleep 60 Seconds
2026-07-28 10:53:04.209 | INFO     | auth.login:ensure_login:354 - Checking Login...
2026-07-28 10:53:04.210 | SUCCESS  | auth.login:load_saved_token:192 - Saved Token Loaded
2026-07-28 10:53:04.210 | SUCCESS  | auth.login:ensure_login:362 - Using Saved Token
2026-07-28 10:53:04.210 | INFO     | monitor:scan:111 - Scanning Website...
2026-07-28 10:53:04.211 | INFO     | monitor:scan:125 - Loading Page 1
2026-07-28 10:53:04.211 | INFO     | api:get_files:60 - Loading Page 1
2026-07-28 10:53:04.627 | WARNING  | auth.login:get:411 - Access Token Expired
2026-07-28 10:53:04.627 | INFO     | auth.login:login:262 - Logging in...
2026-07-28 10:53:05.073 | SUCCESS  | auth.login:save_token:242 - Token Saved
2026-07-28 10:53:05.073 | SUCCESS  | auth.login:login:340 - Login Successful
2026-07-28 10:53:07.753 | INFO     | api:get_file:84 - Loading File 126d5170-aeda-170b-a26a-5ee18b267f4a
2026-07-28 10:53:07.970 | INFO     | monitor:scan:273 - Reached Old Files
2026-07-28 10:53:07.971 | INFO     | monitor:scan:303 - No New Serial
2026-07-28 10:53:07.972 | INFO     | monitor:scan:325 - Nothing Changed
2026-07-28 10:53:07.972 | SUCCESS  | monitor:scan:331 - Scan Finished
2026-07-28 10:53:07.972 | INFO     | monitor:start:67 - Sleep 60 Seconds
2026-07-28 10:54:07.973 | INFO     | auth.login:ensure_login:354 - Checking Login...
2026-07-28 10:54:07.988 | SUCCESS  | auth.login:load_saved_token:192 - Saved Token Loaded
2026-07-28 10:54:07.989 | SUCCESS  | auth.login:ensure_login:362 - Using Saved Token
2026-07-28 10:54:07.989 | INFO     | monitor:scan:111 - Scanning Website...
2026-07-28 10:54:07.989 | INFO     | monitor:scan:125 - Loading Page 1
2026-07-28 10:54:07.990 | INFO     | api:get_files:60 - Loading Page 1
2026-07-28 10:54:09.673 | INFO     | api:get_file:84 - Loading File 126d5170-aeda-170b-a26a-5ee18b267f4a
2026-07-28 10:54:09.896 | INFO     | monitor:scan:273 - Reached Old Files
2026-07-28 10:54:09.896 | INFO     | monitor:scan:303 - No New Serial
2026-07-28 10:54:09.897 | INFO     | monitor:scan:325 - Nothing Changed
2026-07-28 10:54:09.897 | SUCCESS  | monitor:scan:331 - Scan Finished
2026-07-28 10:54:09.898 | INFO     | monitor:start:67 - Sleep 60 Seconds
2026-07-28 10:55:09.899 | INFO     | auth.login:ensure_login:354 - Checking Login...
2026-07-28 10:55:09.901 | SUCCESS  | auth.login:load_saved_token:192 - Saved Token Loaded
2026-07-28 10:55:09.902 | SUCCESS  | auth.login:ensure_login:362 - Using Saved Token
2026-07-28 10:55:09.902 | INFO     | monitor:scan:111 - Scanning Website...
2026-07-28 10:55:09.904 | INFO     | monitor:scan:125 - Loading Page 1
2026-07-28 10:55:09.905 | INFO     | api:get_files:60 - Loading Page 1
2026-07-28 10:55:11.401 | INFO     | api:get_file:84 - Loading File 126d5170-aeda-170b-a26a-5ee18b267f4a
2026-07-28 10:55:11.648 | INFO     | monitor:scan:273 - Reached Old Files
2026-07-28 10:55:11.649 | INFO     | monitor:scan:303 - No New Serial
2026-07-28 10:55:11.649 | INFO     | monitor:scan:325 - Nothing Changed
2026-07-28 10:55:11.650 | SUCCESS  | monitor:scan:331 - Scan Finished
2026-07-28 10:55:11.651 | INFO     | monitor:start:67 - Sleep 60 Seconds
2026-07-28 10:56:11.652 | INFO     | auth.login:ensure_login:354 - Checking Login...
2026-07-28 10:56:11.655 | SUCCESS  | auth.login:load_saved_token:192 - Saved Token Loaded
2026-07-28 10:56:11.656 | SUCCESS  | auth.login:ensure_login:362 - Using Saved Token
2026-07-28 10:56:11.657 | INFO     | monitor:scan:111 - Scanning Website...
2026-07-28 10:56:11.659 | INFO     | monitor:scan:125 - Loading Page 1
2026-07-28 10:56:11.659 | INFO     | api:get_files:60 - Loading Page 1
2026-07-28 10:56:13.702 | INFO     | api:get_file:84 - Loading File 126d5170-aeda-170b-a26a-5ee18b267f4a
2026-07-28 10:56:13.929 | INFO     | monitor:scan:273 - Reached Old Files
2026-07-28 10:56:13.929 | INFO     | monitor:scan:303 - No New Serial
2026-07-28 10:56:13.929 | INFO     | monitor:scan:325 - Nothing Changed
2026-07-28 10:56:13.929 | SUCCESS  | monitor:scan:331 - Scan Finished
2026-07-28 10:56:13.929 | INFO     | monitor:start:67 - Sleep 60 Seconds
2026-07-28 10:57:13.930 | INFO     | auth.login:ensure_login:354 - Checking Login...
2026-07-28 10:57:13.931 | SUCCESS  | auth.login:load_saved_token:192 - Saved Token Loaded
2026-07-28 10:57:13.932 | SUCCESS  | auth.login:ensure_login:362 - Using Saved Token
2026-07-28 10:57:13.932 | INFO     | monitor:scan:111 - Scanning Website...
2026-07-28 10:57:13.933 | INFO     | monitor:scan:125 - Loading Page 1
2026-07-28 10:57:13.933 | INFO     | api:get_files:60 - Loading Page 1
2026-07-28 10:57:17.154 | INFO     | api:get_file:84 - Loading File 126d5170-aeda-170b-a26a-5ee18b267f4a
2026-07-28 10:57:17.371 | INFO     | monitor:scan:273 - Reached Old Files
2026-07-28 10:57:17.372 | INFO     | monitor:scan:303 - No New Serial
2026-07-28 10:57:17.372 | INFO     | monitor:scan:325 - Nothing Changed
2026-07-28 10:57:17.372 | SUCCESS  | monitor:scan:331 - Scan Finished
2026-07-28 10:57:17.372 | INFO     | monitor:start:67 - Sleep 60 Seconds
2026-07-28 10:58:17.373 | INFO     | auth.login:ensure_login:354 - Checking Login...
2026-07-28 10:58:17.375 | SUCCESS  | auth.login:load_saved_token:192 - Saved Token Loaded
2026-07-28 10:58:17.376 | SUCCESS  | auth.login:ensure_login:362 - Using Saved Token
2026-07-28 10:58:17.376 | INFO     | monitor:scan:111 - Scanning Website...
2026-07-28 10:58:17.378 | INFO     | monitor:scan:125 - Loading Page 1
2026-07-28 10:58:17.378 | INFO     | api:get_files:60 - Loading Page 1
2026-07-28 10:58:18.939 | INFO     | api:get_file:84 - Loading File 126d5170-aeda-170b-a26a-5ee18b267f4a
2026-07-28 10:58:19.165 | INFO     | monitor:scan:273 - Reached Old Files
2026-07-28 10:58:19.166 | INFO     | monitor:scan:303 - No New Serial
2026-07-28 10:58:19.167 | INFO     | monitor:scan:325 - Nothing Changed
2026-07-28 10:58:19.167 | SUCCESS  | monitor:scan:331 - Scan Finished
2026-07-28 10:58:19.167 | INFO     | monitor:start:67 - Sleep 60 Seconds
2026-07-28 10:59:19.168 | INFO     | auth.login:ensure_login:354 - Checking Login...
2026-07-28 10:59:19.172 | SUCCESS  | auth.login:load_saved_token:192 - Saved Token Loaded
2026-07-28 10:59:19.173 | SUCCESS  | auth.login:ensure_login:362 - Using Saved Token
2026-07-28 10:59:19.173 | INFO     | monitor:scan:111 - Scanning Website...
2026-07-28 10:59:19.176 | INFO     | monitor:scan:125 - Loading Page 1
2026-07-28 10:59:19.178 | INFO     | api:get_files:60 - Loading Page 1
2026-07-28 10:59:21.686 | INFO     | api:get_file:84 - Loading File 126d5170-aeda-170b-a26a-5ee18b267f4a
2026-07-28 10:59:21.900 | INFO     | monitor:scan:273 - Reached Old Files
2026-07-28 10:59:21.900 | INFO     | monitor:scan:303 - No New Serial
2026-07-28 10:59:21.901 | INFO     | monitor:scan:325 - Nothing Changed
2026-07-28 10:59:21.901 | SUCCESS  | monitor:scan:331 - Scan Finished
2026-07-28 10:59:21.901 | INFO     | monitor:start:67 - Sleep 60 Seconds
2026-07-28 11:00:21.902 | INFO     | auth.login:ensure_login:354 - Checking Login...
2026-07-28 11:00:21.904 | SUCCESS  | auth.login:load_saved_token:192 - Saved Token Loaded
2026-07-28 11:00:21.905 | SUCCESS  | auth.login:ensure_login:362 - Using Saved Token
2026-07-28 11:00:21.905 | INFO     | monitor:scan:111 - Scanning Website...
2026-07-28 11:00:21.907 | INFO     | monitor:scan:125 - Loading Page 1
2026-07-28 11:00:21.907 | INFO     | api:get_files:60 - Loading Page 1
2026-07-28 11:00:23.354 | INFO     | api:get_file:84 - Loading File 126d5170-aeda-170b-a26a-5ee18b267f4a
2026-07-28 11:00:23.592 | INFO     | monitor:scan:273 - Reached Old Files
2026-07-28 11:00:23.592 | INFO     | monitor:scan:303 - No New Serial
2026-07-28 11:00:23.592 | INFO     | monitor:scan:325 - Nothing Changed
2026-07-28 11:00:23.592 | SUCCESS  | monitor:scan:331 - Scan Finished
2026-07-28 11:00:23.592 | INFO     | monitor:start:67 - Sleep 60 Seconds
2026-07-28 11:01:23.593 | INFO     | auth.login:ensure_login:354 - Checking Login...
2026-07-28 11:01:23.595 | SUCCESS  | auth.login:load_saved_token:192 - Saved Token Loaded
2026-07-28 11:01:23.595 | SUCCESS  | auth.login:ensure_login:362 - Using Saved Token
2026-07-28 11:01:23.596 | INFO     | monitor:scan:111 - Scanning Website...
2026-07-28 11:01:23.597 | INFO     | monitor:scan:125 - Loading Page 1
2026-07-28 11:01:23.597 | INFO     | api:get_files:60 - Loading Page 1
2026-07-28 11:01:25.149 | INFO     | api:get_file:84 - Loading File 126d5170-aeda-170b-a26a-5ee18b267f4a
2026-07-28 11:01:25.373 | INFO     | monitor:scan:273 - Reached Old Files
2026-07-28 11:01:25.373 | INFO     | monitor:scan:303 - No New Serial
2026-07-28 11:01:25.373 | INFO     | monitor:scan:325 - Nothing Changed
2026-07-28 11:01:25.374 | SUCCESS  | monitor:scan:331 - Scan Finished
2026-07-28 11:01:25.375 | INFO     | monitor:start:67 - Sleep 60 Seconds
2026-07-28 11:02:25.376 | INFO     | auth.login:ensure_login:354 - Checking Login...
2026-07-28 11:02:25.377 | SUCCESS  | auth.login:load_saved_token:192 - Saved Token Loaded
2026-07-28 11:02:25.378 | SUCCESS  | auth.login:ensure_login:362 - Using Saved Token
2026-07-28 11:02:25.378 | INFO     | monitor:scan:111 - Scanning Website...
2026-07-28 11:02:25.379 | INFO     | monitor:scan:125 - Loading Page 1
2026-07-28 11:02:25.380 | INFO     | api:get_files:60 - Loading Page 1
2026-07-28 11:02:27.560 | INFO     | api:get_file:84 - Loading File 126d5170-aeda-170b-a26a-5ee18b267f4a
2026-07-28 11:02:27.959 | INFO     | monitor:scan:273 - Reached Old Files
2026-07-28 11:02:27.960 | INFO     | monitor:scan:303 - No New Serial
2026-07-28 11:02:27.960 | INFO     | monitor:scan:325 - Nothing Changed
2026-07-28 11:02:27.960 | SUCCESS  | monitor:scan:331 - Scan Finished
2026-07-28 11:02:27.960 | INFO     | monitor:start:67 - Sleep 60 Seconds
2026-07-28 11:03:27.961 | INFO     | auth.login:ensure_login:354 - Checking Login...
2026-07-28 11:03:27.961 | SUCCESS  | auth.login:load_saved_token:192 - Saved Token Loaded
2026-07-28 11:03:27.961 | SUCCESS  | auth.login:ensure_login:362 - Using Saved Token
2026-07-28 11:03:27.962 | INFO     | monitor:scan:111 - Scanning Website...
2026-07-28 11:03:27.962 | INFO     | monitor:scan:125 - Loading Page 1
2026-07-28 11:03:27.962 | INFO     | api:get_files:60 - Loading Page 1
2026-07-28 11:03:28.386 | WARNING  | auth.login:get:411 - Access Token Expired
2026-07-28 11:03:28.386 | INFO     | auth.login:login:262 - Logging in...
2026-07-28 11:03:28.833 | SUCCESS  | auth.login:save_token:242 - Token Saved
2026-07-28 11:03:28.834 | SUCCESS  | auth.login:login:340 - Login Successful
2026-07-28 11:03:30.194 | INFO     | api:get_file:84 - Loading File 126d5170-aeda-170b-a26a-5ee18b267f4a
2026-07-28 11:03:30.418 | INFO     | monitor:scan:273 - Reached Old Files
2026-07-28 11:03:30.418 | INFO     | monitor:scan:303 - No New Serial
2026-07-28 11:03:30.418 | INFO     | monitor:scan:325 - Nothing Changed
2026-07-28 11:03:30.419 | SUCCESS  | monitor:scan:331 - Scan Finished
2026-07-28 11:03:30.419 | INFO     | monitor:start:67 - Sleep 60 Seconds
2026-07-28 11:04:30.420 | INFO     | auth.login:ensure_login:354 - Checking Login...
2026-07-28 11:04:30.428 | SUCCESS  | auth.login:load_saved_token:192 - Saved Token Loaded
2026-07-28 11:04:30.429 | SUCCESS  | auth.login:ensure_login:362 - Using Saved Token
2026-07-28 11:04:30.429 | INFO     | monitor:scan:111 - Scanning Website...
2026-07-28 11:04:30.430 | INFO     | monitor:scan:125 - Loading Page 1
2026-07-28 11:04:30.430 | INFO     | api:get_files:60 - Loading Page 1
2026-07-28 11:04:31.956 | INFO     | api:get_file:84 - Loading File 126d5170-aeda-170b-a26a-5ee18b267f4a
2026-07-28 11:04:32.164 | INFO     | monitor:scan:273 - Reached Old Files
2026-07-28 11:04:32.165 | INFO     | monitor:scan:303 - No New Serial
2026-07-28 11:04:32.165 | INFO     | monitor:scan:325 - Nothing Changed
2026-07-28 11:04:32.165 | SUCCESS  | monitor:scan:331 - Scan Finished
2026-07-28 11:04:32.165 | INFO     | monitor:start:67 - Sleep 60 Seconds
2026-07-28 11:05:32.166 | INFO     | auth.login:ensure_login:354 - Checking Login...
2026-07-28 11:05:32.166 | SUCCESS  | auth.login:load_saved_token:192 - Saved Token Loaded
2026-07-28 11:05:32.166 | SUCCESS  | auth.login:ensure_login:362 - Using Saved Token
2026-07-28 11:05:32.167 | INFO     | monitor:scan:111 - Scanning Website...
2026-07-28 11:05:32.167 | INFO     | monitor:scan:125 - Loading Page 1
2026-07-28 11:05:32.167 | INFO     | api:get_files:60 - Loading Page 1
2026-07-28 11:05:33.613 | INFO     | api:get_file:84 - Loading File 126d5170-aeda-170b-a26a-5ee18b267f4a
2026-07-28 11:05:33.827 | INFO     | monitor:scan:273 - Reached Old Files
2026-07-28 11:05:33.827 | INFO     | monitor:scan:303 - No New Serial
2026-07-28 11:05:33.827 | INFO     | monitor:scan:325 - Nothing Changed
2026-07-28 11:05:33.827 | SUCCESS  | monitor:scan:331 - Scan Finished
2026-07-28 11:05:33.827 | INFO     | monitor:start:67 - Sleep 60 Seconds
2026-07-28 11:06:33.828 | INFO     | auth.login:ensure_login:354 - Checking Login...
2026-07-28 11:06:33.828 | SUCCESS  | auth.login:load_saved_token:192 - Saved Token Loaded
2026-07-28 11:06:33.828 | SUCCESS  | auth.login:ensure_login:362 - Using Saved Token
2026-07-28 11:06:33.828 | INFO     | monitor:scan:111 - Scanning Website...
2026-07-28 11:06:33.829 | INFO     | monitor:scan:125 - Loading Page 1
2026-07-28 11:06:33.829 | INFO     | api:get_files:60 - Loading Page 1
2026-07-28 11:06:35.290 | INFO     | api:get_file:84 - Loading File 126d5170-aeda-170b-a26a-5ee18b267f4a
2026-07-28 11:06:35.507 | INFO     | monitor:scan:273 - Reached Old Files
2026-07-28 11:06:35.508 | INFO     | monitor:scan:303 - No New Serial
2026-07-28 11:06:35.508 | INFO     | monitor:scan:325 - Nothing Changed
2026-07-28 11:06:35.508 | SUCCESS  | monitor:scan:331 - Scan Finished
2026-07-28 11:06:35.508 | INFO     | monitor:start:67 - Sleep 60 Seconds
2026-07-28 11:07:35.509 | INFO     | auth.login:ensure_login:354 - Checking Login...
2026-07-28 11:07:35.510 | SUCCESS  | auth.login:load_saved_token:192 - Saved Token Loaded
2026-07-28 11:07:35.510 | SUCCESS  | auth.login:ensure_login:362 - Using Saved Token
2026-07-28 11:07:35.510 | INFO     | monitor:scan:111 - Scanning Website...
2026-07-28 11:07:35.511 | INFO     | monitor:scan:125 - Loading Page 1
2026-07-28 11:07:35.511 | INFO     | api:get_files:60 - Loading Page 1
2026-07-28 11:07:37.225 | INFO     | api:get_file:84 - Loading File 126d5170-aeda-170b-a26a-5ee18b267f4a
2026-07-28 11:07:37.450 | INFO     | monitor:scan:273 - Reached Old Files
2026-07-28 11:07:37.450 | INFO     | monitor:scan:303 - No New Serial
2026-07-28 11:07:37.451 | INFO     | monitor:scan:325 - Nothing Changed
2026-07-28 11:07:37.452 | SUCCESS  | monitor:scan:331 - Scan Finished
2026-07-28 11:07:37.452 | INFO     | monitor:start:67 - Sleep 60 Seconds
2026-07-28 11:08:37.453 | INFO     | auth.login:ensure_login:354 - Checking Login...
2026-07-28 11:08:37.454 | SUCCESS  | auth.login:load_saved_token:192 - Saved Token Loaded
2026-07-28 11:08:37.454 | SUCCESS  | auth.login:ensure_login:362 - Using Saved Token
2026-07-28 11:08:37.454 | INFO     | monitor:scan:111 - Scanning Website...
2026-07-28 11:08:37.455 | INFO     | monitor:scan:125 - Loading Page 1
2026-07-28 11:08:37.455 | INFO     | api:get_files:60 - Loading Page 1
2026-07-28 11:08:40.618 | INFO     | api:get_file:84 - Loading File 126d5170-aeda-170b-a26a-5ee18b267f4a
2026-07-28 11:08:40.832 | INFO     | monitor:scan:273 - Reached Old Files
2026-07-28 11:08:40.833 | INFO     | monitor:scan:303 - No New Serial
2026-07-28 11:08:40.834 | INFO     | monitor:scan:325 - Nothing Changed
2026-07-28 11:08:40.834 | SUCCESS  | monitor:scan:331 - Scan Finished
2026-07-28 11:08:40.835 | INFO     | monitor:start:67 - Sleep 60 Seconds
2026-07-28 11:09:40.836 | INFO     | auth.login:ensure_login:354 - Checking Login...
2026-07-28 11:09:40.840 | SUCCESS  | auth.login:load_saved_token:192 - Saved Token Loaded
2026-07-28 11:09:40.842 | SUCCESS  | auth.login:ensure_login:362 - Using Saved Token
2026-07-28 11:09:40.843 | INFO     | monitor:scan:111 - Scanning Website...
2026-07-28 11:09:40.845 | INFO     | monitor:scan:125 - Loading Page 1
2026-07-28 11:09:40.846 | INFO     | api:get_files:60 - Loading Page 1
2026-07-28 11:09:44.382 | INFO     | api:get_file:84 - Loading File 126d5170-aeda-170b-a26a-5ee18b267f4a
2026-07-28 11:09:44.618 | INFO     | monitor:scan:273 - Reached Old Files
2026-07-28 11:09:44.619 | INFO     | monitor:scan:303 - No New Serial
2026-07-28 11:09:44.619 | INFO     | monitor:scan:325 - Nothing Changed
2026-07-28 11:09:44.620 | SUCCESS  | monitor:scan:331 - Scan Finished
2026-07-28 11:09:44.621 | INFO     | monitor:start:67 - Sleep 60 Seconds
2026-07-28 11:10:44.622 | INFO     | auth.login:ensure_login:354 - Checking Login...
2026-07-28 11:10:44.624 | SUCCESS  | auth.login:load_saved_token:192 - Saved Token Loaded
2026-07-28 11:10:44.626 | SUCCESS  | auth.login:ensure_login:362 - Using Saved Token
2026-07-28 11:10:44.627 | INFO     | monitor:scan:111 - Scanning Website...
2026-07-28 11:10:44.629 | INFO     | monitor:scan:125 - Loading Page 1
2026-07-28 11:10:44.629 | INFO     | api:get_files:60 - Loading Page 1
2026-07-28 11:10:46.191 | INFO     | api:get_file:84 - Loading File 126d5170-aeda-170b-a26a-5ee18b267f4a
2026-07-28 11:10:46.635 | INFO     | monitor:scan:273 - Reached Old Files
2026-07-28 11:10:46.636 | INFO     | monitor:scan:303 - No New Serial
2026-07-28 11:10:46.637 | INFO     | monitor:scan:325 - Nothing Changed
2026-07-28 11:10:46.637 | SUCCESS  | monitor:scan:331 - Scan Finished
2026-07-28 11:10:46.638 | INFO     | monitor:start:67 - Sleep 60 Seconds
2026-07-28 11:11:46.640 | INFO     | auth.login:ensure_login:354 - Checking Login...
2026-07-28 11:11:46.642 | SUCCESS  | auth.login:load_saved_token:192 - Saved Token Loaded
2026-07-28 11:11:46.642 | SUCCESS  | auth.login:ensure_login:362 - Using Saved Token
2026-07-28 11:11:46.643 | INFO     | monitor:scan:111 - Scanning Website...
2026-07-28 11:11:46.645 | INFO     | monitor:scan:125 - Loading Page 1
2026-07-28 11:11:46.645 | INFO     | api:get_files:60 - Loading Page 1
2026-07-28 11:11:48.373 | INFO     | api:get_file:84 - Loading File 126d5170-aeda-170b-a26a-5ee18b267f4a
2026-07-28 11:11:48.601 | INFO     | monitor:scan:273 - Reached Old Files
2026-07-28 11:11:48.601 | INFO     | monitor:scan:303 - No New Serial
2026-07-28 11:11:48.601 | INFO     | monitor:scan:325 - Nothing Changed
2026-07-28 11:11:48.602 | SUCCESS  | monitor:scan:331 - Scan Finished
2026-07-28 11:11:48.602 | INFO     | monitor:start:67 - Sleep 60 Seconds
2026-07-28 11:12:48.603 | INFO     | auth.login:ensure_login:354 - Checking Login...
2026-07-28 11:12:48.604 | SUCCESS  | auth.login:load_saved_token:192 - Saved Token Loaded
2026-07-28 11:12:48.604 | SUCCESS  | auth.login:ensure_login:362 - Using Saved Token
2026-07-28 11:12:48.605 | INFO     | monitor:scan:111 - Scanning Website...
2026-07-28 11:12:48.606 | INFO     | monitor:scan:125 - Loading Page 1
2026-07-28 11:12:48.606 | INFO     | api:get_files:60 - Loading Page 1
2026-07-28 11:12:52.152 | INFO     | api:get_file:84 - Loading File 126d5170-aeda-170b-a26a-5ee18b267f4a
2026-07-28 11:12:52.380 | INFO     | monitor:scan:273 - Reached Old Files
2026-07-28 11:12:52.380 | INFO     | monitor:scan:303 - No New Serial
2026-07-28 11:12:52.380 | INFO     | monitor:scan:325 - Nothing Changed
2026-07-28 11:12:52.380 | SUCCESS  | monitor:scan:331 - Scan Finished
2026-07-28 11:12:52.380 | INFO     | monitor:start:67 - Sleep 60 Seconds
2026-07-28 11:13:52.381 | INFO     | auth.login:ensure_login:354 - Checking Login...
2026-07-28 11:13:52.383 | SUCCESS  | auth.login:load_saved_token:192 - Saved Token Loaded
2026-07-28 11:13:52.383 | SUCCESS  | auth.login:ensure_login:362 - Using Saved Token
2026-07-28 11:13:52.383 | INFO     | monitor:scan:111 - Scanning Website...
2026-07-28 11:13:52.384 | INFO     | monitor:scan:125 - Loading Page 1
2026-07-28 11:13:52.384 | INFO     | api:get_files:60 - Loading Page 1
2026-07-28 11:13:52.805 | WARNING  | auth.login:get:411 - Access Token Expired
2026-07-28 11:13:52.806 | INFO     | auth.login:login:262 - Logging in...
2026-07-28 11:13:53.170 | SUCCESS  | auth.login:save_token:242 - Token Saved
2026-07-28 11:13:53.171 | SUCCESS  | auth.login:login:340 - Login Successful
2026-07-28 11:13:56.315 | INFO     | api:get_file:84 - Loading File 126d5170-aeda-170b-a26a-5ee18b267f4a
2026-07-28 11:13:56.530 | INFO     | monitor:scan:273 - Reached Old Files
2026-07-28 11:13:56.530 | INFO     | monitor:scan:303 - No New Serial
2026-07-28 11:13:56.530 | INFO     | monitor:scan:325 - Nothing Changed
2026-07-28 11:13:56.530 | SUCCESS  | monitor:scan:331 - Scan Finished
2026-07-28 11:13:56.530 | INFO     | monitor:start:67 - Sleep 60 Seconds
2026-07-28 11:14:56.531 | INFO     | auth.login:ensure_login:354 - Checking Login...
2026-07-28 11:14:56.546 | SUCCESS  | auth.login:load_saved_token:192 - Saved Token Loaded
2026-07-28 11:14:56.546 | SUCCESS  | auth.login:ensure_login:362 - Using Saved Token
2026-07-28 11:14:56.547 | INFO     | monitor:scan:111 - Scanning Website...
2026-07-28 11:14:56.547 | INFO     | monitor:scan:125 - Loading Page 1
2026-07-28 11:14:56.547 | INFO     | api:get_files:60 - Loading Page 1
2026-07-28 11:14:59.927 | INFO     | api:get_file:84 - Loading File 126d5170-aeda-170b-a26a-5ee18b267f4a
2026-07-28 11:15:00.156 | INFO     | monitor:scan:273 - Reached Old Files
2026-07-28 11:15:00.156 | INFO     | monitor:scan:303 - No New Serial
2026-07-28 11:15:00.156 | INFO     | monitor:scan:325 - Nothing Changed
2026-07-28 11:15:00.156 | SUCCESS  | monitor:scan:331 - Scan Finished
2026-07-28 11:15:00.157 | INFO     | monitor:start:67 - Sleep 60 Seconds
2026-07-28 11:16:00.157 | INFO     | auth.login:ensure_login:354 - Checking Login...
2026-07-28 11:16:00.158 | SUCCESS  | auth.login:load_saved_token:192 - Saved Token Loaded
2026-07-28 11:16:00.158 | SUCCESS  | auth.login:ensure_login:362 - Using Saved Token
2026-07-28 11:16:00.158 | INFO     | monitor:scan:111 - Scanning Website...
2026-07-28 11:16:00.159 | INFO     | monitor:scan:125 - Loading Page 1
2026-07-28 11:16:00.159 | INFO     | api:get_files:60 - Loading Page 1
2026-07-28 11:16:03.400 | INFO     | api:get_file:84 - Loading File 126d5170-aeda-170b-a26a-5ee18b267f4a
2026-07-28 11:16:03.626 | INFO     | monitor:scan:273 - Reached Old Files
2026-07-28 11:16:03.626 | INFO     | monitor:scan:303 - No New Serial
2026-07-28 11:16:03.626 | INFO     | monitor:scan:325 - Nothing Changed
2026-07-28 11:16:03.626 | SUCCESS  | monitor:scan:331 - Scan Finished
2026-07-28 11:16:03.627 | INFO     | monitor:start:67 - Sleep 60 Seconds
2026-07-28 11:17:03.627 | INFO     | auth.login:ensure_login:354 - Checking Login...
2026-07-28 11:17:03.628 | SUCCESS  | auth.login:load_saved_token:192 - Saved Token Loaded
2026-07-28 11:17:03.628 | SUCCESS  | auth.login:ensure_login:362 - Using Saved Token
2026-07-28 11:17:03.628 | INFO     | monitor:scan:111 - Scanning Website...
2026-07-28 11:17:03.629 | INFO     | monitor:scan:125 - Loading Page 1
2026-07-28 11:17:03.629 | INFO     | api:get_files:60 - Loading Page 1
2026-07-28 11:17:05.298 | INFO     | api:get_file:84 - Loading File 126d5170-aeda-170b-a26a-5ee18b267f4a
2026-07-28 11:17:05.514 | INFO     | monitor:scan:273 - Reached Old Files
2026-07-28 11:17:05.514 | INFO     | monitor:scan:303 - No New Serial
2026-07-28 11:17:05.514 | INFO     | monitor:scan:325 - Nothing Changed
2026-07-28 11:17:05.514 | SUCCESS  | monitor:scan:331 - Scan Finished
2026-07-28 11:17:05.515 | INFO     | monitor:start:67 - Sleep 60 Seconds
2026-07-28 11:18:05.515 | INFO     | auth.login:ensure_login:354 - Checking Login...
2026-07-28 11:18:05.516 | SUCCESS  | auth.login:load_saved_token:192 - Saved Token Loaded
2026-07-28 11:18:05.516 | SUCCESS  | auth.login:ensure_login:362 - Using Saved Token
2026-07-28 11:18:05.516 | INFO     | monitor:scan:111 - Scanning Website...
2026-07-28 11:18:05.516 | INFO     | monitor:scan:125 - Loading Page 1
2026-07-28 11:18:05.517 | INFO     | api:get_files:60 - Loading Page 1
2026-07-28 11:18:09.010 | INFO     | api:get_file:84 - Loading File 126d5170-aeda-170b-a26a-5ee18b267f4a
2026-07-28 11:18:09.230 | INFO     | monitor:scan:273 - Reached Old Files
2026-07-28 11:18:09.231 | INFO     | monitor:scan:303 - No New Serial
2026-07-28 11:18:09.232 | INFO     | monitor:scan:325 - Nothing Changed
2026-07-28 11:18:09.233 | SUCCESS  | monitor:scan:331 - Scan Finished
2026-07-28 11:18:09.234 | INFO     | monitor:start:67 - Sleep 60 Seconds
2026-07-28 11:19:09.235 | INFO     | auth.login:ensure_login:354 - Checking Login...
2026-07-28 11:19:09.238 | SUCCESS  | auth.login:load_saved_token:192 - Saved Token Loaded
2026-07-28 11:19:09.238 | SUCCESS  | auth.login:ensure_login:362 - Using Saved Token
2026-07-28 11:19:09.239 | INFO     | monitor:scan:111 - Scanning Website...
2026-07-28 11:19:09.242 | INFO     | monitor:scan:125 - Loading Page 1
2026-07-28 11:19:09.243 | INFO     | api:get_files:60 - Loading Page 1
2026-07-28 11:19:10.902 | INFO     | api:get_file:84 - Loading File 126d5170-aeda-170b-a26a-5ee18b267f4a
2026-07-28 11:19:11.129 | INFO     | monitor:scan:273 - Reached Old Files
2026-07-28 11:19:11.129 | INFO     | monitor:scan:303 - No New Serial
2026-07-28 11:19:11.129 | INFO     | monitor:scan:325 - Nothing Changed
2026-07-28 11:19:11.129 | SUCCESS  | monitor:scan:331 - Scan Finished
2026-07-28 11:19:11.130 | INFO     | monitor:start:67 - Sleep 60 Seconds
2026-07-28 11:20:11.131 | INFO     | auth.login:ensure_login:354 - Checking Login...
2026-07-28 11:20:11.134 | SUCCESS  | auth.login:load_saved_token:192 - Saved Token Loaded
2026-07-28 11:20:11.135 | SUCCESS  | auth.login:ensure_login:362 - Using Saved Token
2026-07-28 11:20:11.136 | INFO     | monitor:scan:111 - Scanning Website...
2026-07-28 11:20:11.139 | INFO     | monitor:scan:125 - Loading Page 1
2026-07-28 11:20:11.140 | INFO     | api:get_files:60 - Loading Page 1
2026-07-28 11:20:14.326 | INFO     | api:get_file:84 - Loading File 126d5170-aeda-170b-a26a-5ee18b267f4a
2026-07-28 11:20:14.539 | INFO     | monitor:scan:273 - Reached Old Files
2026-07-28 11:20:14.539 | INFO     | monitor:scan:303 - No New Serial
2026-07-28 11:20:14.540 | INFO     | monitor:scan:325 - Nothing Changed
2026-07-28 11:20:14.541 | SUCCESS  | monitor:scan:331 - Scan Finished
2026-07-28 11:20:14.541 | INFO     | monitor:start:67 - Sleep 60 Seconds
2026-07-28 11:21:14.543 | INFO     | auth.login:ensure_login:354 - Checking Login...
2026-07-28 11:21:14.544 | SUCCESS  | auth.login:load_saved_token:192 - Saved Token Loaded
2026-07-28 11:21:14.544 | SUCCESS  | auth.login:ensure_login:362 - Using Saved Token
2026-07-28 11:21:14.544 | INFO     | monitor:scan:111 - Scanning Website...
2026-07-28 11:21:14.544 | INFO     | monitor:scan:125 - Loading Page 1
2026-07-28 11:21:14.545 | INFO     | api:get_files:60 - Loading Page 1
2026-07-28 11:21:16.323 | INFO     | api:get_file:84 - Loading File 126d5170-aeda-170b-a26a-5ee18b267f4a
2026-07-28 11:21:16.544 | INFO     | monitor:scan:273 - Reached Old Files
2026-07-28 11:21:16.544 | INFO     | monitor:scan:303 - No New Serial
2026-07-28 11:21:16.545 | INFO     | monitor:scan:325 - Nothing Changed
2026-07-28 11:21:16.545 | SUCCESS  | monitor:scan:331 - Scan Finished
2026-07-28 11:21:16.546 | INFO     | monitor:start:67 - Sleep 60 Seconds
2026-07-28 11:22:16.547 | INFO     | auth.login:ensure_login:354 - Checking Login...
2026-07-28 11:22:16.551 | SUCCESS  | auth.login:load_saved_token:192 - Saved Token Loaded
2026-07-28 11:22:16.553 | SUCCESS  | auth.login:ensure_login:362 - Using Saved Token
2026-07-28 11:22:16.555 | INFO     | monitor:scan:111 - Scanning Website...
2026-07-28 11:22:16.557 | INFO     | monitor:scan:125 - Loading Page 1
2026-07-28 11:22:16.557 | INFO     | api:get_files:60 - Loading Page 1
2026-07-28 11:22:18.267 | INFO     | api:get_file:84 - Loading File 126d5170-aeda-170b-a26a-5ee18b267f4a
2026-07-28 11:22:18.498 | INFO     | monitor:scan:273 - Reached Old Files
2026-07-28 11:22:18.499 | INFO     | monitor:scan:303 - No New Serial
2026-07-28 11:22:18.500 | INFO     | monitor:scan:325 - Nothing Changed
2026-07-28 11:22:18.500 | SUCCESS  | monitor:scan:331 - Scan Finished
2026-07-28 11:22:18.501 | INFO     | monitor:start:67 - Sleep 60 Seconds
2026-07-28 11:23:18.502 | INFO     | auth.login:ensure_login:354 - Checking Login...
2026-07-28 11:23:18.504 | SUCCESS  | auth.login:load_saved_token:192 - Saved Token Loaded
2026-07-28 11:23:18.505 | SUCCESS  | auth.login:ensure_login:362 - Using Saved Token
2026-07-28 11:23:18.505 | INFO     | monitor:scan:111 - Scanning Website...
2026-07-28 11:23:18.507 | INFO     | monitor:scan:125 - Loading Page 1
2026-07-28 11:23:18.508 | INFO     | api:get_files:60 - Loading Page 1
2026-07-28 11:23:21.937 | INFO     | api:get_file:84 - Loading File 126d5170-aeda-170b-a26a-5ee18b267f4a
2026-07-28 11:23:22.152 | INFO     | monitor:scan:273 - Reached Old Files
2026-07-28 11:23:22.153 | INFO     | monitor:scan:303 - No New Serial
2026-07-28 11:23:22.154 | INFO     | monitor:scan:325 - Nothing Changed
2026-07-28 11:23:22.154 | SUCCESS  | monitor:scan:331 - Scan Finished
2026-07-28 11:23:22.155 | INFO     | monitor:start:67 - Sleep 60 Seconds
2026-07-28 11:24:22.156 | INFO     | auth.login:ensure_login:354 - Checking Login...
2026-07-28 11:24:22.157 | SUCCESS  | auth.login:load_saved_token:192 - Saved Token Loaded
2026-07-28 11:24:22.157 | SUCCESS  | auth.login:ensure_login:362 - Using Saved Token
2026-07-28 11:24:22.157 | INFO     | monitor:scan:111 - Scanning Website...
2026-07-28 11:24:22.158 | INFO     | monitor:scan:125 - Loading Page 1
2026-07-28 11:24:22.158 | INFO     | api:get_files:60 - Loading Page 1
2026-07-28 11:24:22.805 | WARNING  | auth.login:get:411 - Access Token Expired
2026-07-28 11:24:22.806 | INFO     | auth.login:login:262 - Logging in...
2026-07-28 11:24:23.289 | SUCCESS  | auth.login:save_token:242 - Token Saved
2026-07-28 11:24:23.289 | SUCCESS  | auth.login:login:340 - Login Successful
2026-07-28 11:24:24.588 | INFO     | api:get_file:84 - Loading File 126d5170-aeda-170b-a26a-5ee18b267f4a
2026-07-28 11:24:24.815 | INFO     | monitor:scan:273 - Reached Old Files
2026-07-28 11:24:24.816 | INFO     | monitor:scan:303 - No New Serial
2026-07-28 11:24:24.816 | INFO     | monitor:scan:325 - Nothing Changed
2026-07-28 11:24:24.817 | SUCCESS  | monitor:scan:331 - Scan Finished
2026-07-28 11:24:24.818 | INFO     | monitor:start:67 - Sleep 60 Seconds
2026-07-28 11:25:24.819 | INFO     | auth.login:ensure_login:354 - Checking Login...
2026-07-28 11:25:24.826 | SUCCESS  | auth.login:load_saved_token:192 - Saved Token Loaded
2026-07-28 11:25:24.826 | SUCCESS  | auth.login:ensure_login:362 - Using Saved Token
2026-07-28 11:25:24.827 | INFO     | monitor:scan:111 - Scanning Website...
2026-07-28 11:25:24.827 | INFO     | monitor:scan:125 - Loading Page 1
2026-07-28 11:25:24.828 | INFO     | api:get_files:60 - Loading Page 1
2026-07-28 11:25:26.397 | INFO     | api:get_file:84 - Loading File 126d5170-aeda-170b-a26a-5ee18b267f4a
2026-07-28 11:25:26.624 | INFO     | monitor:scan:273 - Reached Old Files
2026-07-28 11:25:26.625 | INFO     | monitor:scan:303 - No New Serial
2026-07-28 11:25:26.626 | INFO     | monitor:scan:325 - Nothing Changed
2026-07-28 11:25:26.628 | SUCCESS  | monitor:scan:331 - Scan Finished
2026-07-28 11:25:26.629 | INFO     | monitor:start:67 - Sleep 60 Seconds
2026-07-28 11:26:26.630 | INFO     | auth.login:ensure_login:354 - Checking Login...
2026-07-28 11:26:26.632 | SUCCESS  | auth.login:load_saved_token:192 - Saved Token Loaded
2026-07-28 11:26:26.632 | SUCCESS  | auth.login:ensure_login:362 - Using Saved Token
2026-07-28 11:26:26.632 | INFO     | monitor:scan:111 - Scanning Website...
2026-07-28 11:26:26.633 | INFO     | monitor:scan:125 - Loading Page 1
2026-07-28 11:26:26.634 | INFO     | api:get_files:60 - Loading Page 1
2026-07-28 11:26:28.192 | INFO     | api:get_file:84 - Loading File 126d5170-aeda-170b-a26a-5ee18b267f4a
2026-07-28 11:26:28.419 | INFO     | monitor:scan:273 - Reached Old Files
2026-07-28 11:26:28.420 | INFO     | monitor:scan:303 - No New Serial
2026-07-28 11:26:28.420 | INFO     | monitor:scan:325 - Nothing Changed
2026-07-28 11:26:28.420 | SUCCESS  | monitor:scan:331 - Scan Finished
2026-07-28 11:26:28.420 | INFO     | monitor:start:67 - Sleep 60 Seconds
2026-07-28 11:27:28.421 | INFO     | auth.login:ensure_login:354 - Checking Login...
2026-07-28 11:27:28.421 | SUCCESS  | auth.login:load_saved_token:192 - Saved Token Loaded
2026-07-28 11:27:28.421 | SUCCESS  | auth.login:ensure_login:362 - Using Saved Token
2026-07-28 11:27:28.422 | INFO     | monitor:scan:111 - Scanning Website...
2026-07-28 11:27:28.422 | INFO     | monitor:scan:125 - Loading Page 1
2026-07-28 11:27:28.422 | INFO     | api:get_files:60 - Loading Page 1
2026-07-28 11:27:30.154 | INFO     | api:get_file:84 - Loading File 126d5170-aeda-170b-a26a-5ee18b267f4a
2026-07-28 11:27:30.381 | INFO     | monitor:scan:273 - Reached Old Files
2026-07-28 11:27:30.381 | INFO     | monitor:scan:303 - No New Serial
2026-07-28 11:27:30.382 | INFO     | monitor:scan:325 - Nothing Changed
2026-07-28 11:27:30.382 | SUCCESS  | monitor:scan:331 - Scan Finished
2026-07-28 11:27:30.383 | INFO     | monitor:start:67 - Sleep 60 Seconds
2026-07-28 11:28:30.385 | INFO     | auth.login:ensure_login:354 - Checking Login...
2026-07-28 11:28:30.387 | SUCCESS  | auth.login:load_saved_token:192 - Saved Token Loaded
2026-07-28 11:28:30.388 | SUCCESS  | auth.login:ensure_login:362 - Using Saved Token
2026-07-28 11:28:30.388 | INFO     | monitor:scan:111 - Scanning Website...
2026-07-28 11:28:30.391 | INFO     | monitor:scan:125 - Loading Page 1
2026-07-28 11:28:30.392 | INFO     | api:get_files:60 - Loading Page 1
2026-07-28 11:28:32.356 | INFO     | api:get_file:84 - Loading File 126d5170-aeda-170b-a26a-5ee18b267f4a
2026-07-28 11:28:32.593 | INFO     | monitor:scan:273 - Reached Old Files
2026-07-28 11:28:32.594 | INFO     | monitor:scan:303 - No New Serial
2026-07-28 11:28:32.595 | INFO     | monitor:scan:325 - Nothing Changed
2026-07-28 11:28:32.595 | SUCCESS  | monitor:scan:331 - Scan Finished
2026-07-28 11:28:32.596 | INFO     | monitor:start:67 - Sleep 60 Seconds
2026-07-28 11:29:32.597 | INFO     | auth.login:ensure_login:354 - Checking Login...
2026-07-28 11:29:32.598 | SUCCESS  | auth.login:load_saved_token:192 - Saved Token Loaded
2026-07-28 11:29:32.598 | SUCCESS  | auth.login:ensure_login:362 - Using Saved Token
2026-07-28 11:29:32.598 | INFO     | monitor:scan:111 - Scanning Website...
2026-07-28 11:29:32.598 | INFO     | monitor:scan:125 - Loading Page 1
2026-07-28 11:29:32.599 | INFO     | api:get_files:60 - Loading Page 1
2026-07-28 11:29:36.113 | INFO     | api:get_file:84 - Loading File 126d5170-aeda-170b-a26a-5ee18b267f4a
2026-07-28 11:29:36.343 | INFO     | monitor:scan:273 - Reached Old Files
2026-07-28 11:29:36.345 | INFO     | monitor:scan:303 - No New Serial
2026-07-28 11:29:36.345 | INFO     | monitor:scan:325 - Nothing Changed
2026-07-28 11:29:36.346 | SUCCESS  | monitor:scan:331 - Scan Finished
2026-07-28 11:29:36.347 | INFO     | monitor:start:67 - Sleep 60 Seconds
2026-07-28 11:30:36.348 | INFO     | auth.login:ensure_login:354 - Checking Login...
2026-07-28 11:30:36.350 | SUCCESS  | auth.login:load_saved_token:192 - Saved Token Loaded
2026-07-28 11:30:36.350 | SUCCESS  | auth.login:ensure_login:362 - Using Saved Token
2026-07-28 11:30:36.350 | INFO     | monitor:scan:111 - Scanning Website...
2026-07-28 11:30:36.351 | INFO     | monitor:scan:125 - Loading Page 1
2026-07-28 11:30:36.352 | INFO     | api:get_files:60 - Loading Page 1
2026-07-28 11:30:37.921 | INFO     | api:get_file:84 - Loading File 126d5170-aeda-170b-a26a-5ee18b267f4a
2026-07-28 11:30:38.147 | INFO     | monitor:scan:273 - Reached Old Files
2026-07-28 11:30:38.148 | INFO     | monitor:scan:303 - No New Serial
2026-07-28 11:30:38.148 | INFO     | monitor:scan:325 - Nothing Changed
2026-07-28 11:30:38.148 | SUCCESS  | monitor:scan:331 - Scan Finished
2026-07-28 11:30:38.148 | INFO     | monitor:start:67 - Sleep 60 Seconds
2026-07-28 11:31:38.149 | INFO     | auth.login:ensure_login:354 - Checking Login...
2026-07-28 11:31:38.149 | SUCCESS  | auth.login:load_saved_token:192 - Saved Token Loaded
2026-07-28 11:31:38.149 | SUCCESS  | auth.login:ensure_login:362 - Using Saved Token
2026-07-28 11:31:38.150 | INFO     | monitor:scan:111 - Scanning Website...
2026-07-28 11:31:38.150 | INFO     | monitor:scan:125 - Loading Page 1
2026-07-28 11:31:38.150 | INFO     | api:get_files:60 - Loading Page 1
2026-07-28 11:31:39.631 | INFO     | api:get_file:84 - Loading File 126d5170-aeda-170b-a26a-5ee18b267f4a
2026-07-28 11:31:39.849 | INFO     | monitor:scan:273 - Reached Old Files
2026-07-28 11:31:39.850 | INFO     | monitor:scan:303 - No New Serial
2026-07-28 11:31:39.850 | INFO     | monitor:scan:325 - Nothing Changed
2026-07-28 11:31:39.851 | SUCCESS  | monitor:scan:331 - Scan Finished
2026-07-28 11:31:39.851 | INFO     | monitor:start:67 - Sleep 60 Seconds
2026-07-28 11:32:39.852 | INFO     | auth.login:ensure_login:354 - Checking Login...
2026-07-28 11:32:39.853 | SUCCESS  | auth.login:load_saved_token:192 - Saved Token Loaded
2026-07-28 11:32:39.853 | SUCCESS  | auth.login:ensure_login:362 - Using Saved Token
2026-07-28 11:32:39.853 | INFO     | monitor:scan:111 - Scanning Website...
2026-07-28 11:32:39.854 | INFO     | monitor:scan:125 - Loading Page 1
2026-07-28 11:32:39.854 | INFO     | api:get_files:60 - Loading Page 1
2026-07-28 11:32:41.976 | INFO     | api:get_file:84 - Loading File 126d5170-aeda-170b-a26a-5ee18b267f4a
2026-07-28 11:32:42.195 | INFO     | monitor:scan:273 - Reached Old Files
2026-07-28 11:32:42.196 | INFO     | monitor:scan:303 - No New Serial
2026-07-28 11:32:42.196 | INFO     | monitor:scan:325 - Nothing Changed
2026-07-28 11:32:42.196 | SUCCESS  | monitor:scan:331 - Scan Finished
2026-07-28 11:32:42.197 | INFO     | monitor:start:67 - Sleep 60 Seconds
2026-07-28 11:33:42.198 | INFO     | auth.login:ensure_login:354 - Checking Login...
2026-07-28 11:33:42.199 | SUCCESS  | auth.login:load_saved_token:192 - Saved Token Loaded
2026-07-28 11:33:42.199 | SUCCESS  | auth.login:ensure_login:362 - Using Saved Token
2026-07-28 11:33:42.199 | INFO     | monitor:scan:111 - Scanning Website...
2026-07-28 11:33:42.200 | INFO     | monitor:scan:125 - Loading Page 1
2026-07-28 11:33:42.200 | INFO     | api:get_files:60 - Loading Page 1
2026-07-28 11:33:43.825 | INFO     | api:get_file:84 - Loading File 126d5170-aeda-170b-a26a-5ee18b267f4a
2026-07-28 11:33:44.040 | INFO     | monitor:scan:273 - Reached Old Files
2026-07-28 11:33:44.041 | INFO     | monitor:scan:303 - No New Serial
2026-07-28 11:33:44.041 | INFO     | monitor:scan:325 - Nothing Changed
2026-07-28 11:33:44.041 | SUCCESS  | monitor:scan:331 - Scan Finished
2026-07-28 11:33:44.041 | INFO     | monitor:start:67 - Sleep 60 Seconds
2026-07-28 11:34:44.042 | INFO     | auth.login:ensure_login:354 - Checking Login...
2026-07-28 11:34:44.045 | SUCCESS  | auth.login:load_saved_token:192 - Saved Token Loaded
2026-07-28 11:34:44.045 | SUCCESS  | auth.login:ensure_login:362 - Using Saved Token
2026-07-28 11:34:44.045 | INFO     | monitor:scan:111 - Scanning Website...
2026-07-28 11:34:44.046 | INFO     | monitor:scan:125 - Loading Page 1
2026-07-28 11:34:44.046 | INFO     | api:get_files:60 - Loading Page 1
2026-07-28 11:34:44.481 | WARNING  | auth.login:get:411 - Access Token Expired
2026-07-28 11:34:44.482 | INFO     | auth.login:login:262 - Logging in...
2026-07-28 11:34:44.942 | SUCCESS  | auth.login:save_token:242 - Token Saved
2026-07-28 11:34:44.943 | SUCCESS  | auth.login:login:340 - Login Successful
2026-07-28 11:34:46.130 | INFO     | api:get_file:84 - Loading File 126d5170-aeda-170b-a26a-5ee18b267f4a
2026-07-28 11:34:46.360 | INFO     | monitor:scan:273 - Reached Old Files
2026-07-28 11:34:46.361 | INFO     | monitor:scan:303 - No New Serial
2026-07-28 11:34:46.361 | INFO     | monitor:scan:325 - Nothing Changed
2026-07-28 11:34:46.361 | SUCCESS  | monitor:scan:331 - Scan Finished
2026-07-28 11:34:46.362 | INFO     | monitor:start:67 - Sleep 60 Seconds
2026-07-28 11:35:46.364 | INFO     | auth.login:ensure_login:354 - Checking Login...
2026-07-28 11:35:46.383 | SUCCESS  | auth.login:load_saved_token:192 - Saved Token Loaded
2026-07-28 11:35:46.384 | SUCCESS  | auth.login:ensure_login:362 - Using Saved Token
2026-07-28 11:35:46.384 | INFO     | monitor:scan:111 - Scanning Website...
2026-07-28 11:35:46.385 | INFO     | monitor:scan:125 - Loading Page 1
2026-07-28 11:35:46.385 | INFO     | api:get_files:60 - Loading Page 1
2026-07-28 11:35:50.051 | INFO     | api:get_file:84 - Loading File 126d5170-aeda-170b-a26a-5ee18b267f4a
2026-07-28 11:35:50.283 | INFO     | monitor:scan:273 - Reached Old Files
2026-07-28 11:35:50.283 | INFO     | monitor:scan:303 - No New Serial
2026-07-28 11:35:50.283 | INFO     | monitor:scan:325 - Nothing Changed
2026-07-28 11:35:50.284 | SUCCESS  | monitor:scan:331 - Scan Finished
2026-07-28 11:35:50.284 | INFO     | monitor:start:67 - Sleep 60 Seconds
2026-07-28 11:36:50.285 | INFO     | auth.login:ensure_login:354 - Checking Login...
2026-07-28 11:36:50.286 | SUCCESS  | auth.login:load_saved_token:192 - Saved Token Loaded
2026-07-28 11:36:50.286 | SUCCESS  | auth.login:ensure_login:362 - Using Saved Token
2026-07-28 11:36:50.286 | INFO     | monitor:scan:111 - Scanning Website...
2026-07-28 11:36:50.287 | INFO     | monitor:scan:125 - Loading Page 1
2026-07-28 11:36:50.287 | INFO     | api:get_files:60 - Loading Page 1
2026-07-28 11:36:51.785 | INFO     | api:get_file:84 - Loading File 126d5170-aeda-170b-a26a-5ee18b267f4a
2026-07-28 11:36:52.004 | INFO     | monitor:scan:273 - Reached Old Files
2026-07-28 11:36:52.005 | INFO     | monitor:scan:303 - No New Serial
2026-07-28 11:36:52.007 | INFO     | monitor:scan:325 - Nothing Changed
2026-07-28 11:36:52.008 | SUCCESS  | monitor:scan:331 - Scan Finished
2026-07-28 11:36:52.008 | INFO     | monitor:start:67 - Sleep 60 Seconds
2026-07-28 11:37:52.010 | INFO     | auth.login:ensure_login:354 - Checking Login...
2026-07-28 11:37:52.013 | SUCCESS  | auth.login:load_saved_token:192 - Saved Token Loaded
2026-07-28 11:37:52.014 | SUCCESS  | auth.login:ensure_login:362 - Using Saved Token
2026-07-28 11:37:52.014 | INFO     | monitor:scan:111 - Scanning Website...
2026-07-28 11:37:52.015 | INFO     | monitor:scan:125 - Loading Page 1
2026-07-28 11:37:52.015 | INFO     | api:get_files:60 - Loading Page 1
2026-07-28 11:37:55.109 | INFO     | api:get_file:84 - Loading File 126d5170-aeda-170b-a26a-5ee18b267f4a
2026-07-28 11:37:55.339 | INFO     | monitor:scan:273 - Reached Old Files
2026-07-28 11:37:55.339 | INFO     | monitor:scan:303 - No New Serial
2026-07-28 11:37:55.340 | INFO     | monitor:scan:325 - Nothing Changed
2026-07-28 11:37:55.340 | SUCCESS  | monitor:scan:331 - Scan Finished
2026-07-28 11:37:55.341 | INFO     | monitor:start:67 - Sleep 60 Seconds
2026-07-28 11:38:55.342 | INFO     | auth.login:ensure_login:354 - Checking Login...
2026-07-28 11:38:55.342 | SUCCESS  | auth.login:load_saved_token:192 - Saved Token Loaded
2026-07-28 11:38:55.343 | SUCCESS  | auth.login:ensure_login:362 - Using Saved Token
2026-07-28 11:38:55.343 | INFO     | monitor:scan:111 - Scanning Website...
2026-07-28 11:38:55.344 | INFO     | monitor:scan:125 - Loading Page 1
2026-07-28 11:38:55.344 | INFO     | api:get_files:60 - Loading Page 1
2026-07-28 11:38:58.637 | INFO     | api:get_file:84 - Loading File 126d5170-aeda-170b-a26a-5ee18b267f4a
2026-07-28 11:38:58.853 | INFO     | monitor:scan:273 - Reached Old Files
2026-07-28 11:38:58.854 | INFO     | monitor:scan:303 - No New Serial
2026-07-28 11:38:58.854 | INFO     | monitor:scan:325 - Nothing Changed
2026-07-28 11:38:58.854 | SUCCESS  | monitor:scan:331 - Scan Finished
2026-07-28 11:38:58.854 | INFO     | monitor:start:67 - Sleep 60 Seconds
2026-07-28 11:39:58.854 | INFO     | auth.login:ensure_login:354 - Checking Login...
2026-07-28 11:39:58.855 | SUCCESS  | auth.login:load_saved_token:192 - Saved Token Loaded
2026-07-28 11:39:58.855 | SUCCESS  | auth.login:ensure_login:362 - Using Saved Token
2026-07-28 11:39:58.855 | INFO     | monitor:scan:111 - Scanning Website...
2026-07-28 11:39:58.856 | INFO     | monitor:scan:125 - Loading Page 1
2026-07-28 11:39:58.856 | INFO     | api:get_files:60 - Loading Page 1
2026-07-28 11:40:01.838 | INFO     | api:get_file:84 - Loading File 126d5170-aeda-170b-a26a-5ee18b267f4a
2026-07-28 11:40:02.064 | INFO     | monitor:scan:273 - Reached Old Files
2026-07-28 11:40:02.065 | INFO     | monitor:scan:303 - No New Serial
2026-07-28 11:40:02.065 | INFO     | monitor:scan:325 - Nothing Changed
2026-07-28 11:40:02.065 | SUCCESS  | monitor:scan:331 - Scan Finished
2026-07-28 11:40:02.065 | INFO     | monitor:start:67 - Sleep 60 Seconds
2026-07-28 11:41:02.066 | INFO     | auth.login:ensure_login:354 - Checking Login...
2026-07-28 11:41:02.067 | SUCCESS  | auth.login:load_saved_token:192 - Saved Token Loaded
2026-07-28 11:41:02.067 | SUCCESS  | auth.login:ensure_login:362 - Using Saved Token
2026-07-28 11:41:02.068 | INFO     | monitor:scan:111 - Scanning Website...
2026-07-28 11:41:02.068 | INFO     | monitor:scan:125 - Loading Page 1
2026-07-28 11:41:02.069 | INFO     | api:get_files:60 - Loading Page 1
2026-07-28 11:41:03.526 | INFO     | api:get_file:84 - Loading File 126d5170-aeda-170b-a26a-5ee18b267f4a
2026-07-28 11:41:03.743 | INFO     | monitor:scan:273 - Reached Old Files
2026-07-28 11:41:03.744 | INFO     | monitor:scan:303 - No New Serial
2026-07-28 11:41:03.744 | INFO     | monitor:scan:325 - Nothing Changed
2026-07-28 11:41:03.744 | SUCCESS  | monitor:scan:331 - Scan Finished
2026-07-28 11:41:03.745 | INFO     | monitor:start:67 - Sleep 60 Seconds
2026-07-28 11:42:03.746 | INFO     | auth.login:ensure_login:354 - Checking Login...
2026-07-28 11:42:03.750 | SUCCESS  | auth.login:load_saved_token:192 - Saved Token Loaded
2026-07-28 11:42:03.751 | SUCCESS  | auth.login:ensure_login:362 - Using Saved Token
2026-07-28 11:42:03.752 | INFO     | monitor:scan:111 - Scanning Website...
2026-07-28 11:42:03.754 | INFO     | monitor:scan:125 - Loading Page 1
2026-07-28 11:42:03.755 | INFO     | api:get_files:60 - Loading Page 1
2026-07-28 11:42:05.296 | INFO     | api:get_file:84 - Loading File 126d5170-aeda-170b-a26a-5ee18b267f4a
2026-07-28 11:42:05.511 | INFO     | monitor:scan:273 - Reached Old Files
2026-07-28 11:42:05.512 | INFO     | monitor:scan:303 - No New Serial
2026-07-28 11:42:05.512 | INFO     | monitor:scan:325 - Nothing Changed
2026-07-28 11:42:05.512 | SUCCESS  | monitor:scan:331 - Scan Finished
2026-07-28 11:42:05.513 | INFO     | monitor:start:67 - Sleep 60 Seconds
2026-07-28 11:43:05.513 | INFO     | auth.login:ensure_login:354 - Checking Login...
2026-07-28 11:43:05.517 | SUCCESS  | auth.login:load_saved_token:192 - Saved Token Loaded
2026-07-28 11:43:05.518 | SUCCESS  | auth.login:ensure_login:362 - Using Saved Token
2026-07-28 11:43:05.519 | INFO     | monitor:scan:111 - Scanning Website...
2026-07-28 11:43:05.521 | INFO     | monitor:scan:125 - Loading Page 1
2026-07-28 11:43:05.522 | INFO     | api:get_files:60 - Loading Page 1
2026-07-28 11:43:07.024 | INFO     | api:get_file:84 - Loading File 126d5170-aeda-170b-a26a-5ee18b267f4a
2026-07-28 11:43:07.241 | INFO     | monitor:scan:273 - Reached Old Files
2026-07-28 11:43:07.241 | INFO     | monitor:scan:303 - No New Serial
2026-07-28 11:43:07.242 | INFO     | monitor:scan:325 - Nothing Changed
2026-07-28 11:43:07.242 | SUCCESS  | monitor:scan:331 - Scan Finished
2026-07-28 11:43:07.243 | INFO     | monitor:start:67 - Sleep 60 Seconds
2026-07-28 11:44:07.244 | INFO     | auth.login:ensure_login:354 - Checking Login...
2026-07-28 11:44:07.247 | SUCCESS  | auth.login:load_saved_token:192 - Saved Token Loaded
2026-07-28 11:44:07.249 | SUCCESS  | auth.login:ensure_login:362 - Using Saved Token
2026-07-28 11:44:07.249 | INFO     | monitor:scan:111 - Scanning Website...
2026-07-28 11:44:07.251 | INFO     | monitor:scan:125 - Loading Page 1
2026-07-28 11:44:07.252 | INFO     | api:get_files:60 - Loading Page 1
2026-07-28 11:44:08.954 | INFO     | api:get_file:84 - Loading File 126d5170-aeda-170b-a26a-5ee18b267f4a
2026-07-28 11:44:09.183 | INFO     | monitor:scan:273 - Reached Old Files
2026-07-28 11:44:09.184 | INFO     | monitor:scan:303 - No New Serial
2026-07-28 11:44:09.184 | INFO     | monitor:scan:325 - Nothing Changed
2026-07-28 11:44:09.185 | SUCCESS  | monitor:scan:331 - Scan Finished
2026-07-28 11:44:09.186 | INFO     | monitor:start:67 - Sleep 60 Seconds
2026-07-28 11:45:09.187 | INFO     | auth.login:ensure_login:354 - Checking Login...
2026-07-28 11:45:09.190 | SUCCESS  | auth.login:load_saved_token:192 - Saved Token Loaded
2026-07-28 11:45:09.190 | SUCCESS  | auth.login:ensure_login:362 - Using Saved Token
2026-07-28 11:45:09.191 | INFO     | monitor:scan:111 - Scanning Website...
2026-07-28 11:45:09.192 | INFO     | monitor:scan:125 - Loading Page 1
2026-07-28 11:45:09.193 | INFO     | api:get_files:60 - Loading Page 1
2026-07-28 11:45:09.648 | WARNING  | auth.login:get:411 - Access Token Expired
2026-07-28 11:45:09.649 | INFO     | auth.login:login:262 - Logging in...
2026-07-28 11:45:10.083 | SUCCESS  | auth.login:save_token:242 - Token Saved
2026-07-28 11:45:10.084 | SUCCESS  | auth.login:login:340 - Login Successful
2026-07-28 11:45:11.275 | INFO     | api:get_file:84 - Loading File 126d5170-aeda-170b-a26a-5ee18b267f4a
2026-07-28 11:45:11.504 | INFO     | monitor:scan:273 - Reached Old Files
2026-07-28 11:45:11.504 | INFO     | monitor:scan:303 - No New Serial
2026-07-28 11:45:11.505 | INFO     | monitor:scan:325 - Nothing Changed
2026-07-28 11:45:11.505 | SUCCESS  | monitor:scan:331 - Scan Finished
2026-07-28 11:45:11.505 | INFO     | monitor:start:67 - Sleep 60 Seconds
2026-07-28 11:46:11.506 | INFO     | auth.login:ensure_login:354 - Checking Login...
2026-07-28 11:46:11.527 | SUCCESS  | auth.login:load_saved_token:192 - Saved Token Loaded
2026-07-28 11:46:11.528 | SUCCESS  | auth.login:ensure_login:362 - Using Saved Token
2026-07-28 11:46:11.528 | INFO     | monitor:scan:111 - Scanning Website...
2026-07-28 11:46:11.529 | INFO     | monitor:scan:125 - Loading Page 1
2026-07-28 11:46:11.529 | INFO     | api:get_files:60 - Loading Page 1
2026-07-28 11:46:13.046 | INFO     | api:get_file:84 - Loading File 126d5170-aeda-170b-a26a-5ee18b267f4a
2026-07-28 11:46:13.273 | INFO     | monitor:scan:273 - Reached Old Files
2026-07-28 11:46:13.275 | INFO     | monitor:scan:303 - No New Serial
2026-07-28 11:46:13.275 | INFO     | monitor:scan:325 - Nothing Changed
2026-07-28 11:46:13.275 | SUCCESS  | monitor:scan:331 - Scan Finished
2026-07-28 11:46:13.276 | INFO     | monitor:start:67 - Sleep 60 Seconds
2026-07-28 11:47:13.276 | INFO     | auth.login:ensure_login:354 - Checking Login...
2026-07-28 11:47:13.278 | SUCCESS  | auth.login:load_saved_token:192 - Saved Token Loaded
2026-07-28 11:47:13.279 | SUCCESS  | auth.login:ensure_login:362 - Using Saved Token
2026-07-28 11:47:13.279 | INFO     | monitor:scan:111 - Scanning Website...
2026-07-28 11:47:13.280 | INFO     | monitor:scan:125 - Loading Page 1
2026-07-28 11:47:13.280 | INFO     | api:get_files:60 - Loading Page 1
2026-07-28 11:47:14.715 | INFO     | api:get_file:84 - Loading File 126d5170-aeda-170b-a26a-5ee18b267f4a
2026-07-28 11:47:14.922 | INFO     | monitor:scan:273 - Reached Old Files
2026-07-28 11:47:14.922 | INFO     | monitor:scan:303 - No New Serial
2026-07-28 11:47:14.922 | INFO     | monitor:scan:325 - Nothing Changed
2026-07-28 11:47:14.923 | SUCCESS  | monitor:scan:331 - Scan Finished
2026-07-28 11:47:14.923 | INFO     | monitor:start:67 - Sleep 60 Seconds
2026-07-28 11:48:14.923 | INFO     | auth.login:ensure_login:354 - Checking Login...
2026-07-28 11:48:14.926 | SUCCESS  | auth.login:load_saved_token:192 - Saved Token Loaded
2026-07-28 11:48:14.926 | SUCCESS  | auth.login:ensure_login:362 - Using Saved Token
2026-07-28 11:48:14.927 | INFO     | monitor:scan:111 - Scanning Website...
2026-07-28 11:48:14.929 | INFO     | monitor:scan:125 - Loading Page 1
2026-07-28 11:48:14.930 | INFO     | api:get_files:60 - Loading Page 1
2026-07-28 11:48:16.403 | INFO     | api:get_file:84 - Loading File 126d5170-aeda-170b-a26a-5ee18b267f4a
2026-07-28 11:48:16.621 | INFO     | monitor:scan:273 - Reached Old Files
2026-07-28 11:48:16.621 | INFO     | monitor:scan:303 - No New Serial
2026-07-28 11:48:16.622 | INFO     | monitor:scan:325 - Nothing Changed
2026-07-28 11:48:16.622 | SUCCESS  | monitor:scan:331 - Scan Finished
2026-07-28 11:48:16.622 | INFO     | monitor:start:67 - Sleep 60 Seconds
2026-07-28 11:49:16.623 | INFO     | auth.login:ensure_login:354 - Checking Login...
2026-07-28 11:49:16.626 | SUCCESS  | auth.login:load_saved_token:192 - Saved Token Loaded
2026-07-28 11:49:16.627 | SUCCESS  | auth.login:ensure_login:362 - Using Saved Token
2026-07-28 11:49:16.628 | INFO     | monitor:scan:111 - Scanning Website...
2026-07-28 11:49:16.630 | INFO     | monitor:scan:125 - Loading Page 1
2026-07-28 11:49:16.630 | INFO     | api:get_files:60 - Loading Page 1
2026-07-28 11:49:20.099 | INFO     | api:get_file:84 - Loading File 126d5170-aeda-170b-a26a-5ee18b267f4a
2026-07-28 11:49:20.316 | INFO     | monitor:scan:273 - Reached Old Files
2026-07-28 11:49:20.316 | INFO     | monitor:scan:303 - No New Serial
2026-07-28 11:49:20.316 | INFO     | monitor:scan:325 - Nothing Changed
2026-07-28 11:49:20.316 | SUCCESS  | monitor:scan:331 - Scan Finished
2026-07-28 11:49:20.317 | INFO     | monitor:start:67 - Sleep 60 Seconds
2026-07-28 11:50:20.317 | INFO     | auth.login:ensure_login:354 - Checking Login...
2026-07-28 11:50:20.320 | SUCCESS  | auth.login:load_saved_token:192 - Saved Token Loaded
2026-07-28 11:50:20.320 | SUCCESS  | auth.login:ensure_login:362 - Using Saved Token
2026-07-28 11:50:20.321 | INFO     | monitor:scan:111 - Scanning Website...
2026-07-28 11:50:20.322 | INFO     | monitor:scan:125 - Loading Page 1
2026-07-28 11:50:20.323 | INFO     | api:get_files:60 - Loading Page 1
2026-07-28 11:50:22.486 | INFO     | api:get_file:84 - Loading File 126d5170-aeda-170b-a26a-5ee18b267f4a
2026-07-28 11:50:22.708 | INFO     | monitor:scan:273 - Reached Old Files
2026-07-28 11:50:22.709 | INFO     | monitor:scan:303 - No New Serial
2026-07-28 11:50:22.709 | INFO     | monitor:scan:325 - Nothing Changed
2026-07-28 11:50:22.710 | SUCCESS  | monitor:scan:331 - Scan Finished
2026-07-28 11:50:22.712 | INFO     | monitor:start:67 - Sleep 60 Seconds
2026-07-28 11:51:22.714 | INFO     | auth.login:ensure_login:354 - Checking Login...
2026-07-28 11:51:22.717 | SUCCESS  | auth.login:load_saved_token:192 - Saved Token Loaded
2026-07-28 11:51:22.718 | SUCCESS  | auth.login:ensure_login:362 - Using Saved Token
2026-07-28 11:51:22.719 | INFO     | monitor:scan:111 - Scanning Website...
2026-07-28 11:51:22.721 | INFO     | monitor:scan:125 - Loading Page 1
2026-07-28 11:51:22.721 | INFO     | api:get_files:60 - Loading Page 1
2026-07-28 11:51:24.879 | INFO     | api:get_file:84 - Loading File 126d5170-aeda-170b-a26a-5ee18b267f4a
2026-07-28 11:51:25.106 | INFO     | monitor:scan:273 - Reached Old Files
2026-07-28 11:51:25.107 | INFO     | monitor:scan:303 - No New Serial
2026-07-28 11:51:25.107 | INFO     | monitor:scan:325 - Nothing Changed
2026-07-28 11:51:25.108 | SUCCESS  | monitor:scan:331 - Scan Finished
2026-07-28 11:51:25.108 | INFO     | monitor:start:67 - Sleep 60 Seconds
2026-07-28 11:52:25.109 | INFO     | auth.login:ensure_login:354 - Checking Login...
2026-07-28 11:52:25.111 | SUCCESS  | auth.login:load_saved_token:192 - Saved Token Loaded
2026-07-28 11:52:25.111 | SUCCESS  | auth.login:ensure_login:362 - Using Saved Token
2026-07-28 11:52:25.111 | INFO     | monitor:scan:111 - Scanning Website...
2026-07-28 11:52:25.111 | INFO     | monitor:scan:125 - Loading Page 1
2026-07-28 11:52:25.112 | INFO     | api:get_files:60 - Loading Page 1
2026-07-28 11:52:26.669 | INFO     | api:get_file:84 - Loading File 126d5170-aeda-170b-a26a-5ee18b267f4a
2026-07-28 11:52:26.887 | INFO     | monitor:scan:273 - Reached Old Files
2026-07-28 11:52:26.888 | INFO     | monitor:scan:303 - No New Serial
2026-07-28 11:52:26.888 | INFO     | monitor:scan:325 - Nothing Changed
2026-07-28 11:52:26.889 | SUCCESS  | monitor:scan:331 - Scan Finished
2026-07-28 11:52:26.889 | INFO     | monitor:start:67 - Sleep 60 Seconds
2026-07-28 11:53:26.891 | INFO     | auth.login:ensure_login:354 - Checking Login...
2026-07-28 11:53:26.893 | SUCCESS  | auth.login:load_saved_token:192 - Saved Token Loaded
2026-07-28 11:53:26.894 | SUCCESS  | auth.login:ensure_login:362 - Using Saved Token
2026-07-28 11:53:26.895 | INFO     | monitor:scan:111 - Scanning Website...
2026-07-28 11:53:26.896 | INFO     | monitor:scan:125 - Loading Page 1
2026-07-28 11:53:26.897 | INFO     | api:get_files:60 - Loading Page 1
2026-07-28 11:53:29.750 | INFO     | api:get_file:84 - Loading File 126d5170-aeda-170b-a26a-5ee18b267f4a
2026-07-28 11:53:29.969 | INFO     | monitor:scan:273 - Reached Old Files
2026-07-28 11:53:29.970 | INFO     | monitor:scan:303 - No New Serial
2026-07-28 11:53:29.970 | INFO     | monitor:scan:325 - Nothing Changed
2026-07-28 11:53:29.970 | SUCCESS  | monitor:scan:331 - Scan Finished
2026-07-28 11:53:29.971 | INFO     | monitor:start:67 - Sleep 60 Seconds
2026-07-28 11:54:29.972 | INFO     | auth.login:ensure_login:354 - Checking Login...
2026-07-28 11:54:29.972 | SUCCESS  | auth.login:load_saved_token:192 - Saved Token Loaded
2026-07-28 11:54:29.973 | SUCCESS  | auth.login:ensure_login:362 - Using Saved Token
2026-07-28 11:54:29.973 | INFO     | monitor:scan:111 - Scanning Website...
2026-07-28 11:54:29.974 | INFO     | monitor:scan:125 - Loading Page 1
2026-07-28 11:54:29.974 | INFO     | api:get_files:60 - Loading Page 1
2026-07-28 11:54:33.105 | INFO     | api:get_file:84 - Loading File 126d5170-aeda-170b-a26a-5ee18b267f4a
2026-07-28 11:54:33.331 | INFO     | monitor:scan:273 - Reached Old Files
2026-07-28 11:54:33.331 | INFO     | monitor:scan:303 - No New Serial
2026-07-28 11:54:33.331 | INFO     | monitor:scan:325 - Nothing Changed
2026-07-28 11:54:33.331 | SUCCESS  | monitor:scan:331 - Scan Finished
2026-07-28 11:54:33.332 | INFO     | monitor:start:67 - Sleep 60 Seconds
2026-07-28 11:55:33.333 | INFO     | auth.login:ensure_login:354 - Checking Login...
2026-07-28 11:55:33.335 | SUCCESS  | auth.login:load_saved_token:192 - Saved Token Loaded
2026-07-28 11:55:33.336 | SUCCESS  | auth.login:ensure_login:362 - Using Saved Token
2026-07-28 11:55:33.337 | INFO     | monitor:scan:111 - Scanning Website...
2026-07-28 11:55:33.338 | INFO     | monitor:scan:125 - Loading Page 1
2026-07-28 11:55:33.339 | INFO     | api:get_files:60 - Loading Page 1
2026-07-28 11:55:33.738 | WARNING  | auth.login:get:411 - Access Token Expired
2026-07-28 11:55:33.738 | INFO     | auth.login:login:262 - Logging in...
2026-07-28 11:55:34.192 | SUCCESS  | auth.login:save_token:242 - Token Saved
2026-07-28 11:55:34.193 | SUCCESS  | auth.login:login:340 - Login Successful
2026-07-28 11:55:37.562 | INFO     | api:get_file:84 - Loading File 126d5170-aeda-170b-a26a-5ee18b267f4a
2026-07-28 11:55:37.794 | INFO     | monitor:scan:273 - Reached Old Files
2026-07-28 11:55:37.795 | INFO     | monitor:scan:303 - No New Serial
2026-07-28 11:55:37.795 | INFO     | monitor:scan:325 - Nothing Changed
2026-07-28 11:55:37.796 | SUCCESS  | monitor:scan:331 - Scan Finished
2026-07-28 11:55:37.797 | INFO     | monitor:start:67 - Sleep 60 Seconds
2026-07-28 11:56:37.798 | INFO     | auth.login:ensure_login:354 - Checking Login...
2026-07-28 11:56:37.819 | SUCCESS  | auth.login:load_saved_token:192 - Saved Token Loaded
2026-07-28 11:56:37.820 | SUCCESS  | auth.login:ensure_login:362 - Using Saved Token
2026-07-28 11:56:37.820 | INFO     | monitor:scan:111 - Scanning Website...
2026-07-28 11:56:37.820 | INFO     | monitor:scan:125 - Loading Page 1
2026-07-28 11:56:37.821 | INFO     | api:get_files:60 - Loading Page 1
2026-07-28 11:56:41.278 | INFO     | api:get_file:84 - Loading File 126d5170-aeda-170b-a26a-5ee18b267f4a
2026-07-28 11:56:41.524 | INFO     | monitor:scan:273 - Reached Old Files
2026-07-28 11:56:41.525 | INFO     | monitor:scan:303 - No New Serial
2026-07-28 11:56:41.525 | INFO     | monitor:scan:325 - Nothing Changed
2026-07-28 11:56:41.525 | SUCCESS  | monitor:scan:331 - Scan Finished
2026-07-28 11:56:41.526 | INFO     | monitor:start:67 - Sleep 60 Seconds
2026-07-28 11:57:41.527 | INFO     | auth.login:ensure_login:354 - Checking Login...
2026-07-28 11:57:41.529 | SUCCESS  | auth.login:load_saved_token:192 - Saved Token Loaded
2026-07-28 11:57:41.530 | SUCCESS  | auth.login:ensure_login:362 - Using Saved Token
2026-07-28 11:57:41.530 | INFO     | monitor:scan:111 - Scanning Website...
2026-07-28 11:57:41.532 | INFO     | monitor:scan:125 - Loading Page 1
2026-07-28 11:57:41.533 | INFO     | api:get_files:60 - Loading Page 1
2026-07-28 11:57:46.246 | INFO     | api:get_file:84 - Loading File 126d5170-aeda-170b-a26a-5ee18b267f4a
2026-07-28 11:57:46.591 | INFO     | monitor:scan:273 - Reached Old Files
2026-07-28 11:57:46.592 | INFO     | monitor:scan:303 - No New Serial
2026-07-28 11:57:46.592 | INFO     | monitor:scan:325 - Nothing Changed
2026-07-28 11:57:46.593 | SUCCESS  | monitor:scan:331 - Scan Finished
2026-07-28 11:57:46.594 | INFO     | monitor:start:67 - Sleep 60 Seconds
2026-07-28 11:58:46.596 | INFO     | auth.login:ensure_login:354 - Checking Login...
2026-07-28 11:58:46.598 | SUCCESS  | auth.login:load_saved_token:192 - Saved Token Loaded
2026-07-28 11:58:46.598 | SUCCESS  | auth.login:ensure_login:362 - Using Saved Token
2026-07-28 11:58:46.598 | INFO     | monitor:scan:111 - Scanning Website...
2026-07-28 11:58:46.599 | INFO     | monitor:scan:125 - Loading Page 1
2026-07-28 11:58:46.600 | INFO     | api:get_files:60 - Loading Page 1
2026-07-28 11:58:50.774 | INFO     | api:get_file:84 - Loading File 126d5170-aeda-170b-a26a-5ee18b267f4a
2026-07-28 11:58:51.017 | INFO     | monitor:scan:273 - Reached Old Files
2026-07-28 11:58:51.017 | INFO     | monitor:scan:303 - No New Serial
2026-07-28 11:58:51.017 | INFO     | monitor:scan:325 - Nothing Changed
2026-07-28 11:58:51.017 | SUCCESS  | monitor:scan:331 - Scan Finished
2026-07-28 11:58:51.018 | INFO     | monitor:start:67 - Sleep 60 Seconds
2026-07-28 11:59:51.019 | INFO     | auth.login:ensure_login:354 - Checking Login...
2026-07-28 11:59:51.020 | SUCCESS  | auth.login:load_saved_token:192 - Saved Token Loaded
2026-07-28 11:59:51.021 | SUCCESS  | auth.login:ensure_login:362 - Using Saved Token
2026-07-28 11:59:51.021 | INFO     | monitor:scan:111 - Scanning Website...
2026-07-28 11:59:51.022 | INFO     | monitor:scan:125 - Loading Page 1
2026-07-28 11:59:51.023 | INFO     | api:get_files:60 - Loading Page 1
2026-07-28 11:59:54.186 | INFO     | api:get_file:84 - Loading File 126d5170-aeda-170b-a26a-5ee18b267f4a
2026-07-28 11:59:54.417 | INFO     | monitor:scan:273 - Reached Old Files
2026-07-28 11:59:54.418 | INFO     | monitor:scan:303 - No New Serial
2026-07-28 11:59:54.419 | INFO     | monitor:scan:325 - Nothing Changed
2026-07-28 11:59:54.419 | SUCCESS  | monitor:scan:331 - Scan Finished
2026-07-28 11:59:54.420 | INFO     | monitor:start:67 - Sleep 60 Seconds
2026-07-28 12:00:54.420 | INFO     | auth.login:ensure_login:354 - Checking Login...
2026-07-28 12:00:54.423 | SUCCESS  | auth.login:load_saved_token:192 - Saved Token Loaded
2026-07-28 12:00:54.424 | SUCCESS  | auth.login:ensure_login:362 - Using Saved Token
2026-07-28 12:00:54.424 | INFO     | monitor:scan:111 - Scanning Website...
2026-07-28 12:00:54.426 | INFO     | monitor:scan:125 - Loading Page 1
2026-07-28 12:00:54.426 | INFO     | api:get_files:60 - Loading Page 1
2026-07-28 12:00:56.813 | INFO     | api:get_file:84 - Loading File 126d5170-aeda-170b-a26a-5ee18b267f4a
2026-07-28 12:00:57.033 | INFO     | monitor:scan:273 - Reached Old Files
2026-07-28 12:00:57.034 | INFO     | monitor:scan:303 - No New Serial
2026-07-28 12:00:57.035 | INFO     | monitor:scan:325 - Nothing Changed
2026-07-28 12:00:57.035 | SUCCESS  | monitor:scan:331 - Scan Finished
2026-07-28 12:00:57.036 | INFO     | monitor:start:67 - Sleep 60 Seconds
2026-07-28 12:01:57.037 | INFO     | auth.login:ensure_login:354 - Checking Login...
2026-07-28 12:01:57.040 | SUCCESS  | auth.login:load_saved_token:192 - Saved Token Loaded
2026-07-28 12:01:57.041 | SUCCESS  | auth.login:ensure_login:362 - Using Saved Token
2026-07-28 12:01:57.041 | INFO     | monitor:scan:111 - Scanning Website...
2026-07-28 12:01:57.043 | INFO     | monitor:scan:125 - Loading Page 1
2026-07-28 12:01:57.043 | INFO     | api:get_files:60 - Loading Page 1
2026-07-28 12:01:58.532 | INFO     | api:get_file:84 - Loading File 126d5170-aeda-170b-a26a-5ee18b267f4a
2026-07-28 12:01:58.747 | INFO     | monitor:scan:273 - Reached Old Files
2026-07-28 12:01:58.747 | INFO     | monitor:scan:303 - No New Serial
2026-07-28 12:01:58.747 | INFO     | monitor:scan:325 - Nothing Changed
2026-07-28 12:01:58.748 | SUCCESS  | monitor:scan:331 - Scan Finished
2026-07-28 12:01:58.748 | INFO     | monitor:start:67 - Sleep 60 Seconds
2026-07-28 12:02:58.748 | INFO     | auth.login:ensure_login:354 - Checking Login...
2026-07-28 12:02:58.749 | SUCCESS  | auth.login:load_saved_token:192 - Saved Token Loaded
2026-07-28 12:02:58.749 | SUCCESS  | auth.login:ensure_login:362 - Using Saved Token
2026-07-28 12:02:58.750 | INFO     | monitor:scan:111 - Scanning Website...
2026-07-28 12:02:58.750 | INFO     | monitor:scan:125 - Loading Page 1
2026-07-28 12:02:58.750 | INFO     | api:get_files:60 - Loading Page 1
2026-07-28 12:03:00.296 | INFO     | api:get_file:84 - Loading File 126d5170-aeda-170b-a26a-5ee18b267f4a
2026-07-28 12:03:00.528 | INFO     | monitor:scan:273 - Reached Old Files
2026-07-28 12:03:00.528 | INFO     | monitor:scan:303 - No New Serial
2026-07-28 12:03:00.528 | INFO     | monitor:scan:325 - Nothing Changed
2026-07-28 12:03:00.529 | SUCCESS  | monitor:scan:331 - Scan Finished
2026-07-28 12:03:00.529 | INFO     | monitor:start:67 - Sleep 60 Seconds
2026-07-28 12:04:00.530 | INFO     | auth.login:ensure_login:354 - Checking Login...
2026-07-28 12:04:00.531 | SUCCESS  | auth.login:load_saved_token:192 - Saved Token Loaded
2026-07-28 12:04:00.531 | SUCCESS  | auth.login:ensure_login:362 - Using Saved Token
2026-07-28 12:04:00.531 | INFO     | monitor:scan:111 - Scanning Website...
2026-07-28 12:04:00.532 | INFO     | monitor:scan:125 - Loading Page 1
2026-07-28 12:04:00.533 | INFO     | api:get_files:60 - Loading Page 1
2026-07-28 12:04:03.983 | INFO     | api:get_file:84 - Loading File 126d5170-aeda-170b-a26a-5ee18b267f4a
2026-07-28 12:04:04.202 | INFO     | monitor:scan:273 - Reached Old Files
2026-07-28 12:04:04.203 | INFO     | monitor:scan:303 - No New Serial
2026-07-28 12:04:04.203 | INFO     | monitor:scan:325 - Nothing Changed
2026-07-28 12:04:04.204 | SUCCESS  | monitor:scan:331 - Scan Finished
2026-07-28 12:04:04.205 | INFO     | monitor:start:67 - Sleep 60 Seconds
2026-07-28 12:05:04.206 | INFO     | auth.login:ensure_login:354 - Checking Login...
2026-07-28 12:05:04.208 | SUCCESS  | auth.login:load_saved_token:192 - Saved Token Loaded
2026-07-28 12:05:04.209 | SUCCESS  | auth.login:ensure_login:362 - Using Saved Token
2026-07-28 12:05:04.211 | INFO     | monitor:scan:111 - Scanning Website...
2026-07-28 12:05:04.213 | INFO     | monitor:scan:125 - Loading Page 1
2026-07-28 12:05:04.213 | INFO     | api:get_files:60 - Loading Page 1
2026-07-28 12:05:05.871 | INFO     | api:get_file:84 - Loading File 126d5170-aeda-170b-a26a-5ee18b267f4a
2026-07-28 12:05:06.130 | INFO     | monitor:scan:273 - Reached Old Files
2026-07-28 12:05:06.131 | INFO     | monitor:scan:303 - No New Serial
2026-07-28 12:05:06.131 | INFO     | monitor:scan:325 - Nothing Changed
2026-07-28 12:05:06.132 | SUCCESS  | monitor:scan:331 - Scan Finished
2026-07-28 12:05:06.133 | INFO     | monitor:start:67 - Sleep 60 Seconds
2026-07-28 12:06:06.134 | INFO     | auth.login:ensure_login:354 - Checking Login...
2026-07-28 12:06:06.134 | SUCCESS  | auth.login:load_saved_token:192 - Saved Token Loaded
2026-07-28 12:06:06.135 | SUCCESS  | auth.login:ensure_login:362 - Using Saved Token
2026-07-28 12:06:06.135 | INFO     | monitor:scan:111 - Scanning Website...
2026-07-28 12:06:06.136 | INFO     | monitor:scan:125 - Loading Page 1
2026-07-28 12:06:06.136 | INFO     | api:get_files:60 - Loading Page 1
2026-07-28 12:06:06.567 | WARNING  | auth.login:get:411 - Access Token Expired
2026-07-28 12:06:06.568 | INFO     | auth.login:login:262 - Logging in...
2026-07-28 12:06:07.047 | SUCCESS  | auth.login:save_token:242 - Token Saved
2026-07-28 12:06:07.047 | SUCCESS  | auth.login:login:340 - Login Successful
2026-07-28 12:06:08.272 | INFO     | api:get_file:84 - Loading File 126d5170-aeda-170b-a26a-5ee18b267f4a
2026-07-28 12:06:08.502 | INFO     | monitor:scan:273 - Reached Old Files
2026-07-28 12:06:08.503 | INFO     | monitor:scan:303 - No New Serial
2026-07-28 12:06:08.503 | INFO     | monitor:scan:325 - Nothing Changed
2026-07-28 12:06:08.503 | SUCCESS  | monitor:scan:331 - Scan Finished
2026-07-28 12:06:08.503 | INFO     | monitor:start:67 - Sleep 60 Seconds
2026-07-28 12:07:08.504 | INFO     | auth.login:ensure_login:354 - Checking Login...
2026-07-28 12:07:08.529 | SUCCESS  | auth.login:load_saved_token:192 - Saved Token Loaded
2026-07-28 12:07:08.530 | SUCCESS  | auth.login:ensure_login:362 - Using Saved Token
2026-07-28 12:07:08.530 | INFO     | monitor:scan:111 - Scanning Website...
2026-07-28 12:07:08.531 | INFO     | monitor:scan:125 - Loading Page 1
2026-07-28 12:07:08.531 | INFO     | api:get_files:60 - Loading Page 1
2026-07-28 12:07:11.930 | INFO     | api:get_file:84 - Loading File 126d5170-aeda-170b-a26a-5ee18b267f4a
2026-07-28 12:07:12.146 | INFO     | monitor:scan:273 - Reached Old Files
2026-07-28 12:07:12.147 | INFO     | monitor:scan:303 - No New Serial
2026-07-28 12:07:12.148 | INFO     | monitor:scan:325 - Nothing Changed
2026-07-28 12:07:12.149 | SUCCESS  | monitor:scan:331 - Scan Finished
2026-07-28 12:07:12.149 | INFO     | monitor:start:67 - Sleep 60 Seconds
2026-07-28 12:08:12.150 | INFO     | auth.login:ensure_login:354 - Checking Login...
2026-07-28 12:08:12.153 | SUCCESS  | auth.login:load_saved_token:192 - Saved Token Loaded
2026-07-28 12:08:12.155 | SUCCESS  | auth.login:ensure_login:362 - Using Saved Token
2026-07-28 12:08:12.156 | INFO     | monitor:scan:111 - Scanning Website...
2026-07-28 12:08:12.159 | INFO     | monitor:scan:125 - Loading Page 1
2026-07-28 12:08:12.161 | INFO     | api:get_files:60 - Loading Page 1
2026-07-28 12:08:13.818 | INFO     | api:get_file:84 - Loading File 126d5170-aeda-170b-a26a-5ee18b267f4a
2026-07-28 12:08:14.048 | INFO     | monitor:scan:273 - Reached Old Files
2026-07-28 12:08:14.049 | INFO     | monitor:scan:303 - No New Serial
2026-07-28 12:08:14.049 | INFO     | monitor:scan:325 - Nothing Changed
2026-07-28 12:08:14.049 | SUCCESS  | monitor:scan:331 - Scan Finished
2026-07-28 12:08:14.050 | INFO     | monitor:start:67 - Sleep 60 Seconds
2026-07-28 12:09:14.051 | INFO     | auth.login:ensure_login:354 - Checking Login...
2026-07-28 12:09:14.053 | SUCCESS  | auth.login:load_saved_token:192 - Saved Token Loaded
2026-07-28 12:09:14.053 | SUCCESS  | auth.login:ensure_login:362 - Using Saved Token
2026-07-28 12:09:14.054 | INFO     | monitor:scan:111 - Scanning Website...
2026-07-28 12:09:14.055 | INFO     | monitor:scan:125 - Loading Page 1
2026-07-28 12:09:14.056 | INFO     | api:get_files:60 - Loading Page 1
2026-07-28 12:09:17.559 | INFO     | api:get_file:84 - Loading File 126d5170-aeda-170b-a26a-5ee18b267f4a
2026-07-28 12:09:17.785 | INFO     | monitor:scan:273 - Reached Old Files
2026-07-28 12:09:17.785 | INFO     | monitor:scan:303 - No New Serial
2026-07-28 12:09:17.785 | INFO     | monitor:scan:325 - Nothing Changed
2026-07-28 12:09:17.785 | SUCCESS  | monitor:scan:331 - Scan Finished
2026-07-28 12:09:17.786 | INFO     | monitor:start:67 - Sleep 60 Seconds
2026-07-28 12:10:17.786 | INFO     | auth.login:ensure_login:354 - Checking Login...
2026-07-28 12:10:17.788 | SUCCESS  | auth.login:load_saved_token:192 - Saved Token Loaded
2026-07-28 12:10:17.789 | SUCCESS  | auth.login:ensure_login:362 - Using Saved Token
2026-07-28 12:10:17.790 | INFO     | monitor:scan:111 - Scanning Website...
2026-07-28 12:10:17.792 | INFO     | monitor:scan:125 - Loading Page 1
2026-07-28 12:10:17.792 | INFO     | api:get_files:60 - Loading Page 1
2026-07-28 12:10:21.100 | INFO     | api:get_file:84 - Loading File 126d5170-aeda-170b-a26a-5ee18b267f4a
2026-07-28 12:10:21.328 | INFO     | monitor:scan:273 - Reached Old Files
2026-07-28 12:10:21.329 | INFO     | monitor:scan:303 - No New Serial
2026-07-28 12:10:21.330 | INFO     | monitor:scan:325 - Nothing Changed
2026-07-28 12:10:21.330 | SUCCESS  | monitor:scan:331 - Scan Finished
2026-07-28 12:10:21.331 | INFO     | monitor:start:67 - Sleep 60 Seconds
2026-07-28 12:11:21.333 | INFO     | auth.login:ensure_login:354 - Checking Login...
2026-07-28 12:11:21.335 | SUCCESS  | auth.login:load_saved_token:192 - Saved Token Loaded
2026-07-28 12:11:21.336 | SUCCESS  | auth.login:ensure_login:362 - Using Saved Token
2026-07-28 12:11:21.336 | INFO     | monitor:scan:111 - Scanning Website...
2026-07-28 12:11:21.337 | INFO     | monitor:scan:125 - Loading Page 1
2026-07-28 12:11:21.338 | INFO     | api:get_files:60 - Loading Page 1
2026-07-28 12:11:23.925 | INFO     | api:get_file:84 - Loading File 126d5170-aeda-170b-a26a-5ee18b267f4a
2026-07-28 12:11:24.285 | INFO     | monitor:scan:273 - Reached Old Files
2026-07-28 12:11:24.286 | INFO     | monitor:scan:303 - No New Serial
2026-07-28 12:11:24.286 | INFO     | monitor:scan:325 - Nothing Changed
2026-07-28 12:11:24.286 | SUCCESS  | monitor:scan:331 - Scan Finished
2026-07-28 12:11:24.288 | INFO     | monitor:start:67 - Sleep 60 Seconds
2026-07-28 12:12:24.289 | INFO     | auth.login:ensure_login:354 - Checking Login...
2026-07-28 12:12:24.290 | SUCCESS  | auth.login:load_saved_token:192 - Saved Token Loaded
2026-07-28 12:12:24.290 | SUCCESS  | auth.login:ensure_login:362 - Using Saved Token
2026-07-28 12:12:24.291 | INFO     | monitor:scan:111 - Scanning Website...
2026-07-28 12:12:24.292 | INFO     | monitor:scan:125 - Loading Page 1
2026-07-28 12:12:24.292 | INFO     | api:get_files:60 - Loading Page 1
2026-07-28 12:12:26.010 | INFO     | api:get_file:84 - Loading File 126d5170-aeda-170b-a26a-5ee18b267f4a
2026-07-28 12:12:26.242 | INFO     | monitor:scan:273 - Reached Old Files
2026-07-28 12:12:26.243 | INFO     | monitor:scan:303 - No New Serial
2026-07-28 12:12:26.243 | INFO     | monitor:scan:325 - Nothing Changed
2026-07-28 12:12:26.243 | SUCCESS  | monitor:scan:331 - Scan Finished
2026-07-28 12:12:26.244 | INFO     | monitor:start:67 - Sleep 60 Seconds
2026-07-28 12:13:26.246 | INFO     | auth.login:ensure_login:354 - Checking Login...
2026-07-28 12:13:26.248 | SUCCESS  | auth.login:load_saved_token:192 - Saved Token Loaded
2026-07-28 12:13:26.248 | SUCCESS  | auth.login:ensure_login:362 - Using Saved Token
2026-07-28 12:13:26.249 | INFO     | monitor:scan:111 - Scanning Website...
2026-07-28 12:13:26.250 | INFO     | monitor:scan:125 - Loading Page 1
2026-07-28 12:13:26.250 | INFO     | api:get_files:60 - Loading Page 1
2026-07-28 12:13:27.803 | INFO     | api:get_file:84 - Loading File 126d5170-aeda-170b-a26a-5ee18b267f4a
2026-07-28 12:13:28.029 | INFO     | monitor:scan:273 - Reached Old Files
2026-07-28 12:13:28.030 | INFO     | monitor:scan:303 - No New Serial
2026-07-28 12:13:28.030 | INFO     | monitor:scan:325 - Nothing Changed
2026-07-28 12:13:28.031 | SUCCESS  | monitor:scan:331 - Scan Finished
2026-07-28 12:13:28.031 | INFO     | monitor:start:67 - Sleep 60 Seconds
2026-07-28 12:14:28.032 | INFO     | auth.login:ensure_login:354 - Checking Login...
2026-07-28 12:14:28.033 | SUCCESS  | auth.login:load_saved_token:192 - Saved Token Loaded
2026-07-28 12:14:28.033 | SUCCESS  | auth.login:ensure_login:362 - Using Saved Token
2026-07-28 12:14:28.033 | INFO     | monitor:scan:111 - Scanning Website...
2026-07-28 12:14:28.033 | INFO     | monitor:scan:125 - Loading Page 1
2026-07-28 12:14:28.034 | INFO     | api:get_files:60 - Loading Page 1
2026-07-28 12:14:31.691 | INFO     | api:get_file:84 - Loading File 126d5170-aeda-170b-a26a-5ee18b267f4a
2026-07-28 12:14:31.921 | INFO     | monitor:scan:273 - Reached Old Files
2026-07-28 12:14:31.922 | INFO     | monitor:scan:303 - No New Serial
2026-07-28 12:14:31.922 | INFO     | monitor:scan:325 - Nothing Changed
2026-07-28 12:14:31.923 | SUCCESS  | monitor:scan:331 - Scan Finished
2026-07-28 12:14:31.924 | INFO     | monitor:start:67 - Sleep 60 Seconds
2026-07-28 12:15:31.924 | INFO     | auth.login:ensure_login:354 - Checking Login...
2026-07-28 12:15:31.928 | SUCCESS  | auth.login:load_saved_token:192 - Saved Token Loaded
2026-07-28 12:15:31.929 | SUCCESS  | auth.login:ensure_login:362 - Using Saved Token
2026-07-28 12:15:31.930 | INFO     | monitor:scan:111 - Scanning Website...
2026-07-28 12:15:31.932 | INFO     | monitor:scan:125 - Loading Page 1
2026-07-28 12:15:31.933 | INFO     | api:get_files:60 - Loading Page 1
2026-07-28 12:15:33.748 | INFO     | api:get_file:84 - Loading File 126d5170-aeda-170b-a26a-5ee18b267f4a
2026-07-28 12:15:34.064 | INFO     | monitor:scan:273 - Reached Old Files
2026-07-28 12:15:34.065 | INFO     | monitor:scan:303 - No New Serial
2026-07-28 12:15:34.065 | INFO     | monitor:scan:325 - Nothing Changed
2026-07-28 12:15:34.065 | SUCCESS  | monitor:scan:331 - Scan Finished
2026-07-28 12:15:34.065 | INFO     | monitor:start:67 - Sleep 60 Seconds
2026-07-28 12:16:34.066 | INFO     | auth.login:ensure_login:354 - Checking Login...
2026-07-28 12:16:34.070 | SUCCESS  | auth.login:load_saved_token:192 - Saved Token Loaded
2026-07-28 12:16:34.072 | SUCCESS  | auth.login:ensure_login:362 - Using Saved Token
2026-07-28 12:16:34.073 | INFO     | monitor:scan:111 - Scanning Website...
2026-07-28 12:16:34.077 | INFO     | monitor:scan:125 - Loading Page 1
2026-07-28 12:16:34.078 | INFO     | api:get_files:60 - Loading Page 1
2026-07-28 12:16:34.689 | WARNING  | auth.login:get:411 - Access Token Expired
2026-07-28 12:16:34.690 | INFO     | auth.login:login:262 - Logging in...
2026-07-28 12:16:35.283 | SUCCESS  | auth.login:save_token:242 - Token Saved
2026-07-28 12:16:35.283 | SUCCESS  | auth.login:login:340 - Login Successful
2026-07-28 12:16:36.922 | INFO     | api:get_file:84 - Loading File 126d5170-aeda-170b-a26a-5ee18b267f4a
2026-07-28 12:16:37.163 | INFO     | monitor:scan:273 - Reached Old Files
2026-07-28 12:16:37.164 | INFO     | monitor:scan:303 - No New Serial
2026-07-28 12:16:37.164 | INFO     | monitor:scan:325 - Nothing Changed
2026-07-28 12:16:37.165 | SUCCESS  | monitor:scan:331 - Scan Finished
2026-07-28 12:16:37.165 | INFO     | monitor:start:67 - Sleep 60 Seconds
2026-07-28 12:17:37.167 | INFO     | auth.login:ensure_login:354 - Checking Login...
2026-07-28 12:17:37.197 | SUCCESS  | auth.login:load_saved_token:192 - Saved Token Loaded
2026-07-28 12:17:37.197 | SUCCESS  | auth.login:ensure_login:362 - Using Saved Token
2026-07-28 12:17:37.197 | INFO     | monitor:scan:111 - Scanning Website...
2026-07-28 12:17:37.198 | INFO     | monitor:scan:125 - Loading Page 1
2026-07-28 12:17:37.198 | INFO     | api:get_files:60 - Loading Page 1
2026-07-28 12:17:38.704 | INFO     | api:get_file:84 - Loading File 126d5170-aeda-170b-a26a-5ee18b267f4a
2026-07-28 12:17:38.934 | INFO     | monitor:scan:273 - Reached Old Files
2026-07-28 12:17:38.935 | INFO     | monitor:scan:303 - No New Serial
2026-07-28 12:17:38.935 | INFO     | monitor:scan:325 - Nothing Changed
2026-07-28 12:17:38.936 | SUCCESS  | monitor:scan:331 - Scan Finished
2026-07-28 12:17:38.936 | INFO     | monitor:start:67 - Sleep 60 Seconds
2026-07-28 12:18:38.938 | INFO     | auth.login:ensure_login:354 - Checking Login...
2026-07-28 12:18:38.940 | SUCCESS  | auth.login:load_saved_token:192 - Saved Token Loaded
2026-07-28 12:18:38.941 | SUCCESS  | auth.login:ensure_login:362 - Using Saved Token
2026-07-28 12:18:38.941 | INFO     | monitor:scan:111 - Scanning Website...
2026-07-28 12:18:38.943 | INFO     | monitor:scan:125 - Loading Page 1
2026-07-28 12:18:38.943 | INFO     | api:get_files:60 - Loading Page 1
2026-07-28 12:18:43.389 | INFO     | api:get_file:84 - Loading File 126d5170-aeda-170b-a26a-5ee18b267f4a
2026-07-28 12:18:43.632 | INFO     | monitor:scan:273 - Reached Old Files
2026-07-28 12:18:43.633 | INFO     | monitor:scan:303 - No New Serial
2026-07-28 12:18:43.634 | INFO     | monitor:scan:325 - Nothing Changed
2026-07-28 12:18:43.634 | SUCCESS  | monitor:scan:331 - Scan Finished
2026-07-28 12:18:43.635 | INFO     | monitor:start:67 - Sleep 60 Seconds
2026-07-28 12:19:43.637 | INFO     | auth.login:ensure_login:354 - Checking Login...
2026-07-28 12:19:43.642 | SUCCESS  | auth.login:load_saved_token:192 - Saved Token Loaded
2026-07-28 12:19:43.643 | SUCCESS  | auth.login:ensure_login:362 - Using Saved Token
2026-07-28 12:19:43.644 | INFO     | monitor:scan:111 - Scanning Website...
2026-07-28 12:19:43.646 | INFO     | monitor:scan:125 - Loading Page 1
2026-07-28 12:19:43.647 | INFO     | api:get_files:60 - Loading Page 1
2026-07-28 12:19:45.595 | INFO     | api:get_file:84 - Loading File 126d5170-aeda-170b-a26a-5ee18b267f4a
2026-07-28 12:19:45.842 | INFO     | monitor:scan:273 - Reached Old Files
2026-07-28 12:19:45.843 | INFO     | monitor:scan:303 - No New Serial
2026-07-28 12:19:45.843 | INFO     | monitor:scan:325 - Nothing Changed
2026-07-28 12:19:45.844 | SUCCESS  | monitor:scan:331 - Scan Finished
2026-07-28 12:19:45.844 | INFO     | monitor:start:67 - Sleep 60 Seconds
2026-07-28 12:20:45.845 | INFO     | auth.login:ensure_login:354 - Checking Login...
2026-07-28 12:20:45.848 | SUCCESS  | auth.login:load_saved_token:192 - Saved Token Loaded
2026-07-28 12:20:45.849 | SUCCESS  | auth.login:ensure_login:362 - Using Saved Token
2026-07-28 12:20:45.849 | INFO     | monitor:scan:111 - Scanning Website...
2026-07-28 12:20:45.851 | INFO     | monitor:scan:125 - Loading Page 1
2026-07-28 12:20:45.851 | INFO     | api:get_files:60 - Loading Page 1
2026-07-28 12:20:48.075 | INFO     | api:get_file:84 - Loading File 126d5170-aeda-170b-a26a-5ee18b267f4a
2026-07-28 12:20:48.296 | INFO     | monitor:scan:273 - Reached Old Files
2026-07-28 12:20:48.298 | INFO     | monitor:scan:303 - No New Serial
2026-07-28 12:20:48.298 | INFO     | monitor:scan:325 - Nothing Changed
2026-07-28 12:20:48.298 | SUCCESS  | monitor:scan:331 - Scan Finished
2026-07-28 12:20:48.299 | INFO     | monitor:start:67 - Sleep 60 Seconds
2026-07-28 12:21:48.301 | INFO     | auth.login:ensure_login:354 - Checking Login...
2026-07-28 12:21:48.301 | SUCCESS  | auth.login:load_saved_token:192 - Saved Token Loaded
2026-07-28 12:21:48.301 | SUCCESS  | auth.login:ensure_login:362 - Using Saved Token
2026-07-28 12:21:48.302 | INFO     | monitor:scan:111 - Scanning Website...
2026-07-28 12:21:48.302 | INFO     | monitor:scan:125 - Loading Page 1
2026-07-28 12:21:48.302 | INFO     | api:get_files:60 - Loading Page 1
2026-07-28 12:21:49.803 | INFO     | api:get_file:84 - Loading File 126d5170-aeda-170b-a26a-5ee18b267f4a
2026-07-28 12:21:50.054 | INFO     | monitor:scan:273 - Reached Old Files
2026-07-28 12:21:50.055 | INFO     | monitor:scan:303 - No New Serial
2026-07-28 12:21:50.055 | INFO     | monitor:scan:325 - Nothing Changed
2026-07-28 12:21:50.056 | SUCCESS  | monitor:scan:331 - Scan Finished
2026-07-28 12:21:50.056 | INFO     | monitor:start:67 - Sleep 60 Seconds
2026-07-28 12:22:50.057 | INFO     | auth.login:ensure_login:354 - Checking Login...
2026-07-28 12:22:50.059 | SUCCESS  | auth.login:load_saved_token:192 - Saved Token Loaded
2026-07-28 12:22:50.060 | SUCCESS  | auth.login:ensure_login:362 - Using Saved Token
2026-07-28 12:22:50.060 | INFO     | monitor:scan:111 - Scanning Website...
2026-07-28 12:22:50.062 | INFO     | monitor:scan:125 - Loading Page 1
2026-07-28 12:22:50.063 | INFO     | api:get_files:60 - Loading Page 1
2026-07-28 12:22:53.100 | INFO     | api:get_file:84 - Loading File 126d5170-aeda-170b-a26a-5ee18b267f4a
2026-07-28 12:22:53.329 | INFO     | monitor:scan:273 - Reached Old Files
2026-07-28 12:22:53.330 | INFO     | monitor:scan:303 - No New Serial
2026-07-28 12:22:53.331 | INFO     | monitor:scan:325 - Nothing Changed
2026-07-28 12:22:53.332 | SUCCESS  | monitor:scan:331 - Scan Finished
2026-07-28 12:22:53.333 | INFO     | monitor:start:67 - Sleep 60 Seconds
2026-07-28 12:23:53.334 | INFO     | auth.login:ensure_login:354 - Checking Login...
2026-07-28 12:23:53.335 | SUCCESS  | auth.login:load_saved_token:192 - Saved Token Loaded
2026-07-28 12:23:53.335 | SUCCESS  | auth.login:ensure_login:362 - Using Saved Token
2026-07-28 12:23:53.335 | INFO     | monitor:scan:111 - Scanning Website...
2026-07-28 12:23:53.336 | INFO     | monitor:scan:125 - Loading Page 1
2026-07-28 12:23:53.336 | INFO     | api:get_files:60 - Loading Page 1
2026-07-28 12:23:54.861 | INFO     | api:get_file:84 - Loading File 126d5170-aeda-170b-a26a-5ee18b267f4a
2026-07-28 12:23:55.090 | INFO     | monitor:scan:273 - Reached Old Files
2026-07-28 12:23:55.090 | INFO     | monitor:scan:303 - No New Serial
2026-07-28 12:23:55.091 | INFO     | monitor:scan:325 - Nothing Changed
2026-07-28 12:23:55.092 | SUCCESS  | monitor:scan:331 - Scan Finished
2026-07-28 12:23:55.093 | INFO     | monitor:start:67 - Sleep 60 Seconds
2026-07-28 12:24:55.095 | INFO     | auth.login:ensure_login:354 - Checking Login...
2026-07-28 12:24:55.097 | SUCCESS  | auth.login:load_saved_token:192 - Saved Token Loaded
2026-07-28 12:24:55.098 | SUCCESS  | auth.login:ensure_login:362 - Using Saved Token
2026-07-28 12:24:55.099 | INFO     | monitor:scan:111 - Scanning Website...
2026-07-28 12:24:55.101 | INFO     | monitor:scan:125 - Loading Page 1
2026-07-28 12:24:55.101 | INFO     | api:get_files:60 - Loading Page 1
2026-07-28 12:24:56.769 | INFO     | api:get_file:84 - Loading File 126d5170-aeda-170b-a26a-5ee18b267f4a
2026-07-28 12:24:57.175 | INFO     | monitor:scan:273 - Reached Old Files
2026-07-28 12:24:57.176 | INFO     | monitor:scan:303 - No New Serial
2026-07-28 12:24:57.176 | INFO     | monitor:scan:325 - Nothing Changed
2026-07-28 12:24:57.177 | SUCCESS  | monitor:scan:331 - Scan Finished
2026-07-28 12:24:57.178 | INFO     | monitor:start:67 - Sleep 60 Seconds
2026-07-28 12:25:57.178 | INFO     | auth.login:ensure_login:354 - Checking Login...
2026-07-28 12:25:57.182 | SUCCESS  | auth.login:load_saved_token:192 - Saved Token Loaded
2026-07-28 12:25:57.183 | SUCCESS  | auth.login:ensure_login:362 - Using Saved Token
2026-07-28 12:25:57.184 | INFO     | monitor:scan:111 - Scanning Website...
2026-07-28 12:25:57.186 | INFO     | monitor:scan:125 - Loading Page 1
2026-07-28 12:25:57.186 | INFO     | api:get_files:60 - Loading Page 1
2026-07-28 12:26:00.489 | INFO     | api:get_file:84 - Loading File 126d5170-aeda-170b-a26a-5ee18b267f4a
2026-07-28 12:26:00.718 | INFO     | monitor:scan:273 - Reached Old Files
2026-07-28 12:26:00.719 | INFO     | monitor:scan:303 - No New Serial
2026-07-28 12:26:00.719 | INFO     | monitor:scan:325 - Nothing Changed
2026-07-28 12:26:00.720 | SUCCESS  | monitor:scan:331 - Scan Finished
2026-07-28 12:26:00.721 | INFO     | monitor:start:67 - Sleep 60 Seconds
2026-07-28 12:27:00.722 | INFO     | auth.login:ensure_login:354 - Checking Login...
2026-07-28 12:27:00.725 | SUCCESS  | auth.login:load_saved_token:192 - Saved Token Loaded
2026-07-28 12:27:00.726 | SUCCESS  | auth.login:ensure_login:362 - Using Saved Token
2026-07-28 12:27:00.726 | INFO     | monitor:scan:111 - Scanning Website...
2026-07-28 12:27:00.728 | INFO     | monitor:scan:125 - Loading Page 1
2026-07-28 12:27:00.729 | INFO     | api:get_files:60 - Loading Page 1
2026-07-28 12:27:01.159 | WARNING  | auth.login:get:411 - Access Token Expired
2026-07-28 12:27:01.159 | INFO     | auth.login:login:262 - Logging in...
2026-07-28 12:27:01.734 | SUCCESS  | auth.login:save_token:242 - Token Saved
2026-07-28 12:27:01.735 | SUCCESS  | auth.login:login:340 - Login Successful
2026-07-28 12:27:03.058 | INFO     | api:get_file:84 - Loading File 126d5170-aeda-170b-a26a-5ee18b267f4a
2026-07-28 12:27:03.287 | INFO     | monitor:scan:273 - Reached Old Files
2026-07-28 12:27:03.288 | INFO     | monitor:scan:303 - No New Serial
2026-07-28 12:27:03.289 | INFO     | monitor:scan:325 - Nothing Changed
2026-07-28 12:27:03.289 | SUCCESS  | monitor:scan:331 - Scan Finished
2026-07-28 12:27:03.289 | INFO     | monitor:start:67 - Sleep 60 Seconds
2026-07-28 12:28:03.291 | INFO     | auth.login:ensure_login:354 - Checking Login...
2026-07-28 12:28:03.312 | SUCCESS  | auth.login:load_saved_token:192 - Saved Token Loaded
2026-07-28 12:28:03.313 | SUCCESS  | auth.login:ensure_login:362 - Using Saved Token
2026-07-28 12:28:03.313 | INFO     | monitor:scan:111 - Scanning Website...
2026-07-28 12:28:03.314 | INFO     | monitor:scan:125 - Loading Page 1
2026-07-28 12:28:03.314 | INFO     | api:get_files:60 - Loading Page 1
2026-07-28 12:28:04.831 | INFO     | api:get_file:84 - Loading File 126d5170-aeda-170b-a26a-5ee18b267f4a
2026-07-28 12:28:05.059 | INFO     | monitor:scan:273 - Reached Old Files
2026-07-28 12:28:05.059 | INFO     | monitor:scan:303 - No New Serial
2026-07-28 12:28:05.060 | INFO     | monitor:scan:325 - Nothing Changed
2026-07-28 12:28:05.060 | SUCCESS  | monitor:scan:331 - Scan Finished
2026-07-28 12:28:05.061 | INFO     | monitor:start:67 - Sleep 60 Seconds
2026-07-28 12:29:05.062 | INFO     | auth.login:ensure_login:354 - Checking Login...
2026-07-28 12:29:05.064 | SUCCESS  | auth.login:load_saved_token:192 - Saved Token Loaded
2026-07-28 12:29:05.064 | SUCCESS  | auth.login:ensure_login:362 - Using Saved Token
2026-07-28 12:29:05.064 | INFO     | monitor:scan:111 - Scanning Website...
2026-07-28 12:29:05.066 | INFO     | monitor:scan:125 - Loading Page 1
2026-07-28 12:29:05.066 | INFO     | api:get_files:60 - Loading Page 1
2026-07-28 12:29:06.527 | INFO     | api:get_file:84 - Loading File 126d5170-aeda-170b-a26a-5ee18b267f4a
2026-07-28 12:29:06.747 | INFO     | monitor:scan:273 - Reached Old Files
2026-07-28 12:29:06.748 | INFO     | monitor:scan:303 - No New Serial
2026-07-28 12:29:06.748 | INFO     | monitor:scan:325 - Nothing Changed
2026-07-28 12:29:06.748 | SUCCESS  | monitor:scan:331 - Scan Finished
2026-07-28 12:29:06.748 | INFO     | monitor:start:67 - Sleep 60 Seconds
2026-07-28 12:30:06.749 | INFO     | auth.login:ensure_login:354 - Checking Login...
2026-07-28 12:30:06.750 | SUCCESS  | auth.login:load_saved_token:192 - Saved Token Loaded
2026-07-28 12:30:06.751 | SUCCESS  | auth.login:ensure_login:362 - Using Saved Token
2026-07-28 12:30:06.751 | INFO     | monitor:scan:111 - Scanning Website...
2026-07-28 12:30:06.752 | INFO     | monitor:scan:125 - Loading Page 1
2026-07-28 12:30:06.752 | INFO     | api:get_files:60 - Loading Page 1
2026-07-28 12:30:08.302 | INFO     | api:get_file:84 - Loading File 126d5170-aeda-170b-a26a-5ee18b267f4a
2026-07-28 12:30:08.533 | INFO     | monitor:scan:273 - Reached Old Files
2026-07-28 12:30:08.533 | INFO     | monitor:scan:303 - No New Serial
2026-07-28 12:30:08.534 | INFO     | monitor:scan:325 - Nothing Changed
2026-07-28 12:30:08.534 | SUCCESS  | monitor:scan:331 - Scan Finished
2026-07-28 12:30:08.534 | INFO     | monitor:start:67 - Sleep 60 Seconds
2026-07-28 12:31:08.534 | INFO     | auth.login:ensure_login:354 - Checking Login...
2026-07-28 12:31:08.535 | SUCCESS  | auth.login:load_saved_token:192 - Saved Token Loaded
2026-07-28 12:31:08.536 | SUCCESS  | auth.login:ensure_login:362 - Using Saved Token
2026-07-28 12:31:08.536 | INFO     | monitor:scan:111 - Scanning Website...
2026-07-28 12:31:08.537 | INFO     | monitor:scan:125 - Loading Page 1
2026-07-28 12:31:08.537 | INFO     | api:get_files:60 - Loading Page 1
2026-07-28 12:31:10.127 | INFO     | api:get_file:84 - Loading File 126d5170-aeda-170b-a26a-5ee18b267f4a
2026-07-28 12:31:10.516 | INFO     | monitor:scan:273 - Reached Old Files
2026-07-28 12:31:10.517 | INFO     | monitor:scan:303 - No New Serial
2026-07-28 12:31:10.518 | INFO     | monitor:scan:325 - Nothing Changed
2026-07-28 12:31:10.518 | SUCCESS  | monitor:scan:331 - Scan Finished
2026-07-28 12:31:10.519 | INFO     | monitor:start:67 - Sleep 60 Seconds
2026-07-28 12:32:10.520 | INFO     | auth.login:ensure_login:354 - Checking Login...
2026-07-28 12:32:10.522 | SUCCESS  | auth.login:load_saved_token:192 - Saved Token Loaded
2026-07-28 12:32:10.523 | SUCCESS  | auth.login:ensure_login:362 - Using Saved Token
2026-07-28 12:32:10.524 | INFO     | monitor:scan:111 - Scanning Website...
2026-07-28 12:32:10.525 | INFO     | monitor:scan:125 - Loading Page 1
2026-07-28 12:32:10.526 | INFO     | api:get_files:60 - Loading Page 1
2026-07-28 12:32:11.020 | INFO     | api:get_file:84 - Loading File 126d5170-aeda-170b-a26a-5ee18b267f4a
2026-07-28 12:32:11.062 | INFO     | monitor:scan:273 - Reached Old Files
2026-07-28 12:32:11.063 | INFO     | monitor:scan:303 - No New Serial
2026-07-28 12:32:11.063 | INFO     | monitor:scan:325 - Nothing Changed
2026-07-28 12:32:11.064 | SUCCESS  | monitor:scan:331 - Scan Finished
2026-07-28 12:32:11.065 | INFO     | monitor:start:67 - Sleep 60 Seconds
2026-07-28 12:33:11.066 | INFO     | auth.login:ensure_login:354 - Checking Login...
2026-07-28 12:33:11.069 | SUCCESS  | auth.login:load_saved_token:192 - Saved Token Loaded
2026-07-28 12:33:11.070 | SUCCESS  | auth.login:ensure_login:362 - Using Saved Token
2026-07-28 12:33:11.071 | INFO     | monitor:scan:111 - Scanning Website...
2026-07-28 12:33:11.073 | INFO     | monitor:scan:125 - Loading Page 1
2026-07-28 12:33:11.074 | INFO     | api:get_files:60 - Loading Page 1
2026-07-28 12:33:13.525 | INFO     | api:get_file:84 - Loading File 126d5170-aeda-170b-a26a-5ee18b267f4a
2026-07-28 12:33:13.937 | INFO     | monitor:scan:273 - Reached Old Files
2026-07-28 12:33:13.937 | INFO     | monitor:scan:303 - No New Serial
2026-07-28 12:33:13.937 | INFO     | monitor:scan:325 - Nothing Changed
2026-07-28 12:33:13.938 | SUCCESS  | monitor:scan:331 - Scan Finished
2026-07-28 12:33:13.938 | INFO     | monitor:start:67 - Sleep 60 Seconds
2026-07-28 12:34:13.938 | INFO     | auth.login:ensure_login:354 - Checking Login...
2026-07-28 12:34:13.942 | SUCCESS  | auth.login:load_saved_token:192 - Saved Token Loaded
2026-07-28 12:34:13.943 | SUCCESS  | auth.login:ensure_login:362 - Using Saved Token
2026-07-28 12:34:13.943 | INFO     | monitor:scan:111 - Scanning Website...
2026-07-28 12:34:13.945 | INFO     | monitor:scan:125 - Loading Page 1
2026-07-28 12:34:13.946 | INFO     | api:get_files:60 - Loading Page 1
2026-07-28 12:34:17.492 | INFO     | api:get_file:84 - Loading File 126d5170-aeda-170b-a26a-5ee18b267f4a
2026-07-28 12:34:17.720 | INFO     | monitor:scan:273 - Reached Old Files
2026-07-28 12:34:17.720 | INFO     | monitor:scan:303 - No New Serial
2026-07-28 12:34:17.720 | INFO     | monitor:scan:325 - Nothing Changed
2026-07-28 12:34:17.720 | SUCCESS  | monitor:scan:331 - Scan Finished
2026-07-28 12:34:17.721 | INFO     | monitor:start:67 - Sleep 60 Seconds
2026-07-28 12:35:17.721 | INFO     | auth.login:ensure_login:354 - Checking Login...
2026-07-28 12:35:17.723 | SUCCESS  | auth.login:load_saved_token:192 - Saved Token Loaded
2026-07-28 12:35:17.723 | SUCCESS  | auth.login:ensure_login:362 - Using Saved Token
2026-07-28 12:35:17.723 | INFO     | monitor:scan:111 - Scanning Website...
2026-07-28 12:35:17.724 | INFO     | monitor:scan:125 - Loading Page 1
2026-07-28 12:35:17.724 | INFO     | api:get_files:60 - Loading Page 1
2026-07-28 12:35:19.224 | INFO     | api:get_file:84 - Loading File 126d5170-aeda-170b-a26a-5ee18b267f4a
2026-07-28 12:35:19.451 | INFO     | monitor:scan:273 - Reached Old Files
2026-07-28 12:35:19.452 | INFO     | monitor:scan:303 - No New Serial
2026-07-28 12:35:19.452 | INFO     | monitor:scan:325 - Nothing Changed
2026-07-28 12:35:19.452 | SUCCESS  | monitor:scan:331 - Scan Finished
2026-07-28 12:35:19.453 | INFO     | monitor:start:67 - Sleep 60 Seconds
2026-07-28 12:36:19.454 | INFO     | auth.login:ensure_login:354 - Checking Login...
2026-07-28 12:36:19.455 | SUCCESS  | auth.login:load_saved_token:192 - Saved Token Loaded
2026-07-28 12:36:19.456 | SUCCESS  | auth.login:ensure_login:362 - Using Saved Token
2026-07-28 12:36:19.456 | INFO     | monitor:scan:111 - Scanning Website...
2026-07-28 12:36:19.457 | INFO     | monitor:scan:125 - Loading Page 1
2026-07-28 12:36:19.457 | INFO     | api:get_files:60 - Loading Page 1
2026-07-28 12:36:20.948 | INFO     | api:get_file:84 - Loading File 126d5170-aeda-170b-a26a-5ee18b267f4a
2026-07-28 12:36:21.177 | INFO     | monitor:scan:273 - Reached Old Files
2026-07-28 12:36:21.177 | INFO     | monitor:scan:303 - No New Serial
2026-07-28 12:36:21.178 | INFO     | monitor:scan:325 - Nothing Changed
2026-07-28 12:36:21.178 | SUCCESS  | monitor:scan:331 - Scan Finished
2026-07-28 12:36:21.180 | INFO     | monitor:start:67 - Sleep 60 Seconds
2026-07-28 12:37:21.181 | INFO     | auth.login:ensure_login:354 - Checking Login...
2026-07-28 12:37:21.183 | SUCCESS  | auth.login:load_saved_token:192 - Saved Token Loaded
2026-07-28 12:37:21.184 | SUCCESS  | auth.login:ensure_login:362 - Using Saved Token
2026-07-28 12:37:21.184 | INFO     | monitor:scan:111 - Scanning Website...
2026-07-28 12:37:21.186 | INFO     | monitor:scan:125 - Loading Page 1
2026-07-28 12:37:21.186 | INFO     | api:get_files:60 - Loading Page 1
2026-07-28 12:37:21.562 | WARNING  | auth.login:get:411 - Access Token Expired
2026-07-28 12:37:21.563 | INFO     | auth.login:login:262 - Logging in...
2026-07-28 12:37:22.029 | SUCCESS  | auth.login:save_token:242 - Token Saved
2026-07-28 12:37:22.029 | SUCCESS  | auth.login:login:340 - Login Successful
2026-07-28 12:37:23.406 | INFO     | api:get_file:84 - Loading File 126d5170-aeda-170b-a26a-5ee18b267f4a
2026-07-28 12:37:23.615 | INFO     | monitor:scan:273 - Reached Old Files
2026-07-28 12:37:23.616 | INFO     | monitor:scan:303 - No New Serial
2026-07-28 12:37:23.617 | INFO     | monitor:scan:325 - Nothing Changed
2026-07-28 12:37:23.617 | SUCCESS  | monitor:scan:331 - Scan Finished
2026-07-28 12:37:23.618 | INFO     | monitor:start:67 - Sleep 60 Seconds
2026-07-28 12:38:23.618 | INFO     | auth.login:ensure_login:354 - Checking Login...
2026-07-28 12:38:23.625 | SUCCESS  | auth.login:load_saved_token:192 - Saved Token Loaded
2026-07-28 12:38:23.625 | SUCCESS  | auth.login:ensure_login:362 - Using Saved Token
2026-07-28 12:38:23.626 | INFO     | monitor:scan:111 - Scanning Website...
2026-07-28 12:38:23.626 | INFO     | monitor:scan:125 - Loading Page 1
2026-07-28 12:38:23.626 | INFO     | api:get_files:60 - Loading Page 1
2026-07-28 12:38:27.285 | INFO     | api:get_file:84 - Loading File 126d5170-aeda-170b-a26a-5ee18b267f4a
2026-07-28 12:38:27.514 | INFO     | monitor:scan:273 - Reached Old Files
2026-07-28 12:38:27.514 | INFO     | monitor:scan:303 - No New Serial
2026-07-28 12:38:27.514 | INFO     | monitor:scan:325 - Nothing Changed
2026-07-28 12:38:27.514 | SUCCESS  | monitor:scan:331 - Scan Finished
2026-07-28 12:38:27.515 | INFO     | monitor:start:67 - Sleep 60 Seconds
2026-07-28 12:39:27.516 | INFO     | auth.login:ensure_login:354 - Checking Login...
2026-07-28 12:39:27.517 | SUCCESS  | auth.login:load_saved_token:192 - Saved Token Loaded
2026-07-28 12:39:27.517 | SUCCESS  | auth.login:ensure_login:362 - Using Saved Token
2026-07-28 12:39:27.517 | INFO     | monitor:scan:111 - Scanning Website...
2026-07-28 12:39:27.517 | INFO     | monitor:scan:125 - Loading Page 1
2026-07-28 12:39:27.518 | INFO     | api:get_files:60 - Loading Page 1
2026-07-28 12:39:29.124 | INFO     | api:get_file:84 - Loading File 126d5170-aeda-170b-a26a-5ee18b267f4a
2026-07-28 12:39:29.351 | INFO     | monitor:scan:273 - Reached Old Files
2026-07-28 12:39:29.351 | INFO     | monitor:scan:303 - No New Serial
2026-07-28 12:39:29.351 | INFO     | monitor:scan:325 - Nothing Changed
2026-07-28 12:39:29.351 | SUCCESS  | monitor:scan:331 - Scan Finished
2026-07-28 12:39:29.352 | INFO     | monitor:start:67 - Sleep 60 Seconds
2026-07-28 12:40:29.352 | INFO     | auth.login:ensure_login:354 - Checking Login...
2026-07-28 12:40:29.353 | SUCCESS  | auth.login:load_saved_token:192 - Saved Token Loaded
2026-07-28 12:40:29.353 | SUCCESS  | auth.login:ensure_login:362 - Using Saved Token
2026-07-28 12:40:29.353 | INFO     | monitor:scan:111 - Scanning Website...
2026-07-28 12:40:29.354 | INFO     | monitor:scan:125 - Loading Page 1
2026-07-28 12:40:29.354 | INFO     | api:get_files:60 - Loading Page 1
2026-07-28 12:40:31.252 | INFO     | api:get_file:84 - Loading File 126d5170-aeda-170b-a26a-5ee18b267f4a
2026-07-28 12:40:31.468 | INFO     | monitor:scan:273 - Reached Old Files
2026-07-28 12:40:31.469 | INFO     | monitor:scan:303 - No New Serial
2026-07-28 12:40:31.469 | INFO     | monitor:scan:325 - Nothing Changed
2026-07-28 12:40:31.470 | SUCCESS  | monitor:scan:331 - Scan Finished
2026-07-28 12:40:31.471 | INFO     | monitor:start:67 - Sleep 60 Seconds
2026-07-28 12:41:31.473 | INFO     | auth.login:ensure_login:354 - Checking Login...
2026-07-28 12:41:31.475 | SUCCESS  | auth.login:load_saved_token:192 - Saved Token Loaded
2026-07-28 12:41:31.475 | SUCCESS  | auth.login:ensure_login:362 - Using Saved Token
2026-07-28 12:41:31.476 | INFO     | monitor:scan:111 - Scanning Website...
2026-07-28 12:41:31.477 | INFO     | monitor:scan:125 - Loading Page 1
2026-07-28 12:41:31.478 | INFO     | api:get_files:60 - Loading Page 1
2026-07-28 12:41:34.890 | INFO     | api:get_file:84 - Loading File 126d5170-aeda-170b-a26a-5ee18b267f4a
2026-07-28 12:41:35.117 | INFO     | monitor:scan:273 - Reached Old Files
2026-07-28 12:41:35.117 | INFO     | monitor:scan:303 - No New Serial
2026-07-28 12:41:35.117 | INFO     | monitor:scan:325 - Nothing Changed
2026-07-28 12:41:35.117 | SUCCESS  | monitor:scan:331 - Scan Finished
2026-07-28 12:41:35.118 | INFO     | monitor:start:67 - Sleep 60 Seconds
2026-07-28 12:42:35.119 | INFO     | auth.login:ensure_login:354 - Checking Login...
2026-07-28 12:42:35.120 | SUCCESS  | auth.login:load_saved_token:192 - Saved Token Loaded
2026-07-28 12:42:35.121 | SUCCESS  | auth.login:ensure_login:362 - Using Saved Token
2026-07-28 12:42:35.122 | INFO     | monitor:scan:111 - Scanning Website...
2026-07-28 12:42:35.123 | INFO     | monitor:scan:125 - Loading Page 1
2026-07-28 12:42:35.123 | INFO     | api:get_files:60 - Loading Page 1
2026-07-28 12:42:36.687 | INFO     | api:get_file:84 - Loading File 126d5170-aeda-170b-a26a-5ee18b267f4a
2026-07-28 12:42:36.925 | INFO     | monitor:scan:273 - Reached Old Files
2026-07-28 12:42:36.925 | INFO     | monitor:scan:303 - No New Serial
2026-07-28 12:42:36.925 | INFO     | monitor:scan:325 - Nothing Changed
2026-07-28 12:42:36.925 | SUCCESS  | monitor:scan:331 - Scan Finished
2026-07-28 12:42:36.926 | INFO     | monitor:start:67 - Sleep 60 Seconds
2026-07-28 12:43:36.926 | INFO     | auth.login:ensure_login:354 - Checking Login...
2026-07-28 12:43:36.929 | SUCCESS  | auth.login:load_saved_token:192 - Saved Token Loaded
2026-07-28 12:43:36.929 | SUCCESS  | auth.login:ensure_login:362 - Using Saved Token
2026-07-28 12:43:36.930 | INFO     | monitor:scan:111 - Scanning Website...
2026-07-28 12:43:36.932 | INFO     | monitor:scan:125 - Loading Page 1
2026-07-28 12:43:36.932 | INFO     | api:get_files:60 - Loading Page 1
2026-07-28 12:43:38.523 | INFO     | api:get_file:84 - Loading File 126d5170-aeda-170b-a26a-5ee18b267f4a
2026-07-28 12:43:38.747 | INFO     | monitor:scan:273 - Reached Old Files
2026-07-28 12:43:38.749 | INFO     | monitor:scan:303 - No New Serial
2026-07-28 12:43:38.750 | INFO     | monitor:scan:325 - Nothing Changed
2026-07-28 12:43:38.751 | SUCCESS  | monitor:scan:331 - Scan Finished
2026-07-28 12:43:38.752 | INFO     | monitor:start:67 - Sleep 60 Seconds
2026-07-28 12:44:38.753 | INFO     | auth.login:ensure_login:354 - Checking Login...
2026-07-28 12:44:38.756 | SUCCESS  | auth.login:load_saved_token:192 - Saved Token Loaded
2026-07-28 12:44:38.757 | SUCCESS  | auth.login:ensure_login:362 - Using Saved Token
2026-07-28 12:44:38.758 | INFO     | monitor:scan:111 - Scanning Website...
2026-07-28 12:44:38.760 | INFO     | monitor:scan:125 - Loading Page 1
2026-07-28 12:44:38.760 | INFO     | api:get_files:60 - Loading Page 1
2026-07-28 12:44:42.275 | INFO     | api:get_file:84 - Loading File 126d5170-aeda-170b-a26a-5ee18b267f4a
2026-07-28 12:44:42.499 | INFO     | monitor:scan:273 - Reached Old Files
2026-07-28 12:44:42.499 | INFO     | monitor:scan:303 - No New Serial
2026-07-28 12:44:42.499 | INFO     | monitor:scan:325 - Nothing Changed
2026-07-28 12:44:42.499 | SUCCESS  | monitor:scan:331 - Scan Finished
2026-07-28 12:44:42.500 | INFO     | monitor:start:67 - Sleep 60 Seconds
2026-07-28 12:45:42.500 | INFO     | auth.login:ensure_login:354 - Checking Login...
2026-07-28 12:45:42.502 | SUCCESS  | auth.login:load_saved_token:192 - Saved Token Loaded
2026-07-28 12:45:42.502 | SUCCESS  | auth.login:ensure_login:362 - Using Saved Token
2026-07-28 12:45:42.503 | INFO     | monitor:scan:111 - Scanning Website...
2026-07-28 12:45:42.504 | INFO     | monitor:scan:125 - Loading Page 1
2026-07-28 12:45:42.504 | INFO     | api:get_files:60 - Loading Page 1
2026-07-28 12:45:44.043 | INFO     | api:get_file:84 - Loading File 126d5170-aeda-170b-a26a-5ee18b267f4a
2026-07-28 12:45:44.272 | INFO     | monitor:scan:273 - Reached Old Files
2026-07-28 12:45:44.273 | INFO     | monitor:scan:303 - No New Serial
2026-07-28 12:45:44.273 | INFO     | monitor:scan:325 - Nothing Changed
2026-07-28 12:45:44.274 | SUCCESS  | monitor:scan:331 - Scan Finished
2026-07-28 12:45:44.275 | INFO     | monitor:start:67 - Sleep 60 Seconds
2026-07-28 12:46:44.276 | INFO     | auth.login:ensure_login:354 - Checking Login...
2026-07-28 12:46:44.280 | SUCCESS  | auth.login:load_saved_token:192 - Saved Token Loaded
2026-07-28 12:46:44.281 | SUCCESS  | auth.login:ensure_login:362 - Using Saved Token
2026-07-28 12:46:44.283 | INFO     | monitor:scan:111 - Scanning Website...
2026-07-28 12:46:44.286 | INFO     | monitor:scan:125 - Loading Page 1
2026-07-28 12:46:44.287 | INFO     | api:get_files:60 - Loading Page 1
2026-07-28 12:46:46.730 | INFO     | api:get_file:84 - Loading File 126d5170-aeda-170b-a26a-5ee18b267f4a
2026-07-28 12:46:46.959 | INFO     | monitor:scan:273 - Reached Old Files
2026-07-28 12:46:46.960 | INFO     | monitor:scan:303 - No New Serial
2026-07-28 12:46:46.961 | INFO     | monitor:scan:325 - Nothing Changed
2026-07-28 12:46:46.961 | SUCCESS  | monitor:scan:331 - Scan Finished
2026-07-28 12:46:46.962 | INFO     | monitor:start:67 - Sleep 60 Seconds
2026-07-28 12:47:46.963 | INFO     | auth.login:ensure_login:354 - Checking Login...
2026-07-28 12:47:46.964 | SUCCESS  | auth.login:load_saved_token:192 - Saved Token Loaded
2026-07-28 12:47:46.964 | SUCCESS  | auth.login:ensure_login:362 - Using Saved Token
2026-07-28 12:47:46.964 | INFO     | monitor:scan:111 - Scanning Website...
2026-07-28 12:47:46.965 | INFO     | monitor:scan:125 - Loading Page 1
2026-07-28 12:47:46.965 | INFO     | api:get_files:60 - Loading Page 1
2026-07-28 12:47:47.378 | WARNING  | auth.login:get:411 - Access Token Expired
2026-07-28 12:47:47.379 | INFO     | auth.login:login:262 - Logging in...
2026-07-28 12:47:47.819 | SUCCESS  | auth.login:save_token:242 - Token Saved
2026-07-28 12:47:47.821 | SUCCESS  | auth.login:login:340 - Login Successful
2026-07-28 12:47:49.173 | INFO     | api:get_file:84 - Loading File 126d5170-aeda-170b-a26a-5ee18b267f4a
2026-07-28 12:47:49.402 | INFO     | monitor:scan:273 - Reached Old Files
2026-07-28 12:47:49.403 | INFO     | monitor:scan:303 - No New Serial
2026-07-28 12:47:49.403 | INFO     | monitor:scan:325 - Nothing Changed
2026-07-28 12:47:49.404 | SUCCESS  | monitor:scan:331 - Scan Finished
2026-07-28 12:47:49.405 | INFO     | monitor:start:67 - Sleep 60 Seconds
2026-07-28 12:48:49.406 | INFO     | auth.login:ensure_login:354 - Checking Login...
2026-07-28 12:48:49.427 | SUCCESS  | auth.login:load_saved_token:192 - Saved Token Loaded
2026-07-28 12:48:49.427 | SUCCESS  | auth.login:ensure_login:362 - Using Saved Token
2026-07-28 12:48:49.427 | INFO     | monitor:scan:111 - Scanning Website...
2026-07-28 12:48:49.427 | INFO     | monitor:scan:125 - Loading Page 1
2026-07-28 12:48:49.428 | INFO     | api:get_files:60 - Loading Page 1
2026-07-28 12:48:52.617 | INFO     | api:get_file:84 - Loading File 126d5170-aeda-170b-a26a-5ee18b267f4a
2026-07-28 12:48:52.840 | INFO     | monitor:scan:273 - Reached Old Files
2026-07-28 12:48:52.840 | INFO     | monitor:scan:303 - No New Serial
2026-07-28 12:48:52.840 | INFO     | monitor:scan:325 - Nothing Changed
2026-07-28 12:48:52.841 | SUCCESS  | monitor:scan:331 - Scan Finished
2026-07-28 12:48:52.842 | INFO     | monitor:start:67 - Sleep 60 Seconds
2026-07-28 12:49:52.843 | INFO     | auth.login:ensure_login:354 - Checking Login...
2026-07-28 12:49:52.844 | SUCCESS  | auth.login:load_saved_token:192 - Saved Token Loaded
2026-07-28 12:49:52.845 | SUCCESS  | auth.login:ensure_login:362 - Using Saved Token
2026-07-28 12:49:52.845 | INFO     | monitor:scan:111 - Scanning Website...
2026-07-28 12:49:52.846 | INFO     | monitor:scan:125 - Loading Page 1
2026-07-28 12:49:52.847 | INFO     | api:get_files:60 - Loading Page 1
2026-07-28 12:49:54.394 | INFO     | api:get_file:84 - Loading File 126d5170-aeda-170b-a26a-5ee18b267f4a
2026-07-28 12:49:54.623 | INFO     | monitor:scan:273 - Reached Old Files
2026-07-28 12:49:54.624 | INFO     | monitor:scan:303 - No New Serial
2026-07-28 12:49:54.624 | INFO     | monitor:scan:325 - Nothing Changed
2026-07-28 12:49:54.625 | SUCCESS  | monitor:scan:331 - Scan Finished
2026-07-28 12:49:54.626 | INFO     | monitor:start:67 - Sleep 60 Seconds
2026-07-28 12:50:54.627 | INFO     | auth.login:ensure_login:354 - Checking Login...
2026-07-28 12:50:54.630 | SUCCESS  | auth.login:load_saved_token:192 - Saved Token Loaded
2026-07-28 12:50:54.631 | SUCCESS  | auth.login:ensure_login:362 - Using Saved Token
2026-07-28 12:50:54.633 | INFO     | monitor:scan:111 - Scanning Website...
2026-07-28 12:50:54.636 | INFO     | monitor:scan:125 - Loading Page 1
2026-07-28 12:50:54.637 | INFO     | api:get_files:60 - Loading Page 1
2026-07-28 12:50:56.242 | INFO     | api:get_file:84 - Loading File 126d5170-aeda-170b-a26a-5ee18b267f4a
2026-07-28 12:50:56.472 | INFO     | monitor:scan:273 - Reached Old Files
2026-07-28 12:50:56.473 | INFO     | monitor:scan:303 - No New Serial
2026-07-28 12:50:56.473 | INFO     | monitor:scan:325 - Nothing Changed
2026-07-28 12:50:56.473 | SUCCESS  | monitor:scan:331 - Scan Finished
2026-07-28 12:50:56.473 | INFO     | monitor:start:67 - Sleep 60 Seconds
2026-07-28 12:51:56.474 | INFO     | auth.login:ensure_login:354 - Checking Login...
2026-07-28 12:51:56.476 | SUCCESS  | auth.login:load_saved_token:192 - Saved Token Loaded
2026-07-28 12:51:56.476 | SUCCESS  | auth.login:ensure_login:362 - Using Saved Token
2026-07-28 12:51:56.477 | INFO     | monitor:scan:111 - Scanning Website...
2026-07-28 12:51:56.479 | INFO     | monitor:scan:125 - Loading Page 1
2026-07-28 12:51:56.480 | INFO     | api:get_files:60 - Loading Page 1
2026-07-28 12:52:00.110 | INFO     | api:get_file:84 - Loading File 126d5170-aeda-170b-a26a-5ee18b267f4a
2026-07-28 12:52:00.339 | INFO     | monitor:scan:273 - Reached Old Files
2026-07-28 12:52:00.339 | INFO     | monitor:scan:303 - No New Serial
2026-07-28 12:52:00.340 | INFO     | monitor:scan:325 - Nothing Changed
2026-07-28 12:52:00.340 | SUCCESS  | monitor:scan:331 - Scan Finished
2026-07-28 12:52:00.340 | INFO     | monitor:start:67 - Sleep 60 Seconds
2026-07-28 12:53:00.341 | INFO     | auth.login:ensure_login:354 - Checking Login...
2026-07-28 12:53:00.345 | SUCCESS  | auth.login:load_saved_token:192 - Saved Token Loaded
2026-07-28 12:53:00.345 | SUCCESS  | auth.login:ensure_login:362 - Using Saved Token
2026-07-28 12:53:00.346 | INFO     | monitor:scan:111 - Scanning Website...
2026-07-28 12:53:00.350 | INFO     | monitor:scan:125 - Loading Page 1
2026-07-28 12:53:00.351 | INFO     | api:get_files:60 - Loading Page 1
2026-07-28 12:53:03.691 | INFO     | api:get_file:84 - Loading File 126d5170-aeda-170b-a26a-5ee18b267f4a
2026-07-28 12:53:03.911 | INFO     | monitor:scan:273 - Reached Old Files
2026-07-28 12:53:03.911 | INFO     | monitor:scan:303 - No New Serial
2026-07-28 12:53:03.911 | INFO     | monitor:scan:325 - Nothing Changed
2026-07-28 12:53:03.911 | SUCCESS  | monitor:scan:331 - Scan Finished
2026-07-28 12:53:03.912 | INFO     | monitor:start:67 - Sleep 60 Seconds
2026-07-28 12:54:03.912 | INFO     | auth.login:ensure_login:354 - Checking Login...
2026-07-28 12:54:03.916 | SUCCESS  | auth.login:load_saved_token:192 - Saved Token Loaded
2026-07-28 12:54:03.917 | SUCCESS  | auth.login:ensure_login:362 - Using Saved Token
2026-07-28 12:54:03.918 | INFO     | monitor:scan:111 - Scanning Website...
2026-07-28 12:54:03.920 | INFO     | monitor:scan:125 - Loading Page 1
2026-07-28 12:54:03.920 | INFO     | api:get_files:60 - Loading Page 1
2026-07-28 12:54:05.794 | INFO     | api:get_file:84 - Loading File 126d5170-aeda-170b-a26a-5ee18b267f4a
2026-07-28 12:54:06.019 | INFO     | monitor:scan:273 - Reached Old Files
2026-07-28 12:54:06.020 | INFO     | monitor:scan:303 - No New Serial
2026-07-28 12:54:06.020 | INFO     | monitor:scan:325 - Nothing Changed
2026-07-28 12:54:06.021 | SUCCESS  | monitor:scan:331 - Scan Finished
2026-07-28 12:54:06.022 | INFO     | monitor:start:67 - Sleep 60 Seconds
2026-07-28 12:55:06.022 | INFO     | auth.login:ensure_login:354 - Checking Login...
2026-07-28 12:55:06.024 | SUCCESS  | auth.login:load_saved_token:192 - Saved Token Loaded
2026-07-28 12:55:06.024 | SUCCESS  | auth.login:ensure_login:362 - Using Saved Token
2026-07-28 12:55:06.025 | INFO     | monitor:scan:111 - Scanning Website...
2026-07-28 12:55:06.025 | INFO     | monitor:scan:125 - Loading Page 1
2026-07-28 12:55:06.026 | INFO     | api:get_files:60 - Loading Page 1
2026-07-28 12:55:09.347 | INFO     | api:get_file:84 - Loading File 126d5170-aeda-170b-a26a-5ee18b267f4a
2026-07-28 12:55:09.570 | INFO     | monitor:scan:273 - Reached Old Files
2026-07-28 12:55:09.571 | INFO     | monitor:scan:303 - No New Serial
2026-07-28 12:55:09.571 | INFO     | monitor:scan:325 - Nothing Changed
2026-07-28 12:55:09.571 | SUCCESS  | monitor:scan:331 - Scan Finished
2026-07-28 12:55:09.571 | INFO     | monitor:start:67 - Sleep 60 Seconds
2026-07-28 12:56:09.572 | INFO     | auth.login:ensure_login:354 - Checking Login...
2026-07-28 12:56:09.575 | SUCCESS  | auth.login:load_saved_token:192 - Saved Token Loaded
2026-07-28 12:56:09.576 | SUCCESS  | auth.login:ensure_login:362 - Using Saved Token
2026-07-28 12:56:09.579 | INFO     | monitor:scan:111 - Scanning Website...
2026-07-28 12:56:09.581 | INFO     | monitor:scan:125 - Loading Page 1
2026-07-28 12:56:09.581 | INFO     | api:get_files:60 - Loading Page 1
2026-07-28 12:56:12.888 | INFO     | api:get_file:84 - Loading File 126d5170-aeda-170b-a26a-5ee18b267f4a
2026-07-28 12:56:13.115 | INFO     | monitor:scan:273 - Reached Old Files
2026-07-28 12:56:13.116 | INFO     | monitor:scan:303 - No New Serial
2026-07-28 12:56:13.116 | INFO     | monitor:scan:325 - Nothing Changed
2026-07-28 12:56:13.117 | SUCCESS  | monitor:scan:331 - Scan Finished
2026-07-28 12:56:13.118 | INFO     | monitor:start:67 - Sleep 60 Seconds
2026-07-28 12:57:13.119 | INFO     | auth.login:ensure_login:354 - Checking Login...
2026-07-28 12:57:13.120 | SUCCESS  | auth.login:load_saved_token:192 - Saved Token Loaded
2026-07-28 12:57:13.120 | SUCCESS  | auth.login:ensure_login:362 - Using Saved Token
2026-07-28 12:57:13.120 | INFO     | monitor:scan:111 - Scanning Website...
2026-07-28 12:57:13.121 | INFO     | monitor:scan:125 - Loading Page 1
2026-07-28 12:57:13.121 | INFO     | api:get_files:60 - Loading Page 1
2026-07-28 12:57:14.728 | INFO     | api:get_file:84 - Loading File 126d5170-aeda-170b-a26a-5ee18b267f4a
2026-07-28 12:57:14.956 | INFO     | monitor:scan:273 - Reached Old Files
2026-07-28 12:57:14.956 | INFO     | monitor:scan:303 - No New Serial
2026-07-28 12:57:14.956 | INFO     | monitor:scan:325 - Nothing Changed
2026-07-28 12:57:14.956 | SUCCESS  | monitor:scan:331 - Scan Finished
2026-07-28 12:57:14.956 | INFO     | monitor:start:67 - Sleep 60 Seconds
2026-07-28 12:58:14.957 | INFO     | auth.login:ensure_login:354 - Checking Login...
2026-07-28 12:58:14.960 | SUCCESS  | auth.login:load_saved_token:192 - Saved Token Loaded
2026-07-28 12:58:14.961 | SUCCESS  | auth.login:ensure_login:362 - Using Saved Token
2026-07-28 12:58:14.961 | INFO     | monitor:scan:111 - Scanning Website...
2026-07-28 12:58:14.964 | INFO     | monitor:scan:125 - Loading Page 1
2026-07-28 12:58:14.965 | INFO     | api:get_files:60 - Loading Page 1
2026-07-28 12:58:15.394 | WARNING  | auth.login:get:411 - Access Token Expired
2026-07-28 12:58:15.394 | INFO     | auth.login:login:262 - Logging in...
2026-07-28 12:58:15.898 | SUCCESS  | auth.login:save_token:242 - Token Saved
2026-07-28 12:58:15.899 | SUCCESS  | auth.login:login:340 - Login Successful
2026-07-28 12:58:18.829 | INFO     | api:get_file:84 - Loading File 126d5170-aeda-170b-a26a-5ee18b267f4a
2026-07-28 12:58:19.055 | INFO     | monitor:scan:273 - Reached Old Files
2026-07-28 12:58:19.055 | INFO     | monitor:scan:303 - No New Serial
2026-07-28 12:58:19.055 | INFO     | monitor:scan:325 - Nothing Changed
2026-07-28 12:58:19.055 | SUCCESS  | monitor:scan:331 - Scan Finished
2026-07-28 12:58:19.055 | INFO     | monitor:start:67 - Sleep 60 Seconds
2026-07-28 12:59:19.056 | INFO     | auth.login:ensure_login:354 - Checking Login...
2026-07-28 12:59:19.082 | SUCCESS  | auth.login:load_saved_token:192 - Saved Token Loaded
2026-07-28 12:59:19.082 | SUCCESS  | auth.login:ensure_login:362 - Using Saved Token
2026-07-28 12:59:19.083 | INFO     | monitor:scan:111 - Scanning Website...
2026-07-28 12:59:19.083 | INFO     | monitor:scan:125 - Loading Page 1
2026-07-28 12:59:19.084 | INFO     | api:get_files:60 - Loading Page 1
2026-07-28 12:59:20.793 | INFO     | api:get_file:84 - Loading File 126d5170-aeda-170b-a26a-5ee18b267f4a
2026-07-28 12:59:21.018 | INFO     | monitor:scan:273 - Reached Old Files
2026-07-28 12:59:21.019 | INFO     | monitor:scan:303 - No New Serial
2026-07-28 12:59:21.020 | INFO     | monitor:scan:325 - Nothing Changed
2026-07-28 12:59:21.020 | SUCCESS  | monitor:scan:331 - Scan Finished
2026-07-28 12:59:21.021 | INFO     | monitor:start:67 - Sleep 60 Seconds
2026-07-28 13:00:21.022 | INFO     | auth.login:ensure_login:354 - Checking Login...
2026-07-28 13:00:21.026 | SUCCESS  | auth.login:load_saved_token:192 - Saved Token Loaded
2026-07-28 13:00:21.028 | SUCCESS  | auth.login:ensure_login:362 - Using Saved Token
2026-07-28 13:00:21.029 | INFO     | monitor:scan:111 - Scanning Website...
2026-07-28 13:00:21.031 | INFO     | monitor:scan:125 - Loading Page 1
2026-07-28 13:00:21.032 | INFO     | api:get_files:60 - Loading Page 1
2026-07-28 13:00:22.502 | INFO     | api:get_file:84 - Loading File 126d5170-aeda-170b-a26a-5ee18b267f4a
2026-07-28 13:00:22.720 | INFO     | monitor:scan:273 - Reached Old Files
2026-07-28 13:00:22.722 | INFO     | monitor:scan:303 - No New Serial
2026-07-28 13:00:22.722 | INFO     | monitor:scan:325 - Nothing Changed
2026-07-28 13:00:22.723 | SUCCESS  | monitor:scan:331 - Scan Finished
2026-07-28 13:00:22.724 | INFO     | monitor:start:67 - Sleep 60 Seconds
2026-07-28 13:01:22.726 | INFO     | auth.login:ensure_login:354 - Checking Login...
2026-07-28 13:01:22.728 | SUCCESS  | auth.login:load_saved_token:192 - Saved Token Loaded
2026-07-28 13:01:22.729 | SUCCESS  | auth.login:ensure_login:362 - Using Saved Token
2026-07-28 13:01:22.730 | INFO     | monitor:scan:111 - Scanning Website...
2026-07-28 13:01:22.732 | INFO     | monitor:scan:125 - Loading Page 1
2026-07-28 13:01:22.732 | INFO     | api:get_files:60 - Loading Page 1
2026-07-28 13:01:26.487 | INFO     | api:get_file:84 - Loading File 126d5170-aeda-170b-a26a-5ee18b267f4a
2026-07-28 13:01:26.880 | INFO     | monitor:scan:273 - Reached Old Files
2026-07-28 13:01:26.881 | INFO     | monitor:scan:303 - No New Serial
2026-07-28 13:01:26.882 | INFO     | monitor:scan:325 - Nothing Changed
2026-07-28 13:01:26.882 | SUCCESS  | monitor:scan:331 - Scan Finished
2026-07-28 13:01:26.883 | INFO     | monitor:start:67 - Sleep 60 Seconds
2026-07-28 13:02:26.885 | INFO     | auth.login:ensure_login:354 - Checking Login...
2026-07-28 13:02:26.889 | SUCCESS  | auth.login:load_saved_token:192 - Saved Token Loaded
2026-07-28 13:02:26.890 | SUCCESS  | auth.login:ensure_login:362 - Using Saved Token
2026-07-28 13:02:26.891 | INFO     | monitor:scan:111 - Scanning Website...
2026-07-28 13:02:26.894 | INFO     | monitor:scan:125 - Loading Page 1
2026-07-28 13:02:26.894 | INFO     | api:get_files:60 - Loading Page 1
2026-07-28 13:02:29.251 | INFO     | api:get_file:84 - Loading File 126d5170-aeda-170b-a26a-5ee18b267f4a
2026-07-28 13:02:29.483 | INFO     | monitor:scan:273 - Reached Old Files
2026-07-28 13:02:29.483 | INFO     | monitor:scan:303 - No New Serial
2026-07-28 13:02:29.483 | INFO     | monitor:scan:325 - Nothing Changed
2026-07-28 13:02:29.484 | SUCCESS  | monitor:scan:331 - Scan Finished
2026-07-28 13:02:29.484 | INFO     | monitor:start:67 - Sleep 60 Seconds
2026-07-28 13:03:29.485 | INFO     | auth.login:ensure_login:354 - Checking Login...
2026-07-28 13:03:29.485 | SUCCESS  | auth.login:load_saved_token:192 - Saved Token Loaded
2026-07-28 13:03:29.486 | SUCCESS  | auth.login:ensure_login:362 - Using Saved Token
2026-07-28 13:03:29.486 | INFO     | monitor:scan:111 - Scanning Website...
2026-07-28 13:03:29.486 | INFO     | monitor:scan:125 - Loading Page 1
2026-07-28 13:03:29.486 | INFO     | api:get_files:60 - Loading Page 1
2026-07-28 13:03:31.929 | INFO     | api:get_file:84 - Loading File 126d5170-aeda-170b-a26a-5ee18b267f4a
2026-07-28 13:03:32.151 | INFO     | monitor:scan:273 - Reached Old Files
2026-07-28 13:03:32.151 | INFO     | monitor:scan:303 - No New Serial
2026-07-28 13:03:32.152 | INFO     | monitor:scan:325 - Nothing Changed
2026-07-28 13:03:32.152 | SUCCESS  | monitor:scan:331 - Scan Finished
2026-07-28 13:03:32.152 | INFO     | monitor:start:67 - Sleep 60 Seconds
2026-07-28 13:04:32.153 | INFO     | auth.login:ensure_login:354 - Checking Login...
2026-07-28 13:04:32.156 | SUCCESS  | auth.login:load_saved_token:192 - Saved Token Loaded
2026-07-28 13:04:32.156 | SUCCESS  | auth.login:ensure_login:362 - Using Saved Token
2026-07-28 13:04:32.157 | INFO     | monitor:scan:111 - Scanning Website...
2026-07-28 13:04:32.158 | INFO     | monitor:scan:125 - Loading Page 1
2026-07-28 13:04:32.159 | INFO     | api:get_files:60 - Loading Page 1
2026-07-28 13:04:33.706 | INFO     | api:get_file:84 - Loading File 126d5170-aeda-170b-a26a-5ee18b267f4a
2026-07-28 13:04:33.932 | INFO     | monitor:scan:273 - Reached Old Files
2026-07-28 13:04:33.933 | INFO     | monitor:scan:303 - No New Serial
2026-07-28 13:04:33.933 | INFO     | monitor:scan:325 - Nothing Changed
2026-07-28 13:04:33.934 | SUCCESS  | monitor:scan:331 - Scan Finished
2026-07-28 13:04:33.935 | INFO     | monitor:start:67 - Sleep 60 Seconds
2026-07-28 13:05:33.936 | INFO     | auth.login:ensure_login:354 - Checking Login...
2026-07-28 13:05:33.938 | SUCCESS  | auth.login:load_saved_token:192 - Saved Token Loaded
2026-07-28 13:05:33.939 | SUCCESS  | auth.login:ensure_login:362 - Using Saved Token
2026-07-28 13:05:33.939 | INFO     | monitor:scan:111 - Scanning Website...
2026-07-28 13:05:33.941 | INFO     | monitor:scan:125 - Loading Page 1
2026-07-28 13:05:33.941 | INFO     | api:get_files:60 - Loading Page 1
2026-07-28 13:05:37.422 | INFO     | api:get_file:84 - Loading File 126d5170-aeda-170b-a26a-5ee18b267f4a
2026-07-28 13:05:37.649 | INFO     | monitor:scan:273 - Reached Old Files
2026-07-28 13:05:37.649 | INFO     | monitor:scan:303 - No New Serial
2026-07-28 13:05:37.650 | INFO     | monitor:scan:325 - Nothing Changed
2026-07-28 13:05:37.651 | SUCCESS  | monitor:scan:331 - Scan Finished
2026-07-28 13:05:37.651 | INFO     | monitor:start:67 - Sleep 60 Seconds
2026-07-28 13:06:37.652 | INFO     | auth.login:ensure_login:354 - Checking Login...
2026-07-28 13:06:37.656 | SUCCESS  | auth.login:load_saved_token:192 - Saved Token Loaded
2026-07-28 13:06:37.657 | SUCCESS  | auth.login:ensure_login:362 - Using Saved Token
2026-07-28 13:06:37.659 | INFO     | monitor:scan:111 - Scanning Website...
2026-07-28 13:06:37.661 | INFO     | monitor:scan:125 - Loading Page 1
2026-07-28 13:06:37.661 | INFO     | api:get_files:60 - Loading Page 1
2026-07-28 13:06:40.898 | INFO     | api:get_file:84 - Loading File 126d5170-aeda-170b-a26a-5ee18b267f4a
2026-07-28 13:06:41.113 | INFO     | monitor:scan:273 - Reached Old Files
2026-07-28 13:06:41.114 | INFO     | monitor:scan:303 - No New Serial
2026-07-28 13:06:41.114 | INFO     | monitor:scan:325 - Nothing Changed
2026-07-28 13:06:41.114 | SUCCESS  | monitor:scan:331 - Scan Finished
2026-07-28 13:06:41.116 | INFO     | monitor:start:67 - Sleep 60 Seconds
2026-07-28 13:07:41.117 | INFO     | auth.login:ensure_login:354 - Checking Login...
2026-07-28 13:07:41.119 | SUCCESS  | auth.login:load_saved_token:192 - Saved Token Loaded
2026-07-28 13:07:41.119 | SUCCESS  | auth.login:ensure_login:362 - Using Saved Token
2026-07-28 13:07:41.119 | INFO     | monitor:scan:111 - Scanning Website...
2026-07-28 13:07:41.121 | INFO     | monitor:scan:125 - Loading Page 1
2026-07-28 13:07:41.121 | INFO     | api:get_files:60 - Loading Page 1
2026-07-28 13:07:42.723 | INFO     | api:get_file:84 - Loading File 126d5170-aeda-170b-a26a-5ee18b267f4a
2026-07-28 13:07:42.947 | INFO     | monitor:scan:273 - Reached Old Files
2026-07-28 13:07:42.948 | INFO     | monitor:scan:303 - No New Serial
2026-07-28 13:07:42.948 | INFO     | monitor:scan:325 - Nothing Changed
2026-07-28 13:07:42.949 | SUCCESS  | monitor:scan:331 - Scan Finished
2026-07-28 13:07:42.949 | INFO     | monitor:start:67 - Sleep 60 Seconds
2026-07-28 13:08:42.950 | INFO     | auth.login:ensure_login:354 - Checking Login...
2026-07-28 13:08:42.954 | SUCCESS  | auth.login:load_saved_token:192 - Saved Token Loaded
2026-07-28 13:08:42.956 | SUCCESS  | auth.login:ensure_login:362 - Using Saved Token
2026-07-28 13:08:42.957 | INFO     | monitor:scan:111 - Scanning Website...
2026-07-28 13:08:42.960 | INFO     | monitor:scan:125 - Loading Page 1
2026-07-28 13:08:42.961 | INFO     | api:get_files:60 - Loading Page 1
2026-07-28 13:08:43.414 | WARNING  | auth.login:get:411 - Access Token Expired
2026-07-28 13:08:43.414 | INFO     | auth.login:login:262 - Logging in...
2026-07-28 13:08:43.905 | SUCCESS  | auth.login:save_token:242 - Token Saved
2026-07-28 13:08:43.906 | SUCCESS  | auth.login:login:340 - Login Successful
2026-07-28 13:08:45.028 | INFO     | api:get_file:84 - Loading File 126d5170-aeda-170b-a26a-5ee18b267f4a
2026-07-28 13:08:45.242 | INFO     | monitor:scan:273 - Reached Old Files
2026-07-28 13:08:45.243 | INFO     | monitor:scan:303 - No New Serial
2026-07-28 13:08:45.243 | INFO     | monitor:scan:325 - Nothing Changed
2026-07-28 13:08:45.244 | SUCCESS  | monitor:scan:331 - Scan Finished
2026-07-28 13:08:45.245 | INFO     | monitor:start:67 - Sleep 60 Seconds
2026-07-28 13:09:45.246 | INFO     | auth.login:ensure_login:354 - Checking Login...
2026-07-28 13:09:45.256 | SUCCESS  | auth.login:load_saved_token:192 - Saved Token Loaded
2026-07-28 13:09:45.257 | SUCCESS  | auth.login:ensure_login:362 - Using Saved Token
2026-07-28 13:09:45.257 | INFO     | monitor:scan:111 - Scanning Website...
2026-07-28 13:09:45.257 | INFO     | monitor:scan:125 - Loading Page 1
2026-07-28 13:09:45.258 | INFO     | api:get_files:60 - Loading Page 1
2026-07-28 13:09:46.795 | INFO     | api:get_file:84 - Loading File 126d5170-aeda-170b-a26a-5ee18b267f4a
2026-07-28 13:09:47.023 | INFO     | monitor:scan:273 - Reached Old Files
2026-07-28 13:09:47.023 | INFO     | monitor:scan:303 - No New Serial
2026-07-28 13:09:47.023 | INFO     | monitor:scan:325 - Nothing Changed
2026-07-28 13:09:47.023 | SUCCESS  | monitor:scan:331 - Scan Finished
2026-07-28 13:09:47.024 | INFO     | monitor:start:67 - Sleep 60 Seconds
2026-07-28 13:10:47.025 | INFO     | auth.login:ensure_login:354 - Checking Login...
2026-07-28 13:10:47.025 | SUCCESS  | auth.login:load_saved_token:192 - Saved Token Loaded
2026-07-28 13:10:47.026 | SUCCESS  | auth.login:ensure_login:362 - Using Saved Token
2026-07-28 13:10:47.026 | INFO     | monitor:scan:111 - Scanning Website...
2026-07-28 13:10:47.026 | INFO     | monitor:scan:125 - Loading Page 1
2026-07-28 13:10:47.027 | INFO     | api:get_files:60 - Loading Page 1
2026-07-28 13:10:50.420 | INFO     | api:get_file:84 - Loading File 126d5170-aeda-170b-a26a-5ee18b267f4a
2026-07-28 13:10:50.639 | INFO     | monitor:scan:273 - Reached Old Files
2026-07-28 13:10:50.639 | INFO     | monitor:scan:303 - No New Serial
2026-07-28 13:10:50.640 | INFO     | monitor:scan:325 - Nothing Changed
2026-07-28 13:10:50.641 | SUCCESS  | monitor:scan:331 - Scan Finished
2026-07-28 13:10:50.642 | INFO     | monitor:start:67 - Sleep 60 Seconds
2026-07-28 13:11:50.643 | INFO     | auth.login:ensure_login:354 - Checking Login...
2026-07-28 13:11:50.643 | SUCCESS  | auth.login:load_saved_token:192 - Saved Token Loaded
2026-07-28 13:11:50.644 | SUCCESS  | auth.login:ensure_login:362 - Using Saved Token
2026-07-28 13:11:50.644 | INFO     | monitor:scan:111 - Scanning Website...
2026-07-28 13:11:50.644 | INFO     | monitor:scan:125 - Loading Page 1
2026-07-28 13:11:50.645 | INFO     | api:get_files:60 - Loading Page 1
2026-07-28 13:11:52.146 | INFO     | api:get_file:84 - Loading File 126d5170-aeda-170b-a26a-5ee18b267f4a
2026-07-28 13:11:52.365 | INFO     | monitor:scan:273 - Reached Old Files
2026-07-28 13:11:52.365 | INFO     | monitor:scan:303 - No New Serial
2026-07-28 13:11:52.365 | INFO     | monitor:scan:325 - Nothing Changed
2026-07-28 13:11:52.365 | SUCCESS  | monitor:scan:331 - Scan Finished
2026-07-28 13:11:52.365 | INFO     | monitor:start:67 - Sleep 60 Seconds
2026-07-28 13:12:52.366 | INFO     | auth.login:ensure_login:354 - Checking Login...
2026-07-28 13:12:52.368 | SUCCESS  | auth.login:load_saved_token:192 - Saved Token Loaded
2026-07-28 13:12:52.368 | SUCCESS  | auth.login:ensure_login:362 - Using Saved Token
2026-07-28 13:12:52.369 | INFO     | monitor:scan:111 - Scanning Website...
2026-07-28 13:12:52.370 | INFO     | monitor:scan:125 - Loading Page 1
2026-07-28 13:12:52.371 | INFO     | api:get_files:60 - Loading Page 1
2026-07-28 13:12:55.730 | INFO     | api:get_file:84 - Loading File 126d5170-aeda-170b-a26a-5ee18b267f4a
2026-07-28 13:12:55.962 | INFO     | monitor:scan:273 - Reached Old Files
2026-07-28 13:12:55.963 | INFO     | monitor:scan:303 - No New Serial
2026-07-28 13:12:55.964 | INFO     | monitor:scan:325 - Nothing Changed
2026-07-28 13:12:55.965 | SUCCESS  | monitor:scan:331 - Scan Finished
2026-07-28 13:12:55.967 | INFO     | monitor:start:67 - Sleep 60 Seconds
2026-07-28 13:13:55.968 | INFO     | auth.login:ensure_login:354 - Checking Login...
2026-07-28 13:13:55.970 | SUCCESS  | auth.login:load_saved_token:192 - Saved Token Loaded
2026-07-28 13:13:55.971 | SUCCESS  | auth.login:ensure_login:362 - Using Saved Token
2026-07-28 13:13:55.972 | INFO     | monitor:scan:111 - Scanning Website...
2026-07-28 13:13:55.974 | INFO     | monitor:scan:125 - Loading Page 1
2026-07-28 13:13:55.975 | INFO     | api:get_files:60 - Loading Page 1
2026-07-28 13:13:58.275 | INFO     | api:get_file:84 - Loading File 126d5170-aeda-170b-a26a-5ee18b267f4a
2026-07-28 13:13:58.504 | INFO     | monitor:scan:273 - Reached Old Files
2026-07-28 13:13:58.506 | INFO     | monitor:scan:303 - No New Serial
2026-07-28 13:13:58.507 | INFO     | monitor:scan:325 - Nothing Changed
2026-07-28 13:13:58.508 | SUCCESS  | monitor:scan:331 - Scan Finished
2026-07-28 13:13:58.510 | INFO     | monitor:start:67 - Sleep 60 Seconds
2026-07-28 13:14:58.511 | INFO     | auth.login:ensure_login:354 - Checking Login...
2026-07-28 13:14:58.515 | SUCCESS  | auth.login:load_saved_token:192 - Saved Token Loaded
2026-07-28 13:14:58.516 | SUCCESS  | auth.login:ensure_login:362 - Using Saved Token
2026-07-28 13:14:58.516 | INFO     | monitor:scan:111 - Scanning Website...
2026-07-28 13:14:58.519 | INFO     | monitor:scan:125 - Loading Page 1
2026-07-28 13:14:58.520 | INFO     | api:get_files:60 - Loading Page 1
2026-07-28 13:15:00.056 | INFO     | api:get_file:84 - Loading File 126d5170-aeda-170b-a26a-5ee18b267f4a
2026-07-28 13:15:00.274 | INFO     | monitor:scan:273 - Reached Old Files
2026-07-28 13:15:00.274 | INFO     | monitor:scan:303 - No New Serial
2026-07-28 13:15:00.274 | INFO     | monitor:scan:325 - Nothing Changed
2026-07-28 13:15:00.274 | SUCCESS  | monitor:scan:331 - Scan Finished
2026-07-28 13:15:00.275 | INFO     | monitor:start:67 - Sleep 60 Seconds
2026-07-28 13:16:00.275 | INFO     | auth.login:ensure_login:354 - Checking Login...
2026-07-28 13:16:00.276 | SUCCESS  | auth.login:load_saved_token:192 - Saved Token Loaded
2026-07-28 13:16:00.276 | SUCCESS  | auth.login:ensure_login:362 - Using Saved Token
2026-07-28 13:16:00.276 | INFO     | monitor:scan:111 - Scanning Website...
2026-07-28 13:16:00.277 | INFO     | monitor:scan:125 - Loading Page 1
2026-07-28 13:16:00.277 | INFO     | api:get_files:60 - Loading Page 1
2026-07-28 13:16:02.045 | INFO     | api:get_file:84 - Loading File 126d5170-aeda-170b-a26a-5ee18b267f4a
2026-07-28 13:16:02.272 | INFO     | monitor:scan:273 - Reached Old Files
2026-07-28 13:16:02.273 | INFO     | monitor:scan:303 - No New Serial
2026-07-28 13:16:02.274 | INFO     | monitor:scan:325 - Nothing Changed
2026-07-28 13:16:02.275 | SUCCESS  | monitor:scan:331 - Scan Finished
2026-07-28 13:16:02.277 | INFO     | monitor:start:67 - Sleep 60 Seconds
2026-07-28 13:17:02.277 | INFO     | auth.login:ensure_login:354 - Checking Login...
2026-07-28 13:17:02.280 | SUCCESS  | auth.login:load_saved_token:192 - Saved Token Loaded
2026-07-28 13:17:02.280 | SUCCESS  | auth.login:ensure_login:362 - Using Saved Token
2026-07-28 13:17:02.281 | INFO     | monitor:scan:111 - Scanning Website...
2026-07-28 13:17:02.282 | INFO     | monitor:scan:125 - Loading Page 1
2026-07-28 13:17:02.282 | INFO     | api:get_files:60 - Loading Page 1
2026-07-28 13:17:04.173 | INFO     | api:get_file:84 - Loading File 126d5170-aeda-170b-a26a-5ee18b267f4a
2026-07-28 13:17:04.406 | INFO     | monitor:scan:273 - Reached Old Files
2026-07-28 13:17:04.407 | INFO     | monitor:scan:303 - No New Serial
2026-07-28 13:17:04.409 | INFO     | monitor:scan:325 - Nothing Changed
2026-07-28 13:17:04.411 | SUCCESS  | monitor:scan:331 - Scan Finished
2026-07-28 13:17:04.412 | INFO     | monitor:start:67 - Sleep 60 Seconds
2026-07-28 13:18:04.413 | INFO     | auth.login:ensure_login:354 - Checking Login...
2026-07-28 13:18:04.415 | SUCCESS  | auth.login:load_saved_token:192 - Saved Token Loaded
2026-07-28 13:18:04.418 | SUCCESS  | auth.login:ensure_login:362 - Using Saved Token
2026-07-28 13:18:04.418 | INFO     | monitor:scan:111 - Scanning Website...
2026-07-28 13:18:04.421 | INFO     | monitor:scan:125 - Loading Page 1
2026-07-28 13:18:04.421 | INFO     | api:get_files:60 - Loading Page 1
2026-07-28 13:18:05.924 | INFO     | api:get_file:84 - Loading File 126d5170-aeda-170b-a26a-5ee18b267f4a
2026-07-28 13:18:06.145 | INFO     | monitor:scan:273 - Reached Old Files
2026-07-28 13:18:06.146 | INFO     | monitor:scan:303 - No New Serial
2026-07-28 13:18:06.146 | INFO     | monitor:scan:325 - Nothing Changed
2026-07-28 13:18:06.146 | SUCCESS  | monitor:scan:331 - Scan Finished
2026-07-28 13:18:06.147 | INFO     | monitor:start:67 - Sleep 60 Seconds
2026-07-28 13:19:06.149 | INFO     | auth.login:ensure_login:354 - Checking Login...
2026-07-28 13:19:06.153 | SUCCESS  | auth.login:load_saved_token:192 - Saved Token Loaded
2026-07-28 13:19:06.153 | SUCCESS  | auth.login:ensure_login:362 - Using Saved Token
2026-07-28 13:19:06.155 | INFO     | monitor:scan:111 - Scanning Website...
2026-07-28 13:19:06.157 | INFO     | monitor:scan:125 - Loading Page 1
2026-07-28 13:19:06.157 | INFO     | api:get_files:60 - Loading Page 1
2026-07-28 13:19:06.562 | WARNING  | auth.login:get:411 - Access Token Expired
2026-07-28 13:19:06.562 | INFO     | auth.login:login:262 - Logging in...
2026-07-28 13:19:07.026 | SUCCESS  | auth.login:save_token:242 - Token Saved
2026-07-28 13:19:07.027 | SUCCESS  | auth.login:login:340 - Login Successful
2026-07-28 13:19:09.816 | INFO     | api:get_file:84 - Loading File 126d5170-aeda-170b-a26a-5ee18b267f4a
2026-07-28 13:19:10.031 | INFO     | monitor:scan:273 - Reached Old Files
2026-07-28 13:19:10.032 | INFO     | monitor:scan:303 - No New Serial
2026-07-28 13:19:10.032 | INFO     | monitor:scan:325 - Nothing Changed
2026-07-28 13:19:10.032 | SUCCESS  | monitor:scan:331 - Scan Finished
2026-07-28 13:19:10.034 | INFO     | monitor:start:67 - Sleep 60 Seconds
2026-07-28 13:20:10.035 | INFO     | auth.login:ensure_login:354 - Checking Login...
2026-07-28 13:20:10.060 | SUCCESS  | auth.login:load_saved_token:192 - Saved Token Loaded
2026-07-28 13:20:10.060 | SUCCESS  | auth.login:ensure_login:362 - Using Saved Token
2026-07-28 13:20:10.060 | INFO     | monitor:scan:111 - Scanning Website...
2026-07-28 13:20:10.061 | INFO     | monitor:scan:125 - Loading Page 1
2026-07-28 13:20:10.061 | INFO     | api:get_files:60 - Loading Page 1
2026-07-28 13:20:11.510 | INFO     | api:get_file:84 - Loading File 126d5170-aeda-170b-a26a-5ee18b267f4a
2026-07-28 13:20:11.728 | INFO     | monitor:scan:273 - Reached Old Files
2026-07-28 13:20:11.728 | INFO     | monitor:scan:303 - No New Serial
2026-07-28 13:20:11.729 | INFO     | monitor:scan:325 - Nothing Changed
2026-07-28 13:20:11.729 | SUCCESS  | monitor:scan:331 - Scan Finished
2026-07-28 13:20:11.729 | INFO     | monitor:start:67 - Sleep 60 Seconds
2026-07-28 13:21:11.730 | INFO     | auth.login:ensure_login:354 - Checking Login...
2026-07-28 13:21:11.730 | SUCCESS  | auth.login:load_saved_token:192 - Saved Token Loaded
2026-07-28 13:21:11.730 | SUCCESS  | auth.login:ensure_login:362 - Using Saved Token
2026-07-28 13:21:11.731 | INFO     | monitor:scan:111 - Scanning Website...
2026-07-28 13:21:11.731 | INFO     | monitor:scan:125 - Loading Page 1
2026-07-28 13:21:11.731 | INFO     | api:get_files:60 - Loading Page 1
2026-07-28 13:21:13.215 | INFO     | api:get_file:84 - Loading File 126d5170-aeda-170b-a26a-5ee18b267f4a
2026-07-28 13:21:13.436 | INFO     | monitor:scan:273 - Reached Old Files
2026-07-28 13:21:13.436 | INFO     | monitor:scan:303 - No New Serial
2026-07-28 13:21:13.436 | INFO     | monitor:scan:325 - Nothing Changed
2026-07-28 13:21:13.436 | SUCCESS  | monitor:scan:331 - Scan Finished
2026-07-28 13:21:13.437 | INFO     | monitor:start:67 - Sleep 60 Seconds
2026-07-28 13:22:13.438 | INFO     | auth.login:ensure_login:354 - Checking Login...
2026-07-28 13:22:13.441 | SUCCESS  | auth.login:load_saved_token:192 - Saved Token Loaded
2026-07-28 13:22:13.443 | SUCCESS  | auth.login:ensure_login:362 - Using Saved Token
2026-07-28 13:22:13.444 | INFO     | monitor:scan:111 - Scanning Website...
2026-07-28 13:22:13.446 | INFO     | monitor:scan:125 - Loading Page 1
2026-07-28 13:22:13.446 | INFO     | api:get_files:60 - Loading Page 1
2026-07-28 13:22:15.250 | INFO     | api:get_file:84 - Loading File 126d5170-aeda-170b-a26a-5ee18b267f4a
2026-07-28 13:22:15.481 | INFO     | monitor:scan:273 - Reached Old Files
2026-07-28 13:22:15.481 | INFO     | monitor:scan:303 - No New Serial
2026-07-28 13:22:15.481 | INFO     | monitor:scan:325 - Nothing Changed
2026-07-28 13:22:15.481 | SUCCESS  | monitor:scan:331 - Scan Finished
2026-07-28 13:22:15.481 | INFO     | monitor:start:67 - Sleep 60 Seconds
2026-07-28 13:23:15.482 | INFO     | auth.login:ensure_login:354 - Checking Login...
2026-07-28 13:23:15.484 | SUCCESS  | auth.login:load_saved_token:192 - Saved Token Loaded
2026-07-28 13:23:15.484 | SUCCESS  | auth.login:ensure_login:362 - Using Saved Token
2026-07-28 13:23:15.487 | INFO     | monitor:scan:111 - Scanning Website...
2026-07-28 13:23:15.488 | INFO     | monitor:scan:125 - Loading Page 1
2026-07-28 13:23:15.489 | INFO     | api:get_files:60 - Loading Page 1
2026-07-28 13:23:18.906 | INFO     | api:get_file:84 - Loading File 126d5170-aeda-170b-a26a-5ee18b267f4a
2026-07-28 13:23:19.138 | INFO     | monitor:scan:273 - Reached Old Files
2026-07-28 13:23:19.139 | INFO     | monitor:scan:303 - No New Serial
2026-07-28 13:23:19.139 | INFO     | monitor:scan:325 - Nothing Changed
2026-07-28 13:23:19.140 | SUCCESS  | monitor:scan:331 - Scan Finished
2026-07-28 13:23:19.141 | INFO     | monitor:start:67 - Sleep 60 Seconds
2026-07-28 13:24:19.144 | INFO     | auth.login:ensure_login:354 - Checking Login...
2026-07-28 13:24:19.145 | SUCCESS  | auth.login:load_saved_token:192 - Saved Token Loaded
2026-07-28 13:24:19.146 | SUCCESS  | auth.login:ensure_login:362 - Using Saved Token
2026-07-28 13:24:19.148 | INFO     | monitor:scan:111 - Scanning Website...
2026-07-28 13:24:19.149 | INFO     | monitor:scan:125 - Loading Page 1
2026-07-28 13:24:19.150 | INFO     | api:get_files:60 - Loading Page 1
2026-07-28 13:24:21.210 | INFO     | api:get_file:84 - Loading File 126d5170-aeda-170b-a26a-5ee18b267f4a
2026-07-28 13:24:21.437 | INFO     | monitor:scan:273 - Reached Old Files
2026-07-28 13:24:21.437 | INFO     | monitor:scan:303 - No New Serial
2026-07-28 13:24:21.438 | INFO     | monitor:scan:325 - Nothing Changed
2026-07-28 13:24:21.439 | SUCCESS  | monitor:scan:331 - Scan Finished
2026-07-28 13:24:21.439 | INFO     | monitor:start:67 - Sleep 60 Seconds
2026-07-28 13:25:21.440 | INFO     | auth.login:ensure_login:354 - Checking Login...
2026-07-28 13:25:21.442 | SUCCESS  | auth.login:load_saved_token:192 - Saved Token Loaded
2026-07-28 13:25:21.442 | SUCCESS  | auth.login:ensure_login:362 - Using Saved Token
2026-07-28 13:25:21.443 | INFO     | monitor:scan:111 - Scanning Website...
2026-07-28 13:25:21.447 | INFO     | monitor:scan:125 - Loading Page 1
2026-07-28 13:25:21.447 | INFO     | api:get_files:60 - Loading Page 1
2026-07-28 13:25:22.943 | INFO     | api:get_file:84 - Loading File 126d5170-aeda-170b-a26a-5ee18b267f4a
2026-07-28 13:25:23.167 | INFO     | monitor:scan:273 - Reached Old Files
2026-07-28 13:25:23.167 | INFO     | monitor:scan:303 - No New Serial
2026-07-28 13:25:23.168 | INFO     | monitor:scan:325 - Nothing Changed
2026-07-28 13:25:23.168 | SUCCESS  | monitor:scan:331 - Scan Finished
2026-07-28 13:25:23.169 | INFO     | monitor:start:67 - Sleep 60 Seconds
2026-07-28 13:26:23.170 | INFO     | auth.login:ensure_login:354 - Checking Login...
2026-07-28 13:26:23.172 | SUCCESS  | auth.login:load_saved_token:192 - Saved Token Loaded
2026-07-28 13:26:23.173 | SUCCESS  | auth.login:ensure_login:362 - Using Saved Token
2026-07-28 13:26:23.173 | INFO     | monitor:scan:111 - Scanning Website...
2026-07-28 13:26:23.175 | INFO     | monitor:scan:125 - Loading Page 1
2026-07-28 13:26:23.175 | INFO     | api:get_files:60 - Loading Page 1
2026-07-28 13:26:24.696 | INFO     | api:get_file:84 - Loading File 126d5170-aeda-170b-a26a-5ee18b267f4a
2026-07-28 13:26:25.161 | INFO     | monitor:scan:273 - Reached Old Files
2026-07-28 13:26:25.161 | INFO     | monitor:scan:303 - No New Serial
2026-07-28 13:26:25.162 | INFO     | monitor:scan:325 - Nothing Changed
2026-07-28 13:26:25.162 | SUCCESS  | monitor:scan:331 - Scan Finished
2026-07-28 13:26:25.162 | INFO     | monitor:start:67 - Sleep 60 Seconds
2026-07-28 13:27:25.163 | INFO     | auth.login:ensure_login:354 - Checking Login...
2026-07-28 13:27:25.164 | SUCCESS  | auth.login:load_saved_token:192 - Saved Token Loaded
2026-07-28 13:27:25.165 | SUCCESS  | auth.login:ensure_login:362 - Using Saved Token
2026-07-28 13:27:25.165 | INFO     | monitor:scan:111 - Scanning Website...
2026-07-28 13:27:25.166 | INFO     | monitor:scan:125 - Loading Page 1
2026-07-28 13:27:25.166 | INFO     | api:get_files:60 - Loading Page 1
2026-07-28 13:27:28.505 | INFO     | api:get_file:84 - Loading File 126d5170-aeda-170b-a26a-5ee18b267f4a
2026-07-28 13:27:28.732 | INFO     | monitor:scan:273 - Reached Old Files
2026-07-28 13:27:28.732 | INFO     | monitor:scan:303 - No New Serial
2026-07-28 13:27:28.732 | INFO     | monitor:scan:325 - Nothing Changed
2026-07-28 13:27:28.732 | SUCCESS  | monitor:scan:331 - Scan Finished
2026-07-28 13:27:28.732 | INFO     | monitor:start:67 - Sleep 60 Seconds
2026-07-28 13:28:28.733 | INFO     | auth.login:ensure_login:354 - Checking Login...
2026-07-28 13:28:28.736 | SUCCESS  | auth.login:load_saved_token:192 - Saved Token Loaded
2026-07-28 13:28:28.736 | SUCCESS  | auth.login:ensure_login:362 - Using Saved Token
2026-07-28 13:28:28.736 | INFO     | monitor:scan:111 - Scanning Website...
2026-07-28 13:28:28.737 | INFO     | monitor:scan:125 - Loading Page 1
2026-07-28 13:28:28.738 | INFO     | api:get_files:60 - Loading Page 1
2026-07-28 13:28:32.344 | INFO     | api:get_file:84 - Loading File 126d5170-aeda-170b-a26a-5ee18b267f4a
2026-07-28 13:28:32.573 | INFO     | monitor:scan:273 - Reached Old Files
2026-07-28 13:28:32.574 | INFO     | monitor:scan:303 - No New Serial
2026-07-28 13:28:32.574 | INFO     | monitor:scan:325 - Nothing Changed
2026-07-28 13:28:32.575 | SUCCESS  | monitor:scan:331 - Scan Finished
2026-07-28 13:28:32.575 | INFO     | monitor:start:67 - Sleep 60 Seconds
2026-07-28 13:29:32.576 | INFO     | auth.login:ensure_login:354 - Checking Login...
2026-07-28 13:29:32.577 | SUCCESS  | auth.login:load_saved_token:192 - Saved Token Loaded
2026-07-28 13:29:32.577 | SUCCESS  | auth.login:ensure_login:362 - Using Saved Token
2026-07-28 13:29:32.578 | INFO     | monitor:scan:111 - Scanning Website...
2026-07-28 13:29:32.579 | INFO     | monitor:scan:125 - Loading Page 1
2026-07-28 13:29:32.579 | INFO     | api:get_files:60 - Loading Page 1
2026-07-28 13:29:33.039 | WARNING  | auth.login:get:411 - Access Token Expired
2026-07-28 13:29:33.039 | INFO     | auth.login:login:262 - Logging in...
2026-07-28 13:29:33.528 | SUCCESS  | auth.login:save_token:242 - Token Saved
2026-07-28 13:29:33.529 | SUCCESS  | auth.login:login:340 - Login Successful
2026-07-28 13:29:35.646 | INFO     | api:get_file:84 - Loading File 126d5170-aeda-170b-a26a-5ee18b267f4a
2026-07-28 13:29:35.872 | INFO     | monitor:scan:273 - Reached Old Files
2026-07-28 13:29:35.872 | INFO     | monitor:scan:303 - No New Serial
2026-07-28 13:29:35.872 | INFO     | monitor:scan:325 - Nothing Changed
2026-07-28 13:29:35.872 | SUCCESS  | monitor:scan:331 - Scan Finished
2026-07-28 13:29:35.873 | INFO     | monitor:start:67 - Sleep 60 Seconds
2026-07-28 13:30:35.873 | INFO     | auth.login:ensure_login:354 - Checking Login...
2026-07-28 13:30:35.881 | SUCCESS  | auth.login:load_saved_token:192 - Saved Token Loaded
2026-07-28 13:30:35.881 | SUCCESS  | auth.login:ensure_login:362 - Using Saved Token
2026-07-28 13:30:35.882 | INFO     | monitor:scan:111 - Scanning Website...
2026-07-28 13:30:35.882 | INFO     | monitor:scan:125 - Loading Page 1
2026-07-28 13:30:35.882 | INFO     | api:get_files:60 - Loading Page 1
2026-07-28 13:30:37.823 | INFO     | api:get_file:84 - Loading File 126d5170-aeda-170b-a26a-5ee18b267f4a
2026-07-28 13:30:38.049 | INFO     | monitor:scan:273 - Reached Old Files
2026-07-28 13:30:38.050 | INFO     | monitor:scan:303 - No New Serial
2026-07-28 13:30:38.050 | INFO     | monitor:scan:325 - Nothing Changed
2026-07-28 13:30:38.050 | SUCCESS  | monitor:scan:331 - Scan Finished
2026-07-28 13:30:38.051 | INFO     | monitor:start:67 - Sleep 60 Seconds
2026-07-28 13:31:38.053 | INFO     | auth.login:ensure_login:354 - Checking Login...
2026-07-28 13:31:38.054 | SUCCESS  | auth.login:load_saved_token:192 - Saved Token Loaded
2026-07-28 13:31:38.054 | SUCCESS  | auth.login:ensure_login:362 - Using Saved Token
2026-07-28 13:31:38.054 | INFO     | monitor:scan:111 - Scanning Website...
2026-07-28 13:31:38.055 | INFO     | monitor:scan:125 - Loading Page 1
2026-07-28 13:31:38.055 | INFO     | api:get_files:60 - Loading Page 1
2026-07-28 13:31:41.586 | INFO     | api:get_file:84 - Loading File 126d5170-aeda-170b-a26a-5ee18b267f4a
2026-07-28 13:31:41.821 | INFO     | monitor:scan:273 - Reached Old Files
2026-07-28 13:31:41.821 | INFO     | monitor:scan:303 - No New Serial
2026-07-28 13:31:41.822 | INFO     | monitor:scan:325 - Nothing Changed
2026-07-28 13:31:41.822 | SUCCESS  | monitor:scan:331 - Scan Finished
2026-07-28 13:31:41.823 | INFO     | monitor:start:67 - Sleep 60 Seconds
2026-07-28 13:32:41.824 | INFO     | auth.login:ensure_login:354 - Checking Login...
2026-07-28 13:32:41.825 | SUCCESS  | auth.login:load_saved_token:192 - Saved Token Loaded
2026-07-28 13:32:41.825 | SUCCESS  | auth.login:ensure_login:362 - Using Saved Token
2026-07-28 13:32:41.825 | INFO     | monitor:scan:111 - Scanning Website...
2026-07-28 13:32:41.826 | INFO     | monitor:scan:125 - Loading Page 1
2026-07-28 13:32:41.826 | INFO     | api:get_files:60 - Loading Page 1
2026-07-28 13:32:43.289 | INFO     | api:get_file:84 - Loading File 126d5170-aeda-170b-a26a-5ee18b267f4a
2026-07-28 13:32:43.509 | INFO     | monitor:scan:273 - Reached Old Files
2026-07-28 13:32:43.510 | INFO     | monitor:scan:303 - No New Serial
2026-07-28 13:32:43.511 | INFO     | monitor:scan:325 - Nothing Changed
2026-07-28 13:32:43.512 | SUCCESS  | monitor:scan:331 - Scan Finished
2026-07-28 13:32:43.512 | INFO     | monitor:start:67 - Sleep 60 Seconds
2026-07-28 13:33:43.513 | INFO     | auth.login:ensure_login:354 - Checking Login...
2026-07-28 13:33:43.513 | SUCCESS  | auth.login:load_saved_token:192 - Saved Token Loaded
2026-07-28 13:33:43.514 | SUCCESS  | auth.login:ensure_login:362 - Using Saved Token
2026-07-28 13:33:43.514 | INFO     | monitor:scan:111 - Scanning Website...
2026-07-28 13:33:43.514 | INFO     | monitor:scan:125 - Loading Page 1
2026-07-28 13:33:43.514 | INFO     | api:get_files:60 - Loading Page 1
2026-07-28 13:33:47.070 | INFO     | api:get_file:84 - Loading File 126d5170-aeda-170b-a26a-5ee18b267f4a
2026-07-28 13:33:47.293 | INFO     | monitor:scan:273 - Reached Old Files
2026-07-28 13:33:47.294 | INFO     | monitor:scan:303 - No New Serial
2026-07-28 13:33:47.295 | INFO     | monitor:scan:325 - Nothing Changed
2026-07-28 13:33:47.296 | SUCCESS  | monitor:scan:331 - Scan Finished
2026-07-28 13:33:47.297 | INFO     | monitor:start:67 - Sleep 60 Seconds
2026-07-28 13:34:47.297 | INFO     | auth.login:ensure_login:354 - Checking Login...
2026-07-28 13:34:47.298 | SUCCESS  | auth.login:load_saved_token:192 - Saved Token Loaded
2026-07-28 13:34:47.298 | SUCCESS  | auth.login:ensure_login:362 - Using Saved Token
2026-07-28 13:34:47.298 | INFO     | monitor:scan:111 - Scanning Website...
2026-07-28 13:34:47.299 | INFO     | monitor:scan:125 - Loading Page 1
2026-07-28 13:34:47.299 | INFO     | api:get_files:60 - Loading Page 1
2026-07-28 13:34:49.010 | INFO     | api:get_file:84 - Loading File 126d5170-aeda-170b-a26a-5ee18b267f4a
2026-07-28 13:34:49.240 | INFO     | monitor:scan:273 - Reached Old Files
2026-07-28 13:34:49.241 | INFO     | monitor:scan:303 - No New Serial
2026-07-28 13:34:49.241 | INFO     | monitor:scan:325 - Nothing Changed
2026-07-28 13:34:49.242 | SUCCESS  | monitor:scan:331 - Scan Finished
2026-07-28 13:34:49.243 | INFO     | monitor:start:67 - Sleep 60 Seconds
2026-07-28 13:35:49.245 | INFO     | auth.login:ensure_login:354 - Checking Login...
2026-07-28 13:35:49.247 | SUCCESS  | auth.login:load_saved_token:192 - Saved Token Loaded
2026-07-28 13:35:49.248 | SUCCESS  | auth.login:ensure_login:362 - Using Saved Token
2026-07-28 13:35:49.248 | INFO     | monitor:scan:111 - Scanning Website...
2026-07-28 13:35:49.250 | INFO     | monitor:scan:125 - Loading Page 1
2026-07-28 13:35:49.251 | INFO     | api:get_files:60 - Loading Page 1
2026-07-28 13:35:52.842 | INFO     | api:get_file:84 - Loading File 126d5170-aeda-170b-a26a-5ee18b267f4a
2026-07-28 13:35:53.072 | INFO     | monitor:scan:273 - Reached Old Files
2026-07-28 13:35:53.074 | INFO     | monitor:scan:303 - No New Serial
2026-07-28 13:35:53.075 | INFO     | monitor:scan:325 - Nothing Changed
2026-07-28 13:35:53.075 | SUCCESS  | monitor:scan:331 - Scan Finished
2026-07-28 13:35:53.077 | INFO     | monitor:start:67 - Sleep 60 Seconds
2026-07-28 13:36:53.079 | INFO     | auth.login:ensure_login:354 - Checking Login...
2026-07-28 13:36:53.082 | SUCCESS  | auth.login:load_saved_token:192 - Saved Token Loaded
2026-07-28 13:36:53.082 | SUCCESS  | auth.login:ensure_login:362 - Using Saved Token
2026-07-28 13:36:53.083 | INFO     | monitor:scan:111 - Scanning Website...
2026-07-28 13:36:53.085 | INFO     | monitor:scan:125 - Loading Page 1
2026-07-28 13:36:53.085 | INFO     | api:get_files:60 - Loading Page 1
2026-07-28 13:36:54.539 | INFO     | api:get_file:84 - Loading File 126d5170-aeda-170b-a26a-5ee18b267f4a
2026-07-28 13:36:54.757 | INFO     | monitor:scan:273 - Reached Old Files
2026-07-28 13:36:54.758 | INFO     | monitor:scan:303 - No New Serial
2026-07-28 13:36:54.758 | INFO     | monitor:scan:325 - Nothing Changed
2026-07-28 13:36:54.758 | SUCCESS  | monitor:scan:331 - Scan Finished
2026-07-28 13:36:54.758 | INFO     | monitor:start:67 - Sleep 60 Seconds
2026-07-28 13:37:54.759 | INFO     | auth.login:ensure_login:354 - Checking Login...
2026-07-28 13:37:54.761 | SUCCESS  | auth.login:load_saved_token:192 - Saved Token Loaded
2026-07-28 13:37:54.762 | SUCCESS  | auth.login:ensure_login:362 - Using Saved Token
2026-07-28 13:37:54.763 | INFO     | monitor:scan:111 - Scanning Website...
2026-07-28 13:37:54.765 | INFO     | monitor:scan:125 - Loading Page 1
2026-07-28 13:37:54.766 | INFO     | api:get_files:60 - Loading Page 1
2026-07-28 13:37:58.208 | INFO     | api:get_file:84 - Loading File 126d5170-aeda-170b-a26a-5ee18b267f4a
2026-07-28 13:37:58.433 | INFO     | monitor:scan:273 - Reached Old Files
2026-07-28 13:37:58.434 | INFO     | monitor:scan:303 - No New Serial
2026-07-28 13:37:58.434 | INFO     | monitor:scan:325 - Nothing Changed
2026-07-28 13:37:58.434 | SUCCESS  | monitor:scan:331 - Scan Finished
2026-07-28 13:37:58.435 | INFO     | monitor:start:67 - Sleep 60 Seconds
2026-07-28 13:38:58.437 | INFO     | auth.login:ensure_login:354 - Checking Login...
2026-07-28 13:38:58.439 | SUCCESS  | auth.login:load_saved_token:192 - Saved Token Loaded
2026-07-28 13:38:58.440 | SUCCESS  | auth.login:ensure_login:362 - Using Saved Token
2026-07-28 13:38:58.442 | INFO     | monitor:scan:111 - Scanning Website...
2026-07-28 13:38:58.444 | INFO     | monitor:scan:125 - Loading Page 1
2026-07-28 13:38:58.445 | INFO     | api:get_files:60 - Loading Page 1
2026-07-28 13:38:59.959 | INFO     | api:get_file:84 - Loading File 126d5170-aeda-170b-a26a-5ee18b267f4a
2026-07-28 13:39:00.174 | INFO     | monitor:scan:273 - Reached Old Files
2026-07-28 13:39:00.174 | INFO     | monitor:scan:303 - No New Serial
2026-07-28 13:39:00.174 | INFO     | monitor:scan:325 - Nothing Changed
2026-07-28 13:39:00.174 | SUCCESS  | monitor:scan:331 - Scan Finished
2026-07-28 13:39:00.175 | INFO     | monitor:start:67 - Sleep 60 Seconds
2026-07-28 13:40:00.175 | INFO     | auth.login:ensure_login:354 - Checking Login...
2026-07-28 13:40:00.176 | SUCCESS  | auth.login:load_saved_token:192 - Saved Token Loaded
2026-07-28 13:40:00.176 | SUCCESS  | auth.login:ensure_login:362 - Using Saved Token
2026-07-28 13:40:00.176 | INFO     | monitor:scan:111 - Scanning Website...
2026-07-28 13:40:00.177 | INFO     | monitor:scan:125 - Loading Page 1
2026-07-28 13:40:00.177 | INFO     | api:get_files:60 - Loading Page 1
2026-07-28 13:40:00.603 | WARNING  | auth.login:get:411 - Access Token Expired
2026-07-28 13:40:00.603 | INFO     | auth.login:login:262 - Logging in...
2026-07-28 13:40:01.062 | SUCCESS  | auth.login:save_token:242 - Token Saved
2026-07-28 13:40:01.063 | SUCCESS  | auth.login:login:340 - Login Successful
2026-07-28 13:40:03.162 | INFO     | api:get_file:84 - Loading File 126d5170-aeda-170b-a26a-5ee18b267f4a
2026-07-28 13:40:03.385 | INFO     | monitor:scan:273 - Reached Old Files
2026-07-28 13:40:03.385 | INFO     | monitor:scan:303 - No New Serial
2026-07-28 13:40:03.385 | INFO     | monitor:scan:325 - Nothing Changed
2026-07-28 13:40:03.386 | SUCCESS  | monitor:scan:331 - Scan Finished
2026-07-28 13:40:03.387 | INFO     | monitor:start:67 - Sleep 60 Seconds
2026-07-28 13:41:03.390 | INFO     | auth.login:ensure_login:354 - Checking Login...
2026-07-28 13:41:03.408 | SUCCESS  | auth.login:load_saved_token:192 - Saved Token Loaded
2026-07-28 13:41:03.408 | SUCCESS  | auth.login:ensure_login:362 - Using Saved Token
2026-07-28 13:41:03.408 | INFO     | monitor:scan:111 - Scanning Website...
2026-07-28 13:41:03.409 | INFO     | monitor:scan:125 - Loading Page 1
2026-07-28 13:41:03.409 | INFO     | api:get_files:60 - Loading Page 1
2026-07-28 13:41:04.940 | INFO     | api:get_file:84 - Loading File 126d5170-aeda-170b-a26a-5ee18b267f4a
2026-07-28 13:41:05.169 | INFO     | monitor:scan:273 - Reached Old Files
2026-07-28 13:41:05.169 | INFO     | monitor:scan:303 - No New Serial
2026-07-28 13:41:05.170 | INFO     | monitor:scan:325 - Nothing Changed
2026-07-28 13:41:05.170 | SUCCESS  | monitor:scan:331 - Scan Finished
2026-07-28 13:41:05.170 | INFO     | monitor:start:67 - Sleep 60 Seconds
2026-07-28 13:42:05.170 | INFO     | auth.login:ensure_login:354 - Checking Login...
2026-07-28 13:42:05.171 | SUCCESS  | auth.login:load_saved_token:192 - Saved Token Loaded
2026-07-28 13:42:05.172 | SUCCESS  | auth.login:ensure_login:362 - Using Saved Token
2026-07-28 13:42:05.172 | INFO     | monitor:scan:111 - Scanning Website...
2026-07-28 13:42:05.173 | INFO     | monitor:scan:125 - Loading Page 1
2026-07-28 13:42:05.176 | INFO     | api:get_files:60 - Loading Page 1
2026-07-28 13:42:06.634 | INFO     | api:get_file:84 - Loading File 126d5170-aeda-170b-a26a-5ee18b267f4a
2026-07-28 13:42:06.852 | INFO     | monitor:scan:273 - Reached Old Files
2026-07-28 13:42:06.853 | INFO     | monitor:scan:303 - No New Serial
2026-07-28 13:42:06.853 | INFO     | monitor:scan:325 - Nothing Changed
2026-07-28 13:42:06.854 | SUCCESS  | monitor:scan:331 - Scan Finished
2026-07-28 13:42:06.855 | INFO     | monitor:start:67 - Sleep 60 Seconds
2026-07-28 13:43:06.856 | INFO     | auth.login:ensure_login:354 - Checking Login...
2026-07-28 13:43:06.858 | SUCCESS  | auth.login:load_saved_token:192 - Saved Token Loaded
2026-07-28 13:43:06.859 | SUCCESS  | auth.login:ensure_login:362 - Using Saved Token
2026-07-28 13:43:06.859 | INFO     | monitor:scan:111 - Scanning Website...
2026-07-28 13:43:06.860 | INFO     | monitor:scan:125 - Loading Page 1
2026-07-28 13:43:06.861 | INFO     | api:get_files:60 - Loading Page 1
2026-07-28 13:43:08.575 | INFO     | api:get_file:84 - Loading File 126d5170-aeda-170b-a26a-5ee18b267f4a
2026-07-28 13:43:09.283 | INFO     | monitor:scan:273 - Reached Old Files
2026-07-28 13:43:09.285 | INFO     | monitor:scan:303 - No New Serial
2026-07-28 13:43:09.286 | INFO     | monitor:scan:325 - Nothing Changed
2026-07-28 13:43:09.288 | SUCCESS  | monitor:scan:331 - Scan Finished
2026-07-28 13:43:09.289 | INFO     | monitor:start:67 - Sleep 60 Seconds
2026-07-28 13:44:09.290 | INFO     | auth.login:ensure_login:354 - Checking Login...
2026-07-28 13:44:09.291 | SUCCESS  | auth.login:load_saved_token:192 - Saved Token Loaded
2026-07-28 13:44:09.292 | SUCCESS  | auth.login:ensure_login:362 - Using Saved Token
2026-07-28 13:44:09.292 | INFO     | monitor:scan:111 - Scanning Website...
2026-07-28 13:44:09.293 | INFO     | monitor:scan:125 - Loading Page 1
2026-07-28 13:44:09.293 | INFO     | api:get_files:60 - Loading Page 1
2026-07-28 13:44:12.347 | INFO     | api:get_file:84 - Loading File 126d5170-aeda-170b-a26a-5ee18b267f4a
2026-07-28 13:44:12.566 | INFO     | monitor:scan:273 - Reached Old Files
2026-07-28 13:44:12.566 | INFO     | monitor:scan:303 - No New Serial
2026-07-28 13:44:12.567 | INFO     | monitor:scan:325 - Nothing Changed
2026-07-28 13:44:12.567 | SUCCESS  | monitor:scan:331 - Scan Finished
2026-07-28 13:44:12.569 | INFO     | monitor:start:67 - Sleep 60 Seconds
2026-07-28 13:45:12.570 | INFO     | auth.login:ensure_login:354 - Checking Login...
2026-07-28 13:45:12.573 | SUCCESS  | auth.login:load_saved_token:192 - Saved Token Loaded
2026-07-28 13:45:12.574 | SUCCESS  | auth.login:ensure_login:362 - Using Saved Token
2026-07-28 13:45:12.575 | INFO     | monitor:scan:111 - Scanning Website...
2026-07-28 13:45:12.576 | INFO     | monitor:scan:125 - Loading Page 1
2026-07-28 13:45:12.577 | INFO     | api:get_files:60 - Loading Page 1
2026-07-28 13:45:16.271 | INFO     | api:get_file:84 - Loading File 126d5170-aeda-170b-a26a-5ee18b267f4a
2026-07-28 13:45:16.503 | INFO     | monitor:scan:273 - Reached Old Files
2026-07-28 13:45:16.503 | INFO     | monitor:scan:303 - No New Serial
2026-07-28 13:45:16.503 | INFO     | monitor:scan:325 - Nothing Changed
2026-07-28 13:45:16.503 | SUCCESS  | monitor:scan:331 - Scan Finished
2026-07-28 13:45:16.504 | INFO     | monitor:start:67 - Sleep 60 Seconds
2026-07-28 13:46:16.505 | INFO     | auth.login:ensure_login:354 - Checking Login...
2026-07-28 13:46:16.507 | SUCCESS  | auth.login:load_saved_token:192 - Saved Token Loaded
2026-07-28 13:46:16.507 | SUCCESS  | auth.login:ensure_login:362 - Using Saved Token
2026-07-28 13:46:16.508 | INFO     | monitor:scan:111 - Scanning Website...
2026-07-28 13:46:16.510 | INFO     | monitor:scan:125 - Loading Page 1
2026-07-28 13:46:16.511 | INFO     | api:get_files:60 - Loading Page 1
2026-07-28 13:46:19.301 | INFO     | api:get_file:84 - Loading File 126d5170-aeda-170b-a26a-5ee18b267f4a
2026-07-28 13:46:19.522 | INFO     | monitor:scan:273 - Reached Old Files
2026-07-28 13:46:19.522 | INFO     | monitor:scan:303 - No New Serial
2026-07-28 13:46:19.522 | INFO     | monitor:scan:325 - Nothing Changed
2026-07-28 13:46:19.522 | SUCCESS  | monitor:scan:331 - Scan Finished
2026-07-28 13:46:19.523 | INFO     | monitor:start:67 - Sleep 60 Seconds
2026-07-28 13:47:19.523 | INFO     | auth.login:ensure_login:354 - Checking Login...
2026-07-28 13:47:19.527 | SUCCESS  | auth.login:load_saved_token:192 - Saved Token Loaded
2026-07-28 13:47:19.528 | SUCCESS  | auth.login:ensure_login:362 - Using Saved Token
2026-07-28 13:47:19.529 | INFO     | monitor:scan:111 - Scanning Website...
2026-07-28 13:47:19.531 | INFO     | monitor:scan:125 - Loading Page 1
2026-07-28 13:47:19.531 | INFO     | api:get_files:60 - Loading Page 1
2026-07-28 13:47:23.059 | INFO     | api:get_file:84 - Loading File 126d5170-aeda-170b-a26a-5ee18b267f4a
2026-07-28 13:47:23.280 | INFO     | monitor:scan:273 - Reached Old Files
2026-07-28 13:47:23.281 | INFO     | monitor:scan:303 - No New Serial
2026-07-28 13:47:23.281 | INFO     | monitor:scan:325 - Nothing Changed
2026-07-28 13:47:23.282 | SUCCESS  | monitor:scan:331 - Scan Finished
2026-07-28 13:47:23.282 | INFO     | monitor:start:67 - Sleep 60 Seconds
2026-07-28 13:48:23.284 | INFO     | auth.login:ensure_login:354 - Checking Login...
2026-07-28 13:48:23.287 | SUCCESS  | auth.login:load_saved_token:192 - Saved Token Loaded
2026-07-28 13:48:23.288 | SUCCESS  | auth.login:ensure_login:362 - Using Saved Token
2026-07-28 13:48:23.289 | INFO     | monitor:scan:111 - Scanning Website...
2026-07-28 13:48:23.292 | INFO     | monitor:scan:125 - Loading Page 1
2026-07-28 13:48:23.292 | INFO     | api:get_files:60 - Loading Page 1
2026-07-28 13:48:26.398 | INFO     | api:get_file:84 - Loading File 126d5170-aeda-170b-a26a-5ee18b267f4a
2026-07-28 13:48:26.621 | INFO     | monitor:scan:273 - Reached Old Files
2026-07-28 13:48:26.622 | INFO     | monitor:scan:303 - No New Serial
2026-07-28 13:48:26.623 | INFO     | monitor:scan:325 - Nothing Changed
2026-07-28 13:48:26.624 | SUCCESS  | monitor:scan:331 - Scan Finished
2026-07-28 13:48:26.624 | INFO     | monitor:start:67 - Sleep 60 Seconds
2026-07-28 13:49:26.625 | INFO     | auth.login:ensure_login:354 - Checking Login...
2026-07-28 13:49:26.625 | SUCCESS  | auth.login:load_saved_token:192 - Saved Token Loaded
2026-07-28 13:49:26.626 | SUCCESS  | auth.login:ensure_login:362 - Using Saved Token
2026-07-28 13:49:26.626 | INFO     | monitor:scan:111 - Scanning Website...
2026-07-28 13:49:26.627 | INFO     | monitor:scan:125 - Loading Page 1
2026-07-28 13:49:26.628 | INFO     | api:get_files:60 - Loading Page 1
2026-07-28 13:49:28.347 | INFO     | api:get_file:84 - Loading File 126d5170-aeda-170b-a26a-5ee18b267f4a
2026-07-28 13:49:28.576 | INFO     | monitor:scan:273 - Reached Old Files
2026-07-28 13:49:28.576 | INFO     | monitor:scan:303 - No New Serial
2026-07-28 13:49:28.577 | INFO     | monitor:scan:325 - Nothing Changed
2026-07-28 13:49:28.577 | SUCCESS  | monitor:scan:331 - Scan Finished
2026-07-28 13:49:28.578 | INFO     | monitor:start:67 - Sleep 60 Seconds
2026-07-28 13:50:28.579 | INFO     | auth.login:ensure_login:354 - Checking Login...
2026-07-28 13:50:28.580 | SUCCESS  | auth.login:load_saved_token:192 - Saved Token Loaded
2026-07-28 13:50:28.581 | SUCCESS  | auth.login:ensure_login:362 - Using Saved Token
2026-07-28 13:50:28.582 | INFO     | monitor:scan:111 - Scanning Website...
2026-07-28 13:50:28.583 | INFO     | monitor:scan:125 - Loading Page 1
2026-07-28 13:50:28.584 | INFO     | api:get_files:60 - Loading Page 1
2026-07-28 13:50:29.047 | WARNING  | auth.login:get:411 - Access Token Expired
2026-07-28 13:50:29.048 | INFO     | auth.login:login:262 - Logging in...
2026-07-28 13:50:29.534 | SUCCESS  | auth.login:save_token:242 - Token Saved
2026-07-28 13:50:29.535 | SUCCESS  | auth.login:login:340 - Login Successful
2026-07-28 13:50:32.603 | INFO     | api:get_file:84 - Loading File 126d5170-aeda-170b-a26a-5ee18b267f4a
2026-07-28 13:50:32.831 | INFO     | monitor:scan:273 - Reached Old Files
2026-07-28 13:50:32.831 | INFO     | monitor:scan:303 - No New Serial
2026-07-28 13:50:32.831 | INFO     | monitor:scan:325 - Nothing Changed
2026-07-28 13:50:32.831 | SUCCESS  | monitor:scan:331 - Scan Finished
2026-07-28 13:50:32.831 | INFO     | monitor:start:67 - Sleep 60 Seconds
2026-07-28 13:51:32.832 | INFO     | auth.login:ensure_login:354 - Checking Login...
2026-07-28 13:51:32.843 | SUCCESS  | auth.login:load_saved_token:192 - Saved Token Loaded
2026-07-28 13:51:32.843 | SUCCESS  | auth.login:ensure_login:362 - Using Saved Token
2026-07-28 13:51:32.843 | INFO     | monitor:scan:111 - Scanning Website...
2026-07-28 13:51:32.844 | INFO     | monitor:scan:125 - Loading Page 1
2026-07-28 13:51:32.844 | INFO     | api:get_files:60 - Loading Page 1
2026-07-28 13:51:36.493 | INFO     | api:get_file:84 - Loading File 126d5170-aeda-170b-a26a-5ee18b267f4a
2026-07-28 13:51:36.721 | INFO     | monitor:scan:273 - Reached Old Files
2026-07-28 13:51:36.721 | INFO     | monitor:scan:303 - No New Serial
2026-07-28 13:51:36.722 | INFO     | monitor:scan:325 - Nothing Changed
2026-07-28 13:51:36.722 | SUCCESS  | monitor:scan:331 - Scan Finished
2026-07-28 13:51:36.722 | INFO     | monitor:start:67 - Sleep 60 Seconds
2026-07-28 13:52:36.722 | INFO     | auth.login:ensure_login:354 - Checking Login...
2026-07-28 13:52:36.725 | SUCCESS  | auth.login:load_saved_token:192 - Saved Token Loaded
2026-07-28 13:52:36.726 | SUCCESS  | auth.login:ensure_login:362 - Using Saved Token
2026-07-28 13:52:36.728 | INFO     | monitor:scan:111 - Scanning Website...
2026-07-28 13:52:36.731 | INFO     | monitor:scan:125 - Loading Page 1
2026-07-28 13:52:36.732 | INFO     | api:get_files:60 - Loading Page 1
2026-07-28 13:52:38.395 | INFO     | api:get_file:84 - Loading File 126d5170-aeda-170b-a26a-5ee18b267f4a
2026-07-28 13:52:38.856 | INFO     | monitor:scan:273 - Reached Old Files
2026-07-28 13:52:38.857 | INFO     | monitor:scan:303 - No New Serial
2026-07-28 13:52:38.857 | INFO     | monitor:scan:325 - Nothing Changed
2026-07-28 13:52:38.858 | SUCCESS  | monitor:scan:331 - Scan Finished
2026-07-28 13:52:38.860 | INFO     | monitor:start:67 - Sleep 60 Seconds
2026-07-28 13:53:33.197 | INFO     | auth.login:ensure_login:354 - Checking Login...
2026-07-28 13:53:33.198 | SUCCESS  | auth.login:load_saved_token:192 - Saved Token Loaded
2026-07-28 13:53:33.198 | SUCCESS  | auth.login:ensure_login:362 - Using Saved Token
2026-07-28 13:53:33.199 | INFO     | monitor:scan:111 - Scanning Website...
2026-07-28 13:53:33.199 | INFO     | monitor:scan:125 - Loading Page 1
2026-07-28 13:53:33.200 | INFO     | api:get_files:60 - Loading Page 1
2026-07-28 13:53:36.679 | INFO     | api:get_file:84 - Loading File 126d5170-aeda-170b-a26a-5ee18b267f4a
2026-07-28 13:53:36.912 | INFO     | monitor:scan:273 - Reached Old Files
2026-07-28 13:53:36.912 | INFO     | monitor:scan:303 - No New Serial
2026-07-28 13:53:36.913 | INFO     | monitor:scan:325 - Nothing Changed
2026-07-28 13:53:36.914 | SUCCESS  | monitor:scan:331 - Scan Finished
2026-07-28 13:53:36.915 | INFO     | monitor:start:67 - Sleep 60 Seconds
2026-07-28 13:54:36.916 | INFO     | auth.login:ensure_login:354 - Checking Login...
2026-07-28 13:54:36.918 | SUCCESS  | auth.login:load_saved_token:192 - Saved Token Loaded
2026-07-28 13:54:36.919 | SUCCESS  | auth.login:ensure_login:362 - Using Saved Token
2026-07-28 13:54:36.920 | INFO     | monitor:scan:111 - Scanning Website...
2026-07-28 13:54:36.922 | INFO     | monitor:scan:125 - Loading Page 1
2026-07-28 13:54:36.923 | INFO     | api:get_files:60 - Loading Page 1
2026-07-28 13:54:38.867 | INFO     | api:get_file:84 - Loading File 126d5170-aeda-170b-a26a-5ee18b267f4a
2026-07-28 13:54:39.106 | INFO     | monitor:scan:273 - Reached Old Files
2026-07-28 13:54:39.108 | INFO     | monitor:scan:303 - No New Serial
2026-07-28 13:54:39.109 | INFO     | monitor:scan:325 - Nothing Changed
2026-07-28 13:54:39.110 | SUCCESS  | monitor:scan:331 - Scan Finished
2026-07-28 13:54:39.112 | INFO     | monitor:start:67 - Sleep 60 Seconds
2026-07-28 13:55:39.113 | INFO     | auth.login:ensure_login:354 - Checking Login...
2026-07-28 13:55:39.116 | SUCCESS  | auth.login:load_saved_token:192 - Saved Token Loaded
2026-07-28 13:55:39.117 | SUCCESS  | auth.login:ensure_login:362 - Using Saved Token
2026-07-28 13:55:39.117 | INFO     | monitor:scan:111 - Scanning Website...
2026-07-28 13:55:39.118 | INFO     | monitor:scan:125 - Loading Page 1
2026-07-28 13:55:39.119 | INFO     | api:get_files:60 - Loading Page 1
2026-07-28 13:55:40.688 | INFO     | api:get_file:84 - Loading File 126d5170-aeda-170b-a26a-5ee18b267f4a
2026-07-28 13:55:40.922 | INFO     | monitor:scan:273 - Reached Old Files
2026-07-28 13:55:40.922 | INFO     | monitor:scan:303 - No New Serial
2026-07-28 13:55:40.923 | INFO     | monitor:scan:325 - Nothing Changed
2026-07-28 13:55:40.923 | SUCCESS  | monitor:scan:331 - Scan Finished
2026-07-28 13:55:40.924 | INFO     | monitor:start:67 - Sleep 60 Seconds
2026-07-28 13:56:40.925 | INFO     | auth.login:ensure_login:354 - Checking Login...
2026-07-28 13:56:40.928 | SUCCESS  | auth.login:load_saved_token:192 - Saved Token Loaded
2026-07-28 13:56:40.929 | SUCCESS  | auth.login:ensure_login:362 - Using Saved Token
2026-07-28 13:56:40.930 | INFO     | monitor:scan:111 - Scanning Website...
2026-07-28 13:56:40.931 | INFO     | monitor:scan:125 - Loading Page 1
2026-07-28 13:56:40.932 | INFO     | api:get_files:60 - Loading Page 1
2026-07-28 13:56:44.691 | INFO     | api:get_file:84 - Loading File 126d5170-aeda-170b-a26a-5ee18b267f4a
2026-07-28 13:56:44.931 | INFO     | monitor:scan:273 - Reached Old Files
2026-07-28 13:56:44.931 | INFO     | monitor:scan:303 - No New Serial
2026-07-28 13:56:44.933 | INFO     | monitor:scan:325 - Nothing Changed
2026-07-28 13:56:44.936 | SUCCESS  | monitor:scan:331 - Scan Finished
2026-07-28 13:56:44.937 | INFO     | monitor:start:67 - Sleep 60 Seconds
2026-07-28 13:57:44.937 | INFO     | auth.login:ensure_login:354 - Checking Login...
2026-07-28 13:57:44.940 | SUCCESS  | auth.login:load_saved_token:192 - Saved Token Loaded
2026-07-28 13:57:44.941 | SUCCESS  | auth.login:ensure_login:362 - Using Saved Token
2026-07-28 13:57:44.941 | INFO     | monitor:scan:111 - Scanning Website...
2026-07-28 13:57:44.943 | INFO     | monitor:scan:125 - Loading Page 1
2026-07-28 13:57:44.943 | INFO     | api:get_files:60 - Loading Page 1
2026-07-28 13:57:46.519 | INFO     | api:get_file:84 - Loading File 126d5170-aeda-170b-a26a-5ee18b267f4a
2026-07-28 13:57:46.752 | INFO     | monitor:scan:273 - Reached Old Files
2026-07-28 13:57:46.752 | INFO     | monitor:scan:303 - No New Serial
2026-07-28 13:57:46.752 | INFO     | monitor:scan:325 - Nothing Changed
2026-07-28 13:57:46.752 | SUCCESS  | monitor:scan:331 - Scan Finished
2026-07-28 13:57:46.753 | INFO     | monitor:start:67 - Sleep 60 Seconds
2026-07-28 13:58:46.753 | INFO     | auth.login:ensure_login:354 - Checking Login...
2026-07-28 13:58:46.754 | SUCCESS  | auth.login:load_saved_token:192 - Saved Token Loaded
2026-07-28 13:58:46.754 | SUCCESS  | auth.login:ensure_login:362 - Using Saved Token
2026-07-28 13:58:46.754 | INFO     | monitor:scan:111 - Scanning Website...
2026-07-28 13:58:46.755 | INFO     | monitor:scan:125 - Loading Page 1
2026-07-28 13:58:46.755 | INFO     | api:get_files:60 - Loading Page 1
2026-07-28 13:58:48.280 | INFO     | api:get_file:84 - Loading File 126d5170-aeda-170b-a26a-5ee18b267f4a
2026-07-28 13:58:48.510 | INFO     | monitor:scan:273 - Reached Old Files
2026-07-28 13:58:48.511 | INFO     | monitor:scan:303 - No New Serial
2026-07-28 13:58:48.511 | INFO     | monitor:scan:325 - Nothing Changed
2026-07-28 13:58:48.511 | SUCCESS  | monitor:scan:331 - Scan Finished
2026-07-28 13:58:48.512 | INFO     | monitor:start:67 - Sleep 60 Seconds
2026-07-28 13:59:48.514 | INFO     | auth.login:ensure_login:354 - Checking Login...
2026-07-28 13:59:48.516 | SUCCESS  | auth.login:load_saved_token:192 - Saved Token Loaded
2026-07-28 13:59:48.516 | SUCCESS  | auth.login:ensure_login:362 - Using Saved Token
2026-07-28 13:59:48.517 | INFO     | monitor:scan:111 - Scanning Website...
2026-07-28 13:59:48.519 | INFO     | monitor:scan:125 - Loading Page 1
2026-07-28 13:59:48.519 | INFO     | api:get_files:60 - Loading Page 1
2026-07-28 13:59:50.030 | INFO     | api:get_file:84 - Loading File 126d5170-aeda-170b-a26a-5ee18b267f4a
2026-07-28 13:59:50.260 | INFO     | monitor:scan:273 - Reached Old Files
2026-07-28 13:59:50.260 | INFO     | monitor:scan:303 - No New Serial
2026-07-28 13:59:50.260 | INFO     | monitor:scan:325 - Nothing Changed
2026-07-28 13:59:50.260 | SUCCESS  | monitor:scan:331 - Scan Finished
2026-07-28 13:59:50.261 | INFO     | monitor:start:67 - Sleep 60 Seconds
2026-07-28 14:00:50.262 | INFO     | auth.login:ensure_login:354 - Checking Login...
2026-07-28 14:00:50.263 | SUCCESS  | auth.login:load_saved_token:192 - Saved Token Loaded
2026-07-28 14:00:50.265 | SUCCESS  | auth.login:ensure_login:362 - Using Saved Token
2026-07-28 14:00:50.267 | INFO     | monitor:scan:111 - Scanning Website...
2026-07-28 14:00:50.274 | INFO     | monitor:scan:125 - Loading Page 1
2026-07-28 14:00:50.276 | INFO     | api:get_files:60 - Loading Page 1
2026-07-28 14:00:50.705 | WARNING  | auth.login:get:411 - Access Token Expired
2026-07-28 14:00:50.705 | INFO     | auth.login:login:262 - Logging in...
2026-07-28 14:00:51.145 | SUCCESS  | auth.login:save_token:242 - Token Saved
2026-07-28 14:00:51.145 | SUCCESS  | auth.login:login:340 - Login Successful
2026-07-28 14:00:53.003 | INFO     | api:get_file:84 - Loading File 126d5170-aeda-170b-a26a-5ee18b267f4a
2026-07-28 14:00:53.235 | INFO     | monitor:scan:273 - Reached Old Files
2026-07-28 14:00:53.235 | INFO     | monitor:scan:303 - No New Serial
2026-07-28 14:00:53.236 | INFO     | monitor:scan:325 - Nothing Changed
2026-07-28 14:00:53.236 | SUCCESS  | monitor:scan:331 - Scan Finished
2026-07-28 14:00:53.236 | INFO     | monitor:start:67 - Sleep 60 Seconds
2026-07-28 14:01:53.237 | INFO     | auth.login:ensure_login:354 - Checking Login...
2026-07-28 14:01:53.259 | SUCCESS  | auth.login:load_saved_token:192 - Saved Token Loaded
2026-07-28 14:01:53.259 | SUCCESS  | auth.login:ensure_login:362 - Using Saved Token
2026-07-28 14:01:53.259 | INFO     | monitor:scan:111 - Scanning Website...
2026-07-28 14:01:53.260 | INFO     | monitor:scan:125 - Loading Page 1
2026-07-28 14:01:53.260 | INFO     | api:get_files:60 - Loading Page 1
2026-07-28 14:01:54.780 | INFO     | api:get_file:84 - Loading File 126d5170-aeda-170b-a26a-5ee18b267f4a
2026-07-28 14:01:55.009 | INFO     | monitor:scan:273 - Reached Old Files
2026-07-28 14:01:55.010 | INFO     | monitor:scan:303 - No New Serial
2026-07-28 14:01:55.010 | INFO     | monitor:scan:325 - Nothing Changed
2026-07-28 14:01:55.010 | SUCCESS  | monitor:scan:331 - Scan Finished
2026-07-28 14:01:55.010 | INFO     | monitor:start:67 - Sleep 60 Seconds
2026-07-28 14:02:55.011 | INFO     | auth.login:ensure_login:354 - Checking Login...
2026-07-28 14:02:55.014 | SUCCESS  | auth.login:load_saved_token:192 - Saved Token Loaded
2026-07-28 14:02:55.015 | SUCCESS  | auth.login:ensure_login:362 - Using Saved Token
2026-07-28 14:02:55.016 | INFO     | monitor:scan:111 - Scanning Website...
2026-07-28 14:02:55.017 | INFO     | monitor:scan:125 - Loading Page 1
2026-07-28 14:02:55.017 | INFO     | api:get_files:60 - Loading Page 1
2026-07-28 14:02:58.615 | INFO     | api:get_file:84 - Loading File 126d5170-aeda-170b-a26a-5ee18b267f4a
2026-07-28 14:02:58.845 | INFO     | monitor:scan:273 - Reached Old Files
2026-07-28 14:02:58.846 | INFO     | monitor:scan:303 - No New Serial
2026-07-28 14:02:58.847 | INFO     | monitor:scan:325 - Nothing Changed
2026-07-28 14:02:58.848 | SUCCESS  | monitor:scan:331 - Scan Finished
2026-07-28 14:02:58.849 | INFO     | monitor:start:67 - Sleep 60 Seconds
2026-07-28 14:03:58.850 | INFO     | auth.login:ensure_login:354 - Checking Login...
2026-07-28 14:03:58.854 | SUCCESS  | auth.login:load_saved_token:192 - Saved Token Loaded
2026-07-28 14:03:58.856 | SUCCESS  | auth.login:ensure_login:362 - Using Saved Token
2026-07-28 14:03:58.856 | INFO     | monitor:scan:111 - Scanning Website...
2026-07-28 14:03:58.857 | INFO     | monitor:scan:125 - Loading Page 1
2026-07-28 14:03:58.857 | INFO     | api:get_files:60 - Loading Page 1
2026-07-28 14:04:00.499 | INFO     | api:get_file:84 - Loading File 126d5170-aeda-170b-a26a-5ee18b267f4a
2026-07-28 14:04:00.732 | INFO     | monitor:scan:273 - Reached Old Files
2026-07-28 14:04:00.733 | INFO     | monitor:scan:303 - No New Serial
2026-07-28 14:04:00.734 | INFO     | monitor:scan:325 - Nothing Changed
2026-07-28 14:04:00.734 | SUCCESS  | monitor:scan:331 - Scan Finished
2026-07-28 14:04:00.734 | INFO     | monitor:start:67 - Sleep 60 Seconds
2026-07-28 14:05:00.735 | INFO     | auth.login:ensure_login:354 - Checking Login...
2026-07-28 14:05:00.737 | SUCCESS  | auth.login:load_saved_token:192 - Saved Token Loaded
2026-07-28 14:05:00.738 | SUCCESS  | auth.login:ensure_login:362 - Using Saved Token
2026-07-28 14:05:00.740 | INFO     | monitor:scan:111 - Scanning Website...
2026-07-28 14:05:00.742 | INFO     | monitor:scan:125 - Loading Page 1
2026-07-28 14:05:00.742 | INFO     | api:get_files:60 - Loading Page 1
2026-07-28 14:05:02.648 | INFO     | api:get_file:84 - Loading File 126d5170-aeda-170b-a26a-5ee18b267f4a
2026-07-28 14:05:02.879 | INFO     | monitor:scan:273 - Reached Old Files
2026-07-28 14:05:02.881 | INFO     | monitor:scan:303 - No New Serial
2026-07-28 14:05:02.884 | INFO     | monitor:scan:325 - Nothing Changed
2026-07-28 14:05:02.885 | SUCCESS  | monitor:scan:331 - Scan Finished
2026-07-28 14:05:02.886 | INFO     | monitor:start:67 - Sleep 60 Seconds
2026-07-28 14:06:02.886 | INFO     | auth.login:ensure_login:354 - Checking Login...
2026-07-28 14:06:02.888 | SUCCESS  | auth.login:load_saved_token:192 - Saved Token Loaded
2026-07-28 14:06:02.889 | SUCCESS  | auth.login:ensure_login:362 - Using Saved Token
2026-07-28 14:06:02.889 | INFO     | monitor:scan:111 - Scanning Website...
2026-07-28 14:06:02.892 | INFO     | monitor:scan:125 - Loading Page 1
2026-07-28 14:06:02.893 | INFO     | api:get_files:60 - Loading Page 1
2026-07-28 14:06:04.415 | INFO     | api:get_file:84 - Loading File 126d5170-aeda-170b-a26a-5ee18b267f4a
2026-07-28 14:06:04.636 | INFO     | monitor:scan:273 - Reached Old Files
2026-07-28 14:06:04.638 | INFO     | monitor:scan:303 - No New Serial
2026-07-28 14:06:04.640 | INFO     | monitor:scan:325 - Nothing Changed
2026-07-28 14:06:04.641 | SUCCESS  | monitor:scan:331 - Scan Finished
2026-07-28 14:06:04.643 | INFO     | monitor:start:67 - Sleep 60 Seconds
2026-07-28 14:07:04.644 | INFO     | auth.login:ensure_login:354 - Checking Login...
2026-07-28 14:07:04.647 | SUCCESS  | auth.login:load_saved_token:192 - Saved Token Loaded
2026-07-28 14:07:04.647 | SUCCESS  | auth.login:ensure_login:362 - Using Saved Token
2026-07-28 14:07:04.648 | INFO     | monitor:scan:111 - Scanning Website...
2026-07-28 14:07:04.650 | INFO     | monitor:scan:125 - Loading Page 1
2026-07-28 14:07:04.650 | INFO     | api:get_files:60 - Loading Page 1
2026-07-28 14:07:07.345 | INFO     | monitor:scan:197 - Checking 771991
2026-07-28 14:07:07.346 | INFO     | api:get_file:84 - Loading File 1b0a45f6-0e5d-866e-c973-f7ec3ae70b46
2026-07-28 14:07:07.640 | SUCCESS  | monitor:scan:235 - Changed : 771991
2026-07-28 14:07:07.641 | INFO     | storage:add_property:113 - Added Property 771991
2026-07-28 14:07:07.644 | SUCCESS  | storage:save_day:81 - 1405-05-06.json Saved
2026-07-28 14:07:07.651 | INFO     | state_manager:save:61 - State Saved
2026-07-28 14:07:07.651 | INFO     | monitor:scan:197 - Checking 771986
2026-07-28 14:07:07.651 | INFO     | api:get_file:84 - Loading File 126d5134-cfef-79c4-4e8b-dc28b324de46
2026-07-28 14:07:07.885 | SUCCESS  | monitor:scan:235 - Changed : 771986
2026-07-28 14:07:07.898 | INFO     | storage:add_property:113 - Added Property 771986
2026-07-28 14:07:07.900 | SUCCESS  | storage:save_day:81 - 1405-05-06.json Saved
2026-07-28 14:07:07.904 | INFO     | state_manager:save:61 - State Saved
2026-07-28 14:07:07.905 | INFO     | monitor:scan:197 - Checking 771985
2026-07-28 14:07:07.905 | INFO     | api:get_file:84 - Loading File 126d517f-ecc9-9769-906a-d464dcb1344c
2026-07-28 14:07:08.150 | SUCCESS  | monitor:scan:235 - Changed : 771985
2026-07-28 14:07:08.175 | INFO     | storage:add_property:113 - Added Property 771985
2026-07-28 14:07:08.177 | SUCCESS  | storage:save_day:81 - 1405-05-06.json Saved
2026-07-28 14:07:08.182 | INFO     | state_manager:save:61 - State Saved
2026-07-28 14:07:08.182 | INFO     | monitor:scan:197 - Checking 771980
2026-07-28 14:07:08.183 | INFO     | api:get_file:84 - Loading File 126d5180-13e6-71a8-c7d5-03361c926546
2026-07-28 14:07:08.411 | SUCCESS  | monitor:scan:235 - Changed : 771980
2026-07-28 14:07:08.420 | INFO     | storage:add_property:113 - Added Property 771980
2026-07-28 14:07:08.421 | SUCCESS  | storage:save_day:81 - 1405-05-06.json Saved
2026-07-28 14:07:08.425 | INFO     | state_manager:save:61 - State Saved
2026-07-28 14:07:08.425 | INFO     | monitor:scan:197 - Checking 771974
2026-07-28 14:07:08.425 | INFO     | api:get_file:84 - Loading File 1b0a45ff-044d-91cb-6a05-ac264c8a144f
2026-07-28 14:07:08.655 | SUCCESS  | monitor:scan:235 - Changed : 771974
2026-07-28 14:07:08.662 | INFO     | storage:add_property:113 - Added Property 771974
2026-07-28 14:07:08.663 | SUCCESS  | storage:save_day:81 - 1405-05-06.json Saved
2026-07-28 14:07:08.667 | INFO     | state_manager:save:61 - State Saved
2026-07-28 14:07:08.667 | INFO     | monitor:scan:197 - Checking 771965
2026-07-28 14:07:08.667 | INFO     | api:get_file:84 - Loading File 126d517f-f562-29be-6a45-2d4a8aee4c47
2026-07-28 14:07:08.895 | SUCCESS  | monitor:scan:235 - Changed : 771965
2026-07-28 14:07:08.902 | INFO     | storage:add_property:113 - Added Property 771965
2026-07-28 14:07:08.904 | SUCCESS  | storage:save_day:81 - 1405-05-06.json Saved
2026-07-28 14:07:08.909 | INFO     | state_manager:save:61 - State Saved
2026-07-28 14:07:08.910 | INFO     | monitor:scan:197 - Checking 771962
2026-07-28 14:07:08.910 | INFO     | api:get_file:84 - Loading File 1b0a45f6-010f-1107-d5fc-17897695f243
2026-07-28 14:07:09.154 | SUCCESS  | monitor:scan:235 - Changed : 771962
2026-07-28 14:07:09.181 | INFO     | storage:add_property:113 - Added Property 771962
2026-07-28 14:07:09.187 | SUCCESS  | storage:save_day:81 - 1405-05-06.json Saved
2026-07-28 14:07:09.197 | INFO     | state_manager:save:61 - State Saved
2026-07-28 14:07:09.198 | INFO     | monitor:scan:197 - Checking 771956
2026-07-28 14:07:09.198 | INFO     | api:get_file:84 - Loading File 1b0a45ff-0059-f913-713a-3de5acc3964d
2026-07-28 14:07:09.429 | SUCCESS  | monitor:scan:235 - Changed : 771956
2026-07-28 14:07:09.449 | INFO     | storage:add_property:113 - Added Property 771956
2026-07-28 14:07:09.451 | SUCCESS  | storage:save_day:81 - 1405-05-06.json Saved
2026-07-28 14:07:09.462 | INFO     | state_manager:save:61 - State Saved
2026-07-28 14:07:09.462 | INFO     | api:get_file:84 - Loading File 126d505e-4535-2c0c-a818-a5afd3e1ff40
2026-07-28 14:07:09.699 | INFO     | monitor:scan:273 - Reached Old Files
2026-07-28 14:07:09.701 | SUCCESS  | monitor:scan:295 - Last Serial Saved : 771991
2026-07-28 14:07:09.702 | SUCCESS  | monitor:scan:315 - Start Git Sync
2026-07-28 14:07:09.703 | INFO     | git_sync:push:64 - Git Sync Started
2026-07-28 14:07:12.177 | SUCCESS  | git_sync:push:86 - Git Push Completed
2026-07-28 14:07:12.177 | SUCCESS  | monitor:scan:331 - Scan Finished
2026-07-28 14:07:12.177 | INFO     | monitor:start:67 - Sleep 60 Seconds
2026-07-28 14:08:12.178 | INFO     | auth.login:ensure_login:354 - Checking Login...
2026-07-28 14:08:12.178 | SUCCESS  | auth.login:load_saved_token:192 - Saved Token Loaded
2026-07-28 14:08:12.179 | SUCCESS  | auth.login:ensure_login:362 - Using Saved Token
2026-07-28 14:08:12.179 | INFO     | monitor:scan:111 - Scanning Website...
2026-07-28 14:08:12.186 | INFO     | monitor:scan:125 - Loading Page 1
2026-07-28 14:08:12.186 | INFO     | api:get_files:60 - Loading Page 1
2026-07-28 14:08:14.003 | INFO     | api:get_file:84 - Loading File 1b0a45f6-0e5d-866e-c973-f7ec3ae70b46
2026-07-28 14:08:14.239 | INFO     | monitor:scan:273 - Reached Old Files
2026-07-28 14:08:14.240 | INFO     | monitor:scan:303 - No New Serial
2026-07-28 14:08:14.240 | INFO     | monitor:scan:325 - Nothing Changed
2026-07-28 14:08:14.241 | SUCCESS  | monitor:scan:331 - Scan Finished
2026-07-28 14:08:14.241 | INFO     | monitor:start:67 - Sleep 60 Seconds
2026-07-28 14:09:14.242 | INFO     | auth.login:ensure_login:354 - Checking Login...
2026-07-28 14:09:14.246 | SUCCESS  | auth.login:load_saved_token:192 - Saved Token Loaded
2026-07-28 14:09:14.247 | SUCCESS  | auth.login:ensure_login:362 - Using Saved Token
2026-07-28 14:09:14.248 | INFO     | monitor:scan:111 - Scanning Website...
2026-07-28 14:09:14.252 | INFO     | monitor:scan:125 - Loading Page 1
2026-07-28 14:09:14.254 | INFO     | api:get_files:60 - Loading Page 1
2026-07-28 14:09:16.293 | INFO     | api:get_file:84 - Loading File 1b0a45f6-0e5d-866e-c973-f7ec3ae70b46
2026-07-28 14:09:16.519 | INFO     | monitor:scan:273 - Reached Old Files
2026-07-28 14:09:16.521 | INFO     | monitor:scan:303 - No New Serial
2026-07-28 14:09:16.522 | INFO     | monitor:scan:325 - Nothing Changed
2026-07-28 14:09:16.522 | SUCCESS  | monitor:scan:331 - Scan Finished
2026-07-28 14:09:16.524 | INFO     | monitor:start:67 - Sleep 60 Seconds
2026-07-28 14:10:16.526 | INFO     | auth.login:ensure_login:354 - Checking Login...
2026-07-28 14:10:16.528 | SUCCESS  | auth.login:load_saved_token:192 - Saved Token Loaded
2026-07-28 14:10:16.530 | SUCCESS  | auth.login:ensure_login:362 - Using Saved Token
2026-07-28 14:10:16.531 | INFO     | monitor:scan:111 - Scanning Website...
2026-07-28 14:10:16.532 | INFO     | monitor:scan:125 - Loading Page 1
2026-07-28 14:10:16.533 | INFO     | api:get_files:60 - Loading Page 1
2026-07-28 14:10:20.425 | INFO     | api:get_file:84 - Loading File 1b0a45f6-0e5d-866e-c973-f7ec3ae70b46
2026-07-28 14:10:20.648 | INFO     | monitor:scan:273 - Reached Old Files
2026-07-28 14:10:20.650 | INFO     | monitor:scan:303 - No New Serial
2026-07-28 14:10:20.651 | INFO     | monitor:scan:325 - Nothing Changed
2026-07-28 14:10:20.652 | SUCCESS  | monitor:scan:331 - Scan Finished
2026-07-28 14:10:20.654 | INFO     | monitor:start:67 - Sleep 60 Seconds
2026-07-28 14:11:20.656 | INFO     | auth.login:ensure_login:354 - Checking Login...
2026-07-28 14:11:20.660 | SUCCESS  | auth.login:load_saved_token:192 - Saved Token Loaded
2026-07-28 14:11:20.661 | SUCCESS  | auth.login:ensure_login:362 - Using Saved Token
2026-07-28 14:11:20.663 | INFO     | monitor:scan:111 - Scanning Website...
2026-07-28 14:11:20.668 | INFO     | monitor:scan:125 - Loading Page 1
2026-07-28 14:11:20.669 | INFO     | api:get_files:60 - Loading Page 1
2026-07-28 14:11:21.113 | WARNING  | auth.login:get:411 - Access Token Expired
2026-07-28 14:11:21.114 | INFO     | auth.login:login:262 - Logging in...
2026-07-28 14:11:21.612 | SUCCESS  | auth.login:save_token:242 - Token Saved
2026-07-28 14:11:21.616 | SUCCESS  | auth.login:login:340 - Login Successful
2026-07-28 14:11:23.071 | INFO     | api:get_file:84 - Loading File 1b0a45f6-0e5d-866e-c973-f7ec3ae70b46
2026-07-28 14:11:23.305 | INFO     | monitor:scan:273 - Reached Old Files
2026-07-28 14:11:23.307 | INFO     | monitor:scan:303 - No New Serial
2026-07-28 14:11:23.309 | INFO     | monitor:scan:325 - Nothing Changed
2026-07-28 14:11:23.310 | SUCCESS  | monitor:scan:331 - Scan Finished
2026-07-28 14:11:23.313 | INFO     | monitor:start:67 - Sleep 60 Seconds
2026-07-28 14:12:23.314 | INFO     | auth.login:ensure_login:354 - Checking Login...
2026-07-28 14:12:23.324 | SUCCESS  | auth.login:load_saved_token:192 - Saved Token Loaded
2026-07-28 14:12:23.324 | SUCCESS  | auth.login:ensure_login:362 - Using Saved Token
2026-07-28 14:12:23.325 | INFO     | monitor:scan:111 - Scanning Website...
2026-07-28 14:12:23.326 | INFO     | monitor:scan:125 - Loading Page 1
2026-07-28 14:12:23.326 | INFO     | api:get_files:60 - Loading Page 1
2026-07-28 14:12:26.543 | INFO     | api:get_file:84 - Loading File 1b0a45f6-0e5d-866e-c973-f7ec3ae70b46
2026-07-28 14:12:26.776 | INFO     | monitor:scan:273 - Reached Old Files
2026-07-28 14:12:26.777 | INFO     | monitor:scan:303 - No New Serial
2026-07-28 14:12:26.780 | INFO     | monitor:scan:325 - Nothing Changed
2026-07-28 14:12:26.782 | SUCCESS  | monitor:scan:331 - Scan Finished
2026-07-28 14:12:26.784 | INFO     | monitor:start:67 - Sleep 60 Seconds
2026-07-28 14:13:26.787 | INFO     | auth.login:ensure_login:354 - Checking Login...
2026-07-28 14:13:26.790 | SUCCESS  | auth.login:load_saved_token:192 - Saved Token Loaded
2026-07-28 14:13:26.791 | SUCCESS  | auth.login:ensure_login:362 - Using Saved Token
2026-07-28 14:13:26.792 | INFO     | monitor:scan:111 - Scanning Website...
2026-07-28 14:13:26.797 | INFO     | monitor:scan:125 - Loading Page 1
2026-07-28 14:13:26.798 | INFO     | api:get_files:60 - Loading Page 1
2026-07-28 14:13:28.296 | INFO     | api:get_file:84 - Loading File 1b0a45f6-0e5d-866e-c973-f7ec3ae70b46
2026-07-28 14:13:28.527 | INFO     | monitor:scan:273 - Reached Old Files
2026-07-28 14:13:28.527 | INFO     | monitor:scan:303 - No New Serial
2026-07-28 14:13:28.528 | INFO     | monitor:scan:325 - Nothing Changed
2026-07-28 14:13:28.528 | SUCCESS  | monitor:scan:331 - Scan Finished
2026-07-28 14:13:28.528 | INFO     | monitor:start:67 - Sleep 60 Seconds
2026-07-28 14:14:28.528 | INFO     | auth.login:ensure_login:354 - Checking Login...
2026-07-28 14:14:28.529 | SUCCESS  | auth.login:load_saved_token:192 - Saved Token Loaded
2026-07-28 14:14:28.529 | SUCCESS  | auth.login:ensure_login:362 - Using Saved Token
2026-07-28 14:14:28.529 | INFO     | monitor:scan:111 - Scanning Website...
2026-07-28 14:14:28.530 | INFO     | monitor:scan:125 - Loading Page 1
2026-07-28 14:14:28.530 | INFO     | api:get_files:60 - Loading Page 1
2026-07-28 14:14:30.087 | INFO     | api:get_file:84 - Loading File 1b0a45f6-0e5d-866e-c973-f7ec3ae70b46
2026-07-28 14:14:30.315 | INFO     | monitor:scan:273 - Reached Old Files
2026-07-28 14:14:30.316 | INFO     | monitor:scan:303 - No New Serial
2026-07-28 14:14:30.316 | INFO     | monitor:scan:325 - Nothing Changed
2026-07-28 14:14:30.316 | SUCCESS  | monitor:scan:331 - Scan Finished
2026-07-28 14:14:30.317 | INFO     | monitor:start:67 - Sleep 60 Seconds
2026-07-28 14:15:30.318 | INFO     | auth.login:ensure_login:354 - Checking Login...
2026-07-28 14:15:30.322 | SUCCESS  | auth.login:load_saved_token:192 - Saved Token Loaded
2026-07-28 14:15:30.323 | SUCCESS  | auth.login:ensure_login:362 - Using Saved Token
2026-07-28 14:15:30.324 | INFO     | monitor:scan:111 - Scanning Website...
2026-07-28 14:15:30.325 | INFO     | monitor:scan:125 - Loading Page 1
2026-07-28 14:15:30.326 | INFO     | api:get_files:60 - Loading Page 1
2026-07-28 14:15:32.890 | INFO     | api:get_file:84 - Loading File 1b0a45f6-0e5d-866e-c973-f7ec3ae70b46
2026-07-28 14:15:33.128 | INFO     | monitor:scan:273 - Reached Old Files
2026-07-28 14:15:33.129 | INFO     | monitor:scan:303 - No New Serial
2026-07-28 14:15:33.130 | INFO     | monitor:scan:325 - Nothing Changed
2026-07-28 14:15:33.132 | SUCCESS  | monitor:scan:331 - Scan Finished
2026-07-28 14:15:33.134 | INFO     | monitor:start:67 - Sleep 60 Seconds
2026-07-28 14:16:33.135 | INFO     | auth.login:ensure_login:354 - Checking Login...
2026-07-28 14:16:33.136 | SUCCESS  | auth.login:load_saved_token:192 - Saved Token Loaded
2026-07-28 14:16:33.136 | SUCCESS  | auth.login:ensure_login:362 - Using Saved Token
2026-07-28 14:16:33.136 | INFO     | monitor:scan:111 - Scanning Website...
2026-07-28 14:16:33.137 | INFO     | monitor:scan:125 - Loading Page 1
2026-07-28 14:16:33.137 | INFO     | api:get_files:60 - Loading Page 1
2026-07-28 14:16:34.666 | INFO     | api:get_file:84 - Loading File 1b0a45f6-0e5d-866e-c973-f7ec3ae70b46
2026-07-28 14:16:34.898 | INFO     | monitor:scan:273 - Reached Old Files
2026-07-28 14:16:34.898 | INFO     | monitor:scan:303 - No New Serial
2026-07-28 14:16:34.899 | INFO     | monitor:scan:325 - Nothing Changed
2026-07-28 14:16:34.899 | SUCCESS  | monitor:scan:331 - Scan Finished
2026-07-28 14:16:34.899 | INFO     | monitor:start:67 - Sleep 60 Seconds
2026-07-28 14:17:34.900 | INFO     | auth.login:ensure_login:354 - Checking Login...
2026-07-28 14:17:34.901 | SUCCESS  | auth.login:load_saved_token:192 - Saved Token Loaded
2026-07-28 14:17:34.901 | SUCCESS  | auth.login:ensure_login:362 - Using Saved Token
2026-07-28 14:17:34.901 | INFO     | monitor:scan:111 - Scanning Website...
2026-07-28 14:17:34.902 | INFO     | monitor:scan:125 - Loading Page 1
2026-07-28 14:17:34.902 | INFO     | api:get_files:60 - Loading Page 1
2026-07-28 14:17:37.130 | INFO     | api:get_file:84 - Loading File 1b0a45f6-0e5d-866e-c973-f7ec3ae70b46
2026-07-28 14:17:37.361 | INFO     | monitor:scan:273 - Reached Old Files
2026-07-28 14:17:37.362 | INFO     | monitor:scan:303 - No New Serial
2026-07-28 14:17:37.362 | INFO     | monitor:scan:325 - Nothing Changed
2026-07-28 14:17:37.362 | SUCCESS  | monitor:scan:331 - Scan Finished
2026-07-28 14:17:37.362 | INFO     | monitor:start:67 - Sleep 60 Seconds
2026-07-28 14:18:37.363 | INFO     | auth.login:ensure_login:354 - Checking Login...
2026-07-28 14:18:37.364 | SUCCESS  | auth.login:load_saved_token:192 - Saved Token Loaded
2026-07-28 14:18:37.364 | SUCCESS  | auth.login:ensure_login:362 - Using Saved Token
2026-07-28 14:18:37.364 | INFO     | monitor:scan:111 - Scanning Website...
2026-07-28 14:18:37.365 | INFO     | monitor:scan:125 - Loading Page 1
2026-07-28 14:18:37.365 | INFO     | api:get_files:60 - Loading Page 1
2026-07-28 14:18:38.910 | INFO     | api:get_file:84 - Loading File 1b0a45f6-0e5d-866e-c973-f7ec3ae70b46
2026-07-28 14:18:39.150 | INFO     | monitor:scan:273 - Reached Old Files
2026-07-28 14:18:39.150 | INFO     | monitor:scan:303 - No New Serial
2026-07-28 14:18:39.151 | INFO     | monitor:scan:325 - Nothing Changed
2026-07-28 14:18:39.151 | SUCCESS  | monitor:scan:331 - Scan Finished
2026-07-28 14:18:39.151 | INFO     | monitor:start:67 - Sleep 60 Seconds
2026-07-28 14:19:39.151 | INFO     | auth.login:ensure_login:354 - Checking Login...
2026-07-28 14:19:39.152 | SUCCESS  | auth.login:load_saved_token:192 - Saved Token Loaded
2026-07-28 14:19:39.153 | SUCCESS  | auth.login:ensure_login:362 - Using Saved Token
2026-07-28 14:19:39.153 | INFO     | monitor:scan:111 - Scanning Website...
2026-07-28 14:19:39.154 | INFO     | monitor:scan:125 - Loading Page 1
2026-07-28 14:19:39.155 | INFO     | api:get_files:60 - Loading Page 1
2026-07-28 14:19:40.738 | INFO     | api:get_file:84 - Loading File 1b0a45f6-0e5d-866e-c973-f7ec3ae70b46
2026-07-28 14:19:40.977 | INFO     | monitor:scan:273 - Reached Old Files
2026-07-28 14:19:40.978 | INFO     | monitor:scan:303 - No New Serial
2026-07-28 14:19:40.980 | INFO     | monitor:scan:325 - Nothing Changed
2026-07-28 14:19:40.980 | SUCCESS  | monitor:scan:331 - Scan Finished
2026-07-28 14:19:40.981 | INFO     | monitor:start:67 - Sleep 60 Seconds
2026-07-28 14:20:40.983 | INFO     | auth.login:ensure_login:354 - Checking Login...
2026-07-28 14:20:40.985 | SUCCESS  | auth.login:load_saved_token:192 - Saved Token Loaded
2026-07-28 14:20:40.986 | SUCCESS  | auth.login:ensure_login:362 - Using Saved Token
2026-07-28 14:20:40.986 | INFO     | monitor:scan:111 - Scanning Website...
2026-07-28 14:20:40.988 | INFO     | monitor:scan:125 - Loading Page 1
2026-07-28 14:20:40.988 | INFO     | api:get_files:60 - Loading Page 1
2026-07-28 14:20:43.434 | INFO     | api:get_file:84 - Loading File 1b0a45f6-0e5d-866e-c973-f7ec3ae70b46
2026-07-28 14:20:43.661 | INFO     | monitor:scan:273 - Reached Old Files
2026-07-28 14:20:43.661 | INFO     | monitor:scan:303 - No New Serial
2026-07-28 14:20:43.661 | INFO     | monitor:scan:325 - Nothing Changed
2026-07-28 14:20:43.662 | SUCCESS  | monitor:scan:331 - Scan Finished
2026-07-28 14:20:43.662 | INFO     | monitor:start:67 - Sleep 60 Seconds
2026-07-28 14:21:43.663 | INFO     | auth.login:ensure_login:354 - Checking Login...
2026-07-28 14:21:43.664 | SUCCESS  | auth.login:load_saved_token:192 - Saved Token Loaded
2026-07-28 14:21:43.664 | SUCCESS  | auth.login:ensure_login:362 - Using Saved Token
2026-07-28 14:21:43.664 | INFO     | monitor:scan:111 - Scanning Website...
2026-07-28 14:21:43.665 | INFO     | monitor:scan:125 - Loading Page 1
2026-07-28 14:21:43.665 | INFO     | api:get_files:60 - Loading Page 1
2026-07-28 14:21:44.107 | WARNING  | auth.login:get:411 - Access Token Expired
2026-07-28 14:21:44.107 | INFO     | auth.login:login:262 - Logging in...
2026-07-28 14:21:44.608 | SUCCESS  | auth.login:save_token:242 - Token Saved
2026-07-28 14:21:44.608 | SUCCESS  | auth.login:login:340 - Login Successful
2026-07-28 14:21:47.298 | INFO     | api:get_file:84 - Loading File 1b0a45f6-0e5d-866e-c973-f7ec3ae70b46
2026-07-28 14:21:47.532 | INFO     | monitor:scan:273 - Reached Old Files
2026-07-28 14:21:47.533 | INFO     | monitor:scan:303 - No New Serial
2026-07-28 14:21:47.534 | INFO     | monitor:scan:325 - Nothing Changed
2026-07-28 14:21:47.535 | SUCCESS  | monitor:scan:331 - Scan Finished
2026-07-28 14:21:47.536 | INFO     | monitor:start:67 - Sleep 60 Seconds
2026-07-28 14:22:47.537 | INFO     | auth.login:ensure_login:354 - Checking Login...
2026-07-28 14:22:47.579 | SUCCESS  | auth.login:load_saved_token:192 - Saved Token Loaded
2026-07-28 14:22:47.580 | SUCCESS  | auth.login:ensure_login:362 - Using Saved Token
2026-07-28 14:22:47.580 | INFO     | monitor:scan:111 - Scanning Website...
2026-07-28 14:22:47.580 | INFO     | monitor:scan:125 - Loading Page 1
2026-07-28 14:22:47.580 | INFO     | api:get_files:60 - Loading Page 1
2026-07-28 14:22:49.115 | INFO     | api:get_file:84 - Loading File 1b0a45f6-0e5d-866e-c973-f7ec3ae70b46
2026-07-28 14:22:49.344 | INFO     | monitor:scan:273 - Reached Old Files
2026-07-28 14:22:49.346 | INFO     | monitor:scan:303 - No New Serial
2026-07-28 14:22:49.346 | INFO     | monitor:scan:325 - Nothing Changed
2026-07-28 14:22:49.346 | SUCCESS  | monitor:scan:331 - Scan Finished
2026-07-28 14:22:49.348 | INFO     | monitor:start:67 - Sleep 60 Seconds
2026-07-28 14:23:49.350 | INFO     | auth.login:ensure_login:354 - Checking Login...
2026-07-28 14:23:49.354 | SUCCESS  | auth.login:load_saved_token:192 - Saved Token Loaded
2026-07-28 14:23:49.356 | SUCCESS  | auth.login:ensure_login:362 - Using Saved Token
2026-07-28 14:23:49.357 | INFO     | monitor:scan:111 - Scanning Website...
2026-07-28 14:23:49.360 | INFO     | monitor:scan:125 - Loading Page 1
2026-07-28 14:23:49.361 | INFO     | api:get_files:60 - Loading Page 1
2026-07-28 14:23:50.940 | INFO     | api:get_file:84 - Loading File 1b0a45f6-0e5d-866e-c973-f7ec3ae70b46
2026-07-28 14:23:51.169 | INFO     | monitor:scan:273 - Reached Old Files
2026-07-28 14:23:51.170 | INFO     | monitor:scan:303 - No New Serial
2026-07-28 14:23:51.171 | INFO     | monitor:scan:325 - Nothing Changed
2026-07-28 14:23:51.171 | SUCCESS  | monitor:scan:331 - Scan Finished
2026-07-28 14:23:51.173 | INFO     | monitor:start:67 - Sleep 60 Seconds
2026-07-28 14:24:51.173 | INFO     | auth.login:ensure_login:354 - Checking Login...
2026-07-28 14:24:51.176 | SUCCESS  | auth.login:load_saved_token:192 - Saved Token Loaded
2026-07-28 14:24:51.177 | SUCCESS  | auth.login:ensure_login:362 - Using Saved Token
2026-07-28 14:24:51.178 | INFO     | monitor:scan:111 - Scanning Website...
2026-07-28 14:24:51.181 | INFO     | monitor:scan:125 - Loading Page 1
2026-07-28 14:24:51.182 | INFO     | api:get_files:60 - Loading Page 1
2026-07-28 14:24:52.835 | INFO     | api:get_file:84 - Loading File 1b0a45f6-0e5d-866e-c973-f7ec3ae70b46
2026-07-28 14:24:53.062 | INFO     | monitor:scan:273 - Reached Old Files
2026-07-28 14:24:53.064 | INFO     | monitor:scan:303 - No New Serial
2026-07-28 14:24:53.065 | INFO     | monitor:scan:325 - Nothing Changed
2026-07-28 14:24:53.066 | SUCCESS  | monitor:scan:331 - Scan Finished
2026-07-28 14:24:53.068 | INFO     | monitor:start:67 - Sleep 60 Seconds
2026-07-28 14:25:53.069 | INFO     | auth.login:ensure_login:354 - Checking Login...
2026-07-28 14:25:53.070 | SUCCESS  | auth.login:load_saved_token:192 - Saved Token Loaded
2026-07-28 14:25:53.070 | SUCCESS  | auth.login:ensure_login:362 - Using Saved Token
2026-07-28 14:25:53.070 | INFO     | monitor:scan:111 - Scanning Website...
2026-07-28 14:25:53.070 | INFO     | monitor:scan:125 - Loading Page 1
2026-07-28 14:25:53.071 | INFO     | api:get_files:60 - Loading Page 1
2026-07-28 14:25:54.872 | INFO     | api:get_file:84 - Loading File 1b0a45f6-0e5d-866e-c973-f7ec3ae70b46
2026-07-28 14:25:55.103 | INFO     | monitor:scan:273 - Reached Old Files
2026-07-28 14:25:55.103 | INFO     | monitor:scan:303 - No New Serial
2026-07-28 14:25:55.103 | INFO     | monitor:scan:325 - Nothing Changed
2026-07-28 14:25:55.104 | SUCCESS  | monitor:scan:331 - Scan Finished
2026-07-28 14:25:55.104 | INFO     | monitor:start:67 - Sleep 60 Seconds
2026-07-28 14:26:55.105 | INFO     | auth.login:ensure_login:354 - Checking Login...
2026-07-28 14:26:55.108 | SUCCESS  | auth.login:load_saved_token:192 - Saved Token Loaded
2026-07-28 14:26:55.109 | SUCCESS  | auth.login:ensure_login:362 - Using Saved Token
2026-07-28 14:26:55.109 | INFO     | monitor:scan:111 - Scanning Website...
2026-07-28 14:26:55.112 | INFO     | monitor:scan:125 - Loading Page 1
2026-07-28 14:26:55.113 | INFO     | api:get_files:60 - Loading Page 1
2026-07-28 14:26:56.625 | INFO     | api:get_file:84 - Loading File 1b0a45f6-0e5d-866e-c973-f7ec3ae70b46
2026-07-28 14:26:56.842 | INFO     | monitor:scan:273 - Reached Old Files
2026-07-28 14:26:56.842 | INFO     | monitor:scan:303 - No New Serial
2026-07-28 14:26:56.842 | INFO     | monitor:scan:325 - Nothing Changed
2026-07-28 14:26:56.843 | SUCCESS  | monitor:scan:331 - Scan Finished
2026-07-28 14:26:56.844 | INFO     | monitor:start:67 - Sleep 60 Seconds
2026-07-28 14:27:56.846 | INFO     | auth.login:ensure_login:354 - Checking Login...
2026-07-28 14:27:56.850 | SUCCESS  | auth.login:load_saved_token:192 - Saved Token Loaded
2026-07-28 14:27:56.851 | SUCCESS  | auth.login:ensure_login:362 - Using Saved Token
2026-07-28 14:27:56.851 | INFO     | monitor:scan:111 - Scanning Website...
2026-07-28 14:27:56.854 | INFO     | monitor:scan:125 - Loading Page 1
2026-07-28 14:27:56.854 | INFO     | api:get_files:60 - Loading Page 1
2026-07-28 14:28:00.307 | INFO     | api:get_file:84 - Loading File 1b0a45f6-0e5d-866e-c973-f7ec3ae70b46
2026-07-28 14:28:00.537 | INFO     | monitor:scan:273 - Reached Old Files
2026-07-28 14:28:00.537 | INFO     | monitor:scan:303 - No New Serial
2026-07-28 14:28:00.537 | INFO     | monitor:scan:325 - Nothing Changed
2026-07-28 14:28:00.538 | SUCCESS  | monitor:scan:331 - Scan Finished
2026-07-28 14:28:00.538 | INFO     | monitor:start:67 - Sleep 60 Seconds
2026-07-28 14:29:00.539 | INFO     | auth.login:ensure_login:354 - Checking Login...
2026-07-28 14:29:00.541 | SUCCESS  | auth.login:load_saved_token:192 - Saved Token Loaded
2026-07-28 14:29:00.542 | SUCCESS  | auth.login:ensure_login:362 - Using Saved Token
2026-07-28 14:29:00.542 | INFO     | monitor:scan:111 - Scanning Website...
2026-07-28 14:29:00.545 | INFO     | monitor:scan:125 - Loading Page 1
2026-07-28 14:29:00.545 | INFO     | api:get_files:60 - Loading Page 1
2026-07-28 14:29:03.064 | INFO     | api:get_file:84 - Loading File 1b0a45f6-0e5d-866e-c973-f7ec3ae70b46
2026-07-28 14:29:03.294 | INFO     | monitor:scan:273 - Reached Old Files
2026-07-28 14:29:03.295 | INFO     | monitor:scan:303 - No New Serial
2026-07-28 14:29:03.296 | INFO     | monitor:scan:325 - Nothing Changed
2026-07-28 14:29:03.298 | SUCCESS  | monitor:scan:331 - Scan Finished
2026-07-28 14:29:03.301 | INFO     | monitor:start:67 - Sleep 60 Seconds
2026-07-28 14:30:03.303 | INFO     | auth.login:ensure_login:354 - Checking Login...
2026-07-28 14:30:03.307 | SUCCESS  | auth.login:load_saved_token:192 - Saved Token Loaded
2026-07-28 14:30:03.308 | SUCCESS  | auth.login:ensure_login:362 - Using Saved Token
2026-07-28 14:30:03.311 | INFO     | monitor:scan:111 - Scanning Website...
2026-07-28 14:30:03.314 | INFO     | monitor:scan:125 - Loading Page 1
2026-07-28 14:30:03.315 | INFO     | api:get_files:60 - Loading Page 1
2026-07-28 14:30:06.905 | INFO     | api:get_file:84 - Loading File 1b0a45f6-0e5d-866e-c973-f7ec3ae70b46
2026-07-28 14:30:07.147 | INFO     | monitor:scan:273 - Reached Old Files
2026-07-28 14:30:07.149 | INFO     | monitor:scan:303 - No New Serial
2026-07-28 14:30:07.150 | INFO     | monitor:scan:325 - Nothing Changed
2026-07-28 14:30:07.150 | SUCCESS  | monitor:scan:331 - Scan Finished
2026-07-28 14:30:07.151 | INFO     | monitor:start:67 - Sleep 60 Seconds
2026-07-28 14:31:07.152 | INFO     | auth.login:ensure_login:354 - Checking Login...
2026-07-28 14:31:07.154 | SUCCESS  | auth.login:load_saved_token:192 - Saved Token Loaded
2026-07-28 14:31:07.155 | SUCCESS  | auth.login:ensure_login:362 - Using Saved Token
2026-07-28 14:31:07.156 | INFO     | monitor:scan:111 - Scanning Website...
2026-07-28 14:31:07.158 | INFO     | monitor:scan:125 - Loading Page 1
2026-07-28 14:31:07.159 | INFO     | api:get_files:60 - Loading Page 1
2026-07-28 14:31:08.913 | INFO     | api:get_file:84 - Loading File 1b0a45f6-0e5d-866e-c973-f7ec3ae70b46
2026-07-28 14:31:09.151 | INFO     | monitor:scan:273 - Reached Old Files
2026-07-28 14:31:09.151 | INFO     | monitor:scan:303 - No New Serial
2026-07-28 14:31:09.151 | INFO     | monitor:scan:325 - Nothing Changed
2026-07-28 14:31:09.151 | SUCCESS  | monitor:scan:331 - Scan Finished
2026-07-28 14:31:09.152 | INFO     | monitor:start:67 - Sleep 60 Seconds
2026-07-28 14:32:09.153 | INFO     | auth.login:ensure_login:354 - Checking Login...
2026-07-28 14:32:09.154 | SUCCESS  | auth.login:load_saved_token:192 - Saved Token Loaded
2026-07-28 14:32:09.154 | SUCCESS  | auth.login:ensure_login:362 - Using Saved Token
2026-07-28 14:32:09.154 | INFO     | monitor:scan:111 - Scanning Website...
2026-07-28 14:32:09.155 | INFO     | monitor:scan:125 - Loading Page 1
2026-07-28 14:32:09.155 | INFO     | api:get_files:60 - Loading Page 1
2026-07-28 14:32:09.567 | WARNING  | auth.login:get:411 - Access Token Expired
2026-07-28 14:32:09.567 | INFO     | auth.login:login:262 - Logging in...
2026-07-28 14:32:10.006 | SUCCESS  | auth.login:save_token:242 - Token Saved
2026-07-28 14:32:10.006 | SUCCESS  | auth.login:login:340 - Login Successful
2026-07-28 14:32:12.528 | INFO     | api:get_file:84 - Loading File 1b0a45f6-0e5d-866e-c973-f7ec3ae70b46
2026-07-28 14:32:12.754 | INFO     | monitor:scan:273 - Reached Old Files
2026-07-28 14:32:12.755 | INFO     | monitor:scan:303 - No New Serial
2026-07-28 14:32:12.756 | INFO     | monitor:scan:325 - Nothing Changed
2026-07-28 14:32:12.756 | SUCCESS  | monitor:scan:331 - Scan Finished
2026-07-28 14:32:12.758 | INFO     | monitor:start:67 - Sleep 60 Seconds
2026-07-28 14:33:12.758 | INFO     | auth.login:ensure_login:354 - Checking Login...
2026-07-28 14:33:12.789 | SUCCESS  | auth.login:load_saved_token:192 - Saved Token Loaded
2026-07-28 14:33:12.790 | SUCCESS  | auth.login:ensure_login:362 - Using Saved Token
2026-07-28 14:33:12.790 | INFO     | monitor:scan:111 - Scanning Website...
2026-07-28 14:33:12.792 | INFO     | monitor:scan:125 - Loading Page 1
2026-07-28 14:33:12.793 | INFO     | api:get_files:60 - Loading Page 1
2026-07-28 14:33:16.304 | INFO     | api:get_file:84 - Loading File 1b0a45f6-0e5d-866e-c973-f7ec3ae70b46
2026-07-28 14:33:16.541 | INFO     | monitor:scan:273 - Reached Old Files
2026-07-28 14:33:16.541 | INFO     | monitor:scan:303 - No New Serial
2026-07-28 14:33:16.542 | INFO     | monitor:scan:325 - Nothing Changed
2026-07-28 14:33:16.542 | SUCCESS  | monitor:scan:331 - Scan Finished
2026-07-28 14:33:16.543 | INFO     | monitor:start:67 - Sleep 60 Seconds
2026-07-28 14:34:16.544 | INFO     | auth.login:ensure_login:354 - Checking Login...
2026-07-28 14:34:16.548 | SUCCESS  | auth.login:load_saved_token:192 - Saved Token Loaded
2026-07-28 14:34:16.549 | SUCCESS  | auth.login:ensure_login:362 - Using Saved Token
2026-07-28 14:34:16.549 | INFO     | monitor:scan:111 - Scanning Website...
2026-07-28 14:34:16.552 | INFO     | monitor:scan:125 - Loading Page 1
2026-07-28 14:34:16.553 | INFO     | api:get_files:60 - Loading Page 1
2026-07-28 14:34:18.289 | INFO     | api:get_file:84 - Loading File 1b0a45f6-0e5d-866e-c973-f7ec3ae70b46
2026-07-28 14:34:18.526 | INFO     | monitor:scan:273 - Reached Old Files
2026-07-28 14:34:18.527 | INFO     | monitor:scan:303 - No New Serial
2026-07-28 14:34:18.528 | INFO     | monitor:scan:325 - Nothing Changed
2026-07-28 14:34:18.530 | SUCCESS  | monitor:scan:331 - Scan Finished
2026-07-28 14:34:18.532 | INFO     | monitor:start:67 - Sleep 60 Seconds
2026-07-28 14:35:18.535 | INFO     | auth.login:ensure_login:354 - Checking Login...
2026-07-28 14:35:18.539 | SUCCESS  | auth.login:load_saved_token:192 - Saved Token Loaded
2026-07-28 14:35:18.541 | SUCCESS  | auth.login:ensure_login:362 - Using Saved Token
2026-07-28 14:35:18.542 | INFO     | monitor:scan:111 - Scanning Website...
2026-07-28 14:35:18.544 | INFO     | monitor:scan:125 - Loading Page 1
2026-07-28 14:35:18.544 | INFO     | api:get_files:60 - Loading Page 1
2026-07-28 14:35:20.127 | INFO     | api:get_file:84 - Loading File 1b0a45f6-0e5d-866e-c973-f7ec3ae70b46
2026-07-28 14:35:20.359 | INFO     | monitor:scan:273 - Reached Old Files
2026-07-28 14:35:20.360 | INFO     | monitor:scan:303 - No New Serial
2026-07-28 14:35:20.361 | INFO     | monitor:scan:325 - Nothing Changed
2026-07-28 14:35:20.362 | SUCCESS  | monitor:scan:331 - Scan Finished
2026-07-28 14:35:20.364 | INFO     | monitor:start:67 - Sleep 60 Seconds
2026-07-28 14:36:20.365 | INFO     | auth.login:ensure_login:354 - Checking Login...
2026-07-28 14:36:20.366 | SUCCESS  | auth.login:load_saved_token:192 - Saved Token Loaded
2026-07-28 14:36:20.366 | SUCCESS  | auth.login:ensure_login:362 - Using Saved Token
2026-07-28 14:36:20.366 | INFO     | monitor:scan:111 - Scanning Website...
2026-07-28 14:36:20.367 | INFO     | monitor:scan:125 - Loading Page 1
2026-07-28 14:36:20.367 | INFO     | api:get_files:60 - Loading Page 1
2026-07-28 14:36:22.400 | INFO     | api:get_file:84 - Loading File 1b0a45f6-0e5d-866e-c973-f7ec3ae70b46
2026-07-28 14:36:22.613 | INFO     | monitor:scan:273 - Reached Old Files
2026-07-28 14:36:22.613 | INFO     | monitor:scan:303 - No New Serial
2026-07-28 14:36:22.613 | INFO     | monitor:scan:325 - Nothing Changed
2026-07-28 14:36:22.613 | SUCCESS  | monitor:scan:331 - Scan Finished
2026-07-28 14:36:22.614 | INFO     | monitor:start:67 - Sleep 60 Seconds
2026-07-28 14:37:22.614 | INFO     | auth.login:ensure_login:354 - Checking Login...
2026-07-28 14:37:22.616 | SUCCESS  | auth.login:load_saved_token:192 - Saved Token Loaded
2026-07-28 14:37:22.617 | SUCCESS  | auth.login:ensure_login:362 - Using Saved Token
2026-07-28 14:37:22.617 | INFO     | monitor:scan:111 - Scanning Website...
2026-07-28 14:37:22.618 | INFO     | monitor:scan:125 - Loading Page 1
2026-07-28 14:37:22.618 | INFO     | api:get_files:60 - Loading Page 1
2026-07-28 14:37:25.599 | INFO     | api:get_file:84 - Loading File 1b0a45f6-0e5d-866e-c973-f7ec3ae70b46
2026-07-28 14:37:25.865 | INFO     | monitor:scan:273 - Reached Old Files
2026-07-28 14:37:25.865 | INFO     | monitor:scan:303 - No New Serial
2026-07-28 14:37:25.865 | INFO     | monitor:scan:325 - Nothing Changed
2026-07-28 14:37:25.865 | SUCCESS  | monitor:scan:331 - Scan Finished
2026-07-28 14:37:25.865 | INFO     | monitor:start:67 - Sleep 60 Seconds
2026-07-28 14:38:25.866 | INFO     | auth.login:ensure_login:354 - Checking Login...
2026-07-28 14:38:25.867 | SUCCESS  | auth.login:load_saved_token:192 - Saved Token Loaded
2026-07-28 14:38:25.867 | SUCCESS  | auth.login:ensure_login:362 - Using Saved Token
2026-07-28 14:38:25.867 | INFO     | monitor:scan:111 - Scanning Website...
2026-07-28 14:38:25.867 | INFO     | monitor:scan:125 - Loading Page 1
2026-07-28 14:38:25.867 | INFO     | api:get_files:60 - Loading Page 1
2026-07-28 14:38:27.309 | INFO     | api:get_file:84 - Loading File 1b0a45f6-0e5d-866e-c973-f7ec3ae70b46
2026-07-28 14:38:27.523 | INFO     | monitor:scan:273 - Reached Old Files
2026-07-28 14:38:27.525 | INFO     | monitor:scan:303 - No New Serial
2026-07-28 14:38:27.526 | INFO     | monitor:scan:325 - Nothing Changed
2026-07-28 14:38:27.526 | SUCCESS  | monitor:scan:331 - Scan Finished
2026-07-28 14:38:27.528 | INFO     | monitor:start:67 - Sleep 60 Seconds
2026-07-28 14:39:27.531 | INFO     | auth.login:ensure_login:354 - Checking Login...
2026-07-28 14:39:27.533 | SUCCESS  | auth.login:load_saved_token:192 - Saved Token Loaded
2026-07-28 14:39:27.536 | SUCCESS  | auth.login:ensure_login:362 - Using Saved Token
2026-07-28 14:39:27.538 | INFO     | monitor:scan:111 - Scanning Website...
2026-07-28 14:39:27.540 | INFO     | monitor:scan:125 - Loading Page 1
2026-07-28 14:39:27.541 | INFO     | api:get_files:60 - Loading Page 1
2026-07-28 14:39:30.054 | INFO     | api:get_file:84 - Loading File 1b0a45f6-0e5d-866e-c973-f7ec3ae70b46
2026-07-28 14:39:30.291 | INFO     | monitor:scan:273 - Reached Old Files
2026-07-28 14:39:30.292 | INFO     | monitor:scan:303 - No New Serial
2026-07-28 14:39:30.293 | INFO     | monitor:scan:325 - Nothing Changed
2026-07-28 14:39:30.294 | SUCCESS  | monitor:scan:331 - Scan Finished
2026-07-28 14:39:30.295 | INFO     | monitor:start:67 - Sleep 60 Seconds
2026-07-28 14:40:30.297 | INFO     | auth.login:ensure_login:354 - Checking Login...
2026-07-28 14:40:30.301 | SUCCESS  | auth.login:load_saved_token:192 - Saved Token Loaded
2026-07-28 14:40:30.302 | SUCCESS  | auth.login:ensure_login:362 - Using Saved Token
2026-07-28 14:40:30.303 | INFO     | monitor:scan:111 - Scanning Website...
2026-07-28 14:40:30.304 | INFO     | monitor:scan:125 - Loading Page 1
2026-07-28 14:40:30.304 | INFO     | api:get_files:60 - Loading Page 1
2026-07-28 14:40:31.995 | INFO     | api:get_file:84 - Loading File 1b0a45f6-0e5d-866e-c973-f7ec3ae70b46
2026-07-28 14:40:32.425 | INFO     | monitor:scan:273 - Reached Old Files
2026-07-28 14:40:32.425 | INFO     | monitor:scan:303 - No New Serial
2026-07-28 14:40:32.425 | INFO     | monitor:scan:325 - Nothing Changed
2026-07-28 14:40:32.425 | SUCCESS  | monitor:scan:331 - Scan Finished
2026-07-28 14:40:32.426 | INFO     | monitor:start:67 - Sleep 60 Seconds
2026-07-28 14:41:32.426 | INFO     | auth.login:ensure_login:354 - Checking Login...
2026-07-28 14:41:32.428 | SUCCESS  | auth.login:load_saved_token:192 - Saved Token Loaded
2026-07-28 14:41:32.429 | SUCCESS  | auth.login:ensure_login:362 - Using Saved Token
2026-07-28 14:41:32.429 | INFO     | monitor:scan:111 - Scanning Website...
2026-07-28 14:41:32.430 | INFO     | monitor:scan:125 - Loading Page 1
2026-07-28 14:41:32.430 | INFO     | api:get_files:60 - Loading Page 1
2026-07-28 14:41:34.454 | INFO     | api:get_file:84 - Loading File 1b0a45f6-0e5d-866e-c973-f7ec3ae70b46
2026-07-28 14:41:34.680 | INFO     | monitor:scan:273 - Reached Old Files
2026-07-28 14:41:34.682 | INFO     | monitor:scan:303 - No New Serial
2026-07-28 14:41:34.683 | INFO     | monitor:scan:325 - Nothing Changed
2026-07-28 14:41:34.685 | SUCCESS  | monitor:scan:331 - Scan Finished
2026-07-28 14:41:34.686 | INFO     | monitor:start:67 - Sleep 60 Seconds
2026-07-28 14:42:34.687 | INFO     | auth.login:ensure_login:354 - Checking Login...
2026-07-28 14:42:34.690 | SUCCESS  | auth.login:load_saved_token:192 - Saved Token Loaded
2026-07-28 14:42:34.691 | SUCCESS  | auth.login:ensure_login:362 - Using Saved Token
2026-07-28 14:42:34.692 | INFO     | monitor:scan:111 - Scanning Website...
2026-07-28 14:42:34.694 | INFO     | monitor:scan:125 - Loading Page 1
2026-07-28 14:42:34.695 | INFO     | api:get_files:60 - Loading Page 1
2026-07-28 14:42:35.112 | WARNING  | auth.login:get:411 - Access Token Expired
2026-07-28 14:42:35.112 | INFO     | auth.login:login:262 - Logging in...
2026-07-28 14:42:35.661 | SUCCESS  | auth.login:save_token:242 - Token Saved
2026-07-28 14:42:35.662 | SUCCESS  | auth.login:login:340 - Login Successful
2026-07-28 14:42:37.157 | INFO     | api:get_file:84 - Loading File 1b0a45f6-0e5d-866e-c973-f7ec3ae70b46
2026-07-28 14:42:37.380 | INFO     | monitor:scan:273 - Reached Old Files
2026-07-28 14:42:37.381 | INFO     | monitor:scan:303 - No New Serial
2026-07-28 14:42:37.383 | INFO     | monitor:scan:325 - Nothing Changed
2026-07-28 14:42:37.385 | SUCCESS  | monitor:scan:331 - Scan Finished
2026-07-28 14:42:37.386 | INFO     | monitor:start:67 - Sleep 60 Seconds
2026-07-28 14:43:37.387 | INFO     | auth.login:ensure_login:354 - Checking Login...
2026-07-28 14:43:37.406 | SUCCESS  | auth.login:load_saved_token:192 - Saved Token Loaded
2026-07-28 14:43:37.406 | SUCCESS  | auth.login:ensure_login:362 - Using Saved Token
2026-07-28 14:43:37.406 | INFO     | monitor:scan:111 - Scanning Website...
2026-07-28 14:43:37.406 | INFO     | monitor:scan:125 - Loading Page 1
2026-07-28 14:43:37.407 | INFO     | api:get_files:60 - Loading Page 1
2026-07-28 14:43:40.626 | INFO     | api:get_file:84 - Loading File 1b0a45f6-0e5d-866e-c973-f7ec3ae70b46
2026-07-28 14:43:40.858 | INFO     | monitor:scan:273 - Reached Old Files
2026-07-28 14:43:40.859 | INFO     | monitor:scan:303 - No New Serial
2026-07-28 14:43:40.860 | INFO     | monitor:scan:325 - Nothing Changed
2026-07-28 14:43:40.860 | SUCCESS  | monitor:scan:331 - Scan Finished
2026-07-28 14:43:40.862 | INFO     | monitor:start:67 - Sleep 60 Seconds
2026-07-28 14:44:40.863 | INFO     | auth.login:ensure_login:354 - Checking Login...
2026-07-28 14:44:40.864 | SUCCESS  | auth.login:load_saved_token:192 - Saved Token Loaded
2026-07-28 14:44:40.865 | SUCCESS  | auth.login:ensure_login:362 - Using Saved Token
2026-07-28 14:44:40.865 | INFO     | monitor:scan:111 - Scanning Website...
2026-07-28 14:44:40.867 | INFO     | monitor:scan:125 - Loading Page 1
2026-07-28 14:44:40.867 | INFO     | api:get_files:60 - Loading Page 1
2026-07-28 14:44:41.341 | INFO     | api:get_file:84 - Loading File 1b0a45f6-0e5d-866e-c973-f7ec3ae70b46
2026-07-28 14:44:41.378 | INFO     | monitor:scan:273 - Reached Old Files
2026-07-28 14:44:41.379 | INFO     | monitor:scan:303 - No New Serial
2026-07-28 14:44:41.379 | INFO     | monitor:scan:325 - Nothing Changed
2026-07-28 14:44:41.379 | SUCCESS  | monitor:scan:331 - Scan Finished
2026-07-28 14:44:41.379 | INFO     | monitor:start:67 - Sleep 60 Seconds
2026-07-28 14:45:41.380 | INFO     | auth.login:ensure_login:354 - Checking Login...
2026-07-28 14:45:41.380 | SUCCESS  | auth.login:load_saved_token:192 - Saved Token Loaded
2026-07-28 14:45:41.381 | SUCCESS  | auth.login:ensure_login:362 - Using Saved Token
2026-07-28 14:45:41.382 | INFO     | monitor:scan:111 - Scanning Website...
2026-07-28 14:45:41.382 | INFO     | monitor:scan:125 - Loading Page 1
2026-07-28 14:45:41.383 | INFO     | api:get_files:60 - Loading Page 1
2026-07-28 14:45:43.109 | INFO     | api:get_file:84 - Loading File 1b0a45f6-0e5d-866e-c973-f7ec3ae70b46
2026-07-28 14:45:43.341 | INFO     | monitor:scan:273 - Reached Old Files
2026-07-28 14:45:43.341 | INFO     | monitor:scan:303 - No New Serial
2026-07-28 14:45:43.341 | INFO     | monitor:scan:325 - Nothing Changed
2026-07-28 14:45:43.341 | SUCCESS  | monitor:scan:331 - Scan Finished
2026-07-28 14:45:43.342 | INFO     | monitor:start:67 - Sleep 60 Seconds
2026-07-28 14:46:43.342 | INFO     | auth.login:ensure_login:354 - Checking Login...
2026-07-28 14:46:43.346 | SUCCESS  | auth.login:load_saved_token:192 - Saved Token Loaded
2026-07-28 14:46:43.348 | SUCCESS  | auth.login:ensure_login:362 - Using Saved Token
2026-07-28 14:46:43.349 | INFO     | monitor:scan:111 - Scanning Website...
2026-07-28 14:46:43.352 | INFO     | monitor:scan:125 - Loading Page 1
2026-07-28 14:46:43.352 | INFO     | api:get_files:60 - Loading Page 1
2026-07-28 14:46:46.449 | INFO     | api:get_file:84 - Loading File 1b0a45f6-0e5d-866e-c973-f7ec3ae70b46
2026-07-28 14:46:46.688 | INFO     | monitor:scan:273 - Reached Old Files
2026-07-28 14:46:46.689 | INFO     | monitor:scan:303 - No New Serial
2026-07-28 14:46:46.690 | INFO     | monitor:scan:325 - Nothing Changed
2026-07-28 14:46:46.691 | SUCCESS  | monitor:scan:331 - Scan Finished
2026-07-28 14:46:46.691 | INFO     | monitor:start:67 - Sleep 60 Seconds
2026-07-28 14:47:46.692 | INFO     | auth.login:ensure_login:354 - Checking Login...
2026-07-28 14:47:46.693 | SUCCESS  | auth.login:load_saved_token:192 - Saved Token Loaded
2026-07-28 14:47:46.693 | SUCCESS  | auth.login:ensure_login:362 - Using Saved Token
2026-07-28 14:47:46.693 | INFO     | monitor:scan:111 - Scanning Website...
2026-07-28 14:47:46.694 | INFO     | monitor:scan:125 - Loading Page 1
2026-07-28 14:47:46.694 | INFO     | api:get_files:60 - Loading Page 1
2026-07-28 14:47:48.324 | INFO     | api:get_file:84 - Loading File 1b0a45f6-0e5d-866e-c973-f7ec3ae70b46
2026-07-28 14:47:48.559 | INFO     | monitor:scan:273 - Reached Old Files
2026-07-28 14:47:48.559 | INFO     | monitor:scan:303 - No New Serial
2026-07-28 14:47:48.560 | INFO     | monitor:scan:325 - Nothing Changed
2026-07-28 14:47:48.560 | SUCCESS  | monitor:scan:331 - Scan Finished
2026-07-28 14:47:48.560 | INFO     | monitor:start:67 - Sleep 60 Seconds
2026-07-28 14:48:48.561 | INFO     | auth.login:ensure_login:354 - Checking Login...
2026-07-28 14:48:48.564 | SUCCESS  | auth.login:load_saved_token:192 - Saved Token Loaded
2026-07-28 14:48:48.564 | SUCCESS  | auth.login:ensure_login:362 - Using Saved Token
2026-07-28 14:48:48.564 | INFO     | monitor:scan:111 - Scanning Website...
2026-07-28 14:48:48.565 | INFO     | monitor:scan:125 - Loading Page 1
2026-07-28 14:48:48.565 | INFO     | api:get_files:60 - Loading Page 1
2026-07-28 14:48:51.939 | INFO     | api:get_file:84 - Loading File 1b0a45f6-0e5d-866e-c973-f7ec3ae70b46
2026-07-28 14:48:52.171 | INFO     | monitor:scan:273 - Reached Old Files
2026-07-28 14:48:52.172 | INFO     | monitor:scan:303 - No New Serial
2026-07-28 14:48:52.173 | INFO     | monitor:scan:325 - Nothing Changed
2026-07-28 14:48:52.175 | SUCCESS  | monitor:scan:331 - Scan Finished
2026-07-28 14:48:52.177 | INFO     | monitor:start:67 - Sleep 60 Seconds
2026-07-28 14:49:52.177 | INFO     | auth.login:ensure_login:354 - Checking Login...
2026-07-28 14:49:52.178 | SUCCESS  | auth.login:load_saved_token:192 - Saved Token Loaded
2026-07-28 14:49:52.178 | SUCCESS  | auth.login:ensure_login:362 - Using Saved Token
2026-07-28 14:49:52.178 | INFO     | monitor:scan:111 - Scanning Website...
2026-07-28 14:49:52.179 | INFO     | monitor:scan:125 - Loading Page 1
2026-07-28 14:49:52.179 | INFO     | api:get_files:60 - Loading Page 1
2026-07-28 14:49:53.743 | INFO     | api:get_file:84 - Loading File 1b0a45f6-0e5d-866e-c973-f7ec3ae70b46
2026-07-28 14:49:53.977 | INFO     | monitor:scan:273 - Reached Old Files
2026-07-28 14:49:53.977 | INFO     | monitor:scan:303 - No New Serial
2026-07-28 14:49:53.977 | INFO     | monitor:scan:325 - Nothing Changed
2026-07-28 14:49:53.977 | SUCCESS  | monitor:scan:331 - Scan Finished
2026-07-28 14:49:53.977 | INFO     | monitor:start:67 - Sleep 60 Seconds
2026-07-28 14:50:53.978 | INFO     | auth.login:ensure_login:354 - Checking Login...
2026-07-28 14:50:53.980 | SUCCESS  | auth.login:load_saved_token:192 - Saved Token Loaded
2026-07-28 14:50:53.981 | SUCCESS  | auth.login:ensure_login:362 - Using Saved Token
2026-07-28 14:50:53.981 | INFO     | monitor:scan:111 - Scanning Website...
2026-07-28 14:50:53.982 | INFO     | monitor:scan:125 - Loading Page 1
2026-07-28 14:50:53.983 | INFO     | api:get_files:60 - Loading Page 1
2026-07-28 14:50:55.664 | INFO     | api:get_file:84 - Loading File 1b0a45f6-0e5d-866e-c973-f7ec3ae70b46
2026-07-28 14:50:55.896 | INFO     | monitor:scan:273 - Reached Old Files
2026-07-28 14:50:55.896 | INFO     | monitor:scan:303 - No New Serial
2026-07-28 14:50:55.897 | INFO     | monitor:scan:325 - Nothing Changed
2026-07-28 14:50:55.897 | SUCCESS  | monitor:scan:331 - Scan Finished
2026-07-28 14:50:55.897 | INFO     | monitor:start:67 - Sleep 60 Seconds
2026-07-28 14:51:55.897 | INFO     | auth.login:ensure_login:354 - Checking Login...
2026-07-28 14:51:55.899 | SUCCESS  | auth.login:load_saved_token:192 - Saved Token Loaded
2026-07-28 14:51:55.899 | SUCCESS  | auth.login:ensure_login:362 - Using Saved Token
2026-07-28 14:51:55.899 | INFO     | monitor:scan:111 - Scanning Website...
2026-07-28 14:51:55.901 | INFO     | monitor:scan:125 - Loading Page 1
2026-07-28 14:51:55.901 | INFO     | api:get_files:60 - Loading Page 1
2026-07-28 14:51:59.471 | INFO     | api:get_file:84 - Loading File 1b0a45f6-0e5d-866e-c973-f7ec3ae70b46
2026-07-28 14:51:59.696 | INFO     | monitor:scan:273 - Reached Old Files
2026-07-28 14:51:59.696 | INFO     | monitor:scan:303 - No New Serial
2026-07-28 14:51:59.696 | INFO     | monitor:scan:325 - Nothing Changed
2026-07-28 14:51:59.696 | SUCCESS  | monitor:scan:331 - Scan Finished
2026-07-28 14:51:59.697 | INFO     | monitor:start:67 - Sleep 60 Seconds
2026-07-28 14:52:59.697 | INFO     | auth.login:ensure_login:354 - Checking Login...
2026-07-28 14:52:59.698 | SUCCESS  | auth.login:load_saved_token:192 - Saved Token Loaded
2026-07-28 14:52:59.698 | SUCCESS  | auth.login:ensure_login:362 - Using Saved Token
2026-07-28 14:52:59.698 | INFO     | monitor:scan:111 - Scanning Website...
2026-07-28 14:52:59.699 | INFO     | monitor:scan:125 - Loading Page 1
2026-07-28 14:52:59.700 | INFO     | api:get_files:60 - Loading Page 1
2026-07-28 14:53:00.158 | WARNING  | auth.login:get:411 - Access Token Expired
2026-07-28 14:53:00.158 | INFO     | auth.login:login:262 - Logging in...
2026-07-28 14:53:00.687 | SUCCESS  | auth.login:save_token:242 - Token Saved
2026-07-28 14:53:00.689 | SUCCESS  | auth.login:login:340 - Login Successful
2026-07-28 14:53:03.848 | INFO     | api:get_file:84 - Loading File 1b0a45f6-0e5d-866e-c973-f7ec3ae70b46
2026-07-28 14:53:04.084 | INFO     | monitor:scan:273 - Reached Old Files
2026-07-28 14:53:04.085 | INFO     | monitor:scan:303 - No New Serial
2026-07-28 14:53:04.086 | INFO     | monitor:scan:325 - Nothing Changed
2026-07-28 14:53:04.087 | SUCCESS  | monitor:scan:331 - Scan Finished
2026-07-28 14:53:04.088 | INFO     | monitor:start:67 - Sleep 60 Seconds
2026-07-28 14:54:04.090 | INFO     | auth.login:ensure_login:354 - Checking Login...
2026-07-28 14:54:04.108 | SUCCESS  | auth.login:load_saved_token:192 - Saved Token Loaded
2026-07-28 14:54:04.108 | SUCCESS  | auth.login:ensure_login:362 - Using Saved Token
2026-07-28 14:54:04.108 | INFO     | monitor:scan:111 - Scanning Website...
2026-07-28 14:54:04.110 | INFO     | monitor:scan:125 - Loading Page 1
2026-07-28 14:54:04.110 | INFO     | api:get_files:60 - Loading Page 1
2026-07-28 14:54:06.262 | INFO     | api:get_file:84 - Loading File 1b0a45f6-0e5d-866e-c973-f7ec3ae70b46
2026-07-28 14:54:06.492 | INFO     | monitor:scan:273 - Reached Old Files
2026-07-28 14:54:06.494 | INFO     | monitor:scan:303 - No New Serial
2026-07-28 14:54:06.495 | INFO     | monitor:scan:325 - Nothing Changed
2026-07-28 14:54:06.496 | SUCCESS  | monitor:scan:331 - Scan Finished
2026-07-28 14:54:06.498 | INFO     | monitor:start:67 - Sleep 60 Seconds
2026-07-28 14:55:06.499 | INFO     | auth.login:ensure_login:354 - Checking Login...
2026-07-28 14:55:06.503 | SUCCESS  | auth.login:load_saved_token:192 - Saved Token Loaded
2026-07-28 14:55:06.504 | SUCCESS  | auth.login:ensure_login:362 - Using Saved Token
2026-07-28 14:55:06.505 | INFO     | monitor:scan:111 - Scanning Website...
2026-07-28 14:55:06.508 | INFO     | monitor:scan:125 - Loading Page 1
2026-07-28 14:55:06.509 | INFO     | api:get_files:60 - Loading Page 1
2026-07-28 14:55:09.929 | INFO     | api:get_file:84 - Loading File 1b0a45f6-0e5d-866e-c973-f7ec3ae70b46
2026-07-28 14:55:10.154 | INFO     | monitor:scan:273 - Reached Old Files
2026-07-28 14:55:10.155 | INFO     | monitor:scan:303 - No New Serial
2026-07-28 14:55:10.156 | INFO     | monitor:scan:325 - Nothing Changed
2026-07-28 14:55:10.157 | SUCCESS  | monitor:scan:331 - Scan Finished
2026-07-28 14:55:10.158 | INFO     | monitor:start:67 - Sleep 60 Seconds
2026-07-28 14:56:10.159 | INFO     | auth.login:ensure_login:354 - Checking Login...
2026-07-28 14:56:10.159 | SUCCESS  | auth.login:load_saved_token:192 - Saved Token Loaded
2026-07-28 14:56:10.160 | SUCCESS  | auth.login:ensure_login:362 - Using Saved Token
2026-07-28 14:56:10.160 | INFO     | monitor:scan:111 - Scanning Website...
2026-07-28 14:56:10.160 | INFO     | monitor:scan:125 - Loading Page 1
2026-07-28 14:56:10.160 | INFO     | api:get_files:60 - Loading Page 1
2026-07-28 14:56:11.912 | INFO     | api:get_file:84 - Loading File 1b0a45f6-0e5d-866e-c973-f7ec3ae70b46
2026-07-28 14:56:12.144 | INFO     | monitor:scan:273 - Reached Old Files
2026-07-28 14:56:12.145 | INFO     | monitor:scan:303 - No New Serial
2026-07-28 14:56:12.146 | INFO     | monitor:scan:325 - Nothing Changed
2026-07-28 14:56:12.147 | SUCCESS  | monitor:scan:331 - Scan Finished
2026-07-28 14:56:12.147 | INFO     | monitor:start:67 - Sleep 60 Seconds
2026-07-28 14:57:12.149 | INFO     | auth.login:ensure_login:354 - Checking Login...
2026-07-28 14:57:12.151 | SUCCESS  | auth.login:load_saved_token:192 - Saved Token Loaded
2026-07-28 14:57:12.151 | SUCCESS  | auth.login:ensure_login:362 - Using Saved Token
2026-07-28 14:57:12.152 | INFO     | monitor:scan:111 - Scanning Website...
2026-07-28 14:57:12.154 | INFO     | monitor:scan:125 - Loading Page 1
2026-07-28 14:57:12.154 | INFO     | api:get_files:60 - Loading Page 1
2026-07-28 14:57:13.631 | INFO     | api:get_file:84 - Loading File 1b0a45f6-0e5d-866e-c973-f7ec3ae70b46
2026-07-28 14:57:13.861 | INFO     | monitor:scan:273 - Reached Old Files
2026-07-28 14:57:13.863 | INFO     | monitor:scan:303 - No New Serial
2026-07-28 14:57:13.865 | INFO     | monitor:scan:325 - Nothing Changed
2026-07-28 14:57:13.867 | SUCCESS  | monitor:scan:331 - Scan Finished
2026-07-28 14:57:13.869 | INFO     | monitor:start:67 - Sleep 60 Seconds
2026-07-28 14:58:13.870 | INFO     | auth.login:ensure_login:354 - Checking Login...
2026-07-28 14:58:13.873 | SUCCESS  | auth.login:load_saved_token:192 - Saved Token Loaded
2026-07-28 14:58:13.874 | SUCCESS  | auth.login:ensure_login:362 - Using Saved Token
2026-07-28 14:58:13.875 | INFO     | monitor:scan:111 - Scanning Website...
2026-07-28 14:58:13.879 | INFO     | monitor:scan:125 - Loading Page 1
2026-07-28 14:58:13.880 | INFO     | api:get_files:60 - Loading Page 1
2026-07-28 14:58:15.536 | INFO     | api:get_file:84 - Loading File 1b0a45f6-0e5d-866e-c973-f7ec3ae70b46
2026-07-28 14:58:15.751 | INFO     | monitor:scan:273 - Reached Old Files
2026-07-28 14:58:15.751 | INFO     | monitor:scan:303 - No New Serial
2026-07-28 14:58:15.751 | INFO     | monitor:scan:325 - Nothing Changed
2026-07-28 14:58:15.751 | SUCCESS  | monitor:scan:331 - Scan Finished
2026-07-28 14:58:15.752 | INFO     | monitor:start:67 - Sleep 60 Seconds
2026-07-28 14:59:15.752 | INFO     | auth.login:ensure_login:354 - Checking Login...
2026-07-28 14:59:15.754 | SUCCESS  | auth.login:load_saved_token:192 - Saved Token Loaded
2026-07-28 14:59:15.757 | SUCCESS  | auth.login:ensure_login:362 - Using Saved Token
2026-07-28 14:59:15.758 | INFO     | monitor:scan:111 - Scanning Website...
2026-07-28 14:59:15.760 | INFO     | monitor:scan:125 - Loading Page 1
2026-07-28 14:59:15.760 | INFO     | api:get_files:60 - Loading Page 1
2026-07-28 14:59:17.493 | INFO     | api:get_file:84 - Loading File 1b0a45f6-0e5d-866e-c973-f7ec3ae70b46
2026-07-28 14:59:17.730 | INFO     | monitor:scan:273 - Reached Old Files
2026-07-28 14:59:17.730 | INFO     | monitor:scan:303 - No New Serial
2026-07-28 14:59:17.731 | INFO     | monitor:scan:325 - Nothing Changed
2026-07-28 14:59:17.732 | SUCCESS  | monitor:scan:331 - Scan Finished
2026-07-28 14:59:17.733 | INFO     | monitor:start:67 - Sleep 60 Seconds
2026-07-28 15:00:17.734 | INFO     | auth.login:ensure_login:354 - Checking Login...
2026-07-28 15:00:17.737 | SUCCESS  | auth.login:load_saved_token:192 - Saved Token Loaded
2026-07-28 15:00:17.738 | SUCCESS  | auth.login:ensure_login:362 - Using Saved Token
2026-07-28 15:00:17.738 | INFO     | monitor:scan:111 - Scanning Website...
2026-07-28 15:00:17.741 | INFO     | monitor:scan:125 - Loading Page 1
2026-07-28 15:00:17.741 | INFO     | api:get_files:60 - Loading Page 1
2026-07-28 15:00:21.160 | INFO     | monitor:scan:197 - Checking 772000
2026-07-28 15:00:21.160 | INFO     | api:get_file:84 - Loading File 126d5180-1adb-5053-88b0-c1571f3c5943
2026-07-28 15:00:21.390 | SUCCESS  | monitor:scan:235 - Changed : 772000
2026-07-28 15:00:21.398 | INFO     | storage:add_property:113 - Added Property 772000
2026-07-28 15:00:21.399 | SUCCESS  | storage:save_day:81 - 1405-05-06.json Saved
2026-07-28 15:00:21.403 | INFO     | state_manager:save:61 - State Saved
2026-07-28 15:00:21.404 | INFO     | monitor:scan:197 - Checking 771999
2026-07-28 15:00:21.405 | INFO     | api:get_file:84 - Loading File 126d517f-bb4a-1d34-4575-f5e9a1091a4e
2026-07-28 15:00:21.631 | SUCCESS  | monitor:scan:235 - Changed : 771999
2026-07-28 15:00:21.648 | INFO     | storage:add_property:113 - Added Property 771999
2026-07-28 15:00:21.651 | SUCCESS  | storage:save_day:81 - 1405-05-06.json Saved
2026-07-28 15:00:21.657 | INFO     | state_manager:save:61 - State Saved
2026-07-28 15:00:21.658 | INFO     | monitor:scan:197 - Checking 771994
2026-07-28 15:00:21.658 | INFO     | api:get_file:84 - Loading File 126d5180-104c-68d6-f3ef-e6de1732cc42
2026-07-28 15:00:22.260 | SUCCESS  | monitor:scan:235 - Changed : 771994
2026-07-28 15:00:22.291 | INFO     | storage:add_property:113 - Added Property 771994
2026-07-28 15:00:22.295 | SUCCESS  | storage:save_day:81 - 1405-05-06.json Saved
2026-07-28 15:00:22.300 | INFO     | state_manager:save:61 - State Saved
2026-07-28 15:00:22.300 | INFO     | api:get_file:84 - Loading File 1b0a45f6-0e5d-866e-c973-f7ec3ae70b46
2026-07-28 15:00:22.530 | INFO     | monitor:scan:273 - Reached Old Files
2026-07-28 15:00:22.531 | SUCCESS  | monitor:scan:295 - Last Serial Saved : 772000
2026-07-28 15:00:22.532 | SUCCESS  | monitor:scan:315 - Start Git Sync
2026-07-28 15:00:22.533 | INFO     | git_sync:push:64 - Git Sync Started
2026-07-28 15:00:24.767 | SUCCESS  | git_sync:push:86 - Git Push Completed
2026-07-28 15:00:24.768 | SUCCESS  | monitor:scan:331 - Scan Finished
2026-07-28 15:00:24.769 | INFO     | monitor:start:67 - Sleep 60 Seconds
2026-07-28 15:01:24.769 | INFO     | auth.login:ensure_login:354 - Checking Login...
2026-07-28 15:01:24.770 | SUCCESS  | auth.login:load_saved_token:192 - Saved Token Loaded
2026-07-28 15:01:24.770 | SUCCESS  | auth.login:ensure_login:362 - Using Saved Token
2026-07-28 15:01:24.770 | INFO     | monitor:scan:111 - Scanning Website...
2026-07-28 15:01:24.777 | INFO     | monitor:scan:125 - Loading Page 1
2026-07-28 15:01:24.777 | INFO     | api:get_files:60 - Loading Page 1
2026-07-28 15:01:27.514 | INFO     | api:get_file:84 - Loading File 126d5180-1adb-5053-88b0-c1571f3c5943
2026-07-28 15:01:27.969 | INFO     | monitor:scan:273 - Reached Old Files
2026-07-28 15:01:27.970 | INFO     | monitor:scan:303 - No New Serial
2026-07-28 15:01:27.971 | INFO     | monitor:scan:325 - Nothing Changed
2026-07-28 15:01:27.973 | SUCCESS  | monitor:scan:331 - Scan Finished
2026-07-28 15:01:27.973 | INFO     | monitor:start:67 - Sleep 60 Seconds
2026-07-28 15:02:27.975 | INFO     | auth.login:ensure_login:354 - Checking Login...
2026-07-28 15:02:27.976 | SUCCESS  | auth.login:load_saved_token:192 - Saved Token Loaded
2026-07-28 15:02:27.977 | SUCCESS  | auth.login:ensure_login:362 - Using Saved Token
2026-07-28 15:02:27.977 | INFO     | monitor:scan:111 - Scanning Website...
2026-07-28 15:02:27.978 | INFO     | monitor:scan:125 - Loading Page 1
2026-07-28 15:02:27.978 | INFO     | api:get_files:60 - Loading Page 1
2026-07-28 15:02:29.525 | INFO     | api:get_file:84 - Loading File 126d5180-1adb-5053-88b0-c1571f3c5943
2026-07-28 15:02:29.760 | INFO     | monitor:scan:273 - Reached Old Files
2026-07-28 15:02:29.760 | INFO     | monitor:scan:303 - No New Serial
2026-07-28 15:02:29.760 | INFO     | monitor:scan:325 - Nothing Changed
2026-07-28 15:02:29.760 | SUCCESS  | monitor:scan:331 - Scan Finished
2026-07-28 15:02:29.761 | INFO     | monitor:start:67 - Sleep 60 Seconds
2026-07-28 15:03:29.761 | INFO     | auth.login:ensure_login:354 - Checking Login...
2026-07-28 15:03:29.764 | SUCCESS  | auth.login:load_saved_token:192 - Saved Token Loaded
2026-07-28 15:03:29.766 | SUCCESS  | auth.login:ensure_login:362 - Using Saved Token
2026-07-28 15:03:29.767 | INFO     | monitor:scan:111 - Scanning Website...
2026-07-28 15:03:29.768 | INFO     | monitor:scan:125 - Loading Page 1
2026-07-28 15:03:29.768 | INFO     | api:get_files:60 - Loading Page 1
2026-07-28 15:03:30.178 | WARNING  | auth.login:get:411 - Access Token Expired
2026-07-28 15:03:30.179 | INFO     | auth.login:login:262 - Logging in...
2026-07-28 15:03:30.631 | SUCCESS  | auth.login:save_token:242 - Token Saved
2026-07-28 15:03:30.632 | SUCCESS  | auth.login:login:340 - Login Successful
2026-07-28 15:03:31.831 | INFO     | api:get_file:84 - Loading File 126d5180-1adb-5053-88b0-c1571f3c5943
2026-07-28 15:03:32.054 | INFO     | monitor:scan:273 - Reached Old Files
2026-07-28 15:03:32.054 | INFO     | monitor:scan:303 - No New Serial
2026-07-28 15:03:32.055 | INFO     | monitor:scan:325 - Nothing Changed
2026-07-28 15:03:32.055 | SUCCESS  | monitor:scan:331 - Scan Finished
2026-07-28 15:03:32.056 | INFO     | monitor:start:67 - Sleep 60 Seconds
2026-07-28 15:04:32.059 | INFO     | auth.login:ensure_login:354 - Checking Login...
2026-07-28 15:04:32.077 | SUCCESS  | auth.login:load_saved_token:192 - Saved Token Loaded
2026-07-28 15:04:32.077 | SUCCESS  | auth.login:ensure_login:362 - Using Saved Token
2026-07-28 15:04:32.077 | INFO     | monitor:scan:111 - Scanning Website...
2026-07-28 15:04:32.078 | INFO     | monitor:scan:125 - Loading Page 1
2026-07-28 15:04:32.078 | INFO     | api:get_files:60 - Loading Page 1
2026-07-28 15:04:35.835 | INFO     | api:get_file:84 - Loading File 126d5180-1adb-5053-88b0-c1571f3c5943
2026-07-28 15:04:36.253 | INFO     | monitor:scan:273 - Reached Old Files
2026-07-28 15:04:36.254 | INFO     | monitor:scan:303 - No New Serial
2026-07-28 15:04:36.255 | INFO     | monitor:scan:325 - Nothing Changed
2026-07-28 15:04:36.256 | SUCCESS  | monitor:scan:331 - Scan Finished
2026-07-28 15:04:36.258 | INFO     | monitor:start:67 - Sleep 60 Seconds
2026-07-28 15:05:36.260 | INFO     | auth.login:ensure_login:354 - Checking Login...
2026-07-28 15:05:36.264 | SUCCESS  | auth.login:load_saved_token:192 - Saved Token Loaded
2026-07-28 15:05:36.264 | SUCCESS  | auth.login:ensure_login:362 - Using Saved Token
2026-07-28 15:05:36.264 | INFO     | monitor:scan:111 - Scanning Website...
2026-07-28 15:05:36.267 | INFO     | monitor:scan:125 - Loading Page 1
2026-07-28 15:05:36.268 | INFO     | api:get_files:60 - Loading Page 1
2026-07-28 15:05:39.868 | INFO     | api:get_file:84 - Loading File 126d5180-1adb-5053-88b0-c1571f3c5943
2026-07-28 15:05:40.291 | INFO     | monitor:scan:273 - Reached Old Files
2026-07-28 15:05:40.292 | INFO     | monitor:scan:303 - No New Serial
2026-07-28 15:05:40.293 | INFO     | monitor:scan:325 - Nothing Changed
2026-07-28 15:05:40.295 | SUCCESS  | monitor:scan:331 - Scan Finished
2026-07-28 15:05:40.296 | INFO     | monitor:start:67 - Sleep 60 Seconds
2026-07-28 15:06:40.298 | INFO     | auth.login:ensure_login:354 - Checking Login...
2026-07-28 15:06:40.299 | SUCCESS  | auth.login:load_saved_token:192 - Saved Token Loaded
2026-07-28 15:06:40.300 | SUCCESS  | auth.login:ensure_login:362 - Using Saved Token
2026-07-28 15:06:40.300 | INFO     | monitor:scan:111 - Scanning Website...
2026-07-28 15:06:40.300 | INFO     | monitor:scan:125 - Loading Page 1
2026-07-28 15:06:40.301 | INFO     | api:get_files:60 - Loading Page 1
2026-07-28 15:06:42.064 | INFO     | api:get_file:84 - Loading File 126d5180-1adb-5053-88b0-c1571f3c5943
2026-07-28 15:06:42.293 | INFO     | monitor:scan:273 - Reached Old Files
2026-07-28 15:06:42.295 | INFO     | monitor:scan:303 - No New Serial
2026-07-28 15:06:42.296 | INFO     | monitor:scan:325 - Nothing Changed
2026-07-28 15:06:42.297 | SUCCESS  | monitor:scan:331 - Scan Finished
2026-07-28 15:06:42.298 | INFO     | monitor:start:67 - Sleep 60 Seconds
2026-07-28 15:07:42.300 | INFO     | auth.login:ensure_login:354 - Checking Login...
2026-07-28 15:07:42.304 | SUCCESS  | auth.login:load_saved_token:192 - Saved Token Loaded
2026-07-28 15:07:42.306 | SUCCESS  | auth.login:ensure_login:362 - Using Saved Token
2026-07-28 15:07:42.308 | INFO     | monitor:scan:111 - Scanning Website...
2026-07-28 15:07:42.310 | INFO     | monitor:scan:125 - Loading Page 1
2026-07-28 15:07:42.310 | INFO     | api:get_files:60 - Loading Page 1
2026-07-28 15:07:45.806 | INFO     | api:get_file:84 - Loading File 126d5180-1adb-5053-88b0-c1571f3c5943
2026-07-28 15:07:46.064 | INFO     | monitor:scan:273 - Reached Old Files
2026-07-28 15:07:46.065 | INFO     | monitor:scan:303 - No New Serial
2026-07-28 15:07:46.066 | INFO     | monitor:scan:325 - Nothing Changed
2026-07-28 15:07:46.067 | SUCCESS  | monitor:scan:331 - Scan Finished
2026-07-28 15:07:46.068 | INFO     | monitor:start:67 - Sleep 60 Seconds
2026-07-28 15:08:46.070 | INFO     | auth.login:ensure_login:354 - Checking Login...
2026-07-28 15:08:46.071 | SUCCESS  | auth.login:load_saved_token:192 - Saved Token Loaded
2026-07-28 15:08:46.071 | SUCCESS  | auth.login:ensure_login:362 - Using Saved Token
2026-07-28 15:08:46.071 | INFO     | monitor:scan:111 - Scanning Website...
2026-07-28 15:08:46.072 | INFO     | monitor:scan:125 - Loading Page 1
2026-07-28 15:08:46.072 | INFO     | api:get_files:60 - Loading Page 1
2026-07-28 15:08:49.444 | INFO     | api:get_file:84 - Loading File 126d5180-1adb-5053-88b0-c1571f3c5943
2026-07-28 15:08:49.683 | INFO     | monitor:scan:273 - Reached Old Files
2026-07-28 15:08:49.684 | INFO     | monitor:scan:303 - No New Serial
2026-07-28 15:08:49.686 | INFO     | monitor:scan:325 - Nothing Changed
2026-07-28 15:08:49.688 | SUCCESS  | monitor:scan:331 - Scan Finished
2026-07-28 15:08:49.689 | INFO     | monitor:start:67 - Sleep 60 Seconds
2026-07-28 15:09:49.690 | INFO     | auth.login:ensure_login:354 - Checking Login...
2026-07-28 15:09:49.691 | SUCCESS  | auth.login:load_saved_token:192 - Saved Token Loaded
2026-07-28 15:09:49.691 | SUCCESS  | auth.login:ensure_login:362 - Using Saved Token
2026-07-28 15:09:49.692 | INFO     | monitor:scan:111 - Scanning Website...
2026-07-28 15:09:49.692 | INFO     | monitor:scan:125 - Loading Page 1
2026-07-28 15:09:49.692 | INFO     | api:get_files:60 - Loading Page 1
2026-07-28 15:09:51.288 | INFO     | api:get_file:84 - Loading File 126d5180-1adb-5053-88b0-c1571f3c5943
2026-07-28 15:09:51.525 | INFO     | monitor:scan:273 - Reached Old Files
2026-07-28 15:09:51.526 | INFO     | monitor:scan:303 - No New Serial
2026-07-28 15:09:51.526 | INFO     | monitor:scan:325 - Nothing Changed
2026-07-28 15:09:51.526 | SUCCESS  | monitor:scan:331 - Scan Finished
2026-07-28 15:09:51.526 | INFO     | monitor:start:67 - Sleep 60 Seconds
2026-07-28 15:10:51.527 | INFO     | auth.login:ensure_login:354 - Checking Login...
2026-07-28 15:10:51.529 | SUCCESS  | auth.login:load_saved_token:192 - Saved Token Loaded
2026-07-28 15:10:51.530 | SUCCESS  | auth.login:ensure_login:362 - Using Saved Token
2026-07-28 15:10:51.532 | INFO     | monitor:scan:111 - Scanning Website...
2026-07-28 15:10:51.535 | INFO     | monitor:scan:125 - Loading Page 1
2026-07-28 15:10:51.535 | INFO     | api:get_files:60 - Loading Page 1
2026-07-28 15:10:53.540 | INFO     | api:get_file:84 - Loading File 126d5180-1adb-5053-88b0-c1571f3c5943
2026-07-28 15:10:53.779 | INFO     | monitor:scan:273 - Reached Old Files
2026-07-28 15:10:53.780 | INFO     | monitor:scan:303 - No New Serial
2026-07-28 15:10:53.783 | INFO     | monitor:scan:325 - Nothing Changed
2026-07-28 15:10:53.784 | SUCCESS  | monitor:scan:331 - Scan Finished
2026-07-28 15:10:53.785 | INFO     | monitor:start:67 - Sleep 60 Seconds
2026-07-28 15:11:53.786 | INFO     | auth.login:ensure_login:354 - Checking Login...
2026-07-28 15:11:53.789 | SUCCESS  | auth.login:load_saved_token:192 - Saved Token Loaded
2026-07-28 15:11:53.790 | SUCCESS  | auth.login:ensure_login:362 - Using Saved Token
2026-07-28 15:11:53.792 | INFO     | monitor:scan:111 - Scanning Website...
2026-07-28 15:11:53.793 | INFO     | monitor:scan:125 - Loading Page 1
2026-07-28 15:11:53.793 | INFO     | api:get_files:60 - Loading Page 1
2026-07-28 15:11:56.012 | INFO     | api:get_file:84 - Loading File 126d5180-1adb-5053-88b0-c1571f3c5943
2026-07-28 15:11:56.229 | INFO     | monitor:scan:273 - Reached Old Files
2026-07-28 15:11:56.230 | INFO     | monitor:scan:303 - No New Serial
2026-07-28 15:11:56.230 | INFO     | monitor:scan:325 - Nothing Changed
2026-07-28 15:11:56.230 | SUCCESS  | monitor:scan:331 - Scan Finished
2026-07-28 15:11:56.231 | INFO     | monitor:start:67 - Sleep 60 Seconds
2026-07-28 15:12:56.231 | INFO     | auth.login:ensure_login:354 - Checking Login...
2026-07-28 15:12:56.232 | SUCCESS  | auth.login:load_saved_token:192 - Saved Token Loaded
2026-07-28 15:12:56.232 | SUCCESS  | auth.login:ensure_login:362 - Using Saved Token
2026-07-28 15:12:56.233 | INFO     | monitor:scan:111 - Scanning Website...
2026-07-28 15:12:56.233 | INFO     | monitor:scan:125 - Loading Page 1
2026-07-28 15:12:56.233 | INFO     | api:get_files:60 - Loading Page 1
2026-07-28 15:12:58.132 | INFO     | api:get_file:84 - Loading File 126d5180-1adb-5053-88b0-c1571f3c5943
2026-07-28 15:12:58.368 | INFO     | monitor:scan:273 - Reached Old Files
2026-07-28 15:12:58.369 | INFO     | monitor:scan:303 - No New Serial
2026-07-28 15:12:58.370 | INFO     | monitor:scan:325 - Nothing Changed
2026-07-28 15:12:58.371 | SUCCESS  | monitor:scan:331 - Scan Finished
2026-07-28 15:12:58.371 | INFO     | monitor:start:67 - Sleep 60 Seconds
2026-07-28 15:13:58.372 | INFO     | auth.login:ensure_login:354 - Checking Login...
2026-07-28 15:13:58.376 | SUCCESS  | auth.login:load_saved_token:192 - Saved Token Loaded
2026-07-28 15:13:58.378 | SUCCESS  | auth.login:ensure_login:362 - Using Saved Token
2026-07-28 15:13:58.379 | INFO     | monitor:scan:111 - Scanning Website...
2026-07-28 15:13:58.384 | INFO     | monitor:scan:125 - Loading Page 1
2026-07-28 15:13:58.385 | INFO     | api:get_files:60 - Loading Page 1
2026-07-28 15:13:58.835 | WARNING  | auth.login:get:411 - Access Token Expired
2026-07-28 15:13:58.835 | INFO     | auth.login:login:262 - Logging in...
2026-07-28 15:13:59.349 | SUCCESS  | auth.login:save_token:242 - Token Saved
2026-07-28 15:13:59.350 | SUCCESS  | auth.login:login:340 - Login Successful
2026-07-28 15:14:00.724 | INFO     | api:get_file:84 - Loading File 126d5180-1adb-5053-88b0-c1571f3c5943
2026-07-28 15:14:00.959 | INFO     | monitor:scan:273 - Reached Old Files
2026-07-28 15:14:00.960 | INFO     | monitor:scan:303 - No New Serial
2026-07-28 15:14:00.960 | INFO     | monitor:scan:325 - Nothing Changed
2026-07-28 15:14:00.961 | SUCCESS  | monitor:scan:331 - Scan Finished
2026-07-28 15:14:00.962 | INFO     | monitor:start:67 - Sleep 60 Seconds
2026-07-28 15:15:00.964 | INFO     | auth.login:ensure_login:354 - Checking Login...
2026-07-28 15:15:00.991 | SUCCESS  | auth.login:load_saved_token:192 - Saved Token Loaded
2026-07-28 15:15:00.992 | SUCCESS  | auth.login:ensure_login:362 - Using Saved Token
2026-07-28 15:15:00.992 | INFO     | monitor:scan:111 - Scanning Website...
2026-07-28 15:15:00.993 | INFO     | monitor:scan:125 - Loading Page 1
2026-07-28 15:15:00.994 | INFO     | api:get_files:60 - Loading Page 1
2026-07-28 15:15:04.472 | INFO     | api:get_file:84 - Loading File 126d5180-1adb-5053-88b0-c1571f3c5943
2026-07-28 15:15:04.710 | INFO     | monitor:scan:273 - Reached Old Files
2026-07-28 15:15:04.710 | INFO     | monitor:scan:303 - No New Serial
2026-07-28 15:15:04.710 | INFO     | monitor:scan:325 - Nothing Changed
2026-07-28 15:15:04.710 | SUCCESS  | monitor:scan:331 - Scan Finished
2026-07-28 15:15:04.711 | INFO     | monitor:start:67 - Sleep 60 Seconds
2026-07-28 15:16:04.712 | INFO     | auth.login:ensure_login:354 - Checking Login...
2026-07-28 15:16:04.716 | SUCCESS  | auth.login:load_saved_token:192 - Saved Token Loaded
2026-07-28 15:16:04.718 | SUCCESS  | auth.login:ensure_login:362 - Using Saved Token
2026-07-28 15:16:04.719 | INFO     | monitor:scan:111 - Scanning Website...
2026-07-28 15:16:04.720 | INFO     | monitor:scan:125 - Loading Page 1
2026-07-28 15:16:04.721 | INFO     | api:get_files:60 - Loading Page 1
2026-07-28 15:16:06.936 | INFO     | api:get_file:84 - Loading File 126d5180-1adb-5053-88b0-c1571f3c5943
2026-07-28 15:16:07.173 | INFO     | monitor:scan:273 - Reached Old Files
2026-07-28 15:16:07.174 | INFO     | monitor:scan:303 - No New Serial
2026-07-28 15:16:07.176 | INFO     | monitor:scan:325 - Nothing Changed
2026-07-28 15:16:07.177 | SUCCESS  | monitor:scan:331 - Scan Finished
2026-07-28 15:16:07.177 | INFO     | monitor:start:67 - Sleep 60 Seconds
2026-07-28 15:17:07.178 | INFO     | auth.login:ensure_login:354 - Checking Login...
2026-07-28 15:17:07.179 | SUCCESS  | auth.login:load_saved_token:192 - Saved Token Loaded
2026-07-28 15:17:07.180 | SUCCESS  | auth.login:ensure_login:362 - Using Saved Token
2026-07-28 15:17:07.180 | INFO     | monitor:scan:111 - Scanning Website...
2026-07-28 15:17:07.181 | INFO     | monitor:scan:125 - Loading Page 1
2026-07-28 15:17:07.181 | INFO     | api:get_files:60 - Loading Page 1
2026-07-28 15:17:10.908 | INFO     | api:get_file:84 - Loading File 126d5180-1adb-5053-88b0-c1571f3c5943
2026-07-28 15:17:11.331 | INFO     | monitor:scan:273 - Reached Old Files
2026-07-28 15:17:11.332 | INFO     | monitor:scan:303 - No New Serial
2026-07-28 15:17:11.333 | INFO     | monitor:scan:325 - Nothing Changed
2026-07-28 15:17:11.334 | SUCCESS  | monitor:scan:331 - Scan Finished
2026-07-28 15:17:11.335 | INFO     | monitor:start:67 - Sleep 60 Seconds
2026-07-28 15:18:11.338 | INFO     | auth.login:ensure_login:354 - Checking Login...
2026-07-28 15:18:11.338 | SUCCESS  | auth.login:load_saved_token:192 - Saved Token Loaded
2026-07-28 15:18:11.339 | SUCCESS  | auth.login:ensure_login:362 - Using Saved Token
2026-07-28 15:18:11.339 | INFO     | monitor:scan:111 - Scanning Website...
2026-07-28 15:18:11.340 | INFO     | monitor:scan:125 - Loading Page 1
2026-07-28 15:18:11.340 | INFO     | api:get_files:60 - Loading Page 1
2026-07-28 15:18:12.900 | INFO     | api:get_file:84 - Loading File 126d5180-1adb-5053-88b0-c1571f3c5943
2026-07-28 15:18:13.134 | INFO     | monitor:scan:273 - Reached Old Files
2026-07-28 15:18:13.134 | INFO     | monitor:scan:303 - No New Serial
2026-07-28 15:18:13.134 | INFO     | monitor:scan:325 - Nothing Changed
2026-07-28 15:18:13.134 | SUCCESS  | monitor:scan:331 - Scan Finished
2026-07-28 15:18:13.134 | INFO     | monitor:start:67 - Sleep 60 Seconds
2026-07-28 15:19:13.135 | INFO     | auth.login:ensure_login:354 - Checking Login...
2026-07-28 15:19:13.163 | SUCCESS  | auth.login:load_saved_token:192 - Saved Token Loaded
2026-07-28 15:19:13.163 | SUCCESS  | auth.login:ensure_login:362 - Using Saved Token
2026-07-28 15:19:13.163 | INFO     | monitor:scan:111 - Scanning Website...
2026-07-28 15:19:13.177 | INFO     | monitor:scan:125 - Loading Page 1
2026-07-28 15:19:13.177 | INFO     | api:get_files:60 - Loading Page 1
2026-07-28 15:19:16.701 | INFO     | api:get_file:84 - Loading File 126d5180-1adb-5053-88b0-c1571f3c5943
2026-07-28 15:19:16.947 | INFO     | monitor:scan:273 - Reached Old Files
2026-07-28 15:19:16.948 | INFO     | monitor:scan:303 - No New Serial
2026-07-28 15:19:16.949 | INFO     | monitor:scan:325 - Nothing Changed
2026-07-28 15:19:16.950 | SUCCESS  | monitor:scan:331 - Scan Finished
2026-07-28 15:19:16.952 | INFO     | monitor:start:67 - Sleep 60 Seconds
2026-07-28 15:20:16.954 | INFO     | auth.login:ensure_login:354 - Checking Login...
2026-07-28 15:20:16.957 | SUCCESS  | auth.login:load_saved_token:192 - Saved Token Loaded
2026-07-28 15:20:16.959 | SUCCESS  | auth.login:ensure_login:362 - Using Saved Token
2026-07-28 15:20:16.960 | INFO     | monitor:scan:111 - Scanning Website...
2026-07-28 15:20:16.960 | INFO     | monitor:scan:125 - Loading Page 1
2026-07-28 15:20:16.961 | INFO     | api:get_files:60 - Loading Page 1
2026-07-28 15:20:18.573 | INFO     | api:get_file:84 - Loading File 126d5180-1adb-5053-88b0-c1571f3c5943
2026-07-28 15:20:18.804 | INFO     | monitor:scan:273 - Reached Old Files
2026-07-28 15:20:18.805 | INFO     | monitor:scan:303 - No New Serial
2026-07-28 15:20:18.805 | INFO     | monitor:scan:325 - Nothing Changed
2026-07-28 15:20:18.805 | SUCCESS  | monitor:scan:331 - Scan Finished
2026-07-28 15:20:18.805 | INFO     | monitor:start:67 - Sleep 60 Seconds
2026-07-28 15:21:18.806 | INFO     | auth.login:ensure_login:354 - Checking Login...
2026-07-28 15:21:18.810 | SUCCESS  | auth.login:load_saved_token:192 - Saved Token Loaded
2026-07-28 15:21:18.811 | SUCCESS  | auth.login:ensure_login:362 - Using Saved Token
2026-07-28 15:21:18.812 | INFO     | monitor:scan:111 - Scanning Website...
2026-07-28 15:21:18.816 | INFO     | monitor:scan:125 - Loading Page 1
2026-07-28 15:21:18.817 | INFO     | api:get_files:60 - Loading Page 1
2026-07-28 15:21:20.914 | INFO     | api:get_file:84 - Loading File 126d5180-1adb-5053-88b0-c1571f3c5943
2026-07-28 15:21:21.155 | INFO     | monitor:scan:273 - Reached Old Files
2026-07-28 15:21:21.156 | INFO     | monitor:scan:303 - No New Serial
2026-07-28 15:21:21.158 | INFO     | monitor:scan:325 - Nothing Changed
2026-07-28 15:21:21.159 | SUCCESS  | monitor:scan:331 - Scan Finished
2026-07-28 15:21:21.160 | INFO     | monitor:start:67 - Sleep 60 Seconds
2026-07-28 15:22:21.161 | INFO     | auth.login:ensure_login:354 - Checking Login...
2026-07-28 15:22:21.165 | SUCCESS  | auth.login:load_saved_token:192 - Saved Token Loaded
2026-07-28 15:22:21.167 | SUCCESS  | auth.login:ensure_login:362 - Using Saved Token
2026-07-28 15:22:21.168 | INFO     | monitor:scan:111 - Scanning Website...
2026-07-28 15:22:21.173 | INFO     | monitor:scan:125 - Loading Page 1
2026-07-28 15:22:21.174 | INFO     | api:get_files:60 - Loading Page 1
2026-07-28 15:22:24.434 | INFO     | api:get_file:84 - Loading File 126d5180-1adb-5053-88b0-c1571f3c5943
2026-07-28 15:22:24.676 | INFO     | monitor:scan:273 - Reached Old Files
2026-07-28 15:22:24.677 | INFO     | monitor:scan:303 - No New Serial
2026-07-28 15:22:24.677 | INFO     | monitor:scan:325 - Nothing Changed
2026-07-28 15:22:24.678 | SUCCESS  | monitor:scan:331 - Scan Finished
2026-07-28 15:22:24.678 | INFO     | monitor:start:67 - Sleep 60 Seconds
2026-07-28 15:23:24.681 | INFO     | auth.login:ensure_login:354 - Checking Login...
2026-07-28 15:23:24.685 | SUCCESS  | auth.login:load_saved_token:192 - Saved Token Loaded
2026-07-28 15:23:24.688 | SUCCESS  | auth.login:ensure_login:362 - Using Saved Token
2026-07-28 15:23:24.688 | INFO     | monitor:scan:111 - Scanning Website...
2026-07-28 15:23:24.688 | INFO     | monitor:scan:125 - Loading Page 1
2026-07-28 15:23:24.689 | INFO     | api:get_files:60 - Loading Page 1
2026-07-28 15:23:26.452 | INFO     | api:get_file:84 - Loading File 126d5180-1adb-5053-88b0-c1571f3c5943
2026-07-28 15:23:26.682 | INFO     | monitor:scan:273 - Reached Old Files
2026-07-28 15:23:26.682 | INFO     | monitor:scan:303 - No New Serial
2026-07-28 15:23:26.682 | INFO     | monitor:scan:325 - Nothing Changed
2026-07-28 15:23:26.682 | SUCCESS  | monitor:scan:331 - Scan Finished
2026-07-28 15:23:26.683 | INFO     | monitor:start:67 - Sleep 60 Seconds
2026-07-28 15:24:26.683 | INFO     | auth.login:ensure_login:354 - Checking Login...
2026-07-28 15:24:26.684 | SUCCESS  | auth.login:load_saved_token:192 - Saved Token Loaded
2026-07-28 15:24:26.684 | SUCCESS  | auth.login:ensure_login:362 - Using Saved Token
2026-07-28 15:24:26.684 | INFO     | monitor:scan:111 - Scanning Website...
2026-07-28 15:24:26.685 | INFO     | monitor:scan:125 - Loading Page 1
2026-07-28 15:24:26.685 | INFO     | api:get_files:60 - Loading Page 1
2026-07-28 15:24:27.140 | WARNING  | auth.login:get:411 - Access Token Expired
2026-07-28 15:24:27.140 | INFO     | auth.login:login:262 - Logging in...
2026-07-28 15:24:27.621 | SUCCESS  | auth.login:save_token:242 - Token Saved
2026-07-28 15:24:27.623 | SUCCESS  | auth.login:login:340 - Login Successful
2026-07-28 15:24:30.869 | INFO     | api:get_file:84 - Loading File 126d5180-1adb-5053-88b0-c1571f3c5943
2026-07-28 15:24:31.100 | INFO     | monitor:scan:273 - Reached Old Files
2026-07-28 15:24:31.101 | INFO     | monitor:scan:303 - No New Serial
2026-07-28 15:24:31.101 | INFO     | monitor:scan:325 - Nothing Changed
2026-07-28 15:24:31.101 | SUCCESS  | monitor:scan:331 - Scan Finished
2026-07-28 15:24:31.102 | INFO     | monitor:start:67 - Sleep 60 Seconds
2026-07-28 15:25:31.102 | INFO     | auth.login:ensure_login:354 - Checking Login...
2026-07-28 15:25:31.121 | SUCCESS  | auth.login:load_saved_token:192 - Saved Token Loaded
2026-07-28 15:25:31.122 | SUCCESS  | auth.login:ensure_login:362 - Using Saved Token
2026-07-28 15:25:31.122 | INFO     | monitor:scan:111 - Scanning Website...
2026-07-28 15:25:31.123 | INFO     | monitor:scan:125 - Loading Page 1
2026-07-28 15:25:31.123 | INFO     | api:get_files:60 - Loading Page 1
2026-07-28 15:25:32.927 | INFO     | api:get_file:84 - Loading File 126d5180-1adb-5053-88b0-c1571f3c5943
2026-07-28 15:25:33.161 | INFO     | monitor:scan:273 - Reached Old Files
2026-07-28 15:25:33.161 | INFO     | monitor:scan:303 - No New Serial
2026-07-28 15:25:33.162 | INFO     | monitor:scan:325 - Nothing Changed
2026-07-28 15:25:33.162 | SUCCESS  | monitor:scan:331 - Scan Finished
2026-07-28 15:25:33.162 | INFO     | monitor:start:67 - Sleep 60 Seconds
2026-07-28 15:26:33.163 | INFO     | auth.login:ensure_login:354 - Checking Login...
2026-07-28 15:26:33.166 | SUCCESS  | auth.login:load_saved_token:192 - Saved Token Loaded
2026-07-28 15:26:33.167 | SUCCESS  | auth.login:ensure_login:362 - Using Saved Token
2026-07-28 15:26:33.168 | INFO     | monitor:scan:111 - Scanning Website...
2026-07-28 15:26:33.171 | INFO     | monitor:scan:125 - Loading Page 1
2026-07-28 15:26:33.171 | INFO     | api:get_files:60 - Loading Page 1
2026-07-28 15:26:36.296 | INFO     | api:get_file:84 - Loading File 126d5180-1adb-5053-88b0-c1571f3c5943
2026-07-28 15:26:37.307 | INFO     | monitor:scan:273 - Reached Old Files
2026-07-28 15:26:37.308 | INFO     | monitor:scan:303 - No New Serial
2026-07-28 15:26:37.309 | INFO     | monitor:scan:325 - Nothing Changed
2026-07-28 15:26:37.311 | SUCCESS  | monitor:scan:331 - Scan Finished
2026-07-28 15:26:37.313 | INFO     | monitor:start:67 - Sleep 60 Seconds
2026-07-28 15:27:37.315 | INFO     | auth.login:ensure_login:354 - Checking Login...
2026-07-28 15:27:37.320 | SUCCESS  | auth.login:load_saved_token:192 - Saved Token Loaded
2026-07-28 15:27:37.321 | SUCCESS  | auth.login:ensure_login:362 - Using Saved Token
2026-07-28 15:27:37.322 | INFO     | monitor:scan:111 - Scanning Website...
2026-07-28 15:27:37.323 | INFO     | monitor:scan:125 - Loading Page 1
2026-07-28 15:27:37.324 | INFO     | api:get_files:60 - Loading Page 1
2026-07-28 15:27:57.427 | INFO     | api:get_file:84 - Loading File 126d5180-1adb-5053-88b0-c1571f3c5943
2026-07-28 15:27:57.667 | INFO     | monitor:scan:273 - Reached Old Files
2026-07-28 15:27:57.668 | INFO     | monitor:scan:303 - No New Serial
2026-07-28 15:27:57.670 | INFO     | monitor:scan:325 - Nothing Changed
2026-07-28 15:27:57.672 | SUCCESS  | monitor:scan:331 - Scan Finished
2026-07-28 15:27:57.674 | INFO     | monitor:start:67 - Sleep 60 Seconds
2026-07-28 15:28:57.677 | INFO     | auth.login:ensure_login:354 - Checking Login...
2026-07-28 15:28:57.680 | SUCCESS  | auth.login:load_saved_token:192 - Saved Token Loaded
2026-07-28 15:28:57.682 | SUCCESS  | auth.login:ensure_login:362 - Using Saved Token
2026-07-28 15:28:57.682 | INFO     | monitor:scan:111 - Scanning Website...
2026-07-28 15:28:57.684 | INFO     | monitor:scan:125 - Loading Page 1
2026-07-28 15:28:57.684 | INFO     | api:get_files:60 - Loading Page 1
2026-07-28 15:29:00.786 | INFO     | api:get_file:84 - Loading File 126d5180-1adb-5053-88b0-c1571f3c5943
2026-07-28 15:29:01.712 | INFO     | monitor:scan:273 - Reached Old Files
2026-07-28 15:29:01.712 | INFO     | monitor:scan:303 - No New Serial
2026-07-28 15:29:01.712 | INFO     | monitor:scan:325 - Nothing Changed
2026-07-28 15:29:01.712 | SUCCESS  | monitor:scan:331 - Scan Finished
2026-07-28 15:29:01.713 | INFO     | monitor:start:67 - Sleep 60 Seconds
2026-07-28 15:30:01.713 | INFO     | auth.login:ensure_login:354 - Checking Login...
2026-07-28 15:30:01.714 | SUCCESS  | auth.login:load_saved_token:192 - Saved Token Loaded
2026-07-28 15:30:01.715 | SUCCESS  | auth.login:ensure_login:362 - Using Saved Token
2026-07-28 15:30:01.716 | INFO     | monitor:scan:111 - Scanning Website...
2026-07-28 15:30:01.717 | INFO     | monitor:scan:125 - Loading Page 1
2026-07-28 15:30:01.717 | INFO     | api:get_files:60 - Loading Page 1
2026-07-28 15:30:10.829 | INFO     | api:get_file:84 - Loading File 126d5180-1adb-5053-88b0-c1571f3c5943
2026-07-28 15:30:11.488 | INFO     | monitor:scan:273 - Reached Old Files
2026-07-28 15:30:11.490 | INFO     | monitor:scan:303 - No New Serial
2026-07-28 15:30:11.491 | INFO     | monitor:scan:325 - Nothing Changed
2026-07-28 15:30:11.491 | SUCCESS  | monitor:scan:331 - Scan Finished
2026-07-28 15:30:11.492 | INFO     | monitor:start:67 - Sleep 60 Seconds
2026-07-28 15:31:11.493 | INFO     | auth.login:ensure_login:354 - Checking Login...
2026-07-28 15:31:11.495 | SUCCESS  | auth.login:load_saved_token:192 - Saved Token Loaded
2026-07-28 15:31:11.496 | SUCCESS  | auth.login:ensure_login:362 - Using Saved Token
2026-07-28 15:31:11.497 | INFO     | monitor:scan:111 - Scanning Website...
2026-07-28 15:31:11.499 | INFO     | monitor:scan:125 - Loading Page 1
2026-07-28 15:31:11.499 | INFO     | api:get_files:60 - Loading Page 1
2026-07-28 15:31:16.420 | INFO     | api:get_file:84 - Loading File 126d5180-1adb-5053-88b0-c1571f3c5943
2026-07-28 15:31:17.872 | INFO     | monitor:scan:273 - Reached Old Files
2026-07-28 15:31:17.872 | INFO     | monitor:scan:303 - No New Serial
2026-07-28 15:31:17.873 | INFO     | monitor:scan:325 - Nothing Changed
2026-07-28 15:31:17.873 | SUCCESS  | monitor:scan:331 - Scan Finished
2026-07-28 15:31:17.874 | INFO     | monitor:start:67 - Sleep 60 Seconds
2026-07-28 15:32:17.875 | INFO     | auth.login:ensure_login:354 - Checking Login...
2026-07-28 15:32:17.875 | SUCCESS  | auth.login:load_saved_token:192 - Saved Token Loaded
2026-07-28 15:32:17.876 | SUCCESS  | auth.login:ensure_login:362 - Using Saved Token
2026-07-28 15:32:17.876 | INFO     | monitor:scan:111 - Scanning Website...
2026-07-28 15:32:17.877 | INFO     | monitor:scan:125 - Loading Page 1
2026-07-28 15:32:17.877 | INFO     | api:get_files:60 - Loading Page 1
2026-07-28 15:32:30.773 | INFO     | api:get_file:84 - Loading File 126d5180-1adb-5053-88b0-c1571f3c5943
2026-07-28 15:32:34.088 | INFO     | monitor:scan:273 - Reached Old Files
2026-07-28 15:32:34.088 | INFO     | monitor:scan:303 - No New Serial
2026-07-28 15:32:34.089 | INFO     | monitor:scan:325 - Nothing Changed
2026-07-28 15:32:34.090 | SUCCESS  | monitor:scan:331 - Scan Finished
2026-07-28 15:32:34.091 | INFO     | monitor:start:67 - Sleep 60 Seconds
2026-07-28 15:33:34.093 | INFO     | auth.login:ensure_login:354 - Checking Login...
2026-07-28 15:33:34.094 | SUCCESS  | auth.login:load_saved_token:192 - Saved Token Loaded
2026-07-28 15:33:34.094 | SUCCESS  | auth.login:ensure_login:362 - Using Saved Token
2026-07-28 15:33:34.094 | INFO     | monitor:scan:111 - Scanning Website...
2026-07-28 15:33:34.095 | INFO     | monitor:scan:125 - Loading Page 1
2026-07-28 15:33:34.095 | INFO     | api:get_files:60 - Loading Page 1
2026-07-28 15:33:39.112 | INFO     | api:get_file:84 - Loading File 126d5180-1adb-5053-88b0-c1571f3c5943
2026-07-28 15:33:40.778 | INFO     | monitor:scan:273 - Reached Old Files
2026-07-28 15:33:40.779 | INFO     | monitor:scan:303 - No New Serial
2026-07-28 15:33:40.779 | INFO     | monitor:scan:325 - Nothing Changed
2026-07-28 15:33:40.779 | SUCCESS  | monitor:scan:331 - Scan Finished
2026-07-28 15:33:40.780 | INFO     | monitor:start:67 - Sleep 60 Seconds
2026-07-28 15:34:40.781 | INFO     | auth.login:ensure_login:354 - Checking Login...
2026-07-28 15:34:40.785 | SUCCESS  | auth.login:load_saved_token:192 - Saved Token Loaded
2026-07-28 15:34:40.786 | SUCCESS  | auth.login:ensure_login:362 - Using Saved Token
2026-07-28 15:34:40.787 | INFO     | monitor:scan:111 - Scanning Website...
2026-07-28 15:34:40.788 | INFO     | monitor:scan:125 - Loading Page 1
2026-07-28 15:34:40.789 | INFO     | api:get_files:60 - Loading Page 1
2026-07-28 15:34:41.268 | WARNING  | auth.login:get:411 - Access Token Expired
2026-07-28 15:34:41.269 | INFO     | auth.login:login:262 - Logging in...
2026-07-28 15:34:41.740 | SUCCESS  | auth.login:save_token:242 - Token Saved
2026-07-28 15:34:41.740 | SUCCESS  | auth.login:login:340 - Login Successful
2026-07-28 15:34:45.122 | INFO     | api:get_file:84 - Loading File 126d5180-1adb-5053-88b0-c1571f3c5943
2026-07-28 15:34:47.524 | INFO     | monitor:scan:273 - Reached Old Files
2026-07-28 15:34:47.525 | INFO     | monitor:scan:303 - No New Serial
2026-07-28 15:34:47.525 | INFO     | monitor:scan:325 - Nothing Changed
2026-07-28 15:34:47.526 | SUCCESS  | monitor:scan:331 - Scan Finished
2026-07-28 15:34:47.526 | INFO     | monitor:start:67 - Sleep 60 Seconds
2026-07-28 15:35:47.527 | INFO     | auth.login:ensure_login:354 - Checking Login...
2026-07-28 15:35:47.540 | SUCCESS  | auth.login:load_saved_token:192 - Saved Token Loaded
2026-07-28 15:35:47.540 | SUCCESS  | auth.login:ensure_login:362 - Using Saved Token
2026-07-28 15:35:47.540 | INFO     | monitor:scan:111 - Scanning Website...
2026-07-28 15:35:47.541 | INFO     | monitor:scan:125 - Loading Page 1
2026-07-28 15:35:47.541 | INFO     | api:get_files:60 - Loading Page 1
2026-07-28 15:35:49.050 | INFO     | api:get_file:84 - Loading File 126d5180-1adb-5053-88b0-c1571f3c5943
2026-07-28 15:35:49.289 | INFO     | monitor:scan:273 - Reached Old Files
2026-07-28 15:35:49.291 | INFO     | monitor:scan:303 - No New Serial
2026-07-28 15:35:49.292 | INFO     | monitor:scan:325 - Nothing Changed
2026-07-28 15:35:49.293 | SUCCESS  | monitor:scan:331 - Scan Finished
2026-07-28 15:35:49.295 | INFO     | monitor:start:67 - Sleep 60 Seconds
2026-07-28 15:36:49.297 | INFO     | auth.login:ensure_login:354 - Checking Login...
2026-07-28 15:36:49.302 | SUCCESS  | auth.login:load_saved_token:192 - Saved Token Loaded
2026-07-28 15:36:49.303 | SUCCESS  | auth.login:ensure_login:362 - Using Saved Token
2026-07-28 15:36:49.304 | INFO     | monitor:scan:111 - Scanning Website...
2026-07-28 15:36:49.307 | INFO     | monitor:scan:125 - Loading Page 1
2026-07-28 15:36:49.309 | INFO     | api:get_files:60 - Loading Page 1
2026-07-28 15:36:50.927 | INFO     | api:get_file:84 - Loading File 126d5180-1adb-5053-88b0-c1571f3c5943
2026-07-28 15:36:51.160 | INFO     | monitor:scan:273 - Reached Old Files
2026-07-28 15:36:51.161 | INFO     | monitor:scan:303 - No New Serial
2026-07-28 15:36:51.161 | INFO     | monitor:scan:325 - Nothing Changed
2026-07-28 15:36:51.161 | SUCCESS  | monitor:scan:331 - Scan Finished
2026-07-28 15:36:51.164 | INFO     | monitor:start:67 - Sleep 60 Seconds
2026-07-28 15:37:51.165 | INFO     | auth.login:ensure_login:354 - Checking Login...
2026-07-28 15:37:51.167 | SUCCESS  | auth.login:load_saved_token:192 - Saved Token Loaded
2026-07-28 15:37:51.167 | SUCCESS  | auth.login:ensure_login:362 - Using Saved Token
2026-07-28 15:37:51.168 | INFO     | monitor:scan:111 - Scanning Website...
2026-07-28 15:37:51.169 | INFO     | monitor:scan:125 - Loading Page 1
2026-07-28 15:37:51.171 | INFO     | api:get_files:60 - Loading Page 1
2026-07-28 15:37:54.707 | INFO     | api:get_file:84 - Loading File 126d5180-1adb-5053-88b0-c1571f3c5943
2026-07-28 15:37:55.105 | INFO     | monitor:scan:273 - Reached Old Files
2026-07-28 15:37:55.105 | INFO     | monitor:scan:303 - No New Serial
2026-07-28 15:37:55.106 | INFO     | monitor:scan:325 - Nothing Changed
2026-07-28 15:37:55.106 | SUCCESS  | monitor:scan:331 - Scan Finished
2026-07-28 15:37:55.107 | INFO     | monitor:start:67 - Sleep 60 Seconds
2026-07-28 15:38:55.108 | INFO     | auth.login:ensure_login:354 - Checking Login...
2026-07-28 15:38:55.109 | SUCCESS  | auth.login:load_saved_token:192 - Saved Token Loaded
2026-07-28 15:38:55.109 | SUCCESS  | auth.login:ensure_login:362 - Using Saved Token
2026-07-28 15:38:55.109 | INFO     | monitor:scan:111 - Scanning Website...
2026-07-28 15:38:55.112 | INFO     | monitor:scan:125 - Loading Page 1
2026-07-28 15:38:55.114 | INFO     | api:get_files:60 - Loading Page 1
2026-07-28 15:38:58.243 | INFO     | api:get_file:84 - Loading File 126d5180-1adb-5053-88b0-c1571f3c5943
2026-07-28 15:38:58.664 | INFO     | monitor:scan:273 - Reached Old Files
2026-07-28 15:38:58.665 | INFO     | monitor:scan:303 - No New Serial
2026-07-28 15:38:58.665 | INFO     | monitor:scan:325 - Nothing Changed
2026-07-28 15:38:58.665 | SUCCESS  | monitor:scan:331 - Scan Finished
2026-07-28 15:38:58.665 | INFO     | monitor:start:67 - Sleep 60 Seconds
2026-07-28 15:39:58.666 | INFO     | auth.login:ensure_login:354 - Checking Login...
2026-07-28 15:39:58.667 | SUCCESS  | auth.login:load_saved_token:192 - Saved Token Loaded
2026-07-28 15:39:58.667 | SUCCESS  | auth.login:ensure_login:362 - Using Saved Token
2026-07-28 15:39:58.667 | INFO     | monitor:scan:111 - Scanning Website...
2026-07-28 15:39:58.668 | INFO     | monitor:scan:125 - Loading Page 1
2026-07-28 15:39:58.668 | INFO     | api:get_files:60 - Loading Page 1
2026-07-28 15:40:01.694 | INFO     | api:get_file:84 - Loading File 126d5180-1adb-5053-88b0-c1571f3c5943
2026-07-28 15:40:01.929 | INFO     | monitor:scan:273 - Reached Old Files
2026-07-28 15:40:01.929 | INFO     | monitor:scan:303 - No New Serial
2026-07-28 15:40:01.929 | INFO     | monitor:scan:325 - Nothing Changed
2026-07-28 15:40:01.929 | SUCCESS  | monitor:scan:331 - Scan Finished
2026-07-28 15:40:01.930 | INFO     | monitor:start:67 - Sleep 60 Seconds
2026-07-28 15:41:01.931 | INFO     | auth.login:ensure_login:354 - Checking Login...
2026-07-28 15:41:01.934 | SUCCESS  | auth.login:load_saved_token:192 - Saved Token Loaded
2026-07-28 15:41:01.935 | SUCCESS  | auth.login:ensure_login:362 - Using Saved Token
2026-07-28 15:41:01.936 | INFO     | monitor:scan:111 - Scanning Website...
2026-07-28 15:41:01.938 | INFO     | monitor:scan:125 - Loading Page 1
2026-07-28 15:41:01.938 | INFO     | api:get_files:60 - Loading Page 1
2026-07-28 15:41:03.627 | INFO     | api:get_file:84 - Loading File 126d5180-1adb-5053-88b0-c1571f3c5943
2026-07-28 15:41:03.878 | INFO     | monitor:scan:273 - Reached Old Files
2026-07-28 15:41:03.878 | INFO     | monitor:scan:303 - No New Serial
2026-07-28 15:41:03.878 | INFO     | monitor:scan:325 - Nothing Changed
2026-07-28 15:41:03.878 | SUCCESS  | monitor:scan:331 - Scan Finished
2026-07-28 15:41:03.879 | INFO     | monitor:start:67 - Sleep 60 Seconds
2026-07-28 15:42:03.880 | INFO     | auth.login:ensure_login:354 - Checking Login...
2026-07-28 15:42:03.883 | SUCCESS  | auth.login:load_saved_token:192 - Saved Token Loaded
2026-07-28 15:42:03.883 | SUCCESS  | auth.login:ensure_login:362 - Using Saved Token
2026-07-28 15:42:03.883 | INFO     | monitor:scan:111 - Scanning Website...
2026-07-28 15:42:03.886 | INFO     | monitor:scan:125 - Loading Page 1
2026-07-28 15:42:03.886 | INFO     | api:get_files:60 - Loading Page 1
2026-07-28 15:42:05.414 | INFO     | api:get_file:84 - Loading File 126d5180-1adb-5053-88b0-c1571f3c5943
2026-07-28 15:42:05.652 | INFO     | monitor:scan:273 - Reached Old Files
2026-07-28 15:42:05.652 | INFO     | monitor:scan:303 - No New Serial
2026-07-28 15:42:05.653 | INFO     | monitor:scan:325 - Nothing Changed
2026-07-28 15:42:05.654 | SUCCESS  | monitor:scan:331 - Scan Finished
2026-07-28 15:42:05.655 | INFO     | monitor:start:67 - Sleep 60 Seconds
2026-07-28 15:43:05.656 | INFO     | auth.login:ensure_login:354 - Checking Login...
2026-07-28 15:43:05.657 | SUCCESS  | auth.login:load_saved_token:192 - Saved Token Loaded
2026-07-28 15:43:05.657 | SUCCESS  | auth.login:ensure_login:362 - Using Saved Token
2026-07-28 15:43:05.657 | INFO     | monitor:scan:111 - Scanning Website...
2026-07-28 15:43:05.658 | INFO     | monitor:scan:125 - Loading Page 1
2026-07-28 15:43:05.658 | INFO     | api:get_files:60 - Loading Page 1
2026-07-28 15:43:07.303 | INFO     | api:get_file:84 - Loading File 126d5180-1adb-5053-88b0-c1571f3c5943
2026-07-28 15:43:07.539 | INFO     | monitor:scan:273 - Reached Old Files
2026-07-28 15:43:07.539 | INFO     | monitor:scan:303 - No New Serial
2026-07-28 15:43:07.539 | INFO     | monitor:scan:325 - Nothing Changed
2026-07-28 15:43:07.540 | SUCCESS  | monitor:scan:331 - Scan Finished
2026-07-28 15:43:07.540 | INFO     | monitor:start:67 - Sleep 60 Seconds
2026-07-28 15:44:07.541 | INFO     | auth.login:ensure_login:354 - Checking Login...
2026-07-28 15:44:07.543 | SUCCESS  | auth.login:load_saved_token:192 - Saved Token Loaded
2026-07-28 15:44:07.543 | SUCCESS  | auth.login:ensure_login:362 - Using Saved Token
2026-07-28 15:44:07.544 | INFO     | monitor:scan:111 - Scanning Website...
2026-07-28 15:44:07.546 | INFO     | monitor:scan:125 - Loading Page 1
2026-07-28 15:44:07.546 | INFO     | api:get_files:60 - Loading Page 1
2026-07-28 15:44:09.742 | INFO     | api:get_file:84 - Loading File 126d5180-1adb-5053-88b0-c1571f3c5943
2026-07-28 15:44:10.007 | INFO     | monitor:scan:273 - Reached Old Files
2026-07-28 15:44:10.007 | INFO     | monitor:scan:303 - No New Serial
2026-07-28 15:44:10.008 | INFO     | monitor:scan:325 - Nothing Changed
2026-07-28 15:44:10.008 | SUCCESS  | monitor:scan:331 - Scan Finished
2026-07-28 15:44:10.008 | INFO     | monitor:start:67 - Sleep 60 Seconds
2026-07-28 15:45:10.009 | INFO     | auth.login:ensure_login:354 - Checking Login...
2026-07-28 15:45:10.009 | SUCCESS  | auth.login:load_saved_token:192 - Saved Token Loaded
2026-07-28 15:45:10.009 | SUCCESS  | auth.login:ensure_login:362 - Using Saved Token
2026-07-28 15:45:10.010 | INFO     | monitor:scan:111 - Scanning Website...
2026-07-28 15:45:10.010 | INFO     | monitor:scan:125 - Loading Page 1
2026-07-28 15:45:10.010 | INFO     | api:get_files:60 - Loading Page 1
2026-07-28 15:45:10.437 | WARNING  | auth.login:get:411 - Access Token Expired
2026-07-28 15:45:10.439 | INFO     | auth.login:login:262 - Logging in...
2026-07-28 15:45:10.884 | SUCCESS  | auth.login:save_token:242 - Token Saved
2026-07-28 15:45:10.885 | SUCCESS  | auth.login:login:340 - Login Successful
2026-07-28 15:45:13.440 | INFO     | api:get_file:84 - Loading File 126d5180-1adb-5053-88b0-c1571f3c5943
2026-07-28 15:45:13.672 | INFO     | monitor:scan:273 - Reached Old Files
2026-07-28 15:45:13.672 | INFO     | monitor:scan:303 - No New Serial
2026-07-28 15:45:13.672 | INFO     | monitor:scan:325 - Nothing Changed
2026-07-28 15:45:13.672 | SUCCESS  | monitor:scan:331 - Scan Finished
2026-07-28 15:45:13.673 | INFO     | monitor:start:67 - Sleep 60 Seconds
2026-07-28 15:46:13.675 | INFO     | auth.login:ensure_login:354 - Checking Login...
2026-07-28 15:46:13.689 | SUCCESS  | auth.login:load_saved_token:192 - Saved Token Loaded
2026-07-28 15:46:13.689 | SUCCESS  | auth.login:ensure_login:362 - Using Saved Token
2026-07-28 15:46:13.689 | INFO     | monitor:scan:111 - Scanning Website...
2026-07-28 15:46:13.690 | INFO     | monitor:scan:125 - Loading Page 1
2026-07-28 15:46:13.690 | INFO     | api:get_files:60 - Loading Page 1
2026-07-28 15:46:16.805 | INFO     | api:get_file:84 - Loading File 126d5180-1adb-5053-88b0-c1571f3c5943
2026-07-28 15:46:17.036 | INFO     | monitor:scan:273 - Reached Old Files
2026-07-28 15:46:17.036 | INFO     | monitor:scan:303 - No New Serial
2026-07-28 15:46:17.036 | INFO     | monitor:scan:325 - Nothing Changed
2026-07-28 15:46:17.036 | SUCCESS  | monitor:scan:331 - Scan Finished
2026-07-28 15:46:17.037 | INFO     | monitor:start:67 - Sleep 60 Seconds
2026-07-28 15:47:17.037 | INFO     | auth.login:ensure_login:354 - Checking Login...
2026-07-28 15:47:17.039 | SUCCESS  | auth.login:load_saved_token:192 - Saved Token Loaded
2026-07-28 15:47:17.039 | SUCCESS  | auth.login:ensure_login:362 - Using Saved Token
2026-07-28 15:47:17.039 | INFO     | monitor:scan:111 - Scanning Website...
2026-07-28 15:47:17.041 | INFO     | monitor:scan:125 - Loading Page 1
2026-07-28 15:47:17.041 | INFO     | api:get_files:60 - Loading Page 1
2026-07-28 15:47:18.483 | INFO     | api:get_file:84 - Loading File 126d5180-1adb-5053-88b0-c1571f3c5943
2026-07-28 15:47:18.709 | INFO     | monitor:scan:273 - Reached Old Files
2026-07-28 15:47:18.709 | INFO     | monitor:scan:303 - No New Serial
2026-07-28 15:47:18.710 | INFO     | monitor:scan:325 - Nothing Changed
2026-07-28 15:47:18.710 | SUCCESS  | monitor:scan:331 - Scan Finished
2026-07-28 15:47:18.711 | INFO     | monitor:start:67 - Sleep 60 Seconds
2026-07-28 15:48:18.712 | INFO     | auth.login:ensure_login:354 - Checking Login...
2026-07-28 15:48:18.712 | SUCCESS  | auth.login:load_saved_token:192 - Saved Token Loaded
2026-07-28 15:48:18.713 | SUCCESS  | auth.login:ensure_login:362 - Using Saved Token
2026-07-28 15:48:18.713 | INFO     | monitor:scan:111 - Scanning Website...
2026-07-28 15:48:18.714 | INFO     | monitor:scan:125 - Loading Page 1
2026-07-28 15:48:18.714 | INFO     | api:get_files:60 - Loading Page 1
2026-07-28 15:48:20.476 | INFO     | api:get_file:84 - Loading File 126d5180-1adb-5053-88b0-c1571f3c5943
2026-07-28 15:48:20.716 | INFO     | monitor:scan:273 - Reached Old Files
2026-07-28 15:48:20.717 | INFO     | monitor:scan:303 - No New Serial
2026-07-28 15:48:20.718 | INFO     | monitor:scan:325 - Nothing Changed
2026-07-28 15:48:20.718 | SUCCESS  | monitor:scan:331 - Scan Finished
2026-07-28 15:48:20.720 | INFO     | monitor:start:67 - Sleep 60 Seconds
2026-07-28 15:49:20.721 | INFO     | auth.login:ensure_login:354 - Checking Login...
2026-07-28 15:49:20.722 | SUCCESS  | auth.login:load_saved_token:192 - Saved Token Loaded
2026-07-28 15:49:20.723 | SUCCESS  | auth.login:ensure_login:362 - Using Saved Token
2026-07-28 15:49:20.723 | INFO     | monitor:scan:111 - Scanning Website...
2026-07-28 15:49:20.723 | INFO     | monitor:scan:125 - Loading Page 1
2026-07-28 15:49:20.723 | INFO     | api:get_files:60 - Loading Page 1
2026-07-28 15:49:22.313 | INFO     | api:get_file:84 - Loading File 126d5180-1adb-5053-88b0-c1571f3c5943
2026-07-28 15:49:22.540 | INFO     | monitor:scan:273 - Reached Old Files
2026-07-28 15:49:22.540 | INFO     | monitor:scan:303 - No New Serial
2026-07-28 15:49:22.540 | INFO     | monitor:scan:325 - Nothing Changed
2026-07-28 15:49:22.541 | SUCCESS  | monitor:scan:331 - Scan Finished
2026-07-28 15:49:22.541 | INFO     | monitor:start:67 - Sleep 60 Seconds
2026-07-28 15:50:22.541 | INFO     | auth.login:ensure_login:354 - Checking Login...
2026-07-28 15:50:22.542 | SUCCESS  | auth.login:load_saved_token:192 - Saved Token Loaded
2026-07-28 15:50:22.542 | SUCCESS  | auth.login:ensure_login:362 - Using Saved Token
2026-07-28 15:50:22.542 | INFO     | monitor:scan:111 - Scanning Website...
2026-07-28 15:50:22.543 | INFO     | monitor:scan:125 - Loading Page 1
2026-07-28 15:50:22.543 | INFO     | api:get_files:60 - Loading Page 1
2026-07-28 15:50:24.113 | INFO     | api:get_file:84 - Loading File 126d5180-1adb-5053-88b0-c1571f3c5943
2026-07-28 15:50:24.347 | INFO     | monitor:scan:273 - Reached Old Files
2026-07-28 15:50:24.348 | INFO     | monitor:scan:303 - No New Serial
2026-07-28 15:50:24.349 | INFO     | monitor:scan:325 - Nothing Changed
2026-07-28 15:50:24.351 | SUCCESS  | monitor:scan:331 - Scan Finished
2026-07-28 15:50:24.353 | INFO     | monitor:start:67 - Sleep 60 Seconds
2026-07-28 15:51:24.356 | INFO     | auth.login:ensure_login:354 - Checking Login...
2026-07-28 15:51:24.361 | SUCCESS  | auth.login:load_saved_token:192 - Saved Token Loaded
2026-07-28 15:51:24.364 | SUCCESS  | auth.login:ensure_login:362 - Using Saved Token
2026-07-28 15:51:24.365 | INFO     | monitor:scan:111 - Scanning Website...
2026-07-28 15:51:24.368 | INFO     | monitor:scan:125 - Loading Page 1
2026-07-28 15:51:24.368 | INFO     | api:get_files:60 - Loading Page 1
2026-07-28 15:51:28.682 | INFO     | api:get_file:84 - Loading File 126d5180-1adb-5053-88b0-c1571f3c5943
2026-07-28 15:51:29.137 | INFO     | monitor:scan:273 - Reached Old Files
2026-07-28 15:51:29.137 | INFO     | monitor:scan:303 - No New Serial
2026-07-28 15:51:29.137 | INFO     | monitor:scan:325 - Nothing Changed
2026-07-28 15:51:29.137 | SUCCESS  | monitor:scan:331 - Scan Finished
2026-07-28 15:51:29.137 | INFO     | monitor:start:67 - Sleep 60 Seconds
2026-07-28 15:52:29.137 | INFO     | auth.login:ensure_login:354 - Checking Login...
2026-07-28 15:52:29.138 | SUCCESS  | auth.login:load_saved_token:192 - Saved Token Loaded
2026-07-28 15:52:29.138 | SUCCESS  | auth.login:ensure_login:362 - Using Saved Token
2026-07-28 15:52:29.139 | INFO     | monitor:scan:111 - Scanning Website...
2026-07-28 15:52:29.139 | INFO     | monitor:scan:125 - Loading Page 1
2026-07-28 15:52:29.140 | INFO     | api:get_files:60 - Loading Page 1
2026-07-28 15:52:30.664 | INFO     | api:get_file:84 - Loading File 126d5180-1adb-5053-88b0-c1571f3c5943
2026-07-28 15:52:30.906 | INFO     | monitor:scan:273 - Reached Old Files
2026-07-28 15:52:30.907 | INFO     | monitor:scan:303 - No New Serial
2026-07-28 15:52:30.908 | INFO     | monitor:scan:325 - Nothing Changed
2026-07-28 15:52:30.909 | SUCCESS  | monitor:scan:331 - Scan Finished
2026-07-28 15:52:30.911 | INFO     | monitor:start:67 - Sleep 60 Seconds
2026-07-28 15:53:30.912 | INFO     | auth.login:ensure_login:354 - Checking Login...
2026-07-28 15:53:30.915 | SUCCESS  | auth.login:load_saved_token:192 - Saved Token Loaded
2026-07-28 15:53:30.916 | SUCCESS  | auth.login:ensure_login:362 - Using Saved Token
2026-07-28 15:53:30.917 | INFO     | monitor:scan:111 - Scanning Website...
2026-07-28 15:53:30.918 | INFO     | monitor:scan:125 - Loading Page 1
2026-07-28 15:53:30.919 | INFO     | api:get_files:60 - Loading Page 1
2026-07-28 15:53:32.853 | INFO     | api:get_file:84 - Loading File 126d5180-1adb-5053-88b0-c1571f3c5943
2026-07-28 15:53:33.083 | INFO     | monitor:scan:273 - Reached Old Files
2026-07-28 15:53:33.084 | INFO     | monitor:scan:303 - No New Serial
2026-07-28 15:53:33.084 | INFO     | monitor:scan:325 - Nothing Changed
2026-07-28 15:53:33.085 | SUCCESS  | monitor:scan:331 - Scan Finished
2026-07-28 15:53:33.086 | INFO     | monitor:start:67 - Sleep 60 Seconds
2026-07-28 15:54:33.087 | INFO     | auth.login:ensure_login:354 - Checking Login...
2026-07-28 15:54:33.088 | SUCCESS  | auth.login:load_saved_token:192 - Saved Token Loaded
2026-07-28 15:54:33.088 | SUCCESS  | auth.login:ensure_login:362 - Using Saved Token
2026-07-28 15:54:33.089 | INFO     | monitor:scan:111 - Scanning Website...
2026-07-28 15:54:33.089 | INFO     | monitor:scan:125 - Loading Page 1
2026-07-28 15:54:33.090 | INFO     | api:get_files:60 - Loading Page 1
2026-07-28 15:54:36.479 | INFO     | api:get_file:84 - Loading File 126d5180-1adb-5053-88b0-c1571f3c5943
2026-07-28 15:54:36.701 | INFO     | monitor:scan:273 - Reached Old Files
2026-07-28 15:54:36.702 | INFO     | monitor:scan:303 - No New Serial
2026-07-28 15:54:36.702 | INFO     | monitor:scan:325 - Nothing Changed
2026-07-28 15:54:36.702 | SUCCESS  | monitor:scan:331 - Scan Finished
2026-07-28 15:54:36.703 | INFO     | monitor:start:67 - Sleep 60 Seconds
2026-07-28 15:55:36.703 | INFO     | auth.login:ensure_login:354 - Checking Login...
2026-07-28 15:55:36.704 | SUCCESS  | auth.login:load_saved_token:192 - Saved Token Loaded
2026-07-28 15:55:36.704 | SUCCESS  | auth.login:ensure_login:362 - Using Saved Token
2026-07-28 15:55:36.705 | INFO     | monitor:scan:111 - Scanning Website...
2026-07-28 15:55:36.705 | INFO     | monitor:scan:125 - Loading Page 1
2026-07-28 15:55:36.705 | INFO     | api:get_files:60 - Loading Page 1
2026-07-28 15:55:37.129 | WARNING  | auth.login:get:411 - Access Token Expired
2026-07-28 15:55:37.129 | INFO     | auth.login:login:262 - Logging in...
2026-07-28 15:55:37.609 | SUCCESS  | auth.login:save_token:242 - Token Saved
2026-07-28 15:55:37.609 | SUCCESS  | auth.login:login:340 - Login Successful
2026-07-28 15:55:39.163 | INFO     | api:get_file:84 - Loading File 126d5180-1adb-5053-88b0-c1571f3c5943
2026-07-28 15:55:39.580 | INFO     | monitor:scan:273 - Reached Old Files
2026-07-28 15:55:39.581 | INFO     | monitor:scan:303 - No New Serial
2026-07-28 15:55:39.581 | INFO     | monitor:scan:325 - Nothing Changed
2026-07-28 15:55:39.581 | SUCCESS  | monitor:scan:331 - Scan Finished
2026-07-28 15:55:39.582 | INFO     | monitor:start:67 - Sleep 60 Seconds
2026-07-28 15:56:39.583 | INFO     | auth.login:ensure_login:354 - Checking Login...
2026-07-28 15:56:39.608 | SUCCESS  | auth.login:load_saved_token:192 - Saved Token Loaded
2026-07-28 15:56:39.609 | SUCCESS  | auth.login:ensure_login:362 - Using Saved Token
2026-07-28 15:56:39.609 | INFO     | monitor:scan:111 - Scanning Website...
2026-07-28 15:56:39.610 | INFO     | monitor:scan:125 - Loading Page 1
2026-07-28 15:56:39.611 | INFO     | api:get_files:60 - Loading Page 1
2026-07-28 15:56:41.598 | INFO     | api:get_file:84 - Loading File 126d5180-1adb-5053-88b0-c1571f3c5943
2026-07-28 15:56:41.836 | INFO     | monitor:scan:273 - Reached Old Files
2026-07-28 15:56:41.836 | INFO     | monitor:scan:303 - No New Serial
2026-07-28 15:56:41.837 | INFO     | monitor:scan:325 - Nothing Changed
2026-07-28 15:56:41.837 | SUCCESS  | monitor:scan:331 - Scan Finished
2026-07-28 15:56:41.838 | INFO     | monitor:start:67 - Sleep 60 Seconds
2026-07-28 15:57:41.839 | INFO     | auth.login:ensure_login:354 - Checking Login...
2026-07-28 15:57:41.840 | SUCCESS  | auth.login:load_saved_token:192 - Saved Token Loaded
2026-07-28 15:57:41.840 | SUCCESS  | auth.login:ensure_login:362 - Using Saved Token
2026-07-28 15:57:41.841 | INFO     | monitor:scan:111 - Scanning Website...
2026-07-28 15:57:41.841 | INFO     | monitor:scan:125 - Loading Page 1
2026-07-28 15:57:41.842 | INFO     | api:get_files:60 - Loading Page 1
2026-07-28 15:57:45.063 | INFO     | api:get_file:84 - Loading File 126d5180-1adb-5053-88b0-c1571f3c5943
2026-07-28 15:57:45.299 | INFO     | monitor:scan:273 - Reached Old Files
2026-07-28 15:57:45.299 | INFO     | monitor:scan:303 - No New Serial
2026-07-28 15:57:45.300 | INFO     | monitor:scan:325 - Nothing Changed
2026-07-28 15:57:45.300 | SUCCESS  | monitor:scan:331 - Scan Finished
2026-07-28 15:57:45.300 | INFO     | monitor:start:67 - Sleep 60 Seconds
2026-07-28 15:58:45.302 | INFO     | auth.login:ensure_login:354 - Checking Login...
2026-07-28 15:58:45.304 | SUCCESS  | auth.login:load_saved_token:192 - Saved Token Loaded
2026-07-28 15:58:45.305 | SUCCESS  | auth.login:ensure_login:362 - Using Saved Token
2026-07-28 15:58:45.305 | INFO     | monitor:scan:111 - Scanning Website...
2026-07-28 15:58:45.306 | INFO     | monitor:scan:125 - Loading Page 1
2026-07-28 15:58:45.307 | INFO     | api:get_files:60 - Loading Page 1
2026-07-28 15:58:48.941 | INFO     | api:get_file:84 - Loading File 126d5180-1adb-5053-88b0-c1571f3c5943
2026-07-28 15:58:49.181 | INFO     | monitor:scan:273 - Reached Old Files
2026-07-28 15:58:49.183 | INFO     | monitor:scan:303 - No New Serial
2026-07-28 15:58:49.186 | INFO     | monitor:scan:325 - Nothing Changed
2026-07-28 15:58:49.186 | SUCCESS  | monitor:scan:331 - Scan Finished
2026-07-28 15:58:49.187 | INFO     | monitor:start:67 - Sleep 60 Seconds
2026-07-28 15:59:49.187 | INFO     | auth.login:ensure_login:354 - Checking Login...
2026-07-28 15:59:49.188 | SUCCESS  | auth.login:load_saved_token:192 - Saved Token Loaded
2026-07-28 15:59:49.189 | SUCCESS  | auth.login:ensure_login:362 - Using Saved Token
2026-07-28 15:59:49.189 | INFO     | monitor:scan:111 - Scanning Website...
2026-07-28 15:59:49.190 | INFO     | monitor:scan:125 - Loading Page 1
2026-07-28 15:59:49.190 | INFO     | api:get_files:60 - Loading Page 1
2026-07-28 15:59:51.290 | INFO     | api:get_file:84 - Loading File 126d5180-1adb-5053-88b0-c1571f3c5943
2026-07-28 15:59:51.540 | INFO     | monitor:scan:273 - Reached Old Files
2026-07-28 15:59:51.541 | INFO     | monitor:scan:303 - No New Serial
2026-07-28 15:59:51.541 | INFO     | monitor:scan:325 - Nothing Changed
2026-07-28 15:59:51.541 | SUCCESS  | monitor:scan:331 - Scan Finished
2026-07-28 15:59:51.541 | INFO     | monitor:start:67 - Sleep 60 Seconds
2026-07-28 16:00:51.542 | INFO     | auth.login:ensure_login:354 - Checking Login...
2026-07-28 16:00:51.547 | SUCCESS  | auth.login:load_saved_token:192 - Saved Token Loaded
2026-07-28 16:00:51.549 | SUCCESS  | auth.login:ensure_login:362 - Using Saved Token
2026-07-28 16:00:51.551 | INFO     | monitor:scan:111 - Scanning Website...
2026-07-28 16:00:51.555 | INFO     | monitor:scan:125 - Loading Page 1
2026-07-28 16:00:51.557 | INFO     | api:get_files:60 - Loading Page 1
2026-07-28 16:00:53.031 | INFO     | api:get_file:84 - Loading File 126d5180-1adb-5053-88b0-c1571f3c5943
2026-07-28 16:00:53.264 | INFO     | monitor:scan:273 - Reached Old Files
2026-07-28 16:00:53.264 | INFO     | monitor:scan:303 - No New Serial
2026-07-28 16:00:53.264 | INFO     | monitor:scan:325 - Nothing Changed
2026-07-28 16:00:53.264 | SUCCESS  | monitor:scan:331 - Scan Finished
2026-07-28 16:00:53.264 | INFO     | monitor:start:67 - Sleep 60 Seconds
2026-07-28 16:01:53.265 | INFO     | auth.login:ensure_login:354 - Checking Login...
2026-07-28 16:01:53.270 | SUCCESS  | auth.login:load_saved_token:192 - Saved Token Loaded
2026-07-28 16:01:53.272 | SUCCESS  | auth.login:ensure_login:362 - Using Saved Token
2026-07-28 16:01:53.273 | INFO     | monitor:scan:111 - Scanning Website...
2026-07-28 16:01:53.277 | INFO     | monitor:scan:125 - Loading Page 1
2026-07-28 16:01:53.278 | INFO     | api:get_files:60 - Loading Page 1
2026-07-28 16:01:54.786 | INFO     | api:get_file:84 - Loading File 126d5180-1adb-5053-88b0-c1571f3c5943
2026-07-28 16:01:55.021 | INFO     | monitor:scan:273 - Reached Old Files
2026-07-28 16:01:55.021 | INFO     | monitor:scan:303 - No New Serial
2026-07-28 16:01:55.022 | INFO     | monitor:scan:325 - Nothing Changed
2026-07-28 16:01:55.022 | SUCCESS  | monitor:scan:331 - Scan Finished
2026-07-28 16:01:55.022 | INFO     | monitor:start:67 - Sleep 60 Seconds
2026-07-28 16:02:55.024 | INFO     | auth.login:ensure_login:354 - Checking Login...
2026-07-28 16:02:55.030 | SUCCESS  | auth.login:load_saved_token:192 - Saved Token Loaded
2026-07-28 16:02:55.033 | SUCCESS  | auth.login:ensure_login:362 - Using Saved Token
2026-07-28 16:02:55.034 | INFO     | monitor:scan:111 - Scanning Website...
2026-07-28 16:02:55.038 | INFO     | monitor:scan:125 - Loading Page 1
2026-07-28 16:02:55.039 | INFO     | api:get_files:60 - Loading Page 1
2026-07-28 16:02:57.715 | INFO     | api:get_file:84 - Loading File 126d5180-1adb-5053-88b0-c1571f3c5943
2026-07-28 16:02:57.937 | INFO     | monitor:scan:273 - Reached Old Files
2026-07-28 16:02:57.937 | INFO     | monitor:scan:303 - No New Serial
2026-07-28 16:02:57.937 | INFO     | monitor:scan:325 - Nothing Changed
2026-07-28 16:02:57.937 | SUCCESS  | monitor:scan:331 - Scan Finished
2026-07-28 16:02:57.938 | INFO     | monitor:start:67 - Sleep 60 Seconds
2026-07-28 16:03:57.938 | INFO     | auth.login:ensure_login:354 - Checking Login...
2026-07-28 16:03:57.939 | SUCCESS  | auth.login:load_saved_token:192 - Saved Token Loaded
2026-07-28 16:03:57.939 | SUCCESS  | auth.login:ensure_login:362 - Using Saved Token
2026-07-28 16:03:57.939 | INFO     | monitor:scan:111 - Scanning Website...
2026-07-28 16:03:57.940 | INFO     | monitor:scan:125 - Loading Page 1
2026-07-28 16:03:57.940 | INFO     | api:get_files:60 - Loading Page 1
2026-07-28 16:04:01.235 | INFO     | api:get_file:84 - Loading File 126d5180-1adb-5053-88b0-c1571f3c5943
2026-07-28 16:04:01.467 | INFO     | monitor:scan:273 - Reached Old Files
2026-07-28 16:04:01.468 | INFO     | monitor:scan:303 - No New Serial
2026-07-28 16:04:01.468 | INFO     | monitor:scan:325 - Nothing Changed
2026-07-28 16:04:01.468 | SUCCESS  | monitor:scan:331 - Scan Finished
2026-07-28 16:04:01.469 | INFO     | monitor:start:67 - Sleep 60 Seconds
2026-07-28 16:05:01.470 | INFO     | auth.login:ensure_login:354 - Checking Login...
2026-07-28 16:05:01.473 | SUCCESS  | auth.login:load_saved_token:192 - Saved Token Loaded
2026-07-28 16:05:01.474 | SUCCESS  | auth.login:ensure_login:362 - Using Saved Token
2026-07-28 16:05:01.475 | INFO     | monitor:scan:111 - Scanning Website...
2026-07-28 16:05:01.476 | INFO     | monitor:scan:125 - Loading Page 1
2026-07-28 16:05:01.477 | INFO     | api:get_files:60 - Loading Page 1
2026-07-28 16:05:03.124 | INFO     | api:get_file:84 - Loading File 126d5180-1adb-5053-88b0-c1571f3c5943
2026-07-28 16:05:03.352 | INFO     | monitor:scan:273 - Reached Old Files
2026-07-28 16:05:03.352 | INFO     | monitor:scan:303 - No New Serial
2026-07-28 16:05:03.353 | INFO     | monitor:scan:325 - Nothing Changed
2026-07-28 16:05:03.353 | SUCCESS  | monitor:scan:331 - Scan Finished
2026-07-28 16:05:03.354 | INFO     | monitor:start:67 - Sleep 60 Seconds
2026-07-28 16:06:03.355 | INFO     | auth.login:ensure_login:354 - Checking Login...
2026-07-28 16:06:03.356 | SUCCESS  | auth.login:load_saved_token:192 - Saved Token Loaded
2026-07-28 16:06:03.356 | SUCCESS  | auth.login:ensure_login:362 - Using Saved Token
2026-07-28 16:06:03.356 | INFO     | monitor:scan:111 - Scanning Website...
2026-07-28 16:06:03.357 | INFO     | monitor:scan:125 - Loading Page 1
2026-07-28 16:06:03.358 | INFO     | api:get_files:60 - Loading Page 1
2026-07-28 16:06:03.768 | WARNING  | auth.login:get:411 - Access Token Expired
2026-07-28 16:06:03.768 | INFO     | auth.login:login:262 - Logging in...
2026-07-28 16:06:04.224 | SUCCESS  | auth.login:save_token:242 - Token Saved
2026-07-28 16:06:04.225 | SUCCESS  | auth.login:login:340 - Login Successful
2026-07-28 16:06:05.940 | INFO     | api:get_file:84 - Loading File 126d5180-1adb-5053-88b0-c1571f3c5943
2026-07-28 16:06:06.362 | INFO     | monitor:scan:273 - Reached Old Files
2026-07-28 16:06:06.363 | INFO     | monitor:scan:303 - No New Serial
2026-07-28 16:06:06.364 | INFO     | monitor:scan:325 - Nothing Changed
2026-07-28 16:06:06.365 | SUCCESS  | monitor:scan:331 - Scan Finished
2026-07-28 16:06:06.367 | INFO     | monitor:start:67 - Sleep 60 Seconds
2026-07-28 16:07:06.369 | INFO     | auth.login:ensure_login:354 - Checking Login...
2026-07-28 16:07:06.387 | SUCCESS  | auth.login:load_saved_token:192 - Saved Token Loaded
2026-07-28 16:07:06.387 | SUCCESS  | auth.login:ensure_login:362 - Using Saved Token
2026-07-28 16:07:06.387 | INFO     | monitor:scan:111 - Scanning Website...
2026-07-28 16:07:06.389 | INFO     | monitor:scan:125 - Loading Page 1
2026-07-28 16:07:06.389 | INFO     | api:get_files:60 - Loading Page 1
2026-07-28 16:07:08.451 | INFO     | api:get_file:84 - Loading File 126d5180-1adb-5053-88b0-c1571f3c5943
2026-07-28 16:07:08.707 | INFO     | monitor:scan:273 - Reached Old Files
2026-07-28 16:07:08.707 | INFO     | monitor:scan:303 - No New Serial
2026-07-28 16:07:08.707 | INFO     | monitor:scan:325 - Nothing Changed
2026-07-28 16:07:08.708 | SUCCESS  | monitor:scan:331 - Scan Finished
2026-07-28 16:07:08.708 | INFO     | monitor:start:67 - Sleep 60 Seconds
2026-07-28 16:08:08.709 | INFO     | auth.login:ensure_login:354 - Checking Login...
2026-07-28 16:08:08.709 | SUCCESS  | auth.login:load_saved_token:192 - Saved Token Loaded
2026-07-28 16:08:08.710 | SUCCESS  | auth.login:ensure_login:362 - Using Saved Token
2026-07-28 16:08:08.710 | INFO     | monitor:scan:111 - Scanning Website...
2026-07-28 16:08:08.710 | INFO     | monitor:scan:125 - Loading Page 1
2026-07-28 16:08:08.710 | INFO     | api:get_files:60 - Loading Page 1
2026-07-28 16:08:10.390 | INFO     | api:get_file:84 - Loading File 126d5180-1adb-5053-88b0-c1571f3c5943
2026-07-28 16:08:10.618 | INFO     | monitor:scan:273 - Reached Old Files
2026-07-28 16:08:10.619 | INFO     | monitor:scan:303 - No New Serial
2026-07-28 16:08:10.619 | INFO     | monitor:scan:325 - Nothing Changed
2026-07-28 16:08:10.620 | SUCCESS  | monitor:scan:331 - Scan Finished
2026-07-28 16:08:10.620 | INFO     | monitor:start:67 - Sleep 60 Seconds
2026-07-28 16:09:10.621 | INFO     | auth.login:ensure_login:354 - Checking Login...
2026-07-28 16:09:10.622 | SUCCESS  | auth.login:load_saved_token:192 - Saved Token Loaded
2026-07-28 16:09:10.622 | SUCCESS  | auth.login:ensure_login:362 - Using Saved Token
2026-07-28 16:09:10.622 | INFO     | monitor:scan:111 - Scanning Website...
2026-07-28 16:09:10.623 | INFO     | monitor:scan:125 - Loading Page 1
2026-07-28 16:09:10.623 | INFO     | api:get_files:60 - Loading Page 1
2026-07-28 16:09:12.327 | INFO     | api:get_file:84 - Loading File 126d5180-1adb-5053-88b0-c1571f3c5943
2026-07-28 16:09:12.563 | INFO     | monitor:scan:273 - Reached Old Files
2026-07-28 16:09:12.564 | INFO     | monitor:scan:303 - No New Serial
2026-07-28 16:09:12.564 | INFO     | monitor:scan:325 - Nothing Changed
2026-07-28 16:09:12.564 | SUCCESS  | monitor:scan:331 - Scan Finished
2026-07-28 16:09:12.564 | INFO     | monitor:start:67 - Sleep 60 Seconds
2026-07-28 16:10:12.564 | INFO     | auth.login:ensure_login:354 - Checking Login...
2026-07-28 16:10:12.565 | SUCCESS  | auth.login:load_saved_token:192 - Saved Token Loaded
2026-07-28 16:10:12.565 | SUCCESS  | auth.login:ensure_login:362 - Using Saved Token
2026-07-28 16:10:12.565 | INFO     | monitor:scan:111 - Scanning Website...
2026-07-28 16:10:12.566 | INFO     | monitor:scan:125 - Loading Page 1
2026-07-28 16:10:12.566 | INFO     | api:get_files:60 - Loading Page 1
2026-07-28 16:10:15.168 | INFO     | api:get_file:84 - Loading File 126d5180-1adb-5053-88b0-c1571f3c5943
2026-07-28 16:10:15.410 | INFO     | monitor:scan:273 - Reached Old Files
2026-07-28 16:10:15.411 | INFO     | monitor:scan:303 - No New Serial
2026-07-28 16:10:15.412 | INFO     | monitor:scan:325 - Nothing Changed
2026-07-28 16:10:15.413 | SUCCESS  | monitor:scan:331 - Scan Finished
2026-07-28 16:10:15.413 | INFO     | monitor:start:67 - Sleep 60 Seconds
2026-07-28 16:11:15.415 | INFO     | auth.login:ensure_login:354 - Checking Login...
2026-07-28 16:11:15.420 | SUCCESS  | auth.login:load_saved_token:192 - Saved Token Loaded
2026-07-28 16:11:15.422 | SUCCESS  | auth.login:ensure_login:362 - Using Saved Token
2026-07-28 16:11:15.425 | INFO     | monitor:scan:111 - Scanning Website...
2026-07-28 16:11:15.428 | INFO     | monitor:scan:125 - Loading Page 1
2026-07-28 16:11:15.429 | INFO     | api:get_files:60 - Loading Page 1
2026-07-28 16:11:18.891 | INFO     | api:get_file:84 - Loading File 126d5180-1adb-5053-88b0-c1571f3c5943
2026-07-28 16:11:19.122 | INFO     | monitor:scan:273 - Reached Old Files
2026-07-28 16:11:19.123 | INFO     | monitor:scan:303 - No New Serial
2026-07-28 16:11:19.123 | INFO     | monitor:scan:325 - Nothing Changed
2026-07-28 16:11:19.124 | SUCCESS  | monitor:scan:331 - Scan Finished
2026-07-28 16:11:19.125 | INFO     | monitor:start:67 - Sleep 60 Seconds
2026-07-28 16:12:19.126 | INFO     | auth.login:ensure_login:354 - Checking Login...
2026-07-28 16:12:19.131 | SUCCESS  | auth.login:load_saved_token:192 - Saved Token Loaded
2026-07-28 16:12:19.133 | SUCCESS  | auth.login:ensure_login:362 - Using Saved Token
2026-07-28 16:12:19.136 | INFO     | monitor:scan:111 - Scanning Website...
2026-07-28 16:12:19.139 | INFO     | monitor:scan:125 - Loading Page 1
2026-07-28 16:12:19.141 | INFO     | api:get_files:60 - Loading Page 1
2026-07-28 16:12:22.743 | INFO     | api:get_file:84 - Loading File 126d5180-1adb-5053-88b0-c1571f3c5943
2026-07-28 16:12:22.987 | INFO     | monitor:scan:273 - Reached Old Files
2026-07-28 16:12:22.988 | INFO     | monitor:scan:303 - No New Serial
2026-07-28 16:12:22.989 | INFO     | monitor:scan:325 - Nothing Changed
2026-07-28 16:12:22.991 | SUCCESS  | monitor:scan:331 - Scan Finished
2026-07-28 16:12:22.992 | INFO     | monitor:start:67 - Sleep 60 Seconds
2026-07-28 16:13:22.994 | INFO     | auth.login:ensure_login:354 - Checking Login...
2026-07-28 16:13:22.998 | SUCCESS  | auth.login:load_saved_token:192 - Saved Token Loaded
2026-07-28 16:13:23.000 | SUCCESS  | auth.login:ensure_login:362 - Using Saved Token
2026-07-28 16:13:23.003 | INFO     | monitor:scan:111 - Scanning Website...
2026-07-28 16:13:23.007 | INFO     | monitor:scan:125 - Loading Page 1
2026-07-28 16:13:23.008 | INFO     | api:get_files:60 - Loading Page 1
2026-07-28 16:13:24.872 | INFO     | api:get_file:84 - Loading File 126d5180-1adb-5053-88b0-c1571f3c5943
2026-07-28 16:13:25.107 | INFO     | monitor:scan:273 - Reached Old Files
2026-07-28 16:13:25.108 | INFO     | monitor:scan:303 - No New Serial
2026-07-28 16:13:25.109 | INFO     | monitor:scan:325 - Nothing Changed
2026-07-28 16:13:25.110 | SUCCESS  | monitor:scan:331 - Scan Finished
2026-07-28 16:13:25.112 | INFO     | monitor:start:67 - Sleep 60 Seconds
2026-07-28 16:14:25.115 | INFO     | auth.login:ensure_login:354 - Checking Login...
2026-07-28 16:14:25.119 | SUCCESS  | auth.login:load_saved_token:192 - Saved Token Loaded
2026-07-28 16:14:25.123 | SUCCESS  | auth.login:ensure_login:362 - Using Saved Token
2026-07-28 16:14:25.126 | INFO     | monitor:scan:111 - Scanning Website...
2026-07-28 16:14:25.130 | INFO     | monitor:scan:125 - Loading Page 1
2026-07-28 16:14:25.131 | INFO     | api:get_files:60 - Loading Page 1
2026-07-28 16:14:26.636 | INFO     | api:get_file:84 - Loading File 126d5180-1adb-5053-88b0-c1571f3c5943
2026-07-28 16:14:26.879 | INFO     | monitor:scan:273 - Reached Old Files
2026-07-28 16:14:26.879 | INFO     | monitor:scan:303 - No New Serial
2026-07-28 16:14:26.880 | INFO     | monitor:scan:325 - Nothing Changed
2026-07-28 16:14:26.880 | SUCCESS  | monitor:scan:331 - Scan Finished
2026-07-28 16:14:26.880 | INFO     | monitor:start:67 - Sleep 60 Seconds
2026-07-28 16:15:26.881 | INFO     | auth.login:ensure_login:354 - Checking Login...
2026-07-28 16:15:26.883 | SUCCESS  | auth.login:load_saved_token:192 - Saved Token Loaded
2026-07-28 16:15:26.883 | SUCCESS  | auth.login:ensure_login:362 - Using Saved Token
2026-07-28 16:15:26.884 | INFO     | monitor:scan:111 - Scanning Website...
2026-07-28 16:15:26.888 | INFO     | monitor:scan:125 - Loading Page 1
2026-07-28 16:15:26.888 | INFO     | api:get_files:60 - Loading Page 1
2026-07-28 16:15:30.591 | INFO     | api:get_file:84 - Loading File 126d5180-1adb-5053-88b0-c1571f3c5943
2026-07-28 16:15:31.008 | INFO     | monitor:scan:273 - Reached Old Files
2026-07-28 16:15:31.009 | INFO     | monitor:scan:303 - No New Serial
2026-07-28 16:15:31.010 | INFO     | monitor:scan:325 - Nothing Changed
2026-07-28 16:15:31.010 | SUCCESS  | monitor:scan:331 - Scan Finished
2026-07-28 16:15:31.012 | INFO     | monitor:start:67 - Sleep 60 Seconds
2026-07-28 16:16:31.013 | INFO     | auth.login:ensure_login:354 - Checking Login...
2026-07-28 16:16:31.015 | SUCCESS  | auth.login:load_saved_token:192 - Saved Token Loaded
2026-07-28 16:16:31.015 | SUCCESS  | auth.login:ensure_login:362 - Using Saved Token
2026-07-28 16:16:31.015 | INFO     | monitor:scan:111 - Scanning Website...
2026-07-28 16:16:31.017 | INFO     | monitor:scan:125 - Loading Page 1
2026-07-28 16:16:31.017 | INFO     | api:get_files:60 - Loading Page 1
2026-07-28 16:16:31.462 | WARNING  | auth.login:get:411 - Access Token Expired
2026-07-28 16:16:31.462 | INFO     | auth.login:login:262 - Logging in...
2026-07-28 16:16:31.952 | SUCCESS  | auth.login:save_token:242 - Token Saved
2026-07-28 16:16:31.953 | SUCCESS  | auth.login:login:340 - Login Successful
2026-07-28 16:16:35.179 | INFO     | api:get_file:84 - Loading File 126d5180-1adb-5053-88b0-c1571f3c5943
2026-07-28 16:16:35.575 | INFO     | monitor:scan:273 - Reached Old Files
2026-07-28 16:16:35.577 | INFO     | monitor:scan:303 - No New Serial
2026-07-28 16:16:35.578 | INFO     | monitor:scan:325 - Nothing Changed
2026-07-28 16:16:35.578 | SUCCESS  | monitor:scan:331 - Scan Finished
2026-07-28 16:16:35.580 | INFO     | monitor:start:67 - Sleep 60 Seconds
2026-07-28 16:17:35.581 | INFO     | auth.login:ensure_login:354 - Checking Login...
2026-07-28 16:17:35.613 | SUCCESS  | auth.login:load_saved_token:192 - Saved Token Loaded
2026-07-28 16:17:35.613 | SUCCESS  | auth.login:ensure_login:362 - Using Saved Token
2026-07-28 16:17:35.614 | INFO     | monitor:scan:111 - Scanning Website...
2026-07-28 16:17:35.615 | INFO     | monitor:scan:125 - Loading Page 1
2026-07-28 16:17:35.615 | INFO     | api:get_files:60 - Loading Page 1
2026-07-28 16:17:39.206 | INFO     | api:get_file:84 - Loading File 126d5180-1adb-5053-88b0-c1571f3c5943
2026-07-28 16:17:39.441 | INFO     | monitor:scan:273 - Reached Old Files
2026-07-28 16:17:39.443 | INFO     | monitor:scan:303 - No New Serial
2026-07-28 16:17:39.444 | INFO     | monitor:scan:325 - Nothing Changed
2026-07-28 16:17:39.447 | SUCCESS  | monitor:scan:331 - Scan Finished
2026-07-28 16:17:39.450 | INFO     | monitor:start:67 - Sleep 60 Seconds
2026-07-28 16:18:39.452 | INFO     | auth.login:ensure_login:354 - Checking Login...
2026-07-28 16:18:39.458 | SUCCESS  | auth.login:load_saved_token:192 - Saved Token Loaded
2026-07-28 16:18:39.459 | SUCCESS  | auth.login:ensure_login:362 - Using Saved Token
2026-07-28 16:18:39.461 | INFO     | monitor:scan:111 - Scanning Website...
2026-07-28 16:18:39.465 | INFO     | monitor:scan:125 - Loading Page 1
2026-07-28 16:18:39.466 | INFO     | api:get_files:60 - Loading Page 1
2026-07-28 16:18:41.034 | INFO     | api:get_file:84 - Loading File 126d5180-1adb-5053-88b0-c1571f3c5943
2026-07-28 16:18:41.428 | INFO     | monitor:scan:273 - Reached Old Files
2026-07-28 16:18:41.429 | INFO     | monitor:scan:303 - No New Serial
2026-07-28 16:18:41.429 | INFO     | monitor:scan:325 - Nothing Changed
2026-07-28 16:18:41.430 | SUCCESS  | monitor:scan:331 - Scan Finished
2026-07-28 16:18:41.431 | INFO     | monitor:start:67 - Sleep 60 Seconds
2026-07-28 16:19:41.432 | INFO     | auth.login:ensure_login:354 - Checking Login...
2026-07-28 16:19:41.436 | SUCCESS  | auth.login:load_saved_token:192 - Saved Token Loaded
2026-07-28 16:19:41.437 | SUCCESS  | auth.login:ensure_login:362 - Using Saved Token
2026-07-28 16:19:41.438 | INFO     | monitor:scan:111 - Scanning Website...
2026-07-28 16:19:41.441 | INFO     | monitor:scan:125 - Loading Page 1
2026-07-28 16:19:41.442 | INFO     | api:get_files:60 - Loading Page 1
2026-07-28 16:19:44.728 | INFO     | api:get_file:84 - Loading File 126d5180-1adb-5053-88b0-c1571f3c5943
2026-07-28 16:19:44.955 | INFO     | monitor:scan:273 - Reached Old Files
2026-07-28 16:19:44.957 | INFO     | monitor:scan:303 - No New Serial
2026-07-28 16:19:44.957 | INFO     | monitor:scan:325 - Nothing Changed
2026-07-28 16:19:44.960 | SUCCESS  | monitor:scan:331 - Scan Finished
2026-07-28 16:19:44.964 | INFO     | monitor:start:67 - Sleep 60 Seconds
2026-07-28 16:20:44.966 | INFO     | auth.login:ensure_login:354 - Checking Login...
2026-07-28 16:20:44.968 | SUCCESS  | auth.login:load_saved_token:192 - Saved Token Loaded
2026-07-28 16:20:44.970 | SUCCESS  | auth.login:ensure_login:362 - Using Saved Token
2026-07-28 16:20:44.971 | INFO     | monitor:scan:111 - Scanning Website...
2026-07-28 16:20:44.974 | INFO     | monitor:scan:125 - Loading Page 1
2026-07-28 16:20:44.974 | INFO     | api:get_files:60 - Loading Page 1
2026-07-28 16:20:46.520 | INFO     | api:get_file:84 - Loading File 126d5180-1adb-5053-88b0-c1571f3c5943
2026-07-28 16:20:46.751 | INFO     | monitor:scan:273 - Reached Old Files
2026-07-28 16:20:46.751 | INFO     | monitor:scan:303 - No New Serial
2026-07-28 16:20:46.751 | INFO     | monitor:scan:325 - Nothing Changed
2026-07-28 16:20:46.751 | SUCCESS  | monitor:scan:331 - Scan Finished
2026-07-28 16:20:46.751 | INFO     | monitor:start:67 - Sleep 60 Seconds
2026-07-28 16:21:46.752 | INFO     | auth.login:ensure_login:354 - Checking Login...
2026-07-28 16:21:46.755 | SUCCESS  | auth.login:load_saved_token:192 - Saved Token Loaded
2026-07-28 16:21:46.756 | SUCCESS  | auth.login:ensure_login:362 - Using Saved Token
2026-07-28 16:21:46.757 | INFO     | monitor:scan:111 - Scanning Website...
2026-07-28 16:21:46.761 | INFO     | monitor:scan:125 - Loading Page 1
2026-07-28 16:21:46.762 | INFO     | api:get_files:60 - Loading Page 1
2026-07-28 16:21:48.756 | INFO     | api:get_file:84 - Loading File 126d5180-1adb-5053-88b0-c1571f3c5943
2026-07-28 16:21:48.993 | INFO     | monitor:scan:273 - Reached Old Files
2026-07-28 16:21:48.994 | INFO     | monitor:scan:303 - No New Serial
2026-07-28 16:21:48.995 | INFO     | monitor:scan:325 - Nothing Changed
2026-07-28 16:21:48.996 | SUCCESS  | monitor:scan:331 - Scan Finished
2026-07-28 16:21:48.997 | INFO     | monitor:start:67 - Sleep 60 Seconds
2026-07-28 16:22:48.998 | INFO     | auth.login:ensure_login:354 - Checking Login...
2026-07-28 16:22:49.002 | SUCCESS  | auth.login:load_saved_token:192 - Saved Token Loaded
2026-07-28 16:22:49.004 | SUCCESS  | auth.login:ensure_login:362 - Using Saved Token
2026-07-28 16:22:49.005 | INFO     | monitor:scan:111 - Scanning Website...
2026-07-28 16:22:49.005 | INFO     | monitor:scan:125 - Loading Page 1
2026-07-28 16:22:49.006 | INFO     | api:get_files:60 - Loading Page 1
2026-07-28 16:22:50.510 | INFO     | api:get_file:84 - Loading File 126d5180-1adb-5053-88b0-c1571f3c5943
2026-07-28 16:22:50.741 | INFO     | monitor:scan:273 - Reached Old Files
2026-07-28 16:22:50.742 | INFO     | monitor:scan:303 - No New Serial
2026-07-28 16:22:50.744 | INFO     | monitor:scan:325 - Nothing Changed
2026-07-28 16:22:50.744 | SUCCESS  | monitor:scan:331 - Scan Finished
2026-07-28 16:22:50.745 | INFO     | monitor:start:67 - Sleep 60 Seconds
2026-07-28 16:23:50.747 | INFO     | auth.login:ensure_login:354 - Checking Login...
2026-07-28 16:23:50.750 | SUCCESS  | auth.login:load_saved_token:192 - Saved Token Loaded
2026-07-28 16:23:50.751 | SUCCESS  | auth.login:ensure_login:362 - Using Saved Token
2026-07-28 16:23:50.752 | INFO     | monitor:scan:111 - Scanning Website...
2026-07-28 16:23:50.754 | INFO     | monitor:scan:125 - Loading Page 1
2026-07-28 16:23:50.755 | INFO     | api:get_files:60 - Loading Page 1
2026-07-28 16:23:54.298 | INFO     | api:get_file:84 - Loading File 126d5180-1adb-5053-88b0-c1571f3c5943
2026-07-28 16:23:54.715 | INFO     | monitor:scan:273 - Reached Old Files
2026-07-28 16:23:54.715 | INFO     | monitor:scan:303 - No New Serial
2026-07-28 16:23:54.716 | INFO     | monitor:scan:325 - Nothing Changed
2026-07-28 16:23:54.716 | SUCCESS  | monitor:scan:331 - Scan Finished
2026-07-28 16:23:54.717 | INFO     | monitor:start:67 - Sleep 60 Seconds
2026-07-28 16:24:54.718 | INFO     | auth.login:ensure_login:354 - Checking Login...
2026-07-28 16:24:54.723 | SUCCESS  | auth.login:load_saved_token:192 - Saved Token Loaded
2026-07-28 16:24:54.725 | SUCCESS  | auth.login:ensure_login:362 - Using Saved Token
2026-07-28 16:24:54.726 | INFO     | monitor:scan:111 - Scanning Website...
2026-07-28 16:24:54.727 | INFO     | monitor:scan:125 - Loading Page 1
2026-07-28 16:24:54.729 | INFO     | api:get_files:60 - Loading Page 1
2026-07-28 16:24:56.330 | INFO     | api:get_file:84 - Loading File 126d5180-1adb-5053-88b0-c1571f3c5943
2026-07-28 16:24:56.568 | INFO     | monitor:scan:273 - Reached Old Files
2026-07-28 16:24:56.568 | INFO     | monitor:scan:303 - No New Serial
2026-07-28 16:24:56.568 | INFO     | monitor:scan:325 - Nothing Changed
2026-07-28 16:24:56.569 | SUCCESS  | monitor:scan:331 - Scan Finished
2026-07-28 16:24:56.569 | INFO     | monitor:start:67 - Sleep 60 Seconds
2026-07-28 16:25:56.571 | INFO     | auth.login:ensure_login:354 - Checking Login...
2026-07-28 16:25:56.571 | SUCCESS  | auth.login:load_saved_token:192 - Saved Token Loaded
2026-07-28 16:25:56.571 | SUCCESS  | auth.login:ensure_login:362 - Using Saved Token
2026-07-28 16:25:56.572 | INFO     | monitor:scan:111 - Scanning Website...
2026-07-28 16:25:56.572 | INFO     | monitor:scan:125 - Loading Page 1
2026-07-28 16:25:56.574 | INFO     | api:get_files:60 - Loading Page 1
2026-07-28 16:25:58.302 | INFO     | api:get_file:84 - Loading File 126d5180-1adb-5053-88b0-c1571f3c5943
2026-07-28 16:25:58.543 | INFO     | monitor:scan:273 - Reached Old Files
2026-07-28 16:25:58.544 | INFO     | monitor:scan:303 - No New Serial
2026-07-28 16:25:58.547 | INFO     | monitor:scan:325 - Nothing Changed
2026-07-28 16:25:58.548 | SUCCESS  | monitor:scan:331 - Scan Finished
2026-07-28 16:25:58.549 | INFO     | monitor:start:67 - Sleep 60 Seconds
2026-07-28 16:26:58.550 | INFO     | auth.login:ensure_login:354 - Checking Login...
2026-07-28 16:26:58.551 | SUCCESS  | auth.login:load_saved_token:192 - Saved Token Loaded
2026-07-28 16:26:58.551 | SUCCESS  | auth.login:ensure_login:362 - Using Saved Token
2026-07-28 16:26:58.552 | INFO     | monitor:scan:111 - Scanning Website...
2026-07-28 16:26:58.553 | INFO     | monitor:scan:125 - Loading Page 1
2026-07-28 16:26:58.553 | INFO     | api:get_files:60 - Loading Page 1
2026-07-28 16:26:58.966 | WARNING  | auth.login:get:411 - Access Token Expired
2026-07-28 16:26:58.967 | INFO     | auth.login:login:262 - Logging in...
2026-07-28 16:26:59.458 | SUCCESS  | auth.login:save_token:242 - Token Saved
2026-07-28 16:26:59.458 | SUCCESS  | auth.login:login:340 - Login Successful
2026-07-28 16:27:00.705 | INFO     | api:get_file:84 - Loading File 126d5180-1adb-5053-88b0-c1571f3c5943
2026-07-28 16:27:00.952 | INFO     | monitor:scan:273 - Reached Old Files
2026-07-28 16:27:00.953 | INFO     | monitor:scan:303 - No New Serial
2026-07-28 16:27:00.955 | INFO     | monitor:scan:325 - Nothing Changed
2026-07-28 16:27:00.957 | SUCCESS  | monitor:scan:331 - Scan Finished
2026-07-28 16:27:00.958 | INFO     | monitor:start:67 - Sleep 60 Seconds
2026-07-28 16:28:00.959 | INFO     | auth.login:ensure_login:354 - Checking Login...
2026-07-28 16:28:00.983 | SUCCESS  | auth.login:load_saved_token:192 - Saved Token Loaded
2026-07-28 16:28:00.983 | SUCCESS  | auth.login:ensure_login:362 - Using Saved Token
2026-07-28 16:28:00.983 | INFO     | monitor:scan:111 - Scanning Website...
2026-07-28 16:28:00.984 | INFO     | monitor:scan:125 - Loading Page 1
2026-07-28 16:28:00.984 | INFO     | api:get_files:60 - Loading Page 1
2026-07-28 16:28:03.138 | INFO     | api:get_file:84 - Loading File 126d5180-1adb-5053-88b0-c1571f3c5943
2026-07-28 16:28:03.373 | INFO     | monitor:scan:273 - Reached Old Files
2026-07-28 16:28:03.374 | INFO     | monitor:scan:303 - No New Serial
2026-07-28 16:28:03.376 | INFO     | monitor:scan:325 - Nothing Changed
2026-07-28 16:28:03.377 | SUCCESS  | monitor:scan:331 - Scan Finished
2026-07-28 16:28:03.378 | INFO     | monitor:start:67 - Sleep 60 Seconds
2026-07-28 16:29:03.379 | INFO     | auth.login:ensure_login:354 - Checking Login...
2026-07-28 16:29:03.380 | SUCCESS  | auth.login:load_saved_token:192 - Saved Token Loaded
2026-07-28 16:29:03.380 | SUCCESS  | auth.login:ensure_login:362 - Using Saved Token
2026-07-28 16:29:03.380 | INFO     | monitor:scan:111 - Scanning Website...
2026-07-28 16:29:03.381 | INFO     | monitor:scan:125 - Loading Page 1
2026-07-28 16:29:03.381 | INFO     | api:get_files:60 - Loading Page 1
2026-07-28 16:29:05.203 | INFO     | api:get_file:84 - Loading File 126d5180-1adb-5053-88b0-c1571f3c5943
2026-07-28 16:29:05.426 | INFO     | monitor:scan:273 - Reached Old Files
2026-07-28 16:29:05.428 | INFO     | monitor:scan:303 - No New Serial
2026-07-28 16:29:05.429 | INFO     | monitor:scan:325 - Nothing Changed
2026-07-28 16:29:05.430 | SUCCESS  | monitor:scan:331 - Scan Finished
2026-07-28 16:29:05.432 | INFO     | monitor:start:67 - Sleep 60 Seconds
2026-07-28 16:30:05.433 | INFO     | auth.login:ensure_login:354 - Checking Login...
2026-07-28 16:30:05.436 | SUCCESS  | auth.login:load_saved_token:192 - Saved Token Loaded
2026-07-28 16:30:05.436 | SUCCESS  | auth.login:ensure_login:362 - Using Saved Token
2026-07-28 16:30:05.437 | INFO     | monitor:scan:111 - Scanning Website...
2026-07-28 16:30:05.439 | INFO     | monitor:scan:125 - Loading Page 1
2026-07-28 16:30:05.440 | INFO     | api:get_files:60 - Loading Page 1
2026-07-28 16:30:08.714 | INFO     | api:get_file:84 - Loading File 126d5180-1adb-5053-88b0-c1571f3c5943
2026-07-28 16:30:09.144 | INFO     | monitor:scan:273 - Reached Old Files
2026-07-28 16:30:09.146 | INFO     | monitor:scan:303 - No New Serial
2026-07-28 16:30:09.148 | INFO     | monitor:scan:325 - Nothing Changed
2026-07-28 16:30:09.150 | SUCCESS  | monitor:scan:331 - Scan Finished
2026-07-28 16:30:09.151 | INFO     | monitor:start:67 - Sleep 60 Seconds
2026-07-28 16:31:09.153 | INFO     | auth.login:ensure_login:354 - Checking Login...
2026-07-28 16:31:09.154 | SUCCESS  | auth.login:load_saved_token:192 - Saved Token Loaded
2026-07-28 16:31:09.155 | SUCCESS  | auth.login:ensure_login:362 - Using Saved Token
2026-07-28 16:31:09.155 | INFO     | monitor:scan:111 - Scanning Website...
2026-07-28 16:31:09.155 | INFO     | monitor:scan:125 - Loading Page 1
2026-07-28 16:31:09.156 | INFO     | api:get_files:60 - Loading Page 1
2026-07-28 16:31:10.666 | INFO     | api:get_file:84 - Loading File 126d5180-1adb-5053-88b0-c1571f3c5943
2026-07-28 16:31:10.905 | INFO     | monitor:scan:273 - Reached Old Files
2026-07-28 16:31:10.906 | INFO     | monitor:scan:303 - No New Serial
2026-07-28 16:31:10.907 | INFO     | monitor:scan:325 - Nothing Changed
2026-07-28 16:31:10.907 | SUCCESS  | monitor:scan:331 - Scan Finished
2026-07-28 16:31:10.908 | INFO     | monitor:start:67 - Sleep 60 Seconds
2026-07-28 16:32:10.910 | INFO     | auth.login:ensure_login:354 - Checking Login...
2026-07-28 16:32:10.913 | SUCCESS  | auth.login:load_saved_token:192 - Saved Token Loaded
2026-07-28 16:32:10.914 | SUCCESS  | auth.login:ensure_login:362 - Using Saved Token
2026-07-28 16:32:10.915 | INFO     | monitor:scan:111 - Scanning Website...
2026-07-28 16:32:10.917 | INFO     | monitor:scan:125 - Loading Page 1
2026-07-28 16:32:10.918 | INFO     | api:get_files:60 - Loading Page 1
2026-07-28 16:32:13.289 | INFO     | api:get_file:84 - Loading File 126d5180-1adb-5053-88b0-c1571f3c5943
2026-07-28 16:32:13.521 | INFO     | monitor:scan:273 - Reached Old Files
2026-07-28 16:32:13.521 | INFO     | monitor:scan:303 - No New Serial
2026-07-28 16:32:13.522 | INFO     | monitor:scan:325 - Nothing Changed
2026-07-28 16:32:13.522 | SUCCESS  | monitor:scan:331 - Scan Finished
2026-07-28 16:32:13.522 | INFO     | monitor:start:67 - Sleep 60 Seconds
2026-07-28 16:33:13.523 | INFO     | auth.login:ensure_login:354 - Checking Login...
2026-07-28 16:33:13.527 | SUCCESS  | auth.login:load_saved_token:192 - Saved Token Loaded
2026-07-28 16:33:13.528 | SUCCESS  | auth.login:ensure_login:362 - Using Saved Token
2026-07-28 16:33:13.529 | INFO     | monitor:scan:111 - Scanning Website...
2026-07-28 16:33:13.532 | INFO     | monitor:scan:125 - Loading Page 1
2026-07-28 16:33:13.532 | INFO     | api:get_files:60 - Loading Page 1
2026-07-28 16:33:15.100 | INFO     | api:get_file:84 - Loading File 126d5180-1adb-5053-88b0-c1571f3c5943
2026-07-28 16:33:15.331 | INFO     | monitor:scan:273 - Reached Old Files
2026-07-28 16:33:15.333 | INFO     | monitor:scan:303 - No New Serial
2026-07-28 16:33:15.333 | INFO     | monitor:scan:325 - Nothing Changed
2026-07-28 16:33:15.334 | SUCCESS  | monitor:scan:331 - Scan Finished
2026-07-28 16:33:15.334 | INFO     | monitor:start:67 - Sleep 60 Seconds
2026-07-28 16:34:15.335 | INFO     | auth.login:ensure_login:354 - Checking Login...
2026-07-28 16:34:15.340 | SUCCESS  | auth.login:load_saved_token:192 - Saved Token Loaded
2026-07-28 16:34:15.341 | SUCCESS  | auth.login:ensure_login:362 - Using Saved Token
2026-07-28 16:34:15.341 | INFO     | monitor:scan:111 - Scanning Website...
2026-07-28 16:34:15.344 | INFO     | monitor:scan:125 - Loading Page 1
2026-07-28 16:34:15.346 | INFO     | api:get_files:60 - Loading Page 1
2026-07-28 16:34:16.949 | INFO     | api:get_file:84 - Loading File 126d5180-1adb-5053-88b0-c1571f3c5943
2026-07-28 16:34:17.190 | INFO     | monitor:scan:273 - Reached Old Files
2026-07-28 16:34:17.191 | INFO     | monitor:scan:303 - No New Serial
2026-07-28 16:34:17.192 | INFO     | monitor:scan:325 - Nothing Changed
2026-07-28 16:34:17.192 | SUCCESS  | monitor:scan:331 - Scan Finished
2026-07-28 16:34:17.193 | INFO     | monitor:start:67 - Sleep 60 Seconds
2026-07-28 16:35:17.195 | INFO     | auth.login:ensure_login:354 - Checking Login...
2026-07-28 16:35:17.195 | SUCCESS  | auth.login:load_saved_token:192 - Saved Token Loaded
2026-07-28 16:35:17.195 | SUCCESS  | auth.login:ensure_login:362 - Using Saved Token
2026-07-28 16:35:17.196 | INFO     | monitor:scan:111 - Scanning Website...
2026-07-28 16:35:17.196 | INFO     | monitor:scan:125 - Loading Page 1
2026-07-28 16:35:17.196 | INFO     | api:get_files:60 - Loading Page 1
2026-07-28 16:35:18.745 | INFO     | api:get_file:84 - Loading File 126d5180-1adb-5053-88b0-c1571f3c5943
2026-07-28 16:35:18.980 | INFO     | monitor:scan:273 - Reached Old Files
2026-07-28 16:35:18.981 | INFO     | monitor:scan:303 - No New Serial
2026-07-28 16:35:18.983 | INFO     | monitor:scan:325 - Nothing Changed
2026-07-28 16:35:18.983 | SUCCESS  | monitor:scan:331 - Scan Finished
2026-07-28 16:35:18.984 | INFO     | monitor:start:67 - Sleep 60 Seconds
2026-07-28 16:36:18.986 | INFO     | auth.login:ensure_login:354 - Checking Login...
2026-07-28 16:36:18.986 | SUCCESS  | auth.login:load_saved_token:192 - Saved Token Loaded
2026-07-28 16:36:18.986 | SUCCESS  | auth.login:ensure_login:362 - Using Saved Token
2026-07-28 16:36:18.987 | INFO     | monitor:scan:111 - Scanning Website...
2026-07-28 16:36:18.987 | INFO     | monitor:scan:125 - Loading Page 1
2026-07-28 16:36:18.988 | INFO     | api:get_files:60 - Loading Page 1
2026-07-28 16:36:20.505 | INFO     | api:get_file:84 - Loading File 126d5180-1adb-5053-88b0-c1571f3c5943
2026-07-28 16:36:20.734 | INFO     | monitor:scan:273 - Reached Old Files
2026-07-28 16:36:20.736 | INFO     | monitor:scan:303 - No New Serial
2026-07-28 16:36:20.737 | INFO     | monitor:scan:325 - Nothing Changed
2026-07-28 16:36:20.738 | SUCCESS  | monitor:scan:331 - Scan Finished
2026-07-28 16:36:20.739 | INFO     | monitor:start:67 - Sleep 60 Seconds
2026-07-28 16:37:20.740 | INFO     | auth.login:ensure_login:354 - Checking Login...
2026-07-28 16:37:20.745 | SUCCESS  | auth.login:load_saved_token:192 - Saved Token Loaded
2026-07-28 16:37:20.747 | SUCCESS  | auth.login:ensure_login:362 - Using Saved Token
2026-07-28 16:37:20.748 | INFO     | monitor:scan:111 - Scanning Website...
2026-07-28 16:37:20.749 | INFO     | monitor:scan:125 - Loading Page 1
2026-07-28 16:37:20.750 | INFO     | api:get_files:60 - Loading Page 1
2026-07-28 16:37:21.201 | WARNING  | auth.login:get:411 - Access Token Expired
2026-07-28 16:37:21.202 | INFO     | auth.login:login:262 - Logging in...
2026-07-28 16:37:21.704 | SUCCESS  | auth.login:save_token:242 - Token Saved
2026-07-28 16:37:21.704 | SUCCESS  | auth.login:login:340 - Login Successful
2026-07-28 16:37:24.579 | INFO     | api:get_file:84 - Loading File 126d5180-1adb-5053-88b0-c1571f3c5943
2026-07-28 16:37:24.813 | INFO     | monitor:scan:273 - Reached Old Files
2026-07-28 16:37:24.813 | INFO     | monitor:scan:303 - No New Serial
2026-07-28 16:37:24.814 | INFO     | monitor:scan:325 - Nothing Changed
2026-07-28 16:37:24.814 | SUCCESS  | monitor:scan:331 - Scan Finished
2026-07-28 16:37:24.815 | INFO     | monitor:start:67 - Sleep 60 Seconds
2026-07-28 16:38:24.815 | INFO     | auth.login:ensure_login:354 - Checking Login...
2026-07-28 16:38:24.835 | SUCCESS  | auth.login:load_saved_token:192 - Saved Token Loaded
2026-07-28 16:38:24.836 | SUCCESS  | auth.login:ensure_login:362 - Using Saved Token
2026-07-28 16:38:24.836 | INFO     | monitor:scan:111 - Scanning Website...
2026-07-28 16:38:24.837 | INFO     | monitor:scan:125 - Loading Page 1
2026-07-28 16:38:24.837 | INFO     | api:get_files:60 - Loading Page 1
2026-07-28 16:38:26.493 | INFO     | api:get_file:84 - Loading File 126d5180-1adb-5053-88b0-c1571f3c5943
2026-07-28 16:38:26.725 | INFO     | monitor:scan:273 - Reached Old Files
2026-07-28 16:38:26.727 | INFO     | monitor:scan:303 - No New Serial
2026-07-28 16:38:26.728 | INFO     | monitor:scan:325 - Nothing Changed
2026-07-28 16:38:26.728 | SUCCESS  | monitor:scan:331 - Scan Finished
2026-07-28 16:38:26.729 | INFO     | monitor:start:67 - Sleep 60 Seconds
2026-07-28 16:39:26.730 | INFO     | auth.login:ensure_login:354 - Checking Login...
2026-07-28 16:39:26.734 | SUCCESS  | auth.login:load_saved_token:192 - Saved Token Loaded
2026-07-28 16:39:26.735 | SUCCESS  | auth.login:ensure_login:362 - Using Saved Token
2026-07-28 16:39:26.737 | INFO     | monitor:scan:111 - Scanning Website...
2026-07-28 16:39:26.739 | INFO     | monitor:scan:125 - Loading Page 1
2026-07-28 16:39:26.739 | INFO     | api:get_files:60 - Loading Page 1
2026-07-28 16:39:29.167 | INFO     | api:get_file:84 - Loading File 126d5180-1adb-5053-88b0-c1571f3c5943
2026-07-28 16:39:29.399 | INFO     | monitor:scan:273 - Reached Old Files
2026-07-28 16:39:29.400 | INFO     | monitor:scan:303 - No New Serial
2026-07-28 16:39:29.400 | INFO     | monitor:scan:325 - Nothing Changed
2026-07-28 16:39:29.401 | SUCCESS  | monitor:scan:331 - Scan Finished
2026-07-28 16:39:29.402 | INFO     | monitor:start:67 - Sleep 60 Seconds
2026-07-28 16:40:29.402 | INFO     | auth.login:ensure_login:354 - Checking Login...
2026-07-28 16:40:29.403 | SUCCESS  | auth.login:load_saved_token:192 - Saved Token Loaded
2026-07-28 16:40:29.404 | SUCCESS  | auth.login:ensure_login:362 - Using Saved Token
2026-07-28 16:40:29.404 | INFO     | monitor:scan:111 - Scanning Website...
2026-07-28 16:40:29.404 | INFO     | monitor:scan:125 - Loading Page 1
2026-07-28 16:40:29.405 | INFO     | api:get_files:60 - Loading Page 1
2026-07-28 16:40:32.339 | INFO     | api:get_file:84 - Loading File 126d5180-1adb-5053-88b0-c1571f3c5943
2026-07-28 16:40:32.553 | INFO     | monitor:scan:273 - Reached Old Files
2026-07-28 16:40:32.554 | INFO     | monitor:scan:303 - No New Serial
2026-07-28 16:40:32.555 | INFO     | monitor:scan:325 - Nothing Changed
2026-07-28 16:40:32.557 | SUCCESS  | monitor:scan:331 - Scan Finished
2026-07-28 16:40:32.559 | INFO     | monitor:start:67 - Sleep 60 Seconds
2026-07-28 16:41:32.560 | INFO     | auth.login:ensure_login:354 - Checking Login...
2026-07-28 16:41:32.562 | SUCCESS  | auth.login:load_saved_token:192 - Saved Token Loaded
2026-07-28 16:41:32.563 | SUCCESS  | auth.login:ensure_login:362 - Using Saved Token
2026-07-28 16:41:32.565 | INFO     | monitor:scan:111 - Scanning Website...
2026-07-28 16:41:32.568 | INFO     | monitor:scan:125 - Loading Page 1
2026-07-28 16:41:32.569 | INFO     | api:get_files:60 - Loading Page 1
2026-07-28 16:41:35.158 | INFO     | api:get_file:84 - Loading File 126d5180-1adb-5053-88b0-c1571f3c5943
2026-07-28 16:41:35.388 | INFO     | monitor:scan:273 - Reached Old Files
2026-07-28 16:41:35.388 | INFO     | monitor:scan:303 - No New Serial
2026-07-28 16:41:35.389 | INFO     | monitor:scan:325 - Nothing Changed
2026-07-28 16:41:35.389 | SUCCESS  | monitor:scan:331 - Scan Finished
2026-07-28 16:41:35.389 | INFO     | monitor:start:67 - Sleep 60 Seconds
2026-07-28 16:42:35.389 | INFO     | auth.login:ensure_login:354 - Checking Login...
2026-07-28 16:42:35.391 | SUCCESS  | auth.login:load_saved_token:192 - Saved Token Loaded
2026-07-28 16:42:35.391 | SUCCESS  | auth.login:ensure_login:362 - Using Saved Token
2026-07-28 16:42:35.393 | INFO     | monitor:scan:111 - Scanning Website...
2026-07-28 16:42:35.394 | INFO     | monitor:scan:125 - Loading Page 1
2026-07-28 16:42:35.394 | INFO     | api:get_files:60 - Loading Page 1
2026-07-28 16:42:36.977 | INFO     | api:get_file:84 - Loading File 126d5180-1adb-5053-88b0-c1571f3c5943
2026-07-28 16:42:37.211 | INFO     | monitor:scan:273 - Reached Old Files
2026-07-28 16:42:37.212 | INFO     | monitor:scan:303 - No New Serial
2026-07-28 16:42:37.214 | INFO     | monitor:scan:325 - Nothing Changed
2026-07-28 16:42:37.214 | SUCCESS  | monitor:scan:331 - Scan Finished
2026-07-28 16:42:37.215 | INFO     | monitor:start:67 - Sleep 60 Seconds
2026-07-28 16:43:37.216 | INFO     | auth.login:ensure_login:354 - Checking Login...
2026-07-28 16:43:37.218 | SUCCESS  | auth.login:load_saved_token:192 - Saved Token Loaded
2026-07-28 16:43:37.220 | SUCCESS  | auth.login:ensure_login:362 - Using Saved Token
2026-07-28 16:43:37.222 | INFO     | monitor:scan:111 - Scanning Website...
2026-07-28 16:43:37.224 | INFO     | monitor:scan:125 - Loading Page 1
2026-07-28 16:43:37.225 | INFO     | api:get_files:60 - Loading Page 1
2026-07-28 16:43:38.687 | INFO     | api:get_file:84 - Loading File 126d5180-1adb-5053-88b0-c1571f3c5943
2026-07-28 16:43:38.907 | INFO     | monitor:scan:273 - Reached Old Files
2026-07-28 16:43:38.907 | INFO     | monitor:scan:303 - No New Serial
2026-07-28 16:43:38.907 | INFO     | monitor:scan:325 - Nothing Changed
2026-07-28 16:43:38.907 | SUCCESS  | monitor:scan:331 - Scan Finished
2026-07-28 16:43:38.907 | INFO     | monitor:start:67 - Sleep 60 Seconds
2026-07-28 16:44:38.908 | INFO     | auth.login:ensure_login:354 - Checking Login...
2026-07-28 16:44:38.911 | SUCCESS  | auth.login:load_saved_token:192 - Saved Token Loaded
2026-07-28 16:44:38.913 | SUCCESS  | auth.login:ensure_login:362 - Using Saved Token
2026-07-28 16:44:38.914 | INFO     | monitor:scan:111 - Scanning Website...
2026-07-28 16:44:38.916 | INFO     | monitor:scan:125 - Loading Page 1
2026-07-28 16:44:38.916 | INFO     | api:get_files:60 - Loading Page 1
2026-07-28 16:44:40.505 | INFO     | api:get_file:84 - Loading File 126d5180-1adb-5053-88b0-c1571f3c5943
2026-07-28 16:44:40.740 | INFO     | monitor:scan:273 - Reached Old Files
2026-07-28 16:44:40.741 | INFO     | monitor:scan:303 - No New Serial
2026-07-28 16:44:40.743 | INFO     | monitor:scan:325 - Nothing Changed
2026-07-28 16:44:40.744 | SUCCESS  | monitor:scan:331 - Scan Finished
2026-07-28 16:44:40.745 | INFO     | monitor:start:67 - Sleep 60 Seconds
2026-07-28 16:45:40.747 | INFO     | auth.login:ensure_login:354 - Checking Login...
2026-07-28 16:45:40.751 | SUCCESS  | auth.login:load_saved_token:192 - Saved Token Loaded
2026-07-28 16:45:40.753 | SUCCESS  | auth.login:ensure_login:362 - Using Saved Token
2026-07-28 16:45:40.755 | INFO     | monitor:scan:111 - Scanning Website...
2026-07-28 16:45:40.757 | INFO     | monitor:scan:125 - Loading Page 1
2026-07-28 16:45:40.758 | INFO     | api:get_files:60 - Loading Page 1
2026-07-28 16:45:42.385 | INFO     | api:get_file:84 - Loading File 126d5180-1adb-5053-88b0-c1571f3c5943
2026-07-28 16:45:42.645 | INFO     | monitor:scan:273 - Reached Old Files
2026-07-28 16:45:42.646 | INFO     | monitor:scan:303 - No New Serial
2026-07-28 16:45:42.646 | INFO     | monitor:scan:325 - Nothing Changed
2026-07-28 16:45:42.646 | SUCCESS  | monitor:scan:331 - Scan Finished
2026-07-28 16:45:42.647 | INFO     | monitor:start:67 - Sleep 60 Seconds
2026-07-28 16:46:42.649 | INFO     | auth.login:ensure_login:354 - Checking Login...
2026-07-28 16:46:42.649 | SUCCESS  | auth.login:load_saved_token:192 - Saved Token Loaded
2026-07-28 16:46:42.649 | SUCCESS  | auth.login:ensure_login:362 - Using Saved Token
2026-07-28 16:46:42.650 | INFO     | monitor:scan:111 - Scanning Website...
2026-07-28 16:46:42.650 | INFO     | monitor:scan:125 - Loading Page 1
2026-07-28 16:46:42.650 | INFO     | api:get_files:60 - Loading Page 1
2026-07-28 16:46:44.573 | INFO     | api:get_file:84 - Loading File 126d5180-1adb-5053-88b0-c1571f3c5943
2026-07-28 16:46:44.793 | INFO     | monitor:scan:273 - Reached Old Files
2026-07-28 16:46:44.793 | INFO     | monitor:scan:303 - No New Serial
2026-07-28 16:46:44.794 | INFO     | monitor:scan:325 - Nothing Changed
2026-07-28 16:46:44.794 | SUCCESS  | monitor:scan:331 - Scan Finished
2026-07-28 16:46:44.795 | INFO     | monitor:start:67 - Sleep 60 Seconds
2026-07-28 16:47:44.796 | INFO     | auth.login:ensure_login:354 - Checking Login...
2026-07-28 16:47:44.797 | SUCCESS  | auth.login:load_saved_token:192 - Saved Token Loaded
2026-07-28 16:47:44.797 | SUCCESS  | auth.login:ensure_login:362 - Using Saved Token
2026-07-28 16:47:44.797 | INFO     | monitor:scan:111 - Scanning Website...
2026-07-28 16:47:44.797 | INFO     | monitor:scan:125 - Loading Page 1
2026-07-28 16:47:44.797 | INFO     | api:get_files:60 - Loading Page 1
2026-07-28 16:47:45.232 | WARNING  | auth.login:get:411 - Access Token Expired
2026-07-28 16:47:45.233 | INFO     | auth.login:login:262 - Logging in...
2026-07-28 16:47:45.721 | SUCCESS  | auth.login:save_token:242 - Token Saved
2026-07-28 16:47:45.722 | SUCCESS  | auth.login:login:340 - Login Successful
2026-07-28 16:47:47.101 | INFO     | api:get_file:84 - Loading File 126d5180-1adb-5053-88b0-c1571f3c5943
2026-07-28 16:47:47.336 | INFO     | monitor:scan:273 - Reached Old Files
2026-07-28 16:47:47.336 | INFO     | monitor:scan:303 - No New Serial
2026-07-28 16:47:47.337 | INFO     | monitor:scan:325 - Nothing Changed
2026-07-28 16:47:47.337 | SUCCESS  | monitor:scan:331 - Scan Finished
2026-07-28 16:47:47.337 | INFO     | monitor:start:67 - Sleep 60 Seconds
2026-07-28 16:48:47.338 | INFO     | auth.login:ensure_login:354 - Checking Login...
2026-07-28 16:48:47.361 | SUCCESS  | auth.login:load_saved_token:192 - Saved Token Loaded
2026-07-28 16:48:47.361 | SUCCESS  | auth.login:ensure_login:362 - Using Saved Token
2026-07-28 16:48:47.361 | INFO     | monitor:scan:111 - Scanning Website...
2026-07-28 16:48:47.362 | INFO     | monitor:scan:125 - Loading Page 1
2026-07-28 16:48:47.362 | INFO     | api:get_files:60 - Loading Page 1
2026-07-28 16:48:48.976 | INFO     | api:get_file:84 - Loading File 126d5180-1adb-5053-88b0-c1571f3c5943
2026-07-28 16:48:49.207 | INFO     | monitor:scan:273 - Reached Old Files
2026-07-28 16:48:49.208 | INFO     | monitor:scan:303 - No New Serial
2026-07-28 16:48:49.209 | INFO     | monitor:scan:325 - Nothing Changed
2026-07-28 16:48:49.209 | SUCCESS  | monitor:scan:331 - Scan Finished
2026-07-28 16:48:49.210 | INFO     | monitor:start:67 - Sleep 60 Seconds
2026-07-28 16:49:49.211 | INFO     | auth.login:ensure_login:354 - Checking Login...
2026-07-28 16:49:49.214 | SUCCESS  | auth.login:load_saved_token:192 - Saved Token Loaded
2026-07-28 16:49:49.215 | SUCCESS  | auth.login:ensure_login:362 - Using Saved Token
2026-07-28 16:49:49.216 | INFO     | monitor:scan:111 - Scanning Website...
2026-07-28 16:49:49.217 | INFO     | monitor:scan:125 - Loading Page 1
2026-07-28 16:49:49.218 | INFO     | api:get_files:60 - Loading Page 1
2026-07-28 16:49:50.762 | INFO     | api:get_file:84 - Loading File 126d5180-1adb-5053-88b0-c1571f3c5943
2026-07-28 16:49:51.003 | INFO     | monitor:scan:273 - Reached Old Files
2026-07-28 16:49:51.004 | INFO     | monitor:scan:303 - No New Serial
2026-07-28 16:49:51.004 | INFO     | monitor:scan:325 - Nothing Changed
2026-07-28 16:49:51.005 | SUCCESS  | monitor:scan:331 - Scan Finished
2026-07-28 16:49:51.006 | INFO     | monitor:start:67 - Sleep 60 Seconds
2026-07-28 16:50:51.007 | INFO     | auth.login:ensure_login:354 - Checking Login...
2026-07-28 16:50:51.010 | SUCCESS  | auth.login:load_saved_token:192 - Saved Token Loaded
2026-07-28 16:50:51.010 | SUCCESS  | auth.login:ensure_login:362 - Using Saved Token
2026-07-28 16:50:51.011 | INFO     | monitor:scan:111 - Scanning Website...
2026-07-28 16:50:51.013 | INFO     | monitor:scan:125 - Loading Page 1
2026-07-28 16:50:51.014 | INFO     | api:get_files:60 - Loading Page 1
2026-07-28 16:50:54.150 | INFO     | api:get_file:84 - Loading File 126d5180-1adb-5053-88b0-c1571f3c5943
2026-07-28 16:50:54.561 | INFO     | monitor:scan:273 - Reached Old Files
2026-07-28 16:50:54.563 | INFO     | monitor:scan:303 - No New Serial
2026-07-28 16:50:54.563 | INFO     | monitor:scan:325 - Nothing Changed
2026-07-28 16:50:54.564 | SUCCESS  | monitor:scan:331 - Scan Finished
2026-07-28 16:50:54.565 | INFO     | monitor:start:67 - Sleep 60 Seconds
2026-07-28 16:51:54.566 | INFO     | auth.login:ensure_login:354 - Checking Login...
2026-07-28 16:51:54.569 | SUCCESS  | auth.login:load_saved_token:192 - Saved Token Loaded
2026-07-28 16:51:54.571 | SUCCESS  | auth.login:ensure_login:362 - Using Saved Token
2026-07-28 16:51:54.574 | INFO     | monitor:scan:111 - Scanning Website...
2026-07-28 16:51:54.576 | INFO     | monitor:scan:125 - Loading Page 1
2026-07-28 16:51:54.578 | INFO     | api:get_files:60 - Loading Page 1
2026-07-28 16:51:56.487 | INFO     | api:get_file:84 - Loading File 126d5180-1adb-5053-88b0-c1571f3c5943
2026-07-28 16:51:56.723 | INFO     | monitor:scan:273 - Reached Old Files
2026-07-28 16:51:56.724 | INFO     | monitor:scan:303 - No New Serial
2026-07-28 16:51:56.726 | INFO     | monitor:scan:325 - Nothing Changed
2026-07-28 16:51:56.729 | SUCCESS  | monitor:scan:331 - Scan Finished
2026-07-28 16:51:56.731 | INFO     | monitor:start:67 - Sleep 60 Seconds
2026-07-28 16:52:56.733 | INFO     | auth.login:ensure_login:354 - Checking Login...
2026-07-28 16:52:56.737 | SUCCESS  | auth.login:load_saved_token:192 - Saved Token Loaded
2026-07-28 16:52:56.739 | SUCCESS  | auth.login:ensure_login:362 - Using Saved Token
2026-07-28 16:52:56.740 | INFO     | monitor:scan:111 - Scanning Website...
2026-07-28 16:52:56.742 | INFO     | monitor:scan:125 - Loading Page 1
2026-07-28 16:52:56.742 | INFO     | api:get_files:60 - Loading Page 1
2026-07-28 16:52:58.311 | INFO     | api:get_file:84 - Loading File 126d5180-1adb-5053-88b0-c1571f3c5943
2026-07-28 16:52:58.549 | INFO     | monitor:scan:273 - Reached Old Files
2026-07-28 16:52:58.551 | INFO     | monitor:scan:303 - No New Serial
2026-07-28 16:52:58.552 | INFO     | monitor:scan:325 - Nothing Changed
2026-07-28 16:52:58.552 | SUCCESS  | monitor:scan:331 - Scan Finished
2026-07-28 16:52:58.553 | INFO     | monitor:start:67 - Sleep 60 Seconds
2026-07-28 16:53:58.554 | INFO     | auth.login:ensure_login:354 - Checking Login...
2026-07-28 16:53:58.555 | SUCCESS  | auth.login:load_saved_token:192 - Saved Token Loaded
2026-07-28 16:53:58.555 | SUCCESS  | auth.login:ensure_login:362 - Using Saved Token
2026-07-28 16:53:58.555 | INFO     | monitor:scan:111 - Scanning Website...
2026-07-28 16:53:58.556 | INFO     | monitor:scan:125 - Loading Page 1
2026-07-28 16:53:58.556 | INFO     | api:get_files:60 - Loading Page 1
2026-07-28 16:54:01.092 | INFO     | api:get_file:84 - Loading File 126d5180-1adb-5053-88b0-c1571f3c5943
2026-07-28 16:54:01.346 | INFO     | monitor:scan:273 - Reached Old Files
2026-07-28 16:54:01.347 | INFO     | monitor:scan:303 - No New Serial
2026-07-28 16:54:01.348 | INFO     | monitor:scan:325 - Nothing Changed
2026-07-28 16:54:01.349 | SUCCESS  | monitor:scan:331 - Scan Finished
2026-07-28 16:54:01.349 | INFO     | monitor:start:67 - Sleep 60 Seconds
2026-07-28 16:55:01.351 | INFO     | auth.login:ensure_login:354 - Checking Login...
2026-07-28 16:55:01.354 | SUCCESS  | auth.login:load_saved_token:192 - Saved Token Loaded
2026-07-28 16:55:01.357 | SUCCESS  | auth.login:ensure_login:362 - Using Saved Token
2026-07-28 16:55:01.358 | INFO     | monitor:scan:111 - Scanning Website...
2026-07-28 16:55:01.361 | INFO     | monitor:scan:125 - Loading Page 1
2026-07-28 16:55:01.361 | INFO     | api:get_files:60 - Loading Page 1
2026-07-28 16:55:02.942 | INFO     | api:get_file:84 - Loading File 126d5180-1adb-5053-88b0-c1571f3c5943
2026-07-28 16:55:03.174 | INFO     | monitor:scan:273 - Reached Old Files
2026-07-28 16:55:03.175 | INFO     | monitor:scan:303 - No New Serial
2026-07-28 16:55:03.175 | INFO     | monitor:scan:325 - Nothing Changed
2026-07-28 16:55:03.175 | SUCCESS  | monitor:scan:331 - Scan Finished
2026-07-28 16:55:03.176 | INFO     | monitor:start:67 - Sleep 60 Seconds
2026-07-28 16:56:03.177 | INFO     | auth.login:ensure_login:354 - Checking Login...
2026-07-28 16:56:03.178 | SUCCESS  | auth.login:load_saved_token:192 - Saved Token Loaded
2026-07-28 16:56:03.179 | SUCCESS  | auth.login:ensure_login:362 - Using Saved Token
2026-07-28 16:56:03.179 | INFO     | monitor:scan:111 - Scanning Website...
2026-07-28 16:56:03.179 | INFO     | monitor:scan:125 - Loading Page 1
2026-07-28 16:56:03.180 | INFO     | api:get_files:60 - Loading Page 1
2026-07-28 16:56:04.822 | INFO     | api:get_file:84 - Loading File 126d5180-1adb-5053-88b0-c1571f3c5943
2026-07-28 16:56:05.063 | INFO     | monitor:scan:273 - Reached Old Files
2026-07-28 16:56:05.064 | INFO     | monitor:scan:303 - No New Serial
2026-07-28 16:56:05.065 | INFO     | monitor:scan:325 - Nothing Changed
2026-07-28 16:56:05.067 | SUCCESS  | monitor:scan:331 - Scan Finished
2026-07-28 16:56:05.068 | INFO     | monitor:start:67 - Sleep 60 Seconds
2026-07-28 16:57:05.070 | INFO     | auth.login:ensure_login:354 - Checking Login...
2026-07-28 16:57:05.071 | SUCCESS  | auth.login:load_saved_token:192 - Saved Token Loaded
2026-07-28 16:57:05.071 | SUCCESS  | auth.login:ensure_login:362 - Using Saved Token
2026-07-28 16:57:05.071 | INFO     | monitor:scan:111 - Scanning Website...
2026-07-28 16:57:05.072 | INFO     | monitor:scan:125 - Loading Page 1
2026-07-28 16:57:05.072 | INFO     | api:get_files:60 - Loading Page 1
2026-07-28 16:57:06.704 | INFO     | api:get_file:84 - Loading File 126d5180-1adb-5053-88b0-c1571f3c5943
2026-07-28 16:57:06.938 | INFO     | monitor:scan:273 - Reached Old Files
2026-07-28 16:57:06.939 | INFO     | monitor:scan:303 - No New Serial
2026-07-28 16:57:06.940 | INFO     | monitor:scan:325 - Nothing Changed
2026-07-28 16:57:06.941 | SUCCESS  | monitor:scan:331 - Scan Finished
2026-07-28 16:57:06.942 | INFO     | monitor:start:67 - Sleep 60 Seconds
2026-07-28 16:58:06.943 | INFO     | auth.login:ensure_login:354 - Checking Login...
2026-07-28 16:58:06.946 | SUCCESS  | auth.login:load_saved_token:192 - Saved Token Loaded
2026-07-28 16:58:06.947 | SUCCESS  | auth.login:ensure_login:362 - Using Saved Token
2026-07-28 16:58:06.950 | INFO     | monitor:scan:111 - Scanning Website...
2026-07-28 16:58:06.951 | INFO     | monitor:scan:125 - Loading Page 1
2026-07-28 16:58:06.952 | INFO     | api:get_files:60 - Loading Page 1
2026-07-28 16:58:07.375 | WARNING  | auth.login:get:411 - Access Token Expired
2026-07-28 16:58:07.376 | INFO     | auth.login:login:262 - Logging in...
2026-07-28 16:58:07.849 | SUCCESS  | auth.login:save_token:242 - Token Saved
2026-07-28 16:58:07.850 | SUCCESS  | auth.login:login:340 - Login Successful
2026-07-28 16:58:10.899 | INFO     | api:get_file:84 - Loading File 126d5180-1adb-5053-88b0-c1571f3c5943
2026-07-28 16:58:11.130 | INFO     | monitor:scan:273 - Reached Old Files
2026-07-28 16:58:11.130 | INFO     | monitor:scan:303 - No New Serial
2026-07-28 16:58:11.130 | INFO     | monitor:scan:325 - Nothing Changed
2026-07-28 16:58:11.130 | SUCCESS  | monitor:scan:331 - Scan Finished
2026-07-28 16:58:11.130 | INFO     | monitor:start:67 - Sleep 60 Seconds
2026-07-28 16:59:11.131 | INFO     | auth.login:ensure_login:354 - Checking Login...
2026-07-28 16:59:11.168 | SUCCESS  | auth.login:load_saved_token:192 - Saved Token Loaded
2026-07-28 16:59:11.168 | SUCCESS  | auth.login:ensure_login:362 - Using Saved Token
2026-07-28 16:59:11.169 | INFO     | monitor:scan:111 - Scanning Website...
2026-07-28 16:59:11.169 | INFO     | monitor:scan:125 - Loading Page 1
2026-07-28 16:59:11.170 | INFO     | api:get_files:60 - Loading Page 1
2026-07-28 16:59:12.918 | INFO     | api:get_file:84 - Loading File 126d5180-1adb-5053-88b0-c1571f3c5943
2026-07-28 16:59:13.142 | INFO     | monitor:scan:273 - Reached Old Files
2026-07-28 16:59:13.143 | INFO     | monitor:scan:303 - No New Serial
2026-07-28 16:59:13.145 | INFO     | monitor:scan:325 - Nothing Changed
2026-07-28 16:59:13.146 | SUCCESS  | monitor:scan:331 - Scan Finished
2026-07-28 16:59:13.147 | INFO     | monitor:start:67 - Sleep 60 Seconds
2026-07-28 17:00:13.148 | INFO     | auth.login:ensure_login:354 - Checking Login...
2026-07-28 17:00:13.150 | SUCCESS  | auth.login:load_saved_token:192 - Saved Token Loaded
2026-07-28 17:00:13.151 | SUCCESS  | auth.login:ensure_login:362 - Using Saved Token
2026-07-28 17:00:13.152 | INFO     | monitor:scan:111 - Scanning Website...
2026-07-28 17:00:13.153 | INFO     | monitor:scan:125 - Loading Page 1
2026-07-28 17:00:13.153 | INFO     | api:get_files:60 - Loading Page 1
2026-07-28 17:00:14.649 | INFO     | api:get_file:84 - Loading File 126d5180-1adb-5053-88b0-c1571f3c5943
2026-07-28 17:00:14.870 | INFO     | monitor:scan:273 - Reached Old Files
2026-07-28 17:00:14.870 | INFO     | monitor:scan:303 - No New Serial
2026-07-28 17:00:14.871 | INFO     | monitor:scan:325 - Nothing Changed
2026-07-28 17:00:14.871 | SUCCESS  | monitor:scan:331 - Scan Finished
2026-07-28 17:00:14.871 | INFO     | monitor:start:67 - Sleep 60 Seconds
2026-07-28 17:01:14.872 | INFO     | auth.login:ensure_login:354 - Checking Login...
2026-07-28 17:01:14.876 | SUCCESS  | auth.login:load_saved_token:192 - Saved Token Loaded
2026-07-28 17:01:14.877 | SUCCESS  | auth.login:ensure_login:362 - Using Saved Token
2026-07-28 17:01:14.880 | INFO     | monitor:scan:111 - Scanning Website...
2026-07-28 17:01:14.882 | INFO     | monitor:scan:125 - Loading Page 1
2026-07-28 17:01:14.883 | INFO     | api:get_files:60 - Loading Page 1
2026-07-28 17:01:16.597 | INFO     | api:get_file:84 - Loading File 126d5180-1adb-5053-88b0-c1571f3c5943
2026-07-28 17:01:16.838 | INFO     | monitor:scan:273 - Reached Old Files
2026-07-28 17:01:16.840 | INFO     | monitor:scan:303 - No New Serial
2026-07-28 17:01:16.842 | INFO     | monitor:scan:325 - Nothing Changed
2026-07-28 17:01:16.842 | SUCCESS  | monitor:scan:331 - Scan Finished
2026-07-28 17:01:16.843 | INFO     | monitor:start:67 - Sleep 60 Seconds
2026-07-28 17:02:16.845 | INFO     | auth.login:ensure_login:354 - Checking Login...
2026-07-28 17:02:16.845 | SUCCESS  | auth.login:load_saved_token:192 - Saved Token Loaded
2026-07-28 17:02:16.845 | SUCCESS  | auth.login:ensure_login:362 - Using Saved Token
2026-07-28 17:02:16.845 | INFO     | monitor:scan:111 - Scanning Website...
2026-07-28 17:02:16.846 | INFO     | monitor:scan:125 - Loading Page 1
2026-07-28 17:02:16.846 | INFO     | api:get_files:60 - Loading Page 1
2026-07-28 17:02:18.366 | INFO     | api:get_file:84 - Loading File 126d5180-1adb-5053-88b0-c1571f3c5943
2026-07-28 17:02:18.600 | INFO     | monitor:scan:273 - Reached Old Files
2026-07-28 17:02:18.601 | INFO     | monitor:scan:303 - No New Serial
2026-07-28 17:02:18.602 | INFO     | monitor:scan:325 - Nothing Changed
2026-07-28 17:02:18.602 | SUCCESS  | monitor:scan:331 - Scan Finished
2026-07-28 17:02:18.602 | INFO     | monitor:start:67 - Sleep 60 Seconds
2026-07-28 17:03:18.603 | INFO     | auth.login:ensure_login:354 - Checking Login...
2026-07-28 17:03:18.604 | SUCCESS  | auth.login:load_saved_token:192 - Saved Token Loaded
2026-07-28 17:03:18.604 | SUCCESS  | auth.login:ensure_login:362 - Using Saved Token
2026-07-28 17:03:18.604 | INFO     | monitor:scan:111 - Scanning Website...
2026-07-28 17:03:18.604 | INFO     | monitor:scan:125 - Loading Page 1
2026-07-28 17:03:18.605 | INFO     | api:get_files:60 - Loading Page 1
2026-07-28 17:03:20.238 | INFO     | api:get_file:84 - Loading File 126d5180-1adb-5053-88b0-c1571f3c5943
2026-07-28 17:03:20.462 | INFO     | monitor:scan:273 - Reached Old Files
2026-07-28 17:03:20.463 | INFO     | monitor:scan:303 - No New Serial
2026-07-28 17:03:20.464 | INFO     | monitor:scan:325 - Nothing Changed
2026-07-28 17:03:20.466 | SUCCESS  | monitor:scan:331 - Scan Finished
2026-07-28 17:03:20.468 | INFO     | monitor:start:67 - Sleep 60 Seconds
2026-07-28 17:04:20.471 | INFO     | auth.login:ensure_login:354 - Checking Login...
2026-07-28 17:04:20.472 | SUCCESS  | auth.login:load_saved_token:192 - Saved Token Loaded
2026-07-28 17:04:20.472 | SUCCESS  | auth.login:ensure_login:362 - Using Saved Token
2026-07-28 17:04:20.473 | INFO     | monitor:scan:111 - Scanning Website...
2026-07-28 17:04:20.473 | INFO     | monitor:scan:125 - Loading Page 1
2026-07-28 17:04:20.474 | INFO     | api:get_files:60 - Loading Page 1
2026-07-28 17:04:23.704 | INFO     | api:get_file:84 - Loading File 126d5180-1adb-5053-88b0-c1571f3c5943
2026-07-28 17:04:24.093 | INFO     | monitor:scan:273 - Reached Old Files
2026-07-28 17:04:24.095 | INFO     | monitor:scan:303 - No New Serial
2026-07-28 17:04:24.096 | INFO     | monitor:scan:325 - Nothing Changed
2026-07-28 17:04:24.097 | SUCCESS  | monitor:scan:331 - Scan Finished
2026-07-28 17:04:24.098 | INFO     | monitor:start:67 - Sleep 60 Seconds
2026-07-28 17:05:24.099 | INFO     | auth.login:ensure_login:354 - Checking Login...
2026-07-28 17:05:24.102 | SUCCESS  | auth.login:load_saved_token:192 - Saved Token Loaded
2026-07-28 17:05:24.104 | SUCCESS  | auth.login:ensure_login:362 - Using Saved Token
2026-07-28 17:05:24.105 | INFO     | monitor:scan:111 - Scanning Website...
2026-07-28 17:05:24.108 | INFO     | monitor:scan:125 - Loading Page 1
2026-07-28 17:05:24.108 | INFO     | api:get_files:60 - Loading Page 1
2026-07-28 17:05:25.765 | INFO     | api:get_file:84 - Loading File 126d5180-1adb-5053-88b0-c1571f3c5943
2026-07-28 17:05:25.987 | INFO     | monitor:scan:273 - Reached Old Files
2026-07-28 17:05:25.987 | INFO     | monitor:scan:303 - No New Serial
2026-07-28 17:05:25.988 | INFO     | monitor:scan:325 - Nothing Changed
2026-07-28 17:05:25.988 | SUCCESS  | monitor:scan:331 - Scan Finished
2026-07-28 17:05:25.989 | INFO     | monitor:start:67 - Sleep 60 Seconds
2026-07-28 17:06:25.989 | INFO     | auth.login:ensure_login:354 - Checking Login...
2026-07-28 17:06:25.991 | SUCCESS  | auth.login:load_saved_token:192 - Saved Token Loaded
2026-07-28 17:06:25.992 | SUCCESS  | auth.login:ensure_login:362 - Using Saved Token
2026-07-28 17:06:25.992 | INFO     | monitor:scan:111 - Scanning Website...
2026-07-28 17:06:25.995 | INFO     | monitor:scan:125 - Loading Page 1
2026-07-28 17:06:25.996 | INFO     | api:get_files:60 - Loading Page 1
2026-07-28 17:06:29.345 | INFO     | api:get_file:84 - Loading File 126d5180-1adb-5053-88b0-c1571f3c5943
2026-07-28 17:06:29.764 | INFO     | monitor:scan:273 - Reached Old Files
2026-07-28 17:06:29.766 | INFO     | monitor:scan:303 - No New Serial
2026-07-28 17:06:29.767 | INFO     | monitor:scan:325 - Nothing Changed
2026-07-28 17:06:29.768 | SUCCESS  | monitor:scan:331 - Scan Finished
2026-07-28 17:06:29.769 | INFO     | monitor:start:67 - Sleep 60 Seconds
2026-07-28 17:07:29.771 | INFO     | auth.login:ensure_login:354 - Checking Login...
2026-07-28 17:07:29.773 | SUCCESS  | auth.login:load_saved_token:192 - Saved Token Loaded
2026-07-28 17:07:29.773 | SUCCESS  | auth.login:ensure_login:362 - Using Saved Token
2026-07-28 17:07:29.774 | INFO     | monitor:scan:111 - Scanning Website...
2026-07-28 17:07:29.774 | INFO     | monitor:scan:125 - Loading Page 1
2026-07-28 17:07:29.774 | INFO     | api:get_files:60 - Loading Page 1
2026-07-28 17:07:31.366 | INFO     | api:get_file:84 - Loading File 126d5180-1adb-5053-88b0-c1571f3c5943
2026-07-28 17:07:31.597 | INFO     | monitor:scan:273 - Reached Old Files
2026-07-28 17:07:31.598 | INFO     | monitor:scan:303 - No New Serial
2026-07-28 17:07:31.598 | INFO     | monitor:scan:325 - Nothing Changed
2026-07-28 17:07:31.598 | SUCCESS  | monitor:scan:331 - Scan Finished
2026-07-28 17:07:31.599 | INFO     | monitor:start:67 - Sleep 60 Seconds
2026-07-28 17:08:31.600 | INFO     | auth.login:ensure_login:354 - Checking Login...
2026-07-28 17:08:31.600 | SUCCESS  | auth.login:load_saved_token:192 - Saved Token Loaded
2026-07-28 17:08:31.601 | SUCCESS  | auth.login:ensure_login:362 - Using Saved Token
2026-07-28 17:08:31.601 | INFO     | monitor:scan:111 - Scanning Website...
2026-07-28 17:08:31.601 | INFO     | monitor:scan:125 - Loading Page 1
2026-07-28 17:08:31.601 | INFO     | api:get_files:60 - Loading Page 1
2026-07-28 17:08:32.037 | WARNING  | auth.login:get:411 - Access Token Expired
2026-07-28 17:08:32.038 | INFO     | auth.login:login:262 - Logging in...
2026-07-28 17:08:32.492 | SUCCESS  | auth.login:save_token:242 - Token Saved
2026-07-28 17:08:32.493 | SUCCESS  | auth.login:login:340 - Login Successful
2026-07-28 17:08:34.015 | INFO     | api:get_file:84 - Loading File 126d5180-1adb-5053-88b0-c1571f3c5943
2026-07-28 17:08:34.239 | INFO     | monitor:scan:273 - Reached Old Files
2026-07-28 17:08:34.240 | INFO     | monitor:scan:303 - No New Serial
2026-07-28 17:08:34.240 | INFO     | monitor:scan:325 - Nothing Changed
2026-07-28 17:08:34.240 | SUCCESS  | monitor:scan:331 - Scan Finished
2026-07-28 17:08:34.240 | INFO     | monitor:start:67 - Sleep 60 Seconds
2026-07-28 17:09:34.241 | INFO     | auth.login:ensure_login:354 - Checking Login...
2026-07-28 17:09:34.248 | SUCCESS  | auth.login:load_saved_token:192 - Saved Token Loaded
2026-07-28 17:09:34.248 | SUCCESS  | auth.login:ensure_login:362 - Using Saved Token
2026-07-28 17:09:34.248 | INFO     | monitor:scan:111 - Scanning Website...
2026-07-28 17:09:34.249 | INFO     | monitor:scan:125 - Loading Page 1
2026-07-28 17:09:34.249 | INFO     | api:get_files:60 - Loading Page 1
2026-07-28 17:09:37.584 | INFO     | api:get_file:84 - Loading File 126d5180-1adb-5053-88b0-c1571f3c5943
2026-07-28 17:09:37.814 | INFO     | monitor:scan:273 - Reached Old Files
2026-07-28 17:09:37.815 | INFO     | monitor:scan:303 - No New Serial
2026-07-28 17:09:37.815 | INFO     | monitor:scan:325 - Nothing Changed
2026-07-28 17:09:37.815 | SUCCESS  | monitor:scan:331 - Scan Finished
2026-07-28 17:09:37.816 | INFO     | monitor:start:67 - Sleep 60 Seconds
2026-07-28 17:10:37.817 | INFO     | auth.login:ensure_login:354 - Checking Login...
2026-07-28 17:10:37.821 | SUCCESS  | auth.login:load_saved_token:192 - Saved Token Loaded
2026-07-28 17:10:37.823 | SUCCESS  | auth.login:ensure_login:362 - Using Saved Token
2026-07-28 17:10:37.824 | INFO     | monitor:scan:111 - Scanning Website...
2026-07-28 17:10:37.828 | INFO     | monitor:scan:125 - Loading Page 1
2026-07-28 17:10:37.830 | INFO     | api:get_files:60 - Loading Page 1
2026-07-28 17:10:41.089 | INFO     | api:get_file:84 - Loading File 126d5180-1adb-5053-88b0-c1571f3c5943
2026-07-28 17:10:41.515 | INFO     | monitor:scan:273 - Reached Old Files
2026-07-28 17:10:41.516 | INFO     | monitor:scan:303 - No New Serial
2026-07-28 17:10:41.519 | INFO     | monitor:scan:325 - Nothing Changed
2026-07-28 17:10:41.524 | SUCCESS  | monitor:scan:331 - Scan Finished
2026-07-28 17:10:41.526 | INFO     | monitor:start:67 - Sleep 60 Seconds
2026-07-28 17:11:41.527 | INFO     | auth.login:ensure_login:354 - Checking Login...
2026-07-28 17:11:41.529 | SUCCESS  | auth.login:load_saved_token:192 - Saved Token Loaded
2026-07-28 17:11:41.530 | SUCCESS  | auth.login:ensure_login:362 - Using Saved Token
2026-07-28 17:11:41.530 | INFO     | monitor:scan:111 - Scanning Website...
2026-07-28 17:11:41.533 | INFO     | monitor:scan:125 - Loading Page 1
2026-07-28 17:11:41.534 | INFO     | api:get_files:60 - Loading Page 1
2026-07-28 17:11:43.450 | INFO     | api:get_file:84 - Loading File 126d5180-1adb-5053-88b0-c1571f3c5943
2026-07-28 17:11:43.687 | INFO     | monitor:scan:273 - Reached Old Files
2026-07-28 17:11:43.689 | INFO     | monitor:scan:303 - No New Serial
2026-07-28 17:11:43.690 | INFO     | monitor:scan:325 - Nothing Changed
2026-07-28 17:11:43.690 | SUCCESS  | monitor:scan:331 - Scan Finished
2026-07-28 17:11:43.691 | INFO     | monitor:start:67 - Sleep 60 Seconds
2026-07-28 17:12:43.692 | INFO     | auth.login:ensure_login:354 - Checking Login...
2026-07-28 17:12:43.695 | SUCCESS  | auth.login:load_saved_token:192 - Saved Token Loaded
2026-07-28 17:12:43.695 | SUCCESS  | auth.login:ensure_login:362 - Using Saved Token
2026-07-28 17:12:43.695 | INFO     | monitor:scan:111 - Scanning Website...
2026-07-28 17:12:43.697 | INFO     | monitor:scan:125 - Loading Page 1
2026-07-28 17:12:43.697 | INFO     | api:get_files:60 - Loading Page 1
2026-07-28 17:12:45.816 | INFO     | api:get_file:84 - Loading File 126d5180-1adb-5053-88b0-c1571f3c5943
2026-07-28 17:12:46.050 | INFO     | monitor:scan:273 - Reached Old Files
2026-07-28 17:12:46.050 | INFO     | monitor:scan:303 - No New Serial
2026-07-28 17:12:46.050 | INFO     | monitor:scan:325 - Nothing Changed
2026-07-28 17:12:46.050 | SUCCESS  | monitor:scan:331 - Scan Finished
2026-07-28 17:12:46.051 | INFO     | monitor:start:67 - Sleep 60 Seconds
2026-07-28 17:13:46.051 | INFO     | auth.login:ensure_login:354 - Checking Login...
2026-07-28 17:13:46.054 | SUCCESS  | auth.login:load_saved_token:192 - Saved Token Loaded
2026-07-28 17:13:46.054 | SUCCESS  | auth.login:ensure_login:362 - Using Saved Token
2026-07-28 17:13:46.056 | INFO     | monitor:scan:111 - Scanning Website...
2026-07-28 17:13:46.057 | INFO     | monitor:scan:125 - Loading Page 1
2026-07-28 17:13:46.057 | INFO     | api:get_files:60 - Loading Page 1
2026-07-28 17:13:47.900 | INFO     | api:get_file:84 - Loading File 126d5180-1adb-5053-88b0-c1571f3c5943
2026-07-28 17:13:48.119 | INFO     | monitor:scan:273 - Reached Old Files
2026-07-28 17:13:48.119 | INFO     | monitor:scan:303 - No New Serial
2026-07-28 17:13:48.120 | INFO     | monitor:scan:325 - Nothing Changed
2026-07-28 17:13:48.120 | SUCCESS  | monitor:scan:331 - Scan Finished
2026-07-28 17:13:48.120 | INFO     | monitor:start:67 - Sleep 60 Seconds
2026-07-28 17:14:48.121 | INFO     | auth.login:ensure_login:354 - Checking Login...
2026-07-28 17:14:48.124 | SUCCESS  | auth.login:load_saved_token:192 - Saved Token Loaded
2026-07-28 17:14:48.125 | SUCCESS  | auth.login:ensure_login:362 - Using Saved Token
2026-07-28 17:14:48.127 | INFO     | monitor:scan:111 - Scanning Website...
2026-07-28 17:14:48.128 | INFO     | monitor:scan:125 - Loading Page 1
2026-07-28 17:14:48.129 | INFO     | api:get_files:60 - Loading Page 1
2026-07-28 17:14:50.584 | INFO     | api:get_file:84 - Loading File 126d5180-1adb-5053-88b0-c1571f3c5943
2026-07-28 17:14:50.804 | INFO     | monitor:scan:273 - Reached Old Files
2026-07-28 17:14:50.805 | INFO     | monitor:scan:303 - No New Serial
2026-07-28 17:14:50.805 | INFO     | monitor:scan:325 - Nothing Changed
2026-07-28 17:14:50.806 | SUCCESS  | monitor:scan:331 - Scan Finished
2026-07-28 17:14:50.808 | INFO     | monitor:start:67 - Sleep 60 Seconds
2026-07-28 17:15:50.809 | INFO     | auth.login:ensure_login:354 - Checking Login...
2026-07-28 17:15:50.810 | SUCCESS  | auth.login:load_saved_token:192 - Saved Token Loaded
2026-07-28 17:15:50.810 | SUCCESS  | auth.login:ensure_login:362 - Using Saved Token
2026-07-28 17:15:50.810 | INFO     | monitor:scan:111 - Scanning Website...
2026-07-28 17:15:50.811 | INFO     | monitor:scan:125 - Loading Page 1
2026-07-28 17:15:50.811 | INFO     | api:get_files:60 - Loading Page 1
2026-07-28 17:15:54.522 | INFO     | api:get_file:84 - Loading File 126d5180-1adb-5053-88b0-c1571f3c5943
2026-07-28 17:15:54.935 | INFO     | monitor:scan:273 - Reached Old Files
2026-07-28 17:15:54.935 | INFO     | monitor:scan:303 - No New Serial
2026-07-28 17:15:54.935 | INFO     | monitor:scan:325 - Nothing Changed
2026-07-28 17:15:54.936 | SUCCESS  | monitor:scan:331 - Scan Finished
2026-07-28 17:15:54.937 | INFO     | monitor:start:67 - Sleep 60 Seconds
2026-07-28 17:16:54.938 | INFO     | auth.login:ensure_login:354 - Checking Login...
2026-07-28 17:16:54.941 | SUCCESS  | auth.login:load_saved_token:192 - Saved Token Loaded
2026-07-28 17:16:54.943 | SUCCESS  | auth.login:ensure_login:362 - Using Saved Token
2026-07-28 17:16:54.945 | INFO     | monitor:scan:111 - Scanning Website...
2026-07-28 17:16:54.949 | INFO     | monitor:scan:125 - Loading Page 1
2026-07-28 17:16:54.949 | INFO     | api:get_files:60 - Loading Page 1
2026-07-28 17:16:56.462 | INFO     | api:get_file:84 - Loading File 126d5180-1adb-5053-88b0-c1571f3c5943
2026-07-28 17:16:56.852 | INFO     | monitor:scan:273 - Reached Old Files
2026-07-28 17:16:56.852 | INFO     | monitor:scan:303 - No New Serial
2026-07-28 17:16:56.853 | INFO     | monitor:scan:325 - Nothing Changed
2026-07-28 17:16:56.853 | SUCCESS  | monitor:scan:331 - Scan Finished
2026-07-28 17:16:56.853 | INFO     | monitor:start:67 - Sleep 60 Seconds
2026-07-28 17:17:56.854 | INFO     | auth.login:ensure_login:354 - Checking Login...
2026-07-28 17:17:56.856 | SUCCESS  | auth.login:load_saved_token:192 - Saved Token Loaded
2026-07-28 17:17:56.857 | SUCCESS  | auth.login:ensure_login:362 - Using Saved Token
2026-07-28 17:17:56.858 | INFO     | monitor:scan:111 - Scanning Website...
2026-07-28 17:17:56.861 | INFO     | monitor:scan:125 - Loading Page 1
2026-07-28 17:17:56.861 | INFO     | api:get_files:60 - Loading Page 1
2026-07-28 17:17:58.385 | INFO     | api:get_file:84 - Loading File 126d5180-1adb-5053-88b0-c1571f3c5943
2026-07-28 17:17:58.624 | INFO     | monitor:scan:273 - Reached Old Files
2026-07-28 17:17:58.624 | INFO     | monitor:scan:303 - No New Serial
2026-07-28 17:17:58.624 | INFO     | monitor:scan:325 - Nothing Changed
2026-07-28 17:17:58.624 | SUCCESS  | monitor:scan:331 - Scan Finished
2026-07-28 17:17:58.624 | INFO     | monitor:start:67 - Sleep 60 Seconds
2026-07-28 17:18:58.625 | INFO     | auth.login:ensure_login:354 - Checking Login...
2026-07-28 17:18:58.625 | SUCCESS  | auth.login:load_saved_token:192 - Saved Token Loaded
2026-07-28 17:18:58.626 | SUCCESS  | auth.login:ensure_login:362 - Using Saved Token
2026-07-28 17:18:58.626 | INFO     | monitor:scan:111 - Scanning Website...
2026-07-28 17:18:58.626 | INFO     | monitor:scan:125 - Loading Page 1
2026-07-28 17:18:58.626 | INFO     | api:get_files:60 - Loading Page 1
2026-07-28 17:18:59.066 | WARNING  | auth.login:get:411 - Access Token Expired
2026-07-28 17:18:59.068 | INFO     | auth.login:login:262 - Logging in...
2026-07-28 17:18:59.562 | SUCCESS  | auth.login:save_token:242 - Token Saved
2026-07-28 17:18:59.562 | SUCCESS  | auth.login:login:340 - Login Successful
2026-07-28 17:19:00.709 | INFO     | api:get_file:84 - Loading File 126d5180-1adb-5053-88b0-c1571f3c5943
2026-07-28 17:19:00.942 | INFO     | monitor:scan:273 - Reached Old Files
2026-07-28 17:19:00.944 | INFO     | monitor:scan:303 - No New Serial
2026-07-28 17:19:00.945 | INFO     | monitor:scan:325 - Nothing Changed
2026-07-28 17:19:00.946 | SUCCESS  | monitor:scan:331 - Scan Finished
2026-07-28 17:19:00.947 | INFO     | monitor:start:67 - Sleep 60 Seconds
2026-07-28 17:20:00.948 | INFO     | auth.login:ensure_login:354 - Checking Login...
2026-07-28 17:20:00.958 | SUCCESS  | auth.login:load_saved_token:192 - Saved Token Loaded
2026-07-28 17:20:00.959 | SUCCESS  | auth.login:ensure_login:362 - Using Saved Token
2026-07-28 17:20:00.959 | INFO     | monitor:scan:111 - Scanning Website...
2026-07-28 17:20:00.960 | INFO     | monitor:scan:125 - Loading Page 1
2026-07-28 17:20:00.960 | INFO     | api:get_files:60 - Loading Page 1
2026-07-28 17:20:02.546 | INFO     | api:get_file:84 - Loading File 126d5180-1adb-5053-88b0-c1571f3c5943
2026-07-28 17:20:02.760 | INFO     | monitor:scan:273 - Reached Old Files
2026-07-28 17:20:02.762 | INFO     | monitor:scan:303 - No New Serial
2026-07-28 17:20:02.763 | INFO     | monitor:scan:325 - Nothing Changed
2026-07-28 17:20:02.765 | SUCCESS  | monitor:scan:331 - Scan Finished
2026-07-28 17:20:02.767 | INFO     | monitor:start:67 - Sleep 60 Seconds
2026-07-28 17:21:02.767 | INFO     | auth.login:ensure_login:354 - Checking Login...
2026-07-28 17:21:02.769 | SUCCESS  | auth.login:load_saved_token:192 - Saved Token Loaded
2026-07-28 17:21:02.770 | SUCCESS  | auth.login:ensure_login:362 - Using Saved Token
2026-07-28 17:21:02.770 | INFO     | monitor:scan:111 - Scanning Website...
2026-07-28 17:21:02.770 | INFO     | monitor:scan:125 - Loading Page 1
2026-07-28 17:21:02.770 | INFO     | api:get_files:60 - Loading Page 1
2026-07-28 17:21:04.584 | INFO     | api:get_file:84 - Loading File 126d5180-1adb-5053-88b0-c1571f3c5943
2026-07-28 17:21:04.816 | INFO     | monitor:scan:273 - Reached Old Files
2026-07-28 17:21:04.817 | INFO     | monitor:scan:303 - No New Serial
2026-07-28 17:21:04.818 | INFO     | monitor:scan:325 - Nothing Changed
2026-07-28 17:21:04.819 | SUCCESS  | monitor:scan:331 - Scan Finished
2026-07-28 17:21:04.821 | INFO     | monitor:start:67 - Sleep 60 Seconds
2026-07-28 17:22:04.822 | INFO     | auth.login:ensure_login:354 - Checking Login...
2026-07-28 17:22:04.826 | SUCCESS  | auth.login:load_saved_token:192 - Saved Token Loaded
2026-07-28 17:22:04.827 | SUCCESS  | auth.login:ensure_login:362 - Using Saved Token
2026-07-28 17:22:04.828 | INFO     | monitor:scan:111 - Scanning Website...
2026-07-28 17:22:04.831 | INFO     | monitor:scan:125 - Loading Page 1
2026-07-28 17:22:04.834 | INFO     | api:get_files:60 - Loading Page 1
2026-07-28 17:22:06.499 | INFO     | api:get_file:84 - Loading File 126d5180-1adb-5053-88b0-c1571f3c5943
2026-07-28 17:22:06.720 | INFO     | monitor:scan:273 - Reached Old Files
2026-07-28 17:22:06.720 | INFO     | monitor:scan:303 - No New Serial
2026-07-28 17:22:06.720 | INFO     | monitor:scan:325 - Nothing Changed
2026-07-28 17:22:06.720 | SUCCESS  | monitor:scan:331 - Scan Finished
2026-07-28 17:22:06.721 | INFO     | monitor:start:67 - Sleep 60 Seconds
2026-07-28 17:23:06.721 | INFO     | auth.login:ensure_login:354 - Checking Login...
2026-07-28 17:23:06.724 | SUCCESS  | auth.login:load_saved_token:192 - Saved Token Loaded
2026-07-28 17:23:06.726 | SUCCESS  | auth.login:ensure_login:362 - Using Saved Token
2026-07-28 17:23:06.727 | INFO     | monitor:scan:111 - Scanning Website...
2026-07-28 17:23:06.728 | INFO     | monitor:scan:125 - Loading Page 1
2026-07-28 17:23:06.729 | INFO     | api:get_files:60 - Loading Page 1
2026-07-28 17:23:09.261 | INFO     | api:get_file:84 - Loading File 126d5180-1adb-5053-88b0-c1571f3c5943
2026-07-28 17:23:09.485 | INFO     | monitor:scan:273 - Reached Old Files
2026-07-28 17:23:09.486 | INFO     | monitor:scan:303 - No New Serial
2026-07-28 17:23:09.488 | INFO     | monitor:scan:325 - Nothing Changed
2026-07-28 17:23:09.490 | SUCCESS  | monitor:scan:331 - Scan Finished
2026-07-28 17:23:09.491 | INFO     | monitor:start:67 - Sleep 60 Seconds
2026-07-28 17:24:09.492 | INFO     | auth.login:ensure_login:354 - Checking Login...
2026-07-28 17:24:09.493 | SUCCESS  | auth.login:load_saved_token:192 - Saved Token Loaded
2026-07-28 17:24:09.493 | SUCCESS  | auth.login:ensure_login:362 - Using Saved Token
2026-07-28 17:24:09.493 | INFO     | monitor:scan:111 - Scanning Website...
2026-07-28 17:24:09.494 | INFO     | monitor:scan:125 - Loading Page 1
2026-07-28 17:24:09.494 | INFO     | api:get_files:60 - Loading Page 1
2026-07-28 17:24:12.616 | INFO     | api:get_file:84 - Loading File 126d5180-1adb-5053-88b0-c1571f3c5943
2026-07-28 17:24:12.835 | INFO     | monitor:scan:273 - Reached Old Files
2026-07-28 17:24:12.836 | INFO     | monitor:scan:303 - No New Serial
2026-07-28 17:24:12.837 | INFO     | monitor:scan:325 - Nothing Changed
2026-07-28 17:24:12.838 | SUCCESS  | monitor:scan:331 - Scan Finished
2026-07-28 17:24:12.839 | INFO     | monitor:start:67 - Sleep 60 Seconds
2026-07-28 17:25:12.840 | INFO     | auth.login:ensure_login:354 - Checking Login...
2026-07-28 17:25:12.844 | SUCCESS  | auth.login:load_saved_token:192 - Saved Token Loaded
2026-07-28 17:25:12.845 | SUCCESS  | auth.login:ensure_login:362 - Using Saved Token
2026-07-28 17:25:12.847 | INFO     | monitor:scan:111 - Scanning Website...
2026-07-28 17:25:12.851 | INFO     | monitor:scan:125 - Loading Page 1
2026-07-28 17:25:12.852 | INFO     | api:get_files:60 - Loading Page 1
2026-07-28 17:25:14.532 | INFO     | api:get_file:84 - Loading File 126d5180-1adb-5053-88b0-c1571f3c5943
2026-07-28 17:25:14.761 | INFO     | monitor:scan:273 - Reached Old Files
2026-07-28 17:25:14.762 | INFO     | monitor:scan:303 - No New Serial
2026-07-28 17:25:14.763 | INFO     | monitor:scan:325 - Nothing Changed
2026-07-28 17:25:14.763 | SUCCESS  | monitor:scan:331 - Scan Finished
2026-07-28 17:25:14.763 | INFO     | monitor:start:67 - Sleep 60 Seconds
2026-07-28 17:26:14.764 | INFO     | auth.login:ensure_login:354 - Checking Login...
2026-07-28 17:26:14.767 | SUCCESS  | auth.login:load_saved_token:192 - Saved Token Loaded
2026-07-28 17:26:14.768 | SUCCESS  | auth.login:ensure_login:362 - Using Saved Token
2026-07-28 17:26:14.769 | INFO     | monitor:scan:111 - Scanning Website...
2026-07-28 17:26:14.770 | INFO     | monitor:scan:125 - Loading Page 1
2026-07-28 17:26:14.771 | INFO     | api:get_files:60 - Loading Page 1
2026-07-28 17:26:17.741 | INFO     | api:get_file:84 - Loading File 126d5180-1adb-5053-88b0-c1571f3c5943
2026-07-28 17:26:18.385 | INFO     | monitor:scan:273 - Reached Old Files
2026-07-28 17:26:18.385 | INFO     | monitor:scan:303 - No New Serial
2026-07-28 17:26:18.385 | INFO     | monitor:scan:325 - Nothing Changed
2026-07-28 17:26:18.386 | SUCCESS  | monitor:scan:331 - Scan Finished
2026-07-28 17:26:18.386 | INFO     | monitor:start:67 - Sleep 60 Seconds
2026-07-28 17:27:18.387 | INFO     | auth.login:ensure_login:354 - Checking Login...
2026-07-28 17:27:18.387 | SUCCESS  | auth.login:load_saved_token:192 - Saved Token Loaded
2026-07-28 17:27:18.388 | SUCCESS  | auth.login:ensure_login:362 - Using Saved Token
2026-07-28 17:27:18.388 | INFO     | monitor:scan:111 - Scanning Website...
2026-07-28 17:27:18.388 | INFO     | monitor:scan:125 - Loading Page 1
2026-07-28 17:27:18.388 | INFO     | api:get_files:60 - Loading Page 1
2026-07-28 17:27:19.824 | INFO     | api:get_file:84 - Loading File 126d5180-1adb-5053-88b0-c1571f3c5943
2026-07-28 17:27:20.047 | INFO     | monitor:scan:273 - Reached Old Files
2026-07-28 17:27:20.047 | INFO     | monitor:scan:303 - No New Serial
2026-07-28 17:27:20.048 | INFO     | monitor:scan:325 - Nothing Changed
2026-07-28 17:27:20.049 | SUCCESS  | monitor:scan:331 - Scan Finished
2026-07-28 17:27:20.051 | INFO     | monitor:start:67 - Sleep 60 Seconds
2026-07-28 17:28:20.052 | INFO     | auth.login:ensure_login:354 - Checking Login...
2026-07-28 17:28:20.055 | SUCCESS  | auth.login:load_saved_token:192 - Saved Token Loaded
2026-07-28 17:28:20.056 | SUCCESS  | auth.login:ensure_login:362 - Using Saved Token
2026-07-28 17:28:20.057 | INFO     | monitor:scan:111 - Scanning Website...
2026-07-28 17:28:20.060 | INFO     | monitor:scan:125 - Loading Page 1
2026-07-28 17:28:20.061 | INFO     | api:get_files:60 - Loading Page 1
2026-07-28 17:28:21.801 | INFO     | api:get_file:84 - Loading File 126d5180-1adb-5053-88b0-c1571f3c5943
2026-07-28 17:28:22.031 | INFO     | monitor:scan:273 - Reached Old Files
2026-07-28 17:28:22.032 | INFO     | monitor:scan:303 - No New Serial
2026-07-28 17:28:22.033 | INFO     | monitor:scan:325 - Nothing Changed
2026-07-28 17:28:22.034 | SUCCESS  | monitor:scan:331 - Scan Finished
2026-07-28 17:28:22.036 | INFO     | monitor:start:67 - Sleep 60 Seconds
2026-07-28 17:29:22.036 | INFO     | auth.login:ensure_login:354 - Checking Login...
2026-07-28 17:29:22.040 | SUCCESS  | auth.login:load_saved_token:192 - Saved Token Loaded
2026-07-28 17:29:22.041 | SUCCESS  | auth.login:ensure_login:362 - Using Saved Token
2026-07-28 17:29:22.042 | INFO     | monitor:scan:111 - Scanning Website...
2026-07-28 17:29:22.045 | INFO     | monitor:scan:125 - Loading Page 1
2026-07-28 17:29:22.046 | INFO     | api:get_files:60 - Loading Page 1
2026-07-28 17:29:22.455 | WARNING  | auth.login:get:411 - Access Token Expired
2026-07-28 17:29:22.457 | INFO     | auth.login:login:262 - Logging in...
2026-07-28 17:29:22.959 | SUCCESS  | auth.login:save_token:242 - Token Saved
2026-07-28 17:29:22.959 | SUCCESS  | auth.login:login:340 - Login Successful
2026-07-28 17:29:24.870 | INFO     | api:get_file:84 - Loading File 126d5180-1adb-5053-88b0-c1571f3c5943
2026-07-28 17:29:25.108 | INFO     | monitor:scan:273 - Reached Old Files
2026-07-28 17:29:25.108 | INFO     | monitor:scan:303 - No New Serial
2026-07-28 17:29:25.108 | INFO     | monitor:scan:325 - Nothing Changed
2026-07-28 17:29:25.109 | SUCCESS  | monitor:scan:331 - Scan Finished
2026-07-28 17:29:25.109 | INFO     | monitor:start:67 - Sleep 60 Seconds
2026-07-28 17:30:25.109 | INFO     | auth.login:ensure_login:354 - Checking Login...
2026-07-28 17:30:25.136 | SUCCESS  | auth.login:load_saved_token:192 - Saved Token Loaded
2026-07-28 17:30:25.137 | SUCCESS  | auth.login:ensure_login:362 - Using Saved Token
2026-07-28 17:30:25.137 | INFO     | monitor:scan:111 - Scanning Website...
2026-07-28 17:30:25.138 | INFO     | monitor:scan:125 - Loading Page 1
2026-07-28 17:30:25.138 | INFO     | api:get_files:60 - Loading Page 1
2026-07-28 17:30:28.407 | INFO     | api:get_file:84 - Loading File 126d5180-1adb-5053-88b0-c1571f3c5943
2026-07-28 17:30:28.627 | INFO     | monitor:scan:273 - Reached Old Files
2026-07-28 17:30:28.627 | INFO     | monitor:scan:303 - No New Serial
2026-07-28 17:30:28.627 | INFO     | monitor:scan:325 - Nothing Changed
2026-07-28 17:30:28.627 | SUCCESS  | monitor:scan:331 - Scan Finished
2026-07-28 17:30:28.628 | INFO     | monitor:start:67 - Sleep 60 Seconds
2026-07-28 17:31:28.628 | INFO     | auth.login:ensure_login:354 - Checking Login...
2026-07-28 17:31:28.629 | SUCCESS  | auth.login:load_saved_token:192 - Saved Token Loaded
2026-07-28 17:31:28.629 | SUCCESS  | auth.login:ensure_login:362 - Using Saved Token
2026-07-28 17:31:28.629 | INFO     | monitor:scan:111 - Scanning Website...
2026-07-28 17:31:28.631 | INFO     | monitor:scan:125 - Loading Page 1
2026-07-28 17:31:28.631 | INFO     | api:get_files:60 - Loading Page 1
2026-07-28 17:31:30.573 | INFO     | api:get_file:84 - Loading File 126d5180-1adb-5053-88b0-c1571f3c5943
2026-07-28 17:31:30.790 | INFO     | monitor:scan:273 - Reached Old Files
2026-07-28 17:31:30.790 | INFO     | monitor:scan:303 - No New Serial
2026-07-28 17:31:30.791 | INFO     | monitor:scan:325 - Nothing Changed
2026-07-28 17:31:30.791 | SUCCESS  | monitor:scan:331 - Scan Finished
2026-07-28 17:31:30.792 | INFO     | monitor:start:67 - Sleep 60 Seconds
2026-07-28 17:32:30.793 | INFO     | auth.login:ensure_login:354 - Checking Login...
2026-07-28 17:32:30.798 | SUCCESS  | auth.login:load_saved_token:192 - Saved Token Loaded
2026-07-28 17:32:30.799 | SUCCESS  | auth.login:ensure_login:362 - Using Saved Token
2026-07-28 17:32:30.801 | INFO     | monitor:scan:111 - Scanning Website...
2026-07-28 17:32:30.802 | INFO     | monitor:scan:125 - Loading Page 1
2026-07-28 17:32:30.803 | INFO     | api:get_files:60 - Loading Page 1
2026-07-28 17:32:33.067 | INFO     | api:get_file:84 - Loading File 126d5180-1adb-5053-88b0-c1571f3c5943
2026-07-28 17:32:33.301 | INFO     | monitor:scan:273 - Reached Old Files
2026-07-28 17:32:33.301 | INFO     | monitor:scan:303 - No New Serial
2026-07-28 17:32:33.302 | INFO     | monitor:scan:325 - Nothing Changed
2026-07-28 17:32:33.302 | SUCCESS  | monitor:scan:331 - Scan Finished
2026-07-28 17:32:33.302 | INFO     | monitor:start:67 - Sleep 60 Seconds
2026-07-28 17:33:33.304 | INFO     | auth.login:ensure_login:354 - Checking Login...
2026-07-28 17:33:33.307 | SUCCESS  | auth.login:load_saved_token:192 - Saved Token Loaded
2026-07-28 17:33:33.308 | SUCCESS  | auth.login:ensure_login:362 - Using Saved Token
2026-07-28 17:33:33.308 | INFO     | monitor:scan:111 - Scanning Website...
2026-07-28 17:33:33.310 | INFO     | monitor:scan:125 - Loading Page 1
2026-07-28 17:33:33.312 | INFO     | api:get_files:60 - Loading Page 1
2026-07-28 17:33:36.814 | INFO     | api:get_file:84 - Loading File 126d5180-1adb-5053-88b0-c1571f3c5943
2026-07-28 17:33:37.043 | INFO     | monitor:scan:273 - Reached Old Files
2026-07-28 17:33:37.046 | INFO     | monitor:scan:303 - No New Serial
2026-07-28 17:33:37.048 | INFO     | monitor:scan:325 - Nothing Changed
2026-07-28 17:33:37.050 | SUCCESS  | monitor:scan:331 - Scan Finished
2026-07-28 17:33:37.051 | INFO     | monitor:start:67 - Sleep 60 Seconds
2026-07-28 17:34:37.052 | INFO     | auth.login:ensure_login:354 - Checking Login...
2026-07-28 17:34:37.053 | SUCCESS  | auth.login:load_saved_token:192 - Saved Token Loaded
2026-07-28 17:34:37.053 | SUCCESS  | auth.login:ensure_login:362 - Using Saved Token
2026-07-28 17:34:37.053 | INFO     | monitor:scan:111 - Scanning Website...
2026-07-28 17:34:37.054 | INFO     | monitor:scan:125 - Loading Page 1
2026-07-28 17:34:37.054 | INFO     | api:get_files:60 - Loading Page 1
2026-07-28 17:34:38.590 | INFO     | api:get_file:84 - Loading File 126d5180-1adb-5053-88b0-c1571f3c5943
2026-07-28 17:34:38.821 | INFO     | monitor:scan:273 - Reached Old Files
2026-07-28 17:34:38.822 | INFO     | monitor:scan:303 - No New Serial
2026-07-28 17:34:38.824 | INFO     | monitor:scan:325 - Nothing Changed
2026-07-28 17:34:38.825 | SUCCESS  | monitor:scan:331 - Scan Finished
2026-07-28 17:34:38.826 | INFO     | monitor:start:67 - Sleep 60 Seconds
2026-07-28 17:35:38.828 | INFO     | auth.login:ensure_login:354 - Checking Login...
2026-07-28 17:35:38.831 | SUCCESS  | auth.login:load_saved_token:192 - Saved Token Loaded
2026-07-28 17:35:38.832 | SUCCESS  | auth.login:ensure_login:362 - Using Saved Token
2026-07-28 17:35:38.833 | INFO     | monitor:scan:111 - Scanning Website...
2026-07-28 17:35:38.835 | INFO     | monitor:scan:125 - Loading Page 1
2026-07-28 17:35:38.836 | INFO     | api:get_files:60 - Loading Page 1
2026-07-28 17:35:40.359 | INFO     | api:get_file:84 - Loading File 126d5180-1adb-5053-88b0-c1571f3c5943
2026-07-28 17:35:40.583 | INFO     | monitor:scan:273 - Reached Old Files
2026-07-28 17:35:40.585 | INFO     | monitor:scan:303 - No New Serial
2026-07-28 17:35:40.586 | INFO     | monitor:scan:325 - Nothing Changed
2026-07-28 17:35:40.586 | SUCCESS  | monitor:scan:331 - Scan Finished
2026-07-28 17:35:40.588 | INFO     | monitor:start:67 - Sleep 60 Seconds
2026-07-28 17:36:40.590 | INFO     | auth.login:ensure_login:354 - Checking Login...
2026-07-28 17:36:40.591 | SUCCESS  | auth.login:load_saved_token:192 - Saved Token Loaded
2026-07-28 17:36:40.591 | SUCCESS  | auth.login:ensure_login:362 - Using Saved Token
2026-07-28 17:36:40.591 | INFO     | monitor:scan:111 - Scanning Website...
2026-07-28 17:36:40.592 | INFO     | monitor:scan:125 - Loading Page 1
2026-07-28 17:36:40.592 | INFO     | api:get_files:60 - Loading Page 1
2026-07-28 17:36:44.249 | INFO     | api:get_file:84 - Loading File 126d5180-1adb-5053-88b0-c1571f3c5943
2026-07-28 17:36:44.669 | INFO     | monitor:scan:273 - Reached Old Files
2026-07-28 17:36:44.670 | INFO     | monitor:scan:303 - No New Serial
2026-07-28 17:36:44.670 | INFO     | monitor:scan:325 - Nothing Changed
2026-07-28 17:36:44.671 | SUCCESS  | monitor:scan:331 - Scan Finished
2026-07-28 17:36:44.671 | INFO     | monitor:start:67 - Sleep 60 Seconds
2026-07-28 17:37:44.672 | INFO     | auth.login:ensure_login:354 - Checking Login...
2026-07-28 17:37:44.673 | SUCCESS  | auth.login:load_saved_token:192 - Saved Token Loaded
2026-07-28 17:37:44.673 | SUCCESS  | auth.login:ensure_login:362 - Using Saved Token
2026-07-28 17:37:44.673 | INFO     | monitor:scan:111 - Scanning Website...
2026-07-28 17:37:44.674 | INFO     | monitor:scan:125 - Loading Page 1
2026-07-28 17:37:44.674 | INFO     | api:get_files:60 - Loading Page 1
2026-07-28 17:37:46.127 | INFO     | api:get_file:84 - Loading File 126d5180-1adb-5053-88b0-c1571f3c5943
2026-07-28 17:37:46.338 | INFO     | monitor:scan:273 - Reached Old Files
2026-07-28 17:37:46.340 | INFO     | monitor:scan:303 - No New Serial
2026-07-28 17:37:46.343 | INFO     | monitor:scan:325 - Nothing Changed
2026-07-28 17:37:46.344 | SUCCESS  | monitor:scan:331 - Scan Finished
2026-07-28 17:37:46.347 | INFO     | monitor:start:67 - Sleep 60 Seconds
2026-07-28 17:38:46.348 | INFO     | auth.login:ensure_login:354 - Checking Login...
2026-07-28 17:38:46.351 | SUCCESS  | auth.login:load_saved_token:192 - Saved Token Loaded
2026-07-28 17:38:46.352 | SUCCESS  | auth.login:ensure_login:362 - Using Saved Token
2026-07-28 17:38:46.353 | INFO     | monitor:scan:111 - Scanning Website...
2026-07-28 17:38:46.355 | INFO     | monitor:scan:125 - Loading Page 1
2026-07-28 17:38:46.355 | INFO     | api:get_files:60 - Loading Page 1
2026-07-28 17:38:48.098 | INFO     | api:get_file:84 - Loading File 126d5180-1adb-5053-88b0-c1571f3c5943
2026-07-28 17:38:48.320 | INFO     | monitor:scan:273 - Reached Old Files
2026-07-28 17:38:48.320 | INFO     | monitor:scan:303 - No New Serial
2026-07-28 17:38:48.320 | INFO     | monitor:scan:325 - Nothing Changed
2026-07-28 17:38:48.320 | SUCCESS  | monitor:scan:331 - Scan Finished
2026-07-28 17:38:48.321 | INFO     | monitor:start:67 - Sleep 60 Seconds
2026-07-28 17:39:48.322 | INFO     | auth.login:ensure_login:354 - Checking Login...
2026-07-28 17:39:48.323 | SUCCESS  | auth.login:load_saved_token:192 - Saved Token Loaded
2026-07-28 17:39:48.324 | SUCCESS  | auth.login:ensure_login:362 - Using Saved Token
2026-07-28 17:39:48.325 | INFO     | monitor:scan:111 - Scanning Website...
2026-07-28 17:39:48.326 | INFO     | monitor:scan:125 - Loading Page 1
2026-07-28 17:39:48.327 | INFO     | api:get_files:60 - Loading Page 1
2026-07-28 17:39:49.512 | WARNING  | auth.login:get:411 - Access Token Expired
2026-07-28 17:39:49.512 | INFO     | auth.login:login:262 - Logging in...
2026-07-28 17:39:49.965 | SUCCESS  | auth.login:save_token:242 - Token Saved
2026-07-28 17:39:49.965 | SUCCESS  | auth.login:login:340 - Login Successful
2026-07-28 17:39:51.589 | INFO     | api:get_file:84 - Loading File 126d5180-1adb-5053-88b0-c1571f3c5943
2026-07-28 17:39:51.819 | INFO     | monitor:scan:273 - Reached Old Files
2026-07-28 17:39:51.821 | INFO     | monitor:scan:303 - No New Serial
2026-07-28 17:39:51.822 | INFO     | monitor:scan:325 - Nothing Changed
2026-07-28 17:39:51.824 | SUCCESS  | monitor:scan:331 - Scan Finished
2026-07-28 17:39:51.825 | INFO     | monitor:start:67 - Sleep 60 Seconds
2026-07-28 17:40:51.826 | INFO     | auth.login:ensure_login:354 - Checking Login...
2026-07-28 17:40:51.847 | SUCCESS  | auth.login:load_saved_token:192 - Saved Token Loaded
2026-07-28 17:40:51.848 | SUCCESS  | auth.login:ensure_login:362 - Using Saved Token
2026-07-28 17:40:51.848 | INFO     | monitor:scan:111 - Scanning Website...
2026-07-28 17:40:51.849 | INFO     | monitor:scan:125 - Loading Page 1
2026-07-28 17:40:51.850 | INFO     | api:get_files:60 - Loading Page 1
2026-07-28 17:40:53.383 | INFO     | api:get_file:84 - Loading File 126d5180-1adb-5053-88b0-c1571f3c5943
2026-07-28 17:40:53.622 | INFO     | monitor:scan:273 - Reached Old Files
2026-07-28 17:40:53.622 | INFO     | monitor:scan:303 - No New Serial
2026-07-28 17:40:53.622 | INFO     | monitor:scan:325 - Nothing Changed
2026-07-28 17:40:53.622 | SUCCESS  | monitor:scan:331 - Scan Finished
2026-07-28 17:40:53.623 | INFO     | monitor:start:67 - Sleep 60 Seconds
2026-07-28 17:41:53.624 | INFO     | auth.login:ensure_login:354 - Checking Login...
2026-07-28 17:41:53.625 | SUCCESS  | auth.login:load_saved_token:192 - Saved Token Loaded
2026-07-28 17:41:53.625 | SUCCESS  | auth.login:ensure_login:362 - Using Saved Token
2026-07-28 17:41:53.627 | INFO     | monitor:scan:111 - Scanning Website...
2026-07-28 17:41:53.628 | INFO     | monitor:scan:125 - Loading Page 1
2026-07-28 17:41:53.630 | INFO     | api:get_files:60 - Loading Page 1
2026-07-28 17:41:55.345 | INFO     | api:get_file:84 - Loading File 126d5180-1adb-5053-88b0-c1571f3c5943
2026-07-28 17:41:55.572 | INFO     | monitor:scan:273 - Reached Old Files
2026-07-28 17:41:55.573 | INFO     | monitor:scan:303 - No New Serial
2026-07-28 17:41:55.573 | INFO     | monitor:scan:325 - Nothing Changed
2026-07-28 17:41:55.573 | SUCCESS  | monitor:scan:331 - Scan Finished
2026-07-28 17:41:55.573 | INFO     | monitor:start:67 - Sleep 60 Seconds
2026-07-28 17:42:55.574 | INFO     | auth.login:ensure_login:354 - Checking Login...
2026-07-28 17:42:55.577 | SUCCESS  | auth.login:load_saved_token:192 - Saved Token Loaded
2026-07-28 17:42:55.578 | SUCCESS  | auth.login:ensure_login:362 - Using Saved Token
2026-07-28 17:42:55.579 | INFO     | monitor:scan:111 - Scanning Website...
2026-07-28 17:42:55.582 | INFO     | monitor:scan:125 - Loading Page 1
2026-07-28 17:42:55.582 | INFO     | api:get_files:60 - Loading Page 1
2026-07-28 17:42:58.976 | INFO     | api:get_file:84 - Loading File 126d5180-1adb-5053-88b0-c1571f3c5943
2026-07-28 17:42:59.371 | INFO     | monitor:scan:273 - Reached Old Files
2026-07-28 17:42:59.371 | INFO     | monitor:scan:303 - No New Serial
2026-07-28 17:42:59.371 | INFO     | monitor:scan:325 - Nothing Changed
2026-07-28 17:42:59.372 | SUCCESS  | monitor:scan:331 - Scan Finished
2026-07-28 17:42:59.372 | INFO     | monitor:start:67 - Sleep 60 Seconds
2026-07-28 17:43:59.373 | INFO     | auth.login:ensure_login:354 - Checking Login...
2026-07-28 17:43:59.376 | SUCCESS  | auth.login:load_saved_token:192 - Saved Token Loaded
2026-07-28 17:43:59.377 | SUCCESS  | auth.login:ensure_login:362 - Using Saved Token
2026-07-28 17:43:59.378 | INFO     | monitor:scan:111 - Scanning Website...
2026-07-28 17:43:59.381 | INFO     | monitor:scan:125 - Loading Page 1
2026-07-28 17:43:59.382 | INFO     | api:get_files:60 - Loading Page 1
2026-07-28 17:44:01.383 | INFO     | api:get_file:84 - Loading File 126d5180-1adb-5053-88b0-c1571f3c5943
2026-07-28 17:44:01.612 | INFO     | monitor:scan:273 - Reached Old Files
2026-07-28 17:44:01.614 | INFO     | monitor:scan:303 - No New Serial
2026-07-28 17:44:01.615 | INFO     | monitor:scan:325 - Nothing Changed
2026-07-28 17:44:01.615 | SUCCESS  | monitor:scan:331 - Scan Finished
2026-07-28 17:44:01.615 | INFO     | monitor:start:67 - Sleep 60 Seconds
2026-07-28 17:45:01.616 | INFO     | auth.login:ensure_login:354 - Checking Login...
2026-07-28 17:45:01.619 | SUCCESS  | auth.login:load_saved_token:192 - Saved Token Loaded
2026-07-28 17:45:01.620 | SUCCESS  | auth.login:ensure_login:362 - Using Saved Token
2026-07-28 17:45:01.621 | INFO     | monitor:scan:111 - Scanning Website...
2026-07-28 17:45:01.622 | INFO     | monitor:scan:125 - Loading Page 1
2026-07-28 17:45:01.622 | INFO     | api:get_files:60 - Loading Page 1
2026-07-28 17:45:03.164 | INFO     | api:get_file:84 - Loading File 126d5180-1adb-5053-88b0-c1571f3c5943
2026-07-28 17:45:03.406 | INFO     | monitor:scan:273 - Reached Old Files
2026-07-28 17:45:03.407 | INFO     | monitor:scan:303 - No New Serial
2026-07-28 17:45:03.408 | INFO     | monitor:scan:325 - Nothing Changed
2026-07-28 17:45:03.410 | SUCCESS  | monitor:scan:331 - Scan Finished
2026-07-28 17:45:03.412 | INFO     | monitor:start:67 - Sleep 60 Seconds
2026-07-28 17:46:03.413 | INFO     | auth.login:ensure_login:354 - Checking Login...
2026-07-28 17:46:03.415 | SUCCESS  | auth.login:load_saved_token:192 - Saved Token Loaded
2026-07-28 17:46:03.415 | SUCCESS  | auth.login:ensure_login:362 - Using Saved Token
2026-07-28 17:46:03.415 | INFO     | monitor:scan:111 - Scanning Website...
2026-07-28 17:46:03.415 | INFO     | monitor:scan:125 - Loading Page 1
2026-07-28 17:46:03.416 | INFO     | api:get_files:60 - Loading Page 1
2026-07-28 17:46:04.861 | INFO     | api:get_file:84 - Loading File 126d5180-1adb-5053-88b0-c1571f3c5943
2026-07-28 17:46:05.086 | INFO     | monitor:scan:273 - Reached Old Files
2026-07-28 17:46:05.086 | INFO     | monitor:scan:303 - No New Serial
2026-07-28 17:46:05.087 | INFO     | monitor:scan:325 - Nothing Changed
2026-07-28 17:46:05.087 | SUCCESS  | monitor:scan:331 - Scan Finished
2026-07-28 17:46:05.088 | INFO     | monitor:start:67 - Sleep 60 Seconds
2026-07-28 17:47:05.089 | INFO     | auth.login:ensure_login:354 - Checking Login...
2026-07-28 17:47:05.090 | SUCCESS  | auth.login:load_saved_token:192 - Saved Token Loaded
2026-07-28 17:47:05.090 | SUCCESS  | auth.login:ensure_login:362 - Using Saved Token
2026-07-28 17:47:05.090 | INFO     | monitor:scan:111 - Scanning Website...
2026-07-28 17:47:05.090 | INFO     | monitor:scan:125 - Loading Page 1
2026-07-28 17:47:05.091 | INFO     | api:get_files:60 - Loading Page 1
2026-07-28 17:47:06.807 | INFO     | api:get_file:84 - Loading File 126d5180-1adb-5053-88b0-c1571f3c5943
2026-07-28 17:47:07.034 | INFO     | monitor:scan:273 - Reached Old Files
2026-07-28 17:47:07.036 | INFO     | monitor:scan:303 - No New Serial
2026-07-28 17:47:07.038 | INFO     | monitor:scan:325 - Nothing Changed
2026-07-28 17:47:07.039 | SUCCESS  | monitor:scan:331 - Scan Finished
2026-07-28 17:47:07.041 | INFO     | monitor:start:67 - Sleep 60 Seconds
2026-07-28 17:48:07.042 | INFO     | auth.login:ensure_login:354 - Checking Login...
2026-07-28 17:48:07.046 | SUCCESS  | auth.login:load_saved_token:192 - Saved Token Loaded
2026-07-28 17:48:07.049 | SUCCESS  | auth.login:ensure_login:362 - Using Saved Token
2026-07-28 17:48:07.052 | INFO     | monitor:scan:111 - Scanning Website...
2026-07-28 17:48:07.054 | INFO     | monitor:scan:125 - Loading Page 1
2026-07-28 17:48:07.055 | INFO     | api:get_files:60 - Loading Page 1
2026-07-28 17:48:09.798 | INFO     | api:get_file:84 - Loading File 126d5180-1adb-5053-88b0-c1571f3c5943
2026-07-28 17:48:10.043 | INFO     | monitor:scan:273 - Reached Old Files
2026-07-28 17:48:10.043 | INFO     | monitor:scan:303 - No New Serial
2026-07-28 17:48:10.044 | INFO     | monitor:scan:325 - Nothing Changed
2026-07-28 17:48:10.044 | SUCCESS  | monitor:scan:331 - Scan Finished
2026-07-28 17:48:10.045 | INFO     | monitor:start:67 - Sleep 60 Seconds
2026-07-28 17:49:10.046 | INFO     | auth.login:ensure_login:354 - Checking Login...
2026-07-28 17:49:10.050 | SUCCESS  | auth.login:load_saved_token:192 - Saved Token Loaded
2026-07-28 17:49:10.051 | SUCCESS  | auth.login:ensure_login:362 - Using Saved Token
2026-07-28 17:49:10.053 | INFO     | monitor:scan:111 - Scanning Website...
2026-07-28 17:49:10.054 | INFO     | monitor:scan:125 - Loading Page 1
2026-07-28 17:49:10.055 | INFO     | api:get_files:60 - Loading Page 1
2026-07-28 17:49:12.194 | INFO     | api:get_file:84 - Loading File 126d5180-1adb-5053-88b0-c1571f3c5943
2026-07-28 17:49:12.581 | INFO     | monitor:scan:273 - Reached Old Files
2026-07-28 17:49:12.581 | INFO     | monitor:scan:303 - No New Serial
2026-07-28 17:49:12.584 | INFO     | monitor:scan:325 - Nothing Changed
2026-07-28 17:49:12.584 | SUCCESS  | monitor:scan:331 - Scan Finished
2026-07-28 17:49:12.585 | INFO     | monitor:start:67 - Sleep 60 Seconds
2026-07-28 17:50:12.586 | INFO     | auth.login:ensure_login:354 - Checking Login...
2026-07-28 17:50:12.589 | SUCCESS  | auth.login:load_saved_token:192 - Saved Token Loaded
2026-07-28 17:50:12.591 | SUCCESS  | auth.login:ensure_login:362 - Using Saved Token
2026-07-28 17:50:12.592 | INFO     | monitor:scan:111 - Scanning Website...
2026-07-28 17:50:12.594 | INFO     | monitor:scan:125 - Loading Page 1
2026-07-28 17:50:12.595 | INFO     | api:get_files:60 - Loading Page 1
2026-07-28 17:50:13.028 | WARNING  | auth.login:get:411 - Access Token Expired
2026-07-28 17:50:13.029 | INFO     | auth.login:login:262 - Logging in...
2026-07-28 17:50:13.481 | SUCCESS  | auth.login:save_token:242 - Token Saved
2026-07-28 17:50:13.482 | SUCCESS  | auth.login:login:340 - Login Successful
2026-07-28 17:50:14.649 | INFO     | api:get_file:84 - Loading File 126d5180-1adb-5053-88b0-c1571f3c5943
2026-07-28 17:50:14.869 | INFO     | monitor:scan:273 - Reached Old Files
2026-07-28 17:50:14.869 | INFO     | monitor:scan:303 - No New Serial
2026-07-28 17:50:14.869 | INFO     | monitor:scan:325 - Nothing Changed
2026-07-28 17:50:14.869 | SUCCESS  | monitor:scan:331 - Scan Finished
2026-07-28 17:50:14.869 | INFO     | monitor:start:67 - Sleep 60 Seconds
2026-07-28 17:51:14.870 | INFO     | auth.login:ensure_login:354 - Checking Login...
2026-07-28 17:51:14.891 | SUCCESS  | auth.login:load_saved_token:192 - Saved Token Loaded
2026-07-28 17:51:14.893 | SUCCESS  | auth.login:ensure_login:362 - Using Saved Token
2026-07-28 17:51:14.893 | INFO     | monitor:scan:111 - Scanning Website...
2026-07-28 17:51:14.893 | INFO     | monitor:scan:125 - Loading Page 1
2026-07-28 17:51:14.894 | INFO     | api:get_files:60 - Loading Page 1
2026-07-28 17:51:16.445 | INFO     | api:get_file:84 - Loading File 126d5180-1adb-5053-88b0-c1571f3c5943
2026-07-28 17:51:16.662 | INFO     | monitor:scan:273 - Reached Old Files
2026-07-28 17:51:16.662 | INFO     | monitor:scan:303 - No New Serial
2026-07-28 17:51:16.662 | INFO     | monitor:scan:325 - Nothing Changed
2026-07-28 17:51:16.662 | SUCCESS  | monitor:scan:331 - Scan Finished
2026-07-28 17:51:16.662 | INFO     | monitor:start:67 - Sleep 60 Seconds
2026-07-28 17:52:16.663 | INFO     | auth.login:ensure_login:354 - Checking Login...
2026-07-28 17:52:16.665 | SUCCESS  | auth.login:load_saved_token:192 - Saved Token Loaded
2026-07-28 17:52:16.666 | SUCCESS  | auth.login:ensure_login:362 - Using Saved Token
2026-07-28 17:52:16.667 | INFO     | monitor:scan:111 - Scanning Website...
2026-07-28 17:52:16.671 | INFO     | monitor:scan:125 - Loading Page 1
2026-07-28 17:52:16.671 | INFO     | api:get_files:60 - Loading Page 1
2026-07-28 17:52:19.804 | INFO     | api:get_file:84 - Loading File 126d5180-1adb-5053-88b0-c1571f3c5943
2026-07-28 17:52:20.022 | INFO     | monitor:scan:273 - Reached Old Files
2026-07-28 17:52:20.022 | INFO     | monitor:scan:303 - No New Serial
2026-07-28 17:52:20.022 | INFO     | monitor:scan:325 - Nothing Changed
2026-07-28 17:52:20.023 | SUCCESS  | monitor:scan:331 - Scan Finished
2026-07-28 17:52:20.023 | INFO     | monitor:start:67 - Sleep 60 Seconds
2026-07-28 17:53:20.024 | INFO     | auth.login:ensure_login:354 - Checking Login...
2026-07-28 17:53:20.026 | SUCCESS  | auth.login:load_saved_token:192 - Saved Token Loaded
2026-07-28 17:53:20.027 | SUCCESS  | auth.login:ensure_login:362 - Using Saved Token
2026-07-28 17:53:20.027 | INFO     | monitor:scan:111 - Scanning Website...
2026-07-28 17:53:20.028 | INFO     | monitor:scan:125 - Loading Page 1
2026-07-28 17:53:20.029 | INFO     | api:get_files:60 - Loading Page 1
2026-07-28 17:53:21.587 | INFO     | api:get_file:84 - Loading File 126d5180-1adb-5053-88b0-c1571f3c5943
2026-07-28 17:53:21.814 | INFO     | monitor:scan:273 - Reached Old Files
2026-07-28 17:53:21.814 | INFO     | monitor:scan:303 - No New Serial
2026-07-28 17:53:21.814 | INFO     | monitor:scan:325 - Nothing Changed
2026-07-28 17:53:21.814 | SUCCESS  | monitor:scan:331 - Scan Finished
2026-07-28 17:53:21.815 | INFO     | monitor:start:67 - Sleep 60 Seconds
2026-07-28 17:54:21.815 | INFO     | auth.login:ensure_login:354 - Checking Login...
2026-07-28 17:54:21.818 | SUCCESS  | auth.login:load_saved_token:192 - Saved Token Loaded
2026-07-28 17:54:21.819 | SUCCESS  | auth.login:ensure_login:362 - Using Saved Token
2026-07-28 17:54:21.819 | INFO     | monitor:scan:111 - Scanning Website...
2026-07-28 17:54:21.822 | INFO     | monitor:scan:125 - Loading Page 1
2026-07-28 17:54:21.823 | INFO     | api:get_files:60 - Loading Page 1
2026-07-28 17:54:23.424 | INFO     | api:get_file:84 - Loading File 126d5180-1adb-5053-88b0-c1571f3c5943
2026-07-28 17:54:23.697 | INFO     | monitor:scan:273 - Reached Old Files
2026-07-28 17:54:23.697 | INFO     | monitor:scan:303 - No New Serial
2026-07-28 17:54:23.698 | INFO     | monitor:scan:325 - Nothing Changed
2026-07-28 17:54:23.699 | SUCCESS  | monitor:scan:331 - Scan Finished
2026-07-28 17:54:23.700 | INFO     | monitor:start:67 - Sleep 60 Seconds
2026-07-28 17:55:23.701 | INFO     | auth.login:ensure_login:354 - Checking Login...
2026-07-28 17:55:23.704 | SUCCESS  | auth.login:load_saved_token:192 - Saved Token Loaded
2026-07-28 17:55:23.704 | SUCCESS  | auth.login:ensure_login:362 - Using Saved Token
2026-07-28 17:55:23.705 | INFO     | monitor:scan:111 - Scanning Website...
2026-07-28 17:55:23.708 | INFO     | monitor:scan:125 - Loading Page 1
2026-07-28 17:55:23.708 | INFO     | api:get_files:60 - Loading Page 1
2026-07-28 17:55:25.176 | INFO     | api:get_file:84 - Loading File 126d5180-1adb-5053-88b0-c1571f3c5943
2026-07-28 17:55:25.387 | INFO     | monitor:scan:273 - Reached Old Files
2026-07-28 17:55:25.387 | INFO     | monitor:scan:303 - No New Serial
2026-07-28 17:55:25.387 | INFO     | monitor:scan:325 - Nothing Changed
2026-07-28 17:55:25.387 | SUCCESS  | monitor:scan:331 - Scan Finished
2026-07-28 17:55:25.388 | INFO     | monitor:start:67 - Sleep 60 Seconds
2026-07-28 17:56:25.388 | INFO     | auth.login:ensure_login:354 - Checking Login...
2026-07-28 17:56:25.393 | SUCCESS  | auth.login:load_saved_token:192 - Saved Token Loaded
2026-07-28 17:56:25.395 | SUCCESS  | auth.login:ensure_login:362 - Using Saved Token
2026-07-28 17:56:25.395 | INFO     | monitor:scan:111 - Scanning Website...
2026-07-28 17:56:25.398 | INFO     | monitor:scan:125 - Loading Page 1
2026-07-28 17:56:25.398 | INFO     | api:get_files:60 - Loading Page 1
2026-07-28 17:56:27.055 | INFO     | api:get_file:84 - Loading File 126d5180-1adb-5053-88b0-c1571f3c5943
2026-07-28 17:56:27.267 | INFO     | monitor:scan:273 - Reached Old Files
2026-07-28 17:56:27.268 | INFO     | monitor:scan:303 - No New Serial
2026-07-28 17:56:27.268 | INFO     | monitor:scan:325 - Nothing Changed
2026-07-28 17:56:27.269 | SUCCESS  | monitor:scan:331 - Scan Finished
2026-07-28 17:56:27.271 | INFO     | monitor:start:67 - Sleep 60 Seconds
2026-07-28 17:57:27.272 | INFO     | auth.login:ensure_login:354 - Checking Login...
2026-07-28 17:57:27.274 | SUCCESS  | auth.login:load_saved_token:192 - Saved Token Loaded
2026-07-28 17:57:27.274 | SUCCESS  | auth.login:ensure_login:362 - Using Saved Token
2026-07-28 17:57:27.275 | INFO     | monitor:scan:111 - Scanning Website...
2026-07-28 17:57:27.276 | INFO     | monitor:scan:125 - Loading Page 1
2026-07-28 17:57:27.277 | INFO     | api:get_files:60 - Loading Page 1
2026-07-28 17:57:28.813 | INFO     | api:get_file:84 - Loading File 126d5180-1adb-5053-88b0-c1571f3c5943
2026-07-28 17:57:29.039 | INFO     | monitor:scan:273 - Reached Old Files
2026-07-28 17:57:29.039 | INFO     | monitor:scan:303 - No New Serial
2026-07-28 17:57:29.039 | INFO     | monitor:scan:325 - Nothing Changed
2026-07-28 17:57:29.039 | SUCCESS  | monitor:scan:331 - Scan Finished
2026-07-28 17:57:29.040 | INFO     | monitor:start:67 - Sleep 60 Seconds
2026-07-28 17:58:29.040 | INFO     | auth.login:ensure_login:354 - Checking Login...
2026-07-28 17:58:29.041 | SUCCESS  | auth.login:load_saved_token:192 - Saved Token Loaded
2026-07-28 17:58:29.041 | SUCCESS  | auth.login:ensure_login:362 - Using Saved Token
2026-07-28 17:58:29.041 | INFO     | monitor:scan:111 - Scanning Website...
2026-07-28 17:58:29.042 | INFO     | monitor:scan:125 - Loading Page 1
2026-07-28 17:58:29.042 | INFO     | api:get_files:60 - Loading Page 1
2026-07-28 17:58:30.503 | INFO     | api:get_file:84 - Loading File 126d5180-1adb-5053-88b0-c1571f3c5943
2026-07-28 17:58:30.717 | INFO     | monitor:scan:273 - Reached Old Files
2026-07-28 17:58:30.718 | INFO     | monitor:scan:303 - No New Serial
2026-07-28 17:58:30.720 | INFO     | monitor:scan:325 - Nothing Changed
2026-07-28 17:58:30.721 | SUCCESS  | monitor:scan:331 - Scan Finished
2026-07-28 17:58:30.722 | INFO     | monitor:start:67 - Sleep 60 Seconds
2026-07-28 17:59:30.723 | INFO     | auth.login:ensure_login:354 - Checking Login...
2026-07-28 17:59:30.724 | SUCCESS  | auth.login:load_saved_token:192 - Saved Token Loaded
2026-07-28 17:59:30.724 | SUCCESS  | auth.login:ensure_login:362 - Using Saved Token
2026-07-28 17:59:30.725 | INFO     | monitor:scan:111 - Scanning Website...
2026-07-28 17:59:30.725 | INFO     | monitor:scan:125 - Loading Page 1
2026-07-28 17:59:30.725 | INFO     | api:get_files:60 - Loading Page 1
2026-07-28 17:59:32.421 | INFO     | api:get_file:84 - Loading File 126d5180-1adb-5053-88b0-c1571f3c5943
2026-07-28 17:59:32.652 | INFO     | monitor:scan:273 - Reached Old Files
2026-07-28 17:59:32.653 | INFO     | monitor:scan:303 - No New Serial
2026-07-28 17:59:32.654 | INFO     | monitor:scan:325 - Nothing Changed
2026-07-28 17:59:32.655 | SUCCESS  | monitor:scan:331 - Scan Finished
2026-07-28 17:59:32.656 | INFO     | monitor:start:67 - Sleep 60 Seconds
2026-07-28 18:00:32.656 | INFO     | auth.login:ensure_login:354 - Checking Login...
2026-07-28 18:00:32.659 | SUCCESS  | auth.login:load_saved_token:192 - Saved Token Loaded
2026-07-28 18:00:32.660 | SUCCESS  | auth.login:ensure_login:362 - Using Saved Token
2026-07-28 18:00:32.661 | INFO     | monitor:scan:111 - Scanning Website...
2026-07-28 18:00:32.664 | INFO     | monitor:scan:125 - Loading Page 1
2026-07-28 18:00:32.664 | INFO     | api:get_files:60 - Loading Page 1
2026-07-28 18:00:33.147 | WARNING  | auth.login:get:411 - Access Token Expired
2026-07-28 18:00:33.148 | INFO     | auth.login:login:262 - Logging in...
2026-07-28 18:00:33.593 | SUCCESS  | auth.login:save_token:242 - Token Saved
2026-07-28 18:00:33.594 | SUCCESS  | auth.login:login:340 - Login Successful
2026-07-28 18:00:34.977 | INFO     | api:get_file:84 - Loading File 126d5180-1adb-5053-88b0-c1571f3c5943
2026-07-28 18:00:35.202 | INFO     | monitor:scan:273 - Reached Old Files
2026-07-28 18:00:35.202 | INFO     | monitor:scan:303 - No New Serial
2026-07-28 18:00:35.202 | INFO     | monitor:scan:325 - Nothing Changed
2026-07-28 18:00:35.202 | SUCCESS  | monitor:scan:331 - Scan Finished
2026-07-28 18:00:35.203 | INFO     | monitor:start:67 - Sleep 60 Seconds
2026-07-28 18:01:35.203 | INFO     | auth.login:ensure_login:354 - Checking Login...
2026-07-28 18:01:35.221 | SUCCESS  | auth.login:load_saved_token:192 - Saved Token Loaded
2026-07-28 18:01:35.221 | SUCCESS  | auth.login:ensure_login:362 - Using Saved Token
2026-07-28 18:01:35.221 | INFO     | monitor:scan:111 - Scanning Website...
2026-07-28 18:01:35.222 | INFO     | monitor:scan:125 - Loading Page 1
2026-07-28 18:01:35.222 | INFO     | api:get_files:60 - Loading Page 1
2026-07-28 18:01:36.734 | INFO     | api:get_file:84 - Loading File 126d5180-1adb-5053-88b0-c1571f3c5943
2026-07-28 18:01:36.969 | INFO     | monitor:scan:273 - Reached Old Files
2026-07-28 18:01:36.969 | INFO     | monitor:scan:303 - No New Serial
2026-07-28 18:01:36.969 | INFO     | monitor:scan:325 - Nothing Changed
2026-07-28 18:01:36.970 | SUCCESS  | monitor:scan:331 - Scan Finished
2026-07-28 18:01:36.971 | INFO     | monitor:start:67 - Sleep 60 Seconds
2026-07-28 18:02:36.973 | INFO     | auth.login:ensure_login:354 - Checking Login...
2026-07-28 18:02:36.976 | SUCCESS  | auth.login:load_saved_token:192 - Saved Token Loaded
2026-07-28 18:02:36.977 | SUCCESS  | auth.login:ensure_login:362 - Using Saved Token
2026-07-28 18:02:36.978 | INFO     | monitor:scan:111 - Scanning Website...
2026-07-28 18:02:36.981 | INFO     | monitor:scan:125 - Loading Page 1
2026-07-28 18:02:36.982 | INFO     | api:get_files:60 - Loading Page 1
2026-07-28 18:02:38.909 | INFO     | api:get_file:84 - Loading File 126d5180-1adb-5053-88b0-c1571f3c5943
2026-07-28 18:02:39.142 | INFO     | monitor:scan:273 - Reached Old Files
2026-07-28 18:02:39.144 | INFO     | monitor:scan:303 - No New Serial
2026-07-28 18:02:39.146 | INFO     | monitor:scan:325 - Nothing Changed
2026-07-28 18:02:39.147 | SUCCESS  | monitor:scan:331 - Scan Finished
2026-07-28 18:02:39.148 | INFO     | monitor:start:67 - Sleep 60 Seconds
2026-07-28 18:03:39.149 | INFO     | auth.login:ensure_login:354 - Checking Login...
2026-07-28 18:03:39.149 | SUCCESS  | auth.login:load_saved_token:192 - Saved Token Loaded
2026-07-28 18:03:39.149 | SUCCESS  | auth.login:ensure_login:362 - Using Saved Token
2026-07-28 18:03:39.149 | INFO     | monitor:scan:111 - Scanning Website...
2026-07-28 18:03:39.150 | INFO     | monitor:scan:125 - Loading Page 1
2026-07-28 18:03:39.150 | INFO     | api:get_files:60 - Loading Page 1
2026-07-28 18:03:41.114 | INFO     | api:get_file:84 - Loading File 126d5180-1adb-5053-88b0-c1571f3c5943
2026-07-28 18:03:41.342 | INFO     | monitor:scan:273 - Reached Old Files
2026-07-28 18:03:41.342 | INFO     | monitor:scan:303 - No New Serial
2026-07-28 18:03:41.342 | INFO     | monitor:scan:325 - Nothing Changed
2026-07-28 18:03:41.343 | SUCCESS  | monitor:scan:331 - Scan Finished
2026-07-28 18:03:41.344 | INFO     | monitor:start:67 - Sleep 60 Seconds
2026-07-28 18:04:41.344 | INFO     | auth.login:ensure_login:354 - Checking Login...
2026-07-28 18:04:41.348 | SUCCESS  | auth.login:load_saved_token:192 - Saved Token Loaded
2026-07-28 18:04:41.349 | SUCCESS  | auth.login:ensure_login:362 - Using Saved Token
2026-07-28 18:04:41.351 | INFO     | monitor:scan:111 - Scanning Website...
2026-07-28 18:04:41.353 | INFO     | monitor:scan:125 - Loading Page 1
2026-07-28 18:04:41.354 | INFO     | api:get_files:60 - Loading Page 1
2026-07-28 18:04:45.043 | INFO     | api:get_file:84 - Loading File 126d5180-1adb-5053-88b0-c1571f3c5943
2026-07-28 18:04:45.457 | INFO     | monitor:scan:273 - Reached Old Files
2026-07-28 18:04:45.458 | INFO     | monitor:scan:303 - No New Serial
2026-07-28 18:04:45.458 | INFO     | monitor:scan:325 - Nothing Changed
2026-07-28 18:04:45.458 | SUCCESS  | monitor:scan:331 - Scan Finished
2026-07-28 18:04:45.459 | INFO     | monitor:start:67 - Sleep 60 Seconds
2026-07-28 18:05:45.459 | INFO     | auth.login:ensure_login:354 - Checking Login...
2026-07-28 18:05:45.463 | SUCCESS  | auth.login:load_saved_token:192 - Saved Token Loaded
2026-07-28 18:05:45.468 | SUCCESS  | auth.login:ensure_login:362 - Using Saved Token
2026-07-28 18:05:45.470 | INFO     | monitor:scan:111 - Scanning Website...
2026-07-28 18:05:45.475 | INFO     | monitor:scan:125 - Loading Page 1
2026-07-28 18:05:45.477 | INFO     | api:get_files:60 - Loading Page 1
2026-07-28 18:05:46.994 | INFO     | api:get_file:84 - Loading File 126d5180-1adb-5053-88b0-c1571f3c5943
2026-07-28 18:05:47.218 | INFO     | monitor:scan:273 - Reached Old Files
2026-07-28 18:05:47.218 | INFO     | monitor:scan:303 - No New Serial
2026-07-28 18:05:47.219 | INFO     | monitor:scan:325 - Nothing Changed
2026-07-28 18:05:47.219 | SUCCESS  | monitor:scan:331 - Scan Finished
2026-07-28 18:05:47.220 | INFO     | monitor:start:67 - Sleep 60 Seconds
2026-07-28 18:06:47.220 | INFO     | auth.login:ensure_login:354 - Checking Login...
2026-07-28 18:06:47.223 | SUCCESS  | auth.login:load_saved_token:192 - Saved Token Loaded
2026-07-28 18:06:47.224 | SUCCESS  | auth.login:ensure_login:362 - Using Saved Token
2026-07-28 18:06:47.225 | INFO     | monitor:scan:111 - Scanning Website...
2026-07-28 18:06:47.226 | INFO     | monitor:scan:125 - Loading Page 1
2026-07-28 18:06:47.227 | INFO     | api:get_files:60 - Loading Page 1
2026-07-28 18:06:48.911 | INFO     | api:get_file:84 - Loading File 126d5180-1adb-5053-88b0-c1571f3c5943
2026-07-28 18:06:49.143 | INFO     | monitor:scan:273 - Reached Old Files
2026-07-28 18:06:49.144 | INFO     | monitor:scan:303 - No New Serial
2026-07-28 18:06:49.144 | INFO     | monitor:scan:325 - Nothing Changed
2026-07-28 18:06:49.144 | SUCCESS  | monitor:scan:331 - Scan Finished
2026-07-28 18:06:49.144 | INFO     | monitor:start:67 - Sleep 60 Seconds
2026-07-28 18:07:49.145 | INFO     | auth.login:ensure_login:354 - Checking Login...
2026-07-28 18:07:49.148 | SUCCESS  | auth.login:load_saved_token:192 - Saved Token Loaded
2026-07-28 18:07:49.149 | SUCCESS  | auth.login:ensure_login:362 - Using Saved Token
2026-07-28 18:07:49.149 | INFO     | monitor:scan:111 - Scanning Website...
2026-07-28 18:07:49.150 | INFO     | monitor:scan:125 - Loading Page 1
2026-07-28 18:07:49.151 | INFO     | api:get_files:60 - Loading Page 1
2026-07-28 18:07:51.624 | INFO     | api:get_file:84 - Loading File 126d5180-1adb-5053-88b0-c1571f3c5943
2026-07-28 18:07:51.862 | INFO     | monitor:scan:273 - Reached Old Files
2026-07-28 18:07:51.862 | INFO     | monitor:scan:303 - No New Serial
2026-07-28 18:07:51.862 | INFO     | monitor:scan:325 - Nothing Changed
2026-07-28 18:07:51.862 | SUCCESS  | monitor:scan:331 - Scan Finished
2026-07-28 18:07:51.862 | INFO     | monitor:start:67 - Sleep 60 Seconds
2026-07-28 18:08:51.863 | INFO     | auth.login:ensure_login:354 - Checking Login...
2026-07-28 18:08:51.867 | SUCCESS  | auth.login:load_saved_token:192 - Saved Token Loaded
2026-07-28 18:08:51.868 | SUCCESS  | auth.login:ensure_login:362 - Using Saved Token
2026-07-28 18:08:51.869 | INFO     | monitor:scan:111 - Scanning Website...
2026-07-28 18:08:51.870 | INFO     | monitor:scan:125 - Loading Page 1
2026-07-28 18:08:51.870 | INFO     | api:get_files:60 - Loading Page 1
2026-07-28 18:08:53.366 | INFO     | api:get_file:84 - Loading File 126d5180-1adb-5053-88b0-c1571f3c5943
2026-07-28 18:08:53.595 | INFO     | monitor:scan:273 - Reached Old Files
2026-07-28 18:08:53.596 | INFO     | monitor:scan:303 - No New Serial
2026-07-28 18:08:53.596 | INFO     | monitor:scan:325 - Nothing Changed
2026-07-28 18:08:53.597 | SUCCESS  | monitor:scan:331 - Scan Finished
2026-07-28 18:08:53.598 | INFO     | monitor:start:67 - Sleep 60 Seconds
2026-07-28 18:09:53.599 | INFO     | auth.login:ensure_login:354 - Checking Login...
2026-07-28 18:09:53.603 | SUCCESS  | auth.login:load_saved_token:192 - Saved Token Loaded
2026-07-28 18:09:53.605 | SUCCESS  | auth.login:ensure_login:362 - Using Saved Token
2026-07-28 18:09:53.606 | INFO     | monitor:scan:111 - Scanning Website...
2026-07-28 18:09:53.611 | INFO     | monitor:scan:125 - Loading Page 1
2026-07-28 18:09:53.612 | INFO     | api:get_files:60 - Loading Page 1
2026-07-28 18:09:56.620 | INFO     | api:get_file:84 - Loading File 126d5180-1adb-5053-88b0-c1571f3c5943
2026-07-28 18:09:56.841 | INFO     | monitor:scan:273 - Reached Old Files
2026-07-28 18:09:56.842 | INFO     | monitor:scan:303 - No New Serial
2026-07-28 18:09:56.843 | INFO     | monitor:scan:325 - Nothing Changed
2026-07-28 18:09:56.844 | SUCCESS  | monitor:scan:331 - Scan Finished
2026-07-28 18:09:56.846 | INFO     | monitor:start:67 - Sleep 60 Seconds
2026-07-28 18:10:56.847 | INFO     | auth.login:ensure_login:354 - Checking Login...
2026-07-28 18:10:56.848 | SUCCESS  | auth.login:load_saved_token:192 - Saved Token Loaded
2026-07-28 18:10:56.848 | SUCCESS  | auth.login:ensure_login:362 - Using Saved Token
2026-07-28 18:10:56.849 | INFO     | monitor:scan:111 - Scanning Website...
2026-07-28 18:10:56.849 | INFO     | monitor:scan:125 - Loading Page 1
2026-07-28 18:10:56.849 | INFO     | api:get_files:60 - Loading Page 1
2026-07-28 18:10:57.280 | WARNING  | auth.login:get:411 - Access Token Expired
2026-07-28 18:10:57.281 | INFO     | auth.login:login:262 - Logging in...
2026-07-28 18:10:57.825 | SUCCESS  | auth.login:save_token:242 - Token Saved
2026-07-28 18:10:57.826 | SUCCESS  | auth.login:login:340 - Login Successful
2026-07-28 18:11:00.279 | INFO     | api:get_file:84 - Loading File 126d5180-1adb-5053-88b0-c1571f3c5943
2026-07-28 18:11:00.511 | INFO     | monitor:scan:273 - Reached Old Files
2026-07-28 18:11:00.513 | INFO     | monitor:scan:303 - No New Serial
2026-07-28 18:11:00.514 | INFO     | monitor:scan:325 - Nothing Changed
2026-07-28 18:11:00.515 | SUCCESS  | monitor:scan:331 - Scan Finished
2026-07-28 18:11:00.516 | INFO     | monitor:start:67 - Sleep 60 Seconds
2026-07-28 18:12:00.518 | INFO     | auth.login:ensure_login:354 - Checking Login...
2026-07-28 18:12:00.526 | SUCCESS  | auth.login:load_saved_token:192 - Saved Token Loaded
2026-07-28 18:12:00.526 | SUCCESS  | auth.login:ensure_login:362 - Using Saved Token
2026-07-28 18:12:00.526 | INFO     | monitor:scan:111 - Scanning Website...
2026-07-28 18:12:00.527 | INFO     | monitor:scan:125 - Loading Page 1
2026-07-28 18:12:00.527 | INFO     | api:get_files:60 - Loading Page 1
2026-07-28 18:12:03.749 | INFO     | api:get_file:84 - Loading File 126d5180-1adb-5053-88b0-c1571f3c5943
2026-07-28 18:12:03.991 | INFO     | monitor:scan:273 - Reached Old Files
2026-07-28 18:12:03.992 | INFO     | monitor:scan:303 - No New Serial
2026-07-28 18:12:03.992 | INFO     | monitor:scan:325 - Nothing Changed
2026-07-28 18:12:03.993 | SUCCESS  | monitor:scan:331 - Scan Finished
2026-07-28 18:12:03.994 | INFO     | monitor:start:67 - Sleep 60 Seconds
2026-07-28 18:13:03.995 | INFO     | auth.login:ensure_login:354 - Checking Login...
2026-07-28 18:13:03.997 | SUCCESS  | auth.login:load_saved_token:192 - Saved Token Loaded
2026-07-28 18:13:03.999 | SUCCESS  | auth.login:ensure_login:362 - Using Saved Token
2026-07-28 18:13:04.000 | INFO     | monitor:scan:111 - Scanning Website...
2026-07-28 18:13:04.002 | INFO     | monitor:scan:125 - Loading Page 1
2026-07-28 18:13:04.003 | INFO     | api:get_files:60 - Loading Page 1
2026-07-28 18:13:05.461 | INFO     | api:get_file:84 - Loading File 126d5180-1adb-5053-88b0-c1571f3c5943
2026-07-28 18:13:05.684 | INFO     | monitor:scan:273 - Reached Old Files
2026-07-28 18:13:05.684 | INFO     | monitor:scan:303 - No New Serial
2026-07-28 18:13:05.685 | INFO     | monitor:scan:325 - Nothing Changed
2026-07-28 18:13:05.686 | SUCCESS  | monitor:scan:331 - Scan Finished
2026-07-28 18:13:05.686 | INFO     | monitor:start:67 - Sleep 60 Seconds
2026-07-28 18:14:05.688 | INFO     | auth.login:ensure_login:354 - Checking Login...
2026-07-28 18:14:05.689 | SUCCESS  | auth.login:load_saved_token:192 - Saved Token Loaded
2026-07-28 18:14:05.689 | SUCCESS  | auth.login:ensure_login:362 - Using Saved Token
2026-07-28 18:14:05.690 | INFO     | monitor:scan:111 - Scanning Website...
2026-07-28 18:14:05.690 | INFO     | monitor:scan:125 - Loading Page 1
2026-07-28 18:14:05.691 | INFO     | api:get_files:60 - Loading Page 1
2026-07-28 18:14:07.895 | INFO     | api:get_file:84 - Loading File 126d5180-1adb-5053-88b0-c1571f3c5943
2026-07-28 18:14:08.112 | INFO     | monitor:scan:273 - Reached Old Files
2026-07-28 18:14:08.112 | INFO     | monitor:scan:303 - No New Serial
2026-07-28 18:14:08.112 | INFO     | monitor:scan:325 - Nothing Changed
2026-07-28 18:14:08.112 | SUCCESS  | monitor:scan:331 - Scan Finished
2026-07-28 18:14:08.113 | INFO     | monitor:start:67 - Sleep 60 Seconds
2026-07-28 18:15:08.113 | INFO     | auth.login:ensure_login:354 - Checking Login...
2026-07-28 18:15:08.118 | SUCCESS  | auth.login:load_saved_token:192 - Saved Token Loaded
2026-07-28 18:15:08.119 | SUCCESS  | auth.login:ensure_login:362 - Using Saved Token
2026-07-28 18:15:08.120 | INFO     | monitor:scan:111 - Scanning Website...
2026-07-28 18:15:08.122 | INFO     | monitor:scan:125 - Loading Page 1
2026-07-28 18:15:08.122 | INFO     | api:get_files:60 - Loading Page 1
2026-07-28 18:15:09.563 | INFO     | api:get_file:84 - Loading File 126d5180-1adb-5053-88b0-c1571f3c5943
2026-07-28 18:15:09.781 | INFO     | monitor:scan:273 - Reached Old Files
2026-07-28 18:15:09.783 | INFO     | monitor:scan:303 - No New Serial
2026-07-28 18:15:09.784 | INFO     | monitor:scan:325 - Nothing Changed
2026-07-28 18:15:09.786 | SUCCESS  | monitor:scan:331 - Scan Finished
2026-07-28 18:15:09.787 | INFO     | monitor:start:67 - Sleep 60 Seconds
2026-07-28 18:16:09.789 | INFO     | auth.login:ensure_login:354 - Checking Login...
2026-07-28 18:16:09.792 | SUCCESS  | auth.login:load_saved_token:192 - Saved Token Loaded
2026-07-28 18:16:09.794 | SUCCESS  | auth.login:ensure_login:362 - Using Saved Token
2026-07-28 18:16:09.796 | INFO     | monitor:scan:111 - Scanning Website...
2026-07-28 18:16:09.798 | INFO     | monitor:scan:125 - Loading Page 1
2026-07-28 18:16:09.798 | INFO     | api:get_files:60 - Loading Page 1
2026-07-28 18:16:12.857 | INFO     | api:get_file:84 - Loading File 126d5180-1adb-5053-88b0-c1571f3c5943
2026-07-28 18:16:13.094 | INFO     | monitor:scan:273 - Reached Old Files
2026-07-28 18:16:13.095 | INFO     | monitor:scan:303 - No New Serial
2026-07-28 18:16:13.095 | INFO     | monitor:scan:325 - Nothing Changed
2026-07-28 18:16:13.096 | SUCCESS  | monitor:scan:331 - Scan Finished
2026-07-28 18:16:13.096 | INFO     | monitor:start:67 - Sleep 60 Seconds
2026-07-28 18:17:13.098 | INFO     | auth.login:ensure_login:354 - Checking Login...
2026-07-28 18:17:13.098 | SUCCESS  | auth.login:load_saved_token:192 - Saved Token Loaded
2026-07-28 18:17:13.098 | SUCCESS  | auth.login:ensure_login:362 - Using Saved Token
2026-07-28 18:17:13.098 | INFO     | monitor:scan:111 - Scanning Website...
2026-07-28 18:17:13.099 | INFO     | monitor:scan:125 - Loading Page 1
2026-07-28 18:17:13.099 | INFO     | api:get_files:60 - Loading Page 1
2026-07-28 18:17:14.781 | INFO     | api:get_file:84 - Loading File 126d5180-1adb-5053-88b0-c1571f3c5943
2026-07-28 18:17:15.013 | INFO     | monitor:scan:273 - Reached Old Files
2026-07-28 18:17:15.015 | INFO     | monitor:scan:303 - No New Serial
2026-07-28 18:17:15.017 | INFO     | monitor:scan:325 - Nothing Changed
2026-07-28 18:17:15.017 | SUCCESS  | monitor:scan:331 - Scan Finished
2026-07-28 18:17:15.018 | INFO     | monitor:start:67 - Sleep 60 Seconds
2026-07-28 18:18:15.019 | INFO     | auth.login:ensure_login:354 - Checking Login...
2026-07-28 18:18:15.022 | SUCCESS  | auth.login:load_saved_token:192 - Saved Token Loaded
2026-07-28 18:18:15.023 | SUCCESS  | auth.login:ensure_login:362 - Using Saved Token
2026-07-28 18:18:15.023 | INFO     | monitor:scan:111 - Scanning Website...
2026-07-28 18:18:15.025 | INFO     | monitor:scan:125 - Loading Page 1
2026-07-28 18:18:15.026 | INFO     | api:get_files:60 - Loading Page 1
2026-07-28 18:18:16.715 | INFO     | api:get_file:84 - Loading File 126d5180-1adb-5053-88b0-c1571f3c5943
2026-07-28 18:18:17.101 | INFO     | monitor:scan:273 - Reached Old Files
2026-07-28 18:18:17.101 | INFO     | monitor:scan:303 - No New Serial
2026-07-28 18:18:17.101 | INFO     | monitor:scan:325 - Nothing Changed
2026-07-28 18:18:17.101 | SUCCESS  | monitor:scan:331 - Scan Finished
2026-07-28 18:18:17.102 | INFO     | monitor:start:67 - Sleep 60 Seconds
2026-07-28 18:19:17.102 | INFO     | auth.login:ensure_login:354 - Checking Login...
2026-07-28 18:19:17.105 | SUCCESS  | auth.login:load_saved_token:192 - Saved Token Loaded
2026-07-28 18:19:17.106 | SUCCESS  | auth.login:ensure_login:362 - Using Saved Token
2026-07-28 18:19:17.107 | INFO     | monitor:scan:111 - Scanning Website...
2026-07-28 18:19:17.109 | INFO     | monitor:scan:125 - Loading Page 1
2026-07-28 18:19:17.109 | INFO     | api:get_files:60 - Loading Page 1
2026-07-28 18:19:19.055 | INFO     | api:get_file:84 - Loading File 126d5180-1adb-5053-88b0-c1571f3c5943
2026-07-28 18:19:19.277 | INFO     | monitor:scan:273 - Reached Old Files
2026-07-28 18:19:19.278 | INFO     | monitor:scan:303 - No New Serial
2026-07-28 18:19:19.278 | INFO     | monitor:scan:325 - Nothing Changed
2026-07-28 18:19:19.279 | SUCCESS  | monitor:scan:331 - Scan Finished
2026-07-28 18:19:19.279 | INFO     | monitor:start:67 - Sleep 60 Seconds
2026-07-28 18:20:19.280 | INFO     | auth.login:ensure_login:354 - Checking Login...
2026-07-28 18:20:19.282 | SUCCESS  | auth.login:load_saved_token:192 - Saved Token Loaded
2026-07-28 18:20:19.284 | SUCCESS  | auth.login:ensure_login:362 - Using Saved Token
2026-07-28 18:20:19.286 | INFO     | monitor:scan:111 - Scanning Website...
2026-07-28 18:20:19.289 | INFO     | monitor:scan:125 - Loading Page 1
2026-07-28 18:20:19.290 | INFO     | api:get_files:60 - Loading Page 1
2026-07-28 18:20:20.867 | INFO     | api:get_file:84 - Loading File 126d5180-1adb-5053-88b0-c1571f3c5943
2026-07-28 18:20:21.100 | INFO     | monitor:scan:273 - Reached Old Files
2026-07-28 18:20:21.100 | INFO     | monitor:scan:303 - No New Serial
2026-07-28 18:20:21.101 | INFO     | monitor:scan:325 - Nothing Changed
2026-07-28 18:20:21.102 | SUCCESS  | monitor:scan:331 - Scan Finished
2026-07-28 18:20:21.102 | INFO     | monitor:start:67 - Sleep 60 Seconds
2026-07-28 18:21:21.103 | INFO     | auth.login:ensure_login:354 - Checking Login...
2026-07-28 18:21:21.104 | SUCCESS  | auth.login:load_saved_token:192 - Saved Token Loaded
2026-07-28 18:21:21.104 | SUCCESS  | auth.login:ensure_login:362 - Using Saved Token
2026-07-28 18:21:21.105 | INFO     | monitor:scan:111 - Scanning Website...
2026-07-28 18:21:21.106 | INFO     | monitor:scan:125 - Loading Page 1
2026-07-28 18:21:21.107 | INFO     | api:get_files:60 - Loading Page 1
2026-07-28 18:21:21.545 | WARNING  | auth.login:get:411 - Access Token Expired
2026-07-28 18:21:21.545 | INFO     | auth.login:login:262 - Logging in...
2026-07-28 18:21:22.044 | SUCCESS  | auth.login:save_token:242 - Token Saved
2026-07-28 18:21:22.045 | SUCCESS  | auth.login:login:340 - Login Successful
2026-07-28 18:21:25.224 | INFO     | api:get_file:84 - Loading File 126d5180-1adb-5053-88b0-c1571f3c5943
2026-07-28 18:21:25.632 | INFO     | monitor:scan:273 - Reached Old Files
2026-07-28 18:21:25.634 | INFO     | monitor:scan:303 - No New Serial
2026-07-28 18:21:25.635 | INFO     | monitor:scan:325 - Nothing Changed
2026-07-28 18:21:25.636 | SUCCESS  | monitor:scan:331 - Scan Finished
2026-07-28 18:21:25.638 | INFO     | monitor:start:67 - Sleep 60 Seconds
2026-07-28 18:22:25.638 | INFO     | auth.login:ensure_login:354 - Checking Login...
2026-07-28 18:22:25.651 | SUCCESS  | auth.login:load_saved_token:192 - Saved Token Loaded
2026-07-28 18:22:25.651 | SUCCESS  | auth.login:ensure_login:362 - Using Saved Token
2026-07-28 18:22:25.651 | INFO     | monitor:scan:111 - Scanning Website...
2026-07-28 18:22:25.651 | INFO     | monitor:scan:125 - Loading Page 1
2026-07-28 18:22:25.652 | INFO     | api:get_files:60 - Loading Page 1
2026-07-28 18:22:28.062 | INFO     | api:get_file:84 - Loading File 126d5180-1adb-5053-88b0-c1571f3c5943
2026-07-28 18:22:28.302 | INFO     | monitor:scan:273 - Reached Old Files
2026-07-28 18:22:28.302 | INFO     | monitor:scan:303 - No New Serial
2026-07-28 18:22:28.303 | INFO     | monitor:scan:325 - Nothing Changed
2026-07-28 18:22:28.303 | SUCCESS  | monitor:scan:331 - Scan Finished
2026-07-28 18:22:28.303 | INFO     | monitor:start:67 - Sleep 60 Seconds
2026-07-28 18:23:28.303 | INFO     | auth.login:ensure_login:354 - Checking Login...
2026-07-28 18:23:28.306 | SUCCESS  | auth.login:load_saved_token:192 - Saved Token Loaded
2026-07-28 18:23:28.307 | SUCCESS  | auth.login:ensure_login:362 - Using Saved Token
2026-07-28 18:23:28.308 | INFO     | monitor:scan:111 - Scanning Website...
2026-07-28 18:23:28.311 | INFO     | monitor:scan:125 - Loading Page 1
2026-07-28 18:23:28.311 | INFO     | api:get_files:60 - Loading Page 1
2026-07-28 18:23:29.827 | INFO     | api:get_file:84 - Loading File 126d5180-1adb-5053-88b0-c1571f3c5943
2026-07-28 18:23:30.058 | INFO     | monitor:scan:273 - Reached Old Files
2026-07-28 18:23:30.060 | INFO     | monitor:scan:303 - No New Serial
2026-07-28 18:23:30.061 | INFO     | monitor:scan:325 - Nothing Changed
2026-07-28 18:23:30.061 | SUCCESS  | monitor:scan:331 - Scan Finished
2026-07-28 18:23:30.062 | INFO     | monitor:start:67 - Sleep 60 Seconds
2026-07-28 18:24:30.063 | INFO     | auth.login:ensure_login:354 - Checking Login...
2026-07-28 18:24:30.066 | SUCCESS  | auth.login:load_saved_token:192 - Saved Token Loaded
2026-07-28 18:24:30.066 | SUCCESS  | auth.login:ensure_login:362 - Using Saved Token
2026-07-28 18:24:30.067 | INFO     | monitor:scan:111 - Scanning Website...
2026-07-28 18:24:30.069 | INFO     | monitor:scan:125 - Loading Page 1
2026-07-28 18:24:30.071 | INFO     | api:get_files:60 - Loading Page 1
2026-07-28 18:24:31.706 | INFO     | api:get_file:84 - Loading File 126d5180-1adb-5053-88b0-c1571f3c5943
2026-07-28 18:24:31.926 | INFO     | monitor:scan:273 - Reached Old Files
2026-07-28 18:24:31.927 | INFO     | monitor:scan:303 - No New Serial
2026-07-28 18:24:31.929 | INFO     | monitor:scan:325 - Nothing Changed
2026-07-28 18:24:31.930 | SUCCESS  | monitor:scan:331 - Scan Finished
2026-07-28 18:24:31.932 | INFO     | monitor:start:67 - Sleep 60 Seconds
2026-07-28 18:25:31.933 | INFO     | auth.login:ensure_login:354 - Checking Login...
2026-07-28 18:25:31.933 | SUCCESS  | auth.login:load_saved_token:192 - Saved Token Loaded
2026-07-28 18:25:31.933 | SUCCESS  | auth.login:ensure_login:362 - Using Saved Token
2026-07-28 18:25:31.933 | INFO     | monitor:scan:111 - Scanning Website...
2026-07-28 18:25:31.934 | INFO     | monitor:scan:125 - Loading Page 1
2026-07-28 18:25:31.934 | INFO     | api:get_files:60 - Loading Page 1
2026-07-28 18:25:33.637 | INFO     | api:get_file:84 - Loading File 126d5180-1adb-5053-88b0-c1571f3c5943
2026-07-28 18:25:33.867 | INFO     | monitor:scan:273 - Reached Old Files
2026-07-28 18:25:33.869 | INFO     | monitor:scan:303 - No New Serial
2026-07-28 18:25:33.869 | INFO     | monitor:scan:325 - Nothing Changed
2026-07-28 18:25:33.870 | SUCCESS  | monitor:scan:331 - Scan Finished
2026-07-28 18:25:33.872 | INFO     | monitor:start:67 - Sleep 60 Seconds
2026-07-28 18:26:33.874 | INFO     | auth.login:ensure_login:354 - Checking Login...
2026-07-28 18:26:33.875 | SUCCESS  | auth.login:load_saved_token:192 - Saved Token Loaded
2026-07-28 18:26:33.876 | SUCCESS  | auth.login:ensure_login:362 - Using Saved Token
2026-07-28 18:26:33.877 | INFO     | monitor:scan:111 - Scanning Website...
2026-07-28 18:26:33.877 | INFO     | monitor:scan:125 - Loading Page 1
2026-07-28 18:26:33.877 | INFO     | api:get_files:60 - Loading Page 1
2026-07-28 18:26:35.407 | INFO     | api:get_file:84 - Loading File 126d5180-1adb-5053-88b0-c1571f3c5943
2026-07-28 18:26:35.633 | INFO     | monitor:scan:273 - Reached Old Files
2026-07-28 18:26:35.633 | INFO     | monitor:scan:303 - No New Serial
2026-07-28 18:26:35.634 | INFO     | monitor:scan:325 - Nothing Changed
2026-07-28 18:26:35.635 | SUCCESS  | monitor:scan:331 - Scan Finished
2026-07-28 18:26:35.636 | INFO     | monitor:start:67 - Sleep 60 Seconds
2026-07-28 18:27:35.637 | INFO     | auth.login:ensure_login:354 - Checking Login...
2026-07-28 18:27:35.640 | SUCCESS  | auth.login:load_saved_token:192 - Saved Token Loaded
2026-07-28 18:27:35.642 | SUCCESS  | auth.login:ensure_login:362 - Using Saved Token
2026-07-28 18:27:35.643 | INFO     | monitor:scan:111 - Scanning Website...
2026-07-28 18:27:35.645 | INFO     | monitor:scan:125 - Loading Page 1
2026-07-28 18:27:35.645 | INFO     | api:get_files:60 - Loading Page 1
2026-07-28 18:27:38.846 | INFO     | api:get_file:84 - Loading File 126d5180-1adb-5053-88b0-c1571f3c5943
2026-07-28 18:27:39.258 | INFO     | monitor:scan:273 - Reached Old Files
2026-07-28 18:27:39.259 | INFO     | monitor:scan:303 - No New Serial
2026-07-28 18:27:39.260 | INFO     | monitor:scan:325 - Nothing Changed
2026-07-28 18:27:39.261 | SUCCESS  | monitor:scan:331 - Scan Finished
2026-07-28 18:27:39.262 | INFO     | monitor:start:67 - Sleep 60 Seconds
2026-07-28 18:28:39.263 | INFO     | auth.login:ensure_login:354 - Checking Login...
2026-07-28 18:28:39.264 | SUCCESS  | auth.login:load_saved_token:192 - Saved Token Loaded
2026-07-28 18:28:39.264 | SUCCESS  | auth.login:ensure_login:362 - Using Saved Token
2026-07-28 18:28:39.264 | INFO     | monitor:scan:111 - Scanning Website...
2026-07-28 18:28:39.265 | INFO     | monitor:scan:125 - Loading Page 1
2026-07-28 18:28:39.265 | INFO     | api:get_files:60 - Loading Page 1
2026-07-28 18:28:41.177 | INFO     | api:get_file:84 - Loading File 126d5180-1adb-5053-88b0-c1571f3c5943
2026-07-28 18:28:41.411 | INFO     | monitor:scan:273 - Reached Old Files
2026-07-28 18:28:41.413 | INFO     | monitor:scan:303 - No New Serial
2026-07-28 18:28:41.414 | INFO     | monitor:scan:325 - Nothing Changed
2026-07-28 18:28:41.415 | SUCCESS  | monitor:scan:331 - Scan Finished
2026-07-28 18:28:41.417 | INFO     | monitor:start:67 - Sleep 60 Seconds
2026-07-28 18:29:41.418 | INFO     | auth.login:ensure_login:354 - Checking Login...
2026-07-28 18:29:41.421 | SUCCESS  | auth.login:load_saved_token:192 - Saved Token Loaded
2026-07-28 18:29:41.423 | SUCCESS  | auth.login:ensure_login:362 - Using Saved Token
2026-07-28 18:29:41.423 | INFO     | monitor:scan:111 - Scanning Website...
2026-07-28 18:29:41.425 | INFO     | monitor:scan:125 - Loading Page 1
2026-07-28 18:29:41.425 | INFO     | api:get_files:60 - Loading Page 1
2026-07-28 18:29:42.950 | INFO     | api:get_file:84 - Loading File 126d5180-1adb-5053-88b0-c1571f3c5943
2026-07-28 18:29:43.185 | INFO     | monitor:scan:273 - Reached Old Files
2026-07-28 18:29:43.185 | INFO     | monitor:scan:303 - No New Serial
2026-07-28 18:29:43.185 | INFO     | monitor:scan:325 - Nothing Changed
2026-07-28 18:29:43.186 | SUCCESS  | monitor:scan:331 - Scan Finished
2026-07-28 18:29:43.186 | INFO     | monitor:start:67 - Sleep 60 Seconds
2026-07-28 18:30:43.186 | INFO     | auth.login:ensure_login:354 - Checking Login...
2026-07-28 18:30:43.189 | SUCCESS  | auth.login:load_saved_token:192 - Saved Token Loaded
2026-07-28 18:30:43.190 | SUCCESS  | auth.login:ensure_login:362 - Using Saved Token
2026-07-28 18:30:43.190 | INFO     | monitor:scan:111 - Scanning Website...
2026-07-28 18:30:43.192 | INFO     | monitor:scan:125 - Loading Page 1
2026-07-28 18:30:43.193 | INFO     | api:get_files:60 - Loading Page 1
2026-07-28 18:30:44.737 | INFO     | api:get_file:84 - Loading File 126d5180-1adb-5053-88b0-c1571f3c5943
2026-07-28 18:30:44.961 | INFO     | monitor:scan:273 - Reached Old Files
2026-07-28 18:30:44.961 | INFO     | monitor:scan:303 - No New Serial
2026-07-28 18:30:44.961 | INFO     | monitor:scan:325 - Nothing Changed
2026-07-28 18:30:44.962 | SUCCESS  | monitor:scan:331 - Scan Finished
2026-07-28 18:30:44.962 | INFO     | monitor:start:67 - Sleep 60 Seconds
2026-07-28 18:31:44.964 | INFO     | auth.login:ensure_login:354 - Checking Login...
2026-07-28 18:31:44.967 | SUCCESS  | auth.login:load_saved_token:192 - Saved Token Loaded
2026-07-28 18:31:44.969 | SUCCESS  | auth.login:ensure_login:362 - Using Saved Token
2026-07-28 18:31:44.969 | INFO     | monitor:scan:111 - Scanning Website...
2026-07-28 18:31:44.973 | INFO     | monitor:scan:125 - Loading Page 1
2026-07-28 18:31:44.974 | INFO     | api:get_files:60 - Loading Page 1
2026-07-28 18:31:45.419 | WARNING  | auth.login:get:411 - Access Token Expired
2026-07-28 18:31:45.420 | INFO     | auth.login:login:262 - Logging in...
2026-07-28 18:31:45.928 | SUCCESS  | auth.login:save_token:242 - Token Saved
2026-07-28 18:31:45.930 | SUCCESS  | auth.login:login:340 - Login Successful
2026-07-28 18:31:47.472 | INFO     | api:get_file:84 - Loading File 126d5180-1adb-5053-88b0-c1571f3c5943
2026-07-28 18:31:47.736 | INFO     | monitor:scan:273 - Reached Old Files
2026-07-28 18:31:47.738 | INFO     | monitor:scan:303 - No New Serial
2026-07-28 18:31:47.739 | INFO     | monitor:scan:325 - Nothing Changed
2026-07-28 18:31:47.741 | SUCCESS  | monitor:scan:331 - Scan Finished
2026-07-28 18:31:47.744 | INFO     | monitor:start:67 - Sleep 60 Seconds
2026-07-28 18:32:47.746 | INFO     | auth.login:ensure_login:354 - Checking Login...
2026-07-28 18:32:47.756 | SUCCESS  | auth.login:load_saved_token:192 - Saved Token Loaded
2026-07-28 18:32:47.756 | SUCCESS  | auth.login:ensure_login:362 - Using Saved Token
2026-07-28 18:32:47.756 | INFO     | monitor:scan:111 - Scanning Website...
2026-07-28 18:32:47.757 | INFO     | monitor:scan:125 - Loading Page 1
2026-07-28 18:32:47.757 | INFO     | api:get_files:60 - Loading Page 1
2026-07-28 18:32:50.722 | INFO     | api:get_file:84 - Loading File 126d5180-1adb-5053-88b0-c1571f3c5943
2026-07-28 18:32:51.317 | INFO     | monitor:scan:273 - Reached Old Files
2026-07-28 18:32:51.319 | INFO     | monitor:scan:303 - No New Serial
2026-07-28 18:32:51.320 | INFO     | monitor:scan:325 - Nothing Changed
2026-07-28 18:32:51.322 | SUCCESS  | monitor:scan:331 - Scan Finished
2026-07-28 18:32:51.324 | INFO     | monitor:start:67 - Sleep 60 Seconds
2026-07-28 18:33:51.326 | INFO     | auth.login:ensure_login:354 - Checking Login...
2026-07-28 18:33:51.345 | SUCCESS  | auth.login:load_saved_token:192 - Saved Token Loaded
2026-07-28 18:33:51.345 | SUCCESS  | auth.login:ensure_login:362 - Using Saved Token
2026-07-28 18:33:51.345 | INFO     | monitor:scan:111 - Scanning Website...
2026-07-28 18:33:51.353 | INFO     | monitor:scan:125 - Loading Page 1
2026-07-28 18:33:51.353 | INFO     | api:get_files:60 - Loading Page 1
2026-07-28 18:33:54.726 | INFO     | api:get_file:84 - Loading File 126d5180-1adb-5053-88b0-c1571f3c5943
2026-07-28 18:33:54.956 | INFO     | monitor:scan:273 - Reached Old Files
2026-07-28 18:33:54.957 | INFO     | monitor:scan:303 - No New Serial
2026-07-28 18:33:54.958 | INFO     | monitor:scan:325 - Nothing Changed
2026-07-28 18:33:54.959 | SUCCESS  | monitor:scan:331 - Scan Finished
2026-07-28 18:33:54.960 | INFO     | monitor:start:67 - Sleep 60 Seconds
2026-07-28 18:34:54.961 | INFO     | auth.login:ensure_login:354 - Checking Login...
2026-07-28 18:34:54.962 | SUCCESS  | auth.login:load_saved_token:192 - Saved Token Loaded
2026-07-28 18:34:54.962 | SUCCESS  | auth.login:ensure_login:362 - Using Saved Token
2026-07-28 18:34:54.962 | INFO     | monitor:scan:111 - Scanning Website...
2026-07-28 18:34:54.964 | INFO     | monitor:scan:125 - Loading Page 1
2026-07-28 18:34:54.964 | INFO     | api:get_files:60 - Loading Page 1
2026-07-28 18:34:56.525 | INFO     | api:get_file:84 - Loading File 126d5180-1adb-5053-88b0-c1571f3c5943
2026-07-28 18:34:56.759 | INFO     | monitor:scan:273 - Reached Old Files
2026-07-28 18:34:56.760 | INFO     | monitor:scan:303 - No New Serial
2026-07-28 18:34:56.761 | INFO     | monitor:scan:325 - Nothing Changed
2026-07-28 18:34:56.762 | SUCCESS  | monitor:scan:331 - Scan Finished
2026-07-28 18:34:56.763 | INFO     | monitor:start:67 - Sleep 60 Seconds
2026-07-28 18:35:56.765 | INFO     | auth.login:ensure_login:354 - Checking Login...
2026-07-28 18:35:56.770 | SUCCESS  | auth.login:load_saved_token:192 - Saved Token Loaded
2026-07-28 18:35:56.772 | SUCCESS  | auth.login:ensure_login:362 - Using Saved Token
2026-07-28 18:35:56.773 | INFO     | monitor:scan:111 - Scanning Website...
2026-07-28 18:35:56.775 | INFO     | monitor:scan:125 - Loading Page 1
2026-07-28 18:35:56.776 | INFO     | api:get_files:60 - Loading Page 1
2026-07-28 18:35:58.900 | INFO     | api:get_file:84 - Loading File 126d5180-1adb-5053-88b0-c1571f3c5943
2026-07-28 18:35:59.125 | INFO     | monitor:scan:273 - Reached Old Files
2026-07-28 18:35:59.125 | INFO     | monitor:scan:303 - No New Serial
2026-07-28 18:35:59.125 | INFO     | monitor:scan:325 - Nothing Changed
2026-07-28 18:35:59.125 | SUCCESS  | monitor:scan:331 - Scan Finished
2026-07-28 18:35:59.125 | INFO     | monitor:start:67 - Sleep 60 Seconds
2026-07-28 18:36:59.126 | INFO     | auth.login:ensure_login:354 - Checking Login...
2026-07-28 18:36:59.129 | SUCCESS  | auth.login:load_saved_token:192 - Saved Token Loaded
2026-07-28 18:36:59.130 | SUCCESS  | auth.login:ensure_login:362 - Using Saved Token
2026-07-28 18:36:59.131 | INFO     | monitor:scan:111 - Scanning Website...
2026-07-28 18:36:59.133 | INFO     | monitor:scan:125 - Loading Page 1
2026-07-28 18:36:59.133 | INFO     | api:get_files:60 - Loading Page 1
2026-07-28 18:37:00.681 | INFO     | api:get_file:84 - Loading File 126d5180-1adb-5053-88b0-c1571f3c5943
2026-07-28 18:37:00.907 | INFO     | monitor:scan:273 - Reached Old Files
2026-07-28 18:37:00.907 | INFO     | monitor:scan:303 - No New Serial
2026-07-28 18:37:00.908 | INFO     | monitor:scan:325 - Nothing Changed
2026-07-28 18:37:00.908 | SUCCESS  | monitor:scan:331 - Scan Finished
2026-07-28 18:37:00.908 | INFO     | monitor:start:67 - Sleep 60 Seconds
2026-07-28 18:38:00.909 | INFO     | auth.login:ensure_login:354 - Checking Login...
2026-07-28 18:38:00.911 | SUCCESS  | auth.login:load_saved_token:192 - Saved Token Loaded
2026-07-28 18:38:00.912 | SUCCESS  | auth.login:ensure_login:362 - Using Saved Token
2026-07-28 18:38:00.913 | INFO     | monitor:scan:111 - Scanning Website...
2026-07-28 18:38:00.915 | INFO     | monitor:scan:125 - Loading Page 1
2026-07-28 18:38:00.915 | INFO     | api:get_files:60 - Loading Page 1
2026-07-28 18:38:02.487 | INFO     | api:get_file:84 - Loading File 126d5180-1adb-5053-88b0-c1571f3c5943
2026-07-28 18:38:02.720 | INFO     | monitor:scan:273 - Reached Old Files
2026-07-28 18:38:02.721 | INFO     | monitor:scan:303 - No New Serial
2026-07-28 18:38:02.722 | INFO     | monitor:scan:325 - Nothing Changed
2026-07-28 18:38:02.723 | SUCCESS  | monitor:scan:331 - Scan Finished
2026-07-28 18:38:02.724 | INFO     | monitor:start:67 - Sleep 60 Seconds
2026-07-28 18:39:02.726 | INFO     | auth.login:ensure_login:354 - Checking Login...
2026-07-28 18:39:02.729 | SUCCESS  | auth.login:load_saved_token:192 - Saved Token Loaded
2026-07-28 18:39:02.730 | SUCCESS  | auth.login:ensure_login:362 - Using Saved Token
2026-07-28 18:39:02.731 | INFO     | monitor:scan:111 - Scanning Website...
2026-07-28 18:39:02.733 | INFO     | monitor:scan:125 - Loading Page 1
2026-07-28 18:39:02.734 | INFO     | api:get_files:60 - Loading Page 1
2026-07-28 18:39:04.503 | INFO     | api:get_file:84 - Loading File 126d5180-1adb-5053-88b0-c1571f3c5943
2026-07-28 18:39:04.727 | INFO     | monitor:scan:273 - Reached Old Files
2026-07-28 18:39:04.728 | INFO     | monitor:scan:303 - No New Serial
2026-07-28 18:39:04.730 | INFO     | monitor:scan:325 - Nothing Changed
2026-07-28 18:39:04.731 | SUCCESS  | monitor:scan:331 - Scan Finished
2026-07-28 18:39:04.732 | INFO     | monitor:start:67 - Sleep 60 Seconds
2026-07-28 18:40:04.733 | INFO     | auth.login:ensure_login:354 - Checking Login...
2026-07-28 18:40:04.736 | SUCCESS  | auth.login:load_saved_token:192 - Saved Token Loaded
2026-07-28 18:40:04.737 | SUCCESS  | auth.login:ensure_login:362 - Using Saved Token
2026-07-28 18:40:04.738 | INFO     | monitor:scan:111 - Scanning Website...
2026-07-28 18:40:04.740 | INFO     | monitor:scan:125 - Loading Page 1
2026-07-28 18:40:04.741 | INFO     | api:get_files:60 - Loading Page 1
2026-07-28 18:40:06.309 | INFO     | api:get_file:84 - Loading File 126d5180-1adb-5053-88b0-c1571f3c5943
2026-07-28 18:40:06.533 | INFO     | monitor:scan:273 - Reached Old Files
2026-07-28 18:40:06.534 | INFO     | monitor:scan:303 - No New Serial
2026-07-28 18:40:06.535 | INFO     | monitor:scan:325 - Nothing Changed
2026-07-28 18:40:06.536 | SUCCESS  | monitor:scan:331 - Scan Finished
2026-07-28 18:40:06.537 | INFO     | monitor:start:67 - Sleep 60 Seconds
2026-07-28 18:41:06.539 | INFO     | auth.login:ensure_login:354 - Checking Login...
2026-07-28 18:41:06.541 | SUCCESS  | auth.login:load_saved_token:192 - Saved Token Loaded
2026-07-28 18:41:06.542 | SUCCESS  | auth.login:ensure_login:362 - Using Saved Token
2026-07-28 18:41:06.543 | INFO     | monitor:scan:111 - Scanning Website...
2026-07-28 18:41:06.545 | INFO     | monitor:scan:125 - Loading Page 1
2026-07-28 18:41:06.545 | INFO     | api:get_files:60 - Loading Page 1
2026-07-28 18:41:08.214 | INFO     | api:get_file:84 - Loading File 126d5180-1adb-5053-88b0-c1571f3c5943
2026-07-28 18:41:08.437 | INFO     | monitor:scan:273 - Reached Old Files
2026-07-28 18:41:08.438 | INFO     | monitor:scan:303 - No New Serial
2026-07-28 18:41:08.439 | INFO     | monitor:scan:325 - Nothing Changed
2026-07-28 18:41:08.440 | SUCCESS  | monitor:scan:331 - Scan Finished
2026-07-28 18:41:08.441 | INFO     | monitor:start:67 - Sleep 60 Seconds
2026-07-28 18:42:08.444 | INFO     | auth.login:ensure_login:354 - Checking Login...
2026-07-28 18:42:08.447 | SUCCESS  | auth.login:load_saved_token:192 - Saved Token Loaded
2026-07-28 18:42:08.447 | SUCCESS  | auth.login:ensure_login:362 - Using Saved Token
2026-07-28 18:42:08.447 | INFO     | monitor:scan:111 - Scanning Website...
2026-07-28 18:42:08.449 | INFO     | monitor:scan:125 - Loading Page 1
2026-07-28 18:42:08.450 | INFO     | api:get_files:60 - Loading Page 1
2026-07-28 18:42:08.873 | WARNING  | auth.login:get:411 - Access Token Expired
2026-07-28 18:42:08.874 | INFO     | auth.login:login:262 - Logging in...
2026-07-28 18:42:09.330 | SUCCESS  | auth.login:save_token:242 - Token Saved
2026-07-28 18:42:09.331 | SUCCESS  | auth.login:login:340 - Login Successful
2026-07-28 18:42:10.512 | INFO     | api:get_file:84 - Loading File 126d5180-1adb-5053-88b0-c1571f3c5943
2026-07-28 18:42:10.740 | INFO     | monitor:scan:273 - Reached Old Files
2026-07-28 18:42:10.740 | INFO     | monitor:scan:303 - No New Serial
2026-07-28 18:42:10.741 | INFO     | monitor:scan:325 - Nothing Changed
2026-07-28 18:42:10.741 | SUCCESS  | monitor:scan:331 - Scan Finished
2026-07-28 18:42:10.742 | INFO     | monitor:start:67 - Sleep 60 Seconds
2026-07-28 18:43:10.743 | INFO     | auth.login:ensure_login:354 - Checking Login...
2026-07-28 18:43:10.754 | SUCCESS  | auth.login:load_saved_token:192 - Saved Token Loaded
2026-07-28 18:43:10.754 | SUCCESS  | auth.login:ensure_login:362 - Using Saved Token
2026-07-28 18:43:10.755 | INFO     | monitor:scan:111 - Scanning Website...
2026-07-28 18:43:10.756 | INFO     | monitor:scan:125 - Loading Page 1
2026-07-28 18:43:10.756 | INFO     | api:get_files:60 - Loading Page 1
2026-07-28 18:43:12.329 | INFO     | api:get_file:84 - Loading File 126d5180-1adb-5053-88b0-c1571f3c5943
2026-07-28 18:43:12.560 | INFO     | monitor:scan:273 - Reached Old Files
2026-07-28 18:43:12.561 | INFO     | monitor:scan:303 - No New Serial
2026-07-28 18:43:12.561 | INFO     | monitor:scan:325 - Nothing Changed
2026-07-28 18:43:12.561 | SUCCESS  | monitor:scan:331 - Scan Finished
2026-07-28 18:43:12.561 | INFO     | monitor:start:67 - Sleep 60 Seconds
2026-07-28 18:44:12.562 | INFO     | auth.login:ensure_login:354 - Checking Login...
2026-07-28 18:44:12.564 | SUCCESS  | auth.login:load_saved_token:192 - Saved Token Loaded
2026-07-28 18:44:12.565 | SUCCESS  | auth.login:ensure_login:362 - Using Saved Token
2026-07-28 18:44:12.565 | INFO     | monitor:scan:111 - Scanning Website...
2026-07-28 18:44:12.566 | INFO     | monitor:scan:125 - Loading Page 1
2026-07-28 18:44:12.566 | INFO     | api:get_files:60 - Loading Page 1
2026-07-28 18:44:14.171 | INFO     | api:get_file:84 - Loading File 126d5180-1adb-5053-88b0-c1571f3c5943
2026-07-28 18:44:14.401 | INFO     | monitor:scan:273 - Reached Old Files
2026-07-28 18:44:14.403 | INFO     | monitor:scan:303 - No New Serial
2026-07-28 18:44:14.404 | INFO     | monitor:scan:325 - Nothing Changed
2026-07-28 18:44:14.404 | SUCCESS  | monitor:scan:331 - Scan Finished
2026-07-28 18:44:14.405 | INFO     | monitor:start:67 - Sleep 60 Seconds
2026-07-28 18:45:14.407 | INFO     | auth.login:ensure_login:354 - Checking Login...
2026-07-28 18:45:14.409 | SUCCESS  | auth.login:load_saved_token:192 - Saved Token Loaded
2026-07-28 18:45:14.410 | SUCCESS  | auth.login:ensure_login:362 - Using Saved Token
2026-07-28 18:45:14.410 | INFO     | monitor:scan:111 - Scanning Website...
2026-07-28 18:45:14.412 | INFO     | monitor:scan:125 - Loading Page 1
2026-07-28 18:45:14.413 | INFO     | api:get_files:60 - Loading Page 1
2026-07-28 18:45:15.886 | INFO     | api:get_file:84 - Loading File 126d5180-1adb-5053-88b0-c1571f3c5943
2026-07-28 18:45:16.092 | INFO     | monitor:scan:273 - Reached Old Files
2026-07-28 18:45:16.092 | INFO     | monitor:scan:303 - No New Serial
2026-07-28 18:45:16.093 | INFO     | monitor:scan:325 - Nothing Changed
2026-07-28 18:45:16.093 | SUCCESS  | monitor:scan:331 - Scan Finished
2026-07-28 18:45:16.093 | INFO     | monitor:start:67 - Sleep 60 Seconds
2026-07-28 18:46:16.093 | INFO     | auth.login:ensure_login:354 - Checking Login...
2026-07-28 18:46:16.097 | SUCCESS  | auth.login:load_saved_token:192 - Saved Token Loaded
2026-07-28 18:46:16.099 | SUCCESS  | auth.login:ensure_login:362 - Using Saved Token
2026-07-28 18:46:16.100 | INFO     | monitor:scan:111 - Scanning Website...
2026-07-28 18:46:16.102 | INFO     | monitor:scan:125 - Loading Page 1
2026-07-28 18:46:16.104 | INFO     | api:get_files:60 - Loading Page 1
2026-07-28 18:46:17.673 | INFO     | api:get_file:84 - Loading File 126d5180-1adb-5053-88b0-c1571f3c5943
2026-07-28 18:46:17.895 | INFO     | monitor:scan:273 - Reached Old Files
2026-07-28 18:46:17.895 | INFO     | monitor:scan:303 - No New Serial
2026-07-28 18:46:17.896 | INFO     | monitor:scan:325 - Nothing Changed
2026-07-28 18:46:17.896 | SUCCESS  | monitor:scan:331 - Scan Finished
2026-07-28 18:46:17.897 | INFO     | monitor:start:67 - Sleep 60 Seconds
2026-07-28 18:47:17.897 | INFO     | auth.login:ensure_login:354 - Checking Login...
2026-07-28 18:47:17.900 | SUCCESS  | auth.login:load_saved_token:192 - Saved Token Loaded
2026-07-28 18:47:17.901 | SUCCESS  | auth.login:ensure_login:362 - Using Saved Token
2026-07-28 18:47:17.903 | INFO     | monitor:scan:111 - Scanning Website...
2026-07-28 18:47:17.906 | INFO     | monitor:scan:125 - Loading Page 1
2026-07-28 18:47:17.907 | INFO     | api:get_files:60 - Loading Page 1
2026-07-28 18:47:21.526 | INFO     | api:get_file:84 - Loading File 126d5180-1adb-5053-88b0-c1571f3c5943
2026-07-28 18:47:21.759 | INFO     | monitor:scan:273 - Reached Old Files
2026-07-28 18:47:21.761 | INFO     | monitor:scan:303 - No New Serial
2026-07-28 18:47:21.761 | INFO     | monitor:scan:325 - Nothing Changed
2026-07-28 18:47:21.762 | SUCCESS  | monitor:scan:331 - Scan Finished
2026-07-28 18:47:21.764 | INFO     | monitor:start:67 - Sleep 60 Seconds
2026-07-28 18:48:21.765 | INFO     | auth.login:ensure_login:354 - Checking Login...
2026-07-28 18:48:21.765 | SUCCESS  | auth.login:load_saved_token:192 - Saved Token Loaded
2026-07-28 18:48:21.766 | SUCCESS  | auth.login:ensure_login:362 - Using Saved Token
2026-07-28 18:48:21.766 | INFO     | monitor:scan:111 - Scanning Website...
2026-07-28 18:48:21.767 | INFO     | monitor:scan:125 - Loading Page 1
2026-07-28 18:48:21.767 | INFO     | api:get_files:60 - Loading Page 1
2026-07-28 18:48:24.398 | INFO     | api:get_file:84 - Loading File 126d5180-1adb-5053-88b0-c1571f3c5943
2026-07-28 18:48:24.792 | INFO     | monitor:scan:273 - Reached Old Files
2026-07-28 18:48:24.794 | INFO     | monitor:scan:303 - No New Serial
2026-07-28 18:48:24.796 | INFO     | monitor:scan:325 - Nothing Changed
2026-07-28 18:48:24.797 | SUCCESS  | monitor:scan:331 - Scan Finished
2026-07-28 18:48:24.798 | INFO     | monitor:start:67 - Sleep 60 Seconds
2026-07-28 18:49:24.800 | INFO     | auth.login:ensure_login:354 - Checking Login...
2026-07-28 18:49:24.802 | SUCCESS  | auth.login:load_saved_token:192 - Saved Token Loaded
2026-07-28 18:49:24.802 | SUCCESS  | auth.login:ensure_login:362 - Using Saved Token
2026-07-28 18:49:24.803 | INFO     | monitor:scan:111 - Scanning Website...
2026-07-28 18:49:24.805 | INFO     | monitor:scan:125 - Loading Page 1
2026-07-28 18:49:24.806 | INFO     | api:get_files:60 - Loading Page 1
2026-07-28 18:49:27.768 | INFO     | api:get_file:84 - Loading File 126d5180-1adb-5053-88b0-c1571f3c5943
2026-07-28 18:49:28.003 | INFO     | monitor:scan:273 - Reached Old Files
2026-07-28 18:49:28.004 | INFO     | monitor:scan:303 - No New Serial
2026-07-28 18:49:28.005 | INFO     | monitor:scan:325 - Nothing Changed
2026-07-28 18:49:28.006 | SUCCESS  | monitor:scan:331 - Scan Finished
2026-07-28 18:49:28.007 | INFO     | monitor:start:67 - Sleep 60 Seconds
2026-07-28 18:50:28.008 | INFO     | auth.login:ensure_login:354 - Checking Login...
2026-07-28 18:50:28.009 | SUCCESS  | auth.login:load_saved_token:192 - Saved Token Loaded
2026-07-28 18:50:28.009 | SUCCESS  | auth.login:ensure_login:362 - Using Saved Token
2026-07-28 18:50:28.009 | INFO     | monitor:scan:111 - Scanning Website...
2026-07-28 18:50:28.010 | INFO     | monitor:scan:125 - Loading Page 1
2026-07-28 18:50:28.010 | INFO     | api:get_files:60 - Loading Page 1
2026-07-28 18:50:30.325 | INFO     | api:get_file:84 - Loading File 126d5180-1adb-5053-88b0-c1571f3c5943
2026-07-28 18:50:30.559 | INFO     | monitor:scan:273 - Reached Old Files
2026-07-28 18:50:30.560 | INFO     | monitor:scan:303 - No New Serial
2026-07-28 18:50:30.561 | INFO     | monitor:scan:325 - Nothing Changed
2026-07-28 18:50:30.563 | SUCCESS  | monitor:scan:331 - Scan Finished
2026-07-28 18:50:30.564 | INFO     | monitor:start:67 - Sleep 60 Seconds
2026-07-28 18:51:30.565 | INFO     | auth.login:ensure_login:354 - Checking Login...
2026-07-28 18:51:30.568 | SUCCESS  | auth.login:load_saved_token:192 - Saved Token Loaded
2026-07-28 18:51:30.570 | SUCCESS  | auth.login:ensure_login:362 - Using Saved Token
2026-07-28 18:51:30.570 | INFO     | monitor:scan:111 - Scanning Website...
2026-07-28 18:51:30.572 | INFO     | monitor:scan:125 - Loading Page 1
2026-07-28 18:51:30.572 | INFO     | api:get_files:60 - Loading Page 1
2026-07-28 18:51:34.108 | INFO     | api:get_file:84 - Loading File 126d5180-1adb-5053-88b0-c1571f3c5943
2026-07-28 18:51:34.521 | INFO     | monitor:scan:273 - Reached Old Files
2026-07-28 18:51:34.521 | INFO     | monitor:scan:303 - No New Serial
2026-07-28 18:51:34.522 | INFO     | monitor:scan:325 - Nothing Changed
2026-07-28 18:51:34.522 | SUCCESS  | monitor:scan:331 - Scan Finished
2026-07-28 18:51:34.522 | INFO     | monitor:start:67 - Sleep 60 Seconds
2026-07-28 18:52:34.523 | INFO     | auth.login:ensure_login:354 - Checking Login...
2026-07-28 18:52:34.525 | SUCCESS  | auth.login:load_saved_token:192 - Saved Token Loaded
2026-07-28 18:52:34.526 | SUCCESS  | auth.login:ensure_login:362 - Using Saved Token
2026-07-28 18:52:34.528 | INFO     | monitor:scan:111 - Scanning Website...
2026-07-28 18:52:34.530 | INFO     | monitor:scan:125 - Loading Page 1
2026-07-28 18:52:34.530 | INFO     | api:get_files:60 - Loading Page 1
2026-07-28 18:52:34.974 | WARNING  | auth.login:get:411 - Access Token Expired
2026-07-28 18:52:34.976 | INFO     | auth.login:login:262 - Logging in...
2026-07-28 18:52:35.521 | SUCCESS  | auth.login:save_token:242 - Token Saved
2026-07-28 18:52:35.523 | SUCCESS  | auth.login:login:340 - Login Successful
2026-07-28 18:52:37.037 | INFO     | api:get_file:84 - Loading File 126d5180-1adb-5053-88b0-c1571f3c5943
2026-07-28 18:52:37.256 | INFO     | monitor:scan:273 - Reached Old Files
2026-07-28 18:52:37.258 | INFO     | monitor:scan:303 - No New Serial
2026-07-28 18:52:37.259 | INFO     | monitor:scan:325 - Nothing Changed
2026-07-28 18:52:37.260 | SUCCESS  | monitor:scan:331 - Scan Finished
2026-07-28 18:52:37.261 | INFO     | monitor:start:67 - Sleep 60 Seconds
2026-07-28 18:53:37.262 | INFO     | auth.login:ensure_login:354 - Checking Login...
2026-07-28 18:53:37.267 | SUCCESS  | auth.login:load_saved_token:192 - Saved Token Loaded
2026-07-28 18:53:37.268 | SUCCESS  | auth.login:ensure_login:362 - Using Saved Token
2026-07-28 18:53:37.268 | INFO     | monitor:scan:111 - Scanning Website...
2026-07-28 18:53:37.268 | INFO     | monitor:scan:125 - Loading Page 1
2026-07-28 18:53:37.269 | INFO     | api:get_files:60 - Loading Page 1
2026-07-28 18:53:38.832 | INFO     | api:get_file:84 - Loading File 126d5180-1adb-5053-88b0-c1571f3c5943
2026-07-28 18:53:39.067 | INFO     | monitor:scan:273 - Reached Old Files
2026-07-28 18:53:39.067 | INFO     | monitor:scan:303 - No New Serial
2026-07-28 18:53:39.068 | INFO     | monitor:scan:325 - Nothing Changed
2026-07-28 18:53:39.068 | SUCCESS  | monitor:scan:331 - Scan Finished
2026-07-28 18:53:39.069 | INFO     | monitor:start:67 - Sleep 60 Seconds
2026-07-28 18:54:39.069 | INFO     | auth.login:ensure_login:354 - Checking Login...
2026-07-28 18:54:39.070 | SUCCESS  | auth.login:load_saved_token:192 - Saved Token Loaded
2026-07-28 18:54:39.070 | SUCCESS  | auth.login:ensure_login:362 - Using Saved Token
2026-07-28 18:54:39.070 | INFO     | monitor:scan:111 - Scanning Website...
2026-07-28 18:54:39.071 | INFO     | monitor:scan:125 - Loading Page 1
2026-07-28 18:54:39.072 | INFO     | api:get_files:60 - Loading Page 1
2026-07-28 18:54:40.677 | INFO     | api:get_file:84 - Loading File 126d5180-1adb-5053-88b0-c1571f3c5943
2026-07-28 18:54:40.903 | INFO     | monitor:scan:273 - Reached Old Files
2026-07-28 18:54:40.904 | INFO     | monitor:scan:303 - No New Serial
2026-07-28 18:54:40.905 | INFO     | monitor:scan:325 - Nothing Changed
2026-07-28 18:54:40.907 | SUCCESS  | monitor:scan:331 - Scan Finished
2026-07-28 18:54:40.908 | INFO     | monitor:start:67 - Sleep 60 Seconds
2026-07-28 18:55:40.909 | INFO     | auth.login:ensure_login:354 - Checking Login...
2026-07-28 18:55:40.912 | SUCCESS  | auth.login:load_saved_token:192 - Saved Token Loaded
2026-07-28 18:55:40.913 | SUCCESS  | auth.login:ensure_login:362 - Using Saved Token
2026-07-28 18:55:40.914 | INFO     | monitor:scan:111 - Scanning Website...
2026-07-28 18:55:40.915 | INFO     | monitor:scan:125 - Loading Page 1
2026-07-28 18:55:40.915 | INFO     | api:get_files:60 - Loading Page 1
2026-07-28 18:55:43.192 | INFO     | api:get_file:84 - Loading File 126d5180-1adb-5053-88b0-c1571f3c5943
2026-07-28 18:55:43.423 | INFO     | monitor:scan:273 - Reached Old Files
2026-07-28 18:55:43.424 | INFO     | monitor:scan:303 - No New Serial
2026-07-28 18:55:43.424 | INFO     | monitor:scan:325 - Nothing Changed
2026-07-28 18:55:43.425 | SUCCESS  | monitor:scan:331 - Scan Finished
2026-07-28 18:55:43.425 | INFO     | monitor:start:67 - Sleep 60 Seconds
2026-07-28 18:56:43.426 | INFO     | auth.login:ensure_login:354 - Checking Login...
2026-07-28 18:56:43.426 | SUCCESS  | auth.login:load_saved_token:192 - Saved Token Loaded
2026-07-28 18:56:43.427 | SUCCESS  | auth.login:ensure_login:362 - Using Saved Token
2026-07-28 18:56:43.427 | INFO     | monitor:scan:111 - Scanning Website...
2026-07-28 18:56:43.429 | INFO     | monitor:scan:125 - Loading Page 1
2026-07-28 18:56:43.431 | INFO     | api:get_files:60 - Loading Page 1
2026-07-28 18:56:45.151 | INFO     | api:get_file:84 - Loading File 126d5180-1adb-5053-88b0-c1571f3c5943
2026-07-28 18:56:45.366 | INFO     | monitor:scan:273 - Reached Old Files
2026-07-28 18:56:45.367 | INFO     | monitor:scan:303 - No New Serial
2026-07-28 18:56:45.367 | INFO     | monitor:scan:325 - Nothing Changed
2026-07-28 18:56:45.368 | SUCCESS  | monitor:scan:331 - Scan Finished
2026-07-28 18:56:45.369 | INFO     | monitor:start:67 - Sleep 60 Seconds
2026-07-28 18:57:45.370 | INFO     | auth.login:ensure_login:354 - Checking Login...
2026-07-28 18:57:45.371 | SUCCESS  | auth.login:load_saved_token:192 - Saved Token Loaded
2026-07-28 18:57:45.371 | SUCCESS  | auth.login:ensure_login:362 - Using Saved Token
2026-07-28 18:57:45.372 | INFO     | monitor:scan:111 - Scanning Website...
2026-07-28 18:57:45.372 | INFO     | monitor:scan:125 - Loading Page 1
2026-07-28 18:57:45.372 | INFO     | api:get_files:60 - Loading Page 1
2026-07-28 18:57:47.465 | INFO     | api:get_file:84 - Loading File 126d5180-1adb-5053-88b0-c1571f3c5943
2026-07-28 18:57:47.692 | INFO     | monitor:scan:273 - Reached Old Files
2026-07-28 18:57:47.692 | INFO     | monitor:scan:303 - No New Serial
2026-07-28 18:57:47.692 | INFO     | monitor:scan:325 - Nothing Changed
2026-07-28 18:57:47.693 | SUCCESS  | monitor:scan:331 - Scan Finished
2026-07-28 18:57:47.694 | INFO     | monitor:start:67 - Sleep 60 Seconds
2026-07-28 18:58:47.694 | INFO     | auth.login:ensure_login:354 - Checking Login...
2026-07-28 18:58:47.697 | SUCCESS  | auth.login:load_saved_token:192 - Saved Token Loaded
2026-07-28 18:58:47.698 | SUCCESS  | auth.login:ensure_login:362 - Using Saved Token
2026-07-28 18:58:47.699 | INFO     | monitor:scan:111 - Scanning Website...
2026-07-28 18:58:47.700 | INFO     | monitor:scan:125 - Loading Page 1
2026-07-28 18:58:47.700 | INFO     | api:get_files:60 - Loading Page 1
2026-07-28 18:58:49.149 | INFO     | api:get_file:84 - Loading File 126d5180-1adb-5053-88b0-c1571f3c5943
2026-07-28 18:58:49.350 | INFO     | monitor:scan:273 - Reached Old Files
2026-07-28 18:58:49.351 | INFO     | monitor:scan:303 - No New Serial
2026-07-28 18:58:49.351 | INFO     | monitor:scan:325 - Nothing Changed
2026-07-28 18:58:49.351 | SUCCESS  | monitor:scan:331 - Scan Finished
2026-07-28 18:58:49.351 | INFO     | monitor:start:67 - Sleep 60 Seconds
2026-07-28 18:59:49.352 | INFO     | auth.login:ensure_login:354 - Checking Login...
2026-07-28 18:59:49.357 | SUCCESS  | auth.login:load_saved_token:192 - Saved Token Loaded
2026-07-28 18:59:49.359 | SUCCESS  | auth.login:ensure_login:362 - Using Saved Token
2026-07-28 18:59:49.360 | INFO     | monitor:scan:111 - Scanning Website...
2026-07-28 18:59:49.362 | INFO     | monitor:scan:125 - Loading Page 1
2026-07-28 18:59:49.362 | INFO     | api:get_files:60 - Loading Page 1
2026-07-28 18:59:50.771 | INFO     | api:get_file:84 - Loading File 126d5180-1adb-5053-88b0-c1571f3c5943
2026-07-28 18:59:51.033 | INFO     | monitor:scan:273 - Reached Old Files
2026-07-28 18:59:51.034 | INFO     | monitor:scan:303 - No New Serial
2026-07-28 18:59:51.035 | INFO     | monitor:scan:325 - Nothing Changed
2026-07-28 18:59:51.036 | SUCCESS  | monitor:scan:331 - Scan Finished
2026-07-28 18:59:51.037 | INFO     | monitor:start:67 - Sleep 60 Seconds
2026-07-28 19:00:51.038 | INFO     | auth.login:ensure_login:354 - Checking Login...
2026-07-28 19:00:51.040 | SUCCESS  | auth.login:load_saved_token:192 - Saved Token Loaded
2026-07-28 19:00:51.041 | SUCCESS  | auth.login:ensure_login:362 - Using Saved Token
2026-07-28 19:00:51.042 | INFO     | monitor:scan:111 - Scanning Website...
2026-07-28 19:00:51.045 | INFO     | monitor:scan:125 - Loading Page 1
2026-07-28 19:00:51.045 | INFO     | api:get_files:60 - Loading Page 1
2026-07-28 19:00:52.591 | INFO     | api:get_file:84 - Loading File 126d5180-1adb-5053-88b0-c1571f3c5943
2026-07-28 19:00:52.822 | INFO     | monitor:scan:273 - Reached Old Files
2026-07-28 19:00:52.823 | INFO     | monitor:scan:303 - No New Serial
2026-07-28 19:00:52.823 | INFO     | monitor:scan:325 - Nothing Changed
2026-07-28 19:00:52.823 | SUCCESS  | monitor:scan:331 - Scan Finished
2026-07-28 19:00:52.823 | INFO     | monitor:start:67 - Sleep 60 Seconds
2026-07-28 19:01:52.824 | INFO     | auth.login:ensure_login:354 - Checking Login...
2026-07-28 19:01:52.827 | SUCCESS  | auth.login:load_saved_token:192 - Saved Token Loaded
2026-07-28 19:01:52.829 | SUCCESS  | auth.login:ensure_login:362 - Using Saved Token
2026-07-28 19:01:52.831 | INFO     | monitor:scan:111 - Scanning Website...
2026-07-28 19:01:52.835 | INFO     | monitor:scan:125 - Loading Page 1
2026-07-28 19:01:52.837 | INFO     | api:get_files:60 - Loading Page 1
2026-07-28 19:01:54.496 | INFO     | api:get_file:84 - Loading File 126d5180-1adb-5053-88b0-c1571f3c5943
2026-07-28 19:01:54.724 | INFO     | monitor:scan:273 - Reached Old Files
2026-07-28 19:01:54.725 | INFO     | monitor:scan:303 - No New Serial
2026-07-28 19:01:54.726 | INFO     | monitor:scan:325 - Nothing Changed
2026-07-28 19:01:54.727 | SUCCESS  | monitor:scan:331 - Scan Finished
2026-07-28 19:01:54.728 | INFO     | monitor:start:67 - Sleep 60 Seconds
2026-07-28 19:02:54.729 | INFO     | auth.login:ensure_login:354 - Checking Login...
2026-07-28 19:02:54.731 | SUCCESS  | auth.login:load_saved_token:192 - Saved Token Loaded
2026-07-28 19:02:54.733 | SUCCESS  | auth.login:ensure_login:362 - Using Saved Token
2026-07-28 19:02:54.733 | INFO     | monitor:scan:111 - Scanning Website...
2026-07-28 19:02:54.736 | INFO     | monitor:scan:125 - Loading Page 1
2026-07-28 19:02:54.736 | INFO     | api:get_files:60 - Loading Page 1
2026-07-28 19:02:55.194 | WARNING  | auth.login:get:411 - Access Token Expired
2026-07-28 19:02:55.196 | INFO     | auth.login:login:262 - Logging in...
2026-07-28 19:02:55.671 | SUCCESS  | auth.login:save_token:242 - Token Saved
2026-07-28 19:02:55.672 | SUCCESS  | auth.login:login:340 - Login Successful
2026-07-28 19:02:56.924 | INFO     | api:get_file:84 - Loading File 126d5180-1adb-5053-88b0-c1571f3c5943
2026-07-28 19:02:57.157 | INFO     | monitor:scan:273 - Reached Old Files
2026-07-28 19:02:57.158 | INFO     | monitor:scan:303 - No New Serial
2026-07-28 19:02:57.158 | INFO     | monitor:scan:325 - Nothing Changed
2026-07-28 19:02:57.159 | SUCCESS  | monitor:scan:331 - Scan Finished
2026-07-28 19:02:57.160 | INFO     | monitor:start:67 - Sleep 60 Seconds
2026-07-28 19:03:57.162 | INFO     | auth.login:ensure_login:354 - Checking Login...
2026-07-28 19:03:57.169 | SUCCESS  | auth.login:load_saved_token:192 - Saved Token Loaded
2026-07-28 19:03:57.169 | SUCCESS  | auth.login:ensure_login:362 - Using Saved Token
2026-07-28 19:03:57.169 | INFO     | monitor:scan:111 - Scanning Website...
2026-07-28 19:03:57.170 | INFO     | monitor:scan:125 - Loading Page 1
2026-07-28 19:03:57.170 | INFO     | api:get_files:60 - Loading Page 1
2026-07-28 19:03:58.769 | INFO     | api:get_file:84 - Loading File 126d5180-1adb-5053-88b0-c1571f3c5943
2026-07-28 19:03:59.001 | INFO     | monitor:scan:273 - Reached Old Files
2026-07-28 19:03:59.001 | INFO     | monitor:scan:303 - No New Serial
2026-07-28 19:03:59.001 | INFO     | monitor:scan:325 - Nothing Changed
2026-07-28 19:03:59.001 | SUCCESS  | monitor:scan:331 - Scan Finished
2026-07-28 19:03:59.001 | INFO     | monitor:start:67 - Sleep 60 Seconds
2026-07-28 19:04:59.002 | INFO     | auth.login:ensure_login:354 - Checking Login...
2026-07-28 19:04:59.006 | SUCCESS  | auth.login:load_saved_token:192 - Saved Token Loaded
2026-07-28 19:04:59.008 | SUCCESS  | auth.login:ensure_login:362 - Using Saved Token
2026-07-28 19:04:59.008 | INFO     | monitor:scan:111 - Scanning Website...
2026-07-28 19:04:59.010 | INFO     | monitor:scan:125 - Loading Page 1
2026-07-28 19:04:59.011 | INFO     | api:get_files:60 - Loading Page 1
2026-07-28 19:05:00.556 | INFO     | api:get_file:84 - Loading File 126d5180-1adb-5053-88b0-c1571f3c5943
2026-07-28 19:05:00.787 | INFO     | monitor:scan:273 - Reached Old Files
2026-07-28 19:05:00.787 | INFO     | monitor:scan:303 - No New Serial
2026-07-28 19:05:00.788 | INFO     | monitor:scan:325 - Nothing Changed
2026-07-28 19:05:00.789 | SUCCESS  | monitor:scan:331 - Scan Finished
2026-07-28 19:05:00.789 | INFO     | monitor:start:67 - Sleep 60 Seconds
2026-07-28 19:06:00.791 | INFO     | auth.login:ensure_login:354 - Checking Login...
2026-07-28 19:06:00.794 | SUCCESS  | auth.login:load_saved_token:192 - Saved Token Loaded
2026-07-28 19:06:00.795 | SUCCESS  | auth.login:ensure_login:362 - Using Saved Token
2026-07-28 19:06:00.795 | INFO     | monitor:scan:111 - Scanning Website...
2026-07-28 19:06:00.799 | INFO     | monitor:scan:125 - Loading Page 1
2026-07-28 19:06:00.799 | INFO     | api:get_files:60 - Loading Page 1
2026-07-28 19:06:02.307 | INFO     | api:get_file:84 - Loading File 126d5180-1adb-5053-88b0-c1571f3c5943
2026-07-28 19:06:02.533 | INFO     | monitor:scan:273 - Reached Old Files
2026-07-28 19:06:02.533 | INFO     | monitor:scan:303 - No New Serial
2026-07-28 19:06:02.533 | INFO     | monitor:scan:325 - Nothing Changed
2026-07-28 19:06:02.533 | SUCCESS  | monitor:scan:331 - Scan Finished
2026-07-28 19:06:02.533 | INFO     | monitor:start:67 - Sleep 60 Seconds
2026-07-28 19:07:02.534 | INFO     | auth.login:ensure_login:354 - Checking Login...
2026-07-28 19:07:02.537 | SUCCESS  | auth.login:load_saved_token:192 - Saved Token Loaded
2026-07-28 19:07:02.539 | SUCCESS  | auth.login:ensure_login:362 - Using Saved Token
2026-07-28 19:07:02.540 | INFO     | monitor:scan:111 - Scanning Website...
2026-07-28 19:07:02.541 | INFO     | monitor:scan:125 - Loading Page 1
2026-07-28 19:07:02.542 | INFO     | api:get_files:60 - Loading Page 1
2026-07-28 19:07:05.535 | INFO     | api:get_file:84 - Loading File 126d5180-1adb-5053-88b0-c1571f3c5943
2026-07-28 19:07:05.921 | INFO     | monitor:scan:273 - Reached Old Files
2026-07-28 19:07:05.921 | INFO     | monitor:scan:303 - No New Serial
2026-07-28 19:07:05.921 | INFO     | monitor:scan:325 - Nothing Changed
2026-07-28 19:07:05.921 | SUCCESS  | monitor:scan:331 - Scan Finished
2026-07-28 19:07:05.922 | INFO     | monitor:start:67 - Sleep 60 Seconds
2026-07-28 19:08:05.924 | INFO     | auth.login:ensure_login:354 - Checking Login...
2026-07-28 19:08:05.928 | SUCCESS  | auth.login:load_saved_token:192 - Saved Token Loaded
2026-07-28 19:08:05.929 | SUCCESS  | auth.login:ensure_login:362 - Using Saved Token
2026-07-28 19:08:05.930 | INFO     | monitor:scan:111 - Scanning Website...
2026-07-28 19:08:05.932 | INFO     | monitor:scan:125 - Loading Page 1
2026-07-28 19:08:05.934 | INFO     | api:get_files:60 - Loading Page 1
2026-07-28 19:08:09.288 | INFO     | api:get_file:84 - Loading File 126d5180-1adb-5053-88b0-c1571f3c5943
2026-07-28 19:08:09.659 | INFO     | monitor:scan:273 - Reached Old Files
2026-07-28 19:08:09.659 | INFO     | monitor:scan:303 - No New Serial
2026-07-28 19:08:09.659 | INFO     | monitor:scan:325 - Nothing Changed
2026-07-28 19:08:09.659 | SUCCESS  | monitor:scan:331 - Scan Finished
2026-07-28 19:08:09.660 | INFO     | monitor:start:67 - Sleep 60 Seconds
2026-07-28 19:09:09.660 | INFO     | auth.login:ensure_login:354 - Checking Login...
2026-07-28 19:09:09.662 | SUCCESS  | auth.login:load_saved_token:192 - Saved Token Loaded
2026-07-28 19:09:09.663 | SUCCESS  | auth.login:ensure_login:362 - Using Saved Token
2026-07-28 19:09:09.663 | INFO     | monitor:scan:111 - Scanning Website...
2026-07-28 19:09:09.664 | INFO     | monitor:scan:125 - Loading Page 1
2026-07-28 19:09:09.664 | INFO     | api:get_files:60 - Loading Page 1
2026-07-28 19:09:11.328 | INFO     | api:get_file:84 - Loading File 126d5180-1adb-5053-88b0-c1571f3c5943
2026-07-28 19:09:11.551 | INFO     | monitor:scan:273 - Reached Old Files
2026-07-28 19:09:11.552 | INFO     | monitor:scan:303 - No New Serial
2026-07-28 19:09:11.552 | INFO     | monitor:scan:325 - Nothing Changed
2026-07-28 19:09:11.552 | SUCCESS  | monitor:scan:331 - Scan Finished
2026-07-28 19:09:11.553 | INFO     | monitor:start:67 - Sleep 60 Seconds
2026-07-28 19:10:11.554 | INFO     | auth.login:ensure_login:354 - Checking Login...
2026-07-28 19:10:11.555 | SUCCESS  | auth.login:load_saved_token:192 - Saved Token Loaded
2026-07-28 19:10:11.556 | SUCCESS  | auth.login:ensure_login:362 - Using Saved Token
2026-07-28 19:10:11.556 | INFO     | monitor:scan:111 - Scanning Website...
2026-07-28 19:10:11.557 | INFO     | monitor:scan:125 - Loading Page 1
2026-07-28 19:10:11.560 | INFO     | api:get_files:60 - Loading Page 1
2026-07-28 19:10:13.116 | INFO     | api:get_file:84 - Loading File 126d5180-1adb-5053-88b0-c1571f3c5943
2026-07-28 19:10:13.347 | INFO     | monitor:scan:273 - Reached Old Files
2026-07-28 19:10:13.348 | INFO     | monitor:scan:303 - No New Serial
2026-07-28 19:10:13.348 | INFO     | monitor:scan:325 - Nothing Changed
2026-07-28 19:10:13.348 | SUCCESS  | monitor:scan:331 - Scan Finished
2026-07-28 19:10:13.348 | INFO     | monitor:start:67 - Sleep 60 Seconds
2026-07-28 19:11:13.349 | INFO     | auth.login:ensure_login:354 - Checking Login...
2026-07-28 19:11:13.352 | SUCCESS  | auth.login:load_saved_token:192 - Saved Token Loaded
2026-07-28 19:11:13.353 | SUCCESS  | auth.login:ensure_login:362 - Using Saved Token
2026-07-28 19:11:13.354 | INFO     | monitor:scan:111 - Scanning Website...
2026-07-28 19:11:13.357 | INFO     | monitor:scan:125 - Loading Page 1
2026-07-28 19:11:13.358 | INFO     | api:get_files:60 - Loading Page 1
2026-07-28 19:11:17.006 | INFO     | api:get_file:84 - Loading File 126d5180-1adb-5053-88b0-c1571f3c5943
2026-07-28 19:11:17.421 | INFO     | monitor:scan:273 - Reached Old Files
2026-07-28 19:11:17.425 | INFO     | monitor:scan:303 - No New Serial
2026-07-28 19:11:17.427 | INFO     | monitor:scan:325 - Nothing Changed
2026-07-28 19:11:17.428 | SUCCESS  | monitor:scan:331 - Scan Finished
2026-07-28 19:11:17.431 | INFO     | monitor:start:67 - Sleep 60 Seconds
2026-07-28 19:12:17.432 | INFO     | auth.login:ensure_login:354 - Checking Login...
2026-07-28 19:12:17.435 | SUCCESS  | auth.login:load_saved_token:192 - Saved Token Loaded
2026-07-28 19:12:17.437 | SUCCESS  | auth.login:ensure_login:362 - Using Saved Token
2026-07-28 19:12:17.438 | INFO     | monitor:scan:111 - Scanning Website...
2026-07-28 19:12:17.441 | INFO     | monitor:scan:125 - Loading Page 1
2026-07-28 19:12:17.441 | INFO     | api:get_files:60 - Loading Page 1
2026-07-28 19:12:19.129 | INFO     | api:get_file:84 - Loading File 126d5180-1adb-5053-88b0-c1571f3c5943
2026-07-28 19:12:19.540 | INFO     | monitor:scan:273 - Reached Old Files
2026-07-28 19:12:19.542 | INFO     | monitor:scan:303 - No New Serial
2026-07-28 19:12:19.548 | INFO     | monitor:scan:325 - Nothing Changed
2026-07-28 19:12:19.549 | SUCCESS  | monitor:scan:331 - Scan Finished
2026-07-28 19:12:19.550 | INFO     | monitor:start:67 - Sleep 60 Seconds
2026-07-28 19:13:19.550 | INFO     | auth.login:ensure_login:354 - Checking Login...
2026-07-28 19:13:19.551 | SUCCESS  | auth.login:load_saved_token:192 - Saved Token Loaded
2026-07-28 19:13:19.551 | SUCCESS  | auth.login:ensure_login:362 - Using Saved Token
2026-07-28 19:13:19.551 | INFO     | monitor:scan:111 - Scanning Website...
2026-07-28 19:13:19.552 | INFO     | monitor:scan:125 - Loading Page 1
2026-07-28 19:13:19.552 | INFO     | api:get_files:60 - Loading Page 1
2026-07-28 19:13:19.954 | WARNING  | auth.login:get:411 - Access Token Expired
2026-07-28 19:13:19.954 | INFO     | auth.login:login:262 - Logging in...
2026-07-28 19:13:20.427 | SUCCESS  | auth.login:save_token:242 - Token Saved
2026-07-28 19:13:20.427 | SUCCESS  | auth.login:login:340 - Login Successful
2026-07-28 19:13:21.759 | INFO     | api:get_file:84 - Loading File 126d5180-1adb-5053-88b0-c1571f3c5943
2026-07-28 19:13:21.985 | INFO     | monitor:scan:273 - Reached Old Files
2026-07-28 19:13:21.986 | INFO     | monitor:scan:303 - No New Serial
2026-07-28 19:13:21.987 | INFO     | monitor:scan:325 - Nothing Changed
2026-07-28 19:13:21.988 | SUCCESS  | monitor:scan:331 - Scan Finished
2026-07-28 19:13:21.990 | INFO     | monitor:start:67 - Sleep 60 Seconds
2026-07-28 19:14:21.991 | INFO     | auth.login:ensure_login:354 - Checking Login...
2026-07-28 19:14:22.012 | SUCCESS  | auth.login:load_saved_token:192 - Saved Token Loaded
2026-07-28 19:14:22.012 | SUCCESS  | auth.login:ensure_login:362 - Using Saved Token
2026-07-28 19:14:22.013 | INFO     | monitor:scan:111 - Scanning Website...
2026-07-28 19:14:22.014 | INFO     | monitor:scan:125 - Loading Page 1
2026-07-28 19:14:22.014 | INFO     | api:get_files:60 - Loading Page 1
2026-07-28 19:14:24.859 | INFO     | api:get_file:84 - Loading File 126d5180-1adb-5053-88b0-c1571f3c5943
2026-07-28 19:14:25.088 | INFO     | monitor:scan:273 - Reached Old Files
2026-07-28 19:14:25.089 | INFO     | monitor:scan:303 - No New Serial
2026-07-28 19:14:25.089 | INFO     | monitor:scan:325 - Nothing Changed
2026-07-28 19:14:25.090 | SUCCESS  | monitor:scan:331 - Scan Finished
2026-07-28 19:14:25.091 | INFO     | monitor:start:67 - Sleep 60 Seconds
2026-07-28 19:15:25.092 | INFO     | auth.login:ensure_login:354 - Checking Login...
2026-07-28 19:15:25.093 | SUCCESS  | auth.login:load_saved_token:192 - Saved Token Loaded
2026-07-28 19:15:25.093 | SUCCESS  | auth.login:ensure_login:362 - Using Saved Token
2026-07-28 19:15:25.094 | INFO     | monitor:scan:111 - Scanning Website...
2026-07-28 19:15:25.095 | INFO     | monitor:scan:125 - Loading Page 1
2026-07-28 19:15:25.095 | INFO     | api:get_files:60 - Loading Page 1
2026-07-28 19:15:26.700 | INFO     | api:get_file:84 - Loading File 126d5180-1adb-5053-88b0-c1571f3c5943
2026-07-28 19:15:26.912 | INFO     | monitor:scan:273 - Reached Old Files
2026-07-28 19:15:26.913 | INFO     | monitor:scan:303 - No New Serial
2026-07-28 19:15:26.914 | INFO     | monitor:scan:325 - Nothing Changed
2026-07-28 19:15:26.914 | SUCCESS  | monitor:scan:331 - Scan Finished
2026-07-28 19:15:26.915 | INFO     | monitor:start:67 - Sleep 60 Seconds
2026-07-28 19:16:26.916 | INFO     | auth.login:ensure_login:354 - Checking Login...
2026-07-28 19:16:26.920 | SUCCESS  | auth.login:load_saved_token:192 - Saved Token Loaded
2026-07-28 19:16:26.920 | SUCCESS  | auth.login:ensure_login:362 - Using Saved Token
2026-07-28 19:16:26.921 | INFO     | monitor:scan:111 - Scanning Website...
2026-07-28 19:16:26.923 | INFO     | monitor:scan:125 - Loading Page 1
2026-07-28 19:16:26.924 | INFO     | api:get_files:60 - Loading Page 1
2026-07-28 19:16:28.441 | INFO     | api:get_file:84 - Loading File 126d5180-1adb-5053-88b0-c1571f3c5943
2026-07-28 19:16:28.669 | INFO     | monitor:scan:273 - Reached Old Files
2026-07-28 19:16:28.670 | INFO     | monitor:scan:303 - No New Serial
2026-07-28 19:16:28.671 | INFO     | monitor:scan:325 - Nothing Changed
2026-07-28 19:16:28.671 | SUCCESS  | monitor:scan:331 - Scan Finished
2026-07-28 19:16:28.672 | INFO     | monitor:start:67 - Sleep 60 Seconds
2026-07-28 19:17:28.674 | INFO     | auth.login:ensure_login:354 - Checking Login...
2026-07-28 19:17:28.675 | SUCCESS  | auth.login:load_saved_token:192 - Saved Token Loaded
2026-07-28 19:17:28.675 | SUCCESS  | auth.login:ensure_login:362 - Using Saved Token
2026-07-28 19:17:28.676 | INFO     | monitor:scan:111 - Scanning Website...
2026-07-28 19:17:28.677 | INFO     | monitor:scan:125 - Loading Page 1
2026-07-28 19:17:28.677 | INFO     | api:get_files:60 - Loading Page 1
2026-07-28 19:17:30.258 | INFO     | api:get_file:84 - Loading File 126d5180-1adb-5053-88b0-c1571f3c5943
2026-07-28 19:17:30.667 | INFO     | monitor:scan:273 - Reached Old Files
2026-07-28 19:17:30.667 | INFO     | monitor:scan:303 - No New Serial
2026-07-28 19:17:30.667 | INFO     | monitor:scan:325 - Nothing Changed
2026-07-28 19:17:30.667 | SUCCESS  | monitor:scan:331 - Scan Finished
2026-07-28 19:17:30.668 | INFO     | monitor:start:67 - Sleep 60 Seconds
2026-07-28 19:18:30.668 | INFO     | auth.login:ensure_login:354 - Checking Login...
2026-07-28 19:18:30.669 | SUCCESS  | auth.login:load_saved_token:192 - Saved Token Loaded
2026-07-28 19:18:30.669 | SUCCESS  | auth.login:ensure_login:362 - Using Saved Token
2026-07-28 19:18:30.669 | INFO     | monitor:scan:111 - Scanning Website...
2026-07-28 19:18:30.670 | INFO     | monitor:scan:125 - Loading Page 1
2026-07-28 19:18:30.670 | INFO     | api:get_files:60 - Loading Page 1
2026-07-28 19:18:34.233 | INFO     | api:get_file:84 - Loading File 126d5180-1adb-5053-88b0-c1571f3c5943
2026-07-28 19:18:34.640 | INFO     | monitor:scan:273 - Reached Old Files
2026-07-28 19:18:34.640 | INFO     | monitor:scan:303 - No New Serial
2026-07-28 19:18:34.641 | INFO     | monitor:scan:325 - Nothing Changed
2026-07-28 19:18:34.641 | SUCCESS  | monitor:scan:331 - Scan Finished
2026-07-28 19:18:34.642 | INFO     | monitor:start:67 - Sleep 60 Seconds
2026-07-28 19:19:34.643 | INFO     | auth.login:ensure_login:354 - Checking Login...
2026-07-28 19:19:34.645 | SUCCESS  | auth.login:load_saved_token:192 - Saved Token Loaded
2026-07-28 19:19:34.646 | SUCCESS  | auth.login:ensure_login:362 - Using Saved Token
2026-07-28 19:19:34.646 | INFO     | monitor:scan:111 - Scanning Website...
2026-07-28 19:19:34.648 | INFO     | monitor:scan:125 - Loading Page 1
2026-07-28 19:19:34.648 | INFO     | api:get_files:60 - Loading Page 1
2026-07-28 19:19:36.185 | INFO     | api:get_file:84 - Loading File 126d5180-1adb-5053-88b0-c1571f3c5943
2026-07-28 19:19:36.595 | INFO     | monitor:scan:273 - Reached Old Files
2026-07-28 19:19:36.596 | INFO     | monitor:scan:303 - No New Serial
2026-07-28 19:19:36.596 | INFO     | monitor:scan:325 - Nothing Changed
2026-07-28 19:19:36.597 | SUCCESS  | monitor:scan:331 - Scan Finished
2026-07-28 19:19:36.598 | INFO     | monitor:start:67 - Sleep 60 Seconds
2026-07-28 19:20:36.598 | INFO     | auth.login:ensure_login:354 - Checking Login...
2026-07-28 19:20:36.601 | SUCCESS  | auth.login:load_saved_token:192 - Saved Token Loaded
2026-07-28 19:20:36.602 | SUCCESS  | auth.login:ensure_login:362 - Using Saved Token
2026-07-28 19:20:36.602 | INFO     | monitor:scan:111 - Scanning Website...
2026-07-28 19:20:36.603 | INFO     | monitor:scan:125 - Loading Page 1
2026-07-28 19:20:36.603 | INFO     | api:get_files:60 - Loading Page 1
2026-07-28 19:20:38.076 | INFO     | api:get_file:84 - Loading File 126d5180-1adb-5053-88b0-c1571f3c5943
2026-07-28 19:20:38.305 | INFO     | monitor:scan:273 - Reached Old Files
2026-07-28 19:20:38.306 | INFO     | monitor:scan:303 - No New Serial
2026-07-28 19:20:38.307 | INFO     | monitor:scan:325 - Nothing Changed
2026-07-28 19:20:38.308 | SUCCESS  | monitor:scan:331 - Scan Finished
2026-07-28 19:20:38.309 | INFO     | monitor:start:67 - Sleep 60 Seconds
2026-07-28 19:21:38.309 | INFO     | auth.login:ensure_login:354 - Checking Login...
2026-07-28 19:21:38.310 | SUCCESS  | auth.login:load_saved_token:192 - Saved Token Loaded
2026-07-28 19:21:38.311 | SUCCESS  | auth.login:ensure_login:362 - Using Saved Token
2026-07-28 19:21:38.311 | INFO     | monitor:scan:111 - Scanning Website...
2026-07-28 19:21:38.312 | INFO     | monitor:scan:125 - Loading Page 1
2026-07-28 19:21:38.312 | INFO     | api:get_files:60 - Loading Page 1
2026-07-28 19:21:39.818 | INFO     | api:get_file:84 - Loading File 126d5180-1adb-5053-88b0-c1571f3c5943
2026-07-28 19:21:40.049 | INFO     | monitor:scan:273 - Reached Old Files
2026-07-28 19:21:40.049 | INFO     | monitor:scan:303 - No New Serial
2026-07-28 19:21:40.049 | INFO     | monitor:scan:325 - Nothing Changed
2026-07-28 19:21:40.050 | SUCCESS  | monitor:scan:331 - Scan Finished
2026-07-28 19:21:40.050 | INFO     | monitor:start:67 - Sleep 60 Seconds
2026-07-28 19:22:40.051 | INFO     | auth.login:ensure_login:354 - Checking Login...
2026-07-28 19:22:40.053 | SUCCESS  | auth.login:load_saved_token:192 - Saved Token Loaded
2026-07-28 19:22:40.055 | SUCCESS  | auth.login:ensure_login:362 - Using Saved Token
2026-07-28 19:22:40.055 | INFO     | monitor:scan:111 - Scanning Website...
2026-07-28 19:22:40.056 | INFO     | monitor:scan:125 - Loading Page 1
2026-07-28 19:22:40.056 | INFO     | api:get_files:60 - Loading Page 1
2026-07-28 19:22:41.851 | INFO     | api:get_file:84 - Loading File 126d5180-1adb-5053-88b0-c1571f3c5943
2026-07-28 19:22:42.079 | INFO     | monitor:scan:273 - Reached Old Files
2026-07-28 19:22:42.081 | INFO     | monitor:scan:303 - No New Serial
2026-07-28 19:22:42.083 | INFO     | monitor:scan:325 - Nothing Changed
2026-07-28 19:22:42.084 | SUCCESS  | monitor:scan:331 - Scan Finished
2026-07-28 19:22:42.085 | INFO     | monitor:start:67 - Sleep 60 Seconds
2026-07-28 19:23:42.087 | INFO     | auth.login:ensure_login:354 - Checking Login...
2026-07-28 19:23:42.090 | SUCCESS  | auth.login:load_saved_token:192 - Saved Token Loaded
2026-07-28 19:23:42.093 | SUCCESS  | auth.login:ensure_login:362 - Using Saved Token
2026-07-28 19:23:42.095 | INFO     | monitor:scan:111 - Scanning Website...
2026-07-28 19:23:42.099 | INFO     | monitor:scan:125 - Loading Page 1
2026-07-28 19:23:42.100 | INFO     | api:get_files:60 - Loading Page 1
2026-07-28 19:23:42.553 | WARNING  | auth.login:get:411 - Access Token Expired
2026-07-28 19:23:42.554 | INFO     | auth.login:login:262 - Logging in...
2026-07-28 19:23:43.043 | SUCCESS  | auth.login:save_token:242 - Token Saved
2026-07-28 19:23:43.044 | SUCCESS  | auth.login:login:340 - Login Successful
2026-07-28 19:23:44.631 | INFO     | api:get_file:84 - Loading File 126d5180-1adb-5053-88b0-c1571f3c5943
2026-07-28 19:23:44.860 | INFO     | monitor:scan:273 - Reached Old Files
2026-07-28 19:23:44.861 | INFO     | monitor:scan:303 - No New Serial
2026-07-28 19:23:44.861 | INFO     | monitor:scan:325 - Nothing Changed
2026-07-28 19:23:44.862 | SUCCESS  | monitor:scan:331 - Scan Finished
2026-07-28 19:23:44.863 | INFO     | monitor:start:67 - Sleep 60 Seconds
2026-07-28 19:24:44.864 | INFO     | auth.login:ensure_login:354 - Checking Login...
2026-07-28 19:24:44.885 | SUCCESS  | auth.login:load_saved_token:192 - Saved Token Loaded
2026-07-28 19:24:44.886 | SUCCESS  | auth.login:ensure_login:362 - Using Saved Token
2026-07-28 19:24:44.886 | INFO     | monitor:scan:111 - Scanning Website...
2026-07-28 19:24:44.887 | INFO     | monitor:scan:125 - Loading Page 1
2026-07-28 19:24:44.887 | INFO     | api:get_files:60 - Loading Page 1
2026-07-28 19:24:46.333 | INFO     | api:get_file:84 - Loading File 126d5180-1adb-5053-88b0-c1571f3c5943
2026-07-28 19:24:46.564 | INFO     | monitor:scan:273 - Reached Old Files
2026-07-28 19:24:46.564 | INFO     | monitor:scan:303 - No New Serial
2026-07-28 19:24:46.565 | INFO     | monitor:scan:325 - Nothing Changed
2026-07-28 19:24:46.567 | SUCCESS  | monitor:scan:331 - Scan Finished
2026-07-28 19:24:46.568 | INFO     | monitor:start:67 - Sleep 60 Seconds
2026-07-28 19:25:46.570 | INFO     | auth.login:ensure_login:354 - Checking Login...
2026-07-28 19:25:46.575 | SUCCESS  | auth.login:load_saved_token:192 - Saved Token Loaded
2026-07-28 19:25:46.578 | SUCCESS  | auth.login:ensure_login:362 - Using Saved Token
2026-07-28 19:25:46.581 | INFO     | monitor:scan:111 - Scanning Website...
2026-07-28 19:25:46.585 | INFO     | monitor:scan:125 - Loading Page 1
2026-07-28 19:25:46.586 | INFO     | api:get_files:60 - Loading Page 1
2026-07-28 19:25:48.207 | INFO     | api:get_file:84 - Loading File 126d5180-1adb-5053-88b0-c1571f3c5943
2026-07-28 19:25:48.436 | INFO     | monitor:scan:273 - Reached Old Files
2026-07-28 19:25:48.438 | INFO     | monitor:scan:303 - No New Serial
2026-07-28 19:25:48.439 | INFO     | monitor:scan:325 - Nothing Changed
2026-07-28 19:25:48.440 | SUCCESS  | monitor:scan:331 - Scan Finished
2026-07-28 19:25:48.441 | INFO     | monitor:start:67 - Sleep 60 Seconds
2026-07-28 19:26:48.443 | INFO     | auth.login:ensure_login:354 - Checking Login...
2026-07-28 19:26:48.443 | SUCCESS  | auth.login:load_saved_token:192 - Saved Token Loaded
2026-07-28 19:26:48.443 | SUCCESS  | auth.login:ensure_login:362 - Using Saved Token
2026-07-28 19:26:48.444 | INFO     | monitor:scan:111 - Scanning Website...
2026-07-28 19:26:48.444 | INFO     | monitor:scan:125 - Loading Page 1
2026-07-28 19:26:48.444 | INFO     | api:get_files:60 - Loading Page 1
2026-07-28 19:26:49.965 | INFO     | api:get_file:84 - Loading File 126d5180-1adb-5053-88b0-c1571f3c5943
2026-07-28 19:26:50.199 | INFO     | monitor:scan:273 - Reached Old Files
2026-07-28 19:26:50.200 | INFO     | monitor:scan:303 - No New Serial
2026-07-28 19:26:50.202 | INFO     | monitor:scan:325 - Nothing Changed
2026-07-28 19:26:50.203 | SUCCESS  | monitor:scan:331 - Scan Finished
2026-07-28 19:26:50.204 | INFO     | monitor:start:67 - Sleep 60 Seconds
2026-07-28 19:27:50.205 | INFO     | auth.login:ensure_login:354 - Checking Login...
2026-07-28 19:27:50.206 | SUCCESS  | auth.login:load_saved_token:192 - Saved Token Loaded
2026-07-28 19:27:50.207 | SUCCESS  | auth.login:ensure_login:362 - Using Saved Token
2026-07-28 19:27:50.207 | INFO     | monitor:scan:111 - Scanning Website...
2026-07-28 19:27:50.208 | INFO     | monitor:scan:125 - Loading Page 1
2026-07-28 19:27:50.208 | INFO     | api:get_files:60 - Loading Page 1
2026-07-28 19:27:51.901 | INFO     | api:get_file:84 - Loading File 126d5180-1adb-5053-88b0-c1571f3c5943
2026-07-28 19:27:52.316 | INFO     | monitor:scan:273 - Reached Old Files
2026-07-28 19:27:52.317 | INFO     | monitor:scan:303 - No New Serial
2026-07-28 19:27:52.317 | INFO     | monitor:scan:325 - Nothing Changed
2026-07-28 19:27:52.318 | SUCCESS  | monitor:scan:331 - Scan Finished
2026-07-28 19:27:52.319 | INFO     | monitor:start:67 - Sleep 60 Seconds
2026-07-28 19:28:52.320 | INFO     | auth.login:ensure_login:354 - Checking Login...
2026-07-28 19:28:52.324 | SUCCESS  | auth.login:load_saved_token:192 - Saved Token Loaded
2026-07-28 19:28:52.325 | SUCCESS  | auth.login:ensure_login:362 - Using Saved Token
2026-07-28 19:28:52.326 | INFO     | monitor:scan:111 - Scanning Website...
2026-07-28 19:28:52.327 | INFO     | monitor:scan:125 - Loading Page 1
2026-07-28 19:28:52.328 | INFO     | api:get_files:60 - Loading Page 1
2026-07-28 19:28:54.081 | INFO     | api:get_file:84 - Loading File 126d5180-1adb-5053-88b0-c1571f3c5943
2026-07-28 19:28:54.310 | INFO     | monitor:scan:273 - Reached Old Files
2026-07-28 19:28:54.311 | INFO     | monitor:scan:303 - No New Serial
2026-07-28 19:28:54.311 | INFO     | monitor:scan:325 - Nothing Changed
2026-07-28 19:28:54.311 | SUCCESS  | monitor:scan:331 - Scan Finished
2026-07-28 19:28:54.311 | INFO     | monitor:start:67 - Sleep 60 Seconds
2026-07-28 19:29:54.312 | INFO     | auth.login:ensure_login:354 - Checking Login...
2026-07-28 19:29:54.315 | SUCCESS  | auth.login:load_saved_token:192 - Saved Token Loaded
2026-07-28 19:29:54.319 | SUCCESS  | auth.login:ensure_login:362 - Using Saved Token
2026-07-28 19:29:54.320 | INFO     | monitor:scan:111 - Scanning Website...
2026-07-28 19:29:54.322 | INFO     | monitor:scan:125 - Loading Page 1
2026-07-28 19:29:54.323 | INFO     | api:get_files:60 - Loading Page 1
2026-07-28 19:29:57.885 | INFO     | api:get_file:84 - Loading File 126d5180-1adb-5053-88b0-c1571f3c5943
2026-07-28 19:29:58.120 | INFO     | monitor:scan:273 - Reached Old Files
2026-07-28 19:29:58.122 | INFO     | monitor:scan:303 - No New Serial
2026-07-28 19:29:58.124 | INFO     | monitor:scan:325 - Nothing Changed
2026-07-28 19:29:58.125 | SUCCESS  | monitor:scan:331 - Scan Finished
2026-07-28 19:29:58.126 | INFO     | monitor:start:67 - Sleep 60 Seconds
2026-07-28 19:30:58.127 | INFO     | auth.login:ensure_login:354 - Checking Login...
2026-07-28 19:30:58.129 | SUCCESS  | auth.login:load_saved_token:192 - Saved Token Loaded
2026-07-28 19:30:58.130 | SUCCESS  | auth.login:ensure_login:362 - Using Saved Token
2026-07-28 19:30:58.131 | INFO     | monitor:scan:111 - Scanning Website...
2026-07-28 19:30:58.133 | INFO     | monitor:scan:125 - Loading Page 1
2026-07-28 19:30:58.133 | INFO     | api:get_files:60 - Loading Page 1
2026-07-28 19:31:01.588 | INFO     | api:get_file:84 - Loading File 126d5180-1adb-5053-88b0-c1571f3c5943
2026-07-28 19:31:01.970 | INFO     | monitor:scan:273 - Reached Old Files
2026-07-28 19:31:01.971 | INFO     | monitor:scan:303 - No New Serial
2026-07-28 19:31:01.971 | INFO     | monitor:scan:325 - Nothing Changed
2026-07-28 19:31:01.971 | SUCCESS  | monitor:scan:331 - Scan Finished
2026-07-28 19:31:01.971 | INFO     | monitor:start:67 - Sleep 60 Seconds
2026-07-28 19:32:01.972 | INFO     | auth.login:ensure_login:354 - Checking Login...
2026-07-28 19:32:01.974 | SUCCESS  | auth.login:load_saved_token:192 - Saved Token Loaded
2026-07-28 19:32:01.975 | SUCCESS  | auth.login:ensure_login:362 - Using Saved Token
2026-07-28 19:32:01.977 | INFO     | monitor:scan:111 - Scanning Website...
2026-07-28 19:32:01.978 | INFO     | monitor:scan:125 - Loading Page 1
2026-07-28 19:32:01.979 | INFO     | api:get_files:60 - Loading Page 1
2026-07-28 19:32:03.424 | INFO     | api:get_file:84 - Loading File 126d5180-1adb-5053-88b0-c1571f3c5943
2026-07-28 19:32:03.648 | INFO     | monitor:scan:273 - Reached Old Files
2026-07-28 19:32:03.649 | INFO     | monitor:scan:303 - No New Serial
2026-07-28 19:32:03.650 | INFO     | monitor:scan:325 - Nothing Changed
2026-07-28 19:32:03.651 | SUCCESS  | monitor:scan:331 - Scan Finished
2026-07-28 19:32:03.653 | INFO     | monitor:start:67 - Sleep 60 Seconds
2026-07-28 19:33:03.654 | INFO     | auth.login:ensure_login:354 - Checking Login...
2026-07-28 19:33:03.655 | SUCCESS  | auth.login:load_saved_token:192 - Saved Token Loaded
2026-07-28 19:33:03.656 | SUCCESS  | auth.login:ensure_login:362 - Using Saved Token
2026-07-28 19:33:03.656 | INFO     | monitor:scan:111 - Scanning Website...
2026-07-28 19:33:03.659 | INFO     | monitor:scan:125 - Loading Page 1
2026-07-28 19:33:03.659 | INFO     | api:get_files:60 - Loading Page 1
2026-07-28 19:33:05.599 | INFO     | api:get_file:84 - Loading File 126d5180-1adb-5053-88b0-c1571f3c5943
2026-07-28 19:33:05.831 | INFO     | monitor:scan:273 - Reached Old Files
2026-07-28 19:33:05.831 | INFO     | monitor:scan:303 - No New Serial
2026-07-28 19:33:05.832 | INFO     | monitor:scan:325 - Nothing Changed
2026-07-28 19:33:05.833 | SUCCESS  | monitor:scan:331 - Scan Finished
2026-07-28 19:33:05.834 | INFO     | monitor:start:67 - Sleep 60 Seconds
2026-07-28 19:34:05.835 | INFO     | auth.login:ensure_login:354 - Checking Login...
2026-07-28 19:34:05.836 | SUCCESS  | auth.login:load_saved_token:192 - Saved Token Loaded
2026-07-28 19:34:05.837 | SUCCESS  | auth.login:ensure_login:362 - Using Saved Token
2026-07-28 19:34:05.838 | INFO     | monitor:scan:111 - Scanning Website...
2026-07-28 19:34:05.839 | INFO     | monitor:scan:125 - Loading Page 1
2026-07-28 19:34:05.839 | INFO     | api:get_files:60 - Loading Page 1
2026-07-28 19:34:06.292 | WARNING  | auth.login:get:411 - Access Token Expired
2026-07-28 19:34:06.293 | INFO     | auth.login:login:262 - Logging in...
2026-07-28 19:34:06.784 | SUCCESS  | auth.login:save_token:242 - Token Saved
2026-07-28 19:34:06.786 | SUCCESS  | auth.login:login:340 - Login Successful
2026-07-28 19:34:09.890 | INFO     | api:get_file:84 - Loading File 126d5180-1adb-5053-88b0-c1571f3c5943
2026-07-28 19:34:10.302 | INFO     | monitor:scan:273 - Reached Old Files
2026-07-28 19:34:10.303 | INFO     | monitor:scan:303 - No New Serial
2026-07-28 19:34:10.304 | INFO     | monitor:scan:325 - Nothing Changed
2026-07-28 19:34:10.305 | SUCCESS  | monitor:scan:331 - Scan Finished
2026-07-28 19:34:10.307 | INFO     | monitor:start:67 - Sleep 60 Seconds
2026-07-28 19:35:10.309 | INFO     | auth.login:ensure_login:354 - Checking Login...
2026-07-28 19:35:10.316 | SUCCESS  | auth.login:load_saved_token:192 - Saved Token Loaded
2026-07-28 19:35:10.316 | SUCCESS  | auth.login:ensure_login:362 - Using Saved Token
2026-07-28 19:35:10.317 | INFO     | monitor:scan:111 - Scanning Website...
2026-07-28 19:35:10.317 | INFO     | monitor:scan:125 - Loading Page 1
2026-07-28 19:35:10.317 | INFO     | api:get_files:60 - Loading Page 1
2026-07-28 19:35:11.899 | INFO     | api:get_file:84 - Loading File 126d5180-1adb-5053-88b0-c1571f3c5943
2026-07-28 19:35:12.115 | INFO     | monitor:scan:273 - Reached Old Files
2026-07-28 19:35:12.115 | INFO     | monitor:scan:303 - No New Serial
2026-07-28 19:35:12.115 | INFO     | monitor:scan:325 - Nothing Changed
2026-07-28 19:35:12.116 | SUCCESS  | monitor:scan:331 - Scan Finished
2026-07-28 19:35:12.116 | INFO     | monitor:start:67 - Sleep 60 Seconds
2026-07-28 19:36:12.117 | INFO     | auth.login:ensure_login:354 - Checking Login...
2026-07-28 19:36:12.117 | SUCCESS  | auth.login:load_saved_token:192 - Saved Token Loaded
2026-07-28 19:36:12.118 | SUCCESS  | auth.login:ensure_login:362 - Using Saved Token
2026-07-28 19:36:12.118 | INFO     | monitor:scan:111 - Scanning Website...
2026-07-28 19:36:12.118 | INFO     | monitor:scan:125 - Loading Page 1
2026-07-28 19:36:12.118 | INFO     | api:get_files:60 - Loading Page 1
2026-07-28 19:36:13.589 | INFO     | api:get_file:84 - Loading File 126d5180-1adb-5053-88b0-c1571f3c5943
2026-07-28 19:36:13.812 | INFO     | monitor:scan:273 - Reached Old Files
2026-07-28 19:36:13.813 | INFO     | monitor:scan:303 - No New Serial
2026-07-28 19:36:13.813 | INFO     | monitor:scan:325 - Nothing Changed
2026-07-28 19:36:13.813 | SUCCESS  | monitor:scan:331 - Scan Finished
2026-07-28 19:36:13.814 | INFO     | monitor:start:67 - Sleep 60 Seconds
2026-07-28 19:37:13.815 | INFO     | auth.login:ensure_login:354 - Checking Login...
2026-07-28 19:37:13.818 | SUCCESS  | auth.login:load_saved_token:192 - Saved Token Loaded
2026-07-28 19:37:13.819 | SUCCESS  | auth.login:ensure_login:362 - Using Saved Token
2026-07-28 19:37:13.819 | INFO     | monitor:scan:111 - Scanning Website...
2026-07-28 19:37:13.821 | INFO     | monitor:scan:125 - Loading Page 1
2026-07-28 19:37:13.822 | INFO     | api:get_files:60 - Loading Page 1
2026-07-28 19:37:15.374 | INFO     | api:get_file:84 - Loading File 126d5180-1adb-5053-88b0-c1571f3c5943
2026-07-28 19:37:15.601 | INFO     | monitor:scan:273 - Reached Old Files
2026-07-28 19:37:15.601 | INFO     | monitor:scan:303 - No New Serial
2026-07-28 19:37:15.601 | INFO     | monitor:scan:325 - Nothing Changed
2026-07-28 19:37:15.601 | SUCCESS  | monitor:scan:331 - Scan Finished
2026-07-28 19:37:15.601 | INFO     | monitor:start:67 - Sleep 60 Seconds
2026-07-28 19:38:15.602 | INFO     | auth.login:ensure_login:354 - Checking Login...
2026-07-28 19:38:15.604 | SUCCESS  | auth.login:load_saved_token:192 - Saved Token Loaded
2026-07-28 19:38:15.605 | SUCCESS  | auth.login:ensure_login:362 - Using Saved Token
2026-07-28 19:38:15.605 | INFO     | monitor:scan:111 - Scanning Website...
2026-07-28 19:38:15.607 | INFO     | monitor:scan:125 - Loading Page 1
2026-07-28 19:38:15.608 | INFO     | api:get_files:60 - Loading Page 1
2026-07-28 19:38:17.212 | INFO     | api:get_file:84 - Loading File 126d5180-1adb-5053-88b0-c1571f3c5943
2026-07-28 19:38:17.429 | INFO     | monitor:scan:273 - Reached Old Files
2026-07-28 19:38:17.429 | INFO     | monitor:scan:303 - No New Serial
2026-07-28 19:38:17.429 | INFO     | monitor:scan:325 - Nothing Changed
2026-07-28 19:38:17.429 | SUCCESS  | monitor:scan:331 - Scan Finished
2026-07-28 19:38:17.430 | INFO     | monitor:start:67 - Sleep 60 Seconds
2026-07-28 19:39:17.430 | INFO     | auth.login:ensure_login:354 - Checking Login...
2026-07-28 19:39:17.434 | SUCCESS  | auth.login:load_saved_token:192 - Saved Token Loaded
2026-07-28 19:39:17.436 | SUCCESS  | auth.login:ensure_login:362 - Using Saved Token
2026-07-28 19:39:17.437 | INFO     | monitor:scan:111 - Scanning Website...
2026-07-28 19:39:17.438 | INFO     | monitor:scan:125 - Loading Page 1
2026-07-28 19:39:17.439 | INFO     | api:get_files:60 - Loading Page 1
2026-07-28 19:39:18.961 | INFO     | api:get_file:84 - Loading File 126d5180-1adb-5053-88b0-c1571f3c5943
2026-07-28 19:39:19.205 | INFO     | monitor:scan:273 - Reached Old Files
2026-07-28 19:39:19.207 | INFO     | monitor:scan:303 - No New Serial
2026-07-28 19:39:19.210 | INFO     | monitor:scan:325 - Nothing Changed
2026-07-28 19:39:19.212 | SUCCESS  | monitor:scan:331 - Scan Finished
2026-07-28 19:39:19.213 | INFO     | monitor:start:67 - Sleep 60 Seconds
2026-07-28 19:40:19.214 | INFO     | auth.login:ensure_login:354 - Checking Login...
2026-07-28 19:40:19.217 | SUCCESS  | auth.login:load_saved_token:192 - Saved Token Loaded
2026-07-28 19:40:19.219 | SUCCESS  | auth.login:ensure_login:362 - Using Saved Token
2026-07-28 19:40:19.220 | INFO     | monitor:scan:111 - Scanning Website...
2026-07-28 19:40:19.221 | INFO     | monitor:scan:125 - Loading Page 1
2026-07-28 19:40:19.221 | INFO     | api:get_files:60 - Loading Page 1
2026-07-28 19:40:20.899 | INFO     | api:get_file:84 - Loading File 126d5180-1adb-5053-88b0-c1571f3c5943
2026-07-28 19:40:21.122 | INFO     | monitor:scan:273 - Reached Old Files
2026-07-28 19:40:21.123 | INFO     | monitor:scan:303 - No New Serial
2026-07-28 19:40:21.124 | INFO     | monitor:scan:325 - Nothing Changed
2026-07-28 19:40:21.126 | SUCCESS  | monitor:scan:331 - Scan Finished
2026-07-28 19:40:21.128 | INFO     | monitor:start:67 - Sleep 60 Seconds
2026-07-28 19:41:21.129 | INFO     | auth.login:ensure_login:354 - Checking Login...
2026-07-28 19:41:21.130 | SUCCESS  | auth.login:load_saved_token:192 - Saved Token Loaded
2026-07-28 19:41:21.130 | SUCCESS  | auth.login:ensure_login:362 - Using Saved Token
2026-07-28 19:41:21.130 | INFO     | monitor:scan:111 - Scanning Website...
2026-07-28 19:41:21.131 | INFO     | monitor:scan:125 - Loading Page 1
2026-07-28 19:41:21.131 | INFO     | api:get_files:60 - Loading Page 1
2026-07-28 19:41:23.572 | INFO     | api:get_file:84 - Loading File 126d5180-1adb-5053-88b0-c1571f3c5943
2026-07-28 19:41:23.800 | INFO     | monitor:scan:273 - Reached Old Files
2026-07-28 19:41:23.800 | INFO     | monitor:scan:303 - No New Serial
2026-07-28 19:41:23.800 | INFO     | monitor:scan:325 - Nothing Changed
2026-07-28 19:41:23.800 | SUCCESS  | monitor:scan:331 - Scan Finished
2026-07-28 19:41:23.801 | INFO     | monitor:start:67 - Sleep 60 Seconds
2026-07-28 19:42:23.801 | INFO     | auth.login:ensure_login:354 - Checking Login...
2026-07-28 19:42:23.804 | SUCCESS  | auth.login:load_saved_token:192 - Saved Token Loaded
2026-07-28 19:42:23.806 | SUCCESS  | auth.login:ensure_login:362 - Using Saved Token
2026-07-28 19:42:23.806 | INFO     | monitor:scan:111 - Scanning Website...
2026-07-28 19:42:23.807 | INFO     | monitor:scan:125 - Loading Page 1
2026-07-28 19:42:23.807 | INFO     | api:get_files:60 - Loading Page 1
2026-07-28 19:42:26.812 | INFO     | api:get_file:84 - Loading File 126d5180-1adb-5053-88b0-c1571f3c5943
2026-07-28 19:42:27.250 | INFO     | monitor:scan:273 - Reached Old Files
2026-07-28 19:42:27.250 | INFO     | monitor:scan:303 - No New Serial
2026-07-28 19:42:27.251 | INFO     | monitor:scan:325 - Nothing Changed
2026-07-28 19:42:27.251 | SUCCESS  | monitor:scan:331 - Scan Finished
2026-07-28 19:42:27.252 | INFO     | monitor:start:67 - Sleep 60 Seconds
2026-07-28 19:43:27.252 | INFO     | auth.login:ensure_login:354 - Checking Login...
2026-07-28 19:43:27.253 | SUCCESS  | auth.login:load_saved_token:192 - Saved Token Loaded
2026-07-28 19:43:27.253 | SUCCESS  | auth.login:ensure_login:362 - Using Saved Token
2026-07-28 19:43:27.253 | INFO     | monitor:scan:111 - Scanning Website...
2026-07-28 19:43:27.254 | INFO     | monitor:scan:125 - Loading Page 1
2026-07-28 19:43:27.255 | INFO     | api:get_files:60 - Loading Page 1
2026-07-28 19:43:28.777 | INFO     | api:get_file:84 - Loading File 126d5180-1adb-5053-88b0-c1571f3c5943
2026-07-28 19:43:29.007 | INFO     | monitor:scan:273 - Reached Old Files
2026-07-28 19:43:29.009 | INFO     | monitor:scan:303 - No New Serial
2026-07-28 19:43:29.011 | INFO     | monitor:scan:325 - Nothing Changed
2026-07-28 19:43:29.011 | SUCCESS  | monitor:scan:331 - Scan Finished
2026-07-28 19:43:29.012 | INFO     | monitor:start:67 - Sleep 60 Seconds
2026-07-28 19:44:29.013 | INFO     | auth.login:ensure_login:354 - Checking Login...
2026-07-28 19:44:29.016 | SUCCESS  | auth.login:load_saved_token:192 - Saved Token Loaded
2026-07-28 19:44:29.018 | SUCCESS  | auth.login:ensure_login:362 - Using Saved Token
2026-07-28 19:44:29.019 | INFO     | monitor:scan:111 - Scanning Website...
2026-07-28 19:44:29.022 | INFO     | monitor:scan:125 - Loading Page 1
2026-07-28 19:44:29.023 | INFO     | api:get_files:60 - Loading Page 1
2026-07-28 19:44:29.470 | WARNING  | auth.login:get:411 - Access Token Expired
2026-07-28 19:44:29.470 | INFO     | auth.login:login:262 - Logging in...
2026-07-28 19:44:29.951 | SUCCESS  | auth.login:save_token:242 - Token Saved
2026-07-28 19:44:29.952 | SUCCESS  | auth.login:login:340 - Login Successful
2026-07-28 19:44:32.659 | INFO     | api:get_file:84 - Loading File 126d5180-1adb-5053-88b0-c1571f3c5943
2026-07-28 19:44:32.893 | INFO     | monitor:scan:273 - Reached Old Files
2026-07-28 19:44:32.894 | INFO     | monitor:scan:303 - No New Serial
2026-07-28 19:44:32.894 | INFO     | monitor:scan:325 - Nothing Changed
2026-07-28 19:44:32.894 | SUCCESS  | monitor:scan:331 - Scan Finished
2026-07-28 19:44:32.894 | INFO     | monitor:start:67 - Sleep 60 Seconds
2026-07-28 19:45:32.895 | INFO     | auth.login:ensure_login:354 - Checking Login...
2026-07-28 19:45:32.912 | SUCCESS  | auth.login:load_saved_token:192 - Saved Token Loaded
2026-07-28 19:45:32.912 | SUCCESS  | auth.login:ensure_login:362 - Using Saved Token
2026-07-28 19:45:32.913 | INFO     | monitor:scan:111 - Scanning Website...
2026-07-28 19:45:32.914 | INFO     | monitor:scan:125 - Loading Page 1
2026-07-28 19:45:32.914 | INFO     | api:get_files:60 - Loading Page 1
2026-07-28 19:45:34.526 | INFO     | api:get_file:84 - Loading File 126d5180-1adb-5053-88b0-c1571f3c5943
2026-07-28 19:45:34.763 | INFO     | monitor:scan:273 - Reached Old Files
2026-07-28 19:45:34.765 | INFO     | monitor:scan:303 - No New Serial
2026-07-28 19:45:34.767 | INFO     | monitor:scan:325 - Nothing Changed
2026-07-28 19:45:34.767 | SUCCESS  | monitor:scan:331 - Scan Finished
2026-07-28 19:45:34.768 | INFO     | monitor:start:67 - Sleep 60 Seconds
2026-07-28 19:46:34.768 | INFO     | auth.login:ensure_login:354 - Checking Login...
2026-07-28 19:46:34.769 | SUCCESS  | auth.login:load_saved_token:192 - Saved Token Loaded
2026-07-28 19:46:34.769 | SUCCESS  | auth.login:ensure_login:362 - Using Saved Token
2026-07-28 19:46:34.770 | INFO     | monitor:scan:111 - Scanning Website...
2026-07-28 19:46:34.771 | INFO     | monitor:scan:125 - Loading Page 1
2026-07-28 19:46:34.772 | INFO     | api:get_files:60 - Loading Page 1
2026-07-28 19:46:36.567 | INFO     | api:get_file:84 - Loading File 126d5180-1adb-5053-88b0-c1571f3c5943
2026-07-28 19:46:36.798 | INFO     | monitor:scan:273 - Reached Old Files
2026-07-28 19:46:36.799 | INFO     | monitor:scan:303 - No New Serial
2026-07-28 19:46:36.799 | INFO     | monitor:scan:325 - Nothing Changed
2026-07-28 19:46:36.799 | SUCCESS  | monitor:scan:331 - Scan Finished
2026-07-28 19:46:36.799 | INFO     | monitor:start:67 - Sleep 60 Seconds
2026-07-28 19:47:36.800 | INFO     | auth.login:ensure_login:354 - Checking Login...
2026-07-28 19:47:36.802 | SUCCESS  | auth.login:load_saved_token:192 - Saved Token Loaded
2026-07-28 19:47:36.802 | SUCCESS  | auth.login:ensure_login:362 - Using Saved Token
2026-07-28 19:47:36.804 | INFO     | monitor:scan:111 - Scanning Website...
2026-07-28 19:47:36.807 | INFO     | monitor:scan:125 - Loading Page 1
2026-07-28 19:47:36.807 | INFO     | api:get_files:60 - Loading Page 1
2026-07-28 19:47:39.864 | INFO     | api:get_file:84 - Loading File 126d5180-1adb-5053-88b0-c1571f3c5943
2026-07-28 19:47:40.087 | INFO     | monitor:scan:273 - Reached Old Files
2026-07-28 19:47:40.088 | INFO     | monitor:scan:303 - No New Serial
2026-07-28 19:47:40.088 | INFO     | monitor:scan:325 - Nothing Changed
2026-07-28 19:47:40.089 | SUCCESS  | monitor:scan:331 - Scan Finished
2026-07-28 19:47:40.090 | INFO     | monitor:start:67 - Sleep 60 Seconds
2026-07-28 19:48:40.091 | INFO     | auth.login:ensure_login:354 - Checking Login...
2026-07-28 19:48:40.095 | SUCCESS  | auth.login:load_saved_token:192 - Saved Token Loaded
2026-07-28 19:48:40.096 | SUCCESS  | auth.login:ensure_login:362 - Using Saved Token
2026-07-28 19:48:40.097 | INFO     | monitor:scan:111 - Scanning Website...
2026-07-28 19:48:40.100 | INFO     | monitor:scan:125 - Loading Page 1
2026-07-28 19:48:40.100 | INFO     | api:get_files:60 - Loading Page 1
2026-07-28 19:48:41.652 | INFO     | api:get_file:84 - Loading File 126d5180-1adb-5053-88b0-c1571f3c5943
2026-07-28 19:48:41.910 | INFO     | monitor:scan:273 - Reached Old Files
2026-07-28 19:48:41.911 | INFO     | monitor:scan:303 - No New Serial
2026-07-28 19:48:41.912 | INFO     | monitor:scan:325 - Nothing Changed
2026-07-28 19:48:41.912 | SUCCESS  | monitor:scan:331 - Scan Finished
2026-07-28 19:48:41.913 | INFO     | monitor:start:67 - Sleep 60 Seconds
2026-07-28 19:49:41.914 | INFO     | auth.login:ensure_login:354 - Checking Login...
2026-07-28 19:49:41.917 | SUCCESS  | auth.login:load_saved_token:192 - Saved Token Loaded
2026-07-28 19:49:41.919 | SUCCESS  | auth.login:ensure_login:362 - Using Saved Token
2026-07-28 19:49:41.921 | INFO     | monitor:scan:111 - Scanning Website...
2026-07-28 19:49:41.925 | INFO     | monitor:scan:125 - Loading Page 1
2026-07-28 19:49:41.926 | INFO     | api:get_files:60 - Loading Page 1
2026-07-28 19:49:43.826 | INFO     | api:get_file:84 - Loading File 126d5180-1adb-5053-88b0-c1571f3c5943
2026-07-28 19:49:44.057 | INFO     | monitor:scan:273 - Reached Old Files
2026-07-28 19:49:44.058 | INFO     | monitor:scan:303 - No New Serial
2026-07-28 19:49:44.059 | INFO     | monitor:scan:325 - Nothing Changed
2026-07-28 19:49:44.060 | SUCCESS  | monitor:scan:331 - Scan Finished
2026-07-28 19:49:44.062 | INFO     | monitor:start:67 - Sleep 60 Seconds
2026-07-28 19:50:44.063 | INFO     | auth.login:ensure_login:354 - Checking Login...
2026-07-28 19:50:44.065 | SUCCESS  | auth.login:load_saved_token:192 - Saved Token Loaded
2026-07-28 19:50:44.065 | SUCCESS  | auth.login:ensure_login:362 - Using Saved Token
2026-07-28 19:50:44.066 | INFO     | monitor:scan:111 - Scanning Website...
2026-07-28 19:50:44.068 | INFO     | monitor:scan:125 - Loading Page 1
2026-07-28 19:50:44.069 | INFO     | api:get_files:60 - Loading Page 1
2026-07-28 19:50:45.649 | INFO     | api:get_file:84 - Loading File 126d5180-1adb-5053-88b0-c1571f3c5943
2026-07-28 19:50:45.880 | INFO     | monitor:scan:273 - Reached Old Files
2026-07-28 19:50:45.882 | INFO     | monitor:scan:303 - No New Serial
2026-07-28 19:50:45.883 | INFO     | monitor:scan:325 - Nothing Changed
2026-07-28 19:50:45.884 | SUCCESS  | monitor:scan:331 - Scan Finished
2026-07-28 19:50:45.885 | INFO     | monitor:start:67 - Sleep 60 Seconds
2026-07-28 19:51:45.886 | INFO     | auth.login:ensure_login:354 - Checking Login...
2026-07-28 19:51:45.887 | SUCCESS  | auth.login:load_saved_token:192 - Saved Token Loaded
2026-07-28 19:51:45.887 | SUCCESS  | auth.login:ensure_login:362 - Using Saved Token
2026-07-28 19:51:45.887 | INFO     | monitor:scan:111 - Scanning Website...
2026-07-28 19:51:45.888 | INFO     | monitor:scan:125 - Loading Page 1
2026-07-28 19:51:45.888 | INFO     | api:get_files:60 - Loading Page 1
2026-07-28 19:51:48.856 | INFO     | api:get_file:84 - Loading File 126d5180-1adb-5053-88b0-c1571f3c5943
2026-07-28 19:51:49.271 | INFO     | monitor:scan:273 - Reached Old Files
2026-07-28 19:51:49.272 | INFO     | monitor:scan:303 - No New Serial
2026-07-28 19:51:49.273 | INFO     | monitor:scan:325 - Nothing Changed
2026-07-28 19:51:49.274 | SUCCESS  | monitor:scan:331 - Scan Finished
2026-07-28 19:51:49.276 | INFO     | monitor:start:67 - Sleep 60 Seconds
2026-07-28 19:52:49.278 | INFO     | auth.login:ensure_login:354 - Checking Login...
2026-07-28 19:52:49.283 | SUCCESS  | auth.login:load_saved_token:192 - Saved Token Loaded
2026-07-28 19:52:49.284 | SUCCESS  | auth.login:ensure_login:362 - Using Saved Token
2026-07-28 19:52:49.285 | INFO     | monitor:scan:111 - Scanning Website...
2026-07-28 19:52:49.288 | INFO     | monitor:scan:125 - Loading Page 1
2026-07-28 19:52:49.289 | INFO     | api:get_files:60 - Loading Page 1
2026-07-28 19:52:50.825 | INFO     | api:get_file:84 - Loading File 126d5180-1adb-5053-88b0-c1571f3c5943
2026-07-28 19:52:51.234 | INFO     | monitor:scan:273 - Reached Old Files
2026-07-28 19:52:51.236 | INFO     | monitor:scan:303 - No New Serial
2026-07-28 19:52:51.237 | INFO     | monitor:scan:325 - Nothing Changed
2026-07-28 19:52:51.237 | SUCCESS  | monitor:scan:331 - Scan Finished
2026-07-28 19:52:51.238 | INFO     | monitor:start:67 - Sleep 60 Seconds
2026-07-28 19:53:51.239 | INFO     | auth.login:ensure_login:354 - Checking Login...
2026-07-28 19:53:51.240 | SUCCESS  | auth.login:load_saved_token:192 - Saved Token Loaded
2026-07-28 19:53:51.240 | SUCCESS  | auth.login:ensure_login:362 - Using Saved Token
2026-07-28 19:53:51.240 | INFO     | monitor:scan:111 - Scanning Website...
2026-07-28 19:53:51.241 | INFO     | monitor:scan:125 - Loading Page 1
2026-07-28 19:53:51.241 | INFO     | api:get_files:60 - Loading Page 1
2026-07-28 19:53:54.594 | INFO     | api:get_file:84 - Loading File 126d5180-1adb-5053-88b0-c1571f3c5943
2026-07-28 19:53:54.826 | INFO     | monitor:scan:273 - Reached Old Files
2026-07-28 19:53:54.827 | INFO     | monitor:scan:303 - No New Serial
2026-07-28 19:53:54.827 | INFO     | monitor:scan:325 - Nothing Changed
2026-07-28 19:53:54.827 | SUCCESS  | monitor:scan:331 - Scan Finished
2026-07-28 19:53:54.828 | INFO     | monitor:start:67 - Sleep 60 Seconds
2026-07-28 19:54:54.830 | INFO     | auth.login:ensure_login:354 - Checking Login...
2026-07-28 19:54:54.833 | SUCCESS  | auth.login:load_saved_token:192 - Saved Token Loaded
2026-07-28 19:54:54.835 | SUCCESS  | auth.login:ensure_login:362 - Using Saved Token
2026-07-28 19:54:54.835 | INFO     | monitor:scan:111 - Scanning Website...
2026-07-28 19:54:54.837 | INFO     | monitor:scan:125 - Loading Page 1
2026-07-28 19:54:54.838 | INFO     | api:get_files:60 - Loading Page 1
2026-07-28 19:54:55.268 | WARNING  | auth.login:get:411 - Access Token Expired
2026-07-28 19:54:55.268 | INFO     | auth.login:login:262 - Logging in...
2026-07-28 19:54:55.717 | SUCCESS  | auth.login:save_token:242 - Token Saved
2026-07-28 19:54:55.718 | SUCCESS  | auth.login:login:340 - Login Successful
2026-07-28 19:54:56.924 | INFO     | api:get_file:84 - Loading File 126d5180-1adb-5053-88b0-c1571f3c5943
2026-07-28 19:54:57.154 | INFO     | monitor:scan:273 - Reached Old Files
2026-07-28 19:54:57.155 | INFO     | monitor:scan:303 - No New Serial
2026-07-28 19:54:57.157 | INFO     | monitor:scan:325 - Nothing Changed
2026-07-28 19:54:57.158 | SUCCESS  | monitor:scan:331 - Scan Finished
2026-07-28 19:54:57.159 | INFO     | monitor:start:67 - Sleep 60 Seconds
2026-07-28 19:55:57.161 | INFO     | auth.login:ensure_login:354 - Checking Login...
2026-07-28 19:55:57.168 | SUCCESS  | auth.login:load_saved_token:192 - Saved Token Loaded
2026-07-28 19:55:57.169 | SUCCESS  | auth.login:ensure_login:362 - Using Saved Token
2026-07-28 19:55:57.169 | INFO     | monitor:scan:111 - Scanning Website...
2026-07-28 19:55:57.169 | INFO     | monitor:scan:125 - Loading Page 1
2026-07-28 19:55:57.170 | INFO     | api:get_files:60 - Loading Page 1
2026-07-28 19:55:58.748 | INFO     | api:get_file:84 - Loading File 126d5180-1adb-5053-88b0-c1571f3c5943
2026-07-28 19:55:58.972 | INFO     | monitor:scan:273 - Reached Old Files
2026-07-28 19:55:58.972 | INFO     | monitor:scan:303 - No New Serial
2026-07-28 19:55:58.973 | INFO     | monitor:scan:325 - Nothing Changed
2026-07-28 19:55:58.973 | SUCCESS  | monitor:scan:331 - Scan Finished
2026-07-28 19:55:58.973 | INFO     | monitor:start:67 - Sleep 60 Seconds
2026-07-28 19:56:58.973 | INFO     | auth.login:ensure_login:354 - Checking Login...
2026-07-28 19:56:58.974 | SUCCESS  | auth.login:load_saved_token:192 - Saved Token Loaded
2026-07-28 19:56:58.974 | SUCCESS  | auth.login:ensure_login:362 - Using Saved Token
2026-07-28 19:56:58.974 | INFO     | monitor:scan:111 - Scanning Website...
2026-07-28 19:56:58.975 | INFO     | monitor:scan:125 - Loading Page 1
2026-07-28 19:56:58.975 | INFO     | api:get_files:60 - Loading Page 1
2026-07-28 19:57:01.226 | INFO     | api:get_file:84 - Loading File 126d5180-1adb-5053-88b0-c1571f3c5943
2026-07-28 19:57:01.454 | INFO     | monitor:scan:273 - Reached Old Files
2026-07-28 19:57:01.455 | INFO     | monitor:scan:303 - No New Serial
2026-07-28 19:57:01.455 | INFO     | monitor:scan:325 - Nothing Changed
2026-07-28 19:57:01.455 | SUCCESS  | monitor:scan:331 - Scan Finished
2026-07-28 19:57:01.457 | INFO     | monitor:start:67 - Sleep 60 Seconds
2026-07-28 19:58:01.457 | INFO     | auth.login:ensure_login:354 - Checking Login...
2026-07-28 19:58:01.459 | SUCCESS  | auth.login:load_saved_token:192 - Saved Token Loaded
2026-07-28 19:58:01.459 | SUCCESS  | auth.login:ensure_login:362 - Using Saved Token
2026-07-28 19:58:01.459 | INFO     | monitor:scan:111 - Scanning Website...
2026-07-28 19:58:01.460 | INFO     | monitor:scan:125 - Loading Page 1
2026-07-28 19:58:01.461 | INFO     | api:get_files:60 - Loading Page 1
2026-07-28 19:58:02.968 | INFO     | api:get_file:84 - Loading File 126d5180-1adb-5053-88b0-c1571f3c5943
2026-07-28 19:58:03.201 | INFO     | monitor:scan:273 - Reached Old Files
2026-07-28 19:58:03.202 | INFO     | monitor:scan:303 - No New Serial
2026-07-28 19:58:03.202 | INFO     | monitor:scan:325 - Nothing Changed
2026-07-28 19:58:03.202 | SUCCESS  | monitor:scan:331 - Scan Finished
2026-07-28 19:58:03.203 | INFO     | monitor:start:67 - Sleep 60 Seconds
2026-07-28 19:59:03.203 | INFO     | auth.login:ensure_login:354 - Checking Login...
2026-07-28 19:59:03.207 | SUCCESS  | auth.login:load_saved_token:192 - Saved Token Loaded
2026-07-28 19:59:03.208 | SUCCESS  | auth.login:ensure_login:362 - Using Saved Token
2026-07-28 19:59:03.209 | INFO     | monitor:scan:111 - Scanning Website...
2026-07-28 19:59:03.213 | INFO     | monitor:scan:125 - Loading Page 1
2026-07-28 19:59:03.215 | INFO     | api:get_files:60 - Loading Page 1
2026-07-28 19:59:06.205 | INFO     | api:get_file:84 - Loading File 126d5180-1adb-5053-88b0-c1571f3c5943
2026-07-28 19:59:06.614 | INFO     | monitor:scan:273 - Reached Old Files
2026-07-28 19:59:06.616 | INFO     | monitor:scan:303 - No New Serial
2026-07-28 19:59:06.617 | INFO     | monitor:scan:325 - Nothing Changed
2026-07-28 19:59:06.617 | SUCCESS  | monitor:scan:331 - Scan Finished
2026-07-28 19:59:06.618 | INFO     | monitor:start:67 - Sleep 60 Seconds
2026-07-28 20:00:06.619 | INFO     | auth.login:ensure_login:354 - Checking Login...
2026-07-28 20:00:06.622 | SUCCESS  | auth.login:load_saved_token:192 - Saved Token Loaded
2026-07-28 20:00:06.623 | SUCCESS  | auth.login:ensure_login:362 - Using Saved Token
2026-07-28 20:00:06.624 | INFO     | monitor:scan:111 - Scanning Website...
2026-07-28 20:00:06.627 | INFO     | monitor:scan:125 - Loading Page 1
2026-07-28 20:00:06.628 | INFO     | api:get_files:60 - Loading Page 1
2026-07-28 20:00:10.361 | INFO     | api:get_file:84 - Loading File 126d5180-1adb-5053-88b0-c1571f3c5943
2026-07-28 20:00:10.769 | INFO     | monitor:scan:273 - Reached Old Files
2026-07-28 20:00:10.769 | INFO     | monitor:scan:303 - No New Serial
2026-07-28 20:00:10.769 | INFO     | monitor:scan:325 - Nothing Changed
2026-07-28 20:00:10.769 | SUCCESS  | monitor:scan:331 - Scan Finished
2026-07-28 20:00:10.770 | INFO     | monitor:start:67 - Sleep 60 Seconds
2026-07-28 20:01:10.770 | INFO     | auth.login:ensure_login:354 - Checking Login...
2026-07-28 20:01:10.773 | SUCCESS  | auth.login:load_saved_token:192 - Saved Token Loaded
2026-07-28 20:01:10.774 | SUCCESS  | auth.login:ensure_login:362 - Using Saved Token
2026-07-28 20:01:10.775 | INFO     | monitor:scan:111 - Scanning Website...
2026-07-28 20:01:10.777 | INFO     | monitor:scan:125 - Loading Page 1
2026-07-28 20:01:10.778 | INFO     | api:get_files:60 - Loading Page 1
2026-07-28 20:01:13.976 | INFO     | api:get_file:84 - Loading File 126d5180-1adb-5053-88b0-c1571f3c5943
2026-07-28 20:01:14.392 | INFO     | monitor:scan:273 - Reached Old Files
2026-07-28 20:01:14.392 | INFO     | monitor:scan:303 - No New Serial
2026-07-28 20:01:14.392 | INFO     | monitor:scan:325 - Nothing Changed
2026-07-28 20:01:14.392 | SUCCESS  | monitor:scan:331 - Scan Finished
2026-07-28 20:01:14.392 | INFO     | monitor:start:67 - Sleep 60 Seconds
2026-07-28 20:02:14.393 | INFO     | auth.login:ensure_login:354 - Checking Login...
2026-07-28 20:02:14.395 | SUCCESS  | auth.login:load_saved_token:192 - Saved Token Loaded
2026-07-28 20:02:14.398 | SUCCESS  | auth.login:ensure_login:362 - Using Saved Token
2026-07-28 20:02:14.400 | INFO     | monitor:scan:111 - Scanning Website...
2026-07-28 20:02:14.402 | INFO     | monitor:scan:125 - Loading Page 1
2026-07-28 20:02:14.403 | INFO     | api:get_files:60 - Loading Page 1
2026-07-28 20:02:16.149 | INFO     | api:get_file:84 - Loading File 126d5180-1adb-5053-88b0-c1571f3c5943
2026-07-28 20:02:16.375 | INFO     | monitor:scan:273 - Reached Old Files
2026-07-28 20:02:16.375 | INFO     | monitor:scan:303 - No New Serial
2026-07-28 20:02:16.376 | INFO     | monitor:scan:325 - Nothing Changed
2026-07-28 20:02:16.377 | SUCCESS  | monitor:scan:331 - Scan Finished
2026-07-28 20:02:16.377 | INFO     | monitor:start:67 - Sleep 60 Seconds
2026-07-28 20:03:16.377 | INFO     | auth.login:ensure_login:354 - Checking Login...
2026-07-28 20:03:16.380 | SUCCESS  | auth.login:load_saved_token:192 - Saved Token Loaded
2026-07-28 20:03:16.380 | SUCCESS  | auth.login:ensure_login:362 - Using Saved Token
2026-07-28 20:03:16.381 | INFO     | monitor:scan:111 - Scanning Website...
2026-07-28 20:03:16.382 | INFO     | monitor:scan:125 - Loading Page 1
2026-07-28 20:03:16.383 | INFO     | api:get_files:60 - Loading Page 1
2026-07-28 20:03:17.891 | INFO     | api:get_file:84 - Loading File 126d5180-1adb-5053-88b0-c1571f3c5943
2026-07-28 20:03:18.344 | INFO     | monitor:scan:273 - Reached Old Files
2026-07-28 20:03:18.344 | INFO     | monitor:scan:303 - No New Serial
2026-07-28 20:03:18.345 | INFO     | monitor:scan:325 - Nothing Changed
2026-07-28 20:03:18.346 | SUCCESS  | monitor:scan:331 - Scan Finished
2026-07-28 20:03:18.347 | INFO     | monitor:start:67 - Sleep 60 Seconds
2026-07-28 20:04:18.348 | INFO     | auth.login:ensure_login:354 - Checking Login...
2026-07-28 20:04:18.351 | SUCCESS  | auth.login:load_saved_token:192 - Saved Token Loaded
2026-07-28 20:04:18.352 | SUCCESS  | auth.login:ensure_login:362 - Using Saved Token
2026-07-28 20:04:18.352 | INFO     | monitor:scan:111 - Scanning Website...
2026-07-28 20:04:18.354 | INFO     | monitor:scan:125 - Loading Page 1
2026-07-28 20:04:18.355 | INFO     | api:get_files:60 - Loading Page 1
2026-07-28 20:04:21.574 | INFO     | api:get_file:84 - Loading File 126d5180-1adb-5053-88b0-c1571f3c5943
2026-07-28 20:04:21.793 | INFO     | monitor:scan:273 - Reached Old Files
2026-07-28 20:04:21.794 | INFO     | monitor:scan:303 - No New Serial
2026-07-28 20:04:21.794 | INFO     | monitor:scan:325 - Nothing Changed
2026-07-28 20:04:21.794 | SUCCESS  | monitor:scan:331 - Scan Finished
2026-07-28 20:04:21.794 | INFO     | monitor:start:67 - Sleep 60 Seconds
2026-07-28 20:05:21.796 | INFO     | auth.login:ensure_login:354 - Checking Login...
2026-07-28 20:05:21.801 | SUCCESS  | auth.login:load_saved_token:192 - Saved Token Loaded
2026-07-28 20:05:21.801 | SUCCESS  | auth.login:ensure_login:362 - Using Saved Token
2026-07-28 20:05:21.802 | INFO     | monitor:scan:111 - Scanning Website...
2026-07-28 20:05:21.802 | INFO     | monitor:scan:125 - Loading Page 1
2026-07-28 20:05:21.802 | INFO     | api:get_files:60 - Loading Page 1
2026-07-28 20:05:22.208 | WARNING  | auth.login:get:411 - Access Token Expired
2026-07-28 20:05:22.209 | INFO     | auth.login:login:262 - Logging in...
2026-07-28 20:05:22.672 | SUCCESS  | auth.login:save_token:242 - Token Saved
2026-07-28 20:05:22.672 | SUCCESS  | auth.login:login:340 - Login Successful
2026-07-28 20:05:24.589 | INFO     | api:get_file:84 - Loading File 126d5180-1adb-5053-88b0-c1571f3c5943
2026-07-28 20:05:24.813 | INFO     | monitor:scan:273 - Reached Old Files
2026-07-28 20:05:24.814 | INFO     | monitor:scan:303 - No New Serial
2026-07-28 20:05:24.815 | INFO     | monitor:scan:325 - Nothing Changed
2026-07-28 20:05:24.817 | SUCCESS  | monitor:scan:331 - Scan Finished
2026-07-28 20:05:24.821 | INFO     | monitor:start:67 - Sleep 60 Seconds
2026-07-28 20:06:24.821 | INFO     | auth.login:ensure_login:354 - Checking Login...
2026-07-28 20:06:24.829 | SUCCESS  | auth.login:load_saved_token:192 - Saved Token Loaded
2026-07-28 20:06:24.829 | SUCCESS  | auth.login:ensure_login:362 - Using Saved Token
2026-07-28 20:06:24.830 | INFO     | monitor:scan:111 - Scanning Website...
2026-07-28 20:06:24.830 | INFO     | monitor:scan:125 - Loading Page 1
2026-07-28 20:06:24.830 | INFO     | api:get_files:60 - Loading Page 1
2026-07-28 20:06:26.620 | INFO     | api:get_file:84 - Loading File 126d5180-1adb-5053-88b0-c1571f3c5943
2026-07-28 20:06:26.841 | INFO     | monitor:scan:273 - Reached Old Files
2026-07-28 20:06:26.841 | INFO     | monitor:scan:303 - No New Serial
2026-07-28 20:06:26.841 | INFO     | monitor:scan:325 - Nothing Changed
2026-07-28 20:06:26.841 | SUCCESS  | monitor:scan:331 - Scan Finished
2026-07-28 20:06:26.841 | INFO     | monitor:start:67 - Sleep 60 Seconds
2026-07-28 20:07:26.842 | INFO     | auth.login:ensure_login:354 - Checking Login...
2026-07-28 20:07:26.846 | SUCCESS  | auth.login:load_saved_token:192 - Saved Token Loaded
2026-07-28 20:07:26.848 | SUCCESS  | auth.login:ensure_login:362 - Using Saved Token
2026-07-28 20:07:26.849 | INFO     | monitor:scan:111 - Scanning Website...
2026-07-28 20:07:26.851 | INFO     | monitor:scan:125 - Loading Page 1
2026-07-28 20:07:26.852 | INFO     | api:get_files:60 - Loading Page 1
2026-07-28 20:07:29.877 | INFO     | api:get_file:84 - Loading File 126d5180-1adb-5053-88b0-c1571f3c5943
2026-07-28 20:07:30.099 | INFO     | monitor:scan:273 - Reached Old Files
2026-07-28 20:07:30.101 | INFO     | monitor:scan:303 - No New Serial
2026-07-28 20:07:30.102 | INFO     | monitor:scan:325 - Nothing Changed
2026-07-28 20:07:30.105 | SUCCESS  | monitor:scan:331 - Scan Finished
2026-07-28 20:07:30.106 | INFO     | monitor:start:67 - Sleep 60 Seconds
2026-07-28 20:08:30.108 | INFO     | auth.login:ensure_login:354 - Checking Login...
2026-07-28 20:08:30.109 | SUCCESS  | auth.login:load_saved_token:192 - Saved Token Loaded
2026-07-28 20:08:30.109 | SUCCESS  | auth.login:ensure_login:362 - Using Saved Token
2026-07-28 20:08:30.109 | INFO     | monitor:scan:111 - Scanning Website...
2026-07-28 20:08:30.110 | INFO     | monitor:scan:125 - Loading Page 1
2026-07-28 20:08:30.110 | INFO     | api:get_files:60 - Loading Page 1
2026-07-28 20:08:31.645 | INFO     | api:get_file:84 - Loading File 126d5180-1adb-5053-88b0-c1571f3c5943
2026-07-28 20:08:31.870 | INFO     | monitor:scan:273 - Reached Old Files
2026-07-28 20:08:31.870 | INFO     | monitor:scan:303 - No New Serial
2026-07-28 20:08:31.870 | INFO     | monitor:scan:325 - Nothing Changed
2026-07-28 20:08:31.871 | SUCCESS  | monitor:scan:331 - Scan Finished
2026-07-28 20:08:31.871 | INFO     | monitor:start:67 - Sleep 60 Seconds
2026-07-28 20:09:31.871 | INFO     | auth.login:ensure_login:354 - Checking Login...
2026-07-28 20:09:31.874 | SUCCESS  | auth.login:load_saved_token:192 - Saved Token Loaded
2026-07-28 20:09:31.875 | SUCCESS  | auth.login:ensure_login:362 - Using Saved Token
2026-07-28 20:09:31.875 | INFO     | monitor:scan:111 - Scanning Website...
2026-07-28 20:09:31.877 | INFO     | monitor:scan:125 - Loading Page 1
2026-07-28 20:09:31.878 | INFO     | api:get_files:60 - Loading Page 1
2026-07-28 20:09:33.467 | INFO     | api:get_file:84 - Loading File 126d5180-1adb-5053-88b0-c1571f3c5943
2026-07-28 20:09:33.698 | INFO     | monitor:scan:273 - Reached Old Files
2026-07-28 20:09:33.699 | INFO     | monitor:scan:303 - No New Serial
2026-07-28 20:09:33.702 | INFO     | monitor:scan:325 - Nothing Changed
2026-07-28 20:09:33.702 | SUCCESS  | monitor:scan:331 - Scan Finished
2026-07-28 20:09:33.704 | INFO     | monitor:start:67 - Sleep 60 Seconds
2026-07-28 20:10:33.704 | INFO     | auth.login:ensure_login:354 - Checking Login...
2026-07-28 20:10:33.709 | SUCCESS  | auth.login:load_saved_token:192 - Saved Token Loaded
2026-07-28 20:10:33.711 | SUCCESS  | auth.login:ensure_login:362 - Using Saved Token
2026-07-28 20:10:33.713 | INFO     | monitor:scan:111 - Scanning Website...
2026-07-28 20:10:33.715 | INFO     | monitor:scan:125 - Loading Page 1
2026-07-28 20:10:33.716 | INFO     | api:get_files:60 - Loading Page 1
2026-07-28 20:10:35.492 | INFO     | api:get_file:84 - Loading File 126d5180-1adb-5053-88b0-c1571f3c5943
2026-07-28 20:10:35.713 | INFO     | monitor:scan:273 - Reached Old Files
2026-07-28 20:10:35.713 | INFO     | monitor:scan:303 - No New Serial
2026-07-28 20:10:35.713 | INFO     | monitor:scan:325 - Nothing Changed
2026-07-28 20:10:35.713 | SUCCESS  | monitor:scan:331 - Scan Finished
2026-07-28 20:10:35.714 | INFO     | monitor:start:67 - Sleep 60 Seconds
2026-07-28 20:11:35.714 | INFO     | auth.login:ensure_login:354 - Checking Login...
2026-07-28 20:11:35.716 | SUCCESS  | auth.login:load_saved_token:192 - Saved Token Loaded
2026-07-28 20:11:35.716 | SUCCESS  | auth.login:ensure_login:362 - Using Saved Token
2026-07-28 20:11:35.717 | INFO     | monitor:scan:111 - Scanning Website...
2026-07-28 20:11:35.718 | INFO     | monitor:scan:125 - Loading Page 1
2026-07-28 20:11:35.718 | INFO     | api:get_files:60 - Loading Page 1
2026-07-28 20:11:38.808 | INFO     | api:get_file:84 - Loading File 126d5180-1adb-5053-88b0-c1571f3c5943
2026-07-28 20:11:39.046 | INFO     | monitor:scan:273 - Reached Old Files
2026-07-28 20:11:39.046 | INFO     | monitor:scan:303 - No New Serial
2026-07-28 20:11:39.046 | INFO     | monitor:scan:325 - Nothing Changed
2026-07-28 20:11:39.046 | SUCCESS  | monitor:scan:331 - Scan Finished
2026-07-28 20:11:39.047 | INFO     | monitor:start:67 - Sleep 60 Seconds
2026-07-28 20:12:39.048 | INFO     | auth.login:ensure_login:354 - Checking Login...
2026-07-28 20:12:39.050 | SUCCESS  | auth.login:load_saved_token:192 - Saved Token Loaded
2026-07-28 20:12:39.051 | SUCCESS  | auth.login:ensure_login:362 - Using Saved Token
2026-07-28 20:12:39.052 | INFO     | monitor:scan:111 - Scanning Website...
2026-07-28 20:12:39.053 | INFO     | monitor:scan:125 - Loading Page 1
2026-07-28 20:12:39.055 | INFO     | api:get_files:60 - Loading Page 1
2026-07-28 20:12:40.691 | INFO     | api:get_file:84 - Loading File 126d5180-1adb-5053-88b0-c1571f3c5943
2026-07-28 20:12:40.920 | INFO     | monitor:scan:273 - Reached Old Files
2026-07-28 20:12:40.920 | INFO     | monitor:scan:303 - No New Serial
2026-07-28 20:12:40.920 | INFO     | monitor:scan:325 - Nothing Changed
2026-07-28 20:12:40.920 | SUCCESS  | monitor:scan:331 - Scan Finished
2026-07-28 20:12:40.920 | INFO     | monitor:start:67 - Sleep 60 Seconds
2026-07-28 20:13:40.921 | INFO     | auth.login:ensure_login:354 - Checking Login...
2026-07-28 20:13:40.923 | SUCCESS  | auth.login:load_saved_token:192 - Saved Token Loaded
2026-07-28 20:13:40.925 | SUCCESS  | auth.login:ensure_login:362 - Using Saved Token
2026-07-28 20:13:40.926 | INFO     | monitor:scan:111 - Scanning Website...
2026-07-28 20:13:40.928 | INFO     | monitor:scan:125 - Loading Page 1
2026-07-28 20:13:40.928 | INFO     | api:get_files:60 - Loading Page 1
2026-07-28 20:13:44.468 | INFO     | api:get_file:84 - Loading File 126d5180-1adb-5053-88b0-c1571f3c5943
2026-07-28 20:13:44.884 | INFO     | monitor:scan:273 - Reached Old Files
2026-07-28 20:13:44.886 | INFO     | monitor:scan:303 - No New Serial
2026-07-28 20:13:44.887 | INFO     | monitor:scan:325 - Nothing Changed
2026-07-28 20:13:44.888 | SUCCESS  | monitor:scan:331 - Scan Finished
2026-07-28 20:13:44.889 | INFO     | monitor:start:67 - Sleep 60 Seconds
2026-07-28 20:14:44.891 | INFO     | auth.login:ensure_login:354 - Checking Login...
2026-07-28 20:14:44.895 | SUCCESS  | auth.login:load_saved_token:192 - Saved Token Loaded
2026-07-28 20:14:44.897 | SUCCESS  | auth.login:ensure_login:362 - Using Saved Token
2026-07-28 20:14:44.899 | INFO     | monitor:scan:111 - Scanning Website...
2026-07-28 20:14:44.902 | INFO     | monitor:scan:125 - Loading Page 1
2026-07-28 20:14:44.903 | INFO     | api:get_files:60 - Loading Page 1
2026-07-28 20:14:46.593 | INFO     | api:get_file:84 - Loading File 126d5180-1adb-5053-88b0-c1571f3c5943
2026-07-28 20:14:46.821 | INFO     | monitor:scan:273 - Reached Old Files
2026-07-28 20:14:46.821 | INFO     | monitor:scan:303 - No New Serial
2026-07-28 20:14:46.821 | INFO     | monitor:scan:325 - Nothing Changed
2026-07-28 20:14:46.822 | SUCCESS  | monitor:scan:331 - Scan Finished
2026-07-28 20:14:46.822 | INFO     | monitor:start:67 - Sleep 60 Seconds
2026-07-28 20:15:46.823 | INFO     | auth.login:ensure_login:354 - Checking Login...
2026-07-28 20:15:46.826 | SUCCESS  | auth.login:load_saved_token:192 - Saved Token Loaded
2026-07-28 20:15:46.827 | SUCCESS  | auth.login:ensure_login:362 - Using Saved Token
2026-07-28 20:15:46.828 | INFO     | monitor:scan:111 - Scanning Website...
2026-07-28 20:15:46.831 | INFO     | monitor:scan:125 - Loading Page 1
2026-07-28 20:15:46.832 | INFO     | api:get_files:60 - Loading Page 1
2026-07-28 20:15:47.272 | WARNING  | auth.login:get:411 - Access Token Expired
2026-07-28 20:15:47.272 | INFO     | auth.login:login:262 - Logging in...
2026-07-28 20:15:47.765 | SUCCESS  | auth.login:save_token:242 - Token Saved
2026-07-28 20:15:47.765 | SUCCESS  | auth.login:login:340 - Login Successful
2026-07-28 20:15:48.952 | INFO     | api:get_file:84 - Loading File 126d5180-1adb-5053-88b0-c1571f3c5943
2026-07-28 20:15:49.192 | INFO     | monitor:scan:273 - Reached Old Files
2026-07-28 20:15:49.193 | INFO     | monitor:scan:303 - No New Serial
2026-07-28 20:15:49.194 | INFO     | monitor:scan:325 - Nothing Changed
2026-07-28 20:15:49.194 | SUCCESS  | monitor:scan:331 - Scan Finished
2026-07-28 20:15:49.195 | INFO     | monitor:start:67 - Sleep 60 Seconds
2026-07-28 20:16:49.196 | INFO     | auth.login:ensure_login:354 - Checking Login...
2026-07-28 20:16:49.227 | SUCCESS  | auth.login:load_saved_token:192 - Saved Token Loaded
2026-07-28 20:16:49.227 | SUCCESS  | auth.login:ensure_login:362 - Using Saved Token
2026-07-28 20:16:49.227 | INFO     | monitor:scan:111 - Scanning Website...
2026-07-28 20:16:49.228 | INFO     | monitor:scan:125 - Loading Page 1
2026-07-28 20:16:49.228 | INFO     | api:get_files:60 - Loading Page 1
2026-07-28 20:16:50.797 | INFO     | api:get_file:84 - Loading File 126d5180-1adb-5053-88b0-c1571f3c5943
2026-07-28 20:16:51.040 | INFO     | monitor:scan:273 - Reached Old Files
2026-07-28 20:16:51.040 | INFO     | monitor:scan:303 - No New Serial
2026-07-28 20:16:51.040 | INFO     | monitor:scan:325 - Nothing Changed
2026-07-28 20:16:51.040 | SUCCESS  | monitor:scan:331 - Scan Finished
2026-07-28 20:16:51.041 | INFO     | monitor:start:67 - Sleep 60 Seconds
2026-07-28 20:17:51.041 | INFO     | auth.login:ensure_login:354 - Checking Login...
2026-07-28 20:17:51.042 | SUCCESS  | auth.login:load_saved_token:192 - Saved Token Loaded
2026-07-28 20:17:51.043 | SUCCESS  | auth.login:ensure_login:362 - Using Saved Token
2026-07-28 20:17:51.043 | INFO     | monitor:scan:111 - Scanning Website...
2026-07-28 20:17:51.044 | INFO     | monitor:scan:125 - Loading Page 1
2026-07-28 20:17:51.044 | INFO     | api:get_files:60 - Loading Page 1
2026-07-28 20:17:52.567 | INFO     | api:get_file:84 - Loading File 126d5180-1adb-5053-88b0-c1571f3c5943
2026-07-28 20:17:52.799 | INFO     | monitor:scan:273 - Reached Old Files
2026-07-28 20:17:52.799 | INFO     | monitor:scan:303 - No New Serial
2026-07-28 20:17:52.799 | INFO     | monitor:scan:325 - Nothing Changed
2026-07-28 20:17:52.800 | SUCCESS  | monitor:scan:331 - Scan Finished
2026-07-28 20:17:52.800 | INFO     | monitor:start:67 - Sleep 60 Seconds
2026-07-28 20:18:52.800 | INFO     | auth.login:ensure_login:354 - Checking Login...
2026-07-28 20:18:52.802 | SUCCESS  | auth.login:load_saved_token:192 - Saved Token Loaded
2026-07-28 20:18:52.803 | SUCCESS  | auth.login:ensure_login:362 - Using Saved Token
2026-07-28 20:18:52.804 | INFO     | monitor:scan:111 - Scanning Website...
2026-07-28 20:18:52.807 | INFO     | monitor:scan:125 - Loading Page 1
2026-07-28 20:18:52.808 | INFO     | api:get_files:60 - Loading Page 1
2026-07-28 20:18:56.080 | INFO     | api:get_file:84 - Loading File 126d5180-1adb-5053-88b0-c1571f3c5943
2026-07-28 20:18:56.315 | INFO     | monitor:scan:273 - Reached Old Files
2026-07-28 20:18:56.315 | INFO     | monitor:scan:303 - No New Serial
2026-07-28 20:18:56.316 | INFO     | monitor:scan:325 - Nothing Changed
2026-07-28 20:18:56.316 | SUCCESS  | monitor:scan:331 - Scan Finished
2026-07-28 20:18:56.316 | INFO     | monitor:start:67 - Sleep 60 Seconds
2026-07-28 20:19:56.317 | INFO     | auth.login:ensure_login:354 - Checking Login...
2026-07-28 20:19:56.317 | SUCCESS  | auth.login:load_saved_token:192 - Saved Token Loaded
2026-07-28 20:19:56.318 | SUCCESS  | auth.login:ensure_login:362 - Using Saved Token
2026-07-28 20:19:56.318 | INFO     | monitor:scan:111 - Scanning Website...
2026-07-28 20:19:56.318 | INFO     | monitor:scan:125 - Loading Page 1
2026-07-28 20:19:56.318 | INFO     | api:get_files:60 - Loading Page 1
2026-07-28 20:19:58.159 | INFO     | api:get_file:84 - Loading File 126d5180-1adb-5053-88b0-c1571f3c5943
2026-07-28 20:19:58.391 | INFO     | monitor:scan:273 - Reached Old Files
2026-07-28 20:19:58.392 | INFO     | monitor:scan:303 - No New Serial
2026-07-28 20:19:58.392 | INFO     | monitor:scan:325 - Nothing Changed
2026-07-28 20:19:58.392 | SUCCESS  | monitor:scan:331 - Scan Finished
2026-07-28 20:19:58.393 | INFO     | monitor:start:67 - Sleep 60 Seconds
2026-07-28 20:20:58.393 | INFO     | auth.login:ensure_login:354 - Checking Login...
2026-07-28 20:20:58.396 | SUCCESS  | auth.login:load_saved_token:192 - Saved Token Loaded
2026-07-28 20:20:58.397 | SUCCESS  | auth.login:ensure_login:362 - Using Saved Token
2026-07-28 20:20:58.398 | INFO     | monitor:scan:111 - Scanning Website...
2026-07-28 20:20:58.401 | INFO     | monitor:scan:125 - Loading Page 1
2026-07-28 20:20:58.403 | INFO     | api:get_files:60 - Loading Page 1
2026-07-28 20:20:59.880 | INFO     | api:get_file:84 - Loading File 126d5180-1adb-5053-88b0-c1571f3c5943
2026-07-28 20:21:00.104 | INFO     | monitor:scan:273 - Reached Old Files
2026-07-28 20:21:00.106 | INFO     | monitor:scan:303 - No New Serial
2026-07-28 20:21:00.108 | INFO     | monitor:scan:325 - Nothing Changed
2026-07-28 20:21:00.108 | SUCCESS  | monitor:scan:331 - Scan Finished
2026-07-28 20:21:00.108 | INFO     | monitor:start:67 - Sleep 60 Seconds
2026-07-28 20:22:00.110 | INFO     | auth.login:ensure_login:354 - Checking Login...
2026-07-28 20:22:00.114 | SUCCESS  | auth.login:load_saved_token:192 - Saved Token Loaded
2026-07-28 20:22:00.116 | SUCCESS  | auth.login:ensure_login:362 - Using Saved Token
2026-07-28 20:22:00.116 | INFO     | monitor:scan:111 - Scanning Website...
2026-07-28 20:22:00.119 | INFO     | monitor:scan:125 - Loading Page 1
2026-07-28 20:22:00.121 | INFO     | api:get_files:60 - Loading Page 1
2026-07-28 20:22:02.279 | INFO     | api:get_file:84 - Loading File 126d5180-1adb-5053-88b0-c1571f3c5943
2026-07-28 20:22:02.690 | INFO     | monitor:scan:273 - Reached Old Files
2026-07-28 20:22:02.691 | INFO     | monitor:scan:303 - No New Serial
2026-07-28 20:22:02.692 | INFO     | monitor:scan:325 - Nothing Changed
2026-07-28 20:22:02.693 | SUCCESS  | monitor:scan:331 - Scan Finished
2026-07-28 20:22:02.696 | INFO     | monitor:start:67 - Sleep 60 Seconds
2026-07-28 20:23:02.698 | INFO     | auth.login:ensure_login:354 - Checking Login...
2026-07-28 20:23:02.700 | SUCCESS  | auth.login:load_saved_token:192 - Saved Token Loaded
2026-07-28 20:23:02.701 | SUCCESS  | auth.login:ensure_login:362 - Using Saved Token
2026-07-28 20:23:02.702 | INFO     | monitor:scan:111 - Scanning Website...
2026-07-28 20:23:02.703 | INFO     | monitor:scan:125 - Loading Page 1
2026-07-28 20:23:02.703 | INFO     | api:get_files:60 - Loading Page 1
2026-07-28 20:23:04.432 | INFO     | api:get_file:84 - Loading File 126d5180-1adb-5053-88b0-c1571f3c5943
2026-07-28 20:23:04.670 | INFO     | monitor:scan:273 - Reached Old Files
2026-07-28 20:23:04.671 | INFO     | monitor:scan:303 - No New Serial
2026-07-28 20:23:04.672 | INFO     | monitor:scan:325 - Nothing Changed
2026-07-28 20:23:04.673 | SUCCESS  | monitor:scan:331 - Scan Finished
2026-07-28 20:23:04.674 | INFO     | monitor:start:67 - Sleep 60 Seconds
2026-07-28 20:24:04.676 | INFO     | auth.login:ensure_login:354 - Checking Login...
2026-07-28 20:24:04.677 | SUCCESS  | auth.login:load_saved_token:192 - Saved Token Loaded
2026-07-28 20:24:04.677 | SUCCESS  | auth.login:ensure_login:362 - Using Saved Token
2026-07-28 20:24:04.677 | INFO     | monitor:scan:111 - Scanning Website...
2026-07-28 20:24:04.678 | INFO     | monitor:scan:125 - Loading Page 1
2026-07-28 20:24:04.678 | INFO     | api:get_files:60 - Loading Page 1
2026-07-28 20:24:08.014 | INFO     | api:get_file:84 - Loading File 126d5180-1adb-5053-88b0-c1571f3c5943
2026-07-28 20:24:08.248 | INFO     | monitor:scan:273 - Reached Old Files
2026-07-28 20:24:08.248 | INFO     | monitor:scan:303 - No New Serial
2026-07-28 20:24:08.248 | INFO     | monitor:scan:325 - Nothing Changed
2026-07-28 20:24:08.248 | SUCCESS  | monitor:scan:331 - Scan Finished
2026-07-28 20:24:08.249 | INFO     | monitor:start:67 - Sleep 60 Seconds
2026-07-28 20:25:08.251 | INFO     | auth.login:ensure_login:354 - Checking Login...
2026-07-28 20:25:08.253 | SUCCESS  | auth.login:load_saved_token:192 - Saved Token Loaded
2026-07-28 20:25:08.254 | SUCCESS  | auth.login:ensure_login:362 - Using Saved Token
2026-07-28 20:25:08.255 | INFO     | monitor:scan:111 - Scanning Website...
2026-07-28 20:25:08.258 | INFO     | monitor:scan:125 - Loading Page 1
2026-07-28 20:25:08.259 | INFO     | api:get_files:60 - Loading Page 1
2026-07-28 20:25:09.764 | INFO     | api:get_file:84 - Loading File 126d5180-1adb-5053-88b0-c1571f3c5943
2026-07-28 20:25:09.994 | INFO     | monitor:scan:273 - Reached Old Files
2026-07-28 20:25:09.995 | INFO     | monitor:scan:303 - No New Serial
2026-07-28 20:25:09.996 | INFO     | monitor:scan:325 - Nothing Changed
2026-07-28 20:25:09.996 | SUCCESS  | monitor:scan:331 - Scan Finished
2026-07-28 20:25:09.997 | INFO     | monitor:start:67 - Sleep 60 Seconds
2026-07-28 20:26:09.999 | INFO     | auth.login:ensure_login:354 - Checking Login...
2026-07-28 20:26:10.000 | SUCCESS  | auth.login:load_saved_token:192 - Saved Token Loaded
2026-07-28 20:26:10.000 | SUCCESS  | auth.login:ensure_login:362 - Using Saved Token
2026-07-28 20:26:10.000 | INFO     | monitor:scan:111 - Scanning Website...
2026-07-28 20:26:10.001 | INFO     | monitor:scan:125 - Loading Page 1
2026-07-28 20:26:10.001 | INFO     | api:get_files:60 - Loading Page 1
2026-07-28 20:26:10.427 | WARNING  | auth.login:get:411 - Access Token Expired
2026-07-28 20:26:10.427 | INFO     | auth.login:login:262 - Logging in...
2026-07-28 20:26:10.905 | SUCCESS  | auth.login:save_token:242 - Token Saved
2026-07-28 20:26:10.906 | SUCCESS  | auth.login:login:340 - Login Successful
2026-07-28 20:26:12.273 | INFO     | api:get_file:84 - Loading File 126d5180-1adb-5053-88b0-c1571f3c5943
2026-07-28 20:26:12.504 | INFO     | monitor:scan:273 - Reached Old Files
2026-07-28 20:26:12.504 | INFO     | monitor:scan:303 - No New Serial
2026-07-28 20:26:12.504 | INFO     | monitor:scan:325 - Nothing Changed
2026-07-28 20:26:12.504 | SUCCESS  | monitor:scan:331 - Scan Finished
2026-07-28 20:26:12.505 | INFO     | monitor:start:67 - Sleep 60 Seconds
2026-07-28 20:27:12.505 | INFO     | auth.login:ensure_login:354 - Checking Login...
2026-07-28 20:27:12.527 | SUCCESS  | auth.login:load_saved_token:192 - Saved Token Loaded
2026-07-28 20:27:12.527 | SUCCESS  | auth.login:ensure_login:362 - Using Saved Token
2026-07-28 20:27:12.527 | INFO     | monitor:scan:111 - Scanning Website...
2026-07-28 20:27:12.528 | INFO     | monitor:scan:125 - Loading Page 1
2026-07-28 20:27:12.528 | INFO     | api:get_files:60 - Loading Page 1
2026-07-28 20:27:14.057 | INFO     | api:get_file:84 - Loading File 126d5180-1adb-5053-88b0-c1571f3c5943
2026-07-28 20:27:14.281 | INFO     | monitor:scan:273 - Reached Old Files
2026-07-28 20:27:14.282 | INFO     | monitor:scan:303 - No New Serial
2026-07-28 20:27:14.283 | INFO     | monitor:scan:325 - Nothing Changed
2026-07-28 20:27:14.283 | SUCCESS  | monitor:scan:331 - Scan Finished
2026-07-28 20:27:14.284 | INFO     | monitor:start:67 - Sleep 60 Seconds
2026-07-28 20:28:14.286 | INFO     | auth.login:ensure_login:354 - Checking Login...
2026-07-28 20:28:14.289 | SUCCESS  | auth.login:load_saved_token:192 - Saved Token Loaded
2026-07-28 20:28:14.290 | SUCCESS  | auth.login:ensure_login:362 - Using Saved Token
2026-07-28 20:28:14.292 | INFO     | monitor:scan:111 - Scanning Website...
2026-07-28 20:28:14.294 | INFO     | monitor:scan:125 - Loading Page 1
2026-07-28 20:28:14.295 | INFO     | api:get_files:60 - Loading Page 1
2026-07-28 20:28:15.806 | INFO     | api:get_file:84 - Loading File 126d5180-1adb-5053-88b0-c1571f3c5943
2026-07-28 20:28:16.067 | INFO     | monitor:scan:273 - Reached Old Files
2026-07-28 20:28:16.067 | INFO     | monitor:scan:303 - No New Serial
2026-07-28 20:28:16.067 | INFO     | monitor:scan:325 - Nothing Changed
2026-07-28 20:28:16.068 | SUCCESS  | monitor:scan:331 - Scan Finished
2026-07-28 20:28:16.068 | INFO     | monitor:start:67 - Sleep 60 Seconds
2026-07-28 20:29:16.069 | INFO     | auth.login:ensure_login:354 - Checking Login...
2026-07-28 20:29:16.071 | SUCCESS  | auth.login:load_saved_token:192 - Saved Token Loaded
2026-07-28 20:29:16.072 | SUCCESS  | auth.login:ensure_login:362 - Using Saved Token
2026-07-28 20:29:16.072 | INFO     | monitor:scan:111 - Scanning Website...
2026-07-28 20:29:16.073 | INFO     | monitor:scan:125 - Loading Page 1
2026-07-28 20:29:16.074 | INFO     | api:get_files:60 - Loading Page 1
2026-07-28 20:29:17.716 | INFO     | api:get_file:84 - Loading File 126d5180-1adb-5053-88b0-c1571f3c5943
2026-07-28 20:29:17.940 | INFO     | monitor:scan:273 - Reached Old Files
2026-07-28 20:29:17.941 | INFO     | monitor:scan:303 - No New Serial
2026-07-28 20:29:17.942 | INFO     | monitor:scan:325 - Nothing Changed
2026-07-28 20:29:17.943 | SUCCESS  | monitor:scan:331 - Scan Finished
2026-07-28 20:29:17.944 | INFO     | monitor:start:67 - Sleep 60 Seconds
2026-07-28 20:30:17.945 | INFO     | auth.login:ensure_login:354 - Checking Login...
2026-07-28 20:30:17.948 | SUCCESS  | auth.login:load_saved_token:192 - Saved Token Loaded
2026-07-28 20:30:17.949 | SUCCESS  | auth.login:ensure_login:362 - Using Saved Token
2026-07-28 20:30:17.950 | INFO     | monitor:scan:111 - Scanning Website...
2026-07-28 20:30:17.950 | INFO     | monitor:scan:125 - Loading Page 1
2026-07-28 20:30:17.951 | INFO     | api:get_files:60 - Loading Page 1
2026-07-28 20:30:19.463 | INFO     | api:get_file:84 - Loading File 126d5180-1adb-5053-88b0-c1571f3c5943
2026-07-28 20:30:19.690 | INFO     | monitor:scan:273 - Reached Old Files
2026-07-28 20:30:19.691 | INFO     | monitor:scan:303 - No New Serial
2026-07-28 20:30:19.692 | INFO     | monitor:scan:325 - Nothing Changed
2026-07-28 20:30:19.693 | SUCCESS  | monitor:scan:331 - Scan Finished
2026-07-28 20:30:19.695 | INFO     | monitor:start:67 - Sleep 60 Seconds
2026-07-28 20:31:19.696 | INFO     | auth.login:ensure_login:354 - Checking Login...
2026-07-28 20:31:19.696 | SUCCESS  | auth.login:load_saved_token:192 - Saved Token Loaded
2026-07-28 20:31:19.697 | SUCCESS  | auth.login:ensure_login:362 - Using Saved Token
2026-07-28 20:31:19.697 | INFO     | monitor:scan:111 - Scanning Website...
2026-07-28 20:31:19.697 | INFO     | monitor:scan:125 - Loading Page 1
2026-07-28 20:31:19.697 | INFO     | api:get_files:60 - Loading Page 1
2026-07-28 20:31:21.254 | INFO     | api:get_file:84 - Loading File 126d5180-1adb-5053-88b0-c1571f3c5943
2026-07-28 20:31:21.483 | INFO     | monitor:scan:273 - Reached Old Files
2026-07-28 20:31:21.483 | INFO     | monitor:scan:303 - No New Serial
2026-07-28 20:31:21.483 | INFO     | monitor:scan:325 - Nothing Changed
2026-07-28 20:31:21.483 | SUCCESS  | monitor:scan:331 - Scan Finished
2026-07-28 20:31:21.483 | INFO     | monitor:start:67 - Sleep 60 Seconds
2026-07-28 20:32:21.484 | INFO     | auth.login:ensure_login:354 - Checking Login...
2026-07-28 20:32:21.484 | SUCCESS  | auth.login:load_saved_token:192 - Saved Token Loaded
2026-07-28 20:32:21.484 | SUCCESS  | auth.login:ensure_login:362 - Using Saved Token
2026-07-28 20:32:21.485 | INFO     | monitor:scan:111 - Scanning Website...
2026-07-28 20:32:21.486 | INFO     | monitor:scan:125 - Loading Page 1
2026-07-28 20:32:21.486 | INFO     | api:get_files:60 - Loading Page 1
2026-07-28 20:32:22.948 | INFO     | api:get_file:84 - Loading File 126d5180-1adb-5053-88b0-c1571f3c5943
2026-07-28 20:32:23.179 | INFO     | monitor:scan:273 - Reached Old Files
2026-07-28 20:32:23.181 | INFO     | monitor:scan:303 - No New Serial
2026-07-28 20:32:23.182 | INFO     | monitor:scan:325 - Nothing Changed
2026-07-28 20:32:23.187 | SUCCESS  | monitor:scan:331 - Scan Finished
2026-07-28 20:32:23.188 | INFO     | monitor:start:67 - Sleep 60 Seconds
2026-07-28 20:33:23.189 | INFO     | auth.login:ensure_login:354 - Checking Login...
2026-07-28 20:33:23.193 | SUCCESS  | auth.login:load_saved_token:192 - Saved Token Loaded
2026-07-28 20:33:23.194 | SUCCESS  | auth.login:ensure_login:362 - Using Saved Token
2026-07-28 20:33:23.195 | INFO     | monitor:scan:111 - Scanning Website...
2026-07-28 20:33:23.198 | INFO     | monitor:scan:125 - Loading Page 1
2026-07-28 20:33:23.198 | INFO     | api:get_files:60 - Loading Page 1
2026-07-28 20:33:24.823 | INFO     | api:get_file:84 - Loading File 126d5180-1adb-5053-88b0-c1571f3c5943
2026-07-28 20:33:25.054 | INFO     | monitor:scan:273 - Reached Old Files
2026-07-28 20:33:25.054 | INFO     | monitor:scan:303 - No New Serial
2026-07-28 20:33:25.054 | INFO     | monitor:scan:325 - Nothing Changed
2026-07-28 20:33:25.054 | SUCCESS  | monitor:scan:331 - Scan Finished
2026-07-28 20:33:25.055 | INFO     | monitor:start:67 - Sleep 60 Seconds
2026-07-28 20:34:25.055 | INFO     | auth.login:ensure_login:354 - Checking Login...
2026-07-28 20:34:25.057 | SUCCESS  | auth.login:load_saved_token:192 - Saved Token Loaded
2026-07-28 20:34:25.057 | SUCCESS  | auth.login:ensure_login:362 - Using Saved Token
2026-07-28 20:34:25.057 | INFO     | monitor:scan:111 - Scanning Website...
2026-07-28 20:34:25.059 | INFO     | monitor:scan:125 - Loading Page 1
2026-07-28 20:34:25.059 | INFO     | api:get_files:60 - Loading Page 1
2026-07-28 20:34:27.029 | INFO     | api:get_file:84 - Loading File 126d5180-1adb-5053-88b0-c1571f3c5943
2026-07-28 20:34:27.250 | INFO     | monitor:scan:273 - Reached Old Files
2026-07-28 20:34:27.251 | INFO     | monitor:scan:303 - No New Serial
2026-07-28 20:34:27.252 | INFO     | monitor:scan:325 - Nothing Changed
2026-07-28 20:34:27.252 | SUCCESS  | monitor:scan:331 - Scan Finished
2026-07-28 20:34:27.253 | INFO     | monitor:start:67 - Sleep 60 Seconds
2026-07-28 20:35:27.254 | INFO     | auth.login:ensure_login:354 - Checking Login...
2026-07-28 20:35:27.257 | SUCCESS  | auth.login:load_saved_token:192 - Saved Token Loaded
2026-07-28 20:35:27.259 | SUCCESS  | auth.login:ensure_login:362 - Using Saved Token
2026-07-28 20:35:27.259 | INFO     | monitor:scan:111 - Scanning Website...
2026-07-28 20:35:27.262 | INFO     | monitor:scan:125 - Loading Page 1
2026-07-28 20:35:27.264 | INFO     | api:get_files:60 - Loading Page 1
2026-07-28 20:35:30.211 | INFO     | api:get_file:84 - Loading File 126d5180-1adb-5053-88b0-c1571f3c5943
2026-07-28 20:35:30.438 | INFO     | monitor:scan:273 - Reached Old Files
2026-07-28 20:35:30.439 | INFO     | monitor:scan:303 - No New Serial
2026-07-28 20:35:30.440 | INFO     | monitor:scan:325 - Nothing Changed
2026-07-28 20:35:30.440 | SUCCESS  | monitor:scan:331 - Scan Finished
2026-07-28 20:35:30.440 | INFO     | monitor:start:67 - Sleep 60 Seconds
2026-07-28 20:36:30.441 | INFO     | auth.login:ensure_login:354 - Checking Login...
2026-07-28 20:36:30.443 | SUCCESS  | auth.login:load_saved_token:192 - Saved Token Loaded
2026-07-28 20:36:30.443 | SUCCESS  | auth.login:ensure_login:362 - Using Saved Token
2026-07-28 20:36:30.444 | INFO     | monitor:scan:111 - Scanning Website...
2026-07-28 20:36:30.445 | INFO     | monitor:scan:125 - Loading Page 1
2026-07-28 20:36:30.446 | INFO     | api:get_files:60 - Loading Page 1
2026-07-28 20:36:30.872 | WARNING  | auth.login:get:411 - Access Token Expired
2026-07-28 20:36:30.872 | INFO     | auth.login:login:262 - Logging in...
2026-07-28 20:36:31.374 | SUCCESS  | auth.login:save_token:242 - Token Saved
2026-07-28 20:36:31.374 | SUCCESS  | auth.login:login:340 - Login Successful
2026-07-28 20:36:33.023 | INFO     | api:get_file:84 - Loading File 126d5180-1adb-5053-88b0-c1571f3c5943
2026-07-28 20:36:33.251 | INFO     | monitor:scan:273 - Reached Old Files
2026-07-28 20:36:33.252 | INFO     | monitor:scan:303 - No New Serial
2026-07-28 20:36:33.253 | INFO     | monitor:scan:325 - Nothing Changed
2026-07-28 20:36:33.255 | SUCCESS  | monitor:scan:331 - Scan Finished
2026-07-28 20:36:33.258 | INFO     | monitor:start:67 - Sleep 60 Seconds
2026-07-28 20:37:33.259 | INFO     | auth.login:ensure_login:354 - Checking Login...
2026-07-28 20:37:33.281 | SUCCESS  | auth.login:load_saved_token:192 - Saved Token Loaded
2026-07-28 20:37:33.282 | SUCCESS  | auth.login:ensure_login:362 - Using Saved Token
2026-07-28 20:37:33.282 | INFO     | monitor:scan:111 - Scanning Website...
2026-07-28 20:37:33.283 | INFO     | monitor:scan:125 - Loading Page 1
2026-07-28 20:37:33.283 | INFO     | api:get_files:60 - Loading Page 1
2026-07-28 20:37:35.263 | INFO     | api:get_file:84 - Loading File 126d5180-1adb-5053-88b0-c1571f3c5943
2026-07-28 20:37:35.486 | INFO     | monitor:scan:273 - Reached Old Files
2026-07-28 20:37:35.487 | INFO     | monitor:scan:303 - No New Serial
2026-07-28 20:37:35.489 | INFO     | monitor:scan:325 - Nothing Changed
2026-07-28 20:37:35.489 | SUCCESS  | monitor:scan:331 - Scan Finished
2026-07-28 20:37:35.491 | INFO     | monitor:start:67 - Sleep 60 Seconds
2026-07-28 20:38:35.492 | INFO     | auth.login:ensure_login:354 - Checking Login...
2026-07-28 20:38:35.493 | SUCCESS  | auth.login:load_saved_token:192 - Saved Token Loaded
2026-07-28 20:38:35.493 | SUCCESS  | auth.login:ensure_login:362 - Using Saved Token
2026-07-28 20:38:35.493 | INFO     | monitor:scan:111 - Scanning Website...
2026-07-28 20:38:35.494 | INFO     | monitor:scan:125 - Loading Page 1
2026-07-28 20:38:35.494 | INFO     | api:get_files:60 - Loading Page 1
2026-07-28 20:38:37.080 | INFO     | api:get_file:84 - Loading File 126d5180-1adb-5053-88b0-c1571f3c5943
2026-07-28 20:38:37.313 | INFO     | monitor:scan:273 - Reached Old Files
2026-07-28 20:38:37.314 | INFO     | monitor:scan:303 - No New Serial
2026-07-28 20:38:37.314 | INFO     | monitor:scan:325 - Nothing Changed
2026-07-28 20:38:37.315 | SUCCESS  | monitor:scan:331 - Scan Finished
2026-07-28 20:38:37.315 | INFO     | monitor:start:67 - Sleep 60 Seconds
2026-07-28 20:39:37.316 | INFO     | auth.login:ensure_login:354 - Checking Login...
2026-07-28 20:39:37.318 | SUCCESS  | auth.login:load_saved_token:192 - Saved Token Loaded
2026-07-28 20:39:37.319 | SUCCESS  | auth.login:ensure_login:362 - Using Saved Token
2026-07-28 20:39:37.319 | INFO     | monitor:scan:111 - Scanning Website...
2026-07-28 20:39:37.321 | INFO     | monitor:scan:125 - Loading Page 1
2026-07-28 20:39:37.322 | INFO     | api:get_files:60 - Loading Page 1
2026-07-28 20:39:40.157 | INFO     | api:get_file:84 - Loading File 126d5180-1adb-5053-88b0-c1571f3c5943
2026-07-28 20:39:40.389 | INFO     | monitor:scan:273 - Reached Old Files
2026-07-28 20:39:40.389 | INFO     | monitor:scan:303 - No New Serial
2026-07-28 20:39:40.389 | INFO     | monitor:scan:325 - Nothing Changed
2026-07-28 20:39:40.389 | SUCCESS  | monitor:scan:331 - Scan Finished
2026-07-28 20:39:40.390 | INFO     | monitor:start:67 - Sleep 60 Seconds
2026-07-28 20:40:40.390 | INFO     | auth.login:ensure_login:354 - Checking Login...
2026-07-28 20:40:40.391 | SUCCESS  | auth.login:load_saved_token:192 - Saved Token Loaded
2026-07-28 20:40:40.391 | SUCCESS  | auth.login:ensure_login:362 - Using Saved Token
2026-07-28 20:40:40.391 | INFO     | monitor:scan:111 - Scanning Website...
2026-07-28 20:40:40.392 | INFO     | monitor:scan:125 - Loading Page 1
2026-07-28 20:40:40.392 | INFO     | api:get_files:60 - Loading Page 1
2026-07-28 20:40:41.933 | INFO     | api:get_file:84 - Loading File 126d5180-1adb-5053-88b0-c1571f3c5943
2026-07-28 20:40:42.167 | INFO     | monitor:scan:273 - Reached Old Files
2026-07-28 20:40:42.168 | INFO     | monitor:scan:303 - No New Serial
2026-07-28 20:40:42.169 | INFO     | monitor:scan:325 - Nothing Changed
2026-07-28 20:40:42.170 | SUCCESS  | monitor:scan:331 - Scan Finished
2026-07-28 20:40:42.170 | INFO     | monitor:start:67 - Sleep 60 Seconds
2026-07-28 20:41:42.171 | INFO     | auth.login:ensure_login:354 - Checking Login...
2026-07-28 20:41:42.172 | SUCCESS  | auth.login:load_saved_token:192 - Saved Token Loaded
2026-07-28 20:41:42.173 | SUCCESS  | auth.login:ensure_login:362 - Using Saved Token
2026-07-28 20:41:42.173 | INFO     | monitor:scan:111 - Scanning Website...
2026-07-28 20:41:42.174 | INFO     | monitor:scan:125 - Loading Page 1
2026-07-28 20:41:42.174 | INFO     | api:get_files:60 - Loading Page 1
2026-07-28 20:41:44.954 | INFO     | api:get_file:84 - Loading File 126d5180-1adb-5053-88b0-c1571f3c5943
2026-07-28 20:41:45.187 | INFO     | monitor:scan:273 - Reached Old Files
2026-07-28 20:41:45.188 | INFO     | monitor:scan:303 - No New Serial
2026-07-28 20:41:45.189 | INFO     | monitor:scan:325 - Nothing Changed
2026-07-28 20:41:45.189 | SUCCESS  | monitor:scan:331 - Scan Finished
2026-07-28 20:41:45.190 | INFO     | monitor:start:67 - Sleep 60 Seconds
2026-07-28 20:42:45.191 | INFO     | auth.login:ensure_login:354 - Checking Login...
2026-07-28 20:42:45.192 | SUCCESS  | auth.login:load_saved_token:192 - Saved Token Loaded
2026-07-28 20:42:45.192 | SUCCESS  | auth.login:ensure_login:362 - Using Saved Token
2026-07-28 20:42:45.192 | INFO     | monitor:scan:111 - Scanning Website...
2026-07-28 20:42:45.192 | INFO     | monitor:scan:125 - Loading Page 1
2026-07-28 20:42:45.192 | INFO     | api:get_files:60 - Loading Page 1
2026-07-28 20:42:46.874 | INFO     | api:get_file:84 - Loading File 126d5180-1adb-5053-88b0-c1571f3c5943
2026-07-28 20:42:47.293 | INFO     | monitor:scan:273 - Reached Old Files
2026-07-28 20:42:47.294 | INFO     | monitor:scan:303 - No New Serial
2026-07-28 20:42:47.295 | INFO     | monitor:scan:325 - Nothing Changed
2026-07-28 20:42:47.296 | SUCCESS  | monitor:scan:331 - Scan Finished
2026-07-28 20:42:47.296 | INFO     | monitor:start:67 - Sleep 60 Seconds
2026-07-28 20:43:47.297 | INFO     | auth.login:ensure_login:354 - Checking Login...
2026-07-28 20:43:47.298 | SUCCESS  | auth.login:load_saved_token:192 - Saved Token Loaded
2026-07-28 20:43:47.299 | SUCCESS  | auth.login:ensure_login:362 - Using Saved Token
2026-07-28 20:43:47.299 | INFO     | monitor:scan:111 - Scanning Website...
2026-07-28 20:43:47.299 | INFO     | monitor:scan:125 - Loading Page 1
2026-07-28 20:43:47.299 | INFO     | api:get_files:60 - Loading Page 1
2026-07-28 20:43:49.077 | INFO     | api:get_file:84 - Loading File 126d5180-1adb-5053-88b0-c1571f3c5943
2026-07-28 20:43:49.298 | INFO     | monitor:scan:273 - Reached Old Files
2026-07-28 20:43:49.299 | INFO     | monitor:scan:303 - No New Serial
2026-07-28 20:43:49.300 | INFO     | monitor:scan:325 - Nothing Changed
2026-07-28 20:43:49.301 | SUCCESS  | monitor:scan:331 - Scan Finished
2026-07-28 20:43:49.302 | INFO     | monitor:start:67 - Sleep 60 Seconds
2026-07-28 20:44:49.305 | INFO     | auth.login:ensure_login:354 - Checking Login...
2026-07-28 20:44:49.308 | SUCCESS  | auth.login:load_saved_token:192 - Saved Token Loaded
2026-07-28 20:44:49.309 | SUCCESS  | auth.login:ensure_login:362 - Using Saved Token
2026-07-28 20:44:49.312 | INFO     | monitor:scan:111 - Scanning Website...
2026-07-28 20:44:49.314 | INFO     | monitor:scan:125 - Loading Page 1
2026-07-28 20:44:49.315 | INFO     | api:get_files:60 - Loading Page 1
2026-07-28 20:44:50.998 | INFO     | api:get_file:84 - Loading File 126d5180-1adb-5053-88b0-c1571f3c5943
2026-07-28 20:44:51.229 | INFO     | monitor:scan:273 - Reached Old Files
2026-07-28 20:44:51.229 | INFO     | monitor:scan:303 - No New Serial
2026-07-28 20:44:51.229 | INFO     | monitor:scan:325 - Nothing Changed
2026-07-28 20:44:51.230 | SUCCESS  | monitor:scan:331 - Scan Finished
2026-07-28 20:44:51.230 | INFO     | monitor:start:67 - Sleep 60 Seconds
2026-07-28 20:45:51.230 | INFO     | auth.login:ensure_login:354 - Checking Login...
2026-07-28 20:45:51.234 | SUCCESS  | auth.login:load_saved_token:192 - Saved Token Loaded
2026-07-28 20:45:51.236 | SUCCESS  | auth.login:ensure_login:362 - Using Saved Token
2026-07-28 20:45:51.237 | INFO     | monitor:scan:111 - Scanning Website...
2026-07-28 20:45:51.239 | INFO     | monitor:scan:125 - Loading Page 1
2026-07-28 20:45:51.239 | INFO     | api:get_files:60 - Loading Page 1
2026-07-28 20:45:52.784 | INFO     | api:get_file:84 - Loading File 126d5180-1adb-5053-88b0-c1571f3c5943
2026-07-28 20:45:53.013 | INFO     | monitor:scan:273 - Reached Old Files
2026-07-28 20:45:53.014 | INFO     | monitor:scan:303 - No New Serial
2026-07-28 20:45:53.014 | INFO     | monitor:scan:325 - Nothing Changed
2026-07-28 20:45:53.015 | SUCCESS  | monitor:scan:331 - Scan Finished
2026-07-28 20:45:53.016 | INFO     | monitor:start:67 - Sleep 60 Seconds
2026-07-28 20:46:53.017 | INFO     | auth.login:ensure_login:354 - Checking Login...
2026-07-28 20:46:53.019 | SUCCESS  | auth.login:load_saved_token:192 - Saved Token Loaded
2026-07-28 20:46:53.020 | SUCCESS  | auth.login:ensure_login:362 - Using Saved Token
2026-07-28 20:46:53.020 | INFO     | monitor:scan:111 - Scanning Website...
2026-07-28 20:46:53.024 | INFO     | monitor:scan:125 - Loading Page 1
2026-07-28 20:46:53.026 | INFO     | api:get_files:60 - Loading Page 1
2026-07-28 20:46:53.508 | WARNING  | auth.login:get:411 - Access Token Expired
2026-07-28 20:46:53.509 | INFO     | auth.login:login:262 - Logging in...
2026-07-28 20:46:53.917 | SUCCESS  | auth.login:save_token:242 - Token Saved
2026-07-28 20:46:53.918 | SUCCESS  | auth.login:login:340 - Login Successful
2026-07-28 20:46:55.450 | INFO     | api:get_file:84 - Loading File 126d5180-1adb-5053-88b0-c1571f3c5943
2026-07-28 20:46:55.682 | INFO     | monitor:scan:273 - Reached Old Files
2026-07-28 20:46:55.683 | INFO     | monitor:scan:303 - No New Serial
2026-07-28 20:46:55.684 | INFO     | monitor:scan:325 - Nothing Changed
2026-07-28 20:46:55.685 | SUCCESS  | monitor:scan:331 - Scan Finished
2026-07-28 20:46:55.686 | INFO     | monitor:start:67 - Sleep 60 Seconds
2026-07-28 20:47:55.687 | INFO     | auth.login:ensure_login:354 - Checking Login...
2026-07-28 20:47:55.696 | SUCCESS  | auth.login:load_saved_token:192 - Saved Token Loaded
2026-07-28 20:47:55.697 | SUCCESS  | auth.login:ensure_login:362 - Using Saved Token
2026-07-28 20:47:55.697 | INFO     | monitor:scan:111 - Scanning Website...
2026-07-28 20:47:55.698 | INFO     | monitor:scan:125 - Loading Page 1
2026-07-28 20:47:55.698 | INFO     | api:get_files:60 - Loading Page 1
2026-07-28 20:47:57.600 | INFO     | api:get_file:84 - Loading File 126d5180-1adb-5053-88b0-c1571f3c5943
2026-07-28 20:47:58.008 | INFO     | monitor:scan:273 - Reached Old Files
2026-07-28 20:47:58.009 | INFO     | monitor:scan:303 - No New Serial
2026-07-28 20:47:58.009 | INFO     | monitor:scan:325 - Nothing Changed
2026-07-28 20:47:58.009 | SUCCESS  | monitor:scan:331 - Scan Finished
2026-07-28 20:47:58.009 | INFO     | monitor:start:67 - Sleep 60 Seconds
2026-07-28 20:48:58.010 | INFO     | auth.login:ensure_login:354 - Checking Login...
2026-07-28 20:48:58.013 | SUCCESS  | auth.login:load_saved_token:192 - Saved Token Loaded
2026-07-28 20:48:58.014 | SUCCESS  | auth.login:ensure_login:362 - Using Saved Token
2026-07-28 20:48:58.015 | INFO     | monitor:scan:111 - Scanning Website...
2026-07-28 20:48:58.019 | INFO     | monitor:scan:125 - Loading Page 1
2026-07-28 20:48:58.020 | INFO     | api:get_files:60 - Loading Page 1
2026-07-28 20:49:01.293 | INFO     | api:get_file:84 - Loading File 126d5180-1adb-5053-88b0-c1571f3c5943
2026-07-28 20:49:01.708 | INFO     | monitor:scan:273 - Reached Old Files
2026-07-28 20:49:01.708 | INFO     | monitor:scan:303 - No New Serial
2026-07-28 20:49:01.709 | INFO     | monitor:scan:325 - Nothing Changed
2026-07-28 20:49:01.709 | SUCCESS  | monitor:scan:331 - Scan Finished
2026-07-28 20:49:01.709 | INFO     | monitor:start:67 - Sleep 60 Seconds
2026-07-28 20:50:01.710 | INFO     | auth.login:ensure_login:354 - Checking Login...
2026-07-28 20:50:01.710 | SUCCESS  | auth.login:load_saved_token:192 - Saved Token Loaded
2026-07-28 20:50:01.711 | SUCCESS  | auth.login:ensure_login:362 - Using Saved Token
2026-07-28 20:50:01.711 | INFO     | monitor:scan:111 - Scanning Website...
2026-07-28 20:50:01.711 | INFO     | monitor:scan:125 - Loading Page 1
2026-07-28 20:50:01.712 | INFO     | api:get_files:60 - Loading Page 1
2026-07-28 20:50:05.122 | INFO     | api:get_file:84 - Loading File 126d5180-1adb-5053-88b0-c1571f3c5943
2026-07-28 20:50:05.356 | INFO     | monitor:scan:273 - Reached Old Files
2026-07-28 20:50:05.357 | INFO     | monitor:scan:303 - No New Serial
2026-07-28 20:50:05.358 | INFO     | monitor:scan:325 - Nothing Changed
2026-07-28 20:50:05.360 | SUCCESS  | monitor:scan:331 - Scan Finished
2026-07-28 20:50:05.361 | INFO     | monitor:start:67 - Sleep 60 Seconds
2026-07-28 20:51:05.362 | INFO     | auth.login:ensure_login:354 - Checking Login...
2026-07-28 20:51:05.364 | SUCCESS  | auth.login:load_saved_token:192 - Saved Token Loaded
2026-07-28 20:51:05.364 | SUCCESS  | auth.login:ensure_login:362 - Using Saved Token
2026-07-28 20:51:05.364 | INFO     | monitor:scan:111 - Scanning Website...
2026-07-28 20:51:05.366 | INFO     | monitor:scan:125 - Loading Page 1
2026-07-28 20:51:05.366 | INFO     | api:get_files:60 - Loading Page 1
2026-07-28 20:51:06.893 | INFO     | api:get_file:84 - Loading File 126d5180-1adb-5053-88b0-c1571f3c5943
2026-07-28 20:51:07.096 | INFO     | monitor:scan:273 - Reached Old Files
2026-07-28 20:51:07.096 | INFO     | monitor:scan:303 - No New Serial
2026-07-28 20:51:07.096 | INFO     | monitor:scan:325 - Nothing Changed
2026-07-28 20:51:07.096 | SUCCESS  | monitor:scan:331 - Scan Finished
2026-07-28 20:51:07.097 | INFO     | monitor:start:67 - Sleep 60 Seconds
2026-07-28 20:52:07.097 | INFO     | auth.login:ensure_login:354 - Checking Login...
2026-07-28 20:52:07.102 | SUCCESS  | auth.login:load_saved_token:192 - Saved Token Loaded
2026-07-28 20:52:07.104 | SUCCESS  | auth.login:ensure_login:362 - Using Saved Token
2026-07-28 20:52:07.105 | INFO     | monitor:scan:111 - Scanning Website...
2026-07-28 20:52:07.108 | INFO     | monitor:scan:125 - Loading Page 1
2026-07-28 20:52:07.108 | INFO     | api:get_files:60 - Loading Page 1
2026-07-28 20:52:09.714 | INFO     | api:get_file:84 - Loading File 126d5180-1adb-5053-88b0-c1571f3c5943
2026-07-28 20:52:09.956 | INFO     | monitor:scan:273 - Reached Old Files
2026-07-28 20:52:09.957 | INFO     | monitor:scan:303 - No New Serial
2026-07-28 20:52:09.958 | INFO     | monitor:scan:325 - Nothing Changed
2026-07-28 20:52:09.959 | SUCCESS  | monitor:scan:331 - Scan Finished
2026-07-28 20:52:09.960 | INFO     | monitor:start:67 - Sleep 60 Seconds
2026-07-28 20:53:09.961 | INFO     | auth.login:ensure_login:354 - Checking Login...
2026-07-28 20:53:09.964 | SUCCESS  | auth.login:load_saved_token:192 - Saved Token Loaded
2026-07-28 20:53:09.965 | SUCCESS  | auth.login:ensure_login:362 - Using Saved Token
2026-07-28 20:53:09.966 | INFO     | monitor:scan:111 - Scanning Website...
2026-07-28 20:53:09.969 | INFO     | monitor:scan:125 - Loading Page 1
2026-07-28 20:53:09.970 | INFO     | api:get_files:60 - Loading Page 1
2026-07-28 20:53:11.758 | INFO     | api:get_file:84 - Loading File 126d5180-1adb-5053-88b0-c1571f3c5943
2026-07-28 20:53:11.984 | INFO     | monitor:scan:273 - Reached Old Files
2026-07-28 20:53:11.986 | INFO     | monitor:scan:303 - No New Serial
2026-07-28 20:53:11.987 | INFO     | monitor:scan:325 - Nothing Changed
2026-07-28 20:53:11.988 | SUCCESS  | monitor:scan:331 - Scan Finished
2026-07-28 20:53:11.990 | INFO     | monitor:start:67 - Sleep 60 Seconds
2026-07-28 20:54:11.992 | INFO     | auth.login:ensure_login:354 - Checking Login...
2026-07-28 20:54:11.993 | SUCCESS  | auth.login:load_saved_token:192 - Saved Token Loaded
2026-07-28 20:54:11.993 | SUCCESS  | auth.login:ensure_login:362 - Using Saved Token
2026-07-28 20:54:11.993 | INFO     | monitor:scan:111 - Scanning Website...
2026-07-28 20:54:11.994 | INFO     | monitor:scan:125 - Loading Page 1
2026-07-28 20:54:11.995 | INFO     | api:get_files:60 - Loading Page 1
2026-07-28 20:54:13.737 | INFO     | api:get_file:84 - Loading File 126d5180-1adb-5053-88b0-c1571f3c5943
2026-07-28 20:54:13.967 | INFO     | monitor:scan:273 - Reached Old Files
2026-07-28 20:54:13.968 | INFO     | monitor:scan:303 - No New Serial
2026-07-28 20:54:13.968 | INFO     | monitor:scan:325 - Nothing Changed
2026-07-28 20:54:13.968 | SUCCESS  | monitor:scan:331 - Scan Finished
2026-07-28 20:54:13.968 | INFO     | monitor:start:67 - Sleep 60 Seconds
2026-07-28 20:55:13.969 | INFO     | auth.login:ensure_login:354 - Checking Login...
2026-07-28 20:55:13.973 | SUCCESS  | auth.login:load_saved_token:192 - Saved Token Loaded
2026-07-28 20:55:13.974 | SUCCESS  | auth.login:ensure_login:362 - Using Saved Token
2026-07-28 20:55:13.975 | INFO     | monitor:scan:111 - Scanning Website...
2026-07-28 20:55:13.977 | INFO     | monitor:scan:125 - Loading Page 1
2026-07-28 20:55:13.977 | INFO     | api:get_files:60 - Loading Page 1
2026-07-28 20:55:17.495 | INFO     | api:get_file:84 - Loading File 126d5180-1adb-5053-88b0-c1571f3c5943
2026-07-28 20:55:17.907 | INFO     | monitor:scan:273 - Reached Old Files
2026-07-28 20:55:17.907 | INFO     | monitor:scan:303 - No New Serial
2026-07-28 20:55:17.907 | INFO     | monitor:scan:325 - Nothing Changed
2026-07-28 20:55:17.907 | SUCCESS  | monitor:scan:331 - Scan Finished
2026-07-28 20:55:17.907 | INFO     | monitor:start:67 - Sleep 60 Seconds
2026-07-28 20:56:17.908 | INFO     | auth.login:ensure_login:354 - Checking Login...
2026-07-28 20:56:17.910 | SUCCESS  | auth.login:load_saved_token:192 - Saved Token Loaded
2026-07-28 20:56:17.911 | SUCCESS  | auth.login:ensure_login:362 - Using Saved Token
2026-07-28 20:56:17.911 | INFO     | monitor:scan:111 - Scanning Website...
2026-07-28 20:56:17.912 | INFO     | monitor:scan:125 - Loading Page 1
2026-07-28 20:56:17.913 | INFO     | api:get_files:60 - Loading Page 1
2026-07-28 20:56:21.445 | INFO     | api:get_file:84 - Loading File 126d5180-1adb-5053-88b0-c1571f3c5943
2026-07-28 20:56:21.837 | INFO     | monitor:scan:273 - Reached Old Files
2026-07-28 20:56:21.838 | INFO     | monitor:scan:303 - No New Serial
2026-07-28 20:56:21.839 | INFO     | monitor:scan:325 - Nothing Changed
2026-07-28 20:56:21.841 | SUCCESS  | monitor:scan:331 - Scan Finished
2026-07-28 20:56:21.843 | INFO     | monitor:start:67 - Sleep 60 Seconds
2026-07-28 20:57:21.845 | INFO     | auth.login:ensure_login:354 - Checking Login...
2026-07-28 20:57:21.848 | SUCCESS  | auth.login:load_saved_token:192 - Saved Token Loaded
2026-07-28 20:57:21.849 | SUCCESS  | auth.login:ensure_login:362 - Using Saved Token
2026-07-28 20:57:21.850 | INFO     | monitor:scan:111 - Scanning Website...
2026-07-28 20:57:21.853 | INFO     | monitor:scan:125 - Loading Page 1
2026-07-28 20:57:21.854 | INFO     | api:get_files:60 - Loading Page 1
2026-07-28 20:57:22.286 | WARNING  | auth.login:get:411 - Access Token Expired
2026-07-28 20:57:22.287 | INFO     | auth.login:login:262 - Logging in...
2026-07-28 20:57:22.837 | SUCCESS  | auth.login:save_token:242 - Token Saved
2026-07-28 20:57:22.837 | SUCCESS  | auth.login:login:340 - Login Successful
2026-07-28 20:57:24.373 | INFO     | api:get_file:84 - Loading File 126d5180-1adb-5053-88b0-c1571f3c5943
2026-07-28 20:57:24.611 | INFO     | monitor:scan:273 - Reached Old Files
2026-07-28 20:57:24.612 | INFO     | monitor:scan:303 - No New Serial
2026-07-28 20:57:24.613 | INFO     | monitor:scan:325 - Nothing Changed
2026-07-28 20:57:24.614 | SUCCESS  | monitor:scan:331 - Scan Finished
2026-07-28 20:57:24.616 | INFO     | monitor:start:67 - Sleep 60 Seconds
2026-07-28 20:58:24.617 | INFO     | auth.login:ensure_login:354 - Checking Login...
2026-07-28 20:58:24.623 | SUCCESS  | auth.login:load_saved_token:192 - Saved Token Loaded
2026-07-28 20:58:24.624 | SUCCESS  | auth.login:ensure_login:362 - Using Saved Token
2026-07-28 20:58:24.624 | INFO     | monitor:scan:111 - Scanning Website...
2026-07-28 20:58:24.624 | INFO     | monitor:scan:125 - Loading Page 1
2026-07-28 20:58:24.624 | INFO     | api:get_files:60 - Loading Page 1
2026-07-28 20:58:26.171 | INFO     | api:get_file:84 - Loading File 126d5180-1adb-5053-88b0-c1571f3c5943
2026-07-28 20:58:26.402 | INFO     | monitor:scan:273 - Reached Old Files
2026-07-28 20:58:26.403 | INFO     | monitor:scan:303 - No New Serial
2026-07-28 20:58:26.404 | INFO     | monitor:scan:325 - Nothing Changed
2026-07-28 20:58:26.404 | SUCCESS  | monitor:scan:331 - Scan Finished
2026-07-28 20:58:26.405 | INFO     | monitor:start:67 - Sleep 60 Seconds
2026-07-28 20:59:26.406 | INFO     | auth.login:ensure_login:354 - Checking Login...
2026-07-28 20:59:26.410 | SUCCESS  | auth.login:load_saved_token:192 - Saved Token Loaded
2026-07-28 20:59:26.411 | SUCCESS  | auth.login:ensure_login:362 - Using Saved Token
2026-07-28 20:59:26.412 | INFO     | monitor:scan:111 - Scanning Website...
2026-07-28 20:59:26.414 | INFO     | monitor:scan:125 - Loading Page 1
2026-07-28 20:59:26.415 | INFO     | api:get_files:60 - Loading Page 1
2026-07-28 20:59:27.896 | INFO     | api:get_file:84 - Loading File 126d5180-1adb-5053-88b0-c1571f3c5943
2026-07-28 20:59:28.123 | INFO     | monitor:scan:273 - Reached Old Files
2026-07-28 20:59:28.123 | INFO     | monitor:scan:303 - No New Serial
2026-07-28 20:59:28.123 | INFO     | monitor:scan:325 - Nothing Changed
2026-07-28 20:59:28.124 | SUCCESS  | monitor:scan:331 - Scan Finished
2026-07-28 20:59:28.124 | INFO     | monitor:start:67 - Sleep 60 Seconds
2026-07-28 21:00:28.125 | INFO     | auth.login:ensure_login:354 - Checking Login...
2026-07-28 21:00:28.126 | SUCCESS  | auth.login:load_saved_token:192 - Saved Token Loaded
2026-07-28 21:00:28.126 | SUCCESS  | auth.login:ensure_login:362 - Using Saved Token
2026-07-28 21:00:28.126 | INFO     | monitor:scan:111 - Scanning Website...
2026-07-28 21:00:28.127 | INFO     | monitor:scan:125 - Loading Page 1
2026-07-28 21:00:28.127 | INFO     | api:get_files:60 - Loading Page 1
2026-07-28 21:00:29.838 | INFO     | api:get_file:84 - Loading File 126d5180-1adb-5053-88b0-c1571f3c5943
2026-07-28 21:00:30.071 | INFO     | monitor:scan:273 - Reached Old Files
2026-07-28 21:00:30.071 | INFO     | monitor:scan:303 - No New Serial
2026-07-28 21:00:30.072 | INFO     | monitor:scan:325 - Nothing Changed
2026-07-28 21:00:30.072 | SUCCESS  | monitor:scan:331 - Scan Finished
2026-07-28 21:00:30.072 | INFO     | monitor:start:67 - Sleep 60 Seconds
2026-07-28 21:01:30.073 | INFO     | auth.login:ensure_login:354 - Checking Login...
2026-07-28 21:01:30.076 | SUCCESS  | auth.login:load_saved_token:192 - Saved Token Loaded
2026-07-28 21:01:30.078 | SUCCESS  | auth.login:ensure_login:362 - Using Saved Token
2026-07-28 21:01:30.079 | INFO     | monitor:scan:111 - Scanning Website...
2026-07-28 21:01:30.084 | INFO     | monitor:scan:125 - Loading Page 1
2026-07-28 21:01:30.088 | INFO     | api:get_files:60 - Loading Page 1
2026-07-28 21:01:32.430 | INFO     | api:get_file:84 - Loading File 126d5180-1adb-5053-88b0-c1571f3c5943
2026-07-28 21:01:32.656 | INFO     | monitor:scan:273 - Reached Old Files
2026-07-28 21:01:32.657 | INFO     | monitor:scan:303 - No New Serial
2026-07-28 21:01:32.658 | INFO     | monitor:scan:325 - Nothing Changed
2026-07-28 21:01:32.660 | SUCCESS  | monitor:scan:331 - Scan Finished
2026-07-28 21:01:32.661 | INFO     | monitor:start:67 - Sleep 60 Seconds
2026-07-28 21:02:32.662 | INFO     | auth.login:ensure_login:354 - Checking Login...
2026-07-28 21:02:32.663 | SUCCESS  | auth.login:load_saved_token:192 - Saved Token Loaded
2026-07-28 21:02:32.663 | SUCCESS  | auth.login:ensure_login:362 - Using Saved Token
2026-07-28 21:02:32.664 | INFO     | monitor:scan:111 - Scanning Website...
2026-07-28 21:02:32.665 | INFO     | monitor:scan:125 - Loading Page 1
2026-07-28 21:02:32.665 | INFO     | api:get_files:60 - Loading Page 1
2026-07-28 21:02:34.189 | INFO     | api:get_file:84 - Loading File 126d5180-1adb-5053-88b0-c1571f3c5943
2026-07-28 21:02:34.426 | INFO     | monitor:scan:273 - Reached Old Files
2026-07-28 21:02:34.427 | INFO     | monitor:scan:303 - No New Serial
2026-07-28 21:02:34.427 | INFO     | monitor:scan:325 - Nothing Changed
2026-07-28 21:02:34.428 | SUCCESS  | monitor:scan:331 - Scan Finished
2026-07-28 21:02:34.430 | INFO     | monitor:start:67 - Sleep 60 Seconds
2026-07-28 21:03:34.431 | INFO     | auth.login:ensure_login:354 - Checking Login...
2026-07-28 21:03:34.433 | SUCCESS  | auth.login:load_saved_token:192 - Saved Token Loaded
2026-07-28 21:03:34.433 | SUCCESS  | auth.login:ensure_login:362 - Using Saved Token
2026-07-28 21:03:34.433 | INFO     | monitor:scan:111 - Scanning Website...
2026-07-28 21:03:34.434 | INFO     | monitor:scan:125 - Loading Page 1
2026-07-28 21:03:34.434 | INFO     | api:get_files:60 - Loading Page 1
2026-07-28 21:03:35.952 | INFO     | api:get_file:84 - Loading File 126d5180-1adb-5053-88b0-c1571f3c5943
2026-07-28 21:03:36.180 | INFO     | monitor:scan:273 - Reached Old Files
2026-07-28 21:03:36.181 | INFO     | monitor:scan:303 - No New Serial
2026-07-28 21:03:36.183 | INFO     | monitor:scan:325 - Nothing Changed
2026-07-28 21:03:36.183 | SUCCESS  | monitor:scan:331 - Scan Finished
2026-07-28 21:03:36.184 | INFO     | monitor:start:67 - Sleep 60 Seconds
2026-07-28 21:04:36.186 | INFO     | auth.login:ensure_login:354 - Checking Login...
2026-07-28 21:04:36.190 | SUCCESS  | auth.login:load_saved_token:192 - Saved Token Loaded
2026-07-28 21:04:36.192 | SUCCESS  | auth.login:ensure_login:362 - Using Saved Token
2026-07-28 21:04:36.194 | INFO     | monitor:scan:111 - Scanning Website...
2026-07-28 21:04:36.196 | INFO     | monitor:scan:125 - Loading Page 1
2026-07-28 21:04:36.197 | INFO     | api:get_files:60 - Loading Page 1
2026-07-28 21:04:37.884 | INFO     | api:get_file:84 - Loading File 126d5180-1adb-5053-88b0-c1571f3c5943
2026-07-28 21:04:38.116 | INFO     | monitor:scan:273 - Reached Old Files
2026-07-28 21:04:38.116 | INFO     | monitor:scan:303 - No New Serial
2026-07-28 21:04:38.116 | INFO     | monitor:scan:325 - Nothing Changed
2026-07-28 21:04:38.116 | SUCCESS  | monitor:scan:331 - Scan Finished
2026-07-28 21:04:38.116 | INFO     | monitor:start:67 - Sleep 60 Seconds
2026-07-28 21:05:38.117 | INFO     | auth.login:ensure_login:354 - Checking Login...
2026-07-28 21:05:38.121 | SUCCESS  | auth.login:load_saved_token:192 - Saved Token Loaded
2026-07-28 21:05:38.122 | SUCCESS  | auth.login:ensure_login:362 - Using Saved Token
2026-07-28 21:05:38.123 | INFO     | monitor:scan:111 - Scanning Website...
2026-07-28 21:05:38.125 | INFO     | monitor:scan:125 - Loading Page 1
2026-07-28 21:05:38.126 | INFO     | api:get_files:60 - Loading Page 1
2026-07-28 21:05:39.738 | INFO     | api:get_file:84 - Loading File 126d5180-1adb-5053-88b0-c1571f3c5943
2026-07-28 21:05:39.955 | INFO     | monitor:scan:273 - Reached Old Files
2026-07-28 21:05:39.955 | INFO     | monitor:scan:303 - No New Serial
2026-07-28 21:05:39.955 | INFO     | monitor:scan:325 - Nothing Changed
2026-07-28 21:05:39.955 | SUCCESS  | monitor:scan:331 - Scan Finished
2026-07-28 21:05:39.956 | INFO     | monitor:start:67 - Sleep 60 Seconds
2026-07-28 21:06:39.956 | INFO     | auth.login:ensure_login:354 - Checking Login...
2026-07-28 21:06:39.959 | SUCCESS  | auth.login:load_saved_token:192 - Saved Token Loaded
2026-07-28 21:06:39.959 | SUCCESS  | auth.login:ensure_login:362 - Using Saved Token
2026-07-28 21:06:39.960 | INFO     | monitor:scan:111 - Scanning Website...
2026-07-28 21:06:39.962 | INFO     | monitor:scan:125 - Loading Page 1
2026-07-28 21:06:39.963 | INFO     | api:get_files:60 - Loading Page 1
2026-07-28 21:06:43.233 | INFO     | api:get_file:84 - Loading File 126d5180-1adb-5053-88b0-c1571f3c5943
2026-07-28 21:06:43.448 | INFO     | monitor:scan:273 - Reached Old Files
2026-07-28 21:06:43.448 | INFO     | monitor:scan:303 - No New Serial
2026-07-28 21:06:43.448 | INFO     | monitor:scan:325 - Nothing Changed
2026-07-28 21:06:43.448 | SUCCESS  | monitor:scan:331 - Scan Finished
2026-07-28 21:06:43.448 | INFO     | monitor:start:67 - Sleep 60 Seconds
2026-07-28 21:07:43.449 | INFO     | auth.login:ensure_login:354 - Checking Login...
2026-07-28 21:07:43.450 | SUCCESS  | auth.login:load_saved_token:192 - Saved Token Loaded
2026-07-28 21:07:43.450 | SUCCESS  | auth.login:ensure_login:362 - Using Saved Token
2026-07-28 21:07:43.450 | INFO     | monitor:scan:111 - Scanning Website...
2026-07-28 21:07:43.451 | INFO     | monitor:scan:125 - Loading Page 1
2026-07-28 21:07:43.451 | INFO     | api:get_files:60 - Loading Page 1
2026-07-28 21:07:43.905 | WARNING  | auth.login:get:411 - Access Token Expired
2026-07-28 21:07:43.907 | INFO     | auth.login:login:262 - Logging in...
2026-07-28 21:07:44.478 | SUCCESS  | auth.login:save_token:242 - Token Saved
2026-07-28 21:07:44.480 | SUCCESS  | auth.login:login:340 - Login Successful
2026-07-28 21:07:47.288 | INFO     | api:get_file:84 - Loading File 126d5180-1adb-5053-88b0-c1571f3c5943
2026-07-28 21:07:47.523 | INFO     | monitor:scan:273 - Reached Old Files
2026-07-28 21:07:47.524 | INFO     | monitor:scan:303 - No New Serial
2026-07-28 21:07:47.525 | INFO     | monitor:scan:325 - Nothing Changed
2026-07-28 21:07:47.525 | SUCCESS  | monitor:scan:331 - Scan Finished
2026-07-28 21:07:47.526 | INFO     | monitor:start:67 - Sleep 60 Seconds
2026-07-28 21:08:47.526 | INFO     | auth.login:ensure_login:354 - Checking Login...
2026-07-28 21:08:47.547 | SUCCESS  | auth.login:load_saved_token:192 - Saved Token Loaded
2026-07-28 21:08:47.548 | SUCCESS  | auth.login:ensure_login:362 - Using Saved Token
2026-07-28 21:08:47.548 | INFO     | monitor:scan:111 - Scanning Website...
2026-07-28 21:08:47.549 | INFO     | monitor:scan:125 - Loading Page 1
2026-07-28 21:08:47.549 | INFO     | api:get_files:60 - Loading Page 1
2026-07-28 21:08:49.159 | INFO     | api:get_file:84 - Loading File 126d5180-1adb-5053-88b0-c1571f3c5943
2026-07-28 21:08:49.396 | INFO     | monitor:scan:273 - Reached Old Files
2026-07-28 21:08:49.396 | INFO     | monitor:scan:303 - No New Serial
2026-07-28 21:08:49.396 | INFO     | monitor:scan:325 - Nothing Changed
2026-07-28 21:08:49.396 | SUCCESS  | monitor:scan:331 - Scan Finished
2026-07-28 21:08:49.397 | INFO     | monitor:start:67 - Sleep 60 Seconds
2026-07-28 21:09:49.397 | INFO     | auth.login:ensure_login:354 - Checking Login...
2026-07-28 21:09:49.401 | SUCCESS  | auth.login:load_saved_token:192 - Saved Token Loaded
2026-07-28 21:09:49.402 | SUCCESS  | auth.login:ensure_login:362 - Using Saved Token
2026-07-28 21:09:49.403 | INFO     | monitor:scan:111 - Scanning Website...
2026-07-28 21:09:49.406 | INFO     | monitor:scan:125 - Loading Page 1
2026-07-28 21:09:49.407 | INFO     | api:get_files:60 - Loading Page 1
2026-07-28 21:09:51.081 | INFO     | api:get_file:84 - Loading File 126d5180-1adb-5053-88b0-c1571f3c5943
2026-07-28 21:09:51.315 | INFO     | monitor:scan:273 - Reached Old Files
2026-07-28 21:09:51.316 | INFO     | monitor:scan:303 - No New Serial
2026-07-28 21:09:51.316 | INFO     | monitor:scan:325 - Nothing Changed
2026-07-28 21:09:51.316 | SUCCESS  | monitor:scan:331 - Scan Finished
2026-07-28 21:09:51.316 | INFO     | monitor:start:67 - Sleep 60 Seconds
2026-07-28 21:10:51.317 | INFO     | auth.login:ensure_login:354 - Checking Login...
2026-07-28 21:10:51.323 | SUCCESS  | auth.login:load_saved_token:192 - Saved Token Loaded
2026-07-28 21:10:51.325 | SUCCESS  | auth.login:ensure_login:362 - Using Saved Token
2026-07-28 21:10:51.328 | INFO     | monitor:scan:111 - Scanning Website...
2026-07-28 21:10:51.329 | INFO     | monitor:scan:125 - Loading Page 1
2026-07-28 21:10:51.330 | INFO     | api:get_files:60 - Loading Page 1
2026-07-28 21:10:52.890 | INFO     | api:get_file:84 - Loading File 126d5180-1adb-5053-88b0-c1571f3c5943
2026-07-28 21:10:53.124 | INFO     | monitor:scan:273 - Reached Old Files
2026-07-28 21:10:53.126 | INFO     | monitor:scan:303 - No New Serial
2026-07-28 21:10:53.126 | INFO     | monitor:scan:325 - Nothing Changed
2026-07-28 21:10:53.127 | SUCCESS  | monitor:scan:331 - Scan Finished
2026-07-28 21:10:53.127 | INFO     | monitor:start:67 - Sleep 60 Seconds
2026-07-28 21:11:53.128 | INFO     | auth.login:ensure_login:354 - Checking Login...
2026-07-28 21:11:53.129 | SUCCESS  | auth.login:load_saved_token:192 - Saved Token Loaded
2026-07-28 21:11:53.129 | SUCCESS  | auth.login:ensure_login:362 - Using Saved Token
2026-07-28 21:11:53.129 | INFO     | monitor:scan:111 - Scanning Website...
2026-07-28 21:11:53.130 | INFO     | monitor:scan:125 - Loading Page 1
2026-07-28 21:11:53.130 | INFO     | api:get_files:60 - Loading Page 1
2026-07-28 21:11:55.179 | INFO     | api:get_file:84 - Loading File 126d5180-1adb-5053-88b0-c1571f3c5943
2026-07-28 21:11:55.417 | INFO     | monitor:scan:273 - Reached Old Files
2026-07-28 21:11:55.418 | INFO     | monitor:scan:303 - No New Serial
2026-07-28 21:11:55.419 | INFO     | monitor:scan:325 - Nothing Changed
2026-07-28 21:11:55.420 | SUCCESS  | monitor:scan:331 - Scan Finished
2026-07-28 21:11:55.421 | INFO     | monitor:start:67 - Sleep 60 Seconds
2026-07-28 21:12:55.421 | INFO     | auth.login:ensure_login:354 - Checking Login...
2026-07-28 21:12:55.422 | SUCCESS  | auth.login:load_saved_token:192 - Saved Token Loaded
2026-07-28 21:12:55.422 | SUCCESS  | auth.login:ensure_login:362 - Using Saved Token
2026-07-28 21:12:55.422 | INFO     | monitor:scan:111 - Scanning Website...
2026-07-28 21:12:55.423 | INFO     | monitor:scan:125 - Loading Page 1
2026-07-28 21:12:55.424 | INFO     | api:get_files:60 - Loading Page 1
2026-07-28 21:12:57.191 | INFO     | api:get_file:84 - Loading File 126d5180-1adb-5053-88b0-c1571f3c5943
2026-07-28 21:12:57.425 | INFO     | monitor:scan:273 - Reached Old Files
2026-07-28 21:12:57.426 | INFO     | monitor:scan:303 - No New Serial
2026-07-28 21:12:57.428 | INFO     | monitor:scan:325 - Nothing Changed
2026-07-28 21:12:57.430 | SUCCESS  | monitor:scan:331 - Scan Finished
2026-07-28 21:12:57.431 | INFO     | monitor:start:67 - Sleep 60 Seconds
2026-07-28 21:13:57.432 | INFO     | auth.login:ensure_login:354 - Checking Login...
2026-07-28 21:13:57.435 | SUCCESS  | auth.login:load_saved_token:192 - Saved Token Loaded
2026-07-28 21:13:57.435 | SUCCESS  | auth.login:ensure_login:362 - Using Saved Token
2026-07-28 21:13:57.436 | INFO     | monitor:scan:111 - Scanning Website...
2026-07-28 21:13:57.437 | INFO     | monitor:scan:125 - Loading Page 1
2026-07-28 21:13:57.438 | INFO     | api:get_files:60 - Loading Page 1
2026-07-28 21:13:59.003 | INFO     | api:get_file:84 - Loading File 126d5180-1adb-5053-88b0-c1571f3c5943
2026-07-28 21:13:59.345 | INFO     | monitor:scan:273 - Reached Old Files
2026-07-28 21:13:59.345 | INFO     | monitor:scan:303 - No New Serial
2026-07-28 21:13:59.345 | INFO     | monitor:scan:325 - Nothing Changed
2026-07-28 21:13:59.345 | SUCCESS  | monitor:scan:331 - Scan Finished
2026-07-28 21:13:59.346 | INFO     | monitor:start:67 - Sleep 60 Seconds
2026-07-28 21:14:59.347 | INFO     | auth.login:ensure_login:354 - Checking Login...
2026-07-28 21:14:59.350 | SUCCESS  | auth.login:load_saved_token:192 - Saved Token Loaded
2026-07-28 21:14:59.351 | SUCCESS  | auth.login:ensure_login:362 - Using Saved Token
2026-07-28 21:14:59.352 | INFO     | monitor:scan:111 - Scanning Website...
2026-07-28 21:14:59.355 | INFO     | monitor:scan:125 - Loading Page 1
2026-07-28 21:14:59.355 | INFO     | api:get_files:60 - Loading Page 1
2026-07-28 21:15:00.894 | INFO     | api:get_file:84 - Loading File 126d5180-1adb-5053-88b0-c1571f3c5943
2026-07-28 21:15:01.126 | INFO     | monitor:scan:273 - Reached Old Files
2026-07-28 21:15:01.126 | INFO     | monitor:scan:303 - No New Serial
2026-07-28 21:15:01.127 | INFO     | monitor:scan:325 - Nothing Changed
2026-07-28 21:15:01.128 | SUCCESS  | monitor:scan:331 - Scan Finished
2026-07-28 21:15:01.129 | INFO     | monitor:start:67 - Sleep 60 Seconds
2026-07-28 21:16:01.130 | INFO     | auth.login:ensure_login:354 - Checking Login...
2026-07-28 21:16:01.131 | SUCCESS  | auth.login:load_saved_token:192 - Saved Token Loaded
2026-07-28 21:16:01.132 | SUCCESS  | auth.login:ensure_login:362 - Using Saved Token
2026-07-28 21:16:01.132 | INFO     | monitor:scan:111 - Scanning Website...
2026-07-28 21:16:01.134 | INFO     | monitor:scan:125 - Loading Page 1
2026-07-28 21:16:01.134 | INFO     | api:get_files:60 - Loading Page 1
2026-07-28 21:16:04.299 | INFO     | api:get_file:84 - Loading File 126d5180-1adb-5053-88b0-c1571f3c5943
2026-07-28 21:16:04.532 | INFO     | monitor:scan:273 - Reached Old Files
2026-07-28 21:16:04.532 | INFO     | monitor:scan:303 - No New Serial
2026-07-28 21:16:04.532 | INFO     | monitor:scan:325 - Nothing Changed
2026-07-28 21:16:04.532 | SUCCESS  | monitor:scan:331 - Scan Finished
2026-07-28 21:16:04.533 | INFO     | monitor:start:67 - Sleep 60 Seconds
2026-07-28 21:17:04.534 | INFO     | auth.login:ensure_login:354 - Checking Login...
2026-07-28 21:17:04.538 | SUCCESS  | auth.login:load_saved_token:192 - Saved Token Loaded
2026-07-28 21:17:04.539 | SUCCESS  | auth.login:ensure_login:362 - Using Saved Token
2026-07-28 21:17:04.540 | INFO     | monitor:scan:111 - Scanning Website...
2026-07-28 21:17:04.542 | INFO     | monitor:scan:125 - Loading Page 1
2026-07-28 21:17:04.542 | INFO     | api:get_files:60 - Loading Page 1
2026-07-28 21:17:06.087 | INFO     | api:get_file:84 - Loading File 126d5180-1adb-5053-88b0-c1571f3c5943
2026-07-28 21:17:06.324 | INFO     | monitor:scan:273 - Reached Old Files
2026-07-28 21:17:06.326 | INFO     | monitor:scan:303 - No New Serial
2026-07-28 21:17:06.326 | INFO     | monitor:scan:325 - Nothing Changed
2026-07-28 21:17:06.327 | SUCCESS  | monitor:scan:331 - Scan Finished
2026-07-28 21:17:06.327 | INFO     | monitor:start:67 - Sleep 60 Seconds
2026-07-28 21:18:06.328 | INFO     | auth.login:ensure_login:354 - Checking Login...
2026-07-28 21:18:06.331 | SUCCESS  | auth.login:load_saved_token:192 - Saved Token Loaded
2026-07-28 21:18:06.332 | SUCCESS  | auth.login:ensure_login:362 - Using Saved Token
2026-07-28 21:18:06.333 | INFO     | monitor:scan:111 - Scanning Website...
2026-07-28 21:18:06.336 | INFO     | monitor:scan:125 - Loading Page 1
2026-07-28 21:18:06.337 | INFO     | api:get_files:60 - Loading Page 1
2026-07-28 21:18:06.789 | WARNING  | auth.login:get:411 - Access Token Expired
2026-07-28 21:18:06.790 | INFO     | auth.login:login:262 - Logging in...
2026-07-28 21:18:07.347 | SUCCESS  | auth.login:save_token:242 - Token Saved
2026-07-28 21:18:07.349 | SUCCESS  | auth.login:login:340 - Login Successful
2026-07-28 21:18:08.502 | INFO     | api:get_file:84 - Loading File 126d5180-1adb-5053-88b0-c1571f3c5943
2026-07-28 21:18:08.739 | INFO     | monitor:scan:273 - Reached Old Files
2026-07-28 21:18:08.739 | INFO     | monitor:scan:303 - No New Serial
2026-07-28 21:18:08.739 | INFO     | monitor:scan:325 - Nothing Changed
2026-07-28 21:18:08.739 | SUCCESS  | monitor:scan:331 - Scan Finished
2026-07-28 21:18:08.740 | INFO     | monitor:start:67 - Sleep 60 Seconds
2026-07-28 21:19:08.740 | INFO     | auth.login:ensure_login:354 - Checking Login...
2026-07-28 21:19:08.747 | SUCCESS  | auth.login:load_saved_token:192 - Saved Token Loaded
2026-07-28 21:19:08.747 | SUCCESS  | auth.login:ensure_login:362 - Using Saved Token
2026-07-28 21:19:08.747 | INFO     | monitor:scan:111 - Scanning Website...
2026-07-28 21:19:08.747 | INFO     | monitor:scan:125 - Loading Page 1
2026-07-28 21:19:08.748 | INFO     | api:get_files:60 - Loading Page 1
2026-07-28 21:19:10.236 | INFO     | api:get_file:84 - Loading File 126d5180-1adb-5053-88b0-c1571f3c5943
2026-07-28 21:19:10.462 | INFO     | monitor:scan:273 - Reached Old Files
2026-07-28 21:19:10.462 | INFO     | monitor:scan:303 - No New Serial
2026-07-28 21:19:10.462 | INFO     | monitor:scan:325 - Nothing Changed
2026-07-28 21:19:10.462 | SUCCESS  | monitor:scan:331 - Scan Finished
2026-07-28 21:19:10.462 | INFO     | monitor:start:67 - Sleep 60 Seconds
2026-07-28 21:20:10.463 | INFO     | auth.login:ensure_login:354 - Checking Login...
2026-07-28 21:20:10.464 | SUCCESS  | auth.login:load_saved_token:192 - Saved Token Loaded
2026-07-28 21:20:10.465 | SUCCESS  | auth.login:ensure_login:362 - Using Saved Token
2026-07-28 21:20:10.465 | INFO     | monitor:scan:111 - Scanning Website...
2026-07-28 21:20:10.466 | INFO     | monitor:scan:125 - Loading Page 1
2026-07-28 21:20:10.466 | INFO     | api:get_files:60 - Loading Page 1
2026-07-28 21:20:11.959 | INFO     | api:get_file:84 - Loading File 126d5180-1adb-5053-88b0-c1571f3c5943
2026-07-28 21:20:12.414 | INFO     | monitor:scan:273 - Reached Old Files
2026-07-28 21:20:12.415 | INFO     | monitor:scan:303 - No New Serial
2026-07-28 21:20:12.417 | INFO     | monitor:scan:325 - Nothing Changed
2026-07-28 21:20:12.418 | SUCCESS  | monitor:scan:331 - Scan Finished
2026-07-28 21:20:12.420 | INFO     | monitor:start:67 - Sleep 60 Seconds
2026-07-28 21:21:12.421 | INFO     | auth.login:ensure_login:354 - Checking Login...
2026-07-28 21:21:12.423 | SUCCESS  | auth.login:load_saved_token:192 - Saved Token Loaded
2026-07-28 21:21:12.424 | SUCCESS  | auth.login:ensure_login:362 - Using Saved Token
2026-07-28 21:21:12.425 | INFO     | monitor:scan:111 - Scanning Website...
2026-07-28 21:21:12.427 | INFO     | monitor:scan:125 - Loading Page 1
2026-07-28 21:21:12.427 | INFO     | api:get_files:60 - Loading Page 1
2026-07-28 21:21:14.572 | INFO     | api:get_file:84 - Loading File 126d5180-1adb-5053-88b0-c1571f3c5943
2026-07-28 21:21:14.809 | INFO     | monitor:scan:273 - Reached Old Files
2026-07-28 21:21:14.811 | INFO     | monitor:scan:303 - No New Serial
2026-07-28 21:21:14.811 | INFO     | monitor:scan:325 - Nothing Changed
2026-07-28 21:21:14.813 | SUCCESS  | monitor:scan:331 - Scan Finished
2026-07-28 21:21:14.814 | INFO     | monitor:start:67 - Sleep 60 Seconds
2026-07-28 21:22:14.815 | INFO     | auth.login:ensure_login:354 - Checking Login...
2026-07-28 21:22:14.816 | SUCCESS  | auth.login:load_saved_token:192 - Saved Token Loaded
2026-07-28 21:22:14.816 | SUCCESS  | auth.login:ensure_login:362 - Using Saved Token
2026-07-28 21:22:14.816 | INFO     | monitor:scan:111 - Scanning Website...
2026-07-28 21:22:14.817 | INFO     | monitor:scan:125 - Loading Page 1
2026-07-28 21:22:14.817 | INFO     | api:get_files:60 - Loading Page 1
2026-07-28 21:22:16.406 | INFO     | api:get_file:84 - Loading File 126d5180-1adb-5053-88b0-c1571f3c5943
2026-07-28 21:22:16.649 | INFO     | monitor:scan:273 - Reached Old Files
2026-07-28 21:22:16.651 | INFO     | monitor:scan:303 - No New Serial
2026-07-28 21:22:16.653 | INFO     | monitor:scan:325 - Nothing Changed
2026-07-28 21:22:16.655 | SUCCESS  | monitor:scan:331 - Scan Finished
2026-07-28 21:22:16.657 | INFO     | monitor:start:67 - Sleep 60 Seconds
2026-07-28 21:23:16.659 | INFO     | auth.login:ensure_login:354 - Checking Login...
2026-07-28 21:23:16.660 | SUCCESS  | auth.login:load_saved_token:192 - Saved Token Loaded
2026-07-28 21:23:16.660 | SUCCESS  | auth.login:ensure_login:362 - Using Saved Token
2026-07-28 21:23:16.660 | INFO     | monitor:scan:111 - Scanning Website...
2026-07-28 21:23:16.661 | INFO     | monitor:scan:125 - Loading Page 1
2026-07-28 21:23:16.661 | INFO     | api:get_files:60 - Loading Page 1
2026-07-28 21:23:18.191 | INFO     | api:get_file:84 - Loading File 126d5180-1adb-5053-88b0-c1571f3c5943
2026-07-28 21:23:18.429 | INFO     | monitor:scan:273 - Reached Old Files
2026-07-28 21:23:18.431 | INFO     | monitor:scan:303 - No New Serial
2026-07-28 21:23:18.433 | INFO     | monitor:scan:325 - Nothing Changed
2026-07-28 21:23:18.435 | SUCCESS  | monitor:scan:331 - Scan Finished
2026-07-28 21:23:18.436 | INFO     | monitor:start:67 - Sleep 60 Seconds
2026-07-28 21:24:18.437 | INFO     | auth.login:ensure_login:354 - Checking Login...
2026-07-28 21:24:18.437 | SUCCESS  | auth.login:load_saved_token:192 - Saved Token Loaded
2026-07-28 21:24:18.438 | SUCCESS  | auth.login:ensure_login:362 - Using Saved Token
2026-07-28 21:24:18.438 | INFO     | monitor:scan:111 - Scanning Website...
2026-07-28 21:24:18.438 | INFO     | monitor:scan:125 - Loading Page 1
2026-07-28 21:24:18.438 | INFO     | api:get_files:60 - Loading Page 1
2026-07-28 21:24:21.144 | INFO     | api:get_file:84 - Loading File 126d5180-1adb-5053-88b0-c1571f3c5943
2026-07-28 21:24:21.613 | INFO     | monitor:scan:273 - Reached Old Files
2026-07-28 21:24:21.614 | INFO     | monitor:scan:303 - No New Serial
2026-07-28 21:24:21.614 | INFO     | monitor:scan:325 - Nothing Changed
2026-07-28 21:24:21.615 | SUCCESS  | monitor:scan:331 - Scan Finished
2026-07-28 21:24:21.616 | INFO     | monitor:start:67 - Sleep 60 Seconds
2026-07-28 21:25:21.617 | INFO     | auth.login:ensure_login:354 - Checking Login...
2026-07-28 21:25:21.621 | SUCCESS  | auth.login:load_saved_token:192 - Saved Token Loaded
2026-07-28 21:25:21.622 | SUCCESS  | auth.login:ensure_login:362 - Using Saved Token
2026-07-28 21:25:21.622 | INFO     | monitor:scan:111 - Scanning Website...
2026-07-28 21:25:21.627 | INFO     | monitor:scan:125 - Loading Page 1
2026-07-28 21:25:21.628 | INFO     | api:get_files:60 - Loading Page 1
2026-07-28 21:25:25.285 | INFO     | api:get_file:84 - Loading File 126d5180-1adb-5053-88b0-c1571f3c5943
2026-07-28 21:25:25.692 | INFO     | monitor:scan:273 - Reached Old Files
2026-07-28 21:25:25.693 | INFO     | monitor:scan:303 - No New Serial
2026-07-28 21:25:25.696 | INFO     | monitor:scan:325 - Nothing Changed
2026-07-28 21:25:25.697 | SUCCESS  | monitor:scan:331 - Scan Finished
2026-07-28 21:25:25.697 | INFO     | monitor:start:67 - Sleep 60 Seconds
2026-07-28 21:26:25.698 | INFO     | auth.login:ensure_login:354 - Checking Login...
2026-07-28 21:26:25.699 | SUCCESS  | auth.login:load_saved_token:192 - Saved Token Loaded
2026-07-28 21:26:25.699 | SUCCESS  | auth.login:ensure_login:362 - Using Saved Token
2026-07-28 21:26:25.699 | INFO     | monitor:scan:111 - Scanning Website...
2026-07-28 21:26:25.699 | INFO     | monitor:scan:125 - Loading Page 1
2026-07-28 21:26:25.700 | INFO     | api:get_files:60 - Loading Page 1
2026-07-28 21:26:27.270 | INFO     | api:get_file:84 - Loading File 126d5180-1adb-5053-88b0-c1571f3c5943
2026-07-28 21:26:27.707 | INFO     | monitor:scan:273 - Reached Old Files
2026-07-28 21:26:27.707 | INFO     | monitor:scan:303 - No New Serial
2026-07-28 21:26:27.708 | INFO     | monitor:scan:325 - Nothing Changed
2026-07-28 21:26:27.710 | SUCCESS  | monitor:scan:331 - Scan Finished
2026-07-28 21:26:27.710 | INFO     | monitor:start:67 - Sleep 60 Seconds
2026-07-28 21:27:27.711 | INFO     | auth.login:ensure_login:354 - Checking Login...
2026-07-28 21:27:27.714 | SUCCESS  | auth.login:load_saved_token:192 - Saved Token Loaded
2026-07-28 21:27:27.715 | SUCCESS  | auth.login:ensure_login:362 - Using Saved Token
2026-07-28 21:27:27.715 | INFO     | monitor:scan:111 - Scanning Website...
2026-07-28 21:27:27.719 | INFO     | monitor:scan:125 - Loading Page 1
2026-07-28 21:27:27.720 | INFO     | api:get_files:60 - Loading Page 1
2026-07-28 21:27:29.275 | INFO     | api:get_file:84 - Loading File 126d5180-1adb-5053-88b0-c1571f3c5943
2026-07-28 21:27:29.493 | INFO     | monitor:scan:273 - Reached Old Files
2026-07-28 21:27:29.493 | INFO     | monitor:scan:303 - No New Serial
2026-07-28 21:27:29.493 | INFO     | monitor:scan:325 - Nothing Changed
2026-07-28 21:27:29.493 | SUCCESS  | monitor:scan:331 - Scan Finished
2026-07-28 21:27:29.494 | INFO     | monitor:start:67 - Sleep 60 Seconds
2026-07-28 21:28:29.495 | INFO     | auth.login:ensure_login:354 - Checking Login...
2026-07-28 21:28:29.495 | SUCCESS  | auth.login:load_saved_token:192 - Saved Token Loaded
2026-07-28 21:28:29.496 | SUCCESS  | auth.login:ensure_login:362 - Using Saved Token
2026-07-28 21:28:29.496 | INFO     | monitor:scan:111 - Scanning Website...
2026-07-28 21:28:29.496 | INFO     | monitor:scan:125 - Loading Page 1
2026-07-28 21:28:29.497 | INFO     | api:get_files:60 - Loading Page 1
2026-07-28 21:28:29.890 | WARNING  | auth.login:get:411 - Access Token Expired
2026-07-28 21:28:29.891 | INFO     | auth.login:login:262 - Logging in...
2026-07-28 21:28:30.373 | SUCCESS  | auth.login:save_token:242 - Token Saved
2026-07-28 21:28:30.374 | SUCCESS  | auth.login:login:340 - Login Successful
2026-07-28 21:28:31.725 | INFO     | api:get_file:84 - Loading File 126d5180-1adb-5053-88b0-c1571f3c5943
2026-07-28 21:28:31.941 | INFO     | monitor:scan:273 - Reached Old Files
2026-07-28 21:28:31.941 | INFO     | monitor:scan:303 - No New Serial
2026-07-28 21:28:31.941 | INFO     | monitor:scan:325 - Nothing Changed
2026-07-28 21:28:31.941 | SUCCESS  | monitor:scan:331 - Scan Finished
2026-07-28 21:28:31.941 | INFO     | monitor:start:67 - Sleep 60 Seconds
2026-07-28 21:29:31.942 | INFO     | auth.login:ensure_login:354 - Checking Login...
2026-07-28 21:29:31.972 | SUCCESS  | auth.login:load_saved_token:192 - Saved Token Loaded
2026-07-28 21:29:31.972 | SUCCESS  | auth.login:ensure_login:362 - Using Saved Token
2026-07-28 21:29:31.973 | INFO     | monitor:scan:111 - Scanning Website...
2026-07-28 21:29:31.974 | INFO     | monitor:scan:125 - Loading Page 1
2026-07-28 21:29:31.975 | INFO     | api:get_files:60 - Loading Page 1
2026-07-28 21:29:34.038 | INFO     | api:get_file:84 - Loading File 126d5180-1adb-5053-88b0-c1571f3c5943
2026-07-28 21:29:34.264 | INFO     | monitor:scan:273 - Reached Old Files
2026-07-28 21:29:34.265 | INFO     | monitor:scan:303 - No New Serial
2026-07-28 21:29:34.266 | INFO     | monitor:scan:325 - Nothing Changed
2026-07-28 21:29:34.268 | SUCCESS  | monitor:scan:331 - Scan Finished
2026-07-28 21:29:34.269 | INFO     | monitor:start:67 - Sleep 60 Seconds
2026-07-28 21:30:34.271 | INFO     | auth.login:ensure_login:354 - Checking Login...
2026-07-28 21:30:34.271 | SUCCESS  | auth.login:load_saved_token:192 - Saved Token Loaded
2026-07-28 21:30:34.272 | SUCCESS  | auth.login:ensure_login:362 - Using Saved Token
2026-07-28 21:30:34.272 | INFO     | monitor:scan:111 - Scanning Website...
2026-07-28 21:30:34.272 | INFO     | monitor:scan:125 - Loading Page 1
2026-07-28 21:30:34.273 | INFO     | api:get_files:60 - Loading Page 1
2026-07-28 21:30:37.860 | INFO     | api:get_file:84 - Loading File 126d5180-1adb-5053-88b0-c1571f3c5943
2026-07-28 21:30:38.281 | INFO     | monitor:scan:273 - Reached Old Files
2026-07-28 21:30:38.282 | INFO     | monitor:scan:303 - No New Serial
2026-07-28 21:30:38.282 | INFO     | monitor:scan:325 - Nothing Changed
2026-07-28 21:30:38.283 | SUCCESS  | monitor:scan:331 - Scan Finished
2026-07-28 21:30:38.283 | INFO     | monitor:start:67 - Sleep 60 Seconds
2026-07-28 21:31:38.285 | INFO     | auth.login:ensure_login:354 - Checking Login...
2026-07-28 21:31:38.288 | SUCCESS  | auth.login:load_saved_token:192 - Saved Token Loaded
2026-07-28 21:31:38.289 | SUCCESS  | auth.login:ensure_login:362 - Using Saved Token
2026-07-28 21:31:38.291 | INFO     | monitor:scan:111 - Scanning Website...
2026-07-28 21:31:38.295 | INFO     | monitor:scan:125 - Loading Page 1
2026-07-28 21:31:38.295 | INFO     | api:get_files:60 - Loading Page 1
2026-07-28 21:31:39.909 | INFO     | api:get_file:84 - Loading File 126d5180-1adb-5053-88b0-c1571f3c5943
2026-07-28 21:31:40.143 | INFO     | monitor:scan:273 - Reached Old Files
2026-07-28 21:31:40.144 | INFO     | monitor:scan:303 - No New Serial
2026-07-28 21:31:40.144 | INFO     | monitor:scan:325 - Nothing Changed
2026-07-28 21:31:40.145 | SUCCESS  | monitor:scan:331 - Scan Finished
2026-07-28 21:31:40.145 | INFO     | monitor:start:67 - Sleep 60 Seconds
2026-07-28 21:32:40.147 | INFO     | auth.login:ensure_login:354 - Checking Login...
2026-07-28 21:32:40.148 | SUCCESS  | auth.login:load_saved_token:192 - Saved Token Loaded
2026-07-28 21:32:40.148 | SUCCESS  | auth.login:ensure_login:362 - Using Saved Token
2026-07-28 21:32:40.148 | INFO     | monitor:scan:111 - Scanning Website...
2026-07-28 21:32:40.149 | INFO     | monitor:scan:125 - Loading Page 1
2026-07-28 21:32:40.149 | INFO     | api:get_files:60 - Loading Page 1
2026-07-28 21:32:43.330 | INFO     | api:get_file:84 - Loading File 126d5180-1adb-5053-88b0-c1571f3c5943
2026-07-28 21:32:43.568 | INFO     | monitor:scan:273 - Reached Old Files
2026-07-28 21:32:43.569 | INFO     | monitor:scan:303 - No New Serial
2026-07-28 21:32:43.570 | INFO     | monitor:scan:325 - Nothing Changed
2026-07-28 21:32:43.571 | SUCCESS  | monitor:scan:331 - Scan Finished
2026-07-28 21:32:43.574 | INFO     | monitor:start:67 - Sleep 60 Seconds
2026-07-28 21:33:43.575 | INFO     | auth.login:ensure_login:354 - Checking Login...
2026-07-28 21:33:43.578 | SUCCESS  | auth.login:load_saved_token:192 - Saved Token Loaded
2026-07-28 21:33:43.580 | SUCCESS  | auth.login:ensure_login:362 - Using Saved Token
2026-07-28 21:33:43.581 | INFO     | monitor:scan:111 - Scanning Website...
2026-07-28 21:33:43.583 | INFO     | monitor:scan:125 - Loading Page 1
2026-07-28 21:33:43.583 | INFO     | api:get_files:60 - Loading Page 1
2026-07-28 21:33:46.343 | INFO     | api:get_file:84 - Loading File 126d5180-1adb-5053-88b0-c1571f3c5943
2026-07-28 21:33:46.582 | INFO     | monitor:scan:273 - Reached Old Files
2026-07-28 21:33:46.582 | INFO     | monitor:scan:303 - No New Serial
2026-07-28 21:33:46.582 | INFO     | monitor:scan:325 - Nothing Changed
2026-07-28 21:33:46.582 | SUCCESS  | monitor:scan:331 - Scan Finished
2026-07-28 21:33:46.582 | INFO     | monitor:start:67 - Sleep 60 Seconds
2026-07-28 21:34:46.583 | INFO     | auth.login:ensure_login:354 - Checking Login...
2026-07-28 21:34:46.585 | SUCCESS  | auth.login:load_saved_token:192 - Saved Token Loaded
2026-07-28 21:34:46.586 | SUCCESS  | auth.login:ensure_login:362 - Using Saved Token
2026-07-28 21:34:46.587 | INFO     | monitor:scan:111 - Scanning Website...
2026-07-28 21:34:46.590 | INFO     | monitor:scan:125 - Loading Page 1
2026-07-28 21:34:46.591 | INFO     | api:get_files:60 - Loading Page 1
2026-07-28 21:34:48.226 | INFO     | api:get_file:84 - Loading File 126d5180-1adb-5053-88b0-c1571f3c5943
2026-07-28 21:34:48.469 | INFO     | monitor:scan:273 - Reached Old Files
2026-07-28 21:34:48.471 | INFO     | monitor:scan:303 - No New Serial
2026-07-28 21:34:48.472 | INFO     | monitor:scan:325 - Nothing Changed
2026-07-28 21:34:48.473 | SUCCESS  | monitor:scan:331 - Scan Finished
2026-07-28 21:34:48.475 | INFO     | monitor:start:67 - Sleep 60 Seconds
2026-07-28 21:35:48.477 | INFO     | auth.login:ensure_login:354 - Checking Login...
2026-07-28 21:35:48.481 | SUCCESS  | auth.login:load_saved_token:192 - Saved Token Loaded
2026-07-28 21:35:48.481 | SUCCESS  | auth.login:ensure_login:362 - Using Saved Token
2026-07-28 21:35:48.481 | INFO     | monitor:scan:111 - Scanning Website...
2026-07-28 21:35:48.482 | INFO     | monitor:scan:125 - Loading Page 1
2026-07-28 21:35:48.482 | INFO     | api:get_files:60 - Loading Page 1
2026-07-28 21:35:52.354 | INFO     | api:get_file:84 - Loading File 126d5180-1adb-5053-88b0-c1571f3c5943
2026-07-28 21:35:52.652 | INFO     | monitor:scan:273 - Reached Old Files
2026-07-28 21:35:52.653 | INFO     | monitor:scan:303 - No New Serial
2026-07-28 21:35:52.654 | INFO     | monitor:scan:325 - Nothing Changed
2026-07-28 21:35:52.656 | SUCCESS  | monitor:scan:331 - Scan Finished
2026-07-28 21:35:52.658 | INFO     | monitor:start:67 - Sleep 60 Seconds
2026-07-28 21:36:52.660 | INFO     | auth.login:ensure_login:354 - Checking Login...
2026-07-28 21:36:52.661 | SUCCESS  | auth.login:load_saved_token:192 - Saved Token Loaded
2026-07-28 21:36:52.661 | SUCCESS  | auth.login:ensure_login:362 - Using Saved Token
2026-07-28 21:36:52.661 | INFO     | monitor:scan:111 - Scanning Website...
2026-07-28 21:36:52.663 | INFO     | monitor:scan:125 - Loading Page 1
2026-07-28 21:36:52.664 | INFO     | api:get_files:60 - Loading Page 1
2026-07-28 21:36:54.293 | INFO     | api:get_file:84 - Loading File 126d5180-1adb-5053-88b0-c1571f3c5943
2026-07-28 21:36:54.525 | INFO     | monitor:scan:273 - Reached Old Files
2026-07-28 21:36:54.526 | INFO     | monitor:scan:303 - No New Serial
2026-07-28 21:36:54.526 | INFO     | monitor:scan:325 - Nothing Changed
2026-07-28 21:36:54.526 | SUCCESS  | monitor:scan:331 - Scan Finished
2026-07-28 21:36:54.527 | INFO     | monitor:start:67 - Sleep 60 Seconds
2026-07-28 21:37:54.527 | INFO     | auth.login:ensure_login:354 - Checking Login...
2026-07-28 21:37:54.529 | SUCCESS  | auth.login:load_saved_token:192 - Saved Token Loaded
2026-07-28 21:37:54.530 | SUCCESS  | auth.login:ensure_login:362 - Using Saved Token
2026-07-28 21:37:54.531 | INFO     | monitor:scan:111 - Scanning Website...
2026-07-28 21:37:54.532 | INFO     | monitor:scan:125 - Loading Page 1
2026-07-28 21:37:54.533 | INFO     | api:get_files:60 - Loading Page 1
2026-07-28 21:37:57.788 | INFO     | api:get_file:84 - Loading File 126d5180-1adb-5053-88b0-c1571f3c5943
2026-07-28 21:37:58.022 | INFO     | monitor:scan:273 - Reached Old Files
2026-07-28 21:37:58.024 | INFO     | monitor:scan:303 - No New Serial
2026-07-28 21:37:58.025 | INFO     | monitor:scan:325 - Nothing Changed
2026-07-28 21:37:58.027 | SUCCESS  | monitor:scan:331 - Scan Finished
2026-07-28 21:37:58.028 | INFO     | monitor:start:67 - Sleep 60 Seconds
2026-07-28 21:38:58.029 | INFO     | auth.login:ensure_login:354 - Checking Login...
2026-07-28 21:38:58.030 | SUCCESS  | auth.login:load_saved_token:192 - Saved Token Loaded
2026-07-28 21:38:58.031 | SUCCESS  | auth.login:ensure_login:362 - Using Saved Token
2026-07-28 21:38:58.032 | INFO     | monitor:scan:111 - Scanning Website...
2026-07-28 21:38:58.033 | INFO     | monitor:scan:125 - Loading Page 1
2026-07-28 21:38:58.033 | INFO     | api:get_files:60 - Loading Page 1
2026-07-28 21:38:58.467 | WARNING  | auth.login:get:411 - Access Token Expired
2026-07-28 21:38:58.467 | INFO     | auth.login:login:262 - Logging in...
2026-07-28 21:38:58.911 | SUCCESS  | auth.login:save_token:242 - Token Saved
2026-07-28 21:38:58.911 | SUCCESS  | auth.login:login:340 - Login Successful
2026-07-28 21:39:00.063 | INFO     | api:get_file:84 - Loading File 126d5180-1adb-5053-88b0-c1571f3c5943
2026-07-28 21:39:00.288 | INFO     | monitor:scan:273 - Reached Old Files
2026-07-28 21:39:00.288 | INFO     | monitor:scan:303 - No New Serial
2026-07-28 21:39:00.289 | INFO     | monitor:scan:325 - Nothing Changed
2026-07-28 21:39:00.289 | SUCCESS  | monitor:scan:331 - Scan Finished
2026-07-28 21:39:00.290 | INFO     | monitor:start:67 - Sleep 60 Seconds
2026-07-28 21:40:00.290 | INFO     | auth.login:ensure_login:354 - Checking Login...
2026-07-28 21:40:00.312 | SUCCESS  | auth.login:load_saved_token:192 - Saved Token Loaded
2026-07-28 21:40:00.313 | SUCCESS  | auth.login:ensure_login:362 - Using Saved Token
2026-07-28 21:40:00.314 | INFO     | monitor:scan:111 - Scanning Website...
2026-07-28 21:40:00.315 | INFO     | monitor:scan:125 - Loading Page 1
2026-07-28 21:40:00.315 | INFO     | api:get_files:60 - Loading Page 1
2026-07-28 21:40:04.034 | INFO     | api:get_file:84 - Loading File 126d5180-1adb-5053-88b0-c1571f3c5943
2026-07-28 21:40:04.459 | INFO     | monitor:scan:273 - Reached Old Files
2026-07-28 21:40:04.459 | INFO     | monitor:scan:303 - No New Serial
2026-07-28 21:40:04.459 | INFO     | monitor:scan:325 - Nothing Changed
2026-07-28 21:40:04.460 | SUCCESS  | monitor:scan:331 - Scan Finished
2026-07-28 21:40:04.461 | INFO     | monitor:start:67 - Sleep 60 Seconds
2026-07-28 21:41:04.462 | INFO     | auth.login:ensure_login:354 - Checking Login...
2026-07-28 21:41:04.464 | SUCCESS  | auth.login:load_saved_token:192 - Saved Token Loaded
2026-07-28 21:41:04.465 | SUCCESS  | auth.login:ensure_login:362 - Using Saved Token
2026-07-28 21:41:04.466 | INFO     | monitor:scan:111 - Scanning Website...
2026-07-28 21:41:04.468 | INFO     | monitor:scan:125 - Loading Page 1
2026-07-28 21:41:04.468 | INFO     | api:get_files:60 - Loading Page 1
2026-07-28 21:41:06.678 | INFO     | api:get_file:84 - Loading File 126d5180-1adb-5053-88b0-c1571f3c5943
2026-07-28 21:41:06.918 | INFO     | monitor:scan:273 - Reached Old Files
2026-07-28 21:41:06.920 | INFO     | monitor:scan:303 - No New Serial
2026-07-28 21:41:06.921 | INFO     | monitor:scan:325 - Nothing Changed
2026-07-28 21:41:06.921 | SUCCESS  | monitor:scan:331 - Scan Finished
2026-07-28 21:41:06.922 | INFO     | monitor:start:67 - Sleep 60 Seconds
2026-07-28 21:42:06.925 | INFO     | auth.login:ensure_login:354 - Checking Login...
2026-07-28 21:42:06.928 | SUCCESS  | auth.login:load_saved_token:192 - Saved Token Loaded
2026-07-28 21:42:06.929 | SUCCESS  | auth.login:ensure_login:362 - Using Saved Token
2026-07-28 21:42:06.929 | INFO     | monitor:scan:111 - Scanning Website...
2026-07-28 21:42:06.931 | INFO     | monitor:scan:125 - Loading Page 1
2026-07-28 21:42:06.932 | INFO     | api:get_files:60 - Loading Page 1
2026-07-28 21:42:10.186 | INFO     | api:get_file:84 - Loading File 126d5180-1adb-5053-88b0-c1571f3c5943
2026-07-28 21:42:10.422 | INFO     | monitor:scan:273 - Reached Old Files
2026-07-28 21:42:10.422 | INFO     | monitor:scan:303 - No New Serial
2026-07-28 21:42:10.422 | INFO     | monitor:scan:325 - Nothing Changed
2026-07-28 21:42:10.422 | SUCCESS  | monitor:scan:331 - Scan Finished
2026-07-28 21:42:10.423 | INFO     | monitor:start:67 - Sleep 60 Seconds
2026-07-28 21:43:10.423 | INFO     | auth.login:ensure_login:354 - Checking Login...
2026-07-28 21:43:10.425 | SUCCESS  | auth.login:load_saved_token:192 - Saved Token Loaded
2026-07-28 21:43:10.426 | SUCCESS  | auth.login:ensure_login:362 - Using Saved Token
2026-07-28 21:43:10.428 | INFO     | monitor:scan:111 - Scanning Website...
2026-07-28 21:43:10.429 | INFO     | monitor:scan:125 - Loading Page 1
2026-07-28 21:43:10.430 | INFO     | api:get_files:60 - Loading Page 1
2026-07-28 21:43:12.051 | INFO     | api:get_file:84 - Loading File 126d5180-1adb-5053-88b0-c1571f3c5943
2026-07-28 21:43:12.298 | INFO     | monitor:scan:273 - Reached Old Files
2026-07-28 21:43:12.300 | INFO     | monitor:scan:303 - No New Serial
2026-07-28 21:43:12.300 | INFO     | monitor:scan:325 - Nothing Changed
2026-07-28 21:43:12.301 | SUCCESS  | monitor:scan:331 - Scan Finished
2026-07-28 21:43:12.301 | INFO     | monitor:start:67 - Sleep 60 Seconds
2026-07-28 21:44:12.302 | INFO     | auth.login:ensure_login:354 - Checking Login...
2026-07-28 21:44:12.306 | SUCCESS  | auth.login:load_saved_token:192 - Saved Token Loaded
2026-07-28 21:44:12.308 | SUCCESS  | auth.login:ensure_login:362 - Using Saved Token
2026-07-28 21:44:12.308 | INFO     | monitor:scan:111 - Scanning Website...
2026-07-28 21:44:12.311 | INFO     | monitor:scan:125 - Loading Page 1
2026-07-28 21:44:12.312 | INFO     | api:get_files:60 - Loading Page 1
2026-07-28 21:44:13.930 | INFO     | api:get_file:84 - Loading File 126d5180-1adb-5053-88b0-c1571f3c5943
2026-07-28 21:44:14.169 | INFO     | monitor:scan:273 - Reached Old Files
2026-07-28 21:44:14.170 | INFO     | monitor:scan:303 - No New Serial
2026-07-28 21:44:14.171 | INFO     | monitor:scan:325 - Nothing Changed
2026-07-28 21:44:14.172 | SUCCESS  | monitor:scan:331 - Scan Finished
2026-07-28 21:44:14.173 | INFO     | monitor:start:67 - Sleep 60 Seconds
2026-07-28 21:45:14.174 | INFO     | auth.login:ensure_login:354 - Checking Login...
2026-07-28 21:45:14.175 | SUCCESS  | auth.login:load_saved_token:192 - Saved Token Loaded
2026-07-28 21:45:14.177 | SUCCESS  | auth.login:ensure_login:362 - Using Saved Token
2026-07-28 21:45:14.178 | INFO     | monitor:scan:111 - Scanning Website...
2026-07-28 21:45:14.179 | INFO     | monitor:scan:125 - Loading Page 1
2026-07-28 21:45:14.179 | INFO     | api:get_files:60 - Loading Page 1
2026-07-28 21:45:17.724 | INFO     | api:get_file:84 - Loading File 126d5180-1adb-5053-88b0-c1571f3c5943
2026-07-28 21:45:17.966 | INFO     | monitor:scan:273 - Reached Old Files
2026-07-28 21:45:17.967 | INFO     | monitor:scan:303 - No New Serial
2026-07-28 21:45:17.967 | INFO     | monitor:scan:325 - Nothing Changed
2026-07-28 21:45:17.968 | SUCCESS  | monitor:scan:331 - Scan Finished
2026-07-28 21:45:17.968 | INFO     | monitor:start:67 - Sleep 60 Seconds
2026-07-28 21:46:17.969 | INFO     | auth.login:ensure_login:354 - Checking Login...
2026-07-28 21:46:17.970 | SUCCESS  | auth.login:load_saved_token:192 - Saved Token Loaded
2026-07-28 21:46:17.970 | SUCCESS  | auth.login:ensure_login:362 - Using Saved Token
2026-07-28 21:46:17.970 | INFO     | monitor:scan:111 - Scanning Website...
2026-07-28 21:46:17.971 | INFO     | monitor:scan:125 - Loading Page 1
2026-07-28 21:46:17.971 | INFO     | api:get_files:60 - Loading Page 1
2026-07-28 21:46:21.509 | INFO     | api:get_file:84 - Loading File 126d5180-1adb-5053-88b0-c1571f3c5943
2026-07-28 21:46:21.912 | INFO     | monitor:scan:273 - Reached Old Files
2026-07-28 21:46:21.916 | INFO     | monitor:scan:303 - No New Serial
2026-07-28 21:46:21.917 | INFO     | monitor:scan:325 - Nothing Changed
2026-07-28 21:46:21.918 | SUCCESS  | monitor:scan:331 - Scan Finished
2026-07-28 21:46:21.920 | INFO     | monitor:start:67 - Sleep 60 Seconds
2026-07-28 21:47:21.921 | INFO     | auth.login:ensure_login:354 - Checking Login...
2026-07-28 21:47:21.925 | SUCCESS  | auth.login:load_saved_token:192 - Saved Token Loaded
2026-07-28 21:47:21.926 | SUCCESS  | auth.login:ensure_login:362 - Using Saved Token
2026-07-28 21:47:21.928 | INFO     | monitor:scan:111 - Scanning Website...
2026-07-28 21:47:21.929 | INFO     | monitor:scan:125 - Loading Page 1
2026-07-28 21:47:21.930 | INFO     | api:get_files:60 - Loading Page 1
2026-07-28 21:47:23.421 | INFO     | api:get_file:84 - Loading File 126d5180-1adb-5053-88b0-c1571f3c5943
2026-07-28 21:47:23.653 | INFO     | monitor:scan:273 - Reached Old Files
2026-07-28 21:47:23.655 | INFO     | monitor:scan:303 - No New Serial
2026-07-28 21:47:23.657 | INFO     | monitor:scan:325 - Nothing Changed
2026-07-28 21:47:23.658 | SUCCESS  | monitor:scan:331 - Scan Finished
2026-07-28 21:47:23.659 | INFO     | monitor:start:67 - Sleep 60 Seconds
2026-07-28 21:48:23.660 | INFO     | auth.login:ensure_login:354 - Checking Login...
2026-07-28 21:48:23.661 | SUCCESS  | auth.login:load_saved_token:192 - Saved Token Loaded
2026-07-28 21:48:23.661 | SUCCESS  | auth.login:ensure_login:362 - Using Saved Token
2026-07-28 21:48:23.661 | INFO     | monitor:scan:111 - Scanning Website...
2026-07-28 21:48:23.662 | INFO     | monitor:scan:125 - Loading Page 1
2026-07-28 21:48:23.662 | INFO     | api:get_files:60 - Loading Page 1
2026-07-28 21:48:25.762 | INFO     | api:get_file:84 - Loading File 126d5180-1adb-5053-88b0-c1571f3c5943
2026-07-28 21:48:25.994 | INFO     | monitor:scan:273 - Reached Old Files
2026-07-28 21:48:25.994 | INFO     | monitor:scan:303 - No New Serial
2026-07-28 21:48:25.994 | INFO     | monitor:scan:325 - Nothing Changed
2026-07-28 21:48:25.994 | SUCCESS  | monitor:scan:331 - Scan Finished
2026-07-28 21:48:25.994 | INFO     | monitor:start:67 - Sleep 60 Seconds
2026-07-28 21:49:25.995 | INFO     | auth.login:ensure_login:354 - Checking Login...
2026-07-28 21:49:25.997 | SUCCESS  | auth.login:load_saved_token:192 - Saved Token Loaded
2026-07-28 21:49:25.998 | SUCCESS  | auth.login:ensure_login:362 - Using Saved Token
2026-07-28 21:49:25.999 | INFO     | monitor:scan:111 - Scanning Website...
2026-07-28 21:49:26.000 | INFO     | monitor:scan:125 - Loading Page 1
2026-07-28 21:49:26.000 | INFO     | api:get_files:60 - Loading Page 1
2026-07-28 21:49:26.481 | WARNING  | auth.login:get:411 - Access Token Expired
2026-07-28 21:49:26.482 | INFO     | auth.login:login:262 - Logging in...
2026-07-28 21:49:26.992 | SUCCESS  | auth.login:save_token:242 - Token Saved
2026-07-28 21:49:26.993 | SUCCESS  | auth.login:login:340 - Login Successful
2026-07-28 21:49:28.385 | INFO     | api:get_file:84 - Loading File 126d5180-1adb-5053-88b0-c1571f3c5943
2026-07-28 21:49:28.626 | INFO     | monitor:scan:273 - Reached Old Files
2026-07-28 21:49:28.626 | INFO     | monitor:scan:303 - No New Serial
2026-07-28 21:49:28.627 | INFO     | monitor:scan:325 - Nothing Changed
2026-07-28 21:49:28.627 | SUCCESS  | monitor:scan:331 - Scan Finished
2026-07-28 21:49:28.627 | INFO     | monitor:start:67 - Sleep 60 Seconds
2026-07-28 21:50:28.628 | INFO     | auth.login:ensure_login:354 - Checking Login...
2026-07-28 21:50:28.634 | SUCCESS  | auth.login:load_saved_token:192 - Saved Token Loaded
2026-07-28 21:50:28.634 | SUCCESS  | auth.login:ensure_login:362 - Using Saved Token
2026-07-28 21:50:28.634 | INFO     | monitor:scan:111 - Scanning Website...
2026-07-28 21:50:28.635 | INFO     | monitor:scan:125 - Loading Page 1
2026-07-28 21:50:28.635 | INFO     | api:get_files:60 - Loading Page 1
2026-07-28 21:50:32.316 | INFO     | api:get_file:84 - Loading File 126d5180-1adb-5053-88b0-c1571f3c5943
2026-07-28 21:50:32.791 | INFO     | monitor:scan:273 - Reached Old Files
2026-07-28 21:50:32.791 | INFO     | monitor:scan:303 - No New Serial
2026-07-28 21:50:32.791 | INFO     | monitor:scan:325 - Nothing Changed
2026-07-28 21:50:32.792 | SUCCESS  | monitor:scan:331 - Scan Finished
2026-07-28 21:50:32.792 | INFO     | monitor:start:67 - Sleep 60 Seconds
2026-07-28 21:51:32.793 | INFO     | auth.login:ensure_login:354 - Checking Login...
2026-07-28 21:51:32.793 | SUCCESS  | auth.login:load_saved_token:192 - Saved Token Loaded
2026-07-28 21:51:32.793 | SUCCESS  | auth.login:ensure_login:362 - Using Saved Token
2026-07-28 21:51:32.793 | INFO     | monitor:scan:111 - Scanning Website...
2026-07-28 21:51:32.794 | INFO     | monitor:scan:125 - Loading Page 1
2026-07-28 21:51:32.794 | INFO     | api:get_files:60 - Loading Page 1
2026-07-28 21:51:36.245 | INFO     | api:get_file:84 - Loading File 126d5180-1adb-5053-88b0-c1571f3c5943
2026-07-28 21:51:36.512 | INFO     | monitor:scan:273 - Reached Old Files
2026-07-28 21:51:36.513 | INFO     | monitor:scan:303 - No New Serial
2026-07-28 21:51:36.514 | INFO     | monitor:scan:325 - Nothing Changed
2026-07-28 21:51:36.517 | SUCCESS  | monitor:scan:331 - Scan Finished
2026-07-28 21:51:36.519 | INFO     | monitor:start:67 - Sleep 60 Seconds
2026-07-28 21:52:36.520 | INFO     | auth.login:ensure_login:354 - Checking Login...
2026-07-28 21:52:36.521 | SUCCESS  | auth.login:load_saved_token:192 - Saved Token Loaded
2026-07-28 21:52:36.521 | SUCCESS  | auth.login:ensure_login:362 - Using Saved Token
2026-07-28 21:52:36.521 | INFO     | monitor:scan:111 - Scanning Website...
2026-07-28 21:52:36.522 | INFO     | monitor:scan:125 - Loading Page 1
2026-07-28 21:52:36.523 | INFO     | api:get_files:60 - Loading Page 1
2026-07-28 21:52:40.336 | INFO     | api:get_file:84 - Loading File 126d5180-1adb-5053-88b0-c1571f3c5943
2026-07-28 21:52:40.748 | INFO     | monitor:scan:273 - Reached Old Files
2026-07-28 21:52:40.749 | INFO     | monitor:scan:303 - No New Serial
2026-07-28 21:52:40.752 | INFO     | monitor:scan:325 - Nothing Changed
2026-07-28 21:52:40.753 | SUCCESS  | monitor:scan:331 - Scan Finished
2026-07-28 21:52:40.756 | INFO     | monitor:start:67 - Sleep 60 Seconds
2026-07-28 21:53:40.758 | INFO     | auth.login:ensure_login:354 - Checking Login...
2026-07-28 21:53:40.759 | SUCCESS  | auth.login:load_saved_token:192 - Saved Token Loaded
2026-07-28 21:53:40.759 | SUCCESS  | auth.login:ensure_login:362 - Using Saved Token
2026-07-28 21:53:40.759 | INFO     | monitor:scan:111 - Scanning Website...
2026-07-28 21:53:40.760 | INFO     | monitor:scan:125 - Loading Page 1
2026-07-28 21:53:40.760 | INFO     | api:get_files:60 - Loading Page 1
2026-07-28 21:53:43.124 | INFO     | api:get_file:84 - Loading File 126d5180-1adb-5053-88b0-c1571f3c5943
2026-07-28 21:53:43.356 | INFO     | monitor:scan:273 - Reached Old Files
2026-07-28 21:53:43.357 | INFO     | monitor:scan:303 - No New Serial
2026-07-28 21:53:43.357 | INFO     | monitor:scan:325 - Nothing Changed
2026-07-28 21:53:43.357 | SUCCESS  | monitor:scan:331 - Scan Finished
2026-07-28 21:53:43.357 | INFO     | monitor:start:67 - Sleep 60 Seconds
2026-07-28 21:54:43.358 | INFO     | auth.login:ensure_login:354 - Checking Login...
2026-07-28 21:54:43.361 | SUCCESS  | auth.login:load_saved_token:192 - Saved Token Loaded
2026-07-28 21:54:43.363 | SUCCESS  | auth.login:ensure_login:362 - Using Saved Token
2026-07-28 21:54:43.364 | INFO     | monitor:scan:111 - Scanning Website...
2026-07-28 21:54:43.367 | INFO     | monitor:scan:125 - Loading Page 1
2026-07-28 21:54:43.369 | INFO     | api:get_files:60 - Loading Page 1
2026-07-28 21:54:44.938 | INFO     | api:get_file:84 - Loading File 126d5180-1adb-5053-88b0-c1571f3c5943
2026-07-28 21:54:45.179 | INFO     | monitor:scan:273 - Reached Old Files
2026-07-28 21:54:45.181 | INFO     | monitor:scan:303 - No New Serial
2026-07-28 21:54:45.182 | INFO     | monitor:scan:325 - Nothing Changed
2026-07-28 21:54:45.182 | SUCCESS  | monitor:scan:331 - Scan Finished
2026-07-28 21:54:45.183 | INFO     | monitor:start:67 - Sleep 60 Seconds
2026-07-28 21:55:45.184 | INFO     | auth.login:ensure_login:354 - Checking Login...
2026-07-28 21:55:45.186 | SUCCESS  | auth.login:load_saved_token:192 - Saved Token Loaded
2026-07-28 21:55:45.187 | SUCCESS  | auth.login:ensure_login:362 - Using Saved Token
2026-07-28 21:55:45.188 | INFO     | monitor:scan:111 - Scanning Website...
2026-07-28 21:55:45.190 | INFO     | monitor:scan:125 - Loading Page 1
2026-07-28 21:55:45.191 | INFO     | api:get_files:60 - Loading Page 1
2026-07-28 21:55:46.936 | INFO     | api:get_file:84 - Loading File 126d5180-1adb-5053-88b0-c1571f3c5943
2026-07-28 21:55:47.173 | INFO     | monitor:scan:273 - Reached Old Files
2026-07-28 21:55:47.174 | INFO     | monitor:scan:303 - No New Serial
2026-07-28 21:55:47.174 | INFO     | monitor:scan:325 - Nothing Changed
2026-07-28 21:55:47.175 | SUCCESS  | monitor:scan:331 - Scan Finished
2026-07-28 21:55:47.175 | INFO     | monitor:start:67 - Sleep 60 Seconds
2026-07-28 21:56:47.177 | INFO     | auth.login:ensure_login:354 - Checking Login...
2026-07-28 21:56:47.177 | SUCCESS  | auth.login:load_saved_token:192 - Saved Token Loaded
2026-07-28 21:56:47.178 | SUCCESS  | auth.login:ensure_login:362 - Using Saved Token
2026-07-28 21:56:47.178 | INFO     | monitor:scan:111 - Scanning Website...
2026-07-28 21:56:47.178 | INFO     | monitor:scan:125 - Loading Page 1
2026-07-28 21:56:47.179 | INFO     | api:get_files:60 - Loading Page 1
2026-07-28 21:56:49.519 | INFO     | api:get_file:84 - Loading File 126d5180-1adb-5053-88b0-c1571f3c5943
2026-07-28 21:56:49.760 | INFO     | monitor:scan:273 - Reached Old Files
2026-07-28 21:56:49.762 | INFO     | monitor:scan:303 - No New Serial
2026-07-28 21:56:49.762 | INFO     | monitor:scan:325 - Nothing Changed
2026-07-28 21:56:49.763 | SUCCESS  | monitor:scan:331 - Scan Finished
2026-07-28 21:56:49.764 | INFO     | monitor:start:67 - Sleep 60 Seconds
2026-07-28 21:57:49.766 | INFO     | auth.login:ensure_login:354 - Checking Login...
2026-07-28 21:57:49.770 | SUCCESS  | auth.login:load_saved_token:192 - Saved Token Loaded
2026-07-28 21:57:49.771 | SUCCESS  | auth.login:ensure_login:362 - Using Saved Token
2026-07-28 21:57:49.772 | INFO     | monitor:scan:111 - Scanning Website...
2026-07-28 21:57:49.774 | INFO     | monitor:scan:125 - Loading Page 1
2026-07-28 21:57:49.775 | INFO     | api:get_files:60 - Loading Page 1
2026-07-28 21:57:51.407 | INFO     | api:get_file:84 - Loading File 126d5180-1adb-5053-88b0-c1571f3c5943
2026-07-28 21:57:51.644 | INFO     | monitor:scan:273 - Reached Old Files
2026-07-28 21:57:51.645 | INFO     | monitor:scan:303 - No New Serial
2026-07-28 21:57:51.645 | INFO     | monitor:scan:325 - Nothing Changed
2026-07-28 21:57:51.645 | SUCCESS  | monitor:scan:331 - Scan Finished
2026-07-28 21:57:51.646 | INFO     | monitor:start:67 - Sleep 60 Seconds
2026-07-28 21:58:51.646 | INFO     | auth.login:ensure_login:354 - Checking Login...
2026-07-28 21:58:51.649 | SUCCESS  | auth.login:load_saved_token:192 - Saved Token Loaded
2026-07-28 21:58:51.650 | SUCCESS  | auth.login:ensure_login:362 - Using Saved Token
2026-07-28 21:58:51.652 | INFO     | monitor:scan:111 - Scanning Website...
2026-07-28 21:58:51.654 | INFO     | monitor:scan:125 - Loading Page 1
2026-07-28 21:58:51.655 | INFO     | api:get_files:60 - Loading Page 1
2026-07-28 21:58:53.159 | INFO     | api:get_file:84 - Loading File 126d5180-1adb-5053-88b0-c1571f3c5943
2026-07-28 21:58:53.389 | INFO     | monitor:scan:273 - Reached Old Files
2026-07-28 21:58:53.389 | INFO     | monitor:scan:303 - No New Serial
2026-07-28 21:58:53.390 | INFO     | monitor:scan:325 - Nothing Changed
2026-07-28 21:58:53.391 | SUCCESS  | monitor:scan:331 - Scan Finished
2026-07-28 21:58:53.391 | INFO     | monitor:start:67 - Sleep 60 Seconds
2026-07-28 21:59:53.392 | INFO     | auth.login:ensure_login:354 - Checking Login...
2026-07-28 21:59:53.394 | SUCCESS  | auth.login:load_saved_token:192 - Saved Token Loaded
2026-07-28 21:59:53.394 | SUCCESS  | auth.login:ensure_login:362 - Using Saved Token
2026-07-28 21:59:53.394 | INFO     | monitor:scan:111 - Scanning Website...
2026-07-28 21:59:53.395 | INFO     | monitor:scan:125 - Loading Page 1
2026-07-28 21:59:53.395 | INFO     | api:get_files:60 - Loading Page 1
2026-07-28 21:59:53.886 | WARNING  | auth.login:get:411 - Access Token Expired
2026-07-28 21:59:53.888 | INFO     | auth.login:login:262 - Logging in...
2026-07-28 21:59:54.385 | SUCCESS  | auth.login:save_token:242 - Token Saved
2026-07-28 21:59:54.386 | SUCCESS  | auth.login:login:340 - Login Successful
2026-07-28 21:59:56.419 | INFO     | api:get_file:84 - Loading File 126d5180-1adb-5053-88b0-c1571f3c5943
2026-07-28 21:59:56.658 | INFO     | monitor:scan:273 - Reached Old Files
2026-07-28 21:59:56.658 | INFO     | monitor:scan:303 - No New Serial
2026-07-28 21:59:56.659 | INFO     | monitor:scan:325 - Nothing Changed
2026-07-28 21:59:56.659 | SUCCESS  | monitor:scan:331 - Scan Finished
2026-07-28 21:59:56.659 | INFO     | monitor:start:67 - Sleep 60 Seconds
2026-07-28 22:00:56.660 | INFO     | auth.login:ensure_login:354 - Checking Login...
2026-07-28 22:00:56.670 | SUCCESS  | auth.login:load_saved_token:192 - Saved Token Loaded
2026-07-28 22:00:56.670 | SUCCESS  | auth.login:ensure_login:362 - Using Saved Token
2026-07-28 22:00:56.670 | INFO     | monitor:scan:111 - Scanning Website...
2026-07-28 22:00:56.671 | INFO     | monitor:scan:125 - Loading Page 1
2026-07-28 22:00:56.671 | INFO     | api:get_files:60 - Loading Page 1
2026-07-28 22:00:58.171 | INFO     | api:get_file:84 - Loading File 126d5180-1adb-5053-88b0-c1571f3c5943
2026-07-28 22:00:58.401 | INFO     | monitor:scan:273 - Reached Old Files
2026-07-28 22:00:58.401 | INFO     | monitor:scan:303 - No New Serial
2026-07-28 22:00:58.401 | INFO     | monitor:scan:325 - Nothing Changed
2026-07-28 22:00:58.401 | SUCCESS  | monitor:scan:331 - Scan Finished
2026-07-28 22:00:58.401 | INFO     | monitor:start:67 - Sleep 60 Seconds
2026-07-28 22:01:58.402 | INFO     | auth.login:ensure_login:354 - Checking Login...
2026-07-28 22:01:58.406 | SUCCESS  | auth.login:load_saved_token:192 - Saved Token Loaded
2026-07-28 22:01:58.408 | SUCCESS  | auth.login:ensure_login:362 - Using Saved Token
2026-07-28 22:01:58.410 | INFO     | monitor:scan:111 - Scanning Website...
2026-07-28 22:01:58.414 | INFO     | monitor:scan:125 - Loading Page 1
2026-07-28 22:01:58.415 | INFO     | api:get_files:60 - Loading Page 1
2026-07-28 22:02:00.157 | INFO     | api:get_file:84 - Loading File 126d5180-1adb-5053-88b0-c1571f3c5943
2026-07-28 22:02:00.838 | INFO     | monitor:scan:273 - Reached Old Files
2026-07-28 22:02:00.839 | INFO     | monitor:scan:303 - No New Serial
2026-07-28 22:02:00.841 | INFO     | monitor:scan:325 - Nothing Changed
2026-07-28 22:02:00.842 | SUCCESS  | monitor:scan:331 - Scan Finished
2026-07-28 22:02:00.843 | INFO     | monitor:start:67 - Sleep 60 Seconds
2026-07-28 22:03:00.844 | INFO     | auth.login:ensure_login:354 - Checking Login...
2026-07-28 22:03:00.846 | SUCCESS  | auth.login:load_saved_token:192 - Saved Token Loaded
2026-07-28 22:03:00.847 | SUCCESS  | auth.login:ensure_login:362 - Using Saved Token
2026-07-28 22:03:00.847 | INFO     | monitor:scan:111 - Scanning Website...
2026-07-28 22:03:00.847 | INFO     | monitor:scan:125 - Loading Page 1
2026-07-28 22:03:00.847 | INFO     | api:get_files:60 - Loading Page 1
2026-07-28 22:03:02.670 | INFO     | api:get_file:84 - Loading File 126d5180-1adb-5053-88b0-c1571f3c5943
2026-07-28 22:03:02.910 | INFO     | monitor:scan:273 - Reached Old Files
2026-07-28 22:03:02.910 | INFO     | monitor:scan:303 - No New Serial
2026-07-28 22:03:02.910 | INFO     | monitor:scan:325 - Nothing Changed
2026-07-28 22:03:02.911 | SUCCESS  | monitor:scan:331 - Scan Finished
2026-07-28 22:03:02.911 | INFO     | monitor:start:67 - Sleep 60 Seconds
2026-07-28 22:04:02.912 | INFO     | auth.login:ensure_login:354 - Checking Login...
2026-07-28 22:04:02.913 | SUCCESS  | auth.login:load_saved_token:192 - Saved Token Loaded
2026-07-28 22:04:02.913 | SUCCESS  | auth.login:ensure_login:362 - Using Saved Token
2026-07-28 22:04:02.914 | INFO     | monitor:scan:111 - Scanning Website...
2026-07-28 22:04:02.914 | INFO     | monitor:scan:125 - Loading Page 1
2026-07-28 22:04:02.914 | INFO     | api:get_files:60 - Loading Page 1
2026-07-28 22:04:04.749 | INFO     | api:get_file:84 - Loading File 126d5180-1adb-5053-88b0-c1571f3c5943
2026-07-28 22:04:04.992 | INFO     | monitor:scan:273 - Reached Old Files
2026-07-28 22:04:04.993 | INFO     | monitor:scan:303 - No New Serial
2026-07-28 22:04:04.994 | INFO     | monitor:scan:325 - Nothing Changed
2026-07-28 22:04:04.995 | SUCCESS  | monitor:scan:331 - Scan Finished
2026-07-28 22:04:04.997 | INFO     | monitor:start:67 - Sleep 60 Seconds
2026-07-28 22:05:04.998 | INFO     | auth.login:ensure_login:354 - Checking Login...
2026-07-28 22:05:05.002 | SUCCESS  | auth.login:load_saved_token:192 - Saved Token Loaded
2026-07-28 22:05:05.004 | SUCCESS  | auth.login:ensure_login:362 - Using Saved Token
2026-07-28 22:05:05.006 | INFO     | monitor:scan:111 - Scanning Website...
2026-07-28 22:05:05.007 | INFO     | monitor:scan:125 - Loading Page 1
2026-07-28 22:05:05.007 | INFO     | api:get_files:60 - Loading Page 1
2026-07-28 22:05:06.588 | INFO     | api:get_file:84 - Loading File 126d5180-1adb-5053-88b0-c1571f3c5943
2026-07-28 22:05:06.835 | INFO     | monitor:scan:273 - Reached Old Files
2026-07-28 22:05:06.835 | INFO     | monitor:scan:303 - No New Serial
2026-07-28 22:05:06.835 | INFO     | monitor:scan:325 - Nothing Changed
2026-07-28 22:05:06.835 | SUCCESS  | monitor:scan:331 - Scan Finished
2026-07-28 22:05:06.836 | INFO     | monitor:start:67 - Sleep 60 Seconds
2026-07-28 22:06:06.836 | INFO     | auth.login:ensure_login:354 - Checking Login...
2026-07-28 22:06:06.839 | SUCCESS  | auth.login:load_saved_token:192 - Saved Token Loaded
2026-07-28 22:06:06.840 | SUCCESS  | auth.login:ensure_login:362 - Using Saved Token
2026-07-28 22:06:06.841 | INFO     | monitor:scan:111 - Scanning Website...
2026-07-28 22:06:06.845 | INFO     | monitor:scan:125 - Loading Page 1
2026-07-28 22:06:06.846 | INFO     | api:get_files:60 - Loading Page 1
2026-07-28 22:06:08.381 | INFO     | api:get_file:84 - Loading File 126d5180-1adb-5053-88b0-c1571f3c5943
2026-07-28 22:06:08.615 | INFO     | monitor:scan:273 - Reached Old Files
2026-07-28 22:06:08.616 | INFO     | monitor:scan:303 - No New Serial
2026-07-28 22:06:08.616 | INFO     | monitor:scan:325 - Nothing Changed
2026-07-28 22:06:08.617 | SUCCESS  | monitor:scan:331 - Scan Finished
2026-07-28 22:06:08.617 | INFO     | monitor:start:67 - Sleep 60 Seconds
2026-07-28 22:07:08.618 | INFO     | auth.login:ensure_login:354 - Checking Login...
2026-07-28 22:07:08.621 | SUCCESS  | auth.login:load_saved_token:192 - Saved Token Loaded
2026-07-28 22:07:08.622 | SUCCESS  | auth.login:ensure_login:362 - Using Saved Token
2026-07-28 22:07:08.623 | INFO     | monitor:scan:111 - Scanning Website...
2026-07-28 22:07:08.626 | INFO     | monitor:scan:125 - Loading Page 1
2026-07-28 22:07:08.627 | INFO     | api:get_files:60 - Loading Page 1
2026-07-28 22:07:10.253 | INFO     | api:get_file:84 - Loading File 126d5180-1adb-5053-88b0-c1571f3c5943
2026-07-28 22:07:10.493 | INFO     | monitor:scan:273 - Reached Old Files
2026-07-28 22:07:10.494 | INFO     | monitor:scan:303 - No New Serial
2026-07-28 22:07:10.495 | INFO     | monitor:scan:325 - Nothing Changed
2026-07-28 22:07:10.495 | SUCCESS  | monitor:scan:331 - Scan Finished
2026-07-28 22:07:10.497 | INFO     | monitor:start:67 - Sleep 60 Seconds
2026-07-28 22:08:10.498 | INFO     | auth.login:ensure_login:354 - Checking Login...
2026-07-28 22:08:10.499 | SUCCESS  | auth.login:load_saved_token:192 - Saved Token Loaded
2026-07-28 22:08:10.499 | SUCCESS  | auth.login:ensure_login:362 - Using Saved Token
2026-07-28 22:08:10.499 | INFO     | monitor:scan:111 - Scanning Website...
2026-07-28 22:08:10.499 | INFO     | monitor:scan:125 - Loading Page 1
2026-07-28 22:08:10.499 | INFO     | api:get_files:60 - Loading Page 1
2026-07-28 22:08:12.419 | INFO     | api:get_file:84 - Loading File 126d5180-1adb-5053-88b0-c1571f3c5943
2026-07-28 22:08:12.657 | INFO     | monitor:scan:273 - Reached Old Files
2026-07-28 22:08:12.658 | INFO     | monitor:scan:303 - No New Serial
2026-07-28 22:08:12.659 | INFO     | monitor:scan:325 - Nothing Changed
2026-07-28 22:08:12.660 | SUCCESS  | monitor:scan:331 - Scan Finished
2026-07-28 22:08:12.662 | INFO     | monitor:start:67 - Sleep 60 Seconds
2026-07-28 22:09:12.662 | INFO     | auth.login:ensure_login:354 - Checking Login...
2026-07-28 22:09:12.663 | SUCCESS  | auth.login:load_saved_token:192 - Saved Token Loaded
2026-07-28 22:09:12.664 | SUCCESS  | auth.login:ensure_login:362 - Using Saved Token
2026-07-28 22:09:12.664 | INFO     | monitor:scan:111 - Scanning Website...
2026-07-28 22:09:12.665 | INFO     | monitor:scan:125 - Loading Page 1
2026-07-28 22:09:12.665 | INFO     | api:get_files:60 - Loading Page 1
2026-07-28 22:09:14.270 | INFO     | api:get_file:84 - Loading File 126d5180-1adb-5053-88b0-c1571f3c5943
2026-07-28 22:09:14.492 | INFO     | monitor:scan:273 - Reached Old Files
2026-07-28 22:09:14.493 | INFO     | monitor:scan:303 - No New Serial
2026-07-28 22:09:14.493 | INFO     | monitor:scan:325 - Nothing Changed
2026-07-28 22:09:14.494 | SUCCESS  | monitor:scan:331 - Scan Finished
2026-07-28 22:09:14.495 | INFO     | monitor:start:67 - Sleep 60 Seconds
2026-07-28 22:10:14.496 | INFO     | auth.login:ensure_login:354 - Checking Login...
2026-07-28 22:10:14.499 | SUCCESS  | auth.login:load_saved_token:192 - Saved Token Loaded
2026-07-28 22:10:14.500 | SUCCESS  | auth.login:ensure_login:362 - Using Saved Token
2026-07-28 22:10:14.502 | INFO     | monitor:scan:111 - Scanning Website...
2026-07-28 22:10:14.503 | INFO     | monitor:scan:125 - Loading Page 1
2026-07-28 22:10:14.504 | INFO     | api:get_files:60 - Loading Page 1
2026-07-28 22:10:15.688 | WARNING  | auth.login:get:411 - Access Token Expired
2026-07-28 22:10:15.688 | INFO     | auth.login:login:262 - Logging in...
2026-07-28 22:10:16.146 | SUCCESS  | auth.login:save_token:242 - Token Saved
2026-07-28 22:10:16.146 | SUCCESS  | auth.login:login:340 - Login Successful
2026-07-28 22:10:17.727 | INFO     | api:get_file:84 - Loading File 126d5180-1adb-5053-88b0-c1571f3c5943
2026-07-28 22:10:17.966 | INFO     | monitor:scan:273 - Reached Old Files
2026-07-28 22:10:17.966 | INFO     | monitor:scan:303 - No New Serial
2026-07-28 22:10:17.966 | INFO     | monitor:scan:325 - Nothing Changed
2026-07-28 22:10:17.967 | SUCCESS  | monitor:scan:331 - Scan Finished
2026-07-28 22:10:17.967 | INFO     | monitor:start:67 - Sleep 60 Seconds
2026-07-28 22:11:17.967 | INFO     | auth.login:ensure_login:354 - Checking Login...
2026-07-28 22:11:17.976 | SUCCESS  | auth.login:load_saved_token:192 - Saved Token Loaded
2026-07-28 22:11:17.977 | SUCCESS  | auth.login:ensure_login:362 - Using Saved Token
2026-07-28 22:11:17.977 | INFO     | monitor:scan:111 - Scanning Website...
2026-07-28 22:11:17.977 | INFO     | monitor:scan:125 - Loading Page 1
2026-07-28 22:11:17.978 | INFO     | api:get_files:60 - Loading Page 1
2026-07-28 22:11:19.560 | INFO     | api:get_file:84 - Loading File 126d5180-1adb-5053-88b0-c1571f3c5943
2026-07-28 22:11:19.986 | INFO     | monitor:scan:273 - Reached Old Files
2026-07-28 22:11:19.987 | INFO     | monitor:scan:303 - No New Serial
2026-07-28 22:11:19.989 | INFO     | monitor:scan:325 - Nothing Changed
2026-07-28 22:11:19.990 | SUCCESS  | monitor:scan:331 - Scan Finished
2026-07-28 22:11:19.992 | INFO     | monitor:start:67 - Sleep 60 Seconds
2026-07-28 22:12:19.994 | INFO     | auth.login:ensure_login:354 - Checking Login...
2026-07-28 22:12:19.996 | SUCCESS  | auth.login:load_saved_token:192 - Saved Token Loaded
2026-07-28 22:12:19.997 | SUCCESS  | auth.login:ensure_login:362 - Using Saved Token
2026-07-28 22:12:19.998 | INFO     | monitor:scan:111 - Scanning Website...
2026-07-28 22:12:19.999 | INFO     | monitor:scan:125 - Loading Page 1
2026-07-28 22:12:20.000 | INFO     | api:get_files:60 - Loading Page 1
2026-07-28 22:12:22.090 | INFO     | api:get_file:84 - Loading File 126d5180-1adb-5053-88b0-c1571f3c5943
2026-07-28 22:12:22.333 | INFO     | monitor:scan:273 - Reached Old Files
2026-07-28 22:12:22.335 | INFO     | monitor:scan:303 - No New Serial
2026-07-28 22:12:22.336 | INFO     | monitor:scan:325 - Nothing Changed
2026-07-28 22:12:22.336 | SUCCESS  | monitor:scan:331 - Scan Finished
2026-07-28 22:12:22.336 | INFO     | monitor:start:67 - Sleep 60 Seconds
2026-07-28 22:13:22.337 | INFO     | auth.login:ensure_login:354 - Checking Login...
2026-07-28 22:13:22.338 | SUCCESS  | auth.login:load_saved_token:192 - Saved Token Loaded
2026-07-28 22:13:22.338 | SUCCESS  | auth.login:ensure_login:362 - Using Saved Token
2026-07-28 22:13:22.338 | INFO     | monitor:scan:111 - Scanning Website...
2026-07-28 22:13:22.339 | INFO     | monitor:scan:125 - Loading Page 1
2026-07-28 22:13:22.339 | INFO     | api:get_files:60 - Loading Page 1
2026-07-28 22:13:23.917 | INFO     | api:get_file:84 - Loading File 126d5180-1adb-5053-88b0-c1571f3c5943
2026-07-28 22:13:24.164 | INFO     | monitor:scan:273 - Reached Old Files
2026-07-28 22:13:24.165 | INFO     | monitor:scan:303 - No New Serial
2026-07-28 22:13:24.166 | INFO     | monitor:scan:325 - Nothing Changed
2026-07-28 22:13:24.167 | SUCCESS  | monitor:scan:331 - Scan Finished
2026-07-28 22:13:24.168 | INFO     | monitor:start:67 - Sleep 60 Seconds
2026-07-28 22:14:24.169 | INFO     | auth.login:ensure_login:354 - Checking Login...
2026-07-28 22:14:24.171 | SUCCESS  | auth.login:load_saved_token:192 - Saved Token Loaded
2026-07-28 22:14:24.173 | SUCCESS  | auth.login:ensure_login:362 - Using Saved Token
2026-07-28 22:14:24.174 | INFO     | monitor:scan:111 - Scanning Website...
2026-07-28 22:14:24.176 | INFO     | monitor:scan:125 - Loading Page 1
2026-07-28 22:14:24.178 | INFO     | api:get_files:60 - Loading Page 1
2026-07-28 22:14:27.362 | INFO     | api:get_file:84 - Loading File 126d5180-1adb-5053-88b0-c1571f3c5943
2026-07-28 22:14:27.796 | INFO     | monitor:scan:273 - Reached Old Files
2026-07-28 22:14:27.799 | INFO     | monitor:scan:303 - No New Serial
2026-07-28 22:14:27.800 | INFO     | monitor:scan:325 - Nothing Changed
2026-07-28 22:14:27.803 | SUCCESS  | monitor:scan:331 - Scan Finished
2026-07-28 22:14:27.805 | INFO     | monitor:start:67 - Sleep 60 Seconds
2026-07-28 22:15:27.807 | INFO     | auth.login:ensure_login:354 - Checking Login...
2026-07-28 22:15:27.808 | SUCCESS  | auth.login:load_saved_token:192 - Saved Token Loaded
2026-07-28 22:15:27.808 | SUCCESS  | auth.login:ensure_login:362 - Using Saved Token
2026-07-28 22:15:27.809 | INFO     | monitor:scan:111 - Scanning Website...
2026-07-28 22:15:27.810 | INFO     | monitor:scan:125 - Loading Page 1
2026-07-28 22:15:27.810 | INFO     | api:get_files:60 - Loading Page 1
2026-07-28 22:15:30.187 | INFO     | api:get_file:84 - Loading File 126d5180-1adb-5053-88b0-c1571f3c5943
2026-07-28 22:15:30.445 | INFO     | monitor:scan:273 - Reached Old Files
2026-07-28 22:15:30.446 | INFO     | monitor:scan:303 - No New Serial
2026-07-28 22:15:30.446 | INFO     | monitor:scan:325 - Nothing Changed
2026-07-28 22:15:30.446 | SUCCESS  | monitor:scan:331 - Scan Finished
2026-07-28 22:15:30.447 | INFO     | monitor:start:67 - Sleep 60 Seconds
2026-07-28 22:16:30.448 | INFO     | auth.login:ensure_login:354 - Checking Login...
2026-07-28 22:16:30.450 | SUCCESS  | auth.login:load_saved_token:192 - Saved Token Loaded
2026-07-28 22:16:30.451 | SUCCESS  | auth.login:ensure_login:362 - Using Saved Token
2026-07-28 22:16:30.451 | INFO     | monitor:scan:111 - Scanning Website...
2026-07-28 22:16:30.452 | INFO     | monitor:scan:125 - Loading Page 1
2026-07-28 22:16:30.452 | INFO     | api:get_files:60 - Loading Page 1
2026-07-28 22:16:31.982 | INFO     | api:get_file:84 - Loading File 126d5180-1adb-5053-88b0-c1571f3c5943
2026-07-28 22:16:32.216 | INFO     | monitor:scan:273 - Reached Old Files
2026-07-28 22:16:32.216 | INFO     | monitor:scan:303 - No New Serial
2026-07-28 22:16:32.216 | INFO     | monitor:scan:325 - Nothing Changed
2026-07-28 22:16:32.216 | SUCCESS  | monitor:scan:331 - Scan Finished
2026-07-28 22:16:32.216 | INFO     | monitor:start:67 - Sleep 60 Seconds
2026-07-28 22:17:32.217 | INFO     | auth.login:ensure_login:354 - Checking Login...
2026-07-28 22:17:32.220 | SUCCESS  | auth.login:load_saved_token:192 - Saved Token Loaded
2026-07-28 22:17:32.221 | SUCCESS  | auth.login:ensure_login:362 - Using Saved Token
2026-07-28 22:17:32.222 | INFO     | monitor:scan:111 - Scanning Website...
2026-07-28 22:17:32.224 | INFO     | monitor:scan:125 - Loading Page 1
2026-07-28 22:17:32.225 | INFO     | api:get_files:60 - Loading Page 1
2026-07-28 22:17:33.737 | INFO     | api:get_file:84 - Loading File 126d5180-1adb-5053-88b0-c1571f3c5943
2026-07-28 22:17:33.962 | INFO     | monitor:scan:273 - Reached Old Files
2026-07-28 22:17:33.962 | INFO     | monitor:scan:303 - No New Serial
2026-07-28 22:17:33.963 | INFO     | monitor:scan:325 - Nothing Changed
2026-07-28 22:17:33.963 | SUCCESS  | monitor:scan:331 - Scan Finished
2026-07-28 22:17:33.963 | INFO     | monitor:start:67 - Sleep 60 Seconds
2026-07-28 22:18:33.965 | INFO     | auth.login:ensure_login:354 - Checking Login...
2026-07-28 22:18:33.967 | SUCCESS  | auth.login:load_saved_token:192 - Saved Token Loaded
2026-07-28 22:18:33.969 | SUCCESS  | auth.login:ensure_login:362 - Using Saved Token
2026-07-28 22:18:33.969 | INFO     | monitor:scan:111 - Scanning Website...
2026-07-28 22:18:33.972 | INFO     | monitor:scan:125 - Loading Page 1
2026-07-28 22:18:33.973 | INFO     | api:get_files:60 - Loading Page 1
2026-07-28 22:18:35.539 | INFO     | api:get_file:84 - Loading File 126d5180-1adb-5053-88b0-c1571f3c5943
2026-07-28 22:18:35.781 | INFO     | monitor:scan:273 - Reached Old Files
2026-07-28 22:18:35.782 | INFO     | monitor:scan:303 - No New Serial
2026-07-28 22:18:35.782 | INFO     | monitor:scan:325 - Nothing Changed
2026-07-28 22:18:35.782 | SUCCESS  | monitor:scan:331 - Scan Finished
2026-07-28 22:18:35.783 | INFO     | monitor:start:67 - Sleep 60 Seconds
2026-07-28 22:19:35.784 | INFO     | auth.login:ensure_login:354 - Checking Login...
2026-07-28 22:19:35.788 | SUCCESS  | auth.login:load_saved_token:192 - Saved Token Loaded
2026-07-28 22:19:35.790 | SUCCESS  | auth.login:ensure_login:362 - Using Saved Token
2026-07-28 22:19:35.792 | INFO     | monitor:scan:111 - Scanning Website...
2026-07-28 22:19:35.795 | INFO     | monitor:scan:125 - Loading Page 1
2026-07-28 22:19:35.796 | INFO     | api:get_files:60 - Loading Page 1
2026-07-28 22:19:39.654 | INFO     | api:get_file:84 - Loading File 126d5180-1adb-5053-88b0-c1571f3c5943
2026-07-28 22:19:40.103 | INFO     | monitor:scan:273 - Reached Old Files
2026-07-28 22:19:40.105 | INFO     | monitor:scan:303 - No New Serial
2026-07-28 22:19:40.106 | INFO     | monitor:scan:325 - Nothing Changed
2026-07-28 22:19:40.106 | SUCCESS  | monitor:scan:331 - Scan Finished
2026-07-28 22:19:40.108 | INFO     | monitor:start:67 - Sleep 60 Seconds
2026-07-28 22:20:40.110 | INFO     | auth.login:ensure_login:354 - Checking Login...
2026-07-28 22:20:40.113 | SUCCESS  | auth.login:load_saved_token:192 - Saved Token Loaded
2026-07-28 22:20:40.114 | SUCCESS  | auth.login:ensure_login:362 - Using Saved Token
2026-07-28 22:20:40.114 | INFO     | monitor:scan:111 - Scanning Website...
2026-07-28 22:20:40.117 | INFO     | monitor:scan:125 - Loading Page 1
2026-07-28 22:20:40.118 | INFO     | api:get_files:60 - Loading Page 1
2026-07-28 22:20:40.572 | WARNING  | auth.login:get:411 - Access Token Expired
2026-07-28 22:20:40.574 | INFO     | auth.login:login:262 - Logging in...
2026-07-28 22:20:41.110 | SUCCESS  | auth.login:save_token:242 - Token Saved
2026-07-28 22:20:41.112 | SUCCESS  | auth.login:login:340 - Login Successful
2026-07-28 22:20:43.135 | INFO     | api:get_file:84 - Loading File 126d5180-1adb-5053-88b0-c1571f3c5943
2026-07-28 22:20:43.385 | INFO     | monitor:scan:273 - Reached Old Files
2026-07-28 22:20:43.385 | INFO     | monitor:scan:303 - No New Serial
2026-07-28 22:20:43.386 | INFO     | monitor:scan:325 - Nothing Changed
2026-07-28 22:20:43.386 | SUCCESS  | monitor:scan:331 - Scan Finished
2026-07-28 22:20:43.386 | INFO     | monitor:start:67 - Sleep 60 Seconds
2026-07-28 22:21:43.386 | INFO     | auth.login:ensure_login:354 - Checking Login...
2026-07-28 22:21:43.395 | SUCCESS  | auth.login:load_saved_token:192 - Saved Token Loaded
2026-07-28 22:21:43.396 | SUCCESS  | auth.login:ensure_login:362 - Using Saved Token
2026-07-28 22:21:43.396 | INFO     | monitor:scan:111 - Scanning Website...
2026-07-28 22:21:43.396 | INFO     | monitor:scan:125 - Loading Page 1
2026-07-28 22:21:43.396 | INFO     | api:get_files:60 - Loading Page 1
2026-07-28 22:21:45.630 | INFO     | api:get_file:84 - Loading File 126d5180-1adb-5053-88b0-c1571f3c5943
2026-07-28 22:21:45.847 | INFO     | monitor:scan:273 - Reached Old Files
2026-07-28 22:21:45.848 | INFO     | monitor:scan:303 - No New Serial
2026-07-28 22:21:45.849 | INFO     | monitor:scan:325 - Nothing Changed
2026-07-28 22:21:45.849 | SUCCESS  | monitor:scan:331 - Scan Finished
2026-07-28 22:21:45.851 | INFO     | monitor:start:67 - Sleep 60 Seconds
2026-07-28 22:22:45.852 | INFO     | auth.login:ensure_login:354 - Checking Login...
2026-07-28 22:22:45.855 | SUCCESS  | auth.login:load_saved_token:192 - Saved Token Loaded
2026-07-28 22:22:45.856 | SUCCESS  | auth.login:ensure_login:362 - Using Saved Token
2026-07-28 22:22:45.857 | INFO     | monitor:scan:111 - Scanning Website...
2026-07-28 22:22:45.860 | INFO     | monitor:scan:125 - Loading Page 1
2026-07-28 22:22:45.861 | INFO     | api:get_files:60 - Loading Page 1
2026-07-28 22:22:47.715 | INFO     | api:get_file:84 - Loading File 126d5180-1adb-5053-88b0-c1571f3c5943
2026-07-28 22:22:47.941 | INFO     | monitor:scan:273 - Reached Old Files
2026-07-28 22:22:47.942 | INFO     | monitor:scan:303 - No New Serial
2026-07-28 22:22:47.942 | INFO     | monitor:scan:325 - Nothing Changed
2026-07-28 22:22:47.942 | SUCCESS  | monitor:scan:331 - Scan Finished
2026-07-28 22:22:47.942 | INFO     | monitor:start:67 - Sleep 60 Seconds
2026-07-28 22:23:47.943 | INFO     | auth.login:ensure_login:354 - Checking Login...
2026-07-28 22:23:47.944 | SUCCESS  | auth.login:load_saved_token:192 - Saved Token Loaded
2026-07-28 22:23:47.944 | SUCCESS  | auth.login:ensure_login:362 - Using Saved Token
2026-07-28 22:23:47.944 | INFO     | monitor:scan:111 - Scanning Website...
2026-07-28 22:23:47.945 | INFO     | monitor:scan:125 - Loading Page 1
2026-07-28 22:23:47.945 | INFO     | api:get_files:60 - Loading Page 1
2026-07-28 22:23:49.841 | INFO     | api:get_file:84 - Loading File 126d5180-1adb-5053-88b0-c1571f3c5943
2026-07-28 22:23:50.255 | INFO     | monitor:scan:273 - Reached Old Files
2026-07-28 22:23:50.255 | INFO     | monitor:scan:303 - No New Serial
2026-07-28 22:23:50.255 | INFO     | monitor:scan:325 - Nothing Changed
2026-07-28 22:23:50.256 | SUCCESS  | monitor:scan:331 - Scan Finished
2026-07-28 22:23:50.256 | INFO     | monitor:start:67 - Sleep 60 Seconds
2026-07-28 22:24:50.256 | INFO     | auth.login:ensure_login:354 - Checking Login...
2026-07-28 22:24:50.260 | SUCCESS  | auth.login:load_saved_token:192 - Saved Token Loaded
2026-07-28 22:24:50.261 | SUCCESS  | auth.login:ensure_login:362 - Using Saved Token
2026-07-28 22:24:50.262 | INFO     | monitor:scan:111 - Scanning Website...
2026-07-28 22:24:50.264 | INFO     | monitor:scan:125 - Loading Page 1
2026-07-28 22:24:50.265 | INFO     | api:get_files:60 - Loading Page 1
2026-07-28 22:24:52.043 | INFO     | api:get_file:84 - Loading File 126d5180-1adb-5053-88b0-c1571f3c5943
2026-07-28 22:24:52.317 | INFO     | monitor:scan:273 - Reached Old Files
2026-07-28 22:24:52.318 | INFO     | monitor:scan:303 - No New Serial
2026-07-28 22:24:52.319 | INFO     | monitor:scan:325 - Nothing Changed
2026-07-28 22:24:52.320 | SUCCESS  | monitor:scan:331 - Scan Finished
2026-07-28 22:24:52.322 | INFO     | monitor:start:67 - Sleep 60 Seconds
2026-07-28 22:25:52.324 | INFO     | auth.login:ensure_login:354 - Checking Login...
2026-07-28 22:25:52.325 | SUCCESS  | auth.login:load_saved_token:192 - Saved Token Loaded
2026-07-28 22:25:52.326 | SUCCESS  | auth.login:ensure_login:362 - Using Saved Token
2026-07-28 22:25:52.326 | INFO     | monitor:scan:111 - Scanning Website...
2026-07-28 22:25:52.327 | INFO     | monitor:scan:125 - Loading Page 1
2026-07-28 22:25:52.327 | INFO     | api:get_files:60 - Loading Page 1
2026-07-28 22:25:53.990 | INFO     | api:get_file:84 - Loading File 126d5180-1adb-5053-88b0-c1571f3c5943
2026-07-28 22:25:54.205 | INFO     | monitor:scan:273 - Reached Old Files
2026-07-28 22:25:54.206 | INFO     | monitor:scan:303 - No New Serial
2026-07-28 22:25:54.207 | INFO     | monitor:scan:325 - Nothing Changed
2026-07-28 22:25:54.209 | SUCCESS  | monitor:scan:331 - Scan Finished
2026-07-28 22:25:54.212 | INFO     | monitor:start:67 - Sleep 60 Seconds
2026-07-28 22:26:54.213 | INFO     | auth.login:ensure_login:354 - Checking Login...
2026-07-28 22:26:54.213 | SUCCESS  | auth.login:load_saved_token:192 - Saved Token Loaded
2026-07-28 22:26:54.213 | SUCCESS  | auth.login:ensure_login:362 - Using Saved Token
2026-07-28 22:26:54.214 | INFO     | monitor:scan:111 - Scanning Website...
2026-07-28 22:26:54.214 | INFO     | monitor:scan:125 - Loading Page 1
2026-07-28 22:26:54.214 | INFO     | api:get_files:60 - Loading Page 1
2026-07-28 22:26:55.778 | INFO     | api:get_file:84 - Loading File 126d5180-1adb-5053-88b0-c1571f3c5943
2026-07-28 22:26:56.021 | INFO     | monitor:scan:273 - Reached Old Files
2026-07-28 22:26:56.022 | INFO     | monitor:scan:303 - No New Serial
2026-07-28 22:26:56.022 | INFO     | monitor:scan:325 - Nothing Changed
2026-07-28 22:26:56.023 | SUCCESS  | monitor:scan:331 - Scan Finished
2026-07-28 22:26:56.024 | INFO     | monitor:start:67 - Sleep 60 Seconds
2026-07-28 22:27:56.025 | INFO     | auth.login:ensure_login:354 - Checking Login...
2026-07-28 22:27:56.030 | SUCCESS  | auth.login:load_saved_token:192 - Saved Token Loaded
2026-07-28 22:27:56.031 | SUCCESS  | auth.login:ensure_login:362 - Using Saved Token
2026-07-28 22:27:56.032 | INFO     | monitor:scan:111 - Scanning Website...
2026-07-28 22:27:56.034 | INFO     | monitor:scan:125 - Loading Page 1
2026-07-28 22:27:56.035 | INFO     | api:get_files:60 - Loading Page 1
2026-07-28 22:27:57.924 | INFO     | api:get_file:84 - Loading File 126d5180-1adb-5053-88b0-c1571f3c5943
2026-07-28 22:27:58.188 | INFO     | monitor:scan:273 - Reached Old Files
2026-07-28 22:27:58.188 | INFO     | monitor:scan:303 - No New Serial
2026-07-28 22:27:58.189 | INFO     | monitor:scan:325 - Nothing Changed
2026-07-28 22:27:58.189 | SUCCESS  | monitor:scan:331 - Scan Finished
2026-07-28 22:27:58.189 | INFO     | monitor:start:67 - Sleep 60 Seconds
2026-07-28 22:28:58.190 | INFO     | auth.login:ensure_login:354 - Checking Login...
2026-07-28 22:28:58.190 | SUCCESS  | auth.login:load_saved_token:192 - Saved Token Loaded
2026-07-28 22:28:58.191 | SUCCESS  | auth.login:ensure_login:362 - Using Saved Token
2026-07-28 22:28:58.191 | INFO     | monitor:scan:111 - Scanning Website...
2026-07-28 22:28:58.191 | INFO     | monitor:scan:125 - Loading Page 1
2026-07-28 22:28:58.191 | INFO     | api:get_files:60 - Loading Page 1
2026-07-28 22:29:01.879 | INFO     | api:get_file:84 - Loading File 126d5180-1adb-5053-88b0-c1571f3c5943
2026-07-28 22:29:02.116 | INFO     | monitor:scan:273 - Reached Old Files
2026-07-28 22:29:02.117 | INFO     | monitor:scan:303 - No New Serial
2026-07-28 22:29:02.117 | INFO     | monitor:scan:325 - Nothing Changed
2026-07-28 22:29:02.118 | SUCCESS  | monitor:scan:331 - Scan Finished
2026-07-28 22:29:02.119 | INFO     | monitor:start:67 - Sleep 60 Seconds
2026-07-28 22:30:02.119 | INFO     | auth.login:ensure_login:354 - Checking Login...
2026-07-28 22:30:02.123 | SUCCESS  | auth.login:load_saved_token:192 - Saved Token Loaded
2026-07-28 22:30:02.124 | SUCCESS  | auth.login:ensure_login:362 - Using Saved Token
2026-07-28 22:30:02.124 | INFO     | monitor:scan:111 - Scanning Website...
2026-07-28 22:30:02.127 | INFO     | monitor:scan:125 - Loading Page 1
2026-07-28 22:30:02.128 | INFO     | api:get_files:60 - Loading Page 1
2026-07-28 22:30:05.832 | INFO     | api:get_file:84 - Loading File 126d5180-1adb-5053-88b0-c1571f3c5943
2026-07-28 22:30:06.247 | INFO     | monitor:scan:273 - Reached Old Files
2026-07-28 22:30:06.247 | INFO     | monitor:scan:303 - No New Serial
2026-07-28 22:30:06.247 | INFO     | monitor:scan:325 - Nothing Changed
2026-07-28 22:30:06.247 | SUCCESS  | monitor:scan:331 - Scan Finished
2026-07-28 22:30:06.247 | INFO     | monitor:start:67 - Sleep 60 Seconds
2026-07-28 22:31:06.248 | INFO     | auth.login:ensure_login:354 - Checking Login...
2026-07-28 22:31:06.252 | SUCCESS  | auth.login:load_saved_token:192 - Saved Token Loaded
2026-07-28 22:31:06.253 | SUCCESS  | auth.login:ensure_login:362 - Using Saved Token
2026-07-28 22:31:06.254 | INFO     | monitor:scan:111 - Scanning Website...
2026-07-28 22:31:06.257 | INFO     | monitor:scan:125 - Loading Page 1
2026-07-28 22:31:06.258 | INFO     | api:get_files:60 - Loading Page 1
2026-07-28 22:31:06.704 | WARNING  | auth.login:get:411 - Access Token Expired
2026-07-28 22:31:06.705 | INFO     | auth.login:login:262 - Logging in...
2026-07-28 22:31:07.147 | SUCCESS  | auth.login:save_token:242 - Token Saved
2026-07-28 22:31:07.148 | SUCCESS  | auth.login:login:340 - Login Successful
2026-07-28 22:31:08.362 | INFO     | api:get_file:84 - Loading File 126d5180-1adb-5053-88b0-c1571f3c5943
2026-07-28 22:31:09.695 | INFO     | monitor:scan:273 - Reached Old Files
2026-07-28 22:31:09.695 | INFO     | monitor:scan:303 - No New Serial
2026-07-28 22:31:09.696 | INFO     | monitor:scan:325 - Nothing Changed
2026-07-28 22:31:09.696 | SUCCESS  | monitor:scan:331 - Scan Finished
2026-07-28 22:31:09.696 | INFO     | monitor:start:67 - Sleep 60 Seconds
2026-07-28 22:32:09.696 | INFO     | auth.login:ensure_login:354 - Checking Login...
2026-07-28 22:32:09.706 | SUCCESS  | auth.login:load_saved_token:192 - Saved Token Loaded
2026-07-28 22:32:09.706 | SUCCESS  | auth.login:ensure_login:362 - Using Saved Token
2026-07-28 22:32:09.706 | INFO     | monitor:scan:111 - Scanning Website...
2026-07-28 22:32:09.706 | INFO     | monitor:scan:125 - Loading Page 1
2026-07-28 22:32:09.706 | INFO     | api:get_files:60 - Loading Page 1
2026-07-28 22:32:11.483 | INFO     | api:get_file:84 - Loading File 126d5180-1adb-5053-88b0-c1571f3c5943
2026-07-28 22:32:11.714 | INFO     | monitor:scan:273 - Reached Old Files
2026-07-28 22:32:11.714 | INFO     | monitor:scan:303 - No New Serial
2026-07-28 22:32:11.715 | INFO     | monitor:scan:325 - Nothing Changed
2026-07-28 22:32:11.715 | SUCCESS  | monitor:scan:331 - Scan Finished
2026-07-28 22:32:11.715 | INFO     | monitor:start:67 - Sleep 60 Seconds
2026-07-28 22:33:11.716 | INFO     | auth.login:ensure_login:354 - Checking Login...
2026-07-28 22:33:11.719 | SUCCESS  | auth.login:load_saved_token:192 - Saved Token Loaded
2026-07-28 22:33:11.719 | SUCCESS  | auth.login:ensure_login:362 - Using Saved Token
2026-07-28 22:33:11.719 | INFO     | monitor:scan:111 - Scanning Website...
2026-07-28 22:33:11.721 | INFO     | monitor:scan:125 - Loading Page 1
2026-07-28 22:33:11.722 | INFO     | api:get_files:60 - Loading Page 1
2026-07-28 22:33:13.345 | INFO     | api:get_file:84 - Loading File 126d5180-1adb-5053-88b0-c1571f3c5943
2026-07-28 22:33:13.579 | INFO     | monitor:scan:273 - Reached Old Files
2026-07-28 22:33:13.580 | INFO     | monitor:scan:303 - No New Serial
2026-07-28 22:33:13.582 | INFO     | monitor:scan:325 - Nothing Changed
2026-07-28 22:33:13.583 | SUCCESS  | monitor:scan:331 - Scan Finished
2026-07-28 22:33:13.585 | INFO     | monitor:start:67 - Sleep 60 Seconds
2026-07-28 22:34:13.586 | INFO     | auth.login:ensure_login:354 - Checking Login...
2026-07-28 22:34:13.589 | SUCCESS  | auth.login:load_saved_token:192 - Saved Token Loaded
2026-07-28 22:34:13.590 | SUCCESS  | auth.login:ensure_login:362 - Using Saved Token
2026-07-28 22:34:13.591 | INFO     | monitor:scan:111 - Scanning Website...
2026-07-28 22:34:13.593 | INFO     | monitor:scan:125 - Loading Page 1
2026-07-28 22:34:13.594 | INFO     | api:get_files:60 - Loading Page 1
2026-07-28 22:34:16.472 | INFO     | api:get_file:84 - Loading File 126d5180-1adb-5053-88b0-c1571f3c5943
2026-07-28 22:34:16.714 | INFO     | monitor:scan:273 - Reached Old Files
2026-07-28 22:34:16.714 | INFO     | monitor:scan:303 - No New Serial
2026-07-28 22:34:16.714 | INFO     | monitor:scan:325 - Nothing Changed
2026-07-28 22:34:16.715 | SUCCESS  | monitor:scan:331 - Scan Finished
2026-07-28 22:34:16.715 | INFO     | monitor:start:67 - Sleep 60 Seconds
2026-07-28 22:35:16.716 | INFO     | auth.login:ensure_login:354 - Checking Login...
2026-07-28 22:35:16.719 | SUCCESS  | auth.login:load_saved_token:192 - Saved Token Loaded
2026-07-28 22:35:16.720 | SUCCESS  | auth.login:ensure_login:362 - Using Saved Token
2026-07-28 22:35:16.721 | INFO     | monitor:scan:111 - Scanning Website...
2026-07-28 22:35:16.724 | INFO     | monitor:scan:125 - Loading Page 1
2026-07-28 22:35:16.724 | INFO     | api:get_files:60 - Loading Page 1
2026-07-28 22:35:19.041 | INFO     | api:get_file:84 - Loading File 126d5180-1adb-5053-88b0-c1571f3c5943
2026-07-28 22:35:19.290 | INFO     | monitor:scan:273 - Reached Old Files
2026-07-28 22:35:19.292 | INFO     | monitor:scan:303 - No New Serial
2026-07-28 22:35:19.293 | INFO     | monitor:scan:325 - Nothing Changed
2026-07-28 22:35:19.295 | SUCCESS  | monitor:scan:331 - Scan Finished
2026-07-28 22:35:19.295 | INFO     | monitor:start:67 - Sleep 60 Seconds
2026-07-28 22:36:19.297 | INFO     | auth.login:ensure_login:354 - Checking Login...
2026-07-28 22:36:19.299 | SUCCESS  | auth.login:load_saved_token:192 - Saved Token Loaded
2026-07-28 22:36:19.299 | SUCCESS  | auth.login:ensure_login:362 - Using Saved Token
2026-07-28 22:36:19.299 | INFO     | monitor:scan:111 - Scanning Website...
2026-07-28 22:36:19.301 | INFO     | monitor:scan:125 - Loading Page 1
2026-07-28 22:36:19.301 | INFO     | api:get_files:60 - Loading Page 1
2026-07-28 22:36:20.825 | INFO     | api:get_file:84 - Loading File 126d5180-1adb-5053-88b0-c1571f3c5943
2026-07-28 22:36:21.047 | INFO     | monitor:scan:273 - Reached Old Files
2026-07-28 22:36:21.049 | INFO     | monitor:scan:303 - No New Serial
2026-07-28 22:36:21.049 | INFO     | monitor:scan:325 - Nothing Changed
2026-07-28 22:36:21.051 | SUCCESS  | monitor:scan:331 - Scan Finished
2026-07-28 22:36:21.054 | INFO     | monitor:start:67 - Sleep 60 Seconds
2026-07-28 22:37:21.056 | INFO     | auth.login:ensure_login:354 - Checking Login...
2026-07-28 22:37:21.057 | SUCCESS  | auth.login:load_saved_token:192 - Saved Token Loaded
2026-07-28 22:37:21.057 | SUCCESS  | auth.login:ensure_login:362 - Using Saved Token
2026-07-28 22:37:21.058 | INFO     | monitor:scan:111 - Scanning Website...
2026-07-28 22:37:21.058 | INFO     | monitor:scan:125 - Loading Page 1
2026-07-28 22:37:21.058 | INFO     | api:get_files:60 - Loading Page 1
2026-07-28 22:37:24.776 | INFO     | api:get_file:84 - Loading File 126d5180-1adb-5053-88b0-c1571f3c5943
2026-07-28 22:37:25.211 | INFO     | monitor:scan:273 - Reached Old Files
2026-07-28 22:37:25.213 | INFO     | monitor:scan:303 - No New Serial
2026-07-28 22:37:25.213 | INFO     | monitor:scan:325 - Nothing Changed
2026-07-28 22:37:25.215 | SUCCESS  | monitor:scan:331 - Scan Finished
2026-07-28 22:37:25.217 | INFO     | monitor:start:67 - Sleep 60 Seconds
2026-07-28 22:38:25.218 | INFO     | auth.login:ensure_login:354 - Checking Login...
2026-07-28 22:38:25.219 | SUCCESS  | auth.login:load_saved_token:192 - Saved Token Loaded
2026-07-28 22:38:25.220 | SUCCESS  | auth.login:ensure_login:362 - Using Saved Token
2026-07-28 22:38:25.220 | INFO     | monitor:scan:111 - Scanning Website...
2026-07-28 22:38:25.221 | INFO     | monitor:scan:125 - Loading Page 1
2026-07-28 22:38:25.221 | INFO     | api:get_files:60 - Loading Page 1
2026-07-28 22:38:28.943 | INFO     | api:get_file:84 - Loading File 126d5180-1adb-5053-88b0-c1571f3c5943
2026-07-28 22:38:29.186 | INFO     | monitor:scan:273 - Reached Old Files
2026-07-28 22:38:29.187 | INFO     | monitor:scan:303 - No New Serial
2026-07-28 22:38:29.188 | INFO     | monitor:scan:325 - Nothing Changed
2026-07-28 22:38:29.190 | SUCCESS  | monitor:scan:331 - Scan Finished
2026-07-28 22:38:29.190 | INFO     | monitor:start:67 - Sleep 60 Seconds
2026-07-28 22:39:29.191 | INFO     | auth.login:ensure_login:354 - Checking Login...
2026-07-28 22:39:29.195 | SUCCESS  | auth.login:load_saved_token:192 - Saved Token Loaded
2026-07-28 22:39:29.197 | SUCCESS  | auth.login:ensure_login:362 - Using Saved Token
2026-07-28 22:39:29.198 | INFO     | monitor:scan:111 - Scanning Website...
2026-07-28 22:39:29.202 | INFO     | monitor:scan:125 - Loading Page 1
2026-07-28 22:39:29.203 | INFO     | api:get_files:60 - Loading Page 1
2026-07-28 22:39:30.814 | INFO     | api:get_file:84 - Loading File 126d5180-1adb-5053-88b0-c1571f3c5943
2026-07-28 22:39:31.060 | INFO     | monitor:scan:273 - Reached Old Files
2026-07-28 22:39:31.061 | INFO     | monitor:scan:303 - No New Serial
2026-07-28 22:39:31.061 | INFO     | monitor:scan:325 - Nothing Changed
2026-07-28 22:39:31.062 | SUCCESS  | monitor:scan:331 - Scan Finished
2026-07-28 22:39:31.063 | INFO     | monitor:start:67 - Sleep 60 Seconds
2026-07-28 22:40:31.065 | INFO     | auth.login:ensure_login:354 - Checking Login...
2026-07-28 22:40:31.068 | SUCCESS  | auth.login:load_saved_token:192 - Saved Token Loaded
2026-07-28 22:40:31.069 | SUCCESS  | auth.login:ensure_login:362 - Using Saved Token
2026-07-28 22:40:31.070 | INFO     | monitor:scan:111 - Scanning Website...
2026-07-28 22:40:31.072 | INFO     | monitor:scan:125 - Loading Page 1
2026-07-28 22:40:31.073 | INFO     | api:get_files:60 - Loading Page 1
2026-07-28 22:40:32.689 | INFO     | api:get_file:84 - Loading File 126d5180-1adb-5053-88b0-c1571f3c5943
2026-07-28 22:40:33.108 | INFO     | monitor:scan:273 - Reached Old Files
2026-07-28 22:40:33.109 | INFO     | monitor:scan:303 - No New Serial
2026-07-28 22:40:33.111 | INFO     | monitor:scan:325 - Nothing Changed
2026-07-28 22:40:33.112 | SUCCESS  | monitor:scan:331 - Scan Finished
2026-07-28 22:40:33.112 | INFO     | monitor:start:67 - Sleep 60 Seconds
2026-07-28 22:41:33.114 | INFO     | auth.login:ensure_login:354 - Checking Login...
2026-07-28 22:41:33.114 | SUCCESS  | auth.login:load_saved_token:192 - Saved Token Loaded
2026-07-28 22:41:33.115 | SUCCESS  | auth.login:ensure_login:362 - Using Saved Token
2026-07-28 22:41:33.115 | INFO     | monitor:scan:111 - Scanning Website...
2026-07-28 22:41:33.116 | INFO     | monitor:scan:125 - Loading Page 1
2026-07-28 22:41:33.116 | INFO     | api:get_files:60 - Loading Page 1
2026-07-28 22:41:33.577 | WARNING  | auth.login:get:411 - Access Token Expired
2026-07-28 22:41:33.577 | INFO     | auth.login:login:262 - Logging in...
2026-07-28 22:41:34.108 | SUCCESS  | auth.login:save_token:242 - Token Saved
2026-07-28 22:41:34.109 | SUCCESS  | auth.login:login:340 - Login Successful
2026-07-28 22:41:35.322 | INFO     | api:get_file:84 - Loading File 126d5180-1adb-5053-88b0-c1571f3c5943
2026-07-28 22:41:35.560 | INFO     | monitor:scan:273 - Reached Old Files
2026-07-28 22:41:35.560 | INFO     | monitor:scan:303 - No New Serial
2026-07-28 22:41:35.560 | INFO     | monitor:scan:325 - Nothing Changed
2026-07-28 22:41:35.561 | SUCCESS  | monitor:scan:331 - Scan Finished
2026-07-28 22:41:35.561 | INFO     | monitor:start:67 - Sleep 60 Seconds
2026-07-28 22:42:35.562 | INFO     | auth.login:ensure_login:354 - Checking Login...
2026-07-28 22:42:35.569 | SUCCESS  | auth.login:load_saved_token:192 - Saved Token Loaded
2026-07-28 22:42:35.570 | SUCCESS  | auth.login:ensure_login:362 - Using Saved Token
2026-07-28 22:42:35.570 | INFO     | monitor:scan:111 - Scanning Website...
2026-07-28 22:42:35.570 | INFO     | monitor:scan:125 - Loading Page 1
2026-07-28 22:42:35.571 | INFO     | api:get_files:60 - Loading Page 1
2026-07-28 22:42:37.434 | INFO     | api:get_file:84 - Loading File 126d5180-1adb-5053-88b0-c1571f3c5943
2026-07-28 22:42:37.705 | INFO     | monitor:scan:273 - Reached Old Files
2026-07-28 22:42:37.706 | INFO     | monitor:scan:303 - No New Serial
2026-07-28 22:42:37.707 | INFO     | monitor:scan:325 - Nothing Changed
2026-07-28 22:42:37.708 | SUCCESS  | monitor:scan:331 - Scan Finished
2026-07-28 22:42:37.709 | INFO     | monitor:start:67 - Sleep 60 Seconds
2026-07-28 22:43:37.710 | INFO     | auth.login:ensure_login:354 - Checking Login...
2026-07-28 22:43:37.711 | SUCCESS  | auth.login:load_saved_token:192 - Saved Token Loaded
2026-07-28 22:43:37.711 | SUCCESS  | auth.login:ensure_login:362 - Using Saved Token
2026-07-28 22:43:37.711 | INFO     | monitor:scan:111 - Scanning Website...
2026-07-28 22:43:37.712 | INFO     | monitor:scan:125 - Loading Page 1
2026-07-28 22:43:37.712 | INFO     | api:get_files:60 - Loading Page 1
2026-07-28 22:43:39.515 | INFO     | api:get_file:84 - Loading File 126d5180-1adb-5053-88b0-c1571f3c5943
2026-07-28 22:43:39.760 | INFO     | monitor:scan:273 - Reached Old Files
2026-07-28 22:43:39.760 | INFO     | monitor:scan:303 - No New Serial
2026-07-28 22:43:39.762 | INFO     | monitor:scan:325 - Nothing Changed
2026-07-28 22:43:39.762 | SUCCESS  | monitor:scan:331 - Scan Finished
2026-07-28 22:43:39.763 | INFO     | monitor:start:67 - Sleep 60 Seconds
2026-07-28 22:44:39.764 | INFO     | auth.login:ensure_login:354 - Checking Login...
2026-07-28 22:44:39.764 | SUCCESS  | auth.login:load_saved_token:192 - Saved Token Loaded
2026-07-28 22:44:39.765 | SUCCESS  | auth.login:ensure_login:362 - Using Saved Token
2026-07-28 22:44:39.765 | INFO     | monitor:scan:111 - Scanning Website...
2026-07-28 22:44:39.765 | INFO     | monitor:scan:125 - Loading Page 1
2026-07-28 22:44:39.765 | INFO     | api:get_files:60 - Loading Page 1
2026-07-28 22:44:42.401 | INFO     | api:get_file:84 - Loading File 126d5180-1adb-5053-88b0-c1571f3c5943
2026-07-28 22:44:42.647 | INFO     | monitor:scan:273 - Reached Old Files
2026-07-28 22:44:42.648 | INFO     | monitor:scan:303 - No New Serial
2026-07-28 22:44:42.650 | INFO     | monitor:scan:325 - Nothing Changed
2026-07-28 22:44:42.651 | SUCCESS  | monitor:scan:331 - Scan Finished
2026-07-28 22:44:42.652 | INFO     | monitor:start:67 - Sleep 60 Seconds
2026-07-28 22:45:42.653 | INFO     | auth.login:ensure_login:354 - Checking Login...
2026-07-28 22:45:42.656 | SUCCESS  | auth.login:load_saved_token:192 - Saved Token Loaded
2026-07-28 22:45:42.658 | SUCCESS  | auth.login:ensure_login:362 - Using Saved Token
2026-07-28 22:45:42.659 | INFO     | monitor:scan:111 - Scanning Website...
2026-07-28 22:45:42.660 | INFO     | monitor:scan:125 - Loading Page 1
2026-07-28 22:45:42.660 | INFO     | api:get_files:60 - Loading Page 1
2026-07-28 22:45:44.243 | INFO     | api:get_file:84 - Loading File 126d5180-1adb-5053-88b0-c1571f3c5943
2026-07-28 22:45:44.666 | INFO     | monitor:scan:273 - Reached Old Files
2026-07-28 22:45:44.667 | INFO     | monitor:scan:303 - No New Serial
2026-07-28 22:45:44.668 | INFO     | monitor:scan:325 - Nothing Changed
2026-07-28 22:45:44.668 | SUCCESS  | monitor:scan:331 - Scan Finished
2026-07-28 22:45:44.670 | INFO     | monitor:start:67 - Sleep 60 Seconds
2026-07-28 22:46:44.671 | INFO     | auth.login:ensure_login:354 - Checking Login...
2026-07-28 22:46:44.672 | SUCCESS  | auth.login:load_saved_token:192 - Saved Token Loaded
2026-07-28 22:46:44.673 | SUCCESS  | auth.login:ensure_login:362 - Using Saved Token
2026-07-28 22:46:44.673 | INFO     | monitor:scan:111 - Scanning Website...
2026-07-28 22:46:44.673 | INFO     | monitor:scan:125 - Loading Page 1
2026-07-28 22:46:44.673 | INFO     | api:get_files:60 - Loading Page 1
2026-07-28 22:46:46.389 | INFO     | api:get_file:84 - Loading File 126d5180-1adb-5053-88b0-c1571f3c5943
2026-07-28 22:46:46.636 | INFO     | monitor:scan:273 - Reached Old Files
2026-07-28 22:46:46.638 | INFO     | monitor:scan:303 - No New Serial
2026-07-28 22:46:46.640 | INFO     | monitor:scan:325 - Nothing Changed
2026-07-28 22:46:46.641 | SUCCESS  | monitor:scan:331 - Scan Finished
2026-07-28 22:46:46.642 | INFO     | monitor:start:67 - Sleep 60 Seconds
2026-07-28 22:47:46.643 | INFO     | auth.login:ensure_login:354 - Checking Login...
2026-07-28 22:47:46.646 | SUCCESS  | auth.login:load_saved_token:192 - Saved Token Loaded
2026-07-28 22:47:46.647 | SUCCESS  | auth.login:ensure_login:362 - Using Saved Token
2026-07-28 22:47:46.648 | INFO     | monitor:scan:111 - Scanning Website...
2026-07-28 22:47:46.651 | INFO     | monitor:scan:125 - Loading Page 1
2026-07-28 22:47:46.652 | INFO     | api:get_files:60 - Loading Page 1
2026-07-28 22:47:48.405 | INFO     | api:get_file:84 - Loading File 126d5180-1adb-5053-88b0-c1571f3c5943
2026-07-28 22:47:48.647 | INFO     | monitor:scan:273 - Reached Old Files
2026-07-28 22:47:48.647 | INFO     | monitor:scan:303 - No New Serial
2026-07-28 22:47:48.647 | INFO     | monitor:scan:325 - Nothing Changed
2026-07-28 22:47:48.647 | SUCCESS  | monitor:scan:331 - Scan Finished
2026-07-28 22:47:48.648 | INFO     | monitor:start:67 - Sleep 60 Seconds
2026-07-28 22:48:48.648 | INFO     | auth.login:ensure_login:354 - Checking Login...
2026-07-28 22:48:48.649 | SUCCESS  | auth.login:load_saved_token:192 - Saved Token Loaded
2026-07-28 22:48:48.649 | SUCCESS  | auth.login:ensure_login:362 - Using Saved Token
2026-07-28 22:48:48.650 | INFO     | monitor:scan:111 - Scanning Website...
2026-07-28 22:48:48.650 | INFO     | monitor:scan:125 - Loading Page 1
2026-07-28 22:48:48.651 | INFO     | api:get_files:60 - Loading Page 1
2026-07-28 22:48:51.617 | INFO     | api:get_file:84 - Loading File 126d5180-1adb-5053-88b0-c1571f3c5943
2026-07-28 22:48:51.850 | INFO     | monitor:scan:273 - Reached Old Files
2026-07-28 22:48:51.852 | INFO     | monitor:scan:303 - No New Serial
2026-07-28 22:48:51.853 | INFO     | monitor:scan:325 - Nothing Changed
2026-07-28 22:48:51.853 | SUCCESS  | monitor:scan:331 - Scan Finished
2026-07-28 22:48:51.854 | INFO     | monitor:start:67 - Sleep 60 Seconds
2026-07-28 22:49:51.855 | INFO     | auth.login:ensure_login:354 - Checking Login...
2026-07-28 22:49:51.858 | SUCCESS  | auth.login:load_saved_token:192 - Saved Token Loaded
2026-07-28 22:49:51.859 | SUCCESS  | auth.login:ensure_login:362 - Using Saved Token
2026-07-28 22:49:51.860 | INFO     | monitor:scan:111 - Scanning Website...
2026-07-28 22:49:51.861 | INFO     | monitor:scan:125 - Loading Page 1
2026-07-28 22:49:51.863 | INFO     | api:get_files:60 - Loading Page 1
2026-07-28 22:49:53.457 | INFO     | api:get_file:84 - Loading File 126d5180-1adb-5053-88b0-c1571f3c5943
2026-07-28 22:49:53.700 | INFO     | monitor:scan:273 - Reached Old Files
2026-07-28 22:49:53.701 | INFO     | monitor:scan:303 - No New Serial
2026-07-28 22:49:53.701 | INFO     | monitor:scan:325 - Nothing Changed
2026-07-28 22:49:53.702 | SUCCESS  | monitor:scan:331 - Scan Finished
2026-07-28 22:49:53.702 | INFO     | monitor:start:67 - Sleep 60 Seconds
2026-07-28 22:50:53.702 | INFO     | auth.login:ensure_login:354 - Checking Login...
2026-07-28 22:50:53.703 | SUCCESS  | auth.login:load_saved_token:192 - Saved Token Loaded
2026-07-28 22:50:53.703 | SUCCESS  | auth.login:ensure_login:362 - Using Saved Token
2026-07-28 22:50:53.703 | INFO     | monitor:scan:111 - Scanning Website...
2026-07-28 22:50:53.704 | INFO     | monitor:scan:125 - Loading Page 1
2026-07-28 22:50:53.704 | INFO     | api:get_files:60 - Loading Page 1
2026-07-28 22:50:55.763 | INFO     | api:get_file:84 - Loading File 126d5180-1adb-5053-88b0-c1571f3c5943
2026-07-28 22:50:56.003 | INFO     | monitor:scan:273 - Reached Old Files
2026-07-28 22:50:56.003 | INFO     | monitor:scan:303 - No New Serial
2026-07-28 22:50:56.003 | INFO     | monitor:scan:325 - Nothing Changed
2026-07-28 22:50:56.003 | SUCCESS  | monitor:scan:331 - Scan Finished
2026-07-28 22:50:56.003 | INFO     | monitor:start:67 - Sleep 60 Seconds
2026-07-28 22:51:56.004 | INFO     | auth.login:ensure_login:354 - Checking Login...
2026-07-28 22:51:56.006 | SUCCESS  | auth.login:load_saved_token:192 - Saved Token Loaded
2026-07-28 22:51:56.007 | SUCCESS  | auth.login:ensure_login:362 - Using Saved Token
2026-07-28 22:51:56.007 | INFO     | monitor:scan:111 - Scanning Website...
2026-07-28 22:51:56.010 | INFO     | monitor:scan:125 - Loading Page 1
2026-07-28 22:51:56.011 | INFO     | api:get_files:60 - Loading Page 1
2026-07-28 22:51:56.463 | WARNING  | auth.login:get:411 - Access Token Expired
2026-07-28 22:51:56.464 | INFO     | auth.login:login:262 - Logging in...
2026-07-28 22:51:56.977 | SUCCESS  | auth.login:save_token:242 - Token Saved
2026-07-28 22:51:56.978 | SUCCESS  | auth.login:login:340 - Login Successful
2026-07-28 22:51:58.416 | INFO     | api:get_file:84 - Loading File 126d5180-1adb-5053-88b0-c1571f3c5943
2026-07-28 22:51:58.662 | INFO     | monitor:scan:273 - Reached Old Files
2026-07-28 22:51:58.662 | INFO     | monitor:scan:303 - No New Serial
2026-07-28 22:51:58.663 | INFO     | monitor:scan:325 - Nothing Changed
2026-07-28 22:51:58.664 | SUCCESS  | monitor:scan:331 - Scan Finished
2026-07-28 22:51:58.665 | INFO     | monitor:start:67 - Sleep 60 Seconds
2026-07-28 22:52:58.666 | INFO     | auth.login:ensure_login:354 - Checking Login...
2026-07-28 22:52:58.672 | SUCCESS  | auth.login:load_saved_token:192 - Saved Token Loaded
2026-07-28 22:52:58.672 | SUCCESS  | auth.login:ensure_login:362 - Using Saved Token
2026-07-28 22:52:58.672 | INFO     | monitor:scan:111 - Scanning Website...
2026-07-28 22:52:58.673 | INFO     | monitor:scan:125 - Loading Page 1
2026-07-28 22:52:58.673 | INFO     | api:get_files:60 - Loading Page 1
2026-07-28 22:53:02.616 | INFO     | api:get_file:84 - Loading File 126d5180-1adb-5053-88b0-c1571f3c5943
2026-07-28 22:53:03.041 | INFO     | monitor:scan:273 - Reached Old Files
2026-07-28 22:53:03.042 | INFO     | monitor:scan:303 - No New Serial
2026-07-28 22:53:03.043 | INFO     | monitor:scan:325 - Nothing Changed
2026-07-28 22:53:03.044 | SUCCESS  | monitor:scan:331 - Scan Finished
2026-07-28 22:53:03.046 | INFO     | monitor:start:67 - Sleep 60 Seconds
2026-07-28 22:54:03.051 | INFO     | auth.login:ensure_login:354 - Checking Login...
2026-07-28 22:54:03.052 | SUCCESS  | auth.login:load_saved_token:192 - Saved Token Loaded
2026-07-28 22:54:03.053 | SUCCESS  | auth.login:ensure_login:362 - Using Saved Token
2026-07-28 22:54:03.054 | INFO     | monitor:scan:111 - Scanning Website...
2026-07-28 22:54:03.056 | INFO     | monitor:scan:125 - Loading Page 1
2026-07-28 22:54:03.056 | INFO     | api:get_files:60 - Loading Page 1
2026-07-28 22:54:04.656 | INFO     | api:get_file:84 - Loading File 126d5180-1adb-5053-88b0-c1571f3c5943
2026-07-28 22:54:04.919 | INFO     | monitor:scan:273 - Reached Old Files
2026-07-28 22:54:04.919 | INFO     | monitor:scan:303 - No New Serial
2026-07-28 22:54:04.919 | INFO     | monitor:scan:325 - Nothing Changed
2026-07-28 22:54:04.919 | SUCCESS  | monitor:scan:331 - Scan Finished
2026-07-28 22:54:04.920 | INFO     | monitor:start:67 - Sleep 60 Seconds
2026-07-28 22:55:04.921 | INFO     | auth.login:ensure_login:354 - Checking Login...
2026-07-28 22:55:04.923 | SUCCESS  | auth.login:load_saved_token:192 - Saved Token Loaded
2026-07-28 22:55:04.925 | SUCCESS  | auth.login:ensure_login:362 - Using Saved Token
2026-07-28 22:55:04.926 | INFO     | monitor:scan:111 - Scanning Website...
2026-07-28 22:55:04.928 | INFO     | monitor:scan:125 - Loading Page 1
2026-07-28 22:55:04.928 | INFO     | api:get_files:60 - Loading Page 1
2026-07-28 22:55:08.064 | INFO     | api:get_file:84 - Loading File 126d5180-1adb-5053-88b0-c1571f3c5943
2026-07-28 22:55:08.310 | INFO     | monitor:scan:273 - Reached Old Files
2026-07-28 22:55:08.312 | INFO     | monitor:scan:303 - No New Serial
2026-07-28 22:55:08.312 | INFO     | monitor:scan:325 - Nothing Changed
2026-07-28 22:55:08.312 | SUCCESS  | monitor:scan:331 - Scan Finished
2026-07-28 22:55:08.313 | INFO     | monitor:start:67 - Sleep 60 Seconds
2026-07-28 22:56:08.315 | INFO     | auth.login:ensure_login:354 - Checking Login...
2026-07-28 22:56:08.317 | SUCCESS  | auth.login:load_saved_token:192 - Saved Token Loaded
2026-07-28 22:56:08.317 | SUCCESS  | auth.login:ensure_login:362 - Using Saved Token
2026-07-28 22:56:08.318 | INFO     | monitor:scan:111 - Scanning Website...
2026-07-28 22:56:08.321 | INFO     | monitor:scan:125 - Loading Page 1
2026-07-28 22:56:08.322 | INFO     | api:get_files:60 - Loading Page 1
2026-07-28 22:56:09.904 | INFO     | api:get_file:84 - Loading File 126d5180-1adb-5053-88b0-c1571f3c5943
2026-07-28 22:56:10.144 | INFO     | monitor:scan:273 - Reached Old Files
2026-07-28 22:56:10.144 | INFO     | monitor:scan:303 - No New Serial
2026-07-28 22:56:10.144 | INFO     | monitor:scan:325 - Nothing Changed
2026-07-28 22:56:10.144 | SUCCESS  | monitor:scan:331 - Scan Finished
2026-07-28 22:56:10.144 | INFO     | monitor:start:67 - Sleep 60 Seconds
2026-07-28 22:57:10.145 | INFO     | auth.login:ensure_login:354 - Checking Login...
2026-07-28 22:57:10.148 | SUCCESS  | auth.login:load_saved_token:192 - Saved Token Loaded
2026-07-28 22:57:10.148 | SUCCESS  | auth.login:ensure_login:362 - Using Saved Token
2026-07-28 22:57:10.150 | INFO     | monitor:scan:111 - Scanning Website...
2026-07-28 22:57:10.151 | INFO     | monitor:scan:125 - Loading Page 1
2026-07-28 22:57:10.151 | INFO     | api:get_files:60 - Loading Page 1
2026-07-28 22:57:11.669 | INFO     | api:get_file:84 - Loading File 126d5180-1adb-5053-88b0-c1571f3c5943
2026-07-28 22:57:12.176 | INFO     | monitor:scan:273 - Reached Old Files
2026-07-28 22:57:12.177 | INFO     | monitor:scan:303 - No New Serial
2026-07-28 22:57:12.177 | INFO     | monitor:scan:325 - Nothing Changed
2026-07-28 22:57:12.177 | SUCCESS  | monitor:scan:331 - Scan Finished
2026-07-28 22:57:12.177 | INFO     | monitor:start:67 - Sleep 60 Seconds
2026-07-28 22:58:12.178 | INFO     | auth.login:ensure_login:354 - Checking Login...
2026-07-28 22:58:12.181 | SUCCESS  | auth.login:load_saved_token:192 - Saved Token Loaded
2026-07-28 22:58:12.181 | SUCCESS  | auth.login:ensure_login:362 - Using Saved Token
2026-07-28 22:58:12.181 | INFO     | monitor:scan:111 - Scanning Website...
2026-07-28 22:58:12.186 | INFO     | monitor:scan:125 - Loading Page 1
2026-07-28 22:58:12.186 | INFO     | api:get_files:60 - Loading Page 1
2026-07-28 22:58:13.734 | INFO     | api:get_file:84 - Loading File 126d5180-1adb-5053-88b0-c1571f3c5943
2026-07-28 22:58:13.973 | INFO     | monitor:scan:273 - Reached Old Files
2026-07-28 22:58:13.974 | INFO     | monitor:scan:303 - No New Serial
2026-07-28 22:58:13.975 | INFO     | monitor:scan:325 - Nothing Changed
2026-07-28 22:58:13.976 | SUCCESS  | monitor:scan:331 - Scan Finished
2026-07-28 22:58:13.977 | INFO     | monitor:start:67 - Sleep 60 Seconds
2026-07-28 22:59:13.980 | INFO     | auth.login:ensure_login:354 - Checking Login...
2026-07-28 22:59:13.983 | SUCCESS  | auth.login:load_saved_token:192 - Saved Token Loaded
2026-07-28 22:59:13.984 | SUCCESS  | auth.login:ensure_login:362 - Using Saved Token
2026-07-28 22:59:13.985 | INFO     | monitor:scan:111 - Scanning Website...
2026-07-28 22:59:13.988 | INFO     | monitor:scan:125 - Loading Page 1
2026-07-28 22:59:13.989 | INFO     | api:get_files:60 - Loading Page 1
2026-07-28 22:59:15.677 | INFO     | api:get_file:84 - Loading File 126d5180-1adb-5053-88b0-c1571f3c5943
2026-07-28 22:59:15.909 | INFO     | monitor:scan:273 - Reached Old Files
2026-07-28 22:59:15.910 | INFO     | monitor:scan:303 - No New Serial
2026-07-28 22:59:15.911 | INFO     | monitor:scan:325 - Nothing Changed
2026-07-28 22:59:15.913 | SUCCESS  | monitor:scan:331 - Scan Finished
2026-07-28 22:59:15.913 | INFO     | monitor:start:67 - Sleep 60 Seconds
2026-07-28 23:00:15.913 | INFO     | auth.login:ensure_login:354 - Checking Login...
2026-07-28 23:00:15.914 | SUCCESS  | auth.login:load_saved_token:192 - Saved Token Loaded
2026-07-28 23:00:15.915 | SUCCESS  | auth.login:ensure_login:362 - Using Saved Token
2026-07-28 23:00:15.915 | INFO     | monitor:scan:111 - Scanning Website...
2026-07-28 23:00:15.915 | INFO     | monitor:scan:125 - Loading Page 1
2026-07-28 23:00:15.916 | INFO     | api:get_files:60 - Loading Page 1
2026-07-28 23:00:17.711 | INFO     | api:get_file:84 - Loading File 126d5180-1adb-5053-88b0-c1571f3c5943
2026-07-28 23:00:17.951 | INFO     | monitor:scan:273 - Reached Old Files
2026-07-28 23:00:17.952 | INFO     | monitor:scan:303 - No New Serial
2026-07-28 23:00:17.953 | INFO     | monitor:scan:325 - Nothing Changed
2026-07-28 23:00:17.954 | SUCCESS  | monitor:scan:331 - Scan Finished
2026-07-28 23:00:17.955 | INFO     | monitor:start:67 - Sleep 60 Seconds
2026-07-28 23:01:17.956 | INFO     | auth.login:ensure_login:354 - Checking Login...
2026-07-28 23:01:17.959 | SUCCESS  | auth.login:load_saved_token:192 - Saved Token Loaded
2026-07-28 23:01:17.960 | SUCCESS  | auth.login:ensure_login:362 - Using Saved Token
2026-07-28 23:01:17.961 | INFO     | monitor:scan:111 - Scanning Website...
2026-07-28 23:01:17.963 | INFO     | monitor:scan:125 - Loading Page 1
2026-07-28 23:01:17.963 | INFO     | api:get_files:60 - Loading Page 1
2026-07-28 23:01:20.815 | INFO     | api:get_file:84 - Loading File 126d5180-1adb-5053-88b0-c1571f3c5943
2026-07-28 23:01:21.057 | INFO     | monitor:scan:273 - Reached Old Files
2026-07-28 23:01:21.057 | INFO     | monitor:scan:303 - No New Serial
2026-07-28 23:01:21.057 | INFO     | monitor:scan:325 - Nothing Changed
2026-07-28 23:01:21.058 | SUCCESS  | monitor:scan:331 - Scan Finished
2026-07-28 23:01:21.058 | INFO     | monitor:start:67 - Sleep 60 Seconds
2026-07-28 23:02:21.058 | INFO     | auth.login:ensure_login:354 - Checking Login...
2026-07-28 23:02:21.062 | SUCCESS  | auth.login:load_saved_token:192 - Saved Token Loaded
2026-07-28 23:02:21.063 | SUCCESS  | auth.login:ensure_login:362 - Using Saved Token
2026-07-28 23:02:21.064 | INFO     | monitor:scan:111 - Scanning Website...
2026-07-28 23:02:21.065 | INFO     | monitor:scan:125 - Loading Page 1
2026-07-28 23:02:21.066 | INFO     | api:get_files:60 - Loading Page 1
2026-07-28 23:02:21.526 | WARNING  | auth.login:get:411 - Access Token Expired
2026-07-28 23:02:21.527 | INFO     | auth.login:login:262 - Logging in...
2026-07-28 23:02:22.065 | SUCCESS  | auth.login:save_token:242 - Token Saved
2026-07-28 23:02:22.066 | SUCCESS  | auth.login:login:340 - Login Successful
2026-07-28 23:02:23.982 | INFO     | api:get_file:84 - Loading File 126d5180-1adb-5053-88b0-c1571f3c5943
2026-07-28 23:02:24.445 | INFO     | monitor:scan:273 - Reached Old Files
2026-07-28 23:02:24.446 | INFO     | monitor:scan:303 - No New Serial
2026-07-28 23:02:24.446 | INFO     | monitor:scan:325 - Nothing Changed
2026-07-28 23:02:24.447 | SUCCESS  | monitor:scan:331 - Scan Finished
2026-07-28 23:02:24.448 | INFO     | monitor:start:67 - Sleep 60 Seconds
2026-07-28 23:03:24.449 | INFO     | auth.login:ensure_login:354 - Checking Login...
2026-07-28 23:03:24.471 | SUCCESS  | auth.login:load_saved_token:192 - Saved Token Loaded
2026-07-28 23:03:24.471 | SUCCESS  | auth.login:ensure_login:362 - Using Saved Token
2026-07-28 23:03:24.472 | INFO     | monitor:scan:111 - Scanning Website...
2026-07-28 23:03:24.473 | INFO     | monitor:scan:125 - Loading Page 1
2026-07-28 23:03:24.474 | INFO     | api:get_files:60 - Loading Page 1
2026-07-28 23:03:27.979 | INFO     | api:get_file:84 - Loading File 126d5180-1adb-5053-88b0-c1571f3c5943
2026-07-28 23:03:28.240 | INFO     | monitor:scan:273 - Reached Old Files
2026-07-28 23:03:28.240 | INFO     | monitor:scan:303 - No New Serial
2026-07-28 23:03:28.240 | INFO     | monitor:scan:325 - Nothing Changed
2026-07-28 23:03:28.240 | SUCCESS  | monitor:scan:331 - Scan Finished
2026-07-28 23:03:28.240 | INFO     | monitor:start:67 - Sleep 60 Seconds
2026-07-28 23:04:28.241 | INFO     | auth.login:ensure_login:354 - Checking Login...
2026-07-28 23:04:28.244 | SUCCESS  | auth.login:load_saved_token:192 - Saved Token Loaded
2026-07-28 23:04:28.245 | SUCCESS  | auth.login:ensure_login:362 - Using Saved Token
2026-07-28 23:04:28.247 | INFO     | monitor:scan:111 - Scanning Website...
2026-07-28 23:04:28.249 | INFO     | monitor:scan:125 - Loading Page 1
2026-07-28 23:04:28.250 | INFO     | api:get_files:60 - Loading Page 1
2026-07-28 23:04:31.831 | INFO     | api:get_file:84 - Loading File 126d5180-1adb-5053-88b0-c1571f3c5943
2026-07-28 23:04:32.064 | INFO     | monitor:scan:273 - Reached Old Files
2026-07-28 23:04:32.064 | INFO     | monitor:scan:303 - No New Serial
2026-07-28 23:04:32.064 | INFO     | monitor:scan:325 - Nothing Changed
2026-07-28 23:04:32.064 | SUCCESS  | monitor:scan:331 - Scan Finished
2026-07-28 23:04:32.064 | INFO     | monitor:start:67 - Sleep 60 Seconds
2026-07-28 23:05:32.064 | INFO     | auth.login:ensure_login:354 - Checking Login...
2026-07-28 23:05:32.067 | SUCCESS  | auth.login:load_saved_token:192 - Saved Token Loaded
2026-07-28 23:05:32.068 | SUCCESS  | auth.login:ensure_login:362 - Using Saved Token
2026-07-28 23:05:32.070 | INFO     | monitor:scan:111 - Scanning Website...
2026-07-28 23:05:32.071 | INFO     | monitor:scan:125 - Loading Page 1
2026-07-28 23:05:32.072 | INFO     | api:get_files:60 - Loading Page 1
2026-07-28 23:05:35.507 | INFO     | api:get_file:84 - Loading File 126d5180-1adb-5053-88b0-c1571f3c5943
2026-07-28 23:05:35.920 | INFO     | monitor:scan:273 - Reached Old Files
2026-07-28 23:05:35.921 | INFO     | monitor:scan:303 - No New Serial
2026-07-28 23:05:35.922 | INFO     | monitor:scan:325 - Nothing Changed
2026-07-28 23:05:35.923 | SUCCESS  | monitor:scan:331 - Scan Finished
2026-07-28 23:05:35.925 | INFO     | monitor:start:67 - Sleep 60 Seconds
2026-07-28 23:06:35.927 | INFO     | auth.login:ensure_login:354 - Checking Login...
2026-07-28 23:06:35.930 | SUCCESS  | auth.login:load_saved_token:192 - Saved Token Loaded
2026-07-28 23:06:35.932 | SUCCESS  | auth.login:ensure_login:362 - Using Saved Token
2026-07-28 23:06:35.932 | INFO     | monitor:scan:111 - Scanning Website...
2026-07-28 23:06:35.932 | INFO     | monitor:scan:125 - Loading Page 1
2026-07-28 23:06:35.933 | INFO     | api:get_files:60 - Loading Page 1
2026-07-28 23:06:37.745 | INFO     | api:get_file:84 - Loading File 126d5180-1adb-5053-88b0-c1571f3c5943
2026-07-28 23:06:37.985 | INFO     | monitor:scan:273 - Reached Old Files
2026-07-28 23:06:37.985 | INFO     | monitor:scan:303 - No New Serial
2026-07-28 23:06:37.986 | INFO     | monitor:scan:325 - Nothing Changed
2026-07-28 23:06:37.987 | SUCCESS  | monitor:scan:331 - Scan Finished
2026-07-28 23:06:37.988 | INFO     | monitor:start:67 - Sleep 60 Seconds
2026-07-28 23:07:37.989 | INFO     | auth.login:ensure_login:354 - Checking Login...
2026-07-28 23:07:37.989 | SUCCESS  | auth.login:load_saved_token:192 - Saved Token Loaded
2026-07-28 23:07:37.990 | SUCCESS  | auth.login:ensure_login:362 - Using Saved Token
2026-07-28 23:07:37.990 | INFO     | monitor:scan:111 - Scanning Website...
2026-07-28 23:07:37.991 | INFO     | monitor:scan:125 - Loading Page 1
2026-07-28 23:07:37.992 | INFO     | api:get_files:60 - Loading Page 1
2026-07-28 23:07:41.549 | INFO     | api:get_file:84 - Loading File 126d5180-1adb-5053-88b0-c1571f3c5943
2026-07-28 23:07:41.993 | INFO     | monitor:scan:273 - Reached Old Files
2026-07-28 23:07:41.993 | INFO     | monitor:scan:303 - No New Serial
2026-07-28 23:07:41.993 | INFO     | monitor:scan:325 - Nothing Changed
2026-07-28 23:07:41.994 | SUCCESS  | monitor:scan:331 - Scan Finished
2026-07-28 23:07:41.994 | INFO     | monitor:start:67 - Sleep 60 Seconds
2026-07-28 23:08:41.994 | INFO     | auth.login:ensure_login:354 - Checking Login...
2026-07-28 23:08:41.995 | SUCCESS  | auth.login:load_saved_token:192 - Saved Token Loaded
2026-07-28 23:08:41.995 | SUCCESS  | auth.login:ensure_login:362 - Using Saved Token
2026-07-28 23:08:41.995 | INFO     | monitor:scan:111 - Scanning Website...
2026-07-28 23:08:41.996 | INFO     | monitor:scan:125 - Loading Page 1
2026-07-28 23:08:41.996 | INFO     | api:get_files:60 - Loading Page 1
2026-07-28 23:08:43.940 | INFO     | api:get_file:84 - Loading File 126d5180-1adb-5053-88b0-c1571f3c5943
2026-07-28 23:08:44.174 | INFO     | monitor:scan:273 - Reached Old Files
2026-07-28 23:08:44.176 | INFO     | monitor:scan:303 - No New Serial
2026-07-28 23:08:44.178 | INFO     | monitor:scan:325 - Nothing Changed
2026-07-28 23:08:44.180 | SUCCESS  | monitor:scan:331 - Scan Finished
2026-07-28 23:08:44.182 | INFO     | monitor:start:67 - Sleep 60 Seconds
2026-07-28 23:09:44.184 | INFO     | auth.login:ensure_login:354 - Checking Login...
2026-07-28 23:09:44.184 | SUCCESS  | auth.login:load_saved_token:192 - Saved Token Loaded
2026-07-28 23:09:44.185 | SUCCESS  | auth.login:ensure_login:362 - Using Saved Token
2026-07-28 23:09:44.185 | INFO     | monitor:scan:111 - Scanning Website...
2026-07-28 23:09:44.186 | INFO     | monitor:scan:125 - Loading Page 1
2026-07-28 23:09:44.186 | INFO     | api:get_files:60 - Loading Page 1
2026-07-28 23:09:45.776 | INFO     | api:get_file:84 - Loading File 126d5180-1adb-5053-88b0-c1571f3c5943
2026-07-28 23:09:46.018 | INFO     | monitor:scan:273 - Reached Old Files
2026-07-28 23:09:46.019 | INFO     | monitor:scan:303 - No New Serial
2026-07-28 23:09:46.020 | INFO     | monitor:scan:325 - Nothing Changed
2026-07-28 23:09:46.021 | SUCCESS  | monitor:scan:331 - Scan Finished
2026-07-28 23:09:46.023 | INFO     | monitor:start:67 - Sleep 60 Seconds
2026-07-28 23:10:46.025 | INFO     | auth.login:ensure_login:354 - Checking Login...
2026-07-28 23:10:46.027 | SUCCESS  | auth.login:load_saved_token:192 - Saved Token Loaded
2026-07-28 23:10:46.028 | SUCCESS  | auth.login:ensure_login:362 - Using Saved Token
2026-07-28 23:10:46.028 | INFO     | monitor:scan:111 - Scanning Website...
2026-07-28 23:10:46.029 | INFO     | monitor:scan:125 - Loading Page 1
2026-07-28 23:10:46.029 | INFO     | api:get_files:60 - Loading Page 1
2026-07-28 23:10:47.601 | INFO     | api:get_file:84 - Loading File 126d5180-1adb-5053-88b0-c1571f3c5943
2026-07-28 23:10:48.591 | INFO     | monitor:scan:273 - Reached Old Files
2026-07-28 23:10:48.591 | INFO     | monitor:scan:303 - No New Serial
2026-07-28 23:10:48.592 | INFO     | monitor:scan:325 - Nothing Changed
2026-07-28 23:10:48.592 | SUCCESS  | monitor:scan:331 - Scan Finished
2026-07-28 23:10:48.592 | INFO     | monitor:start:67 - Sleep 60 Seconds
2026-07-28 23:11:48.593 | INFO     | auth.login:ensure_login:354 - Checking Login...
2026-07-28 23:11:48.594 | SUCCESS  | auth.login:load_saved_token:192 - Saved Token Loaded
2026-07-28 23:11:48.594 | SUCCESS  | auth.login:ensure_login:362 - Using Saved Token
2026-07-28 23:11:48.595 | INFO     | monitor:scan:111 - Scanning Website...
2026-07-28 23:11:48.595 | INFO     | monitor:scan:125 - Loading Page 1
2026-07-28 23:11:48.595 | INFO     | api:get_files:60 - Loading Page 1
2026-07-28 23:11:51.620 | INFO     | api:get_file:84 - Loading File 126d5180-1adb-5053-88b0-c1571f3c5943
2026-07-28 23:11:52.062 | INFO     | monitor:scan:273 - Reached Old Files
2026-07-28 23:11:52.064 | INFO     | monitor:scan:303 - No New Serial
2026-07-28 23:11:52.065 | INFO     | monitor:scan:325 - Nothing Changed
2026-07-28 23:11:52.066 | SUCCESS  | monitor:scan:331 - Scan Finished
2026-07-28 23:11:52.066 | INFO     | monitor:start:67 - Sleep 60 Seconds
2026-07-28 23:12:52.068 | INFO     | auth.login:ensure_login:354 - Checking Login...
2026-07-28 23:12:52.072 | SUCCESS  | auth.login:load_saved_token:192 - Saved Token Loaded
2026-07-28 23:12:52.074 | SUCCESS  | auth.login:ensure_login:362 - Using Saved Token
2026-07-28 23:12:52.076 | INFO     | monitor:scan:111 - Scanning Website...
2026-07-28 23:12:52.078 | INFO     | monitor:scan:125 - Loading Page 1
2026-07-28 23:12:52.079 | INFO     | api:get_files:60 - Loading Page 1
2026-07-28 23:12:52.539 | WARNING  | auth.login:get:411 - Access Token Expired
2026-07-28 23:12:52.539 | INFO     | auth.login:login:262 - Logging in...
2026-07-28 23:12:53.008 | SUCCESS  | auth.login:save_token:242 - Token Saved
2026-07-28 23:12:53.008 | SUCCESS  | auth.login:login:340 - Login Successful
2026-07-28 23:12:56.504 | INFO     | api:get_file:84 - Loading File 126d5180-1adb-5053-88b0-c1571f3c5943
2026-07-28 23:12:56.746 | INFO     | monitor:scan:273 - Reached Old Files
2026-07-28 23:12:56.746 | INFO     | monitor:scan:303 - No New Serial
2026-07-28 23:12:56.746 | INFO     | monitor:scan:325 - Nothing Changed
2026-07-28 23:12:56.747 | SUCCESS  | monitor:scan:331 - Scan Finished
2026-07-28 23:12:56.748 | INFO     | monitor:start:67 - Sleep 60 Seconds
2026-07-28 23:13:56.749 | INFO     | auth.login:ensure_login:354 - Checking Login...
2026-07-28 23:13:56.770 | SUCCESS  | auth.login:load_saved_token:192 - Saved Token Loaded
2026-07-28 23:13:56.770 | SUCCESS  | auth.login:ensure_login:362 - Using Saved Token
2026-07-28 23:13:56.770 | INFO     | monitor:scan:111 - Scanning Website...
2026-07-28 23:13:56.771 | INFO     | monitor:scan:125 - Loading Page 1
2026-07-28 23:13:56.772 | INFO     | api:get_files:60 - Loading Page 1
2026-07-28 23:13:58.876 | INFO     | api:get_file:84 - Loading File 126d5180-1adb-5053-88b0-c1571f3c5943
2026-07-28 23:13:59.130 | INFO     | monitor:scan:273 - Reached Old Files
2026-07-28 23:13:59.130 | INFO     | monitor:scan:303 - No New Serial
2026-07-28 23:13:59.130 | INFO     | monitor:scan:325 - Nothing Changed
2026-07-28 23:13:59.130 | SUCCESS  | monitor:scan:331 - Scan Finished
2026-07-28 23:13:59.131 | INFO     | monitor:start:67 - Sleep 60 Seconds
2026-07-28 23:14:59.132 | INFO     | auth.login:ensure_login:354 - Checking Login...
2026-07-28 23:14:59.133 | SUCCESS  | auth.login:load_saved_token:192 - Saved Token Loaded
2026-07-28 23:14:59.133 | SUCCESS  | auth.login:ensure_login:362 - Using Saved Token
2026-07-28 23:14:59.134 | INFO     | monitor:scan:111 - Scanning Website...
2026-07-28 23:14:59.134 | INFO     | monitor:scan:125 - Loading Page 1
2026-07-28 23:14:59.135 | INFO     | api:get_files:60 - Loading Page 1
2026-07-28 23:15:02.991 | INFO     | api:get_file:84 - Loading File 126d5180-1adb-5053-88b0-c1571f3c5943
2026-07-28 23:15:03.470 | INFO     | monitor:scan:273 - Reached Old Files
2026-07-28 23:15:03.471 | INFO     | monitor:scan:303 - No New Serial
2026-07-28 23:15:03.471 | INFO     | monitor:scan:325 - Nothing Changed
2026-07-28 23:15:03.471 | SUCCESS  | monitor:scan:331 - Scan Finished
2026-07-28 23:15:03.471 | INFO     | monitor:start:67 - Sleep 60 Seconds
2026-07-28 23:16:03.472 | INFO     | auth.login:ensure_login:354 - Checking Login...
2026-07-28 23:16:03.475 | SUCCESS  | auth.login:load_saved_token:192 - Saved Token Loaded
2026-07-28 23:16:03.476 | SUCCESS  | auth.login:ensure_login:362 - Using Saved Token
2026-07-28 23:16:03.477 | INFO     | monitor:scan:111 - Scanning Website...
2026-07-28 23:16:03.480 | INFO     | monitor:scan:125 - Loading Page 1
2026-07-28 23:16:03.482 | INFO     | api:get_files:60 - Loading Page 1
2026-07-28 23:16:05.042 | INFO     | api:get_file:84 - Loading File 126d5180-1adb-5053-88b0-c1571f3c5943
2026-07-28 23:16:05.280 | INFO     | monitor:scan:273 - Reached Old Files
2026-07-28 23:16:05.281 | INFO     | monitor:scan:303 - No New Serial
2026-07-28 23:16:05.281 | INFO     | monitor:scan:325 - Nothing Changed
2026-07-28 23:16:05.281 | SUCCESS  | monitor:scan:331 - Scan Finished
2026-07-28 23:16:05.281 | INFO     | monitor:start:67 - Sleep 60 Seconds
2026-07-28 23:17:05.281 | INFO     | auth.login:ensure_login:354 - Checking Login...
2026-07-28 23:17:05.284 | SUCCESS  | auth.login:load_saved_token:192 - Saved Token Loaded
2026-07-28 23:17:05.284 | SUCCESS  | auth.login:ensure_login:362 - Using Saved Token
2026-07-28 23:17:05.285 | INFO     | monitor:scan:111 - Scanning Website...
2026-07-28 23:17:05.287 | INFO     | monitor:scan:125 - Loading Page 1
2026-07-28 23:17:05.287 | INFO     | api:get_files:60 - Loading Page 1
2026-07-28 23:17:08.335 | INFO     | api:get_file:84 - Loading File 126d5180-1adb-5053-88b0-c1571f3c5943
2026-07-28 23:17:08.895 | INFO     | monitor:scan:273 - Reached Old Files
2026-07-28 23:17:08.896 | INFO     | monitor:scan:303 - No New Serial
2026-07-28 23:17:08.897 | INFO     | monitor:scan:325 - Nothing Changed
2026-07-28 23:17:08.897 | SUCCESS  | monitor:scan:331 - Scan Finished
2026-07-28 23:17:08.898 | INFO     | monitor:start:67 - Sleep 60 Seconds
2026-07-28 23:18:08.898 | INFO     | auth.login:ensure_login:354 - Checking Login...
2026-07-28 23:18:08.902 | SUCCESS  | auth.login:load_saved_token:192 - Saved Token Loaded
2026-07-28 23:18:08.903 | SUCCESS  | auth.login:ensure_login:362 - Using Saved Token
2026-07-28 23:18:08.904 | INFO     | monitor:scan:111 - Scanning Website...
2026-07-28 23:18:08.908 | INFO     | monitor:scan:125 - Loading Page 1
2026-07-28 23:18:08.910 | INFO     | api:get_files:60 - Loading Page 1
2026-07-28 23:18:10.502 | INFO     | api:get_file:84 - Loading File 126d5180-1adb-5053-88b0-c1571f3c5943
2026-07-28 23:18:10.740 | INFO     | monitor:scan:273 - Reached Old Files
2026-07-28 23:18:10.741 | INFO     | monitor:scan:303 - No New Serial
2026-07-28 23:18:10.741 | INFO     | monitor:scan:325 - Nothing Changed
2026-07-28 23:18:10.741 | SUCCESS  | monitor:scan:331 - Scan Finished
2026-07-28 23:18:10.741 | INFO     | monitor:start:67 - Sleep 60 Seconds
2026-07-28 23:19:10.742 | INFO     | auth.login:ensure_login:354 - Checking Login...
2026-07-28 23:19:10.744 | SUCCESS  | auth.login:load_saved_token:192 - Saved Token Loaded
2026-07-28 23:19:10.745 | SUCCESS  | auth.login:ensure_login:362 - Using Saved Token
2026-07-28 23:19:10.746 | INFO     | monitor:scan:111 - Scanning Website...
2026-07-28 23:19:10.749 | INFO     | monitor:scan:125 - Loading Page 1
2026-07-28 23:19:10.751 | INFO     | api:get_files:60 - Loading Page 1
2026-07-28 23:19:12.632 | INFO     | api:get_file:84 - Loading File 126d5180-1adb-5053-88b0-c1571f3c5943
2026-07-28 23:19:13.303 | INFO     | monitor:scan:273 - Reached Old Files
2026-07-28 23:19:13.303 | INFO     | monitor:scan:303 - No New Serial
2026-07-28 23:19:13.304 | INFO     | monitor:scan:325 - Nothing Changed
2026-07-28 23:19:13.304 | SUCCESS  | monitor:scan:331 - Scan Finished
2026-07-28 23:19:13.305 | INFO     | monitor:start:67 - Sleep 60 Seconds
2026-07-28 23:20:13.306 | INFO     | auth.login:ensure_login:354 - Checking Login...
2026-07-28 23:20:13.309 | SUCCESS  | auth.login:load_saved_token:192 - Saved Token Loaded
2026-07-28 23:20:13.309 | SUCCESS  | auth.login:ensure_login:362 - Using Saved Token
2026-07-28 23:20:13.309 | INFO     | monitor:scan:111 - Scanning Website...
2026-07-28 23:20:13.311 | INFO     | monitor:scan:125 - Loading Page 1
2026-07-28 23:20:13.312 | INFO     | api:get_files:60 - Loading Page 1
2026-07-28 23:20:14.842 | INFO     | api:get_file:84 - Loading File 126d5180-1adb-5053-88b0-c1571f3c5943
2026-07-28 23:20:15.074 | INFO     | monitor:scan:273 - Reached Old Files
2026-07-28 23:20:15.074 | INFO     | monitor:scan:303 - No New Serial
2026-07-28 23:20:15.075 | INFO     | monitor:scan:325 - Nothing Changed
2026-07-28 23:20:15.076 | SUCCESS  | monitor:scan:331 - Scan Finished
2026-07-28 23:20:15.076 | INFO     | monitor:start:67 - Sleep 60 Seconds
2026-07-28 23:21:15.077 | INFO     | auth.login:ensure_login:354 - Checking Login...
2026-07-28 23:21:15.077 | SUCCESS  | auth.login:load_saved_token:192 - Saved Token Loaded
2026-07-28 23:21:15.078 | SUCCESS  | auth.login:ensure_login:362 - Using Saved Token
2026-07-28 23:21:15.078 | INFO     | monitor:scan:111 - Scanning Website...
2026-07-28 23:21:15.078 | INFO     | monitor:scan:125 - Loading Page 1
2026-07-28 23:21:15.078 | INFO     | api:get_files:60 - Loading Page 1
2026-07-28 23:21:18.670 | INFO     | api:get_file:84 - Loading File 126d5180-1adb-5053-88b0-c1571f3c5943
2026-07-28 23:21:19.508 | INFO     | monitor:scan:273 - Reached Old Files
2026-07-28 23:21:19.510 | INFO     | monitor:scan:303 - No New Serial
2026-07-28 23:21:19.510 | INFO     | monitor:scan:325 - Nothing Changed
2026-07-28 23:21:19.511 | SUCCESS  | monitor:scan:331 - Scan Finished
2026-07-28 23:21:19.513 | INFO     | monitor:start:67 - Sleep 60 Seconds
2026-07-28 23:22:19.514 | INFO     | auth.login:ensure_login:354 - Checking Login...
2026-07-28 23:22:19.518 | SUCCESS  | auth.login:load_saved_token:192 - Saved Token Loaded
2026-07-28 23:22:19.519 | SUCCESS  | auth.login:ensure_login:362 - Using Saved Token
2026-07-28 23:22:19.520 | INFO     | monitor:scan:111 - Scanning Website...
2026-07-28 23:22:19.523 | INFO     | monitor:scan:125 - Loading Page 1
2026-07-28 23:22:19.525 | INFO     | api:get_files:60 - Loading Page 1
2026-07-28 23:22:21.775 | INFO     | api:get_file:84 - Loading File 126d5180-1adb-5053-88b0-c1571f3c5943
2026-07-28 23:22:22.035 | INFO     | monitor:scan:273 - Reached Old Files
2026-07-28 23:22:22.036 | INFO     | monitor:scan:303 - No New Serial
2026-07-28 23:22:22.037 | INFO     | monitor:scan:325 - Nothing Changed
2026-07-28 23:22:22.038 | SUCCESS  | monitor:scan:331 - Scan Finished
2026-07-28 23:22:22.039 | INFO     | monitor:start:67 - Sleep 60 Seconds
2026-07-28 23:23:22.039 | INFO     | auth.login:ensure_login:354 - Checking Login...
2026-07-28 23:23:22.041 | SUCCESS  | auth.login:load_saved_token:192 - Saved Token Loaded
2026-07-28 23:23:22.042 | SUCCESS  | auth.login:ensure_login:362 - Using Saved Token
2026-07-28 23:23:22.042 | INFO     | monitor:scan:111 - Scanning Website...
2026-07-28 23:23:22.043 | INFO     | monitor:scan:125 - Loading Page 1
2026-07-28 23:23:22.043 | INFO     | api:get_files:60 - Loading Page 1
2026-07-28 23:23:22.462 | WARNING  | auth.login:get:411 - Access Token Expired
2026-07-28 23:23:22.462 | INFO     | auth.login:login:262 - Logging in...
2026-07-28 23:23:22.960 | SUCCESS  | auth.login:save_token:242 - Token Saved
2026-07-28 23:23:22.961 | SUCCESS  | auth.login:login:340 - Login Successful
2026-07-28 23:23:24.374 | INFO     | api:get_file:84 - Loading File 126d5180-1adb-5053-88b0-c1571f3c5943
2026-07-28 23:23:24.848 | INFO     | monitor:scan:273 - Reached Old Files
2026-07-28 23:23:24.849 | INFO     | monitor:scan:303 - No New Serial
2026-07-28 23:23:24.849 | INFO     | monitor:scan:325 - Nothing Changed
2026-07-28 23:23:24.850 | SUCCESS  | monitor:scan:331 - Scan Finished
2026-07-28 23:23:24.851 | INFO     | monitor:start:67 - Sleep 60 Seconds
2026-07-28 23:24:24.853 | INFO     | auth.login:ensure_login:354 - Checking Login...
2026-07-28 23:24:24.876 | SUCCESS  | auth.login:load_saved_token:192 - Saved Token Loaded
2026-07-28 23:24:24.876 | SUCCESS  | auth.login:ensure_login:362 - Using Saved Token
2026-07-28 23:24:24.876 | INFO     | monitor:scan:111 - Scanning Website...
2026-07-28 23:24:24.877 | INFO     | monitor:scan:125 - Loading Page 1
2026-07-28 23:24:24.877 | INFO     | api:get_files:60 - Loading Page 1
2026-07-28 23:24:28.120 | INFO     | api:get_file:84 - Loading File 126d5180-1adb-5053-88b0-c1571f3c5943
2026-07-28 23:24:28.550 | INFO     | monitor:scan:273 - Reached Old Files
2026-07-28 23:24:28.550 | INFO     | monitor:scan:303 - No New Serial
2026-07-28 23:24:28.551 | INFO     | monitor:scan:325 - Nothing Changed
2026-07-28 23:24:28.551 | SUCCESS  | monitor:scan:331 - Scan Finished
2026-07-28 23:24:28.551 | INFO     | monitor:start:67 - Sleep 60 Seconds
2026-07-28 23:25:28.552 | INFO     | auth.login:ensure_login:354 - Checking Login...
2026-07-28 23:25:28.556 | SUCCESS  | auth.login:load_saved_token:192 - Saved Token Loaded
2026-07-28 23:25:28.558 | SUCCESS  | auth.login:ensure_login:362 - Using Saved Token
2026-07-28 23:25:28.559 | INFO     | monitor:scan:111 - Scanning Website...
2026-07-28 23:25:28.563 | INFO     | monitor:scan:125 - Loading Page 1
2026-07-28 23:25:28.563 | INFO     | api:get_files:60 - Loading Page 1
2026-07-28 23:25:30.436 | INFO     | api:get_file:84 - Loading File 126d5180-1adb-5053-88b0-c1571f3c5943
2026-07-28 23:25:30.678 | INFO     | monitor:scan:273 - Reached Old Files
2026-07-28 23:25:30.679 | INFO     | monitor:scan:303 - No New Serial
2026-07-28 23:25:30.679 | INFO     | monitor:scan:325 - Nothing Changed
2026-07-28 23:25:30.680 | SUCCESS  | monitor:scan:331 - Scan Finished
2026-07-28 23:25:30.681 | INFO     | monitor:start:67 - Sleep 60 Seconds
2026-07-28 23:26:30.682 | INFO     | auth.login:ensure_login:354 - Checking Login...
2026-07-28 23:26:30.687 | SUCCESS  | auth.login:load_saved_token:192 - Saved Token Loaded
2026-07-28 23:26:30.689 | SUCCESS  | auth.login:ensure_login:362 - Using Saved Token
2026-07-28 23:26:30.689 | INFO     | monitor:scan:111 - Scanning Website...
2026-07-28 23:26:30.691 | INFO     | monitor:scan:125 - Loading Page 1
2026-07-28 23:26:30.691 | INFO     | api:get_files:60 - Loading Page 1
2026-07-28 23:26:32.306 | INFO     | api:get_file:84 - Loading File 126d5180-1adb-5053-88b0-c1571f3c5943
2026-07-28 23:26:32.553 | INFO     | monitor:scan:273 - Reached Old Files
2026-07-28 23:26:32.554 | INFO     | monitor:scan:303 - No New Serial
2026-07-28 23:26:32.555 | INFO     | monitor:scan:325 - Nothing Changed
2026-07-28 23:26:32.555 | SUCCESS  | monitor:scan:331 - Scan Finished
2026-07-28 23:26:32.556 | INFO     | monitor:start:67 - Sleep 60 Seconds
2026-07-28 23:27:32.558 | INFO     | auth.login:ensure_login:354 - Checking Login...
2026-07-28 23:27:32.561 | SUCCESS  | auth.login:load_saved_token:192 - Saved Token Loaded
2026-07-28 23:27:32.561 | SUCCESS  | auth.login:ensure_login:362 - Using Saved Token
2026-07-28 23:27:32.561 | INFO     | monitor:scan:111 - Scanning Website...
2026-07-28 23:27:32.562 | INFO     | monitor:scan:125 - Loading Page 1
2026-07-28 23:27:32.563 | INFO     | api:get_files:60 - Loading Page 1
2026-07-28 23:27:34.412 | INFO     | api:get_file:84 - Loading File 126d5180-1adb-5053-88b0-c1571f3c5943
2026-07-28 23:27:34.680 | INFO     | monitor:scan:273 - Reached Old Files
2026-07-28 23:27:34.680 | INFO     | monitor:scan:303 - No New Serial
2026-07-28 23:27:34.680 | INFO     | monitor:scan:325 - Nothing Changed
2026-07-28 23:27:34.681 | SUCCESS  | monitor:scan:331 - Scan Finished
2026-07-28 23:27:34.682 | INFO     | monitor:start:67 - Sleep 60 Seconds
2026-07-28 23:28:34.682 | INFO     | auth.login:ensure_login:354 - Checking Login...
2026-07-28 23:28:34.683 | SUCCESS  | auth.login:load_saved_token:192 - Saved Token Loaded
2026-07-28 23:28:34.683 | SUCCESS  | auth.login:ensure_login:362 - Using Saved Token
2026-07-28 23:28:34.684 | INFO     | monitor:scan:111 - Scanning Website...
2026-07-28 23:28:34.685 | INFO     | monitor:scan:125 - Loading Page 1
2026-07-28 23:28:34.685 | INFO     | api:get_files:60 - Loading Page 1
2026-07-28 23:28:36.275 | INFO     | api:get_file:84 - Loading File 126d5180-1adb-5053-88b0-c1571f3c5943
2026-07-28 23:28:36.512 | INFO     | monitor:scan:273 - Reached Old Files
2026-07-28 23:28:36.513 | INFO     | monitor:scan:303 - No New Serial
2026-07-28 23:28:36.513 | INFO     | monitor:scan:325 - Nothing Changed
2026-07-28 23:28:36.514 | SUCCESS  | monitor:scan:331 - Scan Finished
2026-07-28 23:28:36.515 | INFO     | monitor:start:67 - Sleep 60 Seconds
2026-07-28 23:29:36.516 | INFO     | auth.login:ensure_login:354 - Checking Login...
2026-07-28 23:29:36.516 | SUCCESS  | auth.login:load_saved_token:192 - Saved Token Loaded
2026-07-28 23:29:36.517 | SUCCESS  | auth.login:ensure_login:362 - Using Saved Token
2026-07-28 23:29:36.517 | INFO     | monitor:scan:111 - Scanning Website...
2026-07-28 23:29:36.518 | INFO     | monitor:scan:125 - Loading Page 1
2026-07-28 23:29:36.518 | INFO     | api:get_files:60 - Loading Page 1
2026-07-28 23:29:40.609 | INFO     | api:get_file:84 - Loading File 126d5180-1adb-5053-88b0-c1571f3c5943
2026-07-28 23:29:41.384 | INFO     | monitor:scan:273 - Reached Old Files
2026-07-28 23:29:41.385 | INFO     | monitor:scan:303 - No New Serial
2026-07-28 23:29:41.386 | INFO     | monitor:scan:325 - Nothing Changed
2026-07-28 23:29:41.388 | SUCCESS  | monitor:scan:331 - Scan Finished
2026-07-28 23:29:41.390 | INFO     | monitor:start:67 - Sleep 60 Seconds
2026-07-28 23:30:41.392 | INFO     | auth.login:ensure_login:354 - Checking Login...
2026-07-28 23:30:41.396 | SUCCESS  | auth.login:load_saved_token:192 - Saved Token Loaded
2026-07-28 23:30:41.397 | SUCCESS  | auth.login:ensure_login:362 - Using Saved Token
2026-07-28 23:30:41.398 | INFO     | monitor:scan:111 - Scanning Website...
2026-07-28 23:30:41.399 | INFO     | monitor:scan:125 - Loading Page 1
2026-07-28 23:30:41.400 | INFO     | api:get_files:60 - Loading Page 1
2026-07-28 23:30:45.288 | INFO     | api:get_file:84 - Loading File 126d5180-1adb-5053-88b0-c1571f3c5943
2026-07-28 23:30:45.719 | INFO     | monitor:scan:273 - Reached Old Files
2026-07-28 23:30:45.719 | INFO     | monitor:scan:303 - No New Serial
2026-07-28 23:30:45.719 | INFO     | monitor:scan:325 - Nothing Changed
2026-07-28 23:30:45.720 | SUCCESS  | monitor:scan:331 - Scan Finished
2026-07-28 23:30:45.720 | INFO     | monitor:start:67 - Sleep 60 Seconds
2026-07-28 23:31:45.721 | INFO     | auth.login:ensure_login:354 - Checking Login...
2026-07-28 23:31:45.724 | SUCCESS  | auth.login:load_saved_token:192 - Saved Token Loaded
2026-07-28 23:31:45.725 | SUCCESS  | auth.login:ensure_login:362 - Using Saved Token
2026-07-28 23:31:45.726 | INFO     | monitor:scan:111 - Scanning Website...
2026-07-28 23:31:45.728 | INFO     | monitor:scan:125 - Loading Page 1
2026-07-28 23:31:45.728 | INFO     | api:get_files:60 - Loading Page 1
2026-07-28 23:31:47.874 | INFO     | api:get_file:84 - Loading File 126d5180-1adb-5053-88b0-c1571f3c5943
2026-07-28 23:31:48.106 | INFO     | monitor:scan:273 - Reached Old Files
2026-07-28 23:31:48.108 | INFO     | monitor:scan:303 - No New Serial
2026-07-28 23:31:48.108 | INFO     | monitor:scan:325 - Nothing Changed
2026-07-28 23:31:48.109 | SUCCESS  | monitor:scan:331 - Scan Finished
2026-07-28 23:31:48.110 | INFO     | monitor:start:67 - Sleep 60 Seconds
2026-07-28 23:32:48.111 | INFO     | auth.login:ensure_login:354 - Checking Login...
2026-07-28 23:32:48.112 | SUCCESS  | auth.login:load_saved_token:192 - Saved Token Loaded
2026-07-28 23:32:48.113 | SUCCESS  | auth.login:ensure_login:362 - Using Saved Token
2026-07-28 23:32:48.114 | INFO     | monitor:scan:111 - Scanning Website...
2026-07-28 23:32:48.115 | INFO     | monitor:scan:125 - Loading Page 1
2026-07-28 23:32:48.115 | INFO     | api:get_files:60 - Loading Page 1
2026-07-28 23:32:49.672 | INFO     | api:get_file:84 - Loading File 126d5180-1adb-5053-88b0-c1571f3c5943
2026-07-28 23:32:50.129 | INFO     | monitor:scan:273 - Reached Old Files
2026-07-28 23:32:50.129 | INFO     | monitor:scan:303 - No New Serial
2026-07-28 23:32:50.130 | INFO     | monitor:scan:325 - Nothing Changed
2026-07-28 23:32:50.130 | SUCCESS  | monitor:scan:331 - Scan Finished
2026-07-28 23:32:50.131 | INFO     | monitor:start:67 - Sleep 60 Seconds
2026-07-28 23:33:50.132 | INFO     | auth.login:ensure_login:354 - Checking Login...
2026-07-28 23:33:50.134 | SUCCESS  | auth.login:load_saved_token:192 - Saved Token Loaded
2026-07-28 23:33:50.135 | SUCCESS  | auth.login:ensure_login:362 - Using Saved Token
2026-07-28 23:33:50.136 | INFO     | monitor:scan:111 - Scanning Website...
2026-07-28 23:33:50.137 | INFO     | monitor:scan:125 - Loading Page 1
2026-07-28 23:33:50.138 | INFO     | api:get_files:60 - Loading Page 1
2026-07-28 23:33:50.596 | WARNING  | auth.login:get:411 - Access Token Expired
2026-07-28 23:33:50.597 | INFO     | auth.login:login:262 - Logging in...
2026-07-28 23:33:51.093 | SUCCESS  | auth.login:save_token:242 - Token Saved
2026-07-28 23:33:51.095 | SUCCESS  | auth.login:login:340 - Login Successful
2026-07-28 23:33:52.606 | INFO     | api:get_file:84 - Loading File 126d5180-1adb-5053-88b0-c1571f3c5943
2026-07-28 23:33:52.867 | INFO     | monitor:scan:273 - Reached Old Files
2026-07-28 23:33:52.868 | INFO     | monitor:scan:303 - No New Serial
2026-07-28 23:33:52.869 | INFO     | monitor:scan:325 - Nothing Changed
2026-07-28 23:33:52.871 | SUCCESS  | monitor:scan:331 - Scan Finished
2026-07-28 23:33:52.873 | INFO     | monitor:start:67 - Sleep 60 Seconds
2026-07-28 23:34:52.874 | INFO     | auth.login:ensure_login:354 - Checking Login...
2026-07-28 23:34:52.880 | SUCCESS  | auth.login:load_saved_token:192 - Saved Token Loaded
2026-07-28 23:34:52.881 | SUCCESS  | auth.login:ensure_login:362 - Using Saved Token
2026-07-28 23:34:52.881 | INFO     | monitor:scan:111 - Scanning Website...
2026-07-28 23:34:52.881 | INFO     | monitor:scan:125 - Loading Page 1
2026-07-28 23:34:52.881 | INFO     | api:get_files:60 - Loading Page 1
2026-07-28 23:34:54.707 | INFO     | api:get_file:84 - Loading File 126d5180-1adb-5053-88b0-c1571f3c5943
2026-07-28 23:34:54.950 | INFO     | monitor:scan:273 - Reached Old Files
2026-07-28 23:34:54.950 | INFO     | monitor:scan:303 - No New Serial
2026-07-28 23:34:54.950 | INFO     | monitor:scan:325 - Nothing Changed
2026-07-28 23:34:54.950 | SUCCESS  | monitor:scan:331 - Scan Finished
2026-07-28 23:34:54.951 | INFO     | monitor:start:67 - Sleep 60 Seconds
2026-07-28 23:35:54.951 | INFO     | auth.login:ensure_login:354 - Checking Login...
2026-07-28 23:35:54.952 | SUCCESS  | auth.login:load_saved_token:192 - Saved Token Loaded
2026-07-28 23:35:54.952 | SUCCESS  | auth.login:ensure_login:362 - Using Saved Token
2026-07-28 23:35:54.952 | INFO     | monitor:scan:111 - Scanning Website...
2026-07-28 23:35:54.953 | INFO     | monitor:scan:125 - Loading Page 1
2026-07-28 23:35:54.953 | INFO     | api:get_files:60 - Loading Page 1
2026-07-28 23:35:56.787 | INFO     | api:get_file:84 - Loading File 126d5180-1adb-5053-88b0-c1571f3c5943
2026-07-28 23:35:57.059 | INFO     | monitor:scan:273 - Reached Old Files
2026-07-28 23:35:57.060 | INFO     | monitor:scan:303 - No New Serial
2026-07-28 23:35:57.061 | INFO     | monitor:scan:325 - Nothing Changed
2026-07-28 23:35:57.062 | SUCCESS  | monitor:scan:331 - Scan Finished
2026-07-28 23:35:57.064 | INFO     | monitor:start:67 - Sleep 60 Seconds
2026-07-28 23:36:57.066 | INFO     | auth.login:ensure_login:354 - Checking Login...
2026-07-28 23:36:57.070 | SUCCESS  | auth.login:load_saved_token:192 - Saved Token Loaded
2026-07-28 23:36:57.071 | SUCCESS  | auth.login:ensure_login:362 - Using Saved Token
2026-07-28 23:36:57.074 | INFO     | monitor:scan:111 - Scanning Website...
2026-07-28 23:36:57.077 | INFO     | monitor:scan:125 - Loading Page 1
2026-07-28 23:36:57.077 | INFO     | api:get_files:60 - Loading Page 1
2026-07-28 23:36:59.082 | INFO     | api:get_file:84 - Loading File 126d5180-1adb-5053-88b0-c1571f3c5943
2026-07-28 23:36:59.321 | INFO     | monitor:scan:273 - Reached Old Files
2026-07-28 23:36:59.322 | INFO     | monitor:scan:303 - No New Serial
2026-07-28 23:36:59.322 | INFO     | monitor:scan:325 - Nothing Changed
2026-07-28 23:36:59.322 | SUCCESS  | monitor:scan:331 - Scan Finished
2026-07-28 23:36:59.322 | INFO     | monitor:start:67 - Sleep 60 Seconds
2026-07-28 23:37:59.323 | INFO     | auth.login:ensure_login:354 - Checking Login...
2026-07-28 23:37:59.324 | SUCCESS  | auth.login:load_saved_token:192 - Saved Token Loaded
2026-07-28 23:37:59.324 | SUCCESS  | auth.login:ensure_login:362 - Using Saved Token
2026-07-28 23:37:59.324 | INFO     | monitor:scan:111 - Scanning Website...
2026-07-28 23:37:59.325 | INFO     | monitor:scan:125 - Loading Page 1
2026-07-28 23:37:59.325 | INFO     | api:get_files:60 - Loading Page 1
2026-07-28 23:38:02.369 | INFO     | api:get_file:84 - Loading File 126d5180-1adb-5053-88b0-c1571f3c5943
2026-07-28 23:38:02.602 | INFO     | monitor:scan:273 - Reached Old Files
2026-07-28 23:38:02.603 | INFO     | monitor:scan:303 - No New Serial
2026-07-28 23:38:02.603 | INFO     | monitor:scan:325 - Nothing Changed
2026-07-28 23:38:02.604 | SUCCESS  | monitor:scan:331 - Scan Finished
2026-07-28 23:38:02.604 | INFO     | monitor:start:67 - Sleep 60 Seconds
2026-07-28 23:39:02.606 | INFO     | auth.login:ensure_login:354 - Checking Login...
2026-07-28 23:39:02.608 | SUCCESS  | auth.login:load_saved_token:192 - Saved Token Loaded
2026-07-28 23:39:02.608 | SUCCESS  | auth.login:ensure_login:362 - Using Saved Token
2026-07-28 23:39:02.609 | INFO     | monitor:scan:111 - Scanning Website...
2026-07-28 23:39:02.611 | INFO     | monitor:scan:125 - Loading Page 1
2026-07-28 23:39:02.611 | INFO     | api:get_files:60 - Loading Page 1
2026-07-28 23:39:05.472 | INFO     | api:get_file:84 - Loading File 126d5180-1adb-5053-88b0-c1571f3c5943
2026-07-28 23:39:05.887 | INFO     | monitor:scan:273 - Reached Old Files
2026-07-28 23:39:05.887 | INFO     | monitor:scan:303 - No New Serial
2026-07-28 23:39:05.888 | INFO     | monitor:scan:325 - Nothing Changed
2026-07-28 23:39:05.888 | SUCCESS  | monitor:scan:331 - Scan Finished
2026-07-28 23:39:05.889 | INFO     | monitor:start:67 - Sleep 60 Seconds
2026-07-28 23:40:05.889 | INFO     | auth.login:ensure_login:354 - Checking Login...
2026-07-28 23:40:05.890 | SUCCESS  | auth.login:load_saved_token:192 - Saved Token Loaded
2026-07-28 23:40:05.890 | SUCCESS  | auth.login:ensure_login:362 - Using Saved Token
2026-07-28 23:40:05.891 | INFO     | monitor:scan:111 - Scanning Website...
2026-07-28 23:40:05.891 | INFO     | monitor:scan:125 - Loading Page 1
2026-07-28 23:40:05.892 | INFO     | api:get_files:60 - Loading Page 1
2026-07-28 23:40:07.588 | INFO     | api:get_file:84 - Loading File 126d5180-1adb-5053-88b0-c1571f3c5943
2026-07-28 23:40:07.829 | INFO     | monitor:scan:273 - Reached Old Files
2026-07-28 23:40:07.831 | INFO     | monitor:scan:303 - No New Serial
2026-07-28 23:40:07.833 | INFO     | monitor:scan:325 - Nothing Changed
2026-07-28 23:40:07.834 | SUCCESS  | monitor:scan:331 - Scan Finished
2026-07-28 23:40:07.835 | INFO     | monitor:start:67 - Sleep 60 Seconds
2026-07-28 23:41:07.836 | INFO     | auth.login:ensure_login:354 - Checking Login...
2026-07-28 23:41:07.838 | SUCCESS  | auth.login:load_saved_token:192 - Saved Token Loaded
2026-07-28 23:41:07.840 | SUCCESS  | auth.login:ensure_login:362 - Using Saved Token
2026-07-28 23:41:07.841 | INFO     | monitor:scan:111 - Scanning Website...
2026-07-28 23:41:07.844 | INFO     | monitor:scan:125 - Loading Page 1
2026-07-28 23:41:07.844 | INFO     | api:get_files:60 - Loading Page 1
2026-07-28 23:41:09.536 | INFO     | api:get_file:84 - Loading File 126d5180-1adb-5053-88b0-c1571f3c5943
2026-07-28 23:41:09.834 | INFO     | monitor:scan:273 - Reached Old Files
2026-07-28 23:41:09.834 | INFO     | monitor:scan:303 - No New Serial
2026-07-28 23:41:09.834 | INFO     | monitor:scan:325 - Nothing Changed
2026-07-28 23:41:09.834 | SUCCESS  | monitor:scan:331 - Scan Finished
2026-07-28 23:41:09.835 | INFO     | monitor:start:67 - Sleep 60 Seconds
2026-07-28 23:42:09.835 | INFO     | auth.login:ensure_login:354 - Checking Login...
2026-07-28 23:42:09.839 | SUCCESS  | auth.login:load_saved_token:192 - Saved Token Loaded
2026-07-28 23:42:09.841 | SUCCESS  | auth.login:ensure_login:362 - Using Saved Token
2026-07-28 23:42:09.843 | INFO     | monitor:scan:111 - Scanning Website...
2026-07-28 23:42:09.847 | INFO     | monitor:scan:125 - Loading Page 1
2026-07-28 23:42:09.847 | INFO     | api:get_files:60 - Loading Page 1
2026-07-28 23:42:13.474 | INFO     | api:get_file:84 - Loading File 126d5180-1adb-5053-88b0-c1571f3c5943
2026-07-28 23:42:13.876 | INFO     | monitor:scan:273 - Reached Old Files
2026-07-28 23:42:13.878 | INFO     | monitor:scan:303 - No New Serial
2026-07-28 23:42:13.879 | INFO     | monitor:scan:325 - Nothing Changed
2026-07-28 23:42:13.879 | SUCCESS  | monitor:scan:331 - Scan Finished
2026-07-28 23:42:13.881 | INFO     | monitor:start:67 - Sleep 60 Seconds
2026-07-28 23:43:13.882 | INFO     | auth.login:ensure_login:354 - Checking Login...
2026-07-28 23:43:13.887 | SUCCESS  | auth.login:load_saved_token:192 - Saved Token Loaded
2026-07-28 23:43:13.888 | SUCCESS  | auth.login:ensure_login:362 - Using Saved Token
2026-07-28 23:43:13.890 | INFO     | monitor:scan:111 - Scanning Website...
2026-07-28 23:43:13.892 | INFO     | monitor:scan:125 - Loading Page 1
2026-07-28 23:43:13.893 | INFO     | api:get_files:60 - Loading Page 1
2026-07-28 23:43:15.768 | INFO     | api:get_file:84 - Loading File 126d5180-1adb-5053-88b0-c1571f3c5943
2026-07-28 23:43:16.004 | INFO     | monitor:scan:273 - Reached Old Files
2026-07-28 23:43:16.004 | INFO     | monitor:scan:303 - No New Serial
2026-07-28 23:43:16.005 | INFO     | monitor:scan:325 - Nothing Changed
2026-07-28 23:43:16.006 | SUCCESS  | monitor:scan:331 - Scan Finished
2026-07-28 23:43:16.007 | INFO     | monitor:start:67 - Sleep 60 Seconds
2026-07-28 23:44:16.008 | INFO     | auth.login:ensure_login:354 - Checking Login...
2026-07-28 23:44:16.008 | SUCCESS  | auth.login:load_saved_token:192 - Saved Token Loaded
2026-07-28 23:44:16.008 | SUCCESS  | auth.login:ensure_login:362 - Using Saved Token
2026-07-28 23:44:16.009 | INFO     | monitor:scan:111 - Scanning Website...
2026-07-28 23:44:16.009 | INFO     | monitor:scan:125 - Loading Page 1
2026-07-28 23:44:16.009 | INFO     | api:get_files:60 - Loading Page 1
2026-07-28 23:44:16.446 | WARNING  | auth.login:get:411 - Access Token Expired
2026-07-28 23:44:16.446 | INFO     | auth.login:login:262 - Logging in...
2026-07-28 23:44:16.960 | SUCCESS  | auth.login:save_token:242 - Token Saved
2026-07-28 23:44:16.960 | SUCCESS  | auth.login:login:340 - Login Successful
2026-07-28 23:44:18.227 | INFO     | api:get_file:84 - Loading File 126d5180-1adb-5053-88b0-c1571f3c5943
2026-07-28 23:44:18.470 | INFO     | monitor:scan:273 - Reached Old Files
2026-07-28 23:44:18.471 | INFO     | monitor:scan:303 - No New Serial
2026-07-28 23:44:18.472 | INFO     | monitor:scan:325 - Nothing Changed
2026-07-28 23:44:18.472 | SUCCESS  | monitor:scan:331 - Scan Finished
2026-07-28 23:44:18.474 | INFO     | monitor:start:67 - Sleep 60 Seconds
2026-07-28 23:45:18.474 | INFO     | auth.login:ensure_login:354 - Checking Login...
2026-07-28 23:45:18.494 | SUCCESS  | auth.login:load_saved_token:192 - Saved Token Loaded
2026-07-28 23:45:18.494 | SUCCESS  | auth.login:ensure_login:362 - Using Saved Token
2026-07-28 23:45:18.494 | INFO     | monitor:scan:111 - Scanning Website...
2026-07-28 23:45:18.495 | INFO     | monitor:scan:125 - Loading Page 1
2026-07-28 23:45:18.495 | INFO     | api:get_files:60 - Loading Page 1
2026-07-28 23:45:20.380 | INFO     | api:get_file:84 - Loading File 126d5180-1adb-5053-88b0-c1571f3c5943
2026-07-28 23:45:20.613 | INFO     | monitor:scan:273 - Reached Old Files
2026-07-28 23:45:20.613 | INFO     | monitor:scan:303 - No New Serial
2026-07-28 23:45:20.613 | INFO     | monitor:scan:325 - Nothing Changed
2026-07-28 23:45:20.613 | SUCCESS  | monitor:scan:331 - Scan Finished
2026-07-28 23:45:20.614 | INFO     | monitor:start:67 - Sleep 60 Seconds
2026-07-28 23:46:20.614 | INFO     | auth.login:ensure_login:354 - Checking Login...
2026-07-28 23:46:20.616 | SUCCESS  | auth.login:load_saved_token:192 - Saved Token Loaded
2026-07-28 23:46:20.617 | SUCCESS  | auth.login:ensure_login:362 - Using Saved Token
2026-07-28 23:46:20.618 | INFO     | monitor:scan:111 - Scanning Website...
2026-07-28 23:46:20.620 | INFO     | monitor:scan:125 - Loading Page 1
2026-07-28 23:46:20.620 | INFO     | api:get_files:60 - Loading Page 1
2026-07-28 23:46:22.595 | INFO     | api:get_file:84 - Loading File 126d5180-1adb-5053-88b0-c1571f3c5943
2026-07-28 23:46:22.835 | INFO     | monitor:scan:273 - Reached Old Files
2026-07-28 23:46:22.838 | INFO     | monitor:scan:303 - No New Serial
2026-07-28 23:46:22.838 | INFO     | monitor:scan:325 - Nothing Changed
2026-07-28 23:46:22.839 | SUCCESS  | monitor:scan:331 - Scan Finished
2026-07-28 23:46:22.839 | INFO     | monitor:start:67 - Sleep 60 Seconds
2026-07-28 23:47:22.841 | INFO     | auth.login:ensure_login:354 - Checking Login...
2026-07-28 23:47:22.845 | SUCCESS  | auth.login:load_saved_token:192 - Saved Token Loaded
2026-07-28 23:47:22.847 | SUCCESS  | auth.login:ensure_login:362 - Using Saved Token
2026-07-28 23:47:22.849 | INFO     | monitor:scan:111 - Scanning Website...
2026-07-28 23:47:22.852 | INFO     | monitor:scan:125 - Loading Page 1
2026-07-28 23:47:22.853 | INFO     | api:get_files:60 - Loading Page 1
2026-07-28 23:47:25.903 | INFO     | api:get_file:84 - Loading File 126d5180-1adb-5053-88b0-c1571f3c5943
2026-07-28 23:47:26.124 | INFO     | monitor:scan:273 - Reached Old Files
2026-07-28 23:47:26.125 | INFO     | monitor:scan:303 - No New Serial
2026-07-28 23:47:26.125 | INFO     | monitor:scan:325 - Nothing Changed
2026-07-28 23:47:26.125 | SUCCESS  | monitor:scan:331 - Scan Finished
2026-07-28 23:47:26.125 | INFO     | monitor:start:67 - Sleep 60 Seconds
2026-07-28 23:48:26.126 | INFO     | auth.login:ensure_login:354 - Checking Login...
2026-07-28 23:48:26.128 | SUCCESS  | auth.login:load_saved_token:192 - Saved Token Loaded
2026-07-28 23:48:26.129 | SUCCESS  | auth.login:ensure_login:362 - Using Saved Token
2026-07-28 23:48:26.130 | INFO     | monitor:scan:111 - Scanning Website...
2026-07-28 23:48:26.133 | INFO     | monitor:scan:125 - Loading Page 1
2026-07-28 23:48:26.134 | INFO     | api:get_files:60 - Loading Page 1
2026-07-28 23:48:27.643 | INFO     | api:get_file:84 - Loading File 126d5180-1adb-5053-88b0-c1571f3c5943
2026-07-28 23:48:27.880 | INFO     | monitor:scan:273 - Reached Old Files
2026-07-28 23:48:27.882 | INFO     | monitor:scan:303 - No New Serial
2026-07-28 23:48:27.883 | INFO     | monitor:scan:325 - Nothing Changed
2026-07-28 23:48:27.884 | SUCCESS  | monitor:scan:331 - Scan Finished
2026-07-28 23:48:27.884 | INFO     | monitor:start:67 - Sleep 60 Seconds
2026-07-28 23:49:27.885 | INFO     | auth.login:ensure_login:354 - Checking Login...
2026-07-28 23:49:27.889 | SUCCESS  | auth.login:load_saved_token:192 - Saved Token Loaded
2026-07-28 23:49:27.889 | SUCCESS  | auth.login:ensure_login:362 - Using Saved Token
2026-07-28 23:49:27.890 | INFO     | monitor:scan:111 - Scanning Website...
2026-07-28 23:49:27.893 | INFO     | monitor:scan:125 - Loading Page 1
2026-07-28 23:49:27.894 | INFO     | api:get_files:60 - Loading Page 1
2026-07-28 23:49:30.009 | INFO     | api:get_file:84 - Loading File 126d5180-1adb-5053-88b0-c1571f3c5943
2026-07-28 23:49:30.250 | INFO     | monitor:scan:273 - Reached Old Files
2026-07-28 23:49:30.251 | INFO     | monitor:scan:303 - No New Serial
2026-07-28 23:49:30.253 | INFO     | monitor:scan:325 - Nothing Changed
2026-07-28 23:49:30.253 | SUCCESS  | monitor:scan:331 - Scan Finished
2026-07-28 23:49:30.254 | INFO     | monitor:start:67 - Sleep 60 Seconds
2026-07-28 23:50:30.256 | INFO     | auth.login:ensure_login:354 - Checking Login...
2026-07-28 23:50:30.256 | SUCCESS  | auth.login:load_saved_token:192 - Saved Token Loaded
2026-07-28 23:50:30.257 | SUCCESS  | auth.login:ensure_login:362 - Using Saved Token
2026-07-28 23:50:30.257 | INFO     | monitor:scan:111 - Scanning Website...
2026-07-28 23:50:30.257 | INFO     | monitor:scan:125 - Loading Page 1
2026-07-28 23:50:30.257 | INFO     | api:get_files:60 - Loading Page 1
2026-07-28 23:50:32.232 | INFO     | api:get_file:84 - Loading File 126d5180-1adb-5053-88b0-c1571f3c5943
2026-07-28 23:50:32.473 | INFO     | monitor:scan:273 - Reached Old Files
2026-07-28 23:50:32.473 | INFO     | monitor:scan:303 - No New Serial
2026-07-28 23:50:32.473 | INFO     | monitor:scan:325 - Nothing Changed
2026-07-28 23:50:32.473 | SUCCESS  | monitor:scan:331 - Scan Finished
2026-07-28 23:50:32.474 | INFO     | monitor:start:67 - Sleep 60 Seconds
2026-07-28 23:51:32.474 | INFO     | auth.login:ensure_login:354 - Checking Login...
2026-07-28 23:51:32.475 | SUCCESS  | auth.login:load_saved_token:192 - Saved Token Loaded
2026-07-28 23:51:32.476 | SUCCESS  | auth.login:ensure_login:362 - Using Saved Token
2026-07-28 23:51:32.476 | INFO     | monitor:scan:111 - Scanning Website...
2026-07-28 23:51:32.477 | INFO     | monitor:scan:125 - Loading Page 1
2026-07-28 23:51:32.477 | INFO     | api:get_files:60 - Loading Page 1
2026-07-28 23:51:34.264 | INFO     | api:get_file:84 - Loading File 126d5180-1adb-5053-88b0-c1571f3c5943
2026-07-28 23:51:34.496 | INFO     | monitor:scan:273 - Reached Old Files
2026-07-28 23:51:34.497 | INFO     | monitor:scan:303 - No New Serial
2026-07-28 23:51:34.498 | INFO     | monitor:scan:325 - Nothing Changed
2026-07-28 23:51:34.499 | SUCCESS  | monitor:scan:331 - Scan Finished
2026-07-28 23:51:34.499 | INFO     | monitor:start:67 - Sleep 60 Seconds
2026-07-28 23:52:34.500 | INFO     | auth.login:ensure_login:354 - Checking Login...
2026-07-28 23:52:34.503 | SUCCESS  | auth.login:load_saved_token:192 - Saved Token Loaded
2026-07-28 23:52:34.504 | SUCCESS  | auth.login:ensure_login:362 - Using Saved Token
2026-07-28 23:52:34.505 | INFO     | monitor:scan:111 - Scanning Website...
2026-07-28 23:52:34.507 | INFO     | monitor:scan:125 - Loading Page 1
2026-07-28 23:52:34.508 | INFO     | api:get_files:60 - Loading Page 1
2026-07-28 23:52:46.426 | INFO     | api:get_file:84 - Loading File 126d5180-1adb-5053-88b0-c1571f3c5943
2026-07-28 23:52:47.484 | INFO     | monitor:scan:273 - Reached Old Files
2026-07-28 23:52:47.485 | INFO     | monitor:scan:303 - No New Serial
2026-07-28 23:52:47.486 | INFO     | monitor:scan:325 - Nothing Changed
2026-07-28 23:52:47.487 | SUCCESS  | monitor:scan:331 - Scan Finished
2026-07-28 23:52:47.489 | INFO     | monitor:start:67 - Sleep 60 Seconds
2026-07-28 23:53:47.490 | INFO     | auth.login:ensure_login:354 - Checking Login...
2026-07-28 23:53:47.493 | SUCCESS  | auth.login:load_saved_token:192 - Saved Token Loaded
2026-07-28 23:53:47.494 | SUCCESS  | auth.login:ensure_login:362 - Using Saved Token
2026-07-28 23:53:47.494 | INFO     | monitor:scan:111 - Scanning Website...
2026-07-28 23:53:47.495 | INFO     | monitor:scan:125 - Loading Page 1
2026-07-28 23:53:47.496 | INFO     | api:get_files:60 - Loading Page 1
2026-07-28 23:53:49.290 | INFO     | api:get_file:84 - Loading File 126d5180-1adb-5053-88b0-c1571f3c5943
2026-07-28 23:53:49.534 | INFO     | monitor:scan:273 - Reached Old Files
2026-07-28 23:53:49.534 | INFO     | monitor:scan:303 - No New Serial
2026-07-28 23:53:49.535 | INFO     | monitor:scan:325 - Nothing Changed
2026-07-28 23:53:49.535 | SUCCESS  | monitor:scan:331 - Scan Finished
2026-07-28 23:53:49.536 | INFO     | monitor:start:67 - Sleep 60 Seconds
2026-07-28 23:54:49.537 | INFO     | auth.login:ensure_login:354 - Checking Login...
2026-07-28 23:54:49.539 | SUCCESS  | auth.login:load_saved_token:192 - Saved Token Loaded
2026-07-28 23:54:49.540 | SUCCESS  | auth.login:ensure_login:362 - Using Saved Token
2026-07-28 23:54:49.541 | INFO     | monitor:scan:111 - Scanning Website...
2026-07-28 23:54:49.543 | INFO     | monitor:scan:125 - Loading Page 1
2026-07-28 23:54:49.543 | INFO     | api:get_files:60 - Loading Page 1
2026-07-28 23:54:49.997 | WARNING  | auth.login:get:411 - Access Token Expired
2026-07-28 23:54:49.998 | INFO     | auth.login:login:262 - Logging in...
2026-07-28 23:54:51.706 | SUCCESS  | auth.login:save_token:242 - Token Saved
2026-07-28 23:54:51.707 | SUCCESS  | auth.login:login:340 - Login Successful
2026-07-28 23:54:53.212 | INFO     | api:get_file:84 - Loading File 126d5180-1adb-5053-88b0-c1571f3c5943
2026-07-28 23:54:53.661 | INFO     | monitor:scan:273 - Reached Old Files
2026-07-28 23:54:53.663 | INFO     | monitor:scan:303 - No New Serial
2026-07-28 23:54:53.663 | INFO     | monitor:scan:325 - Nothing Changed
2026-07-28 23:54:53.664 | SUCCESS  | monitor:scan:331 - Scan Finished
2026-07-28 23:54:53.666 | INFO     | monitor:start:67 - Sleep 60 Seconds
2026-07-28 23:55:53.667 | INFO     | auth.login:ensure_login:354 - Checking Login...
2026-07-28 23:55:53.684 | SUCCESS  | auth.login:load_saved_token:192 - Saved Token Loaded
2026-07-28 23:55:53.685 | SUCCESS  | auth.login:ensure_login:362 - Using Saved Token
2026-07-28 23:55:53.685 | INFO     | monitor:scan:111 - Scanning Website...
2026-07-28 23:55:53.686 | INFO     | monitor:scan:125 - Loading Page 1
2026-07-28 23:55:53.686 | INFO     | api:get_files:60 - Loading Page 1
2026-07-28 23:55:56.179 | INFO     | api:get_file:84 - Loading File 126d5180-1adb-5053-88b0-c1571f3c5943
2026-07-28 23:55:56.449 | INFO     | monitor:scan:273 - Reached Old Files
2026-07-28 23:55:56.450 | INFO     | monitor:scan:303 - No New Serial
2026-07-28 23:55:56.452 | INFO     | monitor:scan:325 - Nothing Changed
2026-07-28 23:55:56.453 | SUCCESS  | monitor:scan:331 - Scan Finished
2026-07-28 23:55:56.454 | INFO     | monitor:start:67 - Sleep 60 Seconds
2026-07-28 23:56:56.455 | INFO     | auth.login:ensure_login:354 - Checking Login...
2026-07-28 23:56:56.456 | SUCCESS  | auth.login:load_saved_token:192 - Saved Token Loaded
2026-07-28 23:56:56.456 | SUCCESS  | auth.login:ensure_login:362 - Using Saved Token
2026-07-28 23:56:56.456 | INFO     | monitor:scan:111 - Scanning Website...
2026-07-28 23:56:56.457 | INFO     | monitor:scan:125 - Loading Page 1
2026-07-28 23:56:56.457 | INFO     | api:get_files:60 - Loading Page 1
2026-07-28 23:56:58.066 | INFO     | api:get_file:84 - Loading File 126d5180-1adb-5053-88b0-c1571f3c5943
2026-07-28 23:56:58.521 | INFO     | monitor:scan:273 - Reached Old Files
2026-07-28 23:56:58.522 | INFO     | monitor:scan:303 - No New Serial
2026-07-28 23:56:58.523 | INFO     | monitor:scan:325 - Nothing Changed
2026-07-28 23:56:58.523 | SUCCESS  | monitor:scan:331 - Scan Finished
2026-07-28 23:56:58.523 | INFO     | monitor:start:67 - Sleep 60 Seconds
2026-07-28 23:57:58.524 | INFO     | auth.login:ensure_login:354 - Checking Login...
2026-07-28 23:57:58.529 | SUCCESS  | auth.login:load_saved_token:192 - Saved Token Loaded
2026-07-28 23:57:58.531 | SUCCESS  | auth.login:ensure_login:362 - Using Saved Token
2026-07-28 23:57:58.532 | INFO     | monitor:scan:111 - Scanning Website...
2026-07-28 23:57:58.535 | INFO     | monitor:scan:125 - Loading Page 1
2026-07-28 23:57:58.535 | INFO     | api:get_files:60 - Loading Page 1
2026-07-28 23:58:00.386 | INFO     | api:get_file:84 - Loading File 126d5180-1adb-5053-88b0-c1571f3c5943
2026-07-28 23:58:00.620 | INFO     | monitor:scan:273 - Reached Old Files
2026-07-28 23:58:00.620 | INFO     | monitor:scan:303 - No New Serial
2026-07-28 23:58:00.620 | INFO     | monitor:scan:325 - Nothing Changed
2026-07-28 23:58:00.621 | SUCCESS  | monitor:scan:331 - Scan Finished
2026-07-28 23:58:00.621 | INFO     | monitor:start:67 - Sleep 60 Seconds
2026-07-28 23:59:00.621 | INFO     | auth.login:ensure_login:354 - Checking Login...
2026-07-28 23:59:00.624 | SUCCESS  | auth.login:load_saved_token:192 - Saved Token Loaded
2026-07-28 23:59:00.626 | SUCCESS  | auth.login:ensure_login:362 - Using Saved Token
2026-07-28 23:59:00.627 | INFO     | monitor:scan:111 - Scanning Website...
2026-07-28 23:59:00.628 | INFO     | monitor:scan:125 - Loading Page 1
2026-07-28 23:59:00.628 | INFO     | api:get_files:60 - Loading Page 1
2026-07-28 23:59:02.047 | INFO     | api:get_file:84 - Loading File 126d5180-1adb-5053-88b0-c1571f3c5943
2026-07-28 23:59:02.297 | INFO     | monitor:scan:273 - Reached Old Files
2026-07-28 23:59:02.297 | INFO     | monitor:scan:303 - No New Serial
2026-07-28 23:59:02.298 | INFO     | monitor:scan:325 - Nothing Changed
2026-07-28 23:59:02.298 | SUCCESS  | monitor:scan:331 - Scan Finished
2026-07-28 23:59:02.299 | INFO     | monitor:start:67 - Sleep 60 Seconds
